{"type":"FeatureCollection","features":[{"type":"Feature","geometry":{"type":"Point","coordinates":[-95.024599,29.3422456]},"properties":{"year":1965,"period":"1965","kind":"FHA"}},{"type":"Feature","geometry":{"type":"Point","coordinates":[-94.81426460000002,29.2796835]},"properties":{"year":1940,"period":"1935-40","kind":"FHA"}},{"type":"Feature","geometry":{"type":"Point","coordinates":[-94.9709944,29.36543]},"properties":{"year":1975,"period":"1975","kind":"VA"}},{"type":"Feature","geometry":{"type":"Point","coordinates":[-94.9695474,29.3665287]},"properties":{"year":1950,"period":"1950","kind":"VA"}},{"type":"Feature","geometry":{"type":"Point","coordinates":[-94.9695475,29.3660059]},"properties":{"year":1950,"period":"1950","kind":"FHA"}},{"type":"Feature","geometry":{"type":"Point","coordinates":[-94.8174123,29.2883432]},"properties":{"year":1965,"period":"1965","kind":"FHA"}},{"type":"Feature","geometry":{"type":"Point","coordinates":[-94.9952301,29.3637759]},"properties":{"year":1975,"period":"1975","kind":"VA"}},{"type":"Feature","geometry":{"type":"Point","coordinates":[-95.054765,29.4665264]},"properties":{"year":1950,"period":"1950","kind":"VA"}},{"type":"Feature","geometry":{"type":"Point","coordinates":[-95.064273,29.4628611]},"properties":{"year":1950,"period":"1950","kind":"VA"}},{"type":"Feature","geometry":{"type":"Point","coordinates":[-95.0740211,29.4565727]},"properties":{"year":1950,"period":"1950","kind":"VA"}},{"type":"Feature","geometry":{"type":"Point","coordinates":[-94.9609793,29.3728833]},"properties":{"year":1975,"period":"1975","kind":"VA"}},{"type":"Feature","geometry":{"type":"Point","coordinates":[-94.9615576,29.373533]},"properties":{"year":1975,"period":"1975","kind":"VA"}},{"type":"Feature","geometry":{"type":"Point","coordinates":[-95.1776819,29.3925115]},"properties":{"year":1970,"period":"1970","kind":"VA"}},{"type":"Feature","geometry":{"type":"Point","coordinates":[-95.0855942,29.3694759]},"properties":{"year":1975,"period":"1975","kind":"VA"}},{"type":"Feature","geometry":{"type":"Point","coordinates":[-95.0833197,29.36718759999999]},"properties":{"year":1970,"period":"1970","kind":"VA"}},{"type":"Feature","geometry":{"type":"Point","coordinates":[-95.0833197,29.36718759999999]},"properties":{"year":1950,"period":"1950","kind":"VA"}},{"type":"Feature","geometry":{"type":"Point","coordinates":[-95.0833197,29.36718759999999]},"properties":{"year":1975,"period":"1975","kind":"FHA"}},{"type":"Feature","geometry":{"type":"Point","coordinates":[-95.0833197,29.36718759999999]},"properties":{"year":1975,"period":"1975","kind":"VA"}},{"type":"Feature","geometry":{"type":"Point","coordinates":[-95.0833197,29.36718759999999]},"properties":{"year":1975,"period":"1975","kind":"VA"}},{"type":"Feature","geometry":{"type":"Point","coordinates":[-95.0833197,29.36718759999999]},"properties":{"year":1950,"period":"1950","kind":"VA"}},{"type":"Feature","geometry":{"type":"Point","coordinates":[-95.0833197,29.36718759999999]},"properties":{"year":1975,"period":"1975","kind":"VA"}},{"type":"Feature","geometry":{"type":"Point","coordinates":[-95.0833197,29.36718759999999]},"properties":{"year":1975,"period":"1975","kind":"VA"}},{"type":"Feature","geometry":{"type":"Point","coordinates":[-95.0833197,29.36718759999999]},"properties":{"year":1975,"period":"1975","kind":"VA"}},{"type":"Feature","geometry":{"type":"Point","coordinates":[-95.0833197,29.36718759999999]},"properties":{"year":1970,"period":"1970","kind":"FHA"}},{"type":"Feature","geometry":{"type":"Point","coordinates":[-95.1064936,29.3786481]},"properties":{"year":1975,"period":"1975","kind":"VA"}},{"type":"Feature","geometry":{"type":"Point","coordinates":[-95.0026933,29.3917141]},"properties":{"year":1965,"period":"1965","kind":"FHA"}},{"type":"Feature","geometry":{"type":"Point","coordinates":[-95.001461,29.38405759999999]},"properties":{"year":1975,"period":"1975","kind":"FHA"}},{"type":"Feature","geometry":{"type":"Point","coordinates":[-95.0030638,29.3691648]},"properties":{"year":1975,"period":"1975","kind":"VA"}},{"type":"Feature","geometry":{"type":"Point","coordinates":[-94.7844226,29.3008244]},"properties":{"year":1975,"period":"1975","kind":"VA"}},{"type":"Feature","geometry":{"type":"Point","coordinates":[-95.1366548,29.3917235]},"properties":{"year":1970,"period":"1970","kind":"VA"}},{"type":"Feature","geometry":{"type":"Point","coordinates":[-95.1366548,29.3917235]},"properties":{"year":1970,"period":"1970","kind":"VA"}},{"type":"Feature","geometry":{"type":"Point","coordinates":[-95.214865,29.5274363]},"properties":{"year":1970,"period":"1970","kind":"VA"}},{"type":"Feature","geometry":{"type":"Point","coordinates":[-95.2144676,29.5270886]},"properties":{"year":1970,"period":"1970","kind":"VA"}},{"type":"Feature","geometry":{"type":"Point","coordinates":[-95.217641,29.5339703]},"properties":{"year":1975,"period":"1975","kind":"VA"}},{"type":"Feature","geometry":{"type":"Point","coordinates":[-95.2173079,29.5341182]},"properties":{"year":1975,"period":"1975","kind":"FHA"}},{"type":"Feature","geometry":{"type":"Point","coordinates":[-95.2182334,29.5297513]},"properties":{"year":1970,"period":"1970","kind":"VA"}},{"type":"Feature","geometry":{"type":"Point","coordinates":[-95.2181054,29.5298686]},"properties":{"year":1970,"period":"1970","kind":"VA"}},{"type":"Feature","geometry":{"type":"Point","coordinates":[-95.2178364,29.5301177]},"properties":{"year":1970,"period":"1970","kind":"VA"}},{"type":"Feature","geometry":{"type":"Point","coordinates":[-95.2184141,29.5300756]},"properties":{"year":1970,"period":"1970","kind":"VA"}},{"type":"Feature","geometry":{"type":"Point","coordinates":[-95.2202211,29.5318502]},"properties":{"year":1975,"period":"1975","kind":"VA"}},{"type":"Feature","geometry":{"type":"Point","coordinates":[-95.2183697,29.5296355]},"properties":{"year":1970,"period":"1970","kind":"VA"}},{"type":"Feature","geometry":{"type":"Point","coordinates":[-95.2154385,29.5278692]},"properties":{"year":1970,"period":"1970","kind":"VA"}},{"type":"Feature","geometry":{"type":"Point","coordinates":[-95.215295,29.5277601]},"properties":{"year":1970,"period":"1970","kind":"VA"}},{"type":"Feature","geometry":{"type":"Point","coordinates":[-95.2150254,29.5275391]},"properties":{"year":1970,"period":"1970","kind":"VA"}},{"type":"Feature","geometry":{"type":"Point","coordinates":[-95.21753,29.5290745]},"properties":{"year":1970,"period":"1970","kind":"VA"}},{"type":"Feature","geometry":{"type":"Point","coordinates":[-95.2157594,29.5276007]},"properties":{"year":1970,"period":"1970","kind":"VA"}},{"type":"Feature","geometry":{"type":"Point","coordinates":[-95.2156322,29.5274784]},"properties":{"year":1970,"period":"1970","kind":"VA"}},{"type":"Feature","geometry":{"type":"Point","coordinates":[-95.2154959,29.5273707]},"properties":{"year":1970,"period":"1970","kind":"VA"}},{"type":"Feature","geometry":{"type":"Point","coordinates":[-95.2193162,29.5393367]},"properties":{"year":1970,"period":"1970","kind":"VA"}},{"type":"Feature","geometry":{"type":"Point","coordinates":[-95.2185932,29.5392234]},"properties":{"year":1970,"period":"1970","kind":"FHA"}},{"type":"Feature","geometry":{"type":"Point","coordinates":[-95.2193476,29.5369483]},"properties":{"year":1975,"period":"1975","kind":"VA"}},{"type":"Feature","geometry":{"type":"Point","coordinates":[-95.2901137,29.5430065]},"properties":{"year":1970,"period":"1970","kind":"VA"}},{"type":"Feature","geometry":{"type":"Point","coordinates":[-95.2144239,29.5322927]},"properties":{"year":1975,"period":"1975","kind":"VA"}},{"type":"Feature","geometry":{"type":"Point","coordinates":[-95.2199732,29.53331129999999]},"properties":{"year":1975,"period":"1975","kind":"VA"}},{"type":"Feature","geometry":{"type":"Point","coordinates":[-95.2204685,29.5327113]},"properties":{"year":1975,"period":"1975","kind":"FHA"}},{"type":"Feature","geometry":{"type":"Point","coordinates":[-95.2149439,29.5269097]},"properties":{"year":1975,"period":"1975","kind":"VA"}},{"type":"Feature","geometry":{"type":"Point","coordinates":[-95.2194331,29.535684]},"properties":{"year":1975,"period":"1975","kind":"VA"}},{"type":"Feature","geometry":{"type":"Point","coordinates":[-95.2186113,29.5387902]},"properties":{"year":1970,"period":"1970","kind":"VA"}},{"type":"Feature","geometry":{"type":"Point","coordinates":[-95.2192956,29.5364891]},"properties":{"year":1975,"period":"1975","kind":"VA"}},{"type":"Feature","geometry":{"type":"Point","coordinates":[-95.2198654,29.5358804]},"properties":{"year":1975,"period":"1975","kind":"VA"}},{"type":"Feature","geometry":{"type":"Point","coordinates":[-95.2186989,29.5330378]},"properties":{"year":1975,"period":"1975","kind":"VA"}},{"type":"Feature","geometry":{"type":"Point","coordinates":[-95.2198369,29.5317333]},"properties":{"year":1975,"period":"1975","kind":"VA"}},{"type":"Feature","geometry":{"type":"Point","coordinates":[-95.2160832,29.5384881]},"properties":{"year":1975,"period":"1975","kind":"VA"}},{"type":"Feature","geometry":{"type":"Point","coordinates":[-95.214317,29.53400659999999]},"properties":{"year":1975,"period":"1975","kind":"VA"}},{"type":"Feature","geometry":{"type":"Point","coordinates":[-95.217383,29.5332115]},"properties":{"year":1975,"period":"1975","kind":"VA"}},{"type":"Feature","geometry":{"type":"Point","coordinates":[-95.2157142,29.5371809]},"properties":{"year":1975,"period":"1975","kind":"VA"}},{"type":"Feature","geometry":{"type":"Point","coordinates":[-95.2169925,29.5346822]},"properties":{"year":1975,"period":"1975","kind":"VA"}},{"type":"Feature","geometry":{"type":"Point","coordinates":[-95.2153983,29.5368136]},"properties":{"year":1975,"period":"1975","kind":"VA"}},{"type":"Feature","geometry":{"type":"Point","coordinates":[-95.2172096,29.5306776]},"properties":{"year":1970,"period":"1970","kind":"VA"}},{"type":"Feature","geometry":{"type":"Point","coordinates":[-95.2186445,29.5313265]},"properties":{"year":1975,"period":"1975","kind":"VA"}},{"type":"Feature","geometry":{"type":"Point","coordinates":[-95.2187931,29.53144739999999]},"properties":{"year":1970,"period":"1970","kind":"VA"}},{"type":"Feature","geometry":{"type":"Point","coordinates":[-95.2179788,29.5299932]},"properties":{"year":1970,"period":"1970","kind":"VA"}},{"type":"Feature","geometry":{"type":"Point","coordinates":[-95.2200016,29.5318307]},"properties":{"year":1970,"period":"1970","kind":"VA"}},{"type":"Feature","geometry":{"type":"Point","coordinates":[-95.2200016,29.5318307]},"properties":{"year":1970,"period":"1970","kind":"VA"}},{"type":"Feature","geometry":{"type":"Point","coordinates":[-95.2175194,29.5296059]},"properties":{"year":1970,"period":"1970","kind":"FHA"}},{"type":"Feature","geometry":{"type":"Point","coordinates":[-95.2170793,29.5292679]},"properties":{"year":1970,"period":"1970","kind":"VA"}},{"type":"Feature","geometry":{"type":"Point","coordinates":[-95.2159461,29.5282998]},"properties":{"year":1970,"period":"1970","kind":"VA"}},{"type":"Feature","geometry":{"type":"Point","coordinates":[-95.2155566,29.5280059]},"properties":{"year":1970,"period":"1970","kind":"VA"}},{"type":"Feature","geometry":{"type":"Point","coordinates":[-95.2151649,29.5276342]},"properties":{"year":1970,"period":"1970","kind":"VA"}},{"type":"Feature","geometry":{"type":"Point","coordinates":[-95.2169537,29.5291239]},"properties":{"year":1970,"period":"1970","kind":"FHA"}},{"type":"Feature","geometry":{"type":"Point","coordinates":[-95.2147335,29.5273309]},"properties":{"year":1970,"period":"1970","kind":"VA"}},{"type":"Feature","geometry":{"type":"Point","coordinates":[-95.2146177,29.5271936]},"properties":{"year":1970,"period":"1970","kind":"VA"}},{"type":"Feature","geometry":{"type":"Point","coordinates":[-95.2161207,29.5278691]},"properties":{"year":1970,"period":"1970","kind":"VA"}},{"type":"Feature","geometry":{"type":"Point","coordinates":[-95.2190539,29.5392824]},"properties":{"year":1970,"period":"1970","kind":"VA"}},{"type":"Feature","geometry":{"type":"Point","coordinates":[-95.2189076,29.53209769999999]},"properties":{"year":1975,"period":"1975","kind":"VA"}},{"type":"Feature","geometry":{"type":"Point","coordinates":[-95.2200821,29.5322912]},"properties":{"year":1975,"period":"1975","kind":"FHA"}},{"type":"Feature","geometry":{"type":"Point","coordinates":[-95.219168,29.5376979]},"properties":{"year":1975,"period":"1975","kind":"FHA"}},{"type":"Feature","geometry":{"type":"Point","coordinates":[-95.2128724,29.5362291]},"properties":{"year":1975,"period":"1975","kind":"FHA"}},{"type":"Feature","geometry":{"type":"Point","coordinates":[-95.2119729,29.53587169999999]},"properties":{"year":1965,"period":"1965","kind":"FHA"}},{"type":"Feature","geometry":{"type":"Point","coordinates":[-95.2119368,29.5340427]},"properties":{"year":1965,"period":"1965","kind":"FHA"}},{"type":"Feature","geometry":{"type":"Point","coordinates":[-95.2126606,29.5354932]},"properties":{"year":1965,"period":"1965","kind":"FHA"}},{"type":"Feature","geometry":{"type":"Point","coordinates":[-95.2138258,29.5353012]},"properties":{"year":1965,"period":"1965","kind":"FHA"}},{"type":"Feature","geometry":{"type":"Point","coordinates":[-95.213509,29.5349795]},"properties":{"year":1965,"period":"1965","kind":"VA"}},{"type":"Feature","geometry":{"type":"Point","coordinates":[-95.2111405,29.535257]},"properties":{"year":1965,"period":"1965","kind":"VA"}},{"type":"Feature","geometry":{"type":"Point","coordinates":[-95.212579,29.5330567]},"properties":{"year":1965,"period":"1965","kind":"FHA"}},{"type":"Feature","geometry":{"type":"Point","coordinates":[-95.2122601,29.5364577]},"properties":{"year":1965,"period":"1965","kind":"FHA"}},{"type":"Feature","geometry":{"type":"Point","coordinates":[-95.2132099,29.5354566]},"properties":{"year":1965,"period":"1965","kind":"VA"}},{"type":"Feature","geometry":{"type":"Point","coordinates":[-95.2172096,29.5306776]},"properties":{"year":1970,"period":"1970","kind":"VA"}},{"type":"Feature","geometry":{"type":"Point","coordinates":[-95.1211193,29.38076849999999]},"properties":{"year":1970,"period":"1970","kind":"VA"}},{"type":"Feature","geometry":{"type":"Point","coordinates":[-95.1185748,29.3836776]},"properties":{"year":1950,"period":"1950","kind":"VA"}},{"type":"Feature","geometry":{"type":"Point","coordinates":[-94.9563676,29.3724241]},"properties":{"year":1970,"period":"1970","kind":"VA"}},{"type":"Feature","geometry":{"type":"Point","coordinates":[-94.9564367,29.373109]},"properties":{"year":1975,"period":"1975","kind":"VA"}},{"type":"Feature","geometry":{"type":"Point","coordinates":[-94.9564505,29.3735205]},"properties":{"year":1975,"period":"1975","kind":"VA"}},{"type":"Feature","geometry":{"type":"Point","coordinates":[-94.9572904,29.3738145]},"properties":{"year":1960,"period":"1960","kind":"FHA"}},{"type":"Feature","geometry":{"type":"Point","coordinates":[-94.9563922,29.3735045]},"properties":{"year":1960,"period":"1960","kind":"FHA"}},{"type":"Feature","geometry":{"type":"Point","coordinates":[-94.9594101,29.3742043]},"properties":{"year":1975,"period":"1975","kind":"FHA"}},{"type":"Feature","geometry":{"type":"Point","coordinates":[-94.9599285,29.3742317]},"properties":{"year":1975,"period":"1975","kind":"FHA"}},{"type":"Feature","geometry":{"type":"Point","coordinates":[-94.9617043,29.3743058]},"properties":{"year":1975,"period":"1975","kind":"VA"}},{"type":"Feature","geometry":{"type":"Point","coordinates":[-94.9605239,29.3742046]},"properties":{"year":1960,"period":"1960","kind":"FHA"}},{"type":"Feature","geometry":{"type":"Point","coordinates":[-94.9578273,29.3742318]},"properties":{"year":1960,"period":"1960","kind":"FHA"}},{"type":"Feature","geometry":{"type":"Point","coordinates":[-94.9889515,29.496758]},"properties":{"year":1975,"period":"1975","kind":"VA"}},{"type":"Feature","geometry":{"type":"Point","coordinates":[-94.9884821,29.498359]},"properties":{"year":1970,"period":"1970","kind":"VA"}},{"type":"Feature","geometry":{"type":"Point","coordinates":[-94.9881067,29.4986183]},"properties":{"year":1970,"period":"1970","kind":"VA"}},{"type":"Feature","geometry":{"type":"Point","coordinates":[-94.9885999,29.4956603]},"properties":{"year":1975,"period":"1975","kind":"VA"}},{"type":"Feature","geometry":{"type":"Point","coordinates":[-94.988482,29.4957765]},"properties":{"year":1975,"period":"1975","kind":"VA"}},{"type":"Feature","geometry":{"type":"Point","coordinates":[-94.9883507,29.4958568]},"properties":{"year":1975,"period":"1975","kind":"VA"}},{"type":"Feature","geometry":{"type":"Point","coordinates":[-94.9880936,29.4960205]},"properties":{"year":1975,"period":"1975","kind":"VA"}},{"type":"Feature","geometry":{"type":"Point","coordinates":[-94.9883864,29.4967997]},"properties":{"year":1975,"period":"1975","kind":"FHA"}},{"type":"Feature","geometry":{"type":"Point","coordinates":[-94.9886878,29.49711469999999]},"properties":{"year":1975,"period":"1975","kind":"VA"}},{"type":"Feature","geometry":{"type":"Point","coordinates":[-94.9886878,29.49711469999999]},"properties":{"year":1975,"period":"1975","kind":"VA"}},{"type":"Feature","geometry":{"type":"Point","coordinates":[-94.9869882,29.4968118]},"properties":{"year":1970,"period":"1970","kind":"VA"}},{"type":"Feature","geometry":{"type":"Point","coordinates":[-94.9868752,29.4968798]},"properties":{"year":1970,"period":"1970","kind":"VA"}},{"type":"Feature","geometry":{"type":"Point","coordinates":[-94.9867413,29.4970032]},"properties":{"year":1975,"period":"1975","kind":"VA"}},{"type":"Feature","geometry":{"type":"Point","coordinates":[-94.9867413,29.4970032]},"properties":{"year":1975,"period":"1975","kind":"VA"}},{"type":"Feature","geometry":{"type":"Point","coordinates":[-94.9867413,29.4970032]},"properties":{"year":1970,"period":"1970","kind":"VA"}},{"type":"Feature","geometry":{"type":"Point","coordinates":[-94.9867747,29.4971974]},"properties":{"year":1970,"period":"1970","kind":"VA"}},{"type":"Feature","geometry":{"type":"Point","coordinates":[-94.9868664,29.4973136]},"properties":{"year":1970,"period":"1970","kind":"FHA"}},{"type":"Feature","geometry":{"type":"Point","coordinates":[-94.9869882,29.4974025]},"properties":{"year":1970,"period":"1970","kind":"FHA"}},{"type":"Feature","geometry":{"type":"Point","coordinates":[-94.9871585,29.497633]},"properties":{"year":1970,"period":"1970","kind":"FHA"}},{"type":"Feature","geometry":{"type":"Point","coordinates":[-94.9872618,29.4977385]},"properties":{"year":1970,"period":"1970","kind":"VA"}},{"type":"Feature","geometry":{"type":"Point","coordinates":[-94.987552,29.4980589]},"properties":{"year":1970,"period":"1970","kind":"VA"}},{"type":"Feature","geometry":{"type":"Point","coordinates":[-94.9876413,29.4981624]},"properties":{"year":1975,"period":"1975","kind":"VA"}},{"type":"Feature","geometry":{"type":"Point","coordinates":[-94.9876413,29.4981624]},"properties":{"year":1975,"period":"1975","kind":"VA"}},{"type":"Feature","geometry":{"type":"Point","coordinates":[-94.9876413,29.4981624]},"properties":{"year":1970,"period":"1970","kind":"VA"}},{"type":"Feature","geometry":{"type":"Point","coordinates":[-94.9877342,29.4982885]},"properties":{"year":1970,"period":"1970","kind":"FHA"}},{"type":"Feature","geometry":{"type":"Point","coordinates":[-94.987834,29.4983854]},"properties":{"year":1970,"period":"1970","kind":"FHA"}},{"type":"Feature","geometry":{"type":"Point","coordinates":[-94.987834,29.4983854]},"properties":{"year":1975,"period":"1975","kind":"VA"}},{"type":"Feature","geometry":{"type":"Point","coordinates":[-94.989506,29.4968985]},"properties":{"year":1970,"period":"1970","kind":"FHA"}},{"type":"Feature","geometry":{"type":"Point","coordinates":[-94.9894087,29.4967962]},"properties":{"year":1970,"period":"1970","kind":"FHA"}},{"type":"Feature","geometry":{"type":"Point","coordinates":[-94.9893072,29.4966925]},"properties":{"year":1970,"period":"1970","kind":"FHA"}},{"type":"Feature","geometry":{"type":"Point","coordinates":[-94.9893072,29.4966925]},"properties":{"year":1975,"period":"1975","kind":"FHA"}},{"type":"Feature","geometry":{"type":"Point","coordinates":[-94.98909650000002,29.4964885]},"properties":{"year":1975,"period":"1975","kind":"FHA"}},{"type":"Feature","geometry":{"type":"Point","coordinates":[-94.9887054,29.4960522]},"properties":{"year":1975,"period":"1975","kind":"FHA"}},{"type":"Feature","geometry":{"type":"Point","coordinates":[-94.9891435,29.4969831]},"properties":{"year":1975,"period":"1975","kind":"VA"}},{"type":"Feature","geometry":{"type":"Point","coordinates":[-94.9884546,29.4979598]},"properties":{"year":1970,"period":"1970","kind":"VA"}},{"type":"Feature","geometry":{"type":"Point","coordinates":[-94.9872353,29.4970617]},"properties":{"year":1975,"period":"1975","kind":"FHA"}},{"type":"Feature","geometry":{"type":"Point","coordinates":[-94.9876896,29.4976141]},"properties":{"year":1975,"period":"1975","kind":"VA"}},{"type":"Feature","geometry":{"type":"Point","coordinates":[-94.9876896,29.4976141]},"properties":{"year":1975,"period":"1975","kind":"VA"}},{"type":"Feature","geometry":{"type":"Point","coordinates":[-94.987815,29.4977111]},"properties":{"year":1970,"period":"1970","kind":"FHA"}},{"type":"Feature","geometry":{"type":"Point","coordinates":[-94.9878924,29.4978341]},"properties":{"year":1970,"period":"1970","kind":"FHA"}},{"type":"Feature","geometry":{"type":"Point","coordinates":[-94.9880781,29.49804529999999]},"properties":{"year":1970,"period":"1970","kind":"VA"}},{"type":"Feature","geometry":{"type":"Point","coordinates":[-94.9881723,29.4981471]},"properties":{"year":1975,"period":"1975","kind":"FHA"}},{"type":"Feature","geometry":{"type":"Point","coordinates":[-94.9881723,29.4981471]},"properties":{"year":1970,"period":"1970","kind":"VA"}},{"type":"Feature","geometry":{"type":"Point","coordinates":[-94.989199,29.4965885]},"properties":{"year":1975,"period":"1975","kind":"VA"}},{"type":"Feature","geometry":{"type":"Point","coordinates":[-95.0471018,29.459021]},"properties":{"year":1970,"period":"1970","kind":"VA"}},{"type":"Feature","geometry":{"type":"Point","coordinates":[-94.9909635,29.360372]},"properties":{"year":1975,"period":"1975","kind":"VA"}},{"type":"Feature","geometry":{"type":"Point","coordinates":[-94.8783104,29.2663794]},"properties":{"year":1975,"period":"1975","kind":"VA"}},{"type":"Feature","geometry":{"type":"Point","coordinates":[-95.0325697,29.5103458]},"properties":{"year":1975,"period":"1975","kind":"VA"}},{"type":"Feature","geometry":{"type":"Point","coordinates":[-95.0321254,29.5101321]},"properties":{"year":1975,"period":"1975","kind":"VA"}},{"type":"Feature","geometry":{"type":"Point","coordinates":[-95.032435,29.5104653]},"properties":{"year":1975,"period":"1975","kind":"VA"}},{"type":"Feature","geometry":{"type":"Point","coordinates":[-95.0299717,29.5109791]},"properties":{"year":1975,"period":"1975","kind":"FHA"}},{"type":"Feature","geometry":{"type":"Point","coordinates":[-95.0303564,29.5103878]},"properties":{"year":1975,"period":"1975","kind":"VA"}},{"type":"Feature","geometry":{"type":"Point","coordinates":[-95.0757615,29.5279824]},"properties":{"year":1960,"period":"1960","kind":"FHA"}},{"type":"Feature","geometry":{"type":"Point","coordinates":[-95.0753063,29.5280813]},"properties":{"year":1970,"period":"1970","kind":"FHA"}},{"type":"Feature","geometry":{"type":"Point","coordinates":[-95.0784102,29.5258099]},"properties":{"year":1965,"period":"1965","kind":"FHA"}},{"type":"Feature","geometry":{"type":"Point","coordinates":[-95.0751702,29.525516]},"properties":{"year":1970,"period":"1970","kind":"FHA"}},{"type":"Feature","geometry":{"type":"Point","coordinates":[-95.0785721,29.5263255]},"properties":{"year":1975,"period":"1975","kind":"VA"}},{"type":"Feature","geometry":{"type":"Point","coordinates":[-95.0779655,29.5257355]},"properties":{"year":1965,"period":"1965","kind":"VA"}},{"type":"Feature","geometry":{"type":"Point","coordinates":[-95.0783013,29.5254017]},"properties":{"year":1965,"period":"1965","kind":"VA"}},{"type":"Feature","geometry":{"type":"Point","coordinates":[-95.0783391,29.5255869]},"properties":{"year":1965,"period":"1965","kind":"VA"}},{"type":"Feature","geometry":{"type":"Point","coordinates":[-95.0748986,29.5281827]},"properties":{"year":1965,"period":"1965","kind":"FHA"}},{"type":"Feature","geometry":{"type":"Point","coordinates":[-95.0750972,29.52813519999999]},"properties":{"year":1960,"period":"1960","kind":"FHA"}},{"type":"Feature","geometry":{"type":"Point","coordinates":[-95.0759743,29.5279474]},"properties":{"year":1960,"period":"1960","kind":"FHA"}},{"type":"Feature","geometry":{"type":"Point","coordinates":[-95.076408,29.5278577]},"properties":{"year":1960,"period":"1960","kind":"FHA"}},{"type":"Feature","geometry":{"type":"Point","coordinates":[-95.0752646,29.5273571]},"properties":{"year":1960,"period":"1960","kind":"VA"}},{"type":"Feature","geometry":{"type":"Point","coordinates":[-95.0767335,29.5251645]},"properties":{"year":1965,"period":"1965","kind":"VA"}},{"type":"Feature","geometry":{"type":"Point","coordinates":[-95.075685,29.5264488]},"properties":{"year":1965,"period":"1965","kind":"FHA"}},{"type":"Feature","geometry":{"type":"Point","coordinates":[-95.075591,29.5267382]},"properties":{"year":1965,"period":"1965","kind":"VA"}},{"type":"Feature","geometry":{"type":"Point","coordinates":[-95.0759784,29.5271101]},"properties":{"year":1965,"period":"1965","kind":"VA"}},{"type":"Feature","geometry":{"type":"Point","coordinates":[-95.0779999,29.5259239]},"properties":{"year":1965,"period":"1965","kind":"VA"}},{"type":"Feature","geometry":{"type":"Point","coordinates":[-95.0784699,29.5259671]},"properties":{"year":1965,"period":"1965","kind":"VA"}},{"type":"Feature","geometry":{"type":"Point","coordinates":[-95.0697236,29.4449441]},"properties":{"year":1970,"period":"1970","kind":"FHA"}},{"type":"Feature","geometry":{"type":"Point","coordinates":[-95.0717869,29.4472722]},"properties":{"year":1975,"period":"1975","kind":"VA"}},{"type":"Feature","geometry":{"type":"Point","coordinates":[-95.0715001,29.44627149999999]},"properties":{"year":1975,"period":"1975","kind":"FHA"}},{"type":"Feature","geometry":{"type":"Point","coordinates":[-95.0636137,29.4622568]},"properties":{"year":1950,"period":"1950","kind":"VA"}},{"type":"Feature","geometry":{"type":"Point","coordinates":[-95.0634269,29.4620614]},"properties":{"year":1950,"period":"1950","kind":"VA"}},{"type":"Feature","geometry":{"type":"Point","coordinates":[-94.8383544,29.2793591]},"properties":{"year":1970,"period":"1970","kind":"VA"}},{"type":"Feature","geometry":{"type":"Point","coordinates":[-95.0699337,29.45331449999999]},"properties":{"year":1975,"period":"1975","kind":"VA"}},{"type":"Feature","geometry":{"type":"Point","coordinates":[-95.0157148,29.3503753]},"properties":{"year":1970,"period":"1970","kind":"VA"}},{"type":"Feature","geometry":{"type":"Point","coordinates":[-95.0159635,29.3509931]},"properties":{"year":1975,"period":"1975","kind":"VA"}},{"type":"Feature","geometry":{"type":"Point","coordinates":[-94.9742909,29.3658851]},"properties":{"year":1970,"period":"1970","kind":"FHA"}},{"type":"Feature","geometry":{"type":"Point","coordinates":[-94.9744486,29.3663544]},"properties":{"year":1970,"period":"1970","kind":"FHA"}},{"type":"Feature","geometry":{"type":"Point","coordinates":[-95.0423758,29.4614035]},"properties":{"year":1950,"period":"1950","kind":"VA"}},{"type":"Feature","geometry":{"type":"Point","coordinates":[-95.0423779,29.4610017]},"properties":{"year":1950,"period":"1950","kind":"VA"}},{"type":"Feature","geometry":{"type":"Point","coordinates":[-95.0423779,29.4610017]},"properties":{"year":1965,"period":"1965","kind":"FHA"}},{"type":"Feature","geometry":{"type":"Point","coordinates":[-95.0122531,29.3496059]},"properties":{"year":1965,"period":"1965","kind":"VA"}},{"type":"Feature","geometry":{"type":"Point","coordinates":[-95.0120905,29.3489785]},"properties":{"year":1950,"period":"1950","kind":"VA"}},{"type":"Feature","geometry":{"type":"Point","coordinates":[-94.9737488,29.3658765]},"properties":{"year":1950,"period":"1950","kind":"VA"}},{"type":"Feature","geometry":{"type":"Point","coordinates":[-94.9737732,29.3663702]},"properties":{"year":1960,"period":"1960","kind":"FHA"}},{"type":"Feature","geometry":{"type":"Point","coordinates":[-94.945031,29.327208]},"properties":{"year":1960,"period":"1960","kind":"FHA"}},{"type":"Feature","geometry":{"type":"Point","coordinates":[-94.945031,29.327208]},"properties":{"year":1960,"period":"1960","kind":"FHA"}},{"type":"Feature","geometry":{"type":"Point","coordinates":[-94.5018164,29.5068696]},"properties":{"year":1975,"period":"1975","kind":"VA"}},{"type":"Feature","geometry":{"type":"Point","coordinates":[-95.0071606,29.530141]},"properties":{"year":1975,"period":"1975","kind":"VA"}},{"type":"Feature","geometry":{"type":"Point","coordinates":[-95.007183,29.530441]},"properties":{"year":1975,"period":"1975","kind":"VA"}},{"type":"Feature","geometry":{"type":"Point","coordinates":[-94.9549253,29.371717]},"properties":{"year":1970,"period":"1970","kind":"FHA"}},{"type":"Feature","geometry":{"type":"Point","coordinates":[-94.9547658,29.3717865]},"properties":{"year":1975,"period":"1975","kind":"VA"}},{"type":"Feature","geometry":{"type":"Point","coordinates":[-94.95534630000002,29.371963]},"properties":{"year":1970,"period":"1970","kind":"VA"}},{"type":"Feature","geometry":{"type":"Point","coordinates":[-94.6119697,29.4642415]},"properties":{"year":1965,"period":"1965","kind":"FHA"}},{"type":"Feature","geometry":{"type":"Point","coordinates":[-94.6124246,29.464153]},"properties":{"year":1960,"period":"1960","kind":"FHA"}},{"type":"Feature","geometry":{"type":"Point","coordinates":[-94.6125614,29.4642671]},"properties":{"year":1965,"period":"1965","kind":"FHA"}},{"type":"Feature","geometry":{"type":"Point","coordinates":[-94.6126213,29.4643724]},"properties":{"year":1960,"period":"1960","kind":"FHA"}},{"type":"Feature","geometry":{"type":"Point","coordinates":[-94.9711976,29.3778101]},"properties":{"year":1970,"period":"1970","kind":"FHA"}},{"type":"Feature","geometry":{"type":"Point","coordinates":[-94.9706516,29.3760208]},"properties":{"year":1940,"period":"1935-40","kind":"FHA"}},{"type":"Feature","geometry":{"type":"Point","coordinates":[-94.9704754,29.3762014]},"properties":{"year":1940,"period":"1935-40","kind":"FHA"}},{"type":"Feature","geometry":{"type":"Point","coordinates":[-94.9702947,29.3762908]},"properties":{"year":1940,"period":"1935-40","kind":"FHA"}},{"type":"Feature","geometry":{"type":"Point","coordinates":[-94.97009760000002,29.3764686]},"properties":{"year":1940,"period":"1935-40","kind":"FHA"}},{"type":"Feature","geometry":{"type":"Point","coordinates":[-94.971184,29.3762547]},"properties":{"year":1940,"period":"1935-40","kind":"FHA"}},{"type":"Feature","geometry":{"type":"Point","coordinates":[-94.9704524,29.3773288]},"properties":{"year":1950,"period":"1950","kind":"VA"}},{"type":"Feature","geometry":{"type":"Point","coordinates":[-94.9697979,29.37723639999999]},"properties":{"year":1940,"period":"1935-40","kind":"FHA"}},{"type":"Feature","geometry":{"type":"Point","coordinates":[-94.9699267,29.3774265]},"properties":{"year":1940,"period":"1935-40","kind":"FHA"}},{"type":"Feature","geometry":{"type":"Point","coordinates":[-94.9700659,29.3776671]},"properties":{"year":1940,"period":"1935-40","kind":"FHA"}},{"type":"Feature","geometry":{"type":"Point","coordinates":[-94.9714237,29.3782593]},"properties":{"year":1940,"period":"1935-40","kind":"FHA"}},{"type":"Feature","geometry":{"type":"Point","coordinates":[-94.9714237,29.3782593]},"properties":{"year":1940,"period":"1935-40","kind":"FHA"}},{"type":"Feature","geometry":{"type":"Point","coordinates":[-94.9342716,29.3907181]},"properties":{"year":1970,"period":"1970","kind":"FHA"}},{"type":"Feature","geometry":{"type":"Point","coordinates":[-94.934467,29.3907196]},"properties":{"year":1970,"period":"1970","kind":"FHA"}},{"type":"Feature","geometry":{"type":"Point","coordinates":[-94.9346606,29.3907436]},"properties":{"year":1970,"period":"1970","kind":"VA"}},{"type":"Feature","geometry":{"type":"Point","coordinates":[-94.9348471,29.3907387]},"properties":{"year":1970,"period":"1970","kind":"FHA"}},{"type":"Feature","geometry":{"type":"Point","coordinates":[-94.93504860000002,29.3903733]},"properties":{"year":1970,"period":"1970","kind":"FHA"}},{"type":"Feature","geometry":{"type":"Point","coordinates":[-94.9342657,29.390397]},"properties":{"year":1970,"period":"1970","kind":"FHA"}},{"type":"Feature","geometry":{"type":"Point","coordinates":[-94.9348638,29.3896419]},"properties":{"year":1975,"period":"1975","kind":"VA"}},{"type":"Feature","geometry":{"type":"Point","coordinates":[-94.9350406,29.3907464]},"properties":{"year":1970,"period":"1970","kind":"VA"}},{"type":"Feature","geometry":{"type":"Point","coordinates":[-94.9352349,29.3907014]},"properties":{"year":1970,"period":"1970","kind":"VA"}},{"type":"Feature","geometry":{"type":"Point","coordinates":[-94.9350512,29.3899605]},"properties":{"year":1975,"period":"1975","kind":"FHA"}},{"type":"Feature","geometry":{"type":"Point","coordinates":[-94.9771879,29.3773023]},"properties":{"year":1970,"period":"1970","kind":"FHA"}},{"type":"Feature","geometry":{"type":"Point","coordinates":[-94.9652831,29.3768186]},"properties":{"year":1950,"period":"1950","kind":"VA"}},{"type":"Feature","geometry":{"type":"Point","coordinates":[-94.9628582,29.3769164]},"properties":{"year":1975,"period":"1975","kind":"VA"}},{"type":"Feature","geometry":{"type":"Point","coordinates":[-94.9625346,29.3773502]},"properties":{"year":1975,"period":"1975","kind":"VA"}},{"type":"Feature","geometry":{"type":"Point","coordinates":[-94.9624175,29.3764409]},"properties":{"year":1950,"period":"1950","kind":"VA"}},{"type":"Feature","geometry":{"type":"Point","coordinates":[-94.9824574,29.3600741]},"properties":{"year":1965,"period":"1965","kind":"VA"}},{"type":"Feature","geometry":{"type":"Point","coordinates":[-94.9800485,29.3611236]},"properties":{"year":1975,"period":"1975","kind":"VA"}},{"type":"Feature","geometry":{"type":"Point","coordinates":[-95.198203,29.5127389]},"properties":{"year":1975,"period":"1975","kind":"VA"}},{"type":"Feature","geometry":{"type":"Point","coordinates":[-95.1981401,29.5127103]},"properties":{"year":1975,"period":"1975","kind":"FHA"}},{"type":"Feature","geometry":{"type":"Point","coordinates":[-95.1978379,29.512674]},"properties":{"year":1975,"period":"1975","kind":"VA"}},{"type":"Feature","geometry":{"type":"Point","coordinates":[-95.1960683,29.5141713]},"properties":{"year":1975,"period":"1975","kind":"FHA"}},{"type":"Feature","geometry":{"type":"Point","coordinates":[-95.1992256,29.5131932]},"properties":{"year":1975,"period":"1975","kind":"FHA"}},{"type":"Feature","geometry":{"type":"Point","coordinates":[-95.1967336,29.5135636]},"properties":{"year":1975,"period":"1975","kind":"FHA"}},{"type":"Feature","geometry":{"type":"Point","coordinates":[-95.1966423,29.5142665]},"properties":{"year":1970,"period":"1970","kind":"FHA"}},{"type":"Feature","geometry":{"type":"Point","coordinates":[-95.1971375,29.5137852]},"properties":{"year":1975,"period":"1975","kind":"FHA"}},{"type":"Feature","geometry":{"type":"Point","coordinates":[-95.1972861,29.5136326]},"properties":{"year":1975,"period":"1975","kind":"VA"}},{"type":"Feature","geometry":{"type":"Point","coordinates":[-95.1974617,29.513496]},"properties":{"year":1975,"period":"1975","kind":"FHA"}},{"type":"Feature","geometry":{"type":"Point","coordinates":[-95.1987347,29.5130422]},"properties":{"year":1975,"period":"1975","kind":"VA"}},{"type":"Feature","geometry":{"type":"Point","coordinates":[-95.1963948,29.5138527]},"properties":{"year":1975,"period":"1975","kind":"FHA"}},{"type":"Feature","geometry":{"type":"Point","coordinates":[-94.9403055,29.3875784]},"properties":{"year":1960,"period":"1960","kind":"VA"}},{"type":"Feature","geometry":{"type":"Point","coordinates":[-94.9395077,29.3876091]},"properties":{"year":1965,"period":"1965","kind":"FHA"}},{"type":"Feature","geometry":{"type":"Point","coordinates":[-94.9390358,29.3875917]},"properties":{"year":1965,"period":"1965","kind":"FHA"}},{"type":"Feature","geometry":{"type":"Point","coordinates":[-94.9396168,29.3871466]},"properties":{"year":1970,"period":"1970","kind":"VA"}},{"type":"Feature","geometry":{"type":"Point","coordinates":[-94.9769585,29.3670316]},"properties":{"year":1960,"period":"1960","kind":"FHA"}},{"type":"Feature","geometry":{"type":"Point","coordinates":[-94.9769763,29.3675851]},"properties":{"year":1950,"period":"1950","kind":"VA"}},{"type":"Feature","geometry":{"type":"Point","coordinates":[-94.9614658,29.3612791]},"properties":{"year":1975,"period":"1975","kind":"VA"}},{"type":"Feature","geometry":{"type":"Point","coordinates":[-94.9612295,29.3622104]},"properties":{"year":1960,"period":"1960","kind":"FHA"}},{"type":"Feature","geometry":{"type":"Point","coordinates":[-94.9612295,29.3622104]},"properties":{"year":1965,"period":"1965","kind":"FHA"}},{"type":"Feature","geometry":{"type":"Point","coordinates":[-94.9611054,29.3620775]},"properties":{"year":1960,"period":"1960","kind":"FHA"}},{"type":"Feature","geometry":{"type":"Point","coordinates":[-94.9616619,29.3612939]},"properties":{"year":1965,"period":"1965","kind":"FHA"}},{"type":"Feature","geometry":{"type":"Point","coordinates":[-95.0004563,29.3901127]},"properties":{"year":1975,"period":"1975","kind":"VA"}},{"type":"Feature","geometry":{"type":"Point","coordinates":[-94.9990372,29.3901095]},"properties":{"year":1970,"period":"1970","kind":"VA"}},{"type":"Feature","geometry":{"type":"Point","coordinates":[-94.9981451,29.3896378]},"properties":{"year":1975,"period":"1975","kind":"VA"}},{"type":"Feature","geometry":{"type":"Point","coordinates":[-94.9791465,29.3629466]},"properties":{"year":1970,"period":"1970","kind":"FHA"}},{"type":"Feature","geometry":{"type":"Point","coordinates":[-94.9888773,29.3538572]},"properties":{"year":1975,"period":"1975","kind":"VA"}},{"type":"Feature","geometry":{"type":"Point","coordinates":[-94.98966070000002,29.3568501]},"properties":{"year":1975,"period":"1975","kind":"VA"}},{"type":"Feature","geometry":{"type":"Point","coordinates":[-94.9888269,29.3541482]},"properties":{"year":1970,"period":"1970","kind":"VA"}},{"type":"Feature","geometry":{"type":"Point","coordinates":[-95.0590395,29.4656087]},"properties":{"year":1975,"period":"1975","kind":"VA"}},{"type":"Feature","geometry":{"type":"Point","coordinates":[-95.1127243,29.4467466]},"properties":{"year":1975,"period":"1975","kind":"VA"}},{"type":"Feature","geometry":{"type":"Point","coordinates":[-95.1126379,29.445853]},"properties":{"year":1975,"period":"1975","kind":"VA"}},{"type":"Feature","geometry":{"type":"Point","coordinates":[-95.113467,29.4532813]},"properties":{"year":1975,"period":"1975","kind":"VA"}},{"type":"Feature","geometry":{"type":"Point","coordinates":[-95.081655,29.5064881]},"properties":{"year":1970,"period":"1970","kind":"FHA"}},{"type":"Feature","geometry":{"type":"Point","coordinates":[-94.9240381,29.385957]},"properties":{"year":1960,"period":"1960","kind":"VA"}},{"type":"Feature","geometry":{"type":"Point","coordinates":[-95.0015359,29.515853]},"properties":{"year":1970,"period":"1970","kind":"VA"}},{"type":"Feature","geometry":{"type":"Point","coordinates":[-94.9355652,29.4023043]},"properties":{"year":1970,"period":"1970","kind":"FHA"}},{"type":"Feature","geometry":{"type":"Point","coordinates":[-94.9347099,29.4023179]},"properties":{"year":1970,"period":"1970","kind":"VA"}},{"type":"Feature","geometry":{"type":"Point","coordinates":[-94.9342921,29.401837]},"properties":{"year":1970,"period":"1970","kind":"FHA"}},{"type":"Feature","geometry":{"type":"Point","coordinates":[-94.9353369,29.40232159999999]},"properties":{"year":1970,"period":"1970","kind":"FHA"}},{"type":"Feature","geometry":{"type":"Point","coordinates":[-94.9135736,29.3910923]},"properties":{"year":1975,"period":"1975","kind":"VA"}},{"type":"Feature","geometry":{"type":"Point","coordinates":[-94.9104205,29.38999799999999]},"properties":{"year":1975,"period":"1975","kind":"VA"}},{"type":"Feature","geometry":{"type":"Point","coordinates":[-94.9114296,29.3899645]},"properties":{"year":1975,"period":"1975","kind":"VA"}},{"type":"Feature","geometry":{"type":"Point","coordinates":[-94.9114296,29.3899645]},"properties":{"year":1975,"period":"1975","kind":"VA"}},{"type":"Feature","geometry":{"type":"Point","coordinates":[-94.9108048,29.3895587]},"properties":{"year":1970,"period":"1970","kind":"FHA"}},{"type":"Feature","geometry":{"type":"Point","coordinates":[-94.9102448,29.3904002]},"properties":{"year":1970,"period":"1970","kind":"VA"}},{"type":"Feature","geometry":{"type":"Point","coordinates":[-94.9105972,29.3904038]},"properties":{"year":1970,"period":"1970","kind":"FHA"}},{"type":"Feature","geometry":{"type":"Point","coordinates":[-94.9109956,29.3903924]},"properties":{"year":1975,"period":"1975","kind":"VA"}},{"type":"Feature","geometry":{"type":"Point","coordinates":[-94.9123523,29.3885775]},"properties":{"year":1975,"period":"1975","kind":"FHA"}},{"type":"Feature","geometry":{"type":"Point","coordinates":[-94.9103728,29.38865209999999]},"properties":{"year":1970,"period":"1970","kind":"VA"}},{"type":"Feature","geometry":{"type":"Point","coordinates":[-94.9105782,29.3881473]},"properties":{"year":1975,"period":"1975","kind":"VA"}},{"type":"Feature","geometry":{"type":"Point","coordinates":[-94.9125443,29.3881931]},"properties":{"year":1975,"period":"1975","kind":"VA"}},{"type":"Feature","geometry":{"type":"Point","coordinates":[-94.9125443,29.3881931]},"properties":{"year":1975,"period":"1975","kind":"VA"}},{"type":"Feature","geometry":{"type":"Point","coordinates":[-94.9135534,29.3888989]},"properties":{"year":1970,"period":"1970","kind":"VA"}},{"type":"Feature","geometry":{"type":"Point","coordinates":[-94.9121947,29.3873428]},"properties":{"year":1975,"period":"1975","kind":"VA"}},{"type":"Feature","geometry":{"type":"Point","coordinates":[-94.9125476,29.3868836]},"properties":{"year":1975,"period":"1975","kind":"FHA"}},{"type":"Feature","geometry":{"type":"Point","coordinates":[-94.9135561,29.38676689999999]},"properties":{"year":1975,"period":"1975","kind":"FHA"}},{"type":"Feature","geometry":{"type":"Point","coordinates":[-94.9135139,29.38548789999999]},"properties":{"year":1970,"period":"1970","kind":"FHA"}},{"type":"Feature","geometry":{"type":"Point","coordinates":[-94.912763,29.384597]},"properties":{"year":1975,"period":"1975","kind":"FHA"}},{"type":"Feature","geometry":{"type":"Point","coordinates":[-94.9121506,29.3847651]},"properties":{"year":1975,"period":"1975","kind":"FHA"}},{"type":"Feature","geometry":{"type":"Point","coordinates":[-94.9109686,29.3868942]},"properties":{"year":1970,"period":"1970","kind":"VA"}},{"type":"Feature","geometry":{"type":"Point","coordinates":[-94.9099595,29.3864958]},"properties":{"year":1965,"period":"1965","kind":"VA"}},{"type":"Feature","geometry":{"type":"Point","coordinates":[-94.9119059,29.3852455]},"properties":{"year":1975,"period":"1975","kind":"VA"}},{"type":"Feature","geometry":{"type":"Point","coordinates":[-94.9121203,29.3851773]},"properties":{"year":1970,"period":"1970","kind":"VA"}},{"type":"Feature","geometry":{"type":"Point","coordinates":[-94.9111745,29.3847849]},"properties":{"year":1975,"period":"1975","kind":"FHA"}},{"type":"Feature","geometry":{"type":"Point","coordinates":[-94.9107307,29.3847715]},"properties":{"year":1970,"period":"1970","kind":"VA"}},{"type":"Feature","geometry":{"type":"Point","coordinates":[-94.9105572,29.3847836]},"properties":{"year":1975,"period":"1975","kind":"VA"}},{"type":"Feature","geometry":{"type":"Point","coordinates":[-94.9386411,29.39014689999999]},"properties":{"year":1975,"period":"1975","kind":"VA"}},{"type":"Feature","geometry":{"type":"Point","coordinates":[-94.9396438,29.3901179]},"properties":{"year":1970,"period":"1970","kind":"FHA"}},{"type":"Feature","geometry":{"type":"Point","coordinates":[-94.9396438,29.3901179]},"properties":{"year":1970,"period":"1970","kind":"FHA"}},{"type":"Feature","geometry":{"type":"Point","coordinates":[-94.9424854,29.3907764]},"properties":{"year":1970,"period":"1970","kind":"FHA"}},{"type":"Feature","geometry":{"type":"Point","coordinates":[-94.9388459,29.3880799]},"properties":{"year":1970,"period":"1970","kind":"VA"}},{"type":"Feature","geometry":{"type":"Point","coordinates":[-94.9388459,29.3880799]},"properties":{"year":1970,"period":"1970","kind":"VA"}},{"type":"Feature","geometry":{"type":"Point","coordinates":[-94.9388459,29.3880799]},"properties":{"year":1975,"period":"1975","kind":"VA"}},{"type":"Feature","geometry":{"type":"Point","coordinates":[-94.9398395,29.3887496]},"properties":{"year":1970,"period":"1970","kind":"FHA"}},{"type":"Feature","geometry":{"type":"Point","coordinates":[-94.9400387,29.3891555]},"properties":{"year":1965,"period":"1965","kind":"VA"}},{"type":"Feature","geometry":{"type":"Point","coordinates":[-94.9374633,29.3898011]},"properties":{"year":1975,"period":"1975","kind":"VA"}},{"type":"Feature","geometry":{"type":"Point","coordinates":[-94.9380564,29.390469]},"properties":{"year":1960,"period":"1960","kind":"FHA"}},{"type":"Feature","geometry":{"type":"Point","coordinates":[-94.9382615,29.3911347]},"properties":{"year":1960,"period":"1960","kind":"VA"}},{"type":"Feature","geometry":{"type":"Point","coordinates":[-94.9390609,29.391144]},"properties":{"year":1965,"period":"1965","kind":"VA"}},{"type":"Feature","geometry":{"type":"Point","coordinates":[-94.9390609,29.391144]},"properties":{"year":1965,"period":"1965","kind":"VA"}},{"type":"Feature","geometry":{"type":"Point","coordinates":[-94.9400434,29.391152]},"properties":{"year":1975,"period":"1975","kind":"FHA"}},{"type":"Feature","geometry":{"type":"Point","coordinates":[-94.9409964,29.3904885]},"properties":{"year":1975,"period":"1975","kind":"FHA"}},{"type":"Feature","geometry":{"type":"Point","coordinates":[-94.9424759,29.3910499]},"properties":{"year":1965,"period":"1965","kind":"VA"}},{"type":"Feature","geometry":{"type":"Point","coordinates":[-94.9424759,29.3910499]},"properties":{"year":1965,"period":"1965","kind":"VA"}},{"type":"Feature","geometry":{"type":"Point","coordinates":[-94.9423025,29.3914658]},"properties":{"year":1975,"period":"1975","kind":"VA"}},{"type":"Feature","geometry":{"type":"Point","coordinates":[-94.9423025,29.3914658]},"properties":{"year":1975,"period":"1975","kind":"VA"}},{"type":"Feature","geometry":{"type":"Point","coordinates":[-94.9400387,29.3891555]},"properties":{"year":1965,"period":"1965","kind":"VA"}},{"type":"Feature","geometry":{"type":"Point","coordinates":[-94.9386516,29.39047219999999]},"properties":{"year":1970,"period":"1970","kind":"FHA"}},{"type":"Feature","geometry":{"type":"Point","coordinates":[-94.9376645,29.3908033]},"properties":{"year":1960,"period":"1960","kind":"FHA"}},{"type":"Feature","geometry":{"type":"Point","coordinates":[-94.5985058,29.4681829]},"properties":{"year":1975,"period":"1975","kind":"FHA"}},{"type":"Feature","geometry":{"type":"Point","coordinates":[-95.0834544,29.4931403]},"properties":{"year":1975,"period":"1975","kind":"VA"}},{"type":"Feature","geometry":{"type":"Point","coordinates":[-95.0834544,29.4931403]},"properties":{"year":1975,"period":"1975","kind":"VA"}},{"type":"Feature","geometry":{"type":"Point","coordinates":[-95.1139425,29.4915755]},"properties":{"year":1975,"period":"1975","kind":"VA"}},{"type":"Feature","geometry":{"type":"Point","coordinates":[-95.1120528,29.4917728]},"properties":{"year":1975,"period":"1975","kind":"VA"}},{"type":"Feature","geometry":{"type":"Point","coordinates":[-95.1134564,29.4915559]},"properties":{"year":1975,"period":"1975","kind":"FHA"}},{"type":"Feature","geometry":{"type":"Point","coordinates":[-95.1145826,29.4915197]},"properties":{"year":1975,"period":"1975","kind":"VA"}},{"type":"Feature","geometry":{"type":"Point","coordinates":[-95.1147359,29.4915582]},"properties":{"year":1975,"period":"1975","kind":"VA"}},{"type":"Feature","geometry":{"type":"Point","coordinates":[-95.1153645,29.4915049]},"properties":{"year":1975,"period":"1975","kind":"VA"}},{"type":"Feature","geometry":{"type":"Point","coordinates":[-95.1153645,29.4915049]},"properties":{"year":1975,"period":"1975","kind":"VA"}},{"type":"Feature","geometry":{"type":"Point","coordinates":[-95.1151745,29.4901056]},"properties":{"year":1975,"period":"1975","kind":"VA"}},{"type":"Feature","geometry":{"type":"Point","coordinates":[-95.1151745,29.4901056]},"properties":{"year":1970,"period":"1970","kind":"VA"}},{"type":"Feature","geometry":{"type":"Point","coordinates":[-95.1145507,29.4901226]},"properties":{"year":1970,"period":"1970","kind":"FHA"}},{"type":"Feature","geometry":{"type":"Point","coordinates":[-95.1145507,29.4901226]},"properties":{"year":1975,"period":"1975","kind":"FHA"}},{"type":"Feature","geometry":{"type":"Point","coordinates":[-95.1134209,29.4901034]},"properties":{"year":1975,"period":"1975","kind":"FHA"}},{"type":"Feature","geometry":{"type":"Point","coordinates":[-95.1124539,29.49016139999999]},"properties":{"year":1970,"period":"1970","kind":"VA"}},{"type":"Feature","geometry":{"type":"Point","coordinates":[-95.1120869,29.4902888]},"properties":{"year":1975,"period":"1975","kind":"VA"}},{"type":"Feature","geometry":{"type":"Point","coordinates":[-95.113261,29.4901412]},"properties":{"year":1970,"period":"1970","kind":"FHA"}},{"type":"Feature","geometry":{"type":"Point","coordinates":[-95.1148642,29.4900983]},"properties":{"year":1970,"period":"1970","kind":"FHA"}},{"type":"Feature","geometry":{"type":"Point","coordinates":[-95.1134356,29.4905725]},"properties":{"year":1975,"period":"1975","kind":"VA"}},{"type":"Feature","geometry":{"type":"Point","coordinates":[-95.1136016,29.4908607]},"properties":{"year":1975,"period":"1975","kind":"FHA"}},{"type":"Feature","geometry":{"type":"Point","coordinates":[-95.1145605,29.490528]},"properties":{"year":1975,"period":"1975","kind":"VA"}},{"type":"Feature","geometry":{"type":"Point","coordinates":[-95.1145605,29.490528]},"properties":{"year":1975,"period":"1975","kind":"VA"}},{"type":"Feature","geometry":{"type":"Point","coordinates":[-95.1166778,29.5045064]},"properties":{"year":1970,"period":"1970","kind":"VA"}},{"type":"Feature","geometry":{"type":"Point","coordinates":[-95.116107,29.5033286]},"properties":{"year":1975,"period":"1975","kind":"VA"}},{"type":"Feature","geometry":{"type":"Point","coordinates":[-95.1162247,29.5037748]},"properties":{"year":1970,"period":"1970","kind":"VA"}},{"type":"Feature","geometry":{"type":"Point","coordinates":[-95.0318909,29.5473323]},"properties":{"year":1970,"period":"1970","kind":"VA"}},{"type":"Feature","geometry":{"type":"Point","coordinates":[-95.0347762,29.54921289999999]},"properties":{"year":1975,"period":"1975","kind":"VA"}},{"type":"Feature","geometry":{"type":"Point","coordinates":[-95.0339866,29.5503879]},"properties":{"year":1970,"period":"1970","kind":"FHA"}},{"type":"Feature","geometry":{"type":"Point","coordinates":[-95.0346202,29.5453205]},"properties":{"year":1970,"period":"1970","kind":"VA"}},{"type":"Feature","geometry":{"type":"Point","coordinates":[-95.029929,29.54468679999999]},"properties":{"year":1970,"period":"1970","kind":"VA"}},{"type":"Feature","geometry":{"type":"Point","coordinates":[-95.029929,29.54468679999999]},"properties":{"year":1970,"period":"1970","kind":"VA"}},{"type":"Feature","geometry":{"type":"Point","coordinates":[-94.9257541,29.401025]},"properties":{"year":1970,"period":"1970","kind":"VA"}},{"type":"Feature","geometry":{"type":"Point","coordinates":[-94.9255629,29.4010132]},"properties":{"year":1965,"period":"1965","kind":"FHA"}},{"type":"Feature","geometry":{"type":"Point","coordinates":[-94.9269227,29.4022402]},"properties":{"year":1975,"period":"1975","kind":"VA"}},{"type":"Feature","geometry":{"type":"Point","coordinates":[-94.9273114,29.4025687]},"properties":{"year":1965,"period":"1965","kind":"VA"}},{"type":"Feature","geometry":{"type":"Point","coordinates":[-94.9273114,29.4025687]},"properties":{"year":1965,"period":"1965","kind":"VA"}},{"type":"Feature","geometry":{"type":"Point","coordinates":[-94.9275173,29.4033342]},"properties":{"year":1965,"period":"1965","kind":"VA"}},{"type":"Feature","geometry":{"type":"Point","coordinates":[-94.9275173,29.4033342]},"properties":{"year":1965,"period":"1965","kind":"VA"}},{"type":"Feature","geometry":{"type":"Point","coordinates":[-94.9271331,29.4033126]},"properties":{"year":1965,"period":"1965","kind":"VA"}},{"type":"Feature","geometry":{"type":"Point","coordinates":[-94.9271331,29.4033126]},"properties":{"year":1965,"period":"1965","kind":"VA"}},{"type":"Feature","geometry":{"type":"Point","coordinates":[-94.92597270000002,29.4033444]},"properties":{"year":1965,"period":"1965","kind":"FHA"}},{"type":"Feature","geometry":{"type":"Point","coordinates":[-94.9254197,29.4033043]},"properties":{"year":1965,"period":"1965","kind":"VA"}},{"type":"Feature","geometry":{"type":"Point","coordinates":[-94.9254197,29.4033043]},"properties":{"year":1965,"period":"1965","kind":"VA"}},{"type":"Feature","geometry":{"type":"Point","coordinates":[-94.9264477,29.4049848]},"properties":{"year":1975,"period":"1975","kind":"VA"}},{"type":"Feature","geometry":{"type":"Point","coordinates":[-94.927038,29.4058757]},"properties":{"year":1975,"period":"1975","kind":"VA"}},{"type":"Feature","geometry":{"type":"Point","coordinates":[-94.9260461,29.4068054]},"properties":{"year":1970,"period":"1970","kind":"FHA"}},{"type":"Feature","geometry":{"type":"Point","coordinates":[-94.92649190000002,29.4067629]},"properties":{"year":1970,"period":"1970","kind":"FHA"}},{"type":"Feature","geometry":{"type":"Point","coordinates":[-94.9268744,29.407374]},"properties":{"year":1970,"period":"1970","kind":"FHA"}},{"type":"Feature","geometry":{"type":"Point","coordinates":[-94.9266615,29.4046105]},"properties":{"year":1975,"period":"1975","kind":"VA"}},{"type":"Feature","geometry":{"type":"Point","coordinates":[-94.9268844,29.4067683]},"properties":{"year":1970,"period":"1970","kind":"VA"}},{"type":"Feature","geometry":{"type":"Point","coordinates":[-94.9272989,29.4067245]},"properties":{"year":1970,"period":"1970","kind":"FHA"}},{"type":"Feature","geometry":{"type":"Point","coordinates":[-94.9259447,29.4073746]},"properties":{"year":1970,"period":"1970","kind":"VA"}},{"type":"Feature","geometry":{"type":"Point","coordinates":[-94.9260488,29.406333]},"properties":{"year":1975,"period":"1975","kind":"VA"}},{"type":"Feature","geometry":{"type":"Point","coordinates":[-94.9256213,29.4041594]},"properties":{"year":1960,"period":"1960","kind":"VA"}},{"type":"Feature","geometry":{"type":"Point","coordinates":[-94.9258489,29.4041044]},"properties":{"year":1960,"period":"1960","kind":"VA"}},{"type":"Feature","geometry":{"type":"Point","coordinates":[-94.9260159,29.4041541]},"properties":{"year":1960,"period":"1960","kind":"FHA"}},{"type":"Feature","geometry":{"type":"Point","coordinates":[-94.9262332,29.404165]},"properties":{"year":1960,"period":"1960","kind":"FHA"}},{"type":"Feature","geometry":{"type":"Point","coordinates":[-94.9256373,29.4059293]},"properties":{"year":1965,"period":"1965","kind":"FHA"}},{"type":"Feature","geometry":{"type":"Point","coordinates":[-94.9264669,29.4063353]},"properties":{"year":1965,"period":"1965","kind":"FHA"}},{"type":"Feature","geometry":{"type":"Point","coordinates":[-94.9258242,29.4045845]},"properties":{"year":1965,"period":"1965","kind":"FHA"}},{"type":"Feature","geometry":{"type":"Point","coordinates":[-94.9779736,29.5074999]},"properties":{"year":1970,"period":"1970","kind":"VA"}},{"type":"Feature","geometry":{"type":"Point","coordinates":[-94.9844915,29.5071442]},"properties":{"year":1970,"period":"1970","kind":"VA"}},{"type":"Feature","geometry":{"type":"Point","coordinates":[-94.9776903,29.5064445]},"properties":{"year":1975,"period":"1975","kind":"VA"}},{"type":"Feature","geometry":{"type":"Point","coordinates":[-94.9776903,29.5064445]},"properties":{"year":1975,"period":"1975","kind":"VA"}},{"type":"Feature","geometry":{"type":"Point","coordinates":[-94.98654150000002,29.5067278]},"properties":{"year":1975,"period":"1975","kind":"VA"}},{"type":"Feature","geometry":{"type":"Point","coordinates":[-94.98654150000002,29.5067278]},"properties":{"year":1975,"period":"1975","kind":"VA"}},{"type":"Feature","geometry":{"type":"Point","coordinates":[-94.9843298,29.502761]},"properties":{"year":1975,"period":"1975","kind":"VA"}},{"type":"Feature","geometry":{"type":"Point","coordinates":[-94.9871037,29.50244289999999]},"properties":{"year":1970,"period":"1970","kind":"VA"}},{"type":"Feature","geometry":{"type":"Point","coordinates":[-94.9871037,29.50244289999999]},"properties":{"year":1970,"period":"1970","kind":"VA"}},{"type":"Feature","geometry":{"type":"Point","coordinates":[-94.8384717,29.2684683]},"properties":{"year":1975,"period":"1975","kind":"VA"}},{"type":"Feature","geometry":{"type":"Point","coordinates":[-94.935927,29.384791]},"properties":{"year":1975,"period":"1975","kind":"FHA"}},{"type":"Feature","geometry":{"type":"Point","coordinates":[-94.9355445,29.3836362]},"properties":{"year":1970,"period":"1970","kind":"VA"}},{"type":"Feature","geometry":{"type":"Point","coordinates":[-94.9355445,29.3836362]},"properties":{"year":1970,"period":"1970","kind":"VA"}},{"type":"Feature","geometry":{"type":"Point","coordinates":[-94.9620186,29.358429]},"properties":{"year":1975,"period":"1975","kind":"FHA"}},{"type":"Feature","geometry":{"type":"Point","coordinates":[-94.9490132,29.3609349]},"properties":{"year":1970,"period":"1970","kind":"VA"}},{"type":"Feature","geometry":{"type":"Point","coordinates":[-94.960694,29.35891119999999]},"properties":{"year":1950,"period":"1950","kind":"VA"}},{"type":"Feature","geometry":{"type":"Point","coordinates":[-94.9513599,29.3623639]},"properties":{"year":1975,"period":"1975","kind":"VA"}},{"type":"Feature","geometry":{"type":"Point","coordinates":[-94.952012,29.3613973]},"properties":{"year":1975,"period":"1975","kind":"FHA"}},{"type":"Feature","geometry":{"type":"Point","coordinates":[-94.9553277,29.3599836]},"properties":{"year":1970,"period":"1970","kind":"VA"}},{"type":"Feature","geometry":{"type":"Point","coordinates":[-94.9692024,29.37223]},"properties":{"year":1975,"period":"1975","kind":"VA"}},{"type":"Feature","geometry":{"type":"Point","coordinates":[-94.9764307,29.3544728]},"properties":{"year":1975,"period":"1975","kind":"VA"}},{"type":"Feature","geometry":{"type":"Point","coordinates":[-95.0849933,29.5211559]},"properties":{"year":1975,"period":"1975","kind":"FHA"}},{"type":"Feature","geometry":{"type":"Point","coordinates":[-95.0848049,29.5215598]},"properties":{"year":1975,"period":"1975","kind":"VA"}},{"type":"Feature","geometry":{"type":"Point","coordinates":[-95.0846879,29.52142139999999]},"properties":{"year":1975,"period":"1975","kind":"FHA"}},{"type":"Feature","geometry":{"type":"Point","coordinates":[-95.0845323,29.5212674]},"properties":{"year":1965,"period":"1965","kind":"VA"}},{"type":"Feature","geometry":{"type":"Point","coordinates":[-95.0843732,29.5216529]},"properties":{"year":1975,"period":"1975","kind":"VA"}},{"type":"Feature","geometry":{"type":"Point","coordinates":[-95.0843732,29.5216529]},"properties":{"year":1975,"period":"1975","kind":"VA"}},{"type":"Feature","geometry":{"type":"Point","coordinates":[-95.0847885,29.5220964]},"properties":{"year":1975,"period":"1975","kind":"VA"}},{"type":"Feature","geometry":{"type":"Point","coordinates":[-94.9567098,29.3698533]},"properties":{"year":1960,"period":"1960","kind":"FHA"}},{"type":"Feature","geometry":{"type":"Point","coordinates":[-94.9566005,29.3697367]},"properties":{"year":1960,"period":"1960","kind":"FHA"}},{"type":"Feature","geometry":{"type":"Point","coordinates":[-94.9565068,29.3695924]},"properties":{"year":1960,"period":"1960","kind":"FHA"}},{"type":"Feature","geometry":{"type":"Point","coordinates":[-94.9565068,29.3695924]},"properties":{"year":1965,"period":"1965","kind":"FHA"}},{"type":"Feature","geometry":{"type":"Point","coordinates":[-94.9563748,29.3694752]},"properties":{"year":1960,"period":"1960","kind":"FHA"}},{"type":"Feature","geometry":{"type":"Point","coordinates":[-94.9559024,29.3704282]},"properties":{"year":1960,"period":"1960","kind":"FHA"}},{"type":"Feature","geometry":{"type":"Point","coordinates":[-94.955831,29.3702756]},"properties":{"year":1960,"period":"1960","kind":"FHA"}},{"type":"Feature","geometry":{"type":"Point","coordinates":[-94.9557183,29.37015259999999]},"properties":{"year":1960,"period":"1960","kind":"FHA"}},{"type":"Feature","geometry":{"type":"Point","coordinates":[-94.9554266,29.3705688]},"properties":{"year":1960,"period":"1960","kind":"FHA"}},{"type":"Feature","geometry":{"type":"Point","coordinates":[-95.0865148,29.5082896]},"properties":{"year":1970,"period":"1970","kind":"FHA"}},{"type":"Feature","geometry":{"type":"Point","coordinates":[-95.0864564,29.5070936]},"properties":{"year":1975,"period":"1975","kind":"VA"}},{"type":"Feature","geometry":{"type":"Point","coordinates":[-95.0855783,29.5165383]},"properties":{"year":1975,"period":"1975","kind":"VA"}},{"type":"Feature","geometry":{"type":"Point","coordinates":[-95.0854133,29.5166312]},"properties":{"year":1975,"period":"1975","kind":"FHA"}},{"type":"Feature","geometry":{"type":"Point","coordinates":[-94.9781254,29.3672805]},"properties":{"year":1960,"period":"1960","kind":"FHA"}},{"type":"Feature","geometry":{"type":"Point","coordinates":[-94.8182968,29.2758441]},"properties":{"year":1940,"period":"1935-40","kind":"FHA"}},{"type":"Feature","geometry":{"type":"Point","coordinates":[-94.8223146,29.2870672]},"properties":{"year":1940,"period":"1935-40","kind":"FHA"}},{"type":"Feature","geometry":{"type":"Point","coordinates":[-94.8271012,29.2843536]},"properties":{"year":1975,"period":"1975","kind":"FHA"}},{"type":"Feature","geometry":{"type":"Point","coordinates":[-94.8275648,29.2843749]},"properties":{"year":1960,"period":"1960","kind":"FHA"}},{"type":"Feature","geometry":{"type":"Point","coordinates":[-94.8239138,29.2925687]},"properties":{"year":1950,"period":"1950","kind":"FHA"}},{"type":"Feature","geometry":{"type":"Point","coordinates":[-94.8191378,29.2854982]},"properties":{"year":1970,"period":"1970","kind":"VA"}},{"type":"Feature","geometry":{"type":"Point","coordinates":[-94.8239856,29.2847114]},"properties":{"year":1940,"period":"1935-40","kind":"FHA"}},{"type":"Feature","geometry":{"type":"Point","coordinates":[-94.81854,29.2842589]},"properties":{"year":1965,"period":"1965","kind":"FHA"}},{"type":"Feature","geometry":{"type":"Point","coordinates":[-94.8216675,29.2834496]},"properties":{"year":1940,"period":"1935-40","kind":"FHA"}},{"type":"Feature","geometry":{"type":"Point","coordinates":[-94.8218189,29.2819394]},"properties":{"year":1975,"period":"1975","kind":"VA"}},{"type":"Feature","geometry":{"type":"Point","coordinates":[-94.8200761,29.282407]},"properties":{"year":1940,"period":"1935-40","kind":"FHA"}},{"type":"Feature","geometry":{"type":"Point","coordinates":[-94.8200761,29.282407]},"properties":{"year":1950,"period":"1950","kind":"FHA"}},{"type":"Feature","geometry":{"type":"Point","coordinates":[-94.8237736,29.2804427]},"properties":{"year":1975,"period":"1975","kind":"VA"}},{"type":"Feature","geometry":{"type":"Point","coordinates":[-94.8178872,29.2786984]},"properties":{"year":1940,"period":"1935-40","kind":"FHA"}},{"type":"Feature","geometry":{"type":"Point","coordinates":[-94.8188938,29.2784632]},"properties":{"year":1940,"period":"1935-40","kind":"FHA"}},{"type":"Feature","geometry":{"type":"Point","coordinates":[-94.8200245,29.2781924]},"properties":{"year":1965,"period":"1965","kind":"FHA"}},{"type":"Feature","geometry":{"type":"Point","coordinates":[-94.8120739,29.2798151]},"properties":{"year":1940,"period":"1935-40","kind":"FHA"}},{"type":"Feature","geometry":{"type":"Point","coordinates":[-94.8200245,29.2781924]},"properties":{"year":1940,"period":"1935-40","kind":"FHA"}},{"type":"Feature","geometry":{"type":"Point","coordinates":[-94.8198816,29.2782291]},"properties":{"year":1940,"period":"1935-40","kind":"FHA"}},{"type":"Feature","geometry":{"type":"Point","coordinates":[-95.0544607,29.4625208]},"properties":{"year":1970,"period":"1970","kind":"FHA"}},{"type":"Feature","geometry":{"type":"Point","coordinates":[-94.9616298,29.3598259]},"properties":{"year":1970,"period":"1970","kind":"VA"}},{"type":"Feature","geometry":{"type":"Point","coordinates":[-94.9662608,29.3605746]},"properties":{"year":1970,"period":"1970","kind":"FHA"}},{"type":"Feature","geometry":{"type":"Point","coordinates":[-94.962015,29.3607987]},"properties":{"year":1960,"period":"1960","kind":"FHA"}},{"type":"Feature","geometry":{"type":"Point","coordinates":[-94.9590541,29.3594472]},"properties":{"year":1960,"period":"1960","kind":"FHA"}},{"type":"Feature","geometry":{"type":"Point","coordinates":[-94.9621641,29.3584333]},"properties":{"year":1960,"period":"1960","kind":"FHA"}},{"type":"Feature","geometry":{"type":"Point","coordinates":[-94.951052,29.362842]},"properties":{"year":1965,"period":"1965","kind":"FHA"}},{"type":"Feature","geometry":{"type":"Point","coordinates":[-94.9070735,29.3830416]},"properties":{"year":1965,"period":"1965","kind":"FHA"}},{"type":"Feature","geometry":{"type":"Point","coordinates":[-94.9512102,29.3628461]},"properties":{"year":1965,"period":"1965","kind":"FHA"}},{"type":"Feature","geometry":{"type":"Point","coordinates":[-94.9070735,29.3830416]},"properties":{"year":1965,"period":"1965","kind":"FHA"}},{"type":"Feature","geometry":{"type":"Point","coordinates":[-94.9540622,29.3566628]},"properties":{"year":1960,"period":"1960","kind":"FHA"}},{"type":"Feature","geometry":{"type":"Point","coordinates":[-94.8180402,29.2786727]},"properties":{"year":1940,"period":"1935-40","kind":"FHA"}},{"type":"Feature","geometry":{"type":"Point","coordinates":[-94.6164885,29.4631192]},"properties":{"year":1965,"period":"1965","kind":"VA"}},{"type":"Feature","geometry":{"type":"Point","coordinates":[-94.9883283,29.3597307]},"properties":{"year":1950,"period":"1950","kind":"VA"}},{"type":"Feature","geometry":{"type":"Point","coordinates":[-94.9886445,29.3588712]},"properties":{"year":1975,"period":"1975","kind":"FHA"}},{"type":"Feature","geometry":{"type":"Point","coordinates":[-95.0415619,29.4607922]},"properties":{"year":1965,"period":"1965","kind":"FHA"}},{"type":"Feature","geometry":{"type":"Point","coordinates":[-95.0403812,29.4608062]},"properties":{"year":1965,"period":"1965","kind":"FHA"}},{"type":"Feature","geometry":{"type":"Point","coordinates":[-95.0058338,29.3439956]},"properties":{"year":1970,"period":"1970","kind":"FHA"}},{"type":"Feature","geometry":{"type":"Point","coordinates":[-95.0058338,29.3439956]},"properties":{"year":1970,"period":"1970","kind":"FHA"}},{"type":"Feature","geometry":{"type":"Point","coordinates":[-95.0793629,29.5129958]},"properties":{"year":1965,"period":"1965","kind":"FHA"}},{"type":"Feature","geometry":{"type":"Point","coordinates":[-95.1466023,29.4950302]},"properties":{"year":1975,"period":"1975","kind":"VA"}},{"type":"Feature","geometry":{"type":"Point","coordinates":[-94.9689949,29.3753815]},"properties":{"year":1950,"period":"1950","kind":"VA"}},{"type":"Feature","geometry":{"type":"Point","coordinates":[-94.9677245,29.3739519]},"properties":{"year":1960,"period":"1960","kind":"FHA"}},{"type":"Feature","geometry":{"type":"Point","coordinates":[-95.0546995,29.46718]},"properties":{"year":1970,"period":"1970","kind":"FHA"}},{"type":"Feature","geometry":{"type":"Point","coordinates":[-95.1996196,29.5417769]},"properties":{"year":1970,"period":"1970","kind":"VA"}},{"type":"Feature","geometry":{"type":"Point","coordinates":[-94.9739961,29.3594222]},"properties":{"year":1965,"period":"1965","kind":"FHA"}},{"type":"Feature","geometry":{"type":"Point","coordinates":[-94.9753344,29.3584501]},"properties":{"year":1960,"period":"1960","kind":"FHA"}},{"type":"Feature","geometry":{"type":"Point","coordinates":[-95.041112,29.4477224]},"properties":{"year":1970,"period":"1970","kind":"VA"}},{"type":"Feature","geometry":{"type":"Point","coordinates":[-95.0385234,29.447444]},"properties":{"year":1970,"period":"1970","kind":"VA"}},{"type":"Feature","geometry":{"type":"Point","coordinates":[-94.9714196,29.3778065]},"properties":{"year":1970,"period":"1970","kind":"FHA"}},{"type":"Feature","geometry":{"type":"Point","coordinates":[-94.9680517,29.3737175]},"properties":{"year":1950,"period":"1950","kind":"VA"}},{"type":"Feature","geometry":{"type":"Point","coordinates":[-94.9109661,29.3818258]},"properties":{"year":1960,"period":"1960","kind":"FHA"}},{"type":"Feature","geometry":{"type":"Point","coordinates":[-94.9168028,29.4043066]},"properties":{"year":1975,"period":"1975","kind":"VA"}},{"type":"Feature","geometry":{"type":"Point","coordinates":[-94.8999002,29.3979825]},"properties":{"year":1950,"period":"1950","kind":"FHA"}},{"type":"Feature","geometry":{"type":"Point","coordinates":[-94.8989002,29.398005]},"properties":{"year":1950,"period":"1950","kind":"FHA"}},{"type":"Feature","geometry":{"type":"Point","coordinates":[-94.8960411,29.3979769]},"properties":{"year":1965,"period":"1965","kind":"FHA"}},{"type":"Feature","geometry":{"type":"Point","coordinates":[-94.8937972,29.3980205]},"properties":{"year":1975,"period":"1975","kind":"FHA"}},{"type":"Feature","geometry":{"type":"Point","coordinates":[-94.9709421,29.3764498]},"properties":{"year":1940,"period":"1935-40","kind":"FHA"}},{"type":"Feature","geometry":{"type":"Point","coordinates":[-94.9707776,29.3765525]},"properties":{"year":1950,"period":"1950","kind":"VA"}},{"type":"Feature","geometry":{"type":"Point","coordinates":[-94.9707776,29.3765525]},"properties":{"year":1940,"period":"1935-40","kind":"FHA"}},{"type":"Feature","geometry":{"type":"Point","coordinates":[-94.970557,29.3767009]},"properties":{"year":1940,"period":"1935-40","kind":"FHA"}},{"type":"Feature","geometry":{"type":"Point","coordinates":[-94.9703346,29.3768532]},"properties":{"year":1940,"period":"1935-40","kind":"FHA"}},{"type":"Feature","geometry":{"type":"Point","coordinates":[-94.9701432,29.3770036]},"properties":{"year":1940,"period":"1935-40","kind":"FHA"}},{"type":"Feature","geometry":{"type":"Point","coordinates":[-94.9712883,29.3767531]},"properties":{"year":1940,"period":"1935-40","kind":"FHA"}},{"type":"Feature","geometry":{"type":"Point","coordinates":[-94.9710819,29.37689069999999]},"properties":{"year":1940,"period":"1935-40","kind":"FHA"}},{"type":"Feature","geometry":{"type":"Point","coordinates":[-94.9706397,29.37717189999999]},"properties":{"year":1940,"period":"1935-40","kind":"FHA"}},{"type":"Feature","geometry":{"type":"Point","coordinates":[-94.9704524,29.3773288]},"properties":{"year":1940,"period":"1935-40","kind":"FHA"}},{"type":"Feature","geometry":{"type":"Point","coordinates":[-94.9708647,29.3776851]},"properties":{"year":1940,"period":"1935-40","kind":"FHA"}},{"type":"Feature","geometry":{"type":"Point","coordinates":[-94.9703172,29.37783]},"properties":{"year":1940,"period":"1935-40","kind":"FHA"}},{"type":"Feature","geometry":{"type":"Point","coordinates":[-94.9704093,29.377961]},"properties":{"year":1940,"period":"1935-40","kind":"FHA"}},{"type":"Feature","geometry":{"type":"Point","coordinates":[-94.9707619,29.3776148]},"properties":{"year":1940,"period":"1935-40","kind":"FHA"}},{"type":"Feature","geometry":{"type":"Point","coordinates":[-94.9716094,29.3782811]},"properties":{"year":1950,"period":"1950","kind":"VA"}},{"type":"Feature","geometry":{"type":"Point","coordinates":[-94.9675613,29.3738297]},"properties":{"year":1950,"period":"1950","kind":"VA"}},{"type":"Feature","geometry":{"type":"Point","coordinates":[-94.9817992,29.37096]},"properties":{"year":1960,"period":"1960","kind":"VA"}},{"type":"Feature","geometry":{"type":"Point","coordinates":[-94.9916687,29.3695604]},"properties":{"year":1975,"period":"1975","kind":"VA"}},{"type":"Feature","geometry":{"type":"Point","coordinates":[-95.0917395,29.4152394]},"properties":{"year":1970,"period":"1970","kind":"VA"}},{"type":"Feature","geometry":{"type":"Point","coordinates":[-94.9533398,29.3683281]},"properties":{"year":1965,"period":"1965","kind":"FHA"}},{"type":"Feature","geometry":{"type":"Point","coordinates":[-94.9527647,29.3677036]},"properties":{"year":1970,"period":"1970","kind":"FHA"}},{"type":"Feature","geometry":{"type":"Point","coordinates":[-95.0591209,29.4663583]},"properties":{"year":1975,"period":"1975","kind":"VA"}},{"type":"Feature","geometry":{"type":"Point","coordinates":[-94.9390427,29.3864604]},"properties":{"year":1970,"period":"1970","kind":"FHA"}},{"type":"Feature","geometry":{"type":"Point","coordinates":[-95.0800038,29.515206]},"properties":{"year":1975,"period":"1975","kind":"VA"}},{"type":"Feature","geometry":{"type":"Point","coordinates":[-95.0062691,29.383841]},"properties":{"year":1960,"period":"1960","kind":"FHA"}},{"type":"Feature","geometry":{"type":"Point","coordinates":[-95.0086075,29.3428047]},"properties":{"year":1975,"period":"1975","kind":"FHA"}},{"type":"Feature","geometry":{"type":"Point","coordinates":[-95.0083123,29.3437807]},"properties":{"year":1970,"period":"1970","kind":"VA"}},{"type":"Feature","geometry":{"type":"Point","coordinates":[-95.0440102,29.4025239]},"properties":{"year":1975,"period":"1975","kind":"VA"}},{"type":"Feature","geometry":{"type":"Point","coordinates":[-94.9333139,29.3831005]},"properties":{"year":1970,"period":"1970","kind":"VA"}},{"type":"Feature","geometry":{"type":"Point","coordinates":[-95.0286267,29.5273724]},"properties":{"year":1970,"period":"1970","kind":"VA"}},{"type":"Feature","geometry":{"type":"Point","coordinates":[-95.0128165,29.3883053]},"properties":{"year":1970,"period":"1970","kind":"VA"}},{"type":"Feature","geometry":{"type":"Point","coordinates":[-95.0143518,29.3881556]},"properties":{"year":1975,"period":"1975","kind":"VA"}},{"type":"Feature","geometry":{"type":"Point","coordinates":[-95.0139697,29.3867093]},"properties":{"year":1975,"period":"1975","kind":"VA"}},{"type":"Feature","geometry":{"type":"Point","coordinates":[-95.0127609,29.3863915]},"properties":{"year":1975,"period":"1975","kind":"VA"}},{"type":"Feature","geometry":{"type":"Point","coordinates":[-95.0148218,29.3869325]},"properties":{"year":1970,"period":"1970","kind":"FHA"}},{"type":"Feature","geometry":{"type":"Point","coordinates":[-95.0152995,29.3872857]},"properties":{"year":1975,"period":"1975","kind":"FHA"}},{"type":"Feature","geometry":{"type":"Point","coordinates":[-95.0152995,29.3872857]},"properties":{"year":1970,"period":"1970","kind":"FHA"}},{"type":"Feature","geometry":{"type":"Point","coordinates":[-95.0130292,29.386732]},"properties":{"year":1975,"period":"1975","kind":"VA"}},{"type":"Feature","geometry":{"type":"Point","coordinates":[-95.012857,29.3887593]},"properties":{"year":1970,"period":"1970","kind":"VA"}},{"type":"Feature","geometry":{"type":"Point","coordinates":[-95.0132694,29.3887448]},"properties":{"year":1975,"period":"1975","kind":"VA"}},{"type":"Feature","geometry":{"type":"Point","coordinates":[-95.0138865,29.3887331]},"properties":{"year":1970,"period":"1970","kind":"VA"}},{"type":"Feature","geometry":{"type":"Point","coordinates":[-95.0143275,29.3886705]},"properties":{"year":1970,"period":"1970","kind":"VA"}},{"type":"Feature","geometry":{"type":"Point","coordinates":[-95.0150301,29.3882166]},"properties":{"year":1970,"period":"1970","kind":"FHA"}},{"type":"Feature","geometry":{"type":"Point","coordinates":[-95.0127609,29.3863915]},"properties":{"year":1975,"period":"1975","kind":"VA"}},{"type":"Feature","geometry":{"type":"Point","coordinates":[-95.0126706,29.3871882]},"properties":{"year":1960,"period":"1960","kind":"FHA"}},{"type":"Feature","geometry":{"type":"Point","coordinates":[-95.013449,29.3871327]},"properties":{"year":1960,"period":"1960","kind":"FHA"}},{"type":"Feature","geometry":{"type":"Point","coordinates":[-95.0140866,29.387145]},"properties":{"year":1960,"period":"1960","kind":"FHA"}},{"type":"Feature","geometry":{"type":"Point","coordinates":[-95.0138525,29.3875103]},"properties":{"year":1960,"period":"1960","kind":"FHA"}},{"type":"Feature","geometry":{"type":"Point","coordinates":[-95.0136561,29.3875327]},"properties":{"year":1960,"period":"1960","kind":"FHA"}},{"type":"Feature","geometry":{"type":"Point","coordinates":[-95.0134545,29.3875258]},"properties":{"year":1960,"period":"1960","kind":"FHA"}},{"type":"Feature","geometry":{"type":"Point","coordinates":[-95.0132478,29.3875308]},"properties":{"year":1960,"period":"1960","kind":"FHA"}},{"type":"Feature","geometry":{"type":"Point","coordinates":[-95.0130426,29.3875321]},"properties":{"year":1960,"period":"1960","kind":"FHA"}},{"type":"Feature","geometry":{"type":"Point","coordinates":[-95.0128415,29.3874997]},"properties":{"year":1960,"period":"1960","kind":"FHA"}},{"type":"Feature","geometry":{"type":"Point","coordinates":[-95.012433,29.3879462]},"properties":{"year":1960,"period":"1960","kind":"FHA"}},{"type":"Feature","geometry":{"type":"Point","coordinates":[-95.0132384,29.38793609999999]},"properties":{"year":1960,"period":"1960","kind":"FHA"}},{"type":"Feature","geometry":{"type":"Point","coordinates":[-95.0134449,29.3879683]},"properties":{"year":1960,"period":"1960","kind":"FHA"}},{"type":"Feature","geometry":{"type":"Point","coordinates":[-95.0136498,29.3879216]},"properties":{"year":1960,"period":"1960","kind":"FHA"}},{"type":"Feature","geometry":{"type":"Point","coordinates":[-95.0138605,29.38791689999999]},"properties":{"year":1960,"period":"1960","kind":"FHA"}},{"type":"Feature","geometry":{"type":"Point","coordinates":[-95.0130317,29.3879658]},"properties":{"year":1960,"period":"1960","kind":"FHA"}},{"type":"Feature","geometry":{"type":"Point","coordinates":[-95.0128415,29.3874997]},"properties":{"year":1965,"period":"1965","kind":"FHA"}},{"type":"Feature","geometry":{"type":"Point","coordinates":[-95.1926957,29.4832495]},"properties":{"year":1970,"period":"1970","kind":"FHA"}},{"type":"Feature","geometry":{"type":"Point","coordinates":[-95.1926957,29.4832495]},"properties":{"year":1970,"period":"1970","kind":"VA"}},{"type":"Feature","geometry":{"type":"Point","coordinates":[-95.1934713,29.4835519]},"properties":{"year":1960,"period":"1960","kind":"FHA"}},{"type":"Feature","geometry":{"type":"Point","coordinates":[-95.1938633,29.4837253]},"properties":{"year":1975,"period":"1975","kind":"VA"}},{"type":"Feature","geometry":{"type":"Point","coordinates":[-95.2001449,29.5319612]},"properties":{"year":1975,"period":"1975","kind":"VA"}},{"type":"Feature","geometry":{"type":"Point","coordinates":[-95.1954962,29.4798276]},"properties":{"year":1975,"period":"1975","kind":"VA"}},{"type":"Feature","geometry":{"type":"Point","coordinates":[-95.1954962,29.4798276]},"properties":{"year":1975,"period":"1975","kind":"VA"}},{"type":"Feature","geometry":{"type":"Point","coordinates":[-95.2001449,29.5319612]},"properties":{"year":1975,"period":"1975","kind":"VA"}},{"type":"Feature","geometry":{"type":"Point","coordinates":[-95.1921125,29.4829588]},"properties":{"year":1960,"period":"1960","kind":"FHA"}},{"type":"Feature","geometry":{"type":"Point","coordinates":[-95.1926957,29.4832495]},"properties":{"year":1970,"period":"1970","kind":"VA"}},{"type":"Feature","geometry":{"type":"Point","coordinates":[-95.1938633,29.4837253]},"properties":{"year":1970,"period":"1970","kind":"VA"}},{"type":"Feature","geometry":{"type":"Point","coordinates":[-95.0977693,29.5090698]},"properties":{"year":1950,"period":"1950","kind":"VA"}},{"type":"Feature","geometry":{"type":"Point","coordinates":[-95.0982231,29.5095755]},"properties":{"year":1950,"period":"1950","kind":"VA"}},{"type":"Feature","geometry":{"type":"Point","coordinates":[-95.0982183,29.5085017]},"properties":{"year":1950,"period":"1950","kind":"VA"}},{"type":"Feature","geometry":{"type":"Point","coordinates":[-95.0977417,29.50851149999999]},"properties":{"year":1950,"period":"1950","kind":"VA"}},{"type":"Feature","geometry":{"type":"Point","coordinates":[-95.0936281,29.5099177]},"properties":{"year":1970,"period":"1970","kind":"VA"}},{"type":"Feature","geometry":{"type":"Point","coordinates":[-95.03500040000002,29.3488218]},"properties":{"year":1975,"period":"1975","kind":"VA"}},{"type":"Feature","geometry":{"type":"Point","coordinates":[-95.0339119,29.3507369]},"properties":{"year":1970,"period":"1970","kind":"FHA"}},{"type":"Feature","geometry":{"type":"Point","coordinates":[-95.0350858,29.3501448]},"properties":{"year":1960,"period":"1960","kind":"FHA"}},{"type":"Feature","geometry":{"type":"Point","coordinates":[-95.0345274,29.3488943]},"properties":{"year":1960,"period":"1960","kind":"VA"}},{"type":"Feature","geometry":{"type":"Point","coordinates":[-95.0345274,29.3488943]},"properties":{"year":1960,"period":"1960","kind":"VA"}},{"type":"Feature","geometry":{"type":"Point","coordinates":[-95.0339119,29.3507369]},"properties":{"year":1965,"period":"1965","kind":"FHA"}},{"type":"Feature","geometry":{"type":"Point","coordinates":[-95.0343241,29.3481163]},"properties":{"year":1965,"period":"1965","kind":"FHA"}},{"type":"Feature","geometry":{"type":"Point","coordinates":[-95.0344233,29.3492258]},"properties":{"year":1965,"period":"1965","kind":"FHA"}},{"type":"Feature","geometry":{"type":"Point","coordinates":[-95.0473351,29.4594173]},"properties":{"year":1970,"period":"1970","kind":"FHA"}},{"type":"Feature","geometry":{"type":"Point","coordinates":[-95.0475157,29.4593821]},"properties":{"year":1965,"period":"1965","kind":"VA"}},{"type":"Feature","geometry":{"type":"Point","coordinates":[-95.0475157,29.4593821]},"properties":{"year":1965,"period":"1965","kind":"VA"}},{"type":"Feature","geometry":{"type":"Point","coordinates":[-95.0476206,29.4595745]},"properties":{"year":1950,"period":"1950","kind":"VA"}},{"type":"Feature","geometry":{"type":"Point","coordinates":[-95.0470823,29.4595967]},"properties":{"year":1950,"period":"1950","kind":"FHA"}},{"type":"Feature","geometry":{"type":"Point","coordinates":[-95.0463793,29.4595139]},"properties":{"year":1950,"period":"1950","kind":"VA"}},{"type":"Feature","geometry":{"type":"Point","coordinates":[-95.0473351,29.4594173]},"properties":{"year":1950,"period":"1950","kind":"VA"}},{"type":"Feature","geometry":{"type":"Point","coordinates":[-95.0464303,29.4595374]},"properties":{"year":1950,"period":"1950","kind":"FHA"}},{"type":"Feature","geometry":{"type":"Point","coordinates":[-95.0476206,29.4595745]},"properties":{"year":1950,"period":"1950","kind":"FHA"}},{"type":"Feature","geometry":{"type":"Point","coordinates":[-95.0489148,29.5485551]},"properties":{"year":1975,"period":"1975","kind":"VA"}},{"type":"Feature","geometry":{"type":"Point","coordinates":[-95.0510145,29.5430045]},"properties":{"year":1975,"period":"1975","kind":"FHA"}},{"type":"Feature","geometry":{"type":"Point","coordinates":[-95.0499556,29.5429864]},"properties":{"year":1975,"period":"1975","kind":"VA"}},{"type":"Feature","geometry":{"type":"Point","coordinates":[-95.0484005,29.5428642]},"properties":{"year":1970,"period":"1970","kind":"VA"}},{"type":"Feature","geometry":{"type":"Point","coordinates":[-95.0496932,29.5433843]},"properties":{"year":1975,"period":"1975","kind":"FHA"}},{"type":"Feature","geometry":{"type":"Point","coordinates":[-95.0475187,29.5428618]},"properties":{"year":1975,"period":"1975","kind":"VA"}},{"type":"Feature","geometry":{"type":"Point","coordinates":[-95.0493796,29.544243]},"properties":{"year":1975,"period":"1975","kind":"FHA"}},{"type":"Feature","geometry":{"type":"Point","coordinates":[-95.049688,29.5447713]},"properties":{"year":1970,"period":"1970","kind":"VA"}},{"type":"Feature","geometry":{"type":"Point","coordinates":[-95.0498082,29.5442634]},"properties":{"year":1970,"period":"1970","kind":"VA"}},{"type":"Feature","geometry":{"type":"Point","coordinates":[-95.0490334,29.54468709999999]},"properties":{"year":1975,"period":"1975","kind":"VA"}},{"type":"Feature","geometry":{"type":"Point","coordinates":[-95.0489984,29.5450744]},"properties":{"year":1975,"period":"1975","kind":"VA"}},{"type":"Feature","geometry":{"type":"Point","coordinates":[-95.0497598,29.5451181]},"properties":{"year":1975,"period":"1975","kind":"VA"}},{"type":"Feature","geometry":{"type":"Point","coordinates":[-95.0487894,29.5446511]},"properties":{"year":1975,"period":"1975","kind":"VA"}},{"type":"Feature","geometry":{"type":"Point","coordinates":[-95.051111,29.5460822]},"properties":{"year":1975,"period":"1975","kind":"VA"}},{"type":"Feature","geometry":{"type":"Point","coordinates":[-95.0508999,29.5460794]},"properties":{"year":1975,"period":"1975","kind":"FHA"}},{"type":"Feature","geometry":{"type":"Point","coordinates":[-95.0495777,29.5455636]},"properties":{"year":1975,"period":"1975","kind":"VA"}},{"type":"Feature","geometry":{"type":"Point","coordinates":[-95.051111,29.5460822]},"properties":{"year":1970,"period":"1970","kind":"VA"}},{"type":"Feature","geometry":{"type":"Point","coordinates":[-95.051111,29.5460822]},"properties":{"year":1970,"period":"1970","kind":"VA"}},{"type":"Feature","geometry":{"type":"Point","coordinates":[-94.9685022,29.3588258]},"properties":{"year":1970,"period":"1970","kind":"VA"}},{"type":"Feature","geometry":{"type":"Point","coordinates":[-95.0764744,29.5111451]},"properties":{"year":1970,"period":"1970","kind":"VA"}},{"type":"Feature","geometry":{"type":"Point","coordinates":[-94.8370895,29.2704911]},"properties":{"year":1960,"period":"1960","kind":"FHA"}},{"type":"Feature","geometry":{"type":"Point","coordinates":[-94.8367222,29.2705953]},"properties":{"year":1975,"period":"1975","kind":"VA"}},{"type":"Feature","geometry":{"type":"Point","coordinates":[-94.8360459,29.2709052]},"properties":{"year":1960,"period":"1960","kind":"FHA"}},{"type":"Feature","geometry":{"type":"Point","coordinates":[-94.8358426,29.2709643]},"properties":{"year":1960,"period":"1960","kind":"FHA"}},{"type":"Feature","geometry":{"type":"Point","coordinates":[-94.8356665,29.2710411]},"properties":{"year":1960,"period":"1960","kind":"FHA"}},{"type":"Feature","geometry":{"type":"Point","coordinates":[-94.8356665,29.2710411]},"properties":{"year":1960,"period":"1960","kind":"FHA"}},{"type":"Feature","geometry":{"type":"Point","coordinates":[-94.8346358,29.2714794]},"properties":{"year":1960,"period":"1960","kind":"VA"}},{"type":"Feature","geometry":{"type":"Point","coordinates":[-94.8339221,29.2713347]},"properties":{"year":1960,"period":"1960","kind":"VA"}},{"type":"Feature","geometry":{"type":"Point","coordinates":[-94.8367509,29.2698529]},"properties":{"year":1960,"period":"1960","kind":"VA"}},{"type":"Feature","geometry":{"type":"Point","coordinates":[-94.8358641,29.2702096]},"properties":{"year":1960,"period":"1960","kind":"FHA"}},{"type":"Feature","geometry":{"type":"Point","coordinates":[-94.8357171,29.270281]},"properties":{"year":1960,"period":"1960","kind":"FHA"}},{"type":"Feature","geometry":{"type":"Point","coordinates":[-94.835512,29.2703385]},"properties":{"year":1960,"period":"1960","kind":"FHA"}},{"type":"Feature","geometry":{"type":"Point","coordinates":[-94.8353435,29.2704317]},"properties":{"year":1960,"period":"1960","kind":"FHA"}},{"type":"Feature","geometry":{"type":"Point","coordinates":[-94.8348191,29.2701866]},"properties":{"year":1960,"period":"1960","kind":"FHA"}},{"type":"Feature","geometry":{"type":"Point","coordinates":[-94.3901546,29.5674724]},"properties":{"year":1975,"period":"1975","kind":"VA"}},{"type":"Feature","geometry":{"type":"Point","coordinates":[-95.0644727,29.46685039999999]},"properties":{"year":1970,"period":"1970","kind":"VA"}},{"type":"Feature","geometry":{"type":"Point","coordinates":[-95.0647821,29.4666353]},"properties":{"year":1970,"period":"1970","kind":"VA"}},{"type":"Feature","geometry":{"type":"Point","coordinates":[-95.0647821,29.4666353]},"properties":{"year":1970,"period":"1970","kind":"VA"}},{"type":"Feature","geometry":{"type":"Point","coordinates":[-95.0644759,29.4662974]},"properties":{"year":1970,"period":"1970","kind":"VA"}},{"type":"Feature","geometry":{"type":"Point","coordinates":[-95.0351618,29.360344]},"properties":{"year":1975,"period":"1975","kind":"VA"}},{"type":"Feature","geometry":{"type":"Point","coordinates":[-95.0345808,29.3576003]},"properties":{"year":1960,"period":"1960","kind":"VA"}},{"type":"Feature","geometry":{"type":"Point","coordinates":[-95.0345808,29.3576003]},"properties":{"year":1960,"period":"1960","kind":"VA"}},{"type":"Feature","geometry":{"type":"Point","coordinates":[-95.0336571,29.3597638]},"properties":{"year":1960,"period":"1960","kind":"VA"}},{"type":"Feature","geometry":{"type":"Point","coordinates":[-95.0336571,29.3597638]},"properties":{"year":1960,"period":"1960","kind":"VA"}},{"type":"Feature","geometry":{"type":"Point","coordinates":[-95.0346875,29.358968]},"properties":{"year":1960,"period":"1960","kind":"VA"}},{"type":"Feature","geometry":{"type":"Point","coordinates":[-95.0346875,29.358968]},"properties":{"year":1960,"period":"1960","kind":"VA"}},{"type":"Feature","geometry":{"type":"Point","coordinates":[-95.0348775,29.358669]},"properties":{"year":1965,"period":"1965","kind":"VA"}},{"type":"Feature","geometry":{"type":"Point","coordinates":[-95.0348775,29.358669]},"properties":{"year":1965,"period":"1965","kind":"VA"}},{"type":"Feature","geometry":{"type":"Point","coordinates":[-95.0359393,29.35988619999999]},"properties":{"year":1965,"period":"1965","kind":"VA"}},{"type":"Feature","geometry":{"type":"Point","coordinates":[-95.0359393,29.35988619999999]},"properties":{"year":1965,"period":"1965","kind":"VA"}},{"type":"Feature","geometry":{"type":"Point","coordinates":[-95.0361174,29.3599163]},"properties":{"year":1975,"period":"1975","kind":"VA"}},{"type":"Feature","geometry":{"type":"Point","coordinates":[-95.0369974,29.3592522]},"properties":{"year":1960,"period":"1960","kind":"VA"}},{"type":"Feature","geometry":{"type":"Point","coordinates":[-95.0366918,29.3590565]},"properties":{"year":1970,"period":"1970","kind":"VA"}},{"type":"Feature","geometry":{"type":"Point","coordinates":[-95.035817,29.3590502]},"properties":{"year":1975,"period":"1975","kind":"VA"}},{"type":"Feature","geometry":{"type":"Point","coordinates":[-95.0351618,29.360344]},"properties":{"year":1975,"period":"1975","kind":"VA"}},{"type":"Feature","geometry":{"type":"Point","coordinates":[-95.0370674,29.3602455]},"properties":{"year":1970,"period":"1970","kind":"FHA"}},{"type":"Feature","geometry":{"type":"Point","coordinates":[-95.0363035,29.3598919]},"properties":{"year":1965,"period":"1965","kind":"VA"}},{"type":"Feature","geometry":{"type":"Point","coordinates":[-95.0363035,29.3598919]},"properties":{"year":1965,"period":"1965","kind":"VA"}},{"type":"Feature","geometry":{"type":"Point","coordinates":[-94.8389548,29.2701926]},"properties":{"year":1960,"period":"1960","kind":"FHA"}},{"type":"Feature","geometry":{"type":"Point","coordinates":[-94.8392192,29.2626352]},"properties":{"year":1965,"period":"1965","kind":"FHA"}},{"type":"Feature","geometry":{"type":"Point","coordinates":[-94.8245459,29.2696118]},"properties":{"year":1950,"period":"1950","kind":"VA"}},{"type":"Feature","geometry":{"type":"Point","coordinates":[-94.8264936,29.2701123]},"properties":{"year":1975,"period":"1975","kind":"VA"}},{"type":"Feature","geometry":{"type":"Point","coordinates":[-94.8263056,29.2697522]},"properties":{"year":1975,"period":"1975","kind":"VA"}},{"type":"Feature","geometry":{"type":"Point","coordinates":[-94.8388894,29.2700475]},"properties":{"year":1960,"period":"1960","kind":"VA"}},{"type":"Feature","geometry":{"type":"Point","coordinates":[-94.8397811,29.2692221]},"properties":{"year":1965,"period":"1965","kind":"VA"}},{"type":"Feature","geometry":{"type":"Point","coordinates":[-94.8413304,29.2681383]},"properties":{"year":1960,"period":"1960","kind":"FHA"}},{"type":"Feature","geometry":{"type":"Point","coordinates":[-94.8385771,29.2703309]},"properties":{"year":1960,"period":"1960","kind":"FHA"}},{"type":"Feature","geometry":{"type":"Point","coordinates":[-94.8399186,29.2716448]},"properties":{"year":1965,"period":"1965","kind":"FHA"}},{"type":"Feature","geometry":{"type":"Point","coordinates":[-94.8405637,29.2700569]},"properties":{"year":1965,"period":"1965","kind":"FHA"}},{"type":"Feature","geometry":{"type":"Point","coordinates":[-94.8398309,29.2703176]},"properties":{"year":1960,"period":"1960","kind":"FHA"}},{"type":"Feature","geometry":{"type":"Point","coordinates":[-94.8416167,29.2692564]},"properties":{"year":1965,"period":"1965","kind":"FHA"}},{"type":"Feature","geometry":{"type":"Point","coordinates":[-94.8400533,29.2698943]},"properties":{"year":1960,"period":"1960","kind":"VA"}},{"type":"Feature","geometry":{"type":"Point","coordinates":[-94.8402642,29.26985719999999]},"properties":{"year":1960,"period":"1960","kind":"FHA"}},{"type":"Feature","geometry":{"type":"Point","coordinates":[-94.8404306,29.269768]},"properties":{"year":1960,"period":"1960","kind":"VA"}},{"type":"Feature","geometry":{"type":"Point","coordinates":[-94.8412694,29.2689895]},"properties":{"year":1965,"period":"1965","kind":"FHA"}},{"type":"Feature","geometry":{"type":"Point","coordinates":[-94.8393807,29.2702015]},"properties":{"year":1960,"period":"1960","kind":"VA"}},{"type":"Feature","geometry":{"type":"Point","coordinates":[-94.8389548,29.2701926]},"properties":{"year":1965,"period":"1965","kind":"FHA"}},{"type":"Feature","geometry":{"type":"Point","coordinates":[-94.8389548,29.2701926]},"properties":{"year":1965,"period":"1965","kind":"FHA"}},{"type":"Feature","geometry":{"type":"Point","coordinates":[-94.8423769,29.2689581]},"properties":{"year":1965,"period":"1965","kind":"FHA"}},{"type":"Feature","geometry":{"type":"Point","coordinates":[-94.8398243,29.2714504]},"properties":{"year":1960,"period":"1960","kind":"FHA"}},{"type":"Feature","geometry":{"type":"Point","coordinates":[-94.8396862,29.27115899999999]},"properties":{"year":1960,"period":"1960","kind":"VA"}},{"type":"Feature","geometry":{"type":"Point","coordinates":[-94.8414431,29.2659266]},"properties":{"year":1965,"period":"1965","kind":"FHA"}},{"type":"Feature","geometry":{"type":"Point","coordinates":[-94.8411878,29.2654758]},"properties":{"year":1965,"period":"1965","kind":"FHA"}},{"type":"Feature","geometry":{"type":"Point","coordinates":[-94.8397632,29.2627789]},"properties":{"year":1965,"period":"1965","kind":"FHA"}},{"type":"Feature","geometry":{"type":"Point","coordinates":[-94.8395947,29.2624876]},"properties":{"year":1965,"period":"1965","kind":"FHA"}},{"type":"Feature","geometry":{"type":"Point","coordinates":[-94.8392944,29.2627909]},"properties":{"year":1965,"period":"1965","kind":"FHA"}},{"type":"Feature","geometry":{"type":"Point","coordinates":[-94.8394443,29.2631025]},"properties":{"year":1965,"period":"1965","kind":"FHA"}},{"type":"Feature","geometry":{"type":"Point","coordinates":[-94.8413494,29.2657722]},"properties":{"year":1965,"period":"1965","kind":"FHA"}},{"type":"Feature","geometry":{"type":"Point","coordinates":[-94.8410321,29.2651787]},"properties":{"year":1965,"period":"1965","kind":"FHA"}},{"type":"Feature","geometry":{"type":"Point","coordinates":[-94.8396848,29.2626351]},"properties":{"year":1965,"period":"1965","kind":"FHA"}},{"type":"Feature","geometry":{"type":"Point","coordinates":[-94.8410546,29.2660794]},"properties":{"year":1965,"period":"1965","kind":"FHA"}},{"type":"Feature","geometry":{"type":"Point","coordinates":[-95.0360239,29.470738]},"properties":{"year":1970,"period":"1970","kind":"VA"}},{"type":"Feature","geometry":{"type":"Point","coordinates":[-95.1987908,29.5320664]},"properties":{"year":1965,"period":"1965","kind":"FHA"}},{"type":"Feature","geometry":{"type":"Point","coordinates":[-95.1979313,29.5309646]},"properties":{"year":1965,"period":"1965","kind":"FHA"}},{"type":"Feature","geometry":{"type":"Point","coordinates":[-95.1978043,29.5314386]},"properties":{"year":1965,"period":"1965","kind":"FHA"}},{"type":"Feature","geometry":{"type":"Point","coordinates":[-94.949148,29.4010994]},"properties":{"year":1960,"period":"1960","kind":"FHA"}},{"type":"Feature","geometry":{"type":"Point","coordinates":[-94.949148,29.4010994]},"properties":{"year":1965,"period":"1965","kind":"FHA"}},{"type":"Feature","geometry":{"type":"Point","coordinates":[-94.9488242,29.4014551]},"properties":{"year":1960,"period":"1960","kind":"FHA"}},{"type":"Feature","geometry":{"type":"Point","coordinates":[-94.9482646,29.4014723]},"properties":{"year":1965,"period":"1965","kind":"FHA"}},{"type":"Feature","geometry":{"type":"Point","coordinates":[-94.9478851,29.4010945]},"properties":{"year":1960,"period":"1960","kind":"FHA"}},{"type":"Feature","geometry":{"type":"Point","coordinates":[-94.9480749,29.4014867]},"properties":{"year":1960,"period":"1960","kind":"FHA"}},{"type":"Feature","geometry":{"type":"Point","coordinates":[-94.9493201,29.4006796]},"properties":{"year":1975,"period":"1975","kind":"VA"}},{"type":"Feature","geometry":{"type":"Point","coordinates":[-94.9493201,29.4006796]},"properties":{"year":1975,"period":"1975","kind":"VA"}},{"type":"Feature","geometry":{"type":"Point","coordinates":[-94.949149,29.4003488]},"properties":{"year":1970,"period":"1970","kind":"VA"}},{"type":"Feature","geometry":{"type":"Point","coordinates":[-94.9498867,29.4003189]},"properties":{"year":1960,"period":"1960","kind":"FHA"}},{"type":"Feature","geometry":{"type":"Point","coordinates":[-94.9482458,29.4007059]},"properties":{"year":1965,"period":"1965","kind":"FHA"}},{"type":"Feature","geometry":{"type":"Point","coordinates":[-94.9477061,29.4007099]},"properties":{"year":1960,"period":"1960","kind":"FHA"}},{"type":"Feature","geometry":{"type":"Point","coordinates":[-94.9477061,29.4007099]},"properties":{"year":1975,"period":"1975","kind":"FHA"}},{"type":"Feature","geometry":{"type":"Point","coordinates":[-94.9495365,29.39991]},"properties":{"year":1970,"period":"1970","kind":"VA"}},{"type":"Feature","geometry":{"type":"Point","coordinates":[-94.9502515,29.39993819999999]},"properties":{"year":1960,"period":"1960","kind":"VA"}},{"type":"Feature","geometry":{"type":"Point","coordinates":[-94.9502515,29.39993819999999]},"properties":{"year":1960,"period":"1960","kind":"VA"}},{"type":"Feature","geometry":{"type":"Point","coordinates":[-94.9476972,29.3995534]},"properties":{"year":1965,"period":"1965","kind":"VA"}},{"type":"Feature","geometry":{"type":"Point","coordinates":[-94.9479083,29.3995585]},"properties":{"year":1965,"period":"1965","kind":"VA"}},{"type":"Feature","geometry":{"type":"Point","coordinates":[-94.9479083,29.3995585]},"properties":{"year":1965,"period":"1965","kind":"VA"}},{"type":"Feature","geometry":{"type":"Point","coordinates":[-94.9498829,29.398774]},"properties":{"year":1960,"period":"1960","kind":"FHA"}},{"type":"Feature","geometry":{"type":"Point","coordinates":[-94.9500643,29.3987836]},"properties":{"year":1960,"period":"1960","kind":"FHA"}},{"type":"Feature","geometry":{"type":"Point","coordinates":[-94.9502594,29.3987536]},"properties":{"year":1960,"period":"1960","kind":"FHA"}},{"type":"Feature","geometry":{"type":"Point","coordinates":[-94.9475194,29.3991661]},"properties":{"year":1965,"period":"1965","kind":"VA"}},{"type":"Feature","geometry":{"type":"Point","coordinates":[-94.9475194,29.3991661]},"properties":{"year":1965,"period":"1965","kind":"VA"}},{"type":"Feature","geometry":{"type":"Point","coordinates":[-94.9467787,29.399839]},"properties":{"year":1960,"period":"1960","kind":"FHA"}},{"type":"Feature","geometry":{"type":"Point","coordinates":[-94.9465954,29.3998538]},"properties":{"year":1960,"period":"1960","kind":"FHA"}},{"type":"Feature","geometry":{"type":"Point","coordinates":[-94.9467585,29.3994585]},"properties":{"year":1960,"period":"1960","kind":"FHA"}},{"type":"Feature","geometry":{"type":"Point","coordinates":[-94.9464078,29.3994693]},"properties":{"year":1960,"period":"1960","kind":"FHA"}},{"type":"Feature","geometry":{"type":"Point","coordinates":[-94.9464078,29.3994693]},"properties":{"year":1965,"period":"1965","kind":"FHA"}},{"type":"Feature","geometry":{"type":"Point","coordinates":[-94.9467558,29.3987506]},"properties":{"year":1960,"period":"1960","kind":"FHA"}},{"type":"Feature","geometry":{"type":"Point","coordinates":[-94.9467082,29.3987098]},"properties":{"year":1960,"period":"1960","kind":"FHA"}},{"type":"Feature","geometry":{"type":"Point","coordinates":[-94.9500526,29.3995658]},"properties":{"year":1975,"period":"1975","kind":"VA"}},{"type":"Feature","geometry":{"type":"Point","coordinates":[-94.9926332,29.3782554]},"properties":{"year":1975,"period":"1975","kind":"VA"}},{"type":"Feature","geometry":{"type":"Point","coordinates":[-94.9926332,29.3782554]},"properties":{"year":1965,"period":"1965","kind":"FHA"}},{"type":"Feature","geometry":{"type":"Point","coordinates":[-94.9926332,29.3782554]},"properties":{"year":1975,"period":"1975","kind":"VA"}},{"type":"Feature","geometry":{"type":"Point","coordinates":[-95.060143,29.4615495]},"properties":{"year":1950,"period":"1950","kind":"VA"}},{"type":"Feature","geometry":{"type":"Point","coordinates":[-95.0495934,29.4622083]},"properties":{"year":1970,"period":"1970","kind":"VA"}},{"type":"Feature","geometry":{"type":"Point","coordinates":[-95.0068116,29.3810336]},"properties":{"year":1975,"period":"1975","kind":"VA"}},{"type":"Feature","geometry":{"type":"Point","coordinates":[-94.9596933,29.3712443]},"properties":{"year":1965,"period":"1965","kind":"FHA"}},{"type":"Feature","geometry":{"type":"Point","coordinates":[-95.1085146,29.5028778]},"properties":{"year":1975,"period":"1975","kind":"VA"}},{"type":"Feature","geometry":{"type":"Point","coordinates":[-95.1084203,29.4984528]},"properties":{"year":1975,"period":"1975","kind":"FHA"}},{"type":"Feature","geometry":{"type":"Point","coordinates":[-95.1090383,29.5028727]},"properties":{"year":1965,"period":"1965","kind":"FHA"}},{"type":"Feature","geometry":{"type":"Point","coordinates":[-95.1100238,29.4994741]},"properties":{"year":1970,"period":"1970","kind":"VA"}},{"type":"Feature","geometry":{"type":"Point","coordinates":[-94.979962,29.3672685]},"properties":{"year":1970,"period":"1970","kind":"VA"}},{"type":"Feature","geometry":{"type":"Point","coordinates":[-94.979962,29.3672685]},"properties":{"year":1970,"period":"1970","kind":"VA"}},{"type":"Feature","geometry":{"type":"Point","coordinates":[-94.9846118,29.3653604]},"properties":{"year":1975,"period":"1975","kind":"VA"}},{"type":"Feature","geometry":{"type":"Point","coordinates":[-94.9840644,29.3652738]},"properties":{"year":1975,"period":"1975","kind":"FHA"}},{"type":"Feature","geometry":{"type":"Point","coordinates":[-94.979962,29.3672685]},"properties":{"year":1950,"period":"1950","kind":"FHA"}},{"type":"Feature","geometry":{"type":"Point","coordinates":[-94.9857808,29.362873]},"properties":{"year":1950,"period":"1950","kind":"FHA"}},{"type":"Feature","geometry":{"type":"Point","coordinates":[-94.9863799,29.3653511]},"properties":{"year":1965,"period":"1965","kind":"FHA"}},{"type":"Feature","geometry":{"type":"Point","coordinates":[-95.029978,29.3557478]},"properties":{"year":1970,"period":"1970","kind":"FHA"}},{"type":"Feature","geometry":{"type":"Point","coordinates":[-94.9821152,29.3686854]},"properties":{"year":1950,"period":"1950","kind":"VA"}},{"type":"Feature","geometry":{"type":"Point","coordinates":[-94.9823522,29.3687161]},"properties":{"year":1950,"period":"1950","kind":"VA"}},{"type":"Feature","geometry":{"type":"Point","coordinates":[-94.982347,29.3693005]},"properties":{"year":1950,"period":"1950","kind":"VA"}},{"type":"Feature","geometry":{"type":"Point","coordinates":[-94.9820985,29.369251]},"properties":{"year":1950,"period":"1950","kind":"VA"}},{"type":"Feature","geometry":{"type":"Point","coordinates":[-94.9819587,29.3697223]},"properties":{"year":1950,"period":"1950","kind":"VA"}},{"type":"Feature","geometry":{"type":"Point","coordinates":[-94.8358964,29.2762099]},"properties":{"year":1970,"period":"1970","kind":"VA"}},{"type":"Feature","geometry":{"type":"Point","coordinates":[-95.200522,29.5376112]},"properties":{"year":1975,"period":"1975","kind":"VA"}},{"type":"Feature","geometry":{"type":"Point","coordinates":[-95.1991638,29.5340867]},"properties":{"year":1965,"period":"1965","kind":"VA"}},{"type":"Feature","geometry":{"type":"Point","coordinates":[-95.2024591,29.52149]},"properties":{"year":1970,"period":"1970","kind":"VA"}},{"type":"Feature","geometry":{"type":"Point","coordinates":[-95.2059132,29.5188811]},"properties":{"year":1975,"period":"1975","kind":"VA"}},{"type":"Feature","geometry":{"type":"Point","coordinates":[-95.2006137,29.5185458]},"properties":{"year":1975,"period":"1975","kind":"VA"}},{"type":"Feature","geometry":{"type":"Point","coordinates":[-95.0361982,29.3552559]},"properties":{"year":1950,"period":"1950","kind":"VA"}},{"type":"Feature","geometry":{"type":"Point","coordinates":[-95.0366422,29.3554173]},"properties":{"year":1950,"period":"1950","kind":"VA"}},{"type":"Feature","geometry":{"type":"Point","coordinates":[-94.9566315,29.36896209999999]},"properties":{"year":1970,"period":"1970","kind":"FHA"}},{"type":"Feature","geometry":{"type":"Point","coordinates":[-94.9570705,29.3685944]},"properties":{"year":1940,"period":"1935-40","kind":"FHA"}},{"type":"Feature","geometry":{"type":"Point","coordinates":[-94.828246,29.283082]},"properties":{"year":1950,"period":"1950","kind":"FHA"}},{"type":"Feature","geometry":{"type":"Point","coordinates":[-94.8279385,29.2831618]},"properties":{"year":1965,"period":"1965","kind":"FHA"}},{"type":"Feature","geometry":{"type":"Point","coordinates":[-94.8278192,29.2827739]},"properties":{"year":1950,"period":"1950","kind":"FHA"}},{"type":"Feature","geometry":{"type":"Point","coordinates":[-94.8279683,29.28274609999999]},"properties":{"year":1950,"period":"1950","kind":"VA"}},{"type":"Feature","geometry":{"type":"Point","coordinates":[-94.8283211,29.2824322]},"properties":{"year":1950,"period":"1950","kind":"FHA"}},{"type":"Feature","geometry":{"type":"Point","coordinates":[-94.844845,29.260734]},"properties":{"year":1965,"period":"1965","kind":"VA"}},{"type":"Feature","geometry":{"type":"Point","coordinates":[-94.8442252,29.2595552]},"properties":{"year":1965,"period":"1965","kind":"FHA"}},{"type":"Feature","geometry":{"type":"Point","coordinates":[-94.8445664,29.2584703]},"properties":{"year":1965,"period":"1965","kind":"FHA"}},{"type":"Feature","geometry":{"type":"Point","coordinates":[-94.8418887,29.2601457]},"properties":{"year":1965,"period":"1965","kind":"FHA"}},{"type":"Feature","geometry":{"type":"Point","coordinates":[-94.8449446,29.2608528]},"properties":{"year":1965,"period":"1965","kind":"VA"}},{"type":"Feature","geometry":{"type":"Point","coordinates":[-94.8435366,29.26139139999999]},"properties":{"year":1965,"period":"1965","kind":"VA"}},{"type":"Feature","geometry":{"type":"Point","coordinates":[-94.8453147,29.25891]},"properties":{"year":1965,"period":"1965","kind":"VA"}},{"type":"Feature","geometry":{"type":"Point","coordinates":[-94.8447113,29.2604433]},"properties":{"year":1965,"period":"1965","kind":"FHA"}},{"type":"Feature","geometry":{"type":"Point","coordinates":[-94.8446589,29.2586352]},"properties":{"year":1965,"period":"1965","kind":"VA"}},{"type":"Feature","geometry":{"type":"Point","coordinates":[-94.8276632,29.2828078]},"properties":{"year":1950,"period":"1950","kind":"FHA"}},{"type":"Feature","geometry":{"type":"Point","coordinates":[-95.0353207,29.524515]},"properties":{"year":1950,"period":"1950","kind":"VA"}},{"type":"Feature","geometry":{"type":"Point","coordinates":[-94.9341595,29.3853688]},"properties":{"year":1975,"period":"1975","kind":"VA"}},{"type":"Feature","geometry":{"type":"Point","coordinates":[-94.9341595,29.3853688]},"properties":{"year":1975,"period":"1975","kind":"VA"}},{"type":"Feature","geometry":{"type":"Point","coordinates":[-94.4850467,29.51312579999999]},"properties":{"year":1970,"period":"1970","kind":"VA"}},{"type":"Feature","geometry":{"type":"Point","coordinates":[-94.9673746,29.3802956]},"properties":{"year":1975,"period":"1975","kind":"VA"}},{"type":"Feature","geometry":{"type":"Point","coordinates":[-95.0847417,29.3748714]},"properties":{"year":1975,"period":"1975","kind":"VA"}},{"type":"Feature","geometry":{"type":"Point","coordinates":[-95.0855426,29.5197278]},"properties":{"year":1970,"period":"1970","kind":"VA"}},{"type":"Feature","geometry":{"type":"Point","coordinates":[-94.9393077,29.3940553]},"properties":{"year":1965,"period":"1965","kind":"VA"}},{"type":"Feature","geometry":{"type":"Point","coordinates":[-94.9400451,29.3931886]},"properties":{"year":1965,"period":"1965","kind":"VA"}},{"type":"Feature","geometry":{"type":"Point","coordinates":[-94.9398686,29.3931819]},"properties":{"year":1975,"period":"1975","kind":"FHA"}},{"type":"Feature","geometry":{"type":"Point","coordinates":[-94.9392759,29.3931777]},"properties":{"year":1965,"period":"1965","kind":"FHA"}},{"type":"Feature","geometry":{"type":"Point","coordinates":[-94.9391046,29.394496]},"properties":{"year":1965,"period":"1965","kind":"FHA"}},{"type":"Feature","geometry":{"type":"Point","coordinates":[-94.9746963,29.3668443]},"properties":{"year":1965,"period":"1965","kind":"FHA"}},{"type":"Feature","geometry":{"type":"Point","coordinates":[-94.9261455,29.3992846]},"properties":{"year":1975,"period":"1975","kind":"FHA"}},{"type":"Feature","geometry":{"type":"Point","coordinates":[-94.9267454,29.3906193]},"properties":{"year":1950,"period":"1950","kind":"VA"}},{"type":"Feature","geometry":{"type":"Point","coordinates":[-94.9258686,29.39928729999999]},"properties":{"year":1965,"period":"1965","kind":"FHA"}},{"type":"Feature","geometry":{"type":"Point","coordinates":[-94.9260555,29.3949868]},"properties":{"year":1960,"period":"1960","kind":"FHA"}},{"type":"Feature","geometry":{"type":"Point","coordinates":[-94.9260461,29.38551339999999]},"properties":{"year":1975,"period":"1975","kind":"VA"}},{"type":"Feature","geometry":{"type":"Point","coordinates":[-94.9267143,29.3845198]},"properties":{"year":1975,"period":"1975","kind":"VA"}},{"type":"Feature","geometry":{"type":"Point","coordinates":[-94.9267143,29.3845198]},"properties":{"year":1975,"period":"1975","kind":"VA"}},{"type":"Feature","geometry":{"type":"Point","coordinates":[-94.9343409,29.4051867]},"properties":{"year":1970,"period":"1970","kind":"FHA"}},{"type":"Feature","geometry":{"type":"Point","coordinates":[-94.9273047,29.3988096]},"properties":{"year":1970,"period":"1970","kind":"FHA"}},{"type":"Feature","geometry":{"type":"Point","coordinates":[-94.9136649,29.3808983]},"properties":{"year":1975,"period":"1975","kind":"FHA"}},{"type":"Feature","geometry":{"type":"Point","coordinates":[-94.9136649,29.3808983]},"properties":{"year":1970,"period":"1970","kind":"FHA"}},{"type":"Feature","geometry":{"type":"Point","coordinates":[-94.9476727,29.38336979999999]},"properties":{"year":1970,"period":"1970","kind":"VA"}},{"type":"Feature","geometry":{"type":"Point","coordinates":[-94.9112991,29.3795303]},"properties":{"year":1970,"period":"1970","kind":"VA"}},{"type":"Feature","geometry":{"type":"Point","coordinates":[-94.9272618,29.3963741]},"properties":{"year":1960,"period":"1960","kind":"FHA"}},{"type":"Feature","geometry":{"type":"Point","coordinates":[-94.9258601,29.3871492]},"properties":{"year":1950,"period":"1950","kind":"VA"}},{"type":"Feature","geometry":{"type":"Point","coordinates":[-94.9254356,29.38516529999999]},"properties":{"year":1975,"period":"1975","kind":"FHA"}},{"type":"Feature","geometry":{"type":"Point","coordinates":[-94.9274431,29.3920389]},"properties":{"year":1975,"period":"1975","kind":"FHA"}},{"type":"Feature","geometry":{"type":"Point","coordinates":[-94.9274431,29.3920389]},"properties":{"year":1975,"period":"1975","kind":"FHA"}},{"type":"Feature","geometry":{"type":"Point","coordinates":[-94.9487064,29.3846841]},"properties":{"year":1975,"period":"1975","kind":"VA"}},{"type":"Feature","geometry":{"type":"Point","coordinates":[-94.9470999,29.3848592]},"properties":{"year":1975,"period":"1975","kind":"VA"}},{"type":"Feature","geometry":{"type":"Point","coordinates":[-94.9470999,29.3848592]},"properties":{"year":1970,"period":"1970","kind":"FHA"}},{"type":"Feature","geometry":{"type":"Point","coordinates":[-94.9273047,29.3988096]},"properties":{"year":1975,"period":"1975","kind":"VA"}},{"type":"Feature","geometry":{"type":"Point","coordinates":[-95.0228837,29.3397918]},"properties":{"year":1975,"period":"1975","kind":"VA"}},{"type":"Feature","geometry":{"type":"Point","coordinates":[-95.0479865,29.4489354]},"properties":{"year":1940,"period":"1935-40","kind":"FHA"}},{"type":"Feature","geometry":{"type":"Point","coordinates":[-95.0999415,29.5145515]},"properties":{"year":1950,"period":"1950","kind":"FHA"}},{"type":"Feature","geometry":{"type":"Point","coordinates":[-94.9367099,29.3893845]},"properties":{"year":1960,"period":"1960","kind":"FHA"}},{"type":"Feature","geometry":{"type":"Point","coordinates":[-94.9568212,29.3629546]},"properties":{"year":1950,"period":"1950","kind":"FHA"}},{"type":"Feature","geometry":{"type":"Point","coordinates":[-94.9575842,29.3637418]},"properties":{"year":1940,"period":"1935-40","kind":"FHA"}},{"type":"Feature","geometry":{"type":"Point","coordinates":[-94.9879989,29.3751037]},"properties":{"year":1970,"period":"1970","kind":"VA"}},{"type":"Feature","geometry":{"type":"Point","coordinates":[-94.7713798,29.3165861]},"properties":{"year":1975,"period":"1975","kind":"VA"}},{"type":"Feature","geometry":{"type":"Point","coordinates":[-94.928622,29.3970073]},"properties":{"year":1975,"period":"1975","kind":"VA"}},{"type":"Feature","geometry":{"type":"Point","coordinates":[-94.8416329,29.2685241]},"properties":{"year":1970,"period":"1970","kind":"VA"}},{"type":"Feature","geometry":{"type":"Point","coordinates":[-94.8416329,29.2685241]},"properties":{"year":1970,"period":"1970","kind":"VA"}},{"type":"Feature","geometry":{"type":"Point","coordinates":[-94.6667928,29.4493161]},"properties":{"year":1975,"period":"1975","kind":"VA"}},{"type":"Feature","geometry":{"type":"Point","coordinates":[-94.933946,29.4141165]},"properties":{"year":1975,"period":"1975","kind":"VA"}},{"type":"Feature","geometry":{"type":"Point","coordinates":[-94.9362695,29.4136654]},"properties":{"year":1975,"period":"1975","kind":"VA"}},{"type":"Feature","geometry":{"type":"Point","coordinates":[-94.9364841,29.4136566]},"properties":{"year":1975,"period":"1975","kind":"VA"}},{"type":"Feature","geometry":{"type":"Point","coordinates":[-94.9366549,29.4136737]},"properties":{"year":1975,"period":"1975","kind":"VA"}},{"type":"Feature","geometry":{"type":"Point","coordinates":[-94.9608175,29.3666348]},"properties":{"year":1975,"period":"1975","kind":"VA"}},{"type":"Feature","geometry":{"type":"Point","coordinates":[-94.9609213,29.3659837]},"properties":{"year":1965,"period":"1965","kind":"FHA"}},{"type":"Feature","geometry":{"type":"Point","coordinates":[-94.93301,29.3821137]},"properties":{"year":1940,"period":"1935-40","kind":"FHA"}},{"type":"Feature","geometry":{"type":"Point","coordinates":[-94.9899794,29.3735589]},"properties":{"year":1960,"period":"1960","kind":"FHA"}},{"type":"Feature","geometry":{"type":"Point","coordinates":[-94.7713162,29.3180695]},"properties":{"year":1950,"period":"1950","kind":"FHA"}},{"type":"Feature","geometry":{"type":"Point","coordinates":[-95.2218485,29.4965032]},"properties":{"year":1975,"period":"1975","kind":"FHA"}},{"type":"Feature","geometry":{"type":"Point","coordinates":[-94.9590374,29.36237879999999]},"properties":{"year":1965,"period":"1965","kind":"FHA"}},{"type":"Feature","geometry":{"type":"Point","coordinates":[-94.9579253,29.3605604]},"properties":{"year":1975,"period":"1975","kind":"VA"}},{"type":"Feature","geometry":{"type":"Point","coordinates":[-94.9579253,29.3605604]},"properties":{"year":1975,"period":"1975","kind":"VA"}},{"type":"Feature","geometry":{"type":"Point","coordinates":[-94.9579253,29.3605604]},"properties":{"year":1970,"period":"1970","kind":"VA"}},{"type":"Feature","geometry":{"type":"Point","coordinates":[-94.9577721,29.3606862]},"properties":{"year":1975,"period":"1975","kind":"VA"}},{"type":"Feature","geometry":{"type":"Point","coordinates":[-95.0197356,29.3507603]},"properties":{"year":1970,"period":"1970","kind":"VA"}},{"type":"Feature","geometry":{"type":"Point","coordinates":[-95.0197356,29.3507603]},"properties":{"year":1970,"period":"1970","kind":"VA"}},{"type":"Feature","geometry":{"type":"Point","coordinates":[-94.930093,29.3908092]},"properties":{"year":1975,"period":"1975","kind":"FHA"}},{"type":"Feature","geometry":{"type":"Point","coordinates":[-95.0851023,29.5087331]},"properties":{"year":1970,"period":"1970","kind":"VA"}},{"type":"Feature","geometry":{"type":"Point","coordinates":[-95.0284565,29.5436963]},"properties":{"year":1970,"period":"1970","kind":"VA"}},{"type":"Feature","geometry":{"type":"Point","coordinates":[-95.0288977,29.54381679999999]},"properties":{"year":1970,"period":"1970","kind":"VA"}},{"type":"Feature","geometry":{"type":"Point","coordinates":[-95.0913096,29.4875135]},"properties":{"year":1965,"period":"1965","kind":"VA"}},{"type":"Feature","geometry":{"type":"Point","coordinates":[-94.9489458,29.3629806]},"properties":{"year":1970,"period":"1970","kind":"VA"}},{"type":"Feature","geometry":{"type":"Point","coordinates":[-94.948528,29.3629937]},"properties":{"year":1970,"period":"1970","kind":"VA"}},{"type":"Feature","geometry":{"type":"Point","coordinates":[-94.9484251,29.3626376]},"properties":{"year":1975,"period":"1975","kind":"VA"}},{"type":"Feature","geometry":{"type":"Point","coordinates":[-94.9484251,29.3626376]},"properties":{"year":1975,"period":"1975","kind":"VA"}},{"type":"Feature","geometry":{"type":"Point","coordinates":[-94.9718485,29.3583308]},"properties":{"year":1975,"period":"1975","kind":"VA"}},{"type":"Feature","geometry":{"type":"Point","coordinates":[-94.9356741,29.4132341]},"properties":{"year":1950,"period":"1950","kind":"VA"}},{"type":"Feature","geometry":{"type":"Point","coordinates":[-95.22273,29.4949155]},"properties":{"year":1960,"period":"1960","kind":"FHA"}},{"type":"Feature","geometry":{"type":"Point","coordinates":[-95.2154524,29.4944789]},"properties":{"year":1970,"period":"1970","kind":"FHA"}},{"type":"Feature","geometry":{"type":"Point","coordinates":[-94.9750158,29.3606413]},"properties":{"year":1965,"period":"1965","kind":"FHA"}},{"type":"Feature","geometry":{"type":"Point","coordinates":[-94.9743097,29.360666]},"properties":{"year":1975,"period":"1975","kind":"VA"}},{"type":"Feature","geometry":{"type":"Point","coordinates":[-95.1986775,29.51615859999999]},"properties":{"year":1975,"period":"1975","kind":"VA"}},{"type":"Feature","geometry":{"type":"Point","coordinates":[-94.3901546,29.5674724]},"properties":{"year":1970,"period":"1970","kind":"VA"}},{"type":"Feature","geometry":{"type":"Point","coordinates":[-94.770691,29.3167907]},"properties":{"year":1950,"period":"1950","kind":"FHA"}},{"type":"Feature","geometry":{"type":"Point","coordinates":[-94.7699647,29.3169837]},"properties":{"year":1950,"period":"1950","kind":"FHA"}},{"type":"Feature","geometry":{"type":"Point","coordinates":[-94.7701484,29.3168789]},"properties":{"year":1950,"period":"1950","kind":"FHA"}},{"type":"Feature","geometry":{"type":"Point","coordinates":[-94.7705011,29.3168004]},"properties":{"year":1950,"period":"1950","kind":"FHA"}},{"type":"Feature","geometry":{"type":"Point","coordinates":[-94.7705011,29.3168004]},"properties":{"year":1950,"period":"1950","kind":"VA"}},{"type":"Feature","geometry":{"type":"Point","coordinates":[-94.770691,29.3167907]},"properties":{"year":1950,"period":"1950","kind":"VA"}},{"type":"Feature","geometry":{"type":"Point","coordinates":[-94.7708591,29.3167078]},"properties":{"year":1950,"period":"1950","kind":"FHA"}},{"type":"Feature","geometry":{"type":"Point","coordinates":[-94.7708591,29.3167078]},"properties":{"year":1950,"period":"1950","kind":"VA"}},{"type":"Feature","geometry":{"type":"Point","coordinates":[-94.7710314,29.31667119999999]},"properties":{"year":1950,"period":"1950","kind":"FHA"}},{"type":"Feature","geometry":{"type":"Point","coordinates":[-94.7711896,29.3166559]},"properties":{"year":1950,"period":"1950","kind":"FHA"}},{"type":"Feature","geometry":{"type":"Point","coordinates":[-94.7713798,29.3165861]},"properties":{"year":1950,"period":"1950","kind":"FHA"}},{"type":"Feature","geometry":{"type":"Point","coordinates":[-94.7715583,29.316566]},"properties":{"year":1950,"period":"1950","kind":"FHA"}},{"type":"Feature","geometry":{"type":"Point","coordinates":[-94.7716763,29.3169208]},"properties":{"year":1950,"period":"1950","kind":"FHA"}},{"type":"Feature","geometry":{"type":"Point","coordinates":[-94.7716763,29.3169208]},"properties":{"year":1950,"period":"1950","kind":"VA"}},{"type":"Feature","geometry":{"type":"Point","coordinates":[-94.7715005,29.3169681]},"properties":{"year":1965,"period":"1965","kind":"FHA"}},{"type":"Feature","geometry":{"type":"Point","coordinates":[-94.7715005,29.3169681]},"properties":{"year":1950,"period":"1950","kind":"FHA"}},{"type":"Feature","geometry":{"type":"Point","coordinates":[-94.7713238,29.3170214]},"properties":{"year":1950,"period":"1950","kind":"FHA"}},{"type":"Feature","geometry":{"type":"Point","coordinates":[-94.7711609,29.3170972]},"properties":{"year":1950,"period":"1950","kind":"FHA"}},{"type":"Feature","geometry":{"type":"Point","coordinates":[-94.7709563,29.31712229999999]},"properties":{"year":1950,"period":"1950","kind":"FHA"}},{"type":"Feature","geometry":{"type":"Point","coordinates":[-94.7709563,29.31712229999999]},"properties":{"year":1950,"period":"1950","kind":"VA"}},{"type":"Feature","geometry":{"type":"Point","coordinates":[-94.7707892,29.3171523]},"properties":{"year":1960,"period":"1960","kind":"FHA"}},{"type":"Feature","geometry":{"type":"Point","coordinates":[-94.7707892,29.3171523]},"properties":{"year":1950,"period":"1950","kind":"FHA"}},{"type":"Feature","geometry":{"type":"Point","coordinates":[-94.7707892,29.3171523]},"properties":{"year":1950,"period":"1950","kind":"VA"}},{"type":"Feature","geometry":{"type":"Point","coordinates":[-94.7706202,29.3172228]},"properties":{"year":1950,"period":"1950","kind":"FHA"}},{"type":"Feature","geometry":{"type":"Point","coordinates":[-94.7704441,29.3172807]},"properties":{"year":1950,"period":"1950","kind":"FHA"}},{"type":"Feature","geometry":{"type":"Point","coordinates":[-94.7704441,29.3172807]},"properties":{"year":1950,"period":"1950","kind":"VA"}},{"type":"Feature","geometry":{"type":"Point","coordinates":[-94.7702671,29.3173165]},"properties":{"year":1950,"period":"1950","kind":"FHA"}},{"type":"Feature","geometry":{"type":"Point","coordinates":[-94.7698965,29.3174123]},"properties":{"year":1950,"period":"1950","kind":"FHA"}},{"type":"Feature","geometry":{"type":"Point","coordinates":[-94.7698284,29.317737]},"properties":{"year":1950,"period":"1950","kind":"FHA"}},{"type":"Feature","geometry":{"type":"Point","coordinates":[-94.7698284,29.317737]},"properties":{"year":1950,"period":"1950","kind":"VA"}},{"type":"Feature","geometry":{"type":"Point","coordinates":[-94.7700083,29.3177036]},"properties":{"year":1950,"period":"1950","kind":"FHA"}},{"type":"Feature","geometry":{"type":"Point","coordinates":[-94.7700083,29.3177036]},"properties":{"year":1950,"period":"1950","kind":"VA"}},{"type":"Feature","geometry":{"type":"Point","coordinates":[-94.7701612,29.3176574]},"properties":{"year":1950,"period":"1950","kind":"FHA"}},{"type":"Feature","geometry":{"type":"Point","coordinates":[-94.7701612,29.3176574]},"properties":{"year":1950,"period":"1950","kind":"VA"}},{"type":"Feature","geometry":{"type":"Point","coordinates":[-94.7703605,29.3175897]},"properties":{"year":1950,"period":"1950","kind":"FHA"}},{"type":"Feature","geometry":{"type":"Point","coordinates":[-94.7705392,29.31753969999999]},"properties":{"year":1950,"period":"1950","kind":"FHA"}},{"type":"Feature","geometry":{"type":"Point","coordinates":[-94.7705392,29.31753969999999]},"properties":{"year":1950,"period":"1950","kind":"VA"}},{"type":"Feature","geometry":{"type":"Point","coordinates":[-94.7707218,29.3175062]},"properties":{"year":1950,"period":"1950","kind":"FHA"}},{"type":"Feature","geometry":{"type":"Point","coordinates":[-94.7709056,29.3174863]},"properties":{"year":1950,"period":"1950","kind":"FHA"}},{"type":"Feature","geometry":{"type":"Point","coordinates":[-94.7709056,29.3174863]},"properties":{"year":1950,"period":"1950","kind":"VA"}},{"type":"Feature","geometry":{"type":"Point","coordinates":[-94.7710599,29.3173851]},"properties":{"year":1950,"period":"1950","kind":"FHA"}},{"type":"Feature","geometry":{"type":"Point","coordinates":[-94.77125,29.3173706]},"properties":{"year":1950,"period":"1950","kind":"FHA"}},{"type":"Feature","geometry":{"type":"Point","coordinates":[-94.77125,29.3173706]},"properties":{"year":1950,"period":"1950","kind":"VA"}},{"type":"Feature","geometry":{"type":"Point","coordinates":[-94.7714347,29.3173141]},"properties":{"year":1950,"period":"1950","kind":"FHA"}},{"type":"Feature","geometry":{"type":"Point","coordinates":[-94.7716088,29.3172711]},"properties":{"year":1950,"period":"1950","kind":"FHA"}},{"type":"Feature","geometry":{"type":"Point","coordinates":[-94.7717841,29.31723119999999]},"properties":{"year":1950,"period":"1950","kind":"FHA"}},{"type":"Feature","geometry":{"type":"Point","coordinates":[-94.7717841,29.31723119999999]},"properties":{"year":1950,"period":"1950","kind":"VA"}},{"type":"Feature","geometry":{"type":"Point","coordinates":[-94.7719098,29.3176164]},"properties":{"year":1950,"period":"1950","kind":"FHA"}},{"type":"Feature","geometry":{"type":"Point","coordinates":[-94.771742,29.317655]},"properties":{"year":1950,"period":"1950","kind":"FHA"}},{"type":"Feature","geometry":{"type":"Point","coordinates":[-94.7715638,29.3177196]},"properties":{"year":1950,"period":"1950","kind":"FHA"}},{"type":"Feature","geometry":{"type":"Point","coordinates":[-94.7713968,29.317747]},"properties":{"year":1950,"period":"1950","kind":"FHA"}},{"type":"Feature","geometry":{"type":"Point","coordinates":[-94.7713968,29.317747]},"properties":{"year":1950,"period":"1950","kind":"VA"}},{"type":"Feature","geometry":{"type":"Point","coordinates":[-94.7712337,29.3178283]},"properties":{"year":1950,"period":"1950","kind":"FHA"}},{"type":"Feature","geometry":{"type":"Point","coordinates":[-94.7712337,29.3178283]},"properties":{"year":1950,"period":"1950","kind":"VA"}},{"type":"Feature","geometry":{"type":"Point","coordinates":[-94.7710392,29.3178446]},"properties":{"year":1950,"period":"1950","kind":"FHA"}},{"type":"Feature","geometry":{"type":"Point","coordinates":[-94.7708718,29.3179105]},"properties":{"year":1950,"period":"1950","kind":"FHA"}},{"type":"Feature","geometry":{"type":"Point","coordinates":[-94.7706896,29.3179378]},"properties":{"year":1950,"period":"1950","kind":"FHA"}},{"type":"Feature","geometry":{"type":"Point","coordinates":[-94.7705248,29.3179862]},"properties":{"year":1950,"period":"1950","kind":"FHA"}},{"type":"Feature","geometry":{"type":"Point","coordinates":[-94.7705248,29.3179862]},"properties":{"year":1950,"period":"1950","kind":"VA"}},{"type":"Feature","geometry":{"type":"Point","coordinates":[-94.7703457,29.3180161]},"properties":{"year":1950,"period":"1950","kind":"FHA"}},{"type":"Feature","geometry":{"type":"Point","coordinates":[-94.7701579,29.3180642]},"properties":{"year":1950,"period":"1950","kind":"FHA"}},{"type":"Feature","geometry":{"type":"Point","coordinates":[-94.7701579,29.3180642]},"properties":{"year":1950,"period":"1950","kind":"VA"}},{"type":"Feature","geometry":{"type":"Point","coordinates":[-94.7706297,29.318284]},"properties":{"year":1950,"period":"1950","kind":"FHA"}},{"type":"Feature","geometry":{"type":"Point","coordinates":[-94.7707988,29.3182187]},"properties":{"year":1950,"period":"1950","kind":"FHA"}},{"type":"Feature","geometry":{"type":"Point","coordinates":[-94.7709729,29.3181719]},"properties":{"year":1950,"period":"1950","kind":"FHA"}},{"type":"Feature","geometry":{"type":"Point","coordinates":[-94.7713162,29.3180695]},"properties":{"year":1950,"period":"1950","kind":"VA"}},{"type":"Feature","geometry":{"type":"Point","coordinates":[-94.7716744,29.3179832]},"properties":{"year":1950,"period":"1950","kind":"FHA"}},{"type":"Feature","geometry":{"type":"Point","coordinates":[-94.7718447,29.31798]},"properties":{"year":1950,"period":"1950","kind":"FHA"}},{"type":"Feature","geometry":{"type":"Point","coordinates":[-94.7720207,29.317901]},"properties":{"year":1950,"period":"1950","kind":"VA"}},{"type":"Feature","geometry":{"type":"Point","coordinates":[-94.7720207,29.317901]},"properties":{"year":1950,"period":"1950","kind":"FHA"}},{"type":"Feature","geometry":{"type":"Point","coordinates":[-94.7721359,29.3182698]},"properties":{"year":1950,"period":"1950","kind":"FHA"}},{"type":"Feature","geometry":{"type":"Point","coordinates":[-94.7717923,29.318394]},"properties":{"year":1950,"period":"1950","kind":"VA"}},{"type":"Feature","geometry":{"type":"Point","coordinates":[-94.7717923,29.318394]},"properties":{"year":1950,"period":"1950","kind":"FHA"}},{"type":"Feature","geometry":{"type":"Point","coordinates":[-94.7716138,29.3184119]},"properties":{"year":1950,"period":"1950","kind":"FHA"}},{"type":"Feature","geometry":{"type":"Point","coordinates":[-94.7712571,29.3185029]},"properties":{"year":1950,"period":"1950","kind":"FHA"}},{"type":"Feature","geometry":{"type":"Point","coordinates":[-94.7711045,29.3185642]},"properties":{"year":1950,"period":"1950","kind":"FHA"}},{"type":"Feature","geometry":{"type":"Point","coordinates":[-94.7707739,29.3186787]},"properties":{"year":1950,"period":"1950","kind":"VA"}},{"type":"Feature","geometry":{"type":"Point","coordinates":[-94.7705694,29.3186856]},"properties":{"year":1950,"period":"1950","kind":"FHA"}},{"type":"Feature","geometry":{"type":"Point","coordinates":[-94.7704049,29.3187536]},"properties":{"year":1950,"period":"1950","kind":"FHA"}},{"type":"Feature","geometry":{"type":"Point","coordinates":[-94.7705084,29.3190426]},"properties":{"year":1950,"period":"1950","kind":"VA"}},{"type":"Feature","geometry":{"type":"Point","coordinates":[-94.7705084,29.3190426]},"properties":{"year":1950,"period":"1950","kind":"FHA"}},{"type":"Feature","geometry":{"type":"Point","coordinates":[-94.770671,29.3190235]},"properties":{"year":1950,"period":"1950","kind":"FHA"}},{"type":"Feature","geometry":{"type":"Point","coordinates":[-94.7711923,29.3188939]},"properties":{"year":1950,"period":"1950","kind":"VA"}},{"type":"Feature","geometry":{"type":"Point","coordinates":[-94.7711923,29.3188939]},"properties":{"year":1950,"period":"1950","kind":"FHA"}},{"type":"Feature","geometry":{"type":"Point","coordinates":[-94.7713835,29.3188205]},"properties":{"year":1950,"period":"1950","kind":"VA"}},{"type":"Feature","geometry":{"type":"Point","coordinates":[-94.7713835,29.3188205]},"properties":{"year":1950,"period":"1950","kind":"FHA"}},{"type":"Feature","geometry":{"type":"Point","coordinates":[-94.7717268,29.3187122]},"properties":{"year":1950,"period":"1950","kind":"FHA"}},{"type":"Feature","geometry":{"type":"Point","coordinates":[-94.77188900000002,29.3186556]},"properties":{"year":1950,"period":"1950","kind":"FHA"}},{"type":"Feature","geometry":{"type":"Point","coordinates":[-94.7722393,29.3186059]},"properties":{"year":1950,"period":"1950","kind":"FHA"}},{"type":"Feature","geometry":{"type":"Point","coordinates":[-94.7723753,29.3189731]},"properties":{"year":1950,"period":"1950","kind":"VA"}},{"type":"Feature","geometry":{"type":"Point","coordinates":[-94.7723753,29.3189731]},"properties":{"year":1950,"period":"1950","kind":"FHA"}},{"type":"Feature","geometry":{"type":"Point","coordinates":[-94.7722002,29.318998]},"properties":{"year":1950,"period":"1950","kind":"VA"}},{"type":"Feature","geometry":{"type":"Point","coordinates":[-94.7718552,29.3190985]},"properties":{"year":1950,"period":"1950","kind":"FHA"}},{"type":"Feature","geometry":{"type":"Point","coordinates":[-94.7716722,29.3191444]},"properties":{"year":1950,"period":"1950","kind":"FHA"}},{"type":"Feature","geometry":{"type":"Point","coordinates":[-94.7715114,29.31922449999999]},"properties":{"year":1950,"period":"1950","kind":"VA"}},{"type":"Feature","geometry":{"type":"Point","coordinates":[-94.7715114,29.31922449999999]},"properties":{"year":1950,"period":"1950","kind":"FHA"}},{"type":"Feature","geometry":{"type":"Point","coordinates":[-94.771328,29.3192412]},"properties":{"year":1950,"period":"1950","kind":"VA"}},{"type":"Feature","geometry":{"type":"Point","coordinates":[-94.771328,29.3192412]},"properties":{"year":1950,"period":"1950","kind":"FHA"}},{"type":"Feature","geometry":{"type":"Point","coordinates":[-94.7709616,29.3193173]},"properties":{"year":1950,"period":"1950","kind":"FHA"}},{"type":"Feature","geometry":{"type":"Point","coordinates":[-94.7708011,29.3193624]},"properties":{"year":1950,"period":"1950","kind":"FHA"}},{"type":"Feature","geometry":{"type":"Point","coordinates":[-94.7708011,29.3193624]},"properties":{"year":1960,"period":"1960","kind":"FHA"}},{"type":"Feature","geometry":{"type":"Point","coordinates":[-94.7704732,29.3194756]},"properties":{"year":1950,"period":"1950","kind":"FHA"}},{"type":"Feature","geometry":{"type":"Point","coordinates":[-94.7705577,29.319767]},"properties":{"year":1950,"period":"1950","kind":"FHA"}},{"type":"Feature","geometry":{"type":"Point","coordinates":[-94.770738,29.3197071]},"properties":{"year":1950,"period":"1950","kind":"FHA"}},{"type":"Feature","geometry":{"type":"Point","coordinates":[-94.7710671,29.31963529999999]},"properties":{"year":1950,"period":"1950","kind":"VA"}},{"type":"Feature","geometry":{"type":"Point","coordinates":[-94.7710671,29.31963529999999]},"properties":{"year":1950,"period":"1950","kind":"FHA"}},{"type":"Feature","geometry":{"type":"Point","coordinates":[-94.7714235,29.3195235]},"properties":{"year":1950,"period":"1950","kind":"VA"}},{"type":"Feature","geometry":{"type":"Point","coordinates":[-94.7717654,29.3194562]},"properties":{"year":1950,"period":"1950","kind":"FHA"}},{"type":"Feature","geometry":{"type":"Point","coordinates":[-94.7719522,29.3193821]},"properties":{"year":1950,"period":"1950","kind":"VA"}},{"type":"Feature","geometry":{"type":"Point","coordinates":[-94.7719522,29.3193821]},"properties":{"year":1950,"period":"1950","kind":"FHA"}},{"type":"Feature","geometry":{"type":"Point","coordinates":[-94.7722923,29.3193362]},"properties":{"year":1950,"period":"1950","kind":"VA"}},{"type":"Feature","geometry":{"type":"Point","coordinates":[-94.7722923,29.3193362]},"properties":{"year":1950,"period":"1950","kind":"FHA"}},{"type":"Feature","geometry":{"type":"Point","coordinates":[-94.7724701,29.3192325]},"properties":{"year":1950,"period":"1950","kind":"VA"}},{"type":"Feature","geometry":{"type":"Point","coordinates":[-94.7724701,29.3192325]},"properties":{"year":1950,"period":"1950","kind":"FHA"}},{"type":"Feature","geometry":{"type":"Point","coordinates":[-94.7726553,29.3191968]},"properties":{"year":1975,"period":"1975","kind":"VA"}},{"type":"Feature","geometry":{"type":"Point","coordinates":[-94.7722538,29.3197451]},"properties":{"year":1950,"period":"1950","kind":"VA"}},{"type":"Feature","geometry":{"type":"Point","coordinates":[-94.7722538,29.3197451]},"properties":{"year":1950,"period":"1950","kind":"FHA"}},{"type":"Feature","geometry":{"type":"Point","coordinates":[-94.7720908,29.3197983]},"properties":{"year":1950,"period":"1950","kind":"FHA"}},{"type":"Feature","geometry":{"type":"Point","coordinates":[-94.7717239,29.3198716]},"properties":{"year":1950,"period":"1950","kind":"FHA"}},{"type":"Feature","geometry":{"type":"Point","coordinates":[-94.7715552,29.3199055]},"properties":{"year":1950,"period":"1950","kind":"FHA"}},{"type":"Feature","geometry":{"type":"Point","coordinates":[-94.7713892,29.3199516]},"properties":{"year":1950,"period":"1950","kind":"VA"}},{"type":"Feature","geometry":{"type":"Point","coordinates":[-94.7710245,29.3200622]},"properties":{"year":1950,"period":"1950","kind":"FHA"}},{"type":"Feature","geometry":{"type":"Point","coordinates":[-94.7708715,29.3200984]},"properties":{"year":1950,"period":"1950","kind":"VA"}},{"type":"Feature","geometry":{"type":"Point","coordinates":[-94.7708715,29.3200984]},"properties":{"year":1950,"period":"1950","kind":"FHA"}},{"type":"Feature","geometry":{"type":"Point","coordinates":[-94.7706177,29.3204773]},"properties":{"year":1960,"period":"1960","kind":"FHA"}},{"type":"Feature","geometry":{"type":"Point","coordinates":[-94.7729714,29.3203088]},"properties":{"year":1960,"period":"1960","kind":"FHA"}},{"type":"Feature","geometry":{"type":"Point","coordinates":[-94.7708427,29.32115499999999]},"properties":{"year":1970,"period":"1970","kind":"VA"}},{"type":"Feature","geometry":{"type":"Point","coordinates":[-94.7711583,29.3214861]},"properties":{"year":1960,"period":"1960","kind":"FHA"}},{"type":"Feature","geometry":{"type":"Point","coordinates":[-94.7725617,29.3221667]},"properties":{"year":1960,"period":"1960","kind":"FHA"}},{"type":"Feature","geometry":{"type":"Point","coordinates":[-94.9764498,29.3701228]},"properties":{"year":1950,"period":"1950","kind":"VA"}},{"type":"Feature","geometry":{"type":"Point","coordinates":[-94.9759394,29.3692917]},"properties":{"year":1950,"period":"1950","kind":"VA"}},{"type":"Feature","geometry":{"type":"Point","coordinates":[-94.9763885,29.3690678]},"properties":{"year":1960,"period":"1960","kind":"FHA"}},{"type":"Feature","geometry":{"type":"Point","coordinates":[-94.7700928,29.3173453]},"properties":{"year":1950,"period":"1950","kind":"FHA"}},{"type":"Feature","geometry":{"type":"Point","coordinates":[-94.7699259,29.31812069999999]},"properties":{"year":1950,"period":"1950","kind":"FHA"}},{"type":"Feature","geometry":{"type":"Point","coordinates":[-94.9825213,29.3851019]},"properties":{"year":1970,"period":"1970","kind":"FHA"}},{"type":"Feature","geometry":{"type":"Point","coordinates":[-95.22273,29.4949155]},"properties":{"year":1975,"period":"1975","kind":"VA"}},{"type":"Feature","geometry":{"type":"Point","coordinates":[-95.05469010000002,29.4471709]},"properties":{"year":1975,"period":"1975","kind":"VA"}},{"type":"Feature","geometry":{"type":"Point","coordinates":[-95.1968989,29.5225105]},"properties":{"year":1975,"period":"1975","kind":"VA"}},{"type":"Feature","geometry":{"type":"Point","coordinates":[-94.769186,29.3149967]},"properties":{"year":1965,"period":"1965","kind":"FHA"}},{"type":"Feature","geometry":{"type":"Point","coordinates":[-94.7710596,29.3156754]},"properties":{"year":1960,"period":"1960","kind":"FHA"}},{"type":"Feature","geometry":{"type":"Point","coordinates":[-94.7707066,29.3157285]},"properties":{"year":1960,"period":"1960","kind":"FHA"}},{"type":"Feature","geometry":{"type":"Point","coordinates":[-94.7726963,29.31506809999999]},"properties":{"year":1960,"period":"1960","kind":"FHA"}},{"type":"Feature","geometry":{"type":"Point","coordinates":[-94.7726963,29.31506809999999]},"properties":{"year":1960,"period":"1960","kind":"FHA"}},{"type":"Feature","geometry":{"type":"Point","coordinates":[-94.7707903,29.3153368]},"properties":{"year":1960,"period":"1960","kind":"FHA"}},{"type":"Feature","geometry":{"type":"Point","coordinates":[-94.7720217,29.3152616]},"properties":{"year":1960,"period":"1960","kind":"FHA"}},{"type":"Feature","geometry":{"type":"Point","coordinates":[-94.7717094,29.3153613]},"properties":{"year":1960,"period":"1960","kind":"FHA"}},{"type":"Feature","geometry":{"type":"Point","coordinates":[-94.7712377,29.3156057]},"properties":{"year":1960,"period":"1960","kind":"FHA"}},{"type":"Feature","geometry":{"type":"Point","coordinates":[-94.7723745,29.3151526]},"properties":{"year":1965,"period":"1965","kind":"FHA"}},{"type":"Feature","geometry":{"type":"Point","coordinates":[-94.7718528,29.3152878]},"properties":{"year":1960,"period":"1960","kind":"FHA"}},{"type":"Feature","geometry":{"type":"Point","coordinates":[-95.0003,29.38622729999999]},"properties":{"year":1970,"period":"1970","kind":"VA"}},{"type":"Feature","geometry":{"type":"Point","coordinates":[-94.99789,29.3865362]},"properties":{"year":1970,"period":"1970","kind":"FHA"}},{"type":"Feature","geometry":{"type":"Point","coordinates":[-94.9978929,29.3855911]},"properties":{"year":1975,"period":"1975","kind":"FHA"}},{"type":"Feature","geometry":{"type":"Point","coordinates":[-94.9983124,29.38542339999999]},"properties":{"year":1965,"period":"1965","kind":"FHA"}},{"type":"Feature","geometry":{"type":"Point","coordinates":[-94.998562,29.38586149999999]},"properties":{"year":1965,"period":"1965","kind":"VA"}},{"type":"Feature","geometry":{"type":"Point","coordinates":[-94.9723164,29.3644279]},"properties":{"year":1950,"period":"1950","kind":"VA"}},{"type":"Feature","geometry":{"type":"Point","coordinates":[-94.9750594,29.3644071]},"properties":{"year":1950,"period":"1950","kind":"VA"}},{"type":"Feature","geometry":{"type":"Point","coordinates":[-94.9750502,29.363971]},"properties":{"year":1950,"period":"1950","kind":"VA"}},{"type":"Feature","geometry":{"type":"Point","coordinates":[-94.9741536,29.3635309]},"properties":{"year":1950,"period":"1950","kind":"VA"}},{"type":"Feature","geometry":{"type":"Point","coordinates":[-94.9736912,29.36304719999999]},"properties":{"year":1950,"period":"1950","kind":"VA"}},{"type":"Feature","geometry":{"type":"Point","coordinates":[-94.973122,29.3644494]},"properties":{"year":1950,"period":"1950","kind":"VA"}},{"type":"Feature","geometry":{"type":"Point","coordinates":[-94.973122,29.3644494]},"properties":{"year":1950,"period":"1950","kind":"VA"}},{"type":"Feature","geometry":{"type":"Point","coordinates":[-94.97308660000002,29.3630507]},"properties":{"year":1950,"period":"1950","kind":"VA"}},{"type":"Feature","geometry":{"type":"Point","coordinates":[-94.9728879,29.3630481]},"properties":{"year":1950,"period":"1950","kind":"VA"}},{"type":"Feature","geometry":{"type":"Point","coordinates":[-94.9724784,29.3644226]},"properties":{"year":1950,"period":"1950","kind":"VA"}},{"type":"Feature","geometry":{"type":"Point","coordinates":[-94.9725163,29.3639945]},"properties":{"year":1950,"period":"1950","kind":"VA"}},{"type":"Feature","geometry":{"type":"Point","coordinates":[-94.9722901,29.3639992]},"properties":{"year":1950,"period":"1950","kind":"VA"}},{"type":"Feature","geometry":{"type":"Point","coordinates":[-94.9743445,29.36350599999999]},"properties":{"year":1950,"period":"1950","kind":"VA"}},{"type":"Feature","geometry":{"type":"Point","coordinates":[-95.0695937,29.4559572]},"properties":{"year":1970,"period":"1970","kind":"FHA"}},{"type":"Feature","geometry":{"type":"Point","coordinates":[-94.9106384,29.4004025]},"properties":{"year":1950,"period":"1950","kind":"VA"}},{"type":"Feature","geometry":{"type":"Point","coordinates":[-95.0597596,29.4507985]},"properties":{"year":1970,"period":"1970","kind":"VA"}},{"type":"Feature","geometry":{"type":"Point","coordinates":[-94.9101009,29.4004501]},"properties":{"year":1950,"period":"1950","kind":"FHA"}},{"type":"Feature","geometry":{"type":"Point","coordinates":[-94.9120965,29.4003568]},"properties":{"year":1950,"period":"1950","kind":"VA"}},{"type":"Feature","geometry":{"type":"Point","coordinates":[-94.9115695,29.4012456]},"properties":{"year":1950,"period":"1950","kind":"FHA"}},{"type":"Feature","geometry":{"type":"Point","coordinates":[-94.913381,29.40340519999999]},"properties":{"year":1970,"period":"1970","kind":"FHA"}},{"type":"Feature","geometry":{"type":"Point","coordinates":[-94.8989658,29.4033137]},"properties":{"year":1950,"period":"1950","kind":"VA"}},{"type":"Feature","geometry":{"type":"Point","coordinates":[-94.9089095,29.4078916]},"properties":{"year":1970,"period":"1970","kind":"VA"}},{"type":"Feature","geometry":{"type":"Point","coordinates":[-94.9092176,29.4012871]},"properties":{"year":1950,"period":"1950","kind":"VA"}},{"type":"Feature","geometry":{"type":"Point","coordinates":[-94.9106384,29.4004025]},"properties":{"year":1950,"period":"1950","kind":"FHA"}},{"type":"Feature","geometry":{"type":"Point","coordinates":[-94.913142,29.4004076]},"properties":{"year":1950,"period":"1950","kind":"FHA"}},{"type":"Feature","geometry":{"type":"Point","coordinates":[-94.9130442,29.4016186]},"properties":{"year":1950,"period":"1950","kind":"VA"}},{"type":"Feature","geometry":{"type":"Point","coordinates":[-94.9119893,29.4012579]},"properties":{"year":1950,"period":"1950","kind":"FHA"}},{"type":"Feature","geometry":{"type":"Point","coordinates":[-94.9111536,29.4012656]},"properties":{"year":1950,"period":"1950","kind":"FHA"}},{"type":"Feature","geometry":{"type":"Point","coordinates":[-94.9128707,29.4025681]},"properties":{"year":1950,"period":"1950","kind":"VA"}},{"type":"Feature","geometry":{"type":"Point","coordinates":[-94.9117162,29.4021197]},"properties":{"year":1950,"period":"1950","kind":"VA"}},{"type":"Feature","geometry":{"type":"Point","coordinates":[-94.9108286,29.4017166]},"properties":{"year":1975,"period":"1975","kind":"VA"}},{"type":"Feature","geometry":{"type":"Point","coordinates":[-94.9108286,29.4017166]},"properties":{"year":1975,"period":"1975","kind":"VA"}},{"type":"Feature","geometry":{"type":"Point","coordinates":[-94.9129984,29.4007644]},"properties":{"year":1975,"period":"1975","kind":"VA"}},{"type":"Feature","geometry":{"type":"Point","coordinates":[-94.9136855,29.4030412]},"properties":{"year":1970,"period":"1970","kind":"VA"}},{"type":"Feature","geometry":{"type":"Point","coordinates":[-94.9055846,29.4039167]},"properties":{"year":1975,"period":"1975","kind":"FHA"}},{"type":"Feature","geometry":{"type":"Point","coordinates":[-94.9067543,29.4033648]},"properties":{"year":1975,"period":"1975","kind":"VA"}},{"type":"Feature","geometry":{"type":"Point","coordinates":[-94.9046652,29.4051625]},"properties":{"year":1970,"period":"1970","kind":"VA"}},{"type":"Feature","geometry":{"type":"Point","coordinates":[-94.9041562,29.4058604]},"properties":{"year":1975,"period":"1975","kind":"VA"}},{"type":"Feature","geometry":{"type":"Point","coordinates":[-94.9046652,29.4051625]},"properties":{"year":1970,"period":"1970","kind":"VA"}},{"type":"Feature","geometry":{"type":"Point","coordinates":[-94.9065883,29.4045018]},"properties":{"year":1975,"period":"1975","kind":"VA"}},{"type":"Feature","geometry":{"type":"Point","coordinates":[-94.9008445,29.4045846]},"properties":{"year":1975,"period":"1975","kind":"VA"}},{"type":"Feature","geometry":{"type":"Point","coordinates":[-94.90244690000002,29.406254]},"properties":{"year":1975,"period":"1975","kind":"FHA"}},{"type":"Feature","geometry":{"type":"Point","coordinates":[-94.9006263,29.4059007]},"properties":{"year":1975,"period":"1975","kind":"VA"}},{"type":"Feature","geometry":{"type":"Point","coordinates":[-94.9017401,29.4067111]},"properties":{"year":1970,"period":"1970","kind":"VA"}},{"type":"Feature","geometry":{"type":"Point","coordinates":[-95.0339871,29.4547932]},"properties":{"year":1970,"period":"1970","kind":"VA"}},{"type":"Feature","geometry":{"type":"Point","coordinates":[-95.0339871,29.4547932]},"properties":{"year":1970,"period":"1970","kind":"VA"}},{"type":"Feature","geometry":{"type":"Point","coordinates":[-94.9001692,29.4078894]},"properties":{"year":1970,"period":"1970","kind":"VA"}},{"type":"Feature","geometry":{"type":"Point","coordinates":[-94.9001692,29.4078894]},"properties":{"year":1970,"period":"1970","kind":"VA"}},{"type":"Feature","geometry":{"type":"Point","coordinates":[-94.9102859,29.407092]},"properties":{"year":1975,"period":"1975","kind":"VA"}},{"type":"Feature","geometry":{"type":"Point","coordinates":[-94.9049122,29.4036982]},"properties":{"year":1970,"period":"1970","kind":"VA"}},{"type":"Feature","geometry":{"type":"Point","coordinates":[-94.9078229,29.404724]},"properties":{"year":1970,"period":"1970","kind":"VA"}},{"type":"Feature","geometry":{"type":"Point","coordinates":[-94.9015383,29.407525]},"properties":{"year":1970,"period":"1970","kind":"FHA"}},{"type":"Feature","geometry":{"type":"Point","coordinates":[-94.8981132,29.4063587]},"properties":{"year":1970,"period":"1970","kind":"VA"}},{"type":"Feature","geometry":{"type":"Point","coordinates":[-94.9087181,29.4071157]},"properties":{"year":1970,"period":"1970","kind":"FHA"}},{"type":"Feature","geometry":{"type":"Point","coordinates":[-94.9119893,29.4012579]},"properties":{"year":1950,"period":"1950","kind":"VA"}},{"type":"Feature","geometry":{"type":"Point","coordinates":[-94.9100262,29.4017865]},"properties":{"year":1960,"period":"1960","kind":"FHA"}},{"type":"Feature","geometry":{"type":"Point","coordinates":[-94.9092489,29.4008287]},"properties":{"year":1960,"period":"1960","kind":"FHA"}},{"type":"Feature","geometry":{"type":"Point","coordinates":[-94.9123657,29.4007933]},"properties":{"year":1960,"period":"1960","kind":"FHA"}},{"type":"Feature","geometry":{"type":"Point","coordinates":[-94.9110686,29.4003591]},"properties":{"year":1965,"period":"1965","kind":"FHA"}},{"type":"Feature","geometry":{"type":"Point","coordinates":[-94.9136545,29.4015831]},"properties":{"year":1965,"period":"1965","kind":"FHA"}},{"type":"Feature","geometry":{"type":"Point","coordinates":[-94.9120165,29.4016632]},"properties":{"year":1960,"period":"1960","kind":"FHA"}},{"type":"Feature","geometry":{"type":"Point","coordinates":[-94.9119893,29.4012579]},"properties":{"year":1960,"period":"1960","kind":"FHA"}},{"type":"Feature","geometry":{"type":"Point","coordinates":[-94.9130855,29.4025545]},"properties":{"year":1965,"period":"1965","kind":"FHA"}},{"type":"Feature","geometry":{"type":"Point","coordinates":[-94.9036873,29.4033705]},"properties":{"year":1960,"period":"1960","kind":"FHA"}},{"type":"Feature","geometry":{"type":"Point","coordinates":[-94.9041415,29.4033577]},"properties":{"year":1960,"period":"1960","kind":"FHA"}},{"type":"Feature","geometry":{"type":"Point","coordinates":[-94.9035282,29.4048634]},"properties":{"year":1960,"period":"1960","kind":"FHA"}},{"type":"Feature","geometry":{"type":"Point","coordinates":[-94.9067543,29.4033648]},"properties":{"year":1960,"period":"1960","kind":"FHA"}},{"type":"Feature","geometry":{"type":"Point","coordinates":[-94.9046652,29.4051625]},"properties":{"year":1965,"period":"1965","kind":"VA"}},{"type":"Feature","geometry":{"type":"Point","coordinates":[-94.9046652,29.4051625]},"properties":{"year":1965,"period":"1965","kind":"VA"}},{"type":"Feature","geometry":{"type":"Point","coordinates":[-94.9052268,29.4063545]},"properties":{"year":1960,"period":"1960","kind":"FHA"}},{"type":"Feature","geometry":{"type":"Point","coordinates":[-94.9001606,29.4045918]},"properties":{"year":1960,"period":"1960","kind":"FHA"}},{"type":"Feature","geometry":{"type":"Point","coordinates":[-94.9003669,29.4050555]},"properties":{"year":1960,"period":"1960","kind":"FHA"}},{"type":"Feature","geometry":{"type":"Point","coordinates":[-94.90201170000002,29.4062424]},"properties":{"year":1965,"period":"1965","kind":"VA"}},{"type":"Feature","geometry":{"type":"Point","coordinates":[-94.90201170000002,29.4062424]},"properties":{"year":1965,"period":"1965","kind":"VA"}},{"type":"Feature","geometry":{"type":"Point","coordinates":[-94.9015436,29.4062591]},"properties":{"year":1965,"period":"1965","kind":"FHA"}},{"type":"Feature","geometry":{"type":"Point","coordinates":[-94.9006263,29.4059007]},"properties":{"year":1960,"period":"1960","kind":"FHA"}},{"type":"Feature","geometry":{"type":"Point","coordinates":[-94.9012571,29.40708919999999]},"properties":{"year":1960,"period":"1960","kind":"FHA"}},{"type":"Feature","geometry":{"type":"Point","coordinates":[-94.9010667,29.4078763]},"properties":{"year":1965,"period":"1965","kind":"FHA"}},{"type":"Feature","geometry":{"type":"Point","coordinates":[-94.9067105,29.4062372]},"properties":{"year":1960,"period":"1960","kind":"FHA"}},{"type":"Feature","geometry":{"type":"Point","coordinates":[-94.9104717,29.4055176]},"properties":{"year":1960,"period":"1960","kind":"FHA"}},{"type":"Feature","geometry":{"type":"Point","coordinates":[-94.9075716,29.4077792]},"properties":{"year":1965,"period":"1965","kind":"FHA"}},{"type":"Feature","geometry":{"type":"Point","coordinates":[-94.9076252,29.4075648]},"properties":{"year":1965,"period":"1965","kind":"FHA"}},{"type":"Feature","geometry":{"type":"Point","coordinates":[-94.910532,29.4026945]},"properties":{"year":1950,"period":"1950","kind":"FHA"}},{"type":"Feature","geometry":{"type":"Point","coordinates":[-94.9100994,29.4027524]},"properties":{"year":1950,"period":"1950","kind":"FHA"}},{"type":"Feature","geometry":{"type":"Point","coordinates":[-94.9100262,29.4017865]},"properties":{"year":1950,"period":"1950","kind":"FHA"}},{"type":"Feature","geometry":{"type":"Point","coordinates":[-94.9098135,29.4017415]},"properties":{"year":1950,"period":"1950","kind":"FHA"}},{"type":"Feature","geometry":{"type":"Point","coordinates":[-94.9095914,29.4018037]},"properties":{"year":1950,"period":"1950","kind":"FHA"}},{"type":"Feature","geometry":{"type":"Point","coordinates":[-94.9096433,29.4008304]},"properties":{"year":1950,"period":"1950","kind":"FHA"}},{"type":"Feature","geometry":{"type":"Point","coordinates":[-94.9089898,29.4003606]},"properties":{"year":1950,"period":"1950","kind":"FHA"}},{"type":"Feature","geometry":{"type":"Point","coordinates":[-94.911131,29.400777]},"properties":{"year":1950,"period":"1950","kind":"FHA"}},{"type":"Feature","geometry":{"type":"Point","coordinates":[-94.9132492,29.4025494]},"properties":{"year":1950,"period":"1950","kind":"FHA"}},{"type":"Feature","geometry":{"type":"Point","coordinates":[-94.9128707,29.4025681]},"properties":{"year":1950,"period":"1950","kind":"FHA"}},{"type":"Feature","geometry":{"type":"Point","coordinates":[-94.9126522,29.4025218]},"properties":{"year":1950,"period":"1950","kind":"FHA"}},{"type":"Feature","geometry":{"type":"Point","coordinates":[-94.9120905,29.40331999999999]},"properties":{"year":1950,"period":"1950","kind":"FHA"}},{"type":"Feature","geometry":{"type":"Point","coordinates":[-94.9100262,29.4017865]},"properties":{"year":1975,"period":"1975","kind":"VA"}},{"type":"Feature","geometry":{"type":"Point","coordinates":[-94.9130633,29.4029667]},"properties":{"year":1975,"period":"1975","kind":"FHA"}},{"type":"Feature","geometry":{"type":"Point","coordinates":[-94.8978328,29.4033321]},"properties":{"year":1970,"period":"1970","kind":"VA"}},{"type":"Feature","geometry":{"type":"Point","coordinates":[-94.9056297,29.4047864]},"properties":{"year":1975,"period":"1975","kind":"FHA"}},{"type":"Feature","geometry":{"type":"Point","coordinates":[-94.9048589,29.4065555]},"properties":{"year":1975,"period":"1975","kind":"VA"}},{"type":"Feature","geometry":{"type":"Point","coordinates":[-94.9077479,29.4055805]},"properties":{"year":1970,"period":"1970","kind":"VA"}},{"type":"Feature","geometry":{"type":"Point","coordinates":[-94.9065708,29.4072013]},"properties":{"year":1970,"period":"1970","kind":"FHA"}},{"type":"Feature","geometry":{"type":"Point","coordinates":[-94.8978696,29.4054404]},"properties":{"year":1970,"period":"1970","kind":"VA"}},{"type":"Feature","geometry":{"type":"Point","coordinates":[-94.9032711,29.4042735]},"properties":{"year":1970,"period":"1970","kind":"VA"}},{"type":"Feature","geometry":{"type":"Point","coordinates":[-94.9089898,29.4003606]},"properties":{"year":1975,"period":"1975","kind":"FHA"}},{"type":"Feature","geometry":{"type":"Point","coordinates":[-94.9046538,29.4042539]},"properties":{"year":1970,"period":"1970","kind":"FHA"}},{"type":"Feature","geometry":{"type":"Point","coordinates":[-94.9008685,29.4078858]},"properties":{"year":1970,"period":"1970","kind":"FHA"}},{"type":"Feature","geometry":{"type":"Point","coordinates":[-94.8997051,29.4075703]},"properties":{"year":1975,"period":"1975","kind":"FHA"}},{"type":"Feature","geometry":{"type":"Point","coordinates":[-94.9117087,29.4007663]},"properties":{"year":1965,"period":"1965","kind":"FHA"}},{"type":"Feature","geometry":{"type":"Point","coordinates":[-94.9134778,29.4021122]},"properties":{"year":1950,"period":"1950","kind":"FHA"}},{"type":"Feature","geometry":{"type":"Point","coordinates":[-94.9079157,29.4051771]},"properties":{"year":1960,"period":"1960","kind":"FHA"}},{"type":"Feature","geometry":{"type":"Point","coordinates":[-94.9008497,29.4050693]},"properties":{"year":1960,"period":"1960","kind":"FHA"}},{"type":"Feature","geometry":{"type":"Point","coordinates":[-94.9008497,29.4050693]},"properties":{"year":1975,"period":"1975","kind":"FHA"}},{"type":"Feature","geometry":{"type":"Point","coordinates":[-94.9008497,29.4050693]},"properties":{"year":1965,"period":"1965","kind":"FHA"}},{"type":"Feature","geometry":{"type":"Point","coordinates":[-94.9116163,29.4078535]},"properties":{"year":1960,"period":"1960","kind":"FHA"}},{"type":"Feature","geometry":{"type":"Point","coordinates":[-94.9101009,29.4004501]},"properties":{"year":1950,"period":"1950","kind":"VA"}},{"type":"Feature","geometry":{"type":"Point","coordinates":[-94.9115695,29.4012456]},"properties":{"year":1950,"period":"1950","kind":"VA"}},{"type":"Feature","geometry":{"type":"Point","coordinates":[-94.9134778,29.4021122]},"properties":{"year":1950,"period":"1950","kind":"VA"}},{"type":"Feature","geometry":{"type":"Point","coordinates":[-94.9010588,29.4071125]},"properties":{"year":1965,"period":"1965","kind":"FHA"}},{"type":"Feature","geometry":{"type":"Point","coordinates":[-94.9292179,29.4040704]},"properties":{"year":1975,"period":"1975","kind":"VA"}},{"type":"Feature","geometry":{"type":"Point","coordinates":[-94.9288428,29.4044393]},"properties":{"year":1970,"period":"1970","kind":"VA"}},{"type":"Feature","geometry":{"type":"Point","coordinates":[-94.929023,29.4044378]},"properties":{"year":1970,"period":"1970","kind":"VA"}},{"type":"Feature","geometry":{"type":"Point","coordinates":[-94.930346,29.4040706]},"properties":{"year":1970,"period":"1970","kind":"FHA"}},{"type":"Feature","geometry":{"type":"Point","coordinates":[-94.9346606,29.3907436]},"properties":{"year":1970,"period":"1970","kind":"VA"}},{"type":"Feature","geometry":{"type":"Point","coordinates":[-94.3901546,29.5674724]},"properties":{"year":1975,"period":"1975","kind":"VA"}},{"type":"Feature","geometry":{"type":"Point","coordinates":[-94.3901546,29.5674724]},"properties":{"year":1975,"period":"1975","kind":"VA"}},{"type":"Feature","geometry":{"type":"Point","coordinates":[-94.9739376,29.3871941]},"properties":{"year":1975,"period":"1975","kind":"VA"}},{"type":"Feature","geometry":{"type":"Point","coordinates":[-94.9753854,29.3862186]},"properties":{"year":1975,"period":"1975","kind":"VA"}},{"type":"Feature","geometry":{"type":"Point","coordinates":[-95.0984533,29.5124039]},"properties":{"year":1960,"period":"1960","kind":"FHA"}},{"type":"Feature","geometry":{"type":"Point","coordinates":[-95.0999415,29.5145515]},"properties":{"year":1975,"period":"1975","kind":"VA"}},{"type":"Feature","geometry":{"type":"Point","coordinates":[-95.0983047,29.5143031]},"properties":{"year":1960,"period":"1960","kind":"FHA"}},{"type":"Feature","geometry":{"type":"Point","coordinates":[-95.098546,29.5141393]},"properties":{"year":1960,"period":"1960","kind":"FHA"}},{"type":"Feature","geometry":{"type":"Point","coordinates":[-95.0180326,29.34426939999999]},"properties":{"year":1960,"period":"1960","kind":"FHA"}},{"type":"Feature","geometry":{"type":"Point","coordinates":[-95.0987218,29.5140186]},"properties":{"year":1970,"period":"1970","kind":"FHA"}},{"type":"Feature","geometry":{"type":"Point","coordinates":[-95.09902,29.5149924]},"properties":{"year":1965,"period":"1965","kind":"FHA"}},{"type":"Feature","geometry":{"type":"Point","coordinates":[-94.9862927,29.3858266]},"properties":{"year":1960,"period":"1960","kind":"VA"}},{"type":"Feature","geometry":{"type":"Point","coordinates":[-94.9861861,29.3866277]},"properties":{"year":1960,"period":"1960","kind":"VA"}},{"type":"Feature","geometry":{"type":"Point","coordinates":[-94.9861861,29.3866277]},"properties":{"year":1960,"period":"1960","kind":"VA"}},{"type":"Feature","geometry":{"type":"Point","coordinates":[-94.9860352,29.3866322]},"properties":{"year":1960,"period":"1960","kind":"VA"}},{"type":"Feature","geometry":{"type":"Point","coordinates":[-94.9855568,29.3866576]},"properties":{"year":1965,"period":"1965","kind":"VA"}},{"type":"Feature","geometry":{"type":"Point","coordinates":[-94.9855568,29.3866576]},"properties":{"year":1965,"period":"1965","kind":"VA"}},{"type":"Feature","geometry":{"type":"Point","coordinates":[-94.9850661,29.3862012]},"properties":{"year":1965,"period":"1965","kind":"VA"}},{"type":"Feature","geometry":{"type":"Point","coordinates":[-94.9850661,29.3862012]},"properties":{"year":1965,"period":"1965","kind":"VA"}},{"type":"Feature","geometry":{"type":"Point","coordinates":[-94.9862927,29.3858266]},"properties":{"year":1960,"period":"1960","kind":"VA"}},{"type":"Feature","geometry":{"type":"Point","coordinates":[-95.0641714,29.46652659999999]},"properties":{"year":1970,"period":"1970","kind":"VA"}},{"type":"Feature","geometry":{"type":"Point","coordinates":[-94.9883836,29.4984598]},"properties":{"year":1975,"period":"1975","kind":"VA"}},{"type":"Feature","geometry":{"type":"Point","coordinates":[-94.9344015,29.4099827]},"properties":{"year":1975,"period":"1975","kind":"VA"}},{"type":"Feature","geometry":{"type":"Point","coordinates":[-94.936487,29.4103867]},"properties":{"year":1970,"period":"1970","kind":"VA"}},{"type":"Feature","geometry":{"type":"Point","coordinates":[-94.9362148,29.4103893]},"properties":{"year":1970,"period":"1970","kind":"FHA"}},{"type":"Feature","geometry":{"type":"Point","coordinates":[-94.7715705,29.3228054]},"properties":{"year":1970,"period":"1970","kind":"FHA"}},{"type":"Feature","geometry":{"type":"Point","coordinates":[-94.995402,29.34323]},"properties":{"year":1970,"period":"1970","kind":"VA"}},{"type":"Feature","geometry":{"type":"Point","coordinates":[-95.0219088,29.3449524]},"properties":{"year":1975,"period":"1975","kind":"VA"}},{"type":"Feature","geometry":{"type":"Point","coordinates":[-95.1969889,29.52137459999999]},"properties":{"year":1975,"period":"1975","kind":"VA"}},{"type":"Feature","geometry":{"type":"Point","coordinates":[-94.8282949,29.2809411]},"properties":{"year":1950,"period":"1950","kind":"VA"}},{"type":"Feature","geometry":{"type":"Point","coordinates":[-95.0654017,29.4687088]},"properties":{"year":1975,"period":"1975","kind":"VA"}},{"type":"Feature","geometry":{"type":"Point","coordinates":[-95.0663507,29.4696979]},"properties":{"year":1975,"period":"1975","kind":"VA"}},{"type":"Feature","geometry":{"type":"Point","coordinates":[-95.1038539,29.46646119999999]},"properties":{"year":1975,"period":"1975","kind":"VA"}},{"type":"Feature","geometry":{"type":"Point","coordinates":[-94.9369857,29.3900429]},"properties":{"year":1960,"period":"1960","kind":"FHA"}},{"type":"Feature","geometry":{"type":"Point","coordinates":[-94.9369857,29.3900429]},"properties":{"year":1965,"period":"1965","kind":"FHA"}},{"type":"Feature","geometry":{"type":"Point","coordinates":[-94.9357645,29.3897959]},"properties":{"year":1960,"period":"1960","kind":"FHA"}},{"type":"Feature","geometry":{"type":"Point","coordinates":[-94.9355774,29.3893661]},"properties":{"year":1960,"period":"1960","kind":"FHA"}},{"type":"Feature","geometry":{"type":"Point","coordinates":[-94.9359551,29.3893673]},"properties":{"year":1960,"period":"1960","kind":"FHA"}},{"type":"Feature","geometry":{"type":"Point","coordinates":[-94.9359551,29.3893673]},"properties":{"year":1965,"period":"1965","kind":"FHA"}},{"type":"Feature","geometry":{"type":"Point","coordinates":[-94.8283619,29.281078]},"properties":{"year":1950,"period":"1950","kind":"FHA"}},{"type":"Feature","geometry":{"type":"Point","coordinates":[-95.0003991,29.3663854]},"properties":{"year":1950,"period":"1950","kind":"VA"}},{"type":"Feature","geometry":{"type":"Point","coordinates":[-95.0003991,29.3663854]},"properties":{"year":1950,"period":"1950","kind":"FHA"}},{"type":"Feature","geometry":{"type":"Point","coordinates":[-94.8289162,29.2812083]},"properties":{"year":1950,"period":"1950","kind":"FHA"}},{"type":"Feature","geometry":{"type":"Point","coordinates":[-94.8289162,29.2812083]},"properties":{"year":1950,"period":"1950","kind":"VA"}},{"type":"Feature","geometry":{"type":"Point","coordinates":[-94.3901546,29.5674724]},"properties":{"year":1950,"period":"1950","kind":"FHA"}},{"type":"Feature","geometry":{"type":"Point","coordinates":[-94.8287012,29.28081999999999]},"properties":{"year":1950,"period":"1950","kind":"FHA"}},{"type":"Feature","geometry":{"type":"Point","coordinates":[-94.9366649,29.41289459999999]},"properties":{"year":1950,"period":"1950","kind":"FHA"}},{"type":"Feature","geometry":{"type":"Point","coordinates":[-94.8282949,29.2809411]},"properties":{"year":1950,"period":"1950","kind":"FHA"}},{"type":"Feature","geometry":{"type":"Point","coordinates":[-94.8281948,29.2808063]},"properties":{"year":1950,"period":"1950","kind":"FHA"}},{"type":"Feature","geometry":{"type":"Point","coordinates":[-94.828078,29.2805538]},"properties":{"year":1970,"period":"1970","kind":"VA"}},{"type":"Feature","geometry":{"type":"Point","coordinates":[-95.11794410000002,29.49005279999999]},"properties":{"year":1970,"period":"1970","kind":"FHA"}},{"type":"Feature","geometry":{"type":"Point","coordinates":[-95.1216859,29.4899767]},"properties":{"year":1975,"period":"1975","kind":"FHA"}},{"type":"Feature","geometry":{"type":"Point","coordinates":[-95.1168502,29.4976073]},"properties":{"year":1975,"period":"1975","kind":"VA"}},{"type":"Feature","geometry":{"type":"Point","coordinates":[-95.1163161,29.4972913]},"properties":{"year":1975,"period":"1975","kind":"VA"}},{"type":"Feature","geometry":{"type":"Point","coordinates":[-95.1159906,29.49683289999999]},"properties":{"year":1975,"period":"1975","kind":"FHA"}},{"type":"Feature","geometry":{"type":"Point","coordinates":[-95.1178483,29.4980405]},"properties":{"year":1975,"period":"1975","kind":"VA"}},{"type":"Feature","geometry":{"type":"Point","coordinates":[-95.1195084,29.4965269]},"properties":{"year":1975,"period":"1975","kind":"VA"}},{"type":"Feature","geometry":{"type":"Point","coordinates":[-95.1181299,29.4960388]},"properties":{"year":1975,"period":"1975","kind":"FHA"}},{"type":"Feature","geometry":{"type":"Point","coordinates":[-95.117851,29.49527179999999]},"properties":{"year":1975,"period":"1975","kind":"VA"}},{"type":"Feature","geometry":{"type":"Point","coordinates":[-95.1164142,29.4953009]},"properties":{"year":1975,"period":"1975","kind":"VA"}},{"type":"Feature","geometry":{"type":"Point","coordinates":[-95.1184608,29.4949384]},"properties":{"year":1975,"period":"1975","kind":"VA"}},{"type":"Feature","geometry":{"type":"Point","coordinates":[-95.1168086,29.4941898]},"properties":{"year":1975,"period":"1975","kind":"VA"}},{"type":"Feature","geometry":{"type":"Point","coordinates":[-95.1168086,29.4941898]},"properties":{"year":1975,"period":"1975","kind":"VA"}},{"type":"Feature","geometry":{"type":"Point","coordinates":[-95.1188397,29.4914995]},"properties":{"year":1975,"period":"1975","kind":"FHA"}},{"type":"Feature","geometry":{"type":"Point","coordinates":[-95.1200615,29.4922354]},"properties":{"year":1970,"period":"1970","kind":"VA"}},{"type":"Feature","geometry":{"type":"Point","coordinates":[-95.118821,29.4922563]},"properties":{"year":1975,"period":"1975","kind":"FHA"}},{"type":"Feature","geometry":{"type":"Point","coordinates":[-95.1184161,29.4922394]},"properties":{"year":1970,"period":"1970","kind":"FHA"}},{"type":"Feature","geometry":{"type":"Point","coordinates":[-95.1183961,29.4919556]},"properties":{"year":1970,"period":"1970","kind":"FHA"}},{"type":"Feature","geometry":{"type":"Point","coordinates":[-95.1167642,29.4922791]},"properties":{"year":1970,"period":"1970","kind":"VA"}},{"type":"Feature","geometry":{"type":"Point","coordinates":[-95.11794410000002,29.49005279999999]},"properties":{"year":1970,"period":"1970","kind":"FHA"}},{"type":"Feature","geometry":{"type":"Point","coordinates":[-95.1183924,29.4912314]},"properties":{"year":1975,"period":"1975","kind":"VA"}},{"type":"Feature","geometry":{"type":"Point","coordinates":[-95.1165232,29.4904851]},"properties":{"year":1975,"period":"1975","kind":"VA"}},{"type":"Feature","geometry":{"type":"Point","coordinates":[-95.1169394,29.4904984]},"properties":{"year":1975,"period":"1975","kind":"VA"}},{"type":"Feature","geometry":{"type":"Point","coordinates":[-95.1177581,29.4904878]},"properties":{"year":1975,"period":"1975","kind":"VA"}},{"type":"Feature","geometry":{"type":"Point","coordinates":[-95.1223158,29.48996]},"properties":{"year":1970,"period":"1970","kind":"VA"}},{"type":"Feature","geometry":{"type":"Point","coordinates":[-95.1179976,29.492241]},"properties":{"year":1975,"period":"1975","kind":"VA"}},{"type":"Feature","geometry":{"type":"Point","coordinates":[-95.1180405,29.4968053]},"properties":{"year":1965,"period":"1965","kind":"VA"}},{"type":"Feature","geometry":{"type":"Point","coordinates":[-95.1234729,29.49317589999999]},"properties":{"year":1975,"period":"1975","kind":"VA"}},{"type":"Feature","geometry":{"type":"Point","coordinates":[-95.1176513,29.4952877]},"properties":{"year":1975,"period":"1975","kind":"VA"}},{"type":"Feature","geometry":{"type":"Point","coordinates":[-95.1227525,29.4941768]},"properties":{"year":1975,"period":"1975","kind":"VA"}},{"type":"Feature","geometry":{"type":"Point","coordinates":[-95.1184709,29.49681279999999]},"properties":{"year":1965,"period":"1965","kind":"VA"}},{"type":"Feature","geometry":{"type":"Point","coordinates":[-95.1166912,29.4988305]},"properties":{"year":1965,"period":"1965","kind":"FHA"}},{"type":"Feature","geometry":{"type":"Point","coordinates":[-95.1166949,29.4960704]},"properties":{"year":1965,"period":"1965","kind":"FHA"}},{"type":"Feature","geometry":{"type":"Point","coordinates":[-95.117487,29.4987973]},"properties":{"year":1965,"period":"1965","kind":"FHA"}},{"type":"Feature","geometry":{"type":"Point","coordinates":[-95.1172848,29.498795]},"properties":{"year":1965,"period":"1965","kind":"FHA"}},{"type":"Feature","geometry":{"type":"Point","coordinates":[-95.1170683,29.4988011]},"properties":{"year":1965,"period":"1965","kind":"FHA"}},{"type":"Feature","geometry":{"type":"Point","coordinates":[-95.1177371,29.4972708]},"properties":{"year":1965,"period":"1965","kind":"FHA"}},{"type":"Feature","geometry":{"type":"Point","coordinates":[-95.1175372,29.4972445]},"properties":{"year":1965,"period":"1965","kind":"FHA"}},{"type":"Feature","geometry":{"type":"Point","coordinates":[-95.1173401,29.49724699999999]},"properties":{"year":1965,"period":"1965","kind":"FHA"}},{"type":"Feature","geometry":{"type":"Point","coordinates":[-95.1171131,29.4972638]},"properties":{"year":1965,"period":"1965","kind":"VA"}},{"type":"Feature","geometry":{"type":"Point","coordinates":[-95.1169204,29.4972491]},"properties":{"year":1965,"period":"1965","kind":"VA"}},{"type":"Feature","geometry":{"type":"Point","coordinates":[-95.1167202,29.4972656]},"properties":{"year":1965,"period":"1965","kind":"FHA"}},{"type":"Feature","geometry":{"type":"Point","coordinates":[-95.1163161,29.4972913]},"properties":{"year":1965,"period":"1965","kind":"FHA"}},{"type":"Feature","geometry":{"type":"Point","coordinates":[-95.1160988,29.4972082]},"properties":{"year":1965,"period":"1965","kind":"VA"}},{"type":"Feature","geometry":{"type":"Point","coordinates":[-95.1178845,29.4983598]},"properties":{"year":1965,"period":"1965","kind":"VA"}},{"type":"Feature","geometry":{"type":"Point","coordinates":[-95.1174686,29.4980071]},"properties":{"year":1965,"period":"1965","kind":"VA"}},{"type":"Feature","geometry":{"type":"Point","coordinates":[-95.1172412,29.4968168]},"properties":{"year":1965,"period":"1965","kind":"FHA"}},{"type":"Feature","geometry":{"type":"Point","coordinates":[-95.1174354,29.496819]},"properties":{"year":1965,"period":"1965","kind":"FHA"}},{"type":"Feature","geometry":{"type":"Point","coordinates":[-95.1176271,29.4967878]},"properties":{"year":1965,"period":"1965","kind":"VA"}},{"type":"Feature","geometry":{"type":"Point","coordinates":[-95.1178269,29.4968042]},"properties":{"year":1965,"period":"1965","kind":"FHA"}},{"type":"Feature","geometry":{"type":"Point","coordinates":[-95.1182336,29.4968118]},"properties":{"year":1965,"period":"1965","kind":"FHA"}},{"type":"Feature","geometry":{"type":"Point","coordinates":[-95.1186418,29.4967718]},"properties":{"year":1965,"period":"1965","kind":"FHA"}},{"type":"Feature","geometry":{"type":"Point","coordinates":[-95.116055,29.4966552]},"properties":{"year":1965,"period":"1965","kind":"FHA"}},{"type":"Feature","geometry":{"type":"Point","coordinates":[-95.1171235,29.496037]},"properties":{"year":1965,"period":"1965","kind":"FHA"}},{"type":"Feature","geometry":{"type":"Point","coordinates":[-95.1173237,29.4960563]},"properties":{"year":1965,"period":"1965","kind":"VA"}},{"type":"Feature","geometry":{"type":"Point","coordinates":[-95.1175119,29.4960452]},"properties":{"year":1965,"period":"1965","kind":"FHA"}},{"type":"Feature","geometry":{"type":"Point","coordinates":[-95.1177152,29.4960478]},"properties":{"year":1965,"period":"1965","kind":"FHA"}},{"type":"Feature","geometry":{"type":"Point","coordinates":[-95.1181299,29.4960388]},"properties":{"year":1965,"period":"1965","kind":"FHA"}},{"type":"Feature","geometry":{"type":"Point","coordinates":[-95.047035,29.4687328]},"properties":{"year":1970,"period":"1970","kind":"VA"}},{"type":"Feature","geometry":{"type":"Point","coordinates":[-95.0856338,29.5228841]},"properties":{"year":1965,"period":"1965","kind":"FHA"}},{"type":"Feature","geometry":{"type":"Point","coordinates":[-95.086235,29.5234433]},"properties":{"year":1965,"period":"1965","kind":"FHA"}},{"type":"Feature","geometry":{"type":"Point","coordinates":[-95.086235,29.5234433]},"properties":{"year":1965,"period":"1965","kind":"FHA"}},{"type":"Feature","geometry":{"type":"Point","coordinates":[-94.9705804,29.3606761]},"properties":{"year":1975,"period":"1975","kind":"VA"}},{"type":"Feature","geometry":{"type":"Point","coordinates":[-94.9705804,29.3606761]},"properties":{"year":1970,"period":"1970","kind":"FHA"}},{"type":"Feature","geometry":{"type":"Point","coordinates":[-94.9688921,29.3602628]},"properties":{"year":1960,"period":"1960","kind":"FHA"}},{"type":"Feature","geometry":{"type":"Point","coordinates":[-94.9684344,29.3602577]},"properties":{"year":1960,"period":"1960","kind":"FHA"}},{"type":"Feature","geometry":{"type":"Point","coordinates":[-95.0706173,29.4634217]},"properties":{"year":1975,"period":"1975","kind":"VA"}},{"type":"Feature","geometry":{"type":"Point","coordinates":[-95.0701849,29.46373119999999]},"properties":{"year":1975,"period":"1975","kind":"VA"}},{"type":"Feature","geometry":{"type":"Point","coordinates":[-95.0730886,29.4625445]},"properties":{"year":1965,"period":"1965","kind":"FHA"}},{"type":"Feature","geometry":{"type":"Point","coordinates":[-95.0712372,29.4634219]},"properties":{"year":1960,"period":"1960","kind":"FHA"}},{"type":"Feature","geometry":{"type":"Point","coordinates":[-95.0701849,29.46373119999999]},"properties":{"year":1965,"period":"1965","kind":"FHA"}},{"type":"Feature","geometry":{"type":"Point","coordinates":[-95.0663088,29.4657164]},"properties":{"year":1975,"period":"1975","kind":"VA"}},{"type":"Feature","geometry":{"type":"Point","coordinates":[-95.0777945,29.4629359]},"properties":{"year":1975,"period":"1975","kind":"VA"}},{"type":"Feature","geometry":{"type":"Point","coordinates":[-94.9691534,29.3808108]},"properties":{"year":1965,"period":"1965","kind":"FHA"}},{"type":"Feature","geometry":{"type":"Point","coordinates":[-95.0517625,29.4633786]},"properties":{"year":1960,"period":"1960","kind":"FHA"}},{"type":"Feature","geometry":{"type":"Point","coordinates":[-94.9690439,29.3830361]},"properties":{"year":1975,"period":"1975","kind":"VA"}},{"type":"Feature","geometry":{"type":"Point","coordinates":[-94.9940091,29.3427488]},"properties":{"year":1965,"period":"1965","kind":"FHA"}},{"type":"Feature","geometry":{"type":"Point","coordinates":[-94.9685642,29.3839507]},"properties":{"year":1960,"period":"1960","kind":"FHA"}},{"type":"Feature","geometry":{"type":"Point","coordinates":[-94.9697474,29.382336]},"properties":{"year":1965,"period":"1965","kind":"FHA"}},{"type":"Feature","geometry":{"type":"Point","coordinates":[-94.9696643,29.3827605]},"properties":{"year":1965,"period":"1965","kind":"FHA"}},{"type":"Feature","geometry":{"type":"Point","coordinates":[-95.0071537,29.3947737]},"properties":{"year":1965,"period":"1965","kind":"FHA"}},{"type":"Feature","geometry":{"type":"Point","coordinates":[-95.0071537,29.3947737]},"properties":{"year":1960,"period":"1960","kind":"FHA"}},{"type":"Feature","geometry":{"type":"Point","coordinates":[-95.0322284,29.4540322]},"properties":{"year":1975,"period":"1975","kind":"VA"}},{"type":"Feature","geometry":{"type":"Point","coordinates":[-94.9295997,29.382613]},"properties":{"year":1975,"period":"1975","kind":"FHA"}},{"type":"Feature","geometry":{"type":"Point","coordinates":[-95.2112355,29.5029173]},"properties":{"year":1950,"period":"1950","kind":"VA"}},{"type":"Feature","geometry":{"type":"Point","coordinates":[-95.0068954,29.4149119]},"properties":{"year":1975,"period":"1975","kind":"VA"}},{"type":"Feature","geometry":{"type":"Point","coordinates":[-95.0068437,29.4157502]},"properties":{"year":1975,"period":"1975","kind":"FHA"}},{"type":"Feature","geometry":{"type":"Point","coordinates":[-95.2223512,29.495699]},"properties":{"year":1950,"period":"1950","kind":"VA"}},{"type":"Feature","geometry":{"type":"Point","coordinates":[-94.9764051,29.3600921]},"properties":{"year":1975,"period":"1975","kind":"VA"}},{"type":"Feature","geometry":{"type":"Point","coordinates":[-94.9778021,29.36252]},"properties":{"year":1950,"period":"1950","kind":"VA"}},{"type":"Feature","geometry":{"type":"Point","coordinates":[-94.974461,29.3616317]},"properties":{"year":1950,"period":"1950","kind":"FHA"}},{"type":"Feature","geometry":{"type":"Point","coordinates":[-95.0014064,29.3664361]},"properties":{"year":1950,"period":"1950","kind":"VA"}},{"type":"Feature","geometry":{"type":"Point","coordinates":[-94.9784727,29.36116519999999]},"properties":{"year":1950,"period":"1950","kind":"VA"}},{"type":"Feature","geometry":{"type":"Point","coordinates":[-94.9776203,29.3601453]},"properties":{"year":1950,"period":"1950","kind":"FHA"}},{"type":"Feature","geometry":{"type":"Point","coordinates":[-94.9789739,29.3611012]},"properties":{"year":1950,"period":"1950","kind":"VA"}},{"type":"Feature","geometry":{"type":"Point","coordinates":[-94.3901546,29.5674724]},"properties":{"year":1950,"period":"1950","kind":"VA"}},{"type":"Feature","geometry":{"type":"Point","coordinates":[-94.9780427,29.3624926]},"properties":{"year":1950,"period":"1950","kind":"VA"}},{"type":"Feature","geometry":{"type":"Point","coordinates":[-94.9776003,29.3625068]},"properties":{"year":1950,"period":"1950","kind":"VA"}},{"type":"Feature","geometry":{"type":"Point","coordinates":[-94.9771493,29.3620487]},"properties":{"year":1960,"period":"1960","kind":"FHA"}},{"type":"Feature","geometry":{"type":"Point","coordinates":[-94.9793439,29.360122]},"properties":{"year":1950,"period":"1950","kind":"VA"}},{"type":"Feature","geometry":{"type":"Point","coordinates":[-95.0100832,29.4148108]},"properties":{"year":1960,"period":"1960","kind":"FHA"}},{"type":"Feature","geometry":{"type":"Point","coordinates":[-95.0026454,29.3997529]},"properties":{"year":1960,"period":"1960","kind":"FHA"}},{"type":"Feature","geometry":{"type":"Point","coordinates":[-95.005821,29.414333]},"properties":{"year":1950,"period":"1950","kind":"FHA"}},{"type":"Feature","geometry":{"type":"Point","coordinates":[-95.0107697,29.4150347]},"properties":{"year":1965,"period":"1965","kind":"FHA"}},{"type":"Feature","geometry":{"type":"Point","coordinates":[-95.0100832,29.4148108]},"properties":{"year":1965,"period":"1965","kind":"FHA"}},{"type":"Feature","geometry":{"type":"Point","coordinates":[-95.0499403,29.4449861]},"properties":{"year":1970,"period":"1970","kind":"FHA"}},{"type":"Feature","geometry":{"type":"Point","coordinates":[-94.969844,29.3334577]},"properties":{"year":1970,"period":"1970","kind":"FHA"}},{"type":"Feature","geometry":{"type":"Point","coordinates":[-94.7843903,29.29747519999999]},"properties":{"year":1970,"period":"1970","kind":"FHA"}},{"type":"Feature","geometry":{"type":"Point","coordinates":[-95.0460877,29.4492161]},"properties":{"year":1965,"period":"1965","kind":"FHA"}},{"type":"Feature","geometry":{"type":"Point","coordinates":[-94.8218897,29.2899868]},"properties":{"year":1965,"period":"1965","kind":"FHA"}},{"type":"Feature","geometry":{"type":"Point","coordinates":[-94.8217402,29.2900216]},"properties":{"year":1940,"period":"1935-40","kind":"FHA"}},{"type":"Feature","geometry":{"type":"Point","coordinates":[-94.8197776,29.2892513]},"properties":{"year":1940,"period":"1935-40","kind":"FHA"}},{"type":"Feature","geometry":{"type":"Point","coordinates":[-94.8197252,29.28898539999999]},"properties":{"year":1940,"period":"1935-40","kind":"FHA"}},{"type":"Feature","geometry":{"type":"Point","coordinates":[-95.2059132,29.5188811]},"properties":{"year":1940,"period":"1935-40","kind":"FHA"}},{"type":"Feature","geometry":{"type":"Point","coordinates":[-94.8195538,29.2884624]},"properties":{"year":1940,"period":"1935-40","kind":"FHA"}},{"type":"Feature","geometry":{"type":"Point","coordinates":[-94.8193001,29.2876959]},"properties":{"year":1940,"period":"1935-40","kind":"FHA"}},{"type":"Feature","geometry":{"type":"Point","coordinates":[-94.819877,29.287212]},"properties":{"year":1950,"period":"1950","kind":"VA"}},{"type":"Feature","geometry":{"type":"Point","coordinates":[-94.821192,29.2877408]},"properties":{"year":1940,"period":"1935-40","kind":"FHA"}},{"type":"Feature","geometry":{"type":"Point","coordinates":[-94.8213929,29.2882611]},"properties":{"year":1940,"period":"1935-40","kind":"FHA"}},{"type":"Feature","geometry":{"type":"Point","coordinates":[-94.8208989,29.2898278]},"properties":{"year":1939,"period":"1935-40","kind":"FHA"}},{"type":"Feature","geometry":{"type":"Point","coordinates":[-94.8211016,29.2894606]},"properties":{"year":1940,"period":"1935-40","kind":"FHA"}},{"type":"Feature","geometry":{"type":"Point","coordinates":[-94.8212343,29.2894384]},"properties":{"year":1940,"period":"1935-40","kind":"FHA"}},{"type":"Feature","geometry":{"type":"Point","coordinates":[-94.8212698,29.2890355]},"properties":{"year":1940,"period":"1935-40","kind":"FHA"}},{"type":"Feature","geometry":{"type":"Point","coordinates":[-94.8211259,29.2890639]},"properties":{"year":1940,"period":"1935-40","kind":"FHA"}},{"type":"Feature","geometry":{"type":"Point","coordinates":[-94.8209673,29.289098]},"properties":{"year":1940,"period":"1935-40","kind":"FHA"}},{"type":"Feature","geometry":{"type":"Point","coordinates":[-94.820678,29.289176]},"properties":{"year":1940,"period":"1935-40","kind":"FHA"}},{"type":"Feature","geometry":{"type":"Point","coordinates":[-95.2035285,29.5182765]},"properties":{"year":1940,"period":"1935-40","kind":"FHA"}},{"type":"Feature","geometry":{"type":"Point","coordinates":[-94.8207108,29.2888396]},"properties":{"year":1940,"period":"1935-40","kind":"FHA"}},{"type":"Feature","geometry":{"type":"Point","coordinates":[-94.8208725,29.2888089]},"properties":{"year":1940,"period":"1935-40","kind":"FHA"}},{"type":"Feature","geometry":{"type":"Point","coordinates":[-94.8204434,29.2885472]},"properties":{"year":1940,"period":"1935-40","kind":"FHA"}},{"type":"Feature","geometry":{"type":"Point","coordinates":[-94.8200302,29.2882951]},"properties":{"year":1940,"period":"1935-40","kind":"FHA"}},{"type":"Feature","geometry":{"type":"Point","coordinates":[-94.8203243,29.2882262]},"properties":{"year":1940,"period":"1935-40","kind":"FHA"}},{"type":"Feature","geometry":{"type":"Point","coordinates":[-94.8206314,29.2881337]},"properties":{"year":1940,"period":"1935-40","kind":"FHA"}},{"type":"Feature","geometry":{"type":"Point","coordinates":[-94.820816,29.28772919999999]},"properties":{"year":1940,"period":"1935-40","kind":"FHA"}},{"type":"Feature","geometry":{"type":"Point","coordinates":[-94.8202219,29.2878794]},"properties":{"year":1940,"period":"1935-40","kind":"FHA"}},{"type":"Feature","geometry":{"type":"Point","coordinates":[-94.8199145,29.2879649]},"properties":{"year":1940,"period":"1935-40","kind":"FHA"}},{"type":"Feature","geometry":{"type":"Point","coordinates":[-94.8199859,29.2876129]},"properties":{"year":1940,"period":"1935-40","kind":"FHA"}},{"type":"Feature","geometry":{"type":"Point","coordinates":[-94.9092529,29.3979384]},"properties":{"year":1970,"period":"1970","kind":"FHA"}},{"type":"Feature","geometry":{"type":"Point","coordinates":[-94.9090784,29.3984229]},"properties":{"year":1970,"period":"1970","kind":"VA"}},{"type":"Feature","geometry":{"type":"Point","coordinates":[-94.8310219,29.2872447]},"properties":{"year":1975,"period":"1975","kind":"VA"}},{"type":"Feature","geometry":{"type":"Point","coordinates":[-94.8310219,29.2872447]},"properties":{"year":1975,"period":"1975","kind":"VA"}},{"type":"Feature","geometry":{"type":"Point","coordinates":[-94.9386779,29.3981747]},"properties":{"year":1975,"period":"1975","kind":"VA"}},{"type":"Feature","geometry":{"type":"Point","coordinates":[-94.9379262,29.3981889]},"properties":{"year":1970,"period":"1970","kind":"FHA"}},{"type":"Feature","geometry":{"type":"Point","coordinates":[-94.9396471,29.3977772]},"properties":{"year":1960,"period":"1960","kind":"VA"}},{"type":"Feature","geometry":{"type":"Point","coordinates":[-94.9384457,29.3970726]},"properties":{"year":1965,"period":"1965","kind":"FHA"}},{"type":"Feature","geometry":{"type":"Point","coordinates":[-94.9394556,29.3981675]},"properties":{"year":1975,"period":"1975","kind":"FHA"}},{"type":"Feature","geometry":{"type":"Point","coordinates":[-95.0966311,29.5024713]},"properties":{"year":1965,"period":"1965","kind":"VA"}},{"type":"Feature","geometry":{"type":"Point","coordinates":[-95.0966311,29.5024713]},"properties":{"year":1965,"period":"1965","kind":"VA"}},{"type":"Feature","geometry":{"type":"Point","coordinates":[-95.0966311,29.5024713]},"properties":{"year":1965,"period":"1965","kind":"VA"}},{"type":"Feature","geometry":{"type":"Point","coordinates":[-95.0966311,29.5024713]},"properties":{"year":1965,"period":"1965","kind":"VA"}},{"type":"Feature","geometry":{"type":"Point","coordinates":[-95.0321957,29.4195837]},"properties":{"year":1970,"period":"1970","kind":"FHA"}},{"type":"Feature","geometry":{"type":"Point","coordinates":[-95.0942933,29.504644]},"properties":{"year":1965,"period":"1965","kind":"FHA"}},{"type":"Feature","geometry":{"type":"Point","coordinates":[-94.8219607,29.2721024]},"properties":{"year":1965,"period":"1965","kind":"FHA"}},{"type":"Feature","geometry":{"type":"Point","coordinates":[-95.0971482,29.5029971]},"properties":{"year":1970,"period":"1970","kind":"VA"}},{"type":"Feature","geometry":{"type":"Point","coordinates":[-95.0974974,29.5027498]},"properties":{"year":1970,"period":"1970","kind":"VA"}},{"type":"Feature","geometry":{"type":"Point","coordinates":[-95.1045451,29.5016416]},"properties":{"year":1970,"period":"1970","kind":"FHA"}},{"type":"Feature","geometry":{"type":"Point","coordinates":[-95.1049508,29.5016353]},"properties":{"year":1970,"period":"1970","kind":"FHA"}},{"type":"Feature","geometry":{"type":"Point","coordinates":[-95.1051597,29.5016006]},"properties":{"year":1970,"period":"1970","kind":"VA"}},{"type":"Feature","geometry":{"type":"Point","coordinates":[-95.1054086,29.5020506]},"properties":{"year":1970,"period":"1970","kind":"FHA"}},{"type":"Feature","geometry":{"type":"Point","coordinates":[-95.1049814,29.5020873]},"properties":{"year":1970,"period":"1970","kind":"FHA"}},{"type":"Feature","geometry":{"type":"Point","coordinates":[-95.104764,29.50207439999999]},"properties":{"year":1970,"period":"1970","kind":"FHA"}},{"type":"Feature","geometry":{"type":"Point","coordinates":[-95.1043513,29.5020803]},"properties":{"year":1970,"period":"1970","kind":"FHA"}},{"type":"Feature","geometry":{"type":"Point","coordinates":[-95.1043623,29.5024708]},"properties":{"year":1975,"period":"1975","kind":"VA"}},{"type":"Feature","geometry":{"type":"Point","coordinates":[-95.10401,29.5007953]},"properties":{"year":1975,"period":"1975","kind":"VA"}},{"type":"Feature","geometry":{"type":"Point","coordinates":[-95.1016739,29.5052878]},"properties":{"year":1970,"period":"1970","kind":"VA"}},{"type":"Feature","geometry":{"type":"Point","coordinates":[-95.102255,29.5051482]},"properties":{"year":1970,"period":"1970","kind":"FHA"}},{"type":"Feature","geometry":{"type":"Point","coordinates":[-95.1051487,29.5021326]},"properties":{"year":1970,"period":"1970","kind":"FHA"}},{"type":"Feature","geometry":{"type":"Point","coordinates":[-95.1039456,29.5025141]},"properties":{"year":1970,"period":"1970","kind":"FHA"}},{"type":"Feature","geometry":{"type":"Point","coordinates":[-94.9360357,29.4141129]},"properties":{"year":1960,"period":"1960","kind":"FHA"}},{"type":"Feature","geometry":{"type":"Point","coordinates":[-95.0140347,29.3491024]},"properties":{"year":1965,"period":"1965","kind":"VA"}},{"type":"Feature","geometry":{"type":"Point","coordinates":[-95.0872831,29.5105978]},"properties":{"year":1950,"period":"1950","kind":"VA"}},{"type":"Feature","geometry":{"type":"Point","coordinates":[-95.0562852,29.4476987]},"properties":{"year":1970,"period":"1970","kind":"FHA"}},{"type":"Feature","geometry":{"type":"Point","coordinates":[-94.9420956,29.3932695]},"properties":{"year":1960,"period":"1960","kind":"VA"}},{"type":"Feature","geometry":{"type":"Point","coordinates":[-95.0693651,29.4621847]},"properties":{"year":1970,"period":"1970","kind":"FHA"}},{"type":"Feature","geometry":{"type":"Point","coordinates":[-94.9954378,29.3737753]},"properties":{"year":1970,"period":"1970","kind":"FHA"}},{"type":"Feature","geometry":{"type":"Point","coordinates":[-94.9442958,29.3824412]},"properties":{"year":1960,"period":"1960","kind":"VA"}},{"type":"Feature","geometry":{"type":"Point","coordinates":[-94.9441332,29.3824241]},"properties":{"year":1965,"period":"1965","kind":"VA"}},{"type":"Feature","geometry":{"type":"Point","coordinates":[-94.9441332,29.3824241]},"properties":{"year":1965,"period":"1965","kind":"VA"}},{"type":"Feature","geometry":{"type":"Point","coordinates":[-94.9431924,29.3824346]},"properties":{"year":1975,"period":"1975","kind":"VA"}},{"type":"Feature","geometry":{"type":"Point","coordinates":[-95.108462,29.5012858]},"properties":{"year":1960,"period":"1960","kind":"VA"}},{"type":"Feature","geometry":{"type":"Point","coordinates":[-95.108462,29.5012858]},"properties":{"year":1960,"period":"1960","kind":"VA"}},{"type":"Feature","geometry":{"type":"Point","coordinates":[-94.9444344,29.3833403]},"properties":{"year":1970,"period":"1970","kind":"VA"}},{"type":"Feature","geometry":{"type":"Point","coordinates":[-94.9441436,29.3833611]},"properties":{"year":1975,"period":"1975","kind":"VA"}},{"type":"Feature","geometry":{"type":"Point","coordinates":[-94.9441436,29.3833611]},"properties":{"year":1975,"period":"1975","kind":"VA"}},{"type":"Feature","geometry":{"type":"Point","coordinates":[-94.9436681,29.3833177]},"properties":{"year":1965,"period":"1965","kind":"VA"}},{"type":"Feature","geometry":{"type":"Point","coordinates":[-94.9436681,29.3833177]},"properties":{"year":1965,"period":"1965","kind":"VA"}},{"type":"Feature","geometry":{"type":"Point","coordinates":[-94.9438275,29.3828649]},"properties":{"year":1975,"period":"1975","kind":"VA"}},{"type":"Feature","geometry":{"type":"Point","coordinates":[-94.9439575,29.3828351]},"properties":{"year":1965,"period":"1965","kind":"VA"}},{"type":"Feature","geometry":{"type":"Point","coordinates":[-94.9439575,29.3828351]},"properties":{"year":1965,"period":"1965","kind":"VA"}},{"type":"Feature","geometry":{"type":"Point","coordinates":[-94.9441351,29.3828341]},"properties":{"year":1965,"period":"1965","kind":"VA"}},{"type":"Feature","geometry":{"type":"Point","coordinates":[-94.9441351,29.3828341]},"properties":{"year":1965,"period":"1965","kind":"VA"}},{"type":"Feature","geometry":{"type":"Point","coordinates":[-94.9436752,29.383754]},"properties":{"year":1965,"period":"1965","kind":"VA"}},{"type":"Feature","geometry":{"type":"Point","coordinates":[-94.9436752,29.383754]},"properties":{"year":1965,"period":"1965","kind":"VA"}},{"type":"Feature","geometry":{"type":"Point","coordinates":[-94.9441364,29.3837758]},"properties":{"year":1960,"period":"1960","kind":"VA"}},{"type":"Feature","geometry":{"type":"Point","coordinates":[-94.942092,29.3837526]},"properties":{"year":1975,"period":"1975","kind":"VA"}},{"type":"Feature","geometry":{"type":"Point","coordinates":[-94.942092,29.3837526]},"properties":{"year":1975,"period":"1975","kind":"VA"}},{"type":"Feature","geometry":{"type":"Point","coordinates":[-94.9423979,29.3837802]},"properties":{"year":1975,"period":"1975","kind":"FHA"}},{"type":"Feature","geometry":{"type":"Point","coordinates":[-94.9435106,29.3824158]},"properties":{"year":1970,"period":"1970","kind":"FHA"}},{"type":"Feature","geometry":{"type":"Point","coordinates":[-95.0323646,29.4640599]},"properties":{"year":1970,"period":"1970","kind":"FHA"}},{"type":"Feature","geometry":{"type":"Point","coordinates":[-95.0323716,29.4636104]},"properties":{"year":1975,"period":"1975","kind":"VA"}},{"type":"Feature","geometry":{"type":"Point","coordinates":[-95.0323716,29.4636104]},"properties":{"year":1970,"period":"1970","kind":"FHA"}},{"type":"Feature","geometry":{"type":"Point","coordinates":[-95.0304431,29.4636879]},"properties":{"year":1970,"period":"1970","kind":"VA"}},{"type":"Feature","geometry":{"type":"Point","coordinates":[-95.11706,29.4385837]},"properties":{"year":1975,"period":"1975","kind":"VA"}},{"type":"Feature","geometry":{"type":"Point","coordinates":[-95.1076807,29.3684754]},"properties":{"year":1975,"period":"1975","kind":"FHA"}},{"type":"Feature","geometry":{"type":"Point","coordinates":[-95.193854,29.5281748]},"properties":{"year":1975,"period":"1975","kind":"VA"}},{"type":"Feature","geometry":{"type":"Point","coordinates":[-94.9740757,29.3729809]},"properties":{"year":1960,"period":"1960","kind":"FHA"}},{"type":"Feature","geometry":{"type":"Point","coordinates":[-94.8984077,29.40238999999999]},"properties":{"year":1960,"period":"1960","kind":"FHA"}},{"type":"Feature","geometry":{"type":"Point","coordinates":[-95.0796313,29.4197946]},"properties":{"year":1975,"period":"1975","kind":"VA"}},{"type":"Feature","geometry":{"type":"Point","coordinates":[-95.2099411,29.5355374]},"properties":{"year":1970,"period":"1970","kind":"FHA"}},{"type":"Feature","geometry":{"type":"Point","coordinates":[-95.2099699,29.5360654]},"properties":{"year":1970,"period":"1970","kind":"VA"}},{"type":"Feature","geometry":{"type":"Point","coordinates":[-95.2094563,29.5359424]},"properties":{"year":1970,"period":"1970","kind":"FHA"}},{"type":"Feature","geometry":{"type":"Point","coordinates":[-95.210133,29.5359255]},"properties":{"year":1970,"period":"1970","kind":"FHA"}},{"type":"Feature","geometry":{"type":"Point","coordinates":[-95.2098473,29.5362069]},"properties":{"year":1970,"period":"1970","kind":"VA"}},{"type":"Feature","geometry":{"type":"Point","coordinates":[-95.2101092,29.536476]},"properties":{"year":1970,"period":"1970","kind":"VA"}},{"type":"Feature","geometry":{"type":"Point","coordinates":[-95.2105129,29.53621739999999]},"properties":{"year":1970,"period":"1970","kind":"VA"}},{"type":"Feature","geometry":{"type":"Point","coordinates":[-95.210622,29.53607]},"properties":{"year":1975,"period":"1975","kind":"VA"}},{"type":"Feature","geometry":{"type":"Point","coordinates":[-95.2107763,29.5359243]},"properties":{"year":1970,"period":"1970","kind":"FHA"}},{"type":"Feature","geometry":{"type":"Point","coordinates":[-95.1519355,29.4979994]},"properties":{"year":1970,"period":"1970","kind":"FHA"}},{"type":"Feature","geometry":{"type":"Point","coordinates":[-95.2113515,29.5353314]},"properties":{"year":1975,"period":"1975","kind":"FHA"}},{"type":"Feature","geometry":{"type":"Point","coordinates":[-95.0454128,29.5203052]},"properties":{"year":1975,"period":"1975","kind":"VA"}},{"type":"Feature","geometry":{"type":"Point","coordinates":[-95.0482609,29.5184611]},"properties":{"year":1970,"period":"1970","kind":"VA"}},{"type":"Feature","geometry":{"type":"Point","coordinates":[-95.2121167,29.5346247]},"properties":{"year":1970,"period":"1970","kind":"FHA"}},{"type":"Feature","geometry":{"type":"Point","coordinates":[-95.2122125,29.5344484]},"properties":{"year":1970,"period":"1970","kind":"VA"}},{"type":"Feature","geometry":{"type":"Point","coordinates":[-95.2123344,29.534241]},"properties":{"year":1970,"period":"1970","kind":"VA"}},{"type":"Feature","geometry":{"type":"Point","coordinates":[-95.212428,29.53407289999999]},"properties":{"year":1970,"period":"1970","kind":"FHA"}},{"type":"Feature","geometry":{"type":"Point","coordinates":[-95.2127454,29.5335596]},"properties":{"year":1975,"period":"1975","kind":"FHA"}},{"type":"Feature","geometry":{"type":"Point","coordinates":[-95.2105129,29.53621739999999]},"properties":{"year":1970,"period":"1970","kind":"VA"}},{"type":"Feature","geometry":{"type":"Point","coordinates":[-95.2110221,29.5363037]},"properties":{"year":1975,"period":"1975","kind":"VA"}},{"type":"Feature","geometry":{"type":"Point","coordinates":[-95.2107132,29.5365953]},"properties":{"year":1970,"period":"1970","kind":"VA"}},{"type":"Feature","geometry":{"type":"Point","coordinates":[-95.2140463,29.5343394]},"properties":{"year":1970,"period":"1970","kind":"FHA"}},{"type":"Feature","geometry":{"type":"Point","coordinates":[-94.940446,29.3944706]},"properties":{"year":1965,"period":"1965","kind":"FHA"}},{"type":"Feature","geometry":{"type":"Point","coordinates":[-94.9402648,29.3944915]},"properties":{"year":1965,"period":"1965","kind":"FHA"}},{"type":"Feature","geometry":{"type":"Point","coordinates":[-94.9393077,29.3940553]},"properties":{"year":1965,"period":"1965","kind":"VA"}},{"type":"Feature","geometry":{"type":"Point","coordinates":[-94.9393077,29.3940553]},"properties":{"year":1965,"period":"1965","kind":"VA"}},{"type":"Feature","geometry":{"type":"Point","coordinates":[-94.9400478,29.3936366]},"properties":{"year":1965,"period":"1965","kind":"FHA"}},{"type":"Feature","geometry":{"type":"Point","coordinates":[-94.9396527,29.3936338]},"properties":{"year":1965,"period":"1965","kind":"VA"}},{"type":"Feature","geometry":{"type":"Point","coordinates":[-94.7381627,29.40438019999999]},"properties":{"year":1965,"period":"1965","kind":"VA"}},{"type":"Feature","geometry":{"type":"Point","coordinates":[-94.9008939,29.4017904]},"properties":{"year":1975,"period":"1975","kind":"FHA"}},{"type":"Feature","geometry":{"type":"Point","coordinates":[-94.9005861,29.4004587]},"properties":{"year":1950,"period":"1950","kind":"FHA"}},{"type":"Feature","geometry":{"type":"Point","coordinates":[-94.9005861,29.4004587]},"properties":{"year":1950,"period":"1950","kind":"VA"}},{"type":"Feature","geometry":{"type":"Point","coordinates":[-94.8991642,29.4005074]},"properties":{"year":1975,"period":"1975","kind":"VA"}},{"type":"Feature","geometry":{"type":"Point","coordinates":[-94.899331,29.4008188]},"properties":{"year":1950,"period":"1950","kind":"FHA"}},{"type":"Feature","geometry":{"type":"Point","coordinates":[-94.8957654,29.4004927]},"properties":{"year":1950,"period":"1950","kind":"VA"}},{"type":"Feature","geometry":{"type":"Point","coordinates":[-94.8945158,29.4014612]},"properties":{"year":1975,"period":"1975","kind":"FHA"}},{"type":"Feature","geometry":{"type":"Point","coordinates":[-94.8951007,29.4008781]},"properties":{"year":1950,"period":"1950","kind":"VA"}},{"type":"Feature","geometry":{"type":"Point","coordinates":[-94.8951007,29.4008781]},"properties":{"year":1950,"period":"1950","kind":"FHA"}},{"type":"Feature","geometry":{"type":"Point","coordinates":[-94.901918,29.4027127]},"properties":{"year":1975,"period":"1975","kind":"VA"}},{"type":"Feature","geometry":{"type":"Point","coordinates":[-94.901918,29.4027127]},"properties":{"year":1975,"period":"1975","kind":"VA"}},{"type":"Feature","geometry":{"type":"Point","coordinates":[-94.9012148,29.4014303]},"properties":{"year":1970,"period":"1970","kind":"VA"}},{"type":"Feature","geometry":{"type":"Point","coordinates":[-94.9009005,29.40082]},"properties":{"year":1965,"period":"1965","kind":"FHA"}},{"type":"Feature","geometry":{"type":"Point","coordinates":[-94.8989979,29.400447]},"properties":{"year":1950,"period":"1950","kind":"FHA"}},{"type":"Feature","geometry":{"type":"Point","coordinates":[-94.8988638,29.4004877]},"properties":{"year":1975,"period":"1975","kind":"VA"}},{"type":"Feature","geometry":{"type":"Point","coordinates":[-94.8996258,29.4008221]},"properties":{"year":1970,"period":"1970","kind":"VA"}},{"type":"Feature","geometry":{"type":"Point","coordinates":[-94.8991854,29.402369]},"properties":{"year":1970,"period":"1970","kind":"FHA"}},{"type":"Feature","geometry":{"type":"Point","coordinates":[-94.8983818,29.4017816]},"properties":{"year":1965,"period":"1965","kind":"FHA"}},{"type":"Feature","geometry":{"type":"Point","coordinates":[-94.8980633,29.4004864]},"properties":{"year":1960,"period":"1960","kind":"FHA"}},{"type":"Feature","geometry":{"type":"Point","coordinates":[-94.8977566,29.4004899]},"properties":{"year":1950,"period":"1950","kind":"FHA"}},{"type":"Feature","geometry":{"type":"Point","coordinates":[-94.8965591,29.4005112]},"properties":{"year":1975,"period":"1975","kind":"FHA"}},{"type":"Feature","geometry":{"type":"Point","coordinates":[-94.8960563,29.4004979]},"properties":{"year":1950,"period":"1950","kind":"FHA"}},{"type":"Feature","geometry":{"type":"Point","coordinates":[-94.8957654,29.4004927]},"properties":{"year":1950,"period":"1950","kind":"FHA"}},{"type":"Feature","geometry":{"type":"Point","coordinates":[-94.8967187,29.4008395]},"properties":{"year":1950,"period":"1950","kind":"VA"}},{"type":"Feature","geometry":{"type":"Point","coordinates":[-94.896394,29.40182099999999]},"properties":{"year":1970,"period":"1970","kind":"VA"}},{"type":"Feature","geometry":{"type":"Point","coordinates":[-94.8959345,29.4027778]},"properties":{"year":1975,"period":"1975","kind":"FHA"}},{"type":"Feature","geometry":{"type":"Point","coordinates":[-94.8950007,29.4018122]},"properties":{"year":1975,"period":"1975","kind":"FHA"}},{"type":"Feature","geometry":{"type":"Point","coordinates":[-94.8948397,29.4018534]},"properties":{"year":1950,"period":"1950","kind":"FHA"}},{"type":"Feature","geometry":{"type":"Point","coordinates":[-94.9018906,29.4004732]},"properties":{"year":1950,"period":"1950","kind":"FHA"}},{"type":"Feature","geometry":{"type":"Point","coordinates":[-94.8255955,29.2872129]},"properties":{"year":1970,"period":"1970","kind":"VA"}},{"type":"Feature","geometry":{"type":"Point","coordinates":[-94.8270567,29.2867677]},"properties":{"year":1970,"period":"1970","kind":"VA"}},{"type":"Feature","geometry":{"type":"Point","coordinates":[-94.8257396,29.2860603]},"properties":{"year":1970,"period":"1970","kind":"VA"}},{"type":"Feature","geometry":{"type":"Point","coordinates":[-94.8262031,29.2859243]},"properties":{"year":1970,"period":"1970","kind":"FHA"}},{"type":"Feature","geometry":{"type":"Point","coordinates":[-94.8265215,29.2858055]},"properties":{"year":1970,"period":"1970","kind":"FHA"}},{"type":"Feature","geometry":{"type":"Point","coordinates":[-94.9356055,29.3919115]},"properties":{"year":1975,"period":"1975","kind":"FHA"}},{"type":"Feature","geometry":{"type":"Point","coordinates":[-94.9360246,29.3922216]},"properties":{"year":1975,"period":"1975","kind":"FHA"}},{"type":"Feature","geometry":{"type":"Point","coordinates":[-94.9364841,29.3934018]},"properties":{"year":1970,"period":"1970","kind":"FHA"}},{"type":"Feature","geometry":{"type":"Point","coordinates":[-94.9364841,29.3934018]},"properties":{"year":1970,"period":"1970","kind":"FHA"}},{"type":"Feature","geometry":{"type":"Point","coordinates":[-94.9366649,29.41289459999999]},"properties":{"year":1970,"period":"1970","kind":"FHA"}},{"type":"Feature","geometry":{"type":"Point","coordinates":[-94.9366649,29.41289459999999]},"properties":{"year":1950,"period":"1950","kind":"VA"}},{"type":"Feature","geometry":{"type":"Point","coordinates":[-94.9359109,29.3934051]},"properties":{"year":1975,"period":"1975","kind":"VA"}},{"type":"Feature","geometry":{"type":"Point","coordinates":[-95.216206,29.5471373]},"properties":{"year":1975,"period":"1975","kind":"VA"}},{"type":"Feature","geometry":{"type":"Point","coordinates":[-94.9874124,29.3704636]},"properties":{"year":1975,"period":"1975","kind":"VA"}},{"type":"Feature","geometry":{"type":"Point","coordinates":[-94.9840371,29.3736725]},"properties":{"year":1975,"period":"1975","kind":"VA"}},{"type":"Feature","geometry":{"type":"Point","coordinates":[-94.9840371,29.3736725]},"properties":{"year":1975,"period":"1975","kind":"VA"}},{"type":"Feature","geometry":{"type":"Point","coordinates":[-94.9846716,29.3719755]},"properties":{"year":1965,"period":"1965","kind":"FHA"}},{"type":"Feature","geometry":{"type":"Point","coordinates":[-94.9871527,29.37045659999999]},"properties":{"year":1960,"period":"1960","kind":"FHA"}},{"type":"Feature","geometry":{"type":"Point","coordinates":[-94.9871527,29.37045659999999]},"properties":{"year":1975,"period":"1975","kind":"VA"}},{"type":"Feature","geometry":{"type":"Point","coordinates":[-94.9872198,29.3728431]},"properties":{"year":1965,"period":"1965","kind":"FHA"}},{"type":"Feature","geometry":{"type":"Point","coordinates":[-94.9855194,29.3724159]},"properties":{"year":1965,"period":"1965","kind":"FHA"}},{"type":"Feature","geometry":{"type":"Point","coordinates":[-94.9859611,29.3738265]},"properties":{"year":1960,"period":"1960","kind":"FHA"}},{"type":"Feature","geometry":{"type":"Point","coordinates":[-94.9855354,29.3738304]},"properties":{"year":1960,"period":"1960","kind":"FHA"}},{"type":"Feature","geometry":{"type":"Point","coordinates":[-94.9863866,29.3733451]},"properties":{"year":1965,"period":"1965","kind":"FHA"}},{"type":"Feature","geometry":{"type":"Point","coordinates":[-94.98403,29.3726849]},"properties":{"year":1975,"period":"1975","kind":"VA"}},{"type":"Feature","geometry":{"type":"Point","coordinates":[-94.9849168,29.3747775]},"properties":{"year":1975,"period":"1975","kind":"FHA"}},{"type":"Feature","geometry":{"type":"Point","coordinates":[-94.9847164,29.3747799]},"properties":{"year":1975,"period":"1975","kind":"FHA"}},{"type":"Feature","geometry":{"type":"Point","coordinates":[-94.9874406,29.3742595]},"properties":{"year":1975,"period":"1975","kind":"VA"}},{"type":"Feature","geometry":{"type":"Point","coordinates":[-95.014697,29.3683545]},"properties":{"year":1965,"period":"1965","kind":"FHA"}},{"type":"Feature","geometry":{"type":"Point","coordinates":[-95.072842,29.4545395]},"properties":{"year":1960,"period":"1960","kind":"FHA"}},{"type":"Feature","geometry":{"type":"Point","coordinates":[-95.0723918,29.4574332]},"properties":{"year":1965,"period":"1965","kind":"FHA"}},{"type":"Feature","geometry":{"type":"Point","coordinates":[-95.2218485,29.4965032]},"properties":{"year":1960,"period":"1960","kind":"FHA"}},{"type":"Feature","geometry":{"type":"Point","coordinates":[-94.9123464,29.3790305]},"properties":{"year":1975,"period":"1975","kind":"VA"}},{"type":"Feature","geometry":{"type":"Point","coordinates":[-94.7685222,29.3139935]},"properties":{"year":1970,"period":"1970","kind":"FHA"}},{"type":"Feature","geometry":{"type":"Point","coordinates":[-94.7691641,29.3146623]},"properties":{"year":1960,"period":"1960","kind":"FHA"}},{"type":"Feature","geometry":{"type":"Point","coordinates":[-94.7686717,29.3144454]},"properties":{"year":1960,"period":"1960","kind":"FHA"}},{"type":"Feature","geometry":{"type":"Point","coordinates":[-94.7683114,29.3149095]},"properties":{"year":1960,"period":"1960","kind":"FHA"}},{"type":"Feature","geometry":{"type":"Point","coordinates":[-94.7678982,29.3146302]},"properties":{"year":1965,"period":"1965","kind":"FHA"}},{"type":"Feature","geometry":{"type":"Point","coordinates":[-95.1027912,29.4144995]},"properties":{"year":1950,"period":"1950","kind":"VA"}},{"type":"Feature","geometry":{"type":"Point","coordinates":[-94.9940076,29.5144196]},"properties":{"year":1950,"period":"1950","kind":"VA"}},{"type":"Feature","geometry":{"type":"Point","coordinates":[-95.0159507,29.3553827]},"properties":{"year":1970,"period":"1970","kind":"VA"}},{"type":"Feature","geometry":{"type":"Point","coordinates":[-94.9127897,29.4007694]},"properties":{"year":1960,"period":"1960","kind":"FHA"}},{"type":"Feature","geometry":{"type":"Point","coordinates":[-95.1273198,29.4925324]},"properties":{"year":1950,"period":"1950","kind":"VA"}},{"type":"Feature","geometry":{"type":"Point","coordinates":[-94.9739754,29.3616961]},"properties":{"year":1950,"period":"1950","kind":"FHA"}},{"type":"Feature","geometry":{"type":"Point","coordinates":[-94.9789739,29.3611012]},"properties":{"year":1960,"period":"1960","kind":"FHA"}},{"type":"Feature","geometry":{"type":"Point","coordinates":[-94.9760126,29.36217959999999]},"properties":{"year":1950,"period":"1950","kind":"FHA"}},{"type":"Feature","geometry":{"type":"Point","coordinates":[-94.913142,29.4004076]},"properties":{"year":1950,"period":"1950","kind":"VA"}},{"type":"Feature","geometry":{"type":"Point","coordinates":[-94.9123938,29.4025464]},"properties":{"year":1950,"period":"1950","kind":"FHA"}},{"type":"Feature","geometry":{"type":"Point","coordinates":[-94.9120965,29.4003568]},"properties":{"year":1950,"period":"1950","kind":"FHA"}},{"type":"Feature","geometry":{"type":"Point","coordinates":[-94.9134545,29.4016543]},"properties":{"year":1950,"period":"1950","kind":"FHA"}},{"type":"Feature","geometry":{"type":"Point","coordinates":[-95.07425080000002,29.4590909]},"properties":{"year":1970,"period":"1970","kind":"VA"}},{"type":"Feature","geometry":{"type":"Point","coordinates":[-95.07425080000002,29.4590909]},"properties":{"year":1975,"period":"1975","kind":"VA"}},{"type":"Feature","geometry":{"type":"Point","coordinates":[-95.0299202,29.3575783]},"properties":{"year":1960,"period":"1960","kind":"FHA"}},{"type":"Feature","geometry":{"type":"Point","coordinates":[-95.0770261,29.4560195]},"properties":{"year":1975,"period":"1975","kind":"VA"}},{"type":"Feature","geometry":{"type":"Point","coordinates":[-95.0806844,29.4576288]},"properties":{"year":1975,"period":"1975","kind":"VA"}},{"type":"Feature","geometry":{"type":"Point","coordinates":[-94.8309386,29.2853358]},"properties":{"year":1970,"period":"1970","kind":"FHA"}},{"type":"Feature","geometry":{"type":"Point","coordinates":[-94.8309274,29.2858535]},"properties":{"year":1950,"period":"1950","kind":"FHA"}},{"type":"Feature","geometry":{"type":"Point","coordinates":[-94.8297258,29.2835325]},"properties":{"year":1965,"period":"1965","kind":"FHA"}},{"type":"Feature","geometry":{"type":"Point","coordinates":[-94.828672,29.2828563]},"properties":{"year":1965,"period":"1965","kind":"FHA"}},{"type":"Feature","geometry":{"type":"Point","coordinates":[-94.829851,29.2863381]},"properties":{"year":1950,"period":"1950","kind":"FHA"}},{"type":"Feature","geometry":{"type":"Point","coordinates":[-94.8310953,29.285852]},"properties":{"year":1950,"period":"1950","kind":"FHA"}},{"type":"Feature","geometry":{"type":"Point","coordinates":[-94.8309274,29.2858535]},"properties":{"year":1950,"period":"1950","kind":"FHA"}},{"type":"Feature","geometry":{"type":"Point","coordinates":[-94.8308792,29.2854527]},"properties":{"year":1950,"period":"1950","kind":"FHA"}},{"type":"Feature","geometry":{"type":"Point","coordinates":[-94.8295226,29.2850474]},"properties":{"year":1965,"period":"1965","kind":"FHA"}},{"type":"Feature","geometry":{"type":"Point","coordinates":[-94.8291462,29.2833271]},"properties":{"year":1965,"period":"1965","kind":"FHA"}},{"type":"Feature","geometry":{"type":"Point","coordinates":[-94.8289744,29.2833364]},"properties":{"year":1965,"period":"1965","kind":"FHA"}},{"type":"Feature","geometry":{"type":"Point","coordinates":[-94.9362874,29.4133495]},"properties":{"year":1950,"period":"1950","kind":"VA"}},{"type":"Feature","geometry":{"type":"Point","coordinates":[-94.6250854,29.4616292]},"properties":{"year":1970,"period":"1970","kind":"VA"}},{"type":"Feature","geometry":{"type":"Point","coordinates":[-94.5029626,29.5066847]},"properties":{"year":1965,"period":"1965","kind":"VA"}},{"type":"Feature","geometry":{"type":"Point","coordinates":[-95.0657622,29.5276733]},"properties":{"year":1950,"period":"1950","kind":"FHA"}},{"type":"Feature","geometry":{"type":"Point","coordinates":[-94.9114552,29.3927998]},"properties":{"year":1950,"period":"1950","kind":"VA"}},{"type":"Feature","geometry":{"type":"Point","coordinates":[-94.9100132,29.3920504]},"properties":{"year":1970,"period":"1970","kind":"VA"}},{"type":"Feature","geometry":{"type":"Point","coordinates":[-94.9123086,29.3953519]},"properties":{"year":1950,"period":"1950","kind":"VA"}},{"type":"Feature","geometry":{"type":"Point","coordinates":[-94.9131599,29.395838]},"properties":{"year":1950,"period":"1950","kind":"VA"}},{"type":"Feature","geometry":{"type":"Point","coordinates":[-94.9122525,29.3961806]},"properties":{"year":1960,"period":"1960","kind":"FHA"}},{"type":"Feature","geometry":{"type":"Point","coordinates":[-94.9128195,29.3953802]},"properties":{"year":1960,"period":"1960","kind":"VA"}},{"type":"Feature","geometry":{"type":"Point","coordinates":[-95.0535877,29.5290373]},"properties":{"year":1975,"period":"1975","kind":"VA"}},{"type":"Feature","geometry":{"type":"Point","coordinates":[-95.0535877,29.5290373]},"properties":{"year":1975,"period":"1975","kind":"VA"}},{"type":"Feature","geometry":{"type":"Point","coordinates":[-95.0536299,29.5288051]},"properties":{"year":1970,"period":"1970","kind":"VA"}},{"type":"Feature","geometry":{"type":"Point","coordinates":[-95.198886,29.484541]},"properties":{"year":1970,"period":"1970","kind":"VA"}},{"type":"Feature","geometry":{"type":"Point","coordinates":[-95.0526647,29.52862]},"properties":{"year":1975,"period":"1975","kind":"FHA"}},{"type":"Feature","geometry":{"type":"Point","coordinates":[-95.0527301,29.5283816]},"properties":{"year":1975,"period":"1975","kind":"VA"}},{"type":"Feature","geometry":{"type":"Point","coordinates":[-94.9136747,29.3925054]},"properties":{"year":1975,"period":"1975","kind":"VA"}},{"type":"Feature","geometry":{"type":"Point","coordinates":[-94.9101455,29.3936175]},"properties":{"year":1975,"period":"1975","kind":"VA"}},{"type":"Feature","geometry":{"type":"Point","coordinates":[-94.9101649,29.3947282]},"properties":{"year":1970,"period":"1970","kind":"FHA"}},{"type":"Feature","geometry":{"type":"Point","coordinates":[-94.9136893,29.3945961]},"properties":{"year":1975,"period":"1975","kind":"VA"}},{"type":"Feature","geometry":{"type":"Point","coordinates":[-94.9096479,29.3950771]},"properties":{"year":1975,"period":"1975","kind":"VA"}},{"type":"Feature","geometry":{"type":"Point","coordinates":[-94.9101865,29.3970288]},"properties":{"year":1975,"period":"1975","kind":"FHA"}},{"type":"Feature","geometry":{"type":"Point","coordinates":[-94.9101616,29.3952145]},"properties":{"year":1975,"period":"1975","kind":"FHA"}},{"type":"Feature","geometry":{"type":"Point","coordinates":[-94.9101616,29.3952145]},"properties":{"year":1975,"period":"1975","kind":"FHA"}},{"type":"Feature","geometry":{"type":"Point","coordinates":[-94.9110118,29.3952415]},"properties":{"year":1970,"period":"1970","kind":"VA"}},{"type":"Feature","geometry":{"type":"Point","coordinates":[-94.9113473,29.39589]},"properties":{"year":1975,"period":"1975","kind":"VA"}},{"type":"Feature","geometry":{"type":"Point","coordinates":[-94.9114059,29.3960462]},"properties":{"year":1970,"period":"1970","kind":"FHA"}},{"type":"Feature","geometry":{"type":"Point","coordinates":[-94.9119313,29.3948792]},"properties":{"year":1950,"period":"1950","kind":"FHA"}},{"type":"Feature","geometry":{"type":"Point","coordinates":[-94.9130659,29.3961483]},"properties":{"year":1975,"period":"1975","kind":"VA"}},{"type":"Feature","geometry":{"type":"Point","coordinates":[-95.199017,29.48622199999999]},"properties":{"year":1965,"period":"1965","kind":"VA"}},{"type":"Feature","geometry":{"type":"Point","coordinates":[-95.199017,29.48622199999999]},"properties":{"year":1965,"period":"1965","kind":"VA"}},{"type":"Feature","geometry":{"type":"Point","coordinates":[-94.911262,29.3927606]},"properties":{"year":1950,"period":"1950","kind":"VA"}},{"type":"Feature","geometry":{"type":"Point","coordinates":[-94.9136668,29.3918382]},"properties":{"year":1965,"period":"1965","kind":"FHA"}},{"type":"Feature","geometry":{"type":"Point","coordinates":[-94.9124461,29.3927899]},"properties":{"year":1960,"period":"1960","kind":"FHA"}},{"type":"Feature","geometry":{"type":"Point","coordinates":[-94.9119087,29.3945704]},"properties":{"year":1960,"period":"1960","kind":"FHA"}},{"type":"Feature","geometry":{"type":"Point","coordinates":[-94.9123107,29.3947042]},"properties":{"year":1950,"period":"1950","kind":"FHA"}},{"type":"Feature","geometry":{"type":"Point","coordinates":[-94.9096541,29.3954041]},"properties":{"year":1950,"period":"1950","kind":"FHA"}},{"type":"Feature","geometry":{"type":"Point","coordinates":[-94.9096704,29.3955747]},"properties":{"year":1965,"period":"1965","kind":"FHA"}},{"type":"Feature","geometry":{"type":"Point","coordinates":[-94.9096777,29.3963687]},"properties":{"year":1960,"period":"1960","kind":"FHA"}},{"type":"Feature","geometry":{"type":"Point","coordinates":[-94.909698,29.3966889]},"properties":{"year":1960,"period":"1960","kind":"FHA"}},{"type":"Feature","geometry":{"type":"Point","coordinates":[-94.9101636,29.3963711]},"properties":{"year":1950,"period":"1950","kind":"VA"}},{"type":"Feature","geometry":{"type":"Point","coordinates":[-94.9105523,29.3957046]},"properties":{"year":1960,"period":"1960","kind":"FHA"}},{"type":"Feature","geometry":{"type":"Point","coordinates":[-94.9104914,29.3966795]},"properties":{"year":1950,"period":"1950","kind":"FHA"}},{"type":"Feature","geometry":{"type":"Point","coordinates":[-94.9114333,29.3955383]},"properties":{"year":1960,"period":"1960","kind":"FHA"}},{"type":"Feature","geometry":{"type":"Point","coordinates":[-94.9119546,29.3957106]},"properties":{"year":1965,"period":"1965","kind":"FHA"}},{"type":"Feature","geometry":{"type":"Point","coordinates":[-94.9119313,29.3948792]},"properties":{"year":1950,"period":"1950","kind":"VA"}},{"type":"Feature","geometry":{"type":"Point","coordinates":[-94.9123086,29.3953519]},"properties":{"year":1950,"period":"1950","kind":"FHA"}},{"type":"Feature","geometry":{"type":"Point","coordinates":[-94.9128118,29.3963334]},"properties":{"year":1965,"period":"1965","kind":"FHA"}},{"type":"Feature","geometry":{"type":"Point","coordinates":[-94.9131855,29.3948757]},"properties":{"year":1950,"period":"1950","kind":"VA"}},{"type":"Feature","geometry":{"type":"Point","coordinates":[-94.9131335,29.3953821]},"properties":{"year":1960,"period":"1960","kind":"FHA"}},{"type":"Feature","geometry":{"type":"Point","coordinates":[-94.9136522,29.3956996]},"properties":{"year":1965,"period":"1965","kind":"FHA"}},{"type":"Feature","geometry":{"type":"Point","coordinates":[-94.9120512,29.3923271]},"properties":{"year":1960,"period":"1960","kind":"FHA"}},{"type":"Feature","geometry":{"type":"Point","coordinates":[-94.9110772,29.3916244]},"properties":{"year":1965,"period":"1965","kind":"FHA"}},{"type":"Feature","geometry":{"type":"Point","coordinates":[-95.0527301,29.5283816]},"properties":{"year":1965,"period":"1965","kind":"FHA"}},{"type":"Feature","geometry":{"type":"Point","coordinates":[-94.9118446,29.3923708]},"properties":{"year":1950,"period":"1950","kind":"VA"}},{"type":"Feature","geometry":{"type":"Point","coordinates":[-94.7729878,29.3216971]},"properties":{"year":1965,"period":"1965","kind":"FHA"}},{"type":"Feature","geometry":{"type":"Point","coordinates":[-94.77310260000002,29.320921]},"properties":{"year":1965,"period":"1965","kind":"FHA"}},{"type":"Feature","geometry":{"type":"Point","coordinates":[-94.9123107,29.3947042]},"properties":{"year":1950,"period":"1950","kind":"FHA"}},{"type":"Feature","geometry":{"type":"Point","coordinates":[-94.9122021,29.3963525]},"properties":{"year":1950,"period":"1950","kind":"VA"}},{"type":"Feature","geometry":{"type":"Point","coordinates":[-94.939453,29.39232]},"properties":{"year":1970,"period":"1970","kind":"VA"}},{"type":"Feature","geometry":{"type":"Point","coordinates":[-94.939453,29.39232]},"properties":{"year":1970,"period":"1970","kind":"VA"}},{"type":"Feature","geometry":{"type":"Point","coordinates":[-94.9384613,29.3922997]},"properties":{"year":1960,"period":"1960","kind":"VA"}},{"type":"Feature","geometry":{"type":"Point","coordinates":[-94.9378748,29.3923062]},"properties":{"year":1975,"period":"1975","kind":"VA"}},{"type":"Feature","geometry":{"type":"Point","coordinates":[-94.9378748,29.3923062]},"properties":{"year":1975,"period":"1975","kind":"VA"}},{"type":"Feature","geometry":{"type":"Point","coordinates":[-94.9374573,29.3923032]},"properties":{"year":1960,"period":"1960","kind":"FHA"}},{"type":"Feature","geometry":{"type":"Point","coordinates":[-94.9404316,29.3919996]},"properties":{"year":1960,"period":"1960","kind":"FHA"}},{"type":"Feature","geometry":{"type":"Point","coordinates":[-94.9402244,29.3920011]},"properties":{"year":1960,"period":"1960","kind":"VA"}},{"type":"Feature","geometry":{"type":"Point","coordinates":[-94.9400386,29.3920212]},"properties":{"year":1960,"period":"1960","kind":"FHA"}},{"type":"Feature","geometry":{"type":"Point","coordinates":[-94.939644,29.3920043]},"properties":{"year":1960,"period":"1960","kind":"VA"}},{"type":"Feature","geometry":{"type":"Point","coordinates":[-94.9394537,29.3920026]},"properties":{"year":1960,"period":"1960","kind":"VA"}},{"type":"Feature","geometry":{"type":"Point","coordinates":[-94.9394537,29.3920026]},"properties":{"year":1960,"period":"1960","kind":"VA"}},{"type":"Feature","geometry":{"type":"Point","coordinates":[-94.9392546,29.3920245]},"properties":{"year":1960,"period":"1960","kind":"FHA"}},{"type":"Feature","geometry":{"type":"Point","coordinates":[-94.9392546,29.3920245]},"properties":{"year":1965,"period":"1965","kind":"FHA"}},{"type":"Feature","geometry":{"type":"Point","coordinates":[-94.9388246,29.39200929999999]},"properties":{"year":1965,"period":"1965","kind":"VA"}},{"type":"Feature","geometry":{"type":"Point","coordinates":[-94.9388246,29.39200929999999]},"properties":{"year":1965,"period":"1965","kind":"VA"}},{"type":"Feature","geometry":{"type":"Point","coordinates":[-94.9388246,29.39200929999999]},"properties":{"year":1960,"period":"1960","kind":"VA"}},{"type":"Feature","geometry":{"type":"Point","coordinates":[-94.9386582,29.3920025]},"properties":{"year":1960,"period":"1960","kind":"VA"}},{"type":"Feature","geometry":{"type":"Point","coordinates":[-94.9380618,29.3919957]},"properties":{"year":1960,"period":"1960","kind":"VA"}},{"type":"Feature","geometry":{"type":"Point","coordinates":[-94.9378289,29.39199009999999]},"properties":{"year":1960,"period":"1960","kind":"VA"}},{"type":"Feature","geometry":{"type":"Point","coordinates":[-94.9376747,29.3919995]},"properties":{"year":1960,"period":"1960","kind":"FHA"}},{"type":"Feature","geometry":{"type":"Point","coordinates":[-94.9404473,29.3915641]},"properties":{"year":1960,"period":"1960","kind":"VA"}},{"type":"Feature","geometry":{"type":"Point","coordinates":[-94.9402578,29.3915496]},"properties":{"year":1965,"period":"1965","kind":"VA"}},{"type":"Feature","geometry":{"type":"Point","coordinates":[-94.9396506,29.3915912]},"properties":{"year":1960,"period":"1960","kind":"VA"}},{"type":"Feature","geometry":{"type":"Point","coordinates":[-94.9394559,29.3915709]},"properties":{"year":1960,"period":"1960","kind":"VA"}},{"type":"Feature","geometry":{"type":"Point","coordinates":[-94.9390611,29.3915895]},"properties":{"year":1960,"period":"1960","kind":"VA"}},{"type":"Feature","geometry":{"type":"Point","coordinates":[-94.9384567,29.3915946]},"properties":{"year":1960,"period":"1960","kind":"FHA"}},{"type":"Feature","geometry":{"type":"Point","coordinates":[-94.9382627,29.3915911]},"properties":{"year":1960,"period":"1960","kind":"FHA"}},{"type":"Feature","geometry":{"type":"Point","coordinates":[-94.938061,29.3915825]},"properties":{"year":1960,"period":"1960","kind":"FHA"}},{"type":"Feature","geometry":{"type":"Point","coordinates":[-94.9378652,29.391592]},"properties":{"year":1960,"period":"1960","kind":"FHA"}},{"type":"Feature","geometry":{"type":"Point","coordinates":[-94.9400436,29.3923005]},"properties":{"year":1965,"period":"1965","kind":"FHA"}},{"type":"Feature","geometry":{"type":"Point","coordinates":[-94.9376554,29.3923008]},"properties":{"year":1965,"period":"1965","kind":"VA"}},{"type":"Feature","geometry":{"type":"Point","coordinates":[-95.0003991,29.3663854]},"properties":{"year":1965,"period":"1965","kind":"FHA"}},{"type":"Feature","geometry":{"type":"Point","coordinates":[-94.9684124,29.3626212]},"properties":{"year":1960,"period":"1960","kind":"FHA"}},{"type":"Feature","geometry":{"type":"Point","coordinates":[-95.0544115,29.536888]},"properties":{"year":1965,"period":"1965","kind":"FHA"}},{"type":"Feature","geometry":{"type":"Point","coordinates":[-94.9921113,29.3845778]},"properties":{"year":1970,"period":"1970","kind":"VA"}},{"type":"Feature","geometry":{"type":"Point","coordinates":[-94.9921113,29.3845778]},"properties":{"year":1970,"period":"1970","kind":"VA"}},{"type":"Feature","geometry":{"type":"Point","coordinates":[-94.9921568,29.3872303]},"properties":{"year":1970,"period":"1970","kind":"FHA"}},{"type":"Feature","geometry":{"type":"Point","coordinates":[-94.9935938,29.3857471]},"properties":{"year":1970,"period":"1970","kind":"FHA"}},{"type":"Feature","geometry":{"type":"Point","coordinates":[-94.9943912,29.3867855]},"properties":{"year":1970,"period":"1970","kind":"FHA"}},{"type":"Feature","geometry":{"type":"Point","coordinates":[-94.9926998,29.3868029]},"properties":{"year":1970,"period":"1970","kind":"VA"}},{"type":"Feature","geometry":{"type":"Point","coordinates":[-94.9922896,29.3850265]},"properties":{"year":1970,"period":"1970","kind":"VA"}},{"type":"Feature","geometry":{"type":"Point","coordinates":[-95.0670885,29.534647]},"properties":{"year":1975,"period":"1975","kind":"FHA"}},{"type":"Feature","geometry":{"type":"Point","coordinates":[-94.9920817,29.3827792]},"properties":{"year":1975,"period":"1975","kind":"FHA"}},{"type":"Feature","geometry":{"type":"Point","coordinates":[-94.9924865,29.385337]},"properties":{"year":1975,"period":"1975","kind":"VA"}},{"type":"Feature","geometry":{"type":"Point","coordinates":[-94.9924865,29.385337]},"properties":{"year":1975,"period":"1975","kind":"VA"}},{"type":"Feature","geometry":{"type":"Point","coordinates":[-94.9919022,29.38534]},"properties":{"year":1970,"period":"1970","kind":"VA"}},{"type":"Feature","geometry":{"type":"Point","coordinates":[-94.9919022,29.38534]},"properties":{"year":1970,"period":"1970","kind":"VA"}},{"type":"Feature","geometry":{"type":"Point","coordinates":[-94.9922896,29.3850265]},"properties":{"year":1970,"period":"1970","kind":"VA"}},{"type":"Feature","geometry":{"type":"Point","coordinates":[-94.994562,29.3823091]},"properties":{"year":1970,"period":"1970","kind":"VA"}},{"type":"Feature","geometry":{"type":"Point","coordinates":[-94.994562,29.3823091]},"properties":{"year":1970,"period":"1970","kind":"VA"}},{"type":"Feature","geometry":{"type":"Point","coordinates":[-94.9937612,29.3816066]},"properties":{"year":1970,"period":"1970","kind":"VA"}},{"type":"Feature","geometry":{"type":"Point","coordinates":[-94.9937612,29.3816066]},"properties":{"year":1970,"period":"1970","kind":"VA"}},{"type":"Feature","geometry":{"type":"Point","coordinates":[-94.9907157,29.3866004]},"properties":{"year":1970,"period":"1970","kind":"FHA"}},{"type":"Feature","geometry":{"type":"Point","coordinates":[-94.9906984,29.3867633]},"properties":{"year":1970,"period":"1970","kind":"VA"}},{"type":"Feature","geometry":{"type":"Point","coordinates":[-94.9919636,29.3872578]},"properties":{"year":1975,"period":"1975","kind":"VA"}},{"type":"Feature","geometry":{"type":"Point","coordinates":[-94.9919636,29.3872578]},"properties":{"year":1970,"period":"1970","kind":"VA"}},{"type":"Feature","geometry":{"type":"Point","coordinates":[-94.9923476,29.3872644]},"properties":{"year":1970,"period":"1970","kind":"FHA"}},{"type":"Feature","geometry":{"type":"Point","coordinates":[-94.9952881,29.3851118]},"properties":{"year":1975,"period":"1975","kind":"VA"}},{"type":"Feature","geometry":{"type":"Point","coordinates":[-94.9952881,29.3851118]},"properties":{"year":1975,"period":"1975","kind":"VA"}},{"type":"Feature","geometry":{"type":"Point","coordinates":[-94.9946928,29.3853478]},"properties":{"year":1970,"period":"1970","kind":"VA"}},{"type":"Feature","geometry":{"type":"Point","coordinates":[-94.9946928,29.3853478]},"properties":{"year":1970,"period":"1970","kind":"VA"}},{"type":"Feature","geometry":{"type":"Point","coordinates":[-94.9954951,29.38545]},"properties":{"year":1975,"period":"1975","kind":"VA"}},{"type":"Feature","geometry":{"type":"Point","coordinates":[-94.9952732,29.3858474]},"properties":{"year":1970,"period":"1970","kind":"VA"}},{"type":"Feature","geometry":{"type":"Point","coordinates":[-94.9952732,29.3858474]},"properties":{"year":1970,"period":"1970","kind":"VA"}},{"type":"Feature","geometry":{"type":"Point","coordinates":[-94.9934065,29.3860848]},"properties":{"year":1970,"period":"1970","kind":"VA"}},{"type":"Feature","geometry":{"type":"Point","coordinates":[-94.9935958,29.3860639]},"properties":{"year":1970,"period":"1970","kind":"FHA"}},{"type":"Feature","geometry":{"type":"Point","coordinates":[-94.9939522,29.3860607]},"properties":{"year":1970,"period":"1970","kind":"FHA"}},{"type":"Feature","geometry":{"type":"Point","coordinates":[-94.9941277,29.3860715]},"properties":{"year":1970,"period":"1970","kind":"FHA"}},{"type":"Feature","geometry":{"type":"Point","coordinates":[-94.9950701,29.3860811]},"properties":{"year":1970,"period":"1970","kind":"VA"}},{"type":"Feature","geometry":{"type":"Point","coordinates":[-94.9952901,29.3860954]},"properties":{"year":1970,"period":"1970","kind":"VA"}},{"type":"Feature","geometry":{"type":"Point","coordinates":[-94.9952901,29.3860954]},"properties":{"year":1970,"period":"1970","kind":"VA"}},{"type":"Feature","geometry":{"type":"Point","coordinates":[-94.9950775,29.3865404]},"properties":{"year":1970,"period":"1970","kind":"FHA"}},{"type":"Feature","geometry":{"type":"Point","coordinates":[-94.9950775,29.3865404]},"properties":{"year":1970,"period":"1970","kind":"FHA"}},{"type":"Feature","geometry":{"type":"Point","coordinates":[-94.9949055,29.38655289999999]},"properties":{"year":1970,"period":"1970","kind":"FHA"}},{"type":"Feature","geometry":{"type":"Point","coordinates":[-94.9947089,29.3865172]},"properties":{"year":1970,"period":"1970","kind":"FHA"}},{"type":"Feature","geometry":{"type":"Point","coordinates":[-94.9945224,29.3865226]},"properties":{"year":1970,"period":"1970","kind":"FHA"}},{"type":"Feature","geometry":{"type":"Point","coordinates":[-94.9943158,29.38650549999999]},"properties":{"year":1970,"period":"1970","kind":"VA"}},{"type":"Feature","geometry":{"type":"Point","coordinates":[-94.9935921,29.38648929999999]},"properties":{"year":1970,"period":"1970","kind":"FHA"}},{"type":"Feature","geometry":{"type":"Point","coordinates":[-94.9932677,29.3867792]},"properties":{"year":1970,"period":"1970","kind":"VA"}},{"type":"Feature","geometry":{"type":"Point","coordinates":[-94.9926998,29.3868029]},"properties":{"year":1970,"period":"1970","kind":"VA"}},{"type":"Feature","geometry":{"type":"Point","coordinates":[-95.1263314,29.4906025]},"properties":{"year":1970,"period":"1970","kind":"VA"}},{"type":"Feature","geometry":{"type":"Point","coordinates":[-94.9917333,29.386843]},"properties":{"year":1970,"period":"1970","kind":"VA"}},{"type":"Feature","geometry":{"type":"Point","coordinates":[-95.1253122,29.4906181]},"properties":{"year":1970,"period":"1970","kind":"VA"}},{"type":"Feature","geometry":{"type":"Point","coordinates":[-94.9919218,29.3865025]},"properties":{"year":1970,"period":"1970","kind":"VA"}},{"type":"Feature","geometry":{"type":"Point","coordinates":[-94.9919218,29.3865025]},"properties":{"year":1970,"period":"1970","kind":"VA"}},{"type":"Feature","geometry":{"type":"Point","coordinates":[-94.9907383,29.389218]},"properties":{"year":1975,"period":"1975","kind":"VA"}},{"type":"Feature","geometry":{"type":"Point","coordinates":[-94.9921986,29.3903009]},"properties":{"year":1975,"period":"1975","kind":"FHA"}},{"type":"Feature","geometry":{"type":"Point","coordinates":[-94.9923953,29.3903155]},"properties":{"year":1975,"period":"1975","kind":"VA"}},{"type":"Feature","geometry":{"type":"Point","coordinates":[-94.9954959,29.387179]},"properties":{"year":1970,"period":"1970","kind":"VA"}},{"type":"Feature","geometry":{"type":"Point","coordinates":[-94.9948927,29.387286]},"properties":{"year":1970,"period":"1970","kind":"VA"}},{"type":"Feature","geometry":{"type":"Point","coordinates":[-94.9944629,29.387241]},"properties":{"year":1970,"period":"1970","kind":"FHA"}},{"type":"Feature","geometry":{"type":"Point","coordinates":[-94.9942421,29.3872359]},"properties":{"year":1970,"period":"1970","kind":"VA"}},{"type":"Feature","geometry":{"type":"Point","coordinates":[-94.99405740000002,29.3872086]},"properties":{"year":1970,"period":"1970","kind":"VA"}},{"type":"Feature","geometry":{"type":"Point","coordinates":[-94.9948469,29.387873]},"properties":{"year":1970,"period":"1970","kind":"FHA"}},{"type":"Feature","geometry":{"type":"Point","coordinates":[-94.9946571,29.38800359999999]},"properties":{"year":1970,"period":"1970","kind":"FHA"}},{"type":"Feature","geometry":{"type":"Point","coordinates":[-94.9934751,29.38799]},"properties":{"year":1970,"period":"1970","kind":"FHA"}},{"type":"Feature","geometry":{"type":"Point","coordinates":[-94.9934847,29.3883276]},"properties":{"year":1975,"period":"1975","kind":"FHA"}},{"type":"Feature","geometry":{"type":"Point","coordinates":[-94.9948883,29.3883964]},"properties":{"year":1975,"period":"1975","kind":"VA"}},{"type":"Feature","geometry":{"type":"Point","coordinates":[-94.9916073,29.3898661]},"properties":{"year":1975,"period":"1975","kind":"VA"}},{"type":"Feature","geometry":{"type":"Point","coordinates":[-94.9913901,29.3898717]},"properties":{"year":1975,"period":"1975","kind":"VA"}},{"type":"Feature","geometry":{"type":"Point","coordinates":[-94.9923831,29.3914491]},"properties":{"year":1975,"period":"1975","kind":"VA"}},{"type":"Feature","geometry":{"type":"Point","coordinates":[-94.9923831,29.3914491]},"properties":{"year":1975,"period":"1975","kind":"VA"}},{"type":"Feature","geometry":{"type":"Point","coordinates":[-94.9918011,29.3910617]},"properties":{"year":1975,"period":"1975","kind":"FHA"}},{"type":"Feature","geometry":{"type":"Point","coordinates":[-94.9922007,29.3910644]},"properties":{"year":1975,"period":"1975","kind":"FHA"}},{"type":"Feature","geometry":{"type":"Point","coordinates":[-94.9923218,29.3860893]},"properties":{"year":1970,"period":"1970","kind":"VA"}},{"type":"Feature","geometry":{"type":"Point","coordinates":[-95.0670885,29.534647]},"properties":{"year":1965,"period":"1965","kind":"VA"}},{"type":"Feature","geometry":{"type":"Point","coordinates":[-95.0670885,29.534647]},"properties":{"year":1965,"period":"1965","kind":"VA"}},{"type":"Feature","geometry":{"type":"Point","coordinates":[-94.9914908,29.3813314]},"properties":{"year":1960,"period":"1960","kind":"VA"}},{"type":"Feature","geometry":{"type":"Point","coordinates":[-94.9914908,29.3813314]},"properties":{"year":1960,"period":"1960","kind":"VA"}},{"type":"Feature","geometry":{"type":"Point","coordinates":[-94.9912471,29.3808708]},"properties":{"year":1960,"period":"1960","kind":"VA"}},{"type":"Feature","geometry":{"type":"Point","coordinates":[-94.9912471,29.3808708]},"properties":{"year":1960,"period":"1960","kind":"VA"}},{"type":"Feature","geometry":{"type":"Point","coordinates":[-94.9912699,29.3805748]},"properties":{"year":1960,"period":"1960","kind":"VA"}},{"type":"Feature","geometry":{"type":"Point","coordinates":[-94.9910899,29.3823846]},"properties":{"year":1960,"period":"1960","kind":"VA"}},{"type":"Feature","geometry":{"type":"Point","coordinates":[-94.9905619,29.3835352]},"properties":{"year":1960,"period":"1960","kind":"FHA"}},{"type":"Feature","geometry":{"type":"Point","coordinates":[-95.0398052,29.5223087]},"properties":{"year":1965,"period":"1965","kind":"VA"}},{"type":"Feature","geometry":{"type":"Point","coordinates":[-95.0398052,29.5223087]},"properties":{"year":1965,"period":"1965","kind":"VA"}},{"type":"Feature","geometry":{"type":"Point","coordinates":[-94.9917138,29.3838883]},"properties":{"year":1965,"period":"1965","kind":"FHA"}},{"type":"Feature","geometry":{"type":"Point","coordinates":[-94.9915168,29.3838767]},"properties":{"year":1965,"period":"1965","kind":"FHA"}},{"type":"Feature","geometry":{"type":"Point","coordinates":[-94.9913388,29.3838619]},"properties":{"year":1965,"period":"1965","kind":"FHA"}},{"type":"Feature","geometry":{"type":"Point","coordinates":[-94.9913551,29.3842888]},"properties":{"year":1965,"period":"1965","kind":"VA"}},{"type":"Feature","geometry":{"type":"Point","coordinates":[-94.9915363,29.3842885]},"properties":{"year":1965,"period":"1965","kind":"FHA"}},{"type":"Feature","geometry":{"type":"Point","coordinates":[-94.991917,29.3842892]},"properties":{"year":1965,"period":"1965","kind":"FHA"}},{"type":"Feature","geometry":{"type":"Point","coordinates":[-94.9922978,29.3842705]},"properties":{"year":1965,"period":"1965","kind":"VA"}},{"type":"Feature","geometry":{"type":"Point","coordinates":[-94.9947824,29.3839326]},"properties":{"year":1965,"period":"1965","kind":"FHA"}},{"type":"Feature","geometry":{"type":"Point","coordinates":[-94.9933765,29.3831191]},"properties":{"year":1965,"period":"1965","kind":"FHA"}},{"type":"Feature","geometry":{"type":"Point","coordinates":[-94.9225241,29.4216533]},"properties":{"year":1960,"period":"1960","kind":"FHA"}},{"type":"Feature","geometry":{"type":"Point","coordinates":[-94.9420956,29.3932695]},"properties":{"year":1960,"period":"1960","kind":"FHA"}},{"type":"Feature","geometry":{"type":"Point","coordinates":[-94.94189620000002,29.3932914]},"properties":{"year":1960,"period":"1960","kind":"FHA"}},{"type":"Feature","geometry":{"type":"Point","coordinates":[-94.9408515,29.3932878]},"properties":{"year":1960,"period":"1960","kind":"FHA"}},{"type":"Feature","geometry":{"type":"Point","coordinates":[-94.9408515,29.3932878]},"properties":{"year":1965,"period":"1965","kind":"FHA"}},{"type":"Feature","geometry":{"type":"Point","coordinates":[-94.9420856,29.3928691]},"properties":{"year":1960,"period":"1960","kind":"FHA"}},{"type":"Feature","geometry":{"type":"Point","coordinates":[-94.9418794,29.3928768]},"properties":{"year":1960,"period":"1960","kind":"FHA"}},{"type":"Feature","geometry":{"type":"Point","coordinates":[-94.9418794,29.3928768]},"properties":{"year":1965,"period":"1965","kind":"FHA"}},{"type":"Feature","geometry":{"type":"Point","coordinates":[-94.9412866,29.3924136]},"properties":{"year":1975,"period":"1975","kind":"VA"}},{"type":"Feature","geometry":{"type":"Point","coordinates":[-94.9414796,29.3924081]},"properties":{"year":1970,"period":"1970","kind":"VA"}},{"type":"Feature","geometry":{"type":"Point","coordinates":[-94.9414796,29.3924081]},"properties":{"year":1970,"period":"1970","kind":"VA"}},{"type":"Feature","geometry":{"type":"Point","coordinates":[-94.942511,29.3924039]},"properties":{"year":1975,"period":"1975","kind":"VA"}},{"type":"Feature","geometry":{"type":"Point","coordinates":[-94.9421105,29.3919911]},"properties":{"year":1965,"period":"1965","kind":"FHA"}},{"type":"Feature","geometry":{"type":"Point","coordinates":[-94.9419218,29.3919548]},"properties":{"year":1960,"period":"1960","kind":"FHA"}},{"type":"Feature","geometry":{"type":"Point","coordinates":[-94.9410794,29.3919867]},"properties":{"year":1965,"period":"1965","kind":"FHA"}},{"type":"Feature","geometry":{"type":"Point","coordinates":[-94.9408584,29.3919884]},"properties":{"year":1965,"period":"1965","kind":"FHA"}},{"type":"Feature","geometry":{"type":"Point","coordinates":[-95.1061957,29.3865374]},"properties":{"year":1970,"period":"1970","kind":"VA"}},{"type":"Feature","geometry":{"type":"Point","coordinates":[-94.810821,29.2943123]},"properties":{"year":1940,"period":"1935-40","kind":"FHA"}},{"type":"Feature","geometry":{"type":"Point","coordinates":[-94.9801679,29.3797709]},"properties":{"year":1965,"period":"1965","kind":"FHA"}},{"type":"Feature","geometry":{"type":"Point","coordinates":[-94.9278698,29.4032675]},"properties":{"year":1965,"period":"1965","kind":"FHA"}},{"type":"Feature","geometry":{"type":"Point","coordinates":[-94.9755121,29.369583]},"properties":{"year":1975,"period":"1975","kind":"VA"}},{"type":"Feature","geometry":{"type":"Point","coordinates":[-94.9291655,29.4036556]},"properties":{"year":1975,"period":"1975","kind":"VA"}},{"type":"Feature","geometry":{"type":"Point","coordinates":[-94.9291366,29.4028108]},"properties":{"year":1975,"period":"1975","kind":"VA"}},{"type":"Feature","geometry":{"type":"Point","coordinates":[-94.9294047,29.396252]},"properties":{"year":1960,"period":"1960","kind":"FHA"}},{"type":"Feature","geometry":{"type":"Point","coordinates":[-94.9749877,29.3691812]},"properties":{"year":1975,"period":"1975","kind":"FHA"}},{"type":"Feature","geometry":{"type":"Point","coordinates":[-94.974987,29.3698632]},"properties":{"year":1975,"period":"1975","kind":"VA"}},{"type":"Feature","geometry":{"type":"Point","coordinates":[-94.930489,29.4035552]},"properties":{"year":1950,"period":"1950","kind":"VA"}},{"type":"Feature","geometry":{"type":"Point","coordinates":[-94.9725225,29.3606753]},"properties":{"year":1950,"period":"1950","kind":"VA"}},{"type":"Feature","geometry":{"type":"Point","coordinates":[-94.9300921,29.4032703]},"properties":{"year":1970,"period":"1970","kind":"FHA"}},{"type":"Feature","geometry":{"type":"Point","coordinates":[-94.9288239,29.4032672]},"properties":{"year":1960,"period":"1960","kind":"FHA"}},{"type":"Feature","geometry":{"type":"Point","coordinates":[-94.8269854,29.28632109999999]},"properties":{"year":1950,"period":"1950","kind":"FHA"}},{"type":"Feature","geometry":{"type":"Point","coordinates":[-94.828374,29.2849445]},"properties":{"year":1950,"period":"1950","kind":"FHA"}},{"type":"Feature","geometry":{"type":"Point","coordinates":[-94.8286951,29.284887]},"properties":{"year":1950,"period":"1950","kind":"FHA"}},{"type":"Feature","geometry":{"type":"Point","coordinates":[-94.8285799,29.2864215]},"properties":{"year":1965,"period":"1965","kind":"FHA"}},{"type":"Feature","geometry":{"type":"Point","coordinates":[-94.8284011,29.2864089]},"properties":{"year":1950,"period":"1950","kind":"FHA"}},{"type":"Feature","geometry":{"type":"Point","coordinates":[-94.8274211,29.28621249999999]},"properties":{"year":1960,"period":"1960","kind":"FHA"}},{"type":"Feature","geometry":{"type":"Point","coordinates":[-94.8277342,29.2861273]},"properties":{"year":1965,"period":"1965","kind":"FHA"}},{"type":"Feature","geometry":{"type":"Point","coordinates":[-94.8286394,29.2859949]},"properties":{"year":1950,"period":"1950","kind":"FHA"}},{"type":"Feature","geometry":{"type":"Point","coordinates":[-94.8287907,29.2856526]},"properties":{"year":1965,"period":"1965","kind":"FHA"}},{"type":"Feature","geometry":{"type":"Point","coordinates":[-94.8286618,29.2852051]},"properties":{"year":1960,"period":"1960","kind":"FHA"}},{"type":"Feature","geometry":{"type":"Point","coordinates":[-94.8269215,29.2868296]},"properties":{"year":1950,"period":"1950","kind":"FHA"}},{"type":"Feature","geometry":{"type":"Point","coordinates":[-94.826972,29.2861362]},"properties":{"year":1960,"period":"1960","kind":"FHA"}},{"type":"Feature","geometry":{"type":"Point","coordinates":[-94.8281405,29.2853756]},"properties":{"year":1950,"period":"1950","kind":"FHA"}},{"type":"Feature","geometry":{"type":"Point","coordinates":[-94.8276403,29.2851608]},"properties":{"year":1965,"period":"1965","kind":"FHA"}},{"type":"Feature","geometry":{"type":"Point","coordinates":[-94.8276403,29.2851608]},"properties":{"year":1965,"period":"1965","kind":"FHA"}},{"type":"Feature","geometry":{"type":"Point","coordinates":[-94.8292572,29.2857073]},"properties":{"year":1950,"period":"1950","kind":"FHA"}},{"type":"Feature","geometry":{"type":"Point","coordinates":[-94.8286618,29.2852051]},"properties":{"year":1950,"period":"1950","kind":"FHA"}},{"type":"Feature","geometry":{"type":"Point","coordinates":[-95.1546045,29.3949059]},"properties":{"year":1960,"period":"1960","kind":"FHA"}},{"type":"Feature","geometry":{"type":"Point","coordinates":[-95.0037117,29.345661]},"properties":{"year":1960,"period":"1960","kind":"FHA"}},{"type":"Feature","geometry":{"type":"Point","coordinates":[-95.0037117,29.345661]},"properties":{"year":1975,"period":"1975","kind":"VA"}},{"type":"Feature","geometry":{"type":"Point","coordinates":[-94.9539191,29.3661375]},"properties":{"year":1965,"period":"1965","kind":"FHA"}},{"type":"Feature","geometry":{"type":"Point","coordinates":[-94.95408,29.3653143]},"properties":{"year":1950,"period":"1950","kind":"VA"}},{"type":"Feature","geometry":{"type":"Point","coordinates":[-94.9679506,29.3621931]},"properties":{"year":1965,"period":"1965","kind":"FHA"}},{"type":"Feature","geometry":{"type":"Point","coordinates":[-94.9677991,29.3611623]},"properties":{"year":1965,"period":"1965","kind":"FHA"}},{"type":"Feature","geometry":{"type":"Point","coordinates":[-95.1766382,29.5111624]},"properties":{"year":1970,"period":"1970","kind":"VA"}},{"type":"Feature","geometry":{"type":"Point","coordinates":[-94.7842799,29.3008259]},"properties":{"year":1975,"period":"1975","kind":"VA"}},{"type":"Feature","geometry":{"type":"Point","coordinates":[-94.9525366,29.3623132]},"properties":{"year":1975,"period":"1975","kind":"VA"}},{"type":"Feature","geometry":{"type":"Point","coordinates":[-94.9525366,29.3623132]},"properties":{"year":1975,"period":"1975","kind":"VA"}},{"type":"Feature","geometry":{"type":"Point","coordinates":[-94.954112,29.3566608]},"properties":{"year":1960,"period":"1960","kind":"FHA"}},{"type":"Feature","geometry":{"type":"Point","coordinates":[-95.1335972,29.4846577]},"properties":{"year":1970,"period":"1970","kind":"VA"}},{"type":"Feature","geometry":{"type":"Point","coordinates":[-95.2192085,29.4936183]},"properties":{"year":1975,"period":"1975","kind":"VA"}},{"type":"Feature","geometry":{"type":"Point","coordinates":[-95.223423,29.4848537]},"properties":{"year":1975,"period":"1975","kind":"VA"}},{"type":"Feature","geometry":{"type":"Point","coordinates":[-95.222667,29.4850479]},"properties":{"year":1975,"period":"1975","kind":"VA"}},{"type":"Feature","geometry":{"type":"Point","coordinates":[-95.2209273,29.4920327]},"properties":{"year":1975,"period":"1975","kind":"FHA"}},{"type":"Feature","geometry":{"type":"Point","coordinates":[-95.2204422,29.49237189999999]},"properties":{"year":1975,"period":"1975","kind":"VA"}},{"type":"Feature","geometry":{"type":"Point","coordinates":[-95.2199639,29.49252079999999]},"properties":{"year":1975,"period":"1975","kind":"VA"}},{"type":"Feature","geometry":{"type":"Point","coordinates":[-95.2197608,29.4925781]},"properties":{"year":1975,"period":"1975","kind":"VA"}},{"type":"Feature","geometry":{"type":"Point","coordinates":[-95.2195209,29.4927296]},"properties":{"year":1975,"period":"1975","kind":"FHA"}},{"type":"Feature","geometry":{"type":"Point","coordinates":[-95.2192971,29.4928658]},"properties":{"year":1975,"period":"1975","kind":"VA"}},{"type":"Feature","geometry":{"type":"Point","coordinates":[-95.2191609,29.4930434]},"properties":{"year":1975,"period":"1975","kind":"VA"}},{"type":"Feature","geometry":{"type":"Point","coordinates":[-95.2189672,29.4931408]},"properties":{"year":1975,"period":"1975","kind":"VA"}},{"type":"Feature","geometry":{"type":"Point","coordinates":[-95.2187485,29.493265]},"properties":{"year":1975,"period":"1975","kind":"VA"}},{"type":"Feature","geometry":{"type":"Point","coordinates":[-95.2185279,29.49330519999999]},"properties":{"year":1975,"period":"1975","kind":"VA"}},{"type":"Feature","geometry":{"type":"Point","coordinates":[-95.2182405,29.4933089]},"properties":{"year":1975,"period":"1975","kind":"VA"}},{"type":"Feature","geometry":{"type":"Point","coordinates":[-95.2180094,29.49323709999999]},"properties":{"year":1975,"period":"1975","kind":"VA"}},{"type":"Feature","geometry":{"type":"Point","coordinates":[-95.2180094,29.49323709999999]},"properties":{"year":1975,"period":"1975","kind":"VA"}},{"type":"Feature","geometry":{"type":"Point","coordinates":[-95.2177424,29.4932259]},"properties":{"year":1975,"period":"1975","kind":"VA"}},{"type":"Feature","geometry":{"type":"Point","coordinates":[-95.2175476,29.4931529]},"properties":{"year":1975,"period":"1975","kind":"FHA"}},{"type":"Feature","geometry":{"type":"Point","coordinates":[-95.2172994,29.4930374]},"properties":{"year":1975,"period":"1975","kind":"VA"}},{"type":"Feature","geometry":{"type":"Point","coordinates":[-95.221589,29.4914273]},"properties":{"year":1975,"period":"1975","kind":"VA"}},{"type":"Feature","geometry":{"type":"Point","coordinates":[-95.2208601,29.49271969999999]},"properties":{"year":1975,"period":"1975","kind":"VA"}},{"type":"Feature","geometry":{"type":"Point","coordinates":[-95.2206227,29.4928419]},"properties":{"year":1975,"period":"1975","kind":"FHA"}},{"type":"Feature","geometry":{"type":"Point","coordinates":[-95.2204002,29.4929321]},"properties":{"year":1975,"period":"1975","kind":"VA"}},{"type":"Feature","geometry":{"type":"Point","coordinates":[-95.2201498,29.4929918]},"properties":{"year":1975,"period":"1975","kind":"FHA"}},{"type":"Feature","geometry":{"type":"Point","coordinates":[-95.2199376,29.4930479]},"properties":{"year":1975,"period":"1975","kind":"VA"}},{"type":"Feature","geometry":{"type":"Point","coordinates":[-95.2197664,29.49319]},"properties":{"year":1975,"period":"1975","kind":"FHA"}},{"type":"Feature","geometry":{"type":"Point","coordinates":[-95.2195718,29.4933139]},"properties":{"year":1975,"period":"1975","kind":"VA"}},{"type":"Feature","geometry":{"type":"Point","coordinates":[-95.2193937,29.4934877]},"properties":{"year":1975,"period":"1975","kind":"VA"}},{"type":"Feature","geometry":{"type":"Point","coordinates":[-95.2189661,29.4937231]},"properties":{"year":1975,"period":"1975","kind":"FHA"}},{"type":"Feature","geometry":{"type":"Point","coordinates":[-95.2187463,29.493816]},"properties":{"year":1975,"period":"1975","kind":"VA"}},{"type":"Feature","geometry":{"type":"Point","coordinates":[-95.2184372,29.49380369999999]},"properties":{"year":1975,"period":"1975","kind":"VA"}},{"type":"Feature","geometry":{"type":"Point","coordinates":[-95.21822,29.49379]},"properties":{"year":1975,"period":"1975","kind":"VA"}},{"type":"Feature","geometry":{"type":"Point","coordinates":[-95.2179682,29.4937721]},"properties":{"year":1975,"period":"1975","kind":"VA"}},{"type":"Feature","geometry":{"type":"Point","coordinates":[-95.21771950000002,29.493715]},"properties":{"year":1975,"period":"1975","kind":"VA"}},{"type":"Feature","geometry":{"type":"Point","coordinates":[-95.2174742,29.4936553]},"properties":{"year":1975,"period":"1975","kind":"VA"}},{"type":"Feature","geometry":{"type":"Point","coordinates":[-94.9097914,29.3989746]},"properties":{"year":1950,"period":"1950","kind":"VA"}},{"type":"Feature","geometry":{"type":"Point","coordinates":[-94.9098159,29.3995573]},"properties":{"year":1975,"period":"1975","kind":"FHA"}},{"type":"Feature","geometry":{"type":"Point","coordinates":[-95.1193689,29.4418424]},"properties":{"year":1950,"period":"1950","kind":"FHA"}},{"type":"Feature","geometry":{"type":"Point","coordinates":[-94.9089368,29.3998701]},"properties":{"year":1950,"period":"1950","kind":"VA"}},{"type":"Feature","geometry":{"type":"Point","coordinates":[-94.9089368,29.3998701]},"properties":{"year":1950,"period":"1950","kind":"FHA"}},{"type":"Feature","geometry":{"type":"Point","coordinates":[-94.9136391,29.3996037]},"properties":{"year":1970,"period":"1970","kind":"VA"}},{"type":"Feature","geometry":{"type":"Point","coordinates":[-94.91353610000002,29.3983556]},"properties":{"year":1965,"period":"1965","kind":"FHA"}},{"type":"Feature","geometry":{"type":"Point","coordinates":[-94.9135645,29.3976227]},"properties":{"year":1960,"period":"1960","kind":"FHA"}},{"type":"Feature","geometry":{"type":"Point","coordinates":[-94.9135645,29.3976227]},"properties":{"year":1950,"period":"1950","kind":"FHA"}},{"type":"Feature","geometry":{"type":"Point","coordinates":[-94.9135645,29.3976227]},"properties":{"year":1950,"period":"1950","kind":"FHA"}},{"type":"Feature","geometry":{"type":"Point","coordinates":[-94.9113746,29.3988215]},"properties":{"year":1950,"period":"1950","kind":"VA"}},{"type":"Feature","geometry":{"type":"Point","coordinates":[-94.9113746,29.3988215]},"properties":{"year":1950,"period":"1950","kind":"FHA"}},{"type":"Feature","geometry":{"type":"Point","coordinates":[-94.9121369,29.3983347]},"properties":{"year":1950,"period":"1950","kind":"FHA"}},{"type":"Feature","geometry":{"type":"Point","coordinates":[-94.9128237,29.3982975]},"properties":{"year":1960,"period":"1960","kind":"FHA"}},{"type":"Feature","geometry":{"type":"Point","coordinates":[-94.9125365,29.3978848]},"properties":{"year":1960,"period":"1960","kind":"FHA"}},{"type":"Feature","geometry":{"type":"Point","coordinates":[-94.9106176,29.39786179999999]},"properties":{"year":1950,"period":"1950","kind":"VA"}},{"type":"Feature","geometry":{"type":"Point","coordinates":[-94.9103739,29.39783719999999]},"properties":{"year":1975,"period":"1975","kind":"FHA"}},{"type":"Feature","geometry":{"type":"Point","coordinates":[-94.9104638,29.3974555]},"properties":{"year":1950,"period":"1950","kind":"FHA"}},{"type":"Feature","geometry":{"type":"Point","coordinates":[-94.9120143,29.3974168]},"properties":{"year":1975,"period":"1975","kind":"VA"}},{"type":"Feature","geometry":{"type":"Point","coordinates":[-94.9121369,29.3983347]},"properties":{"year":1960,"period":"1960","kind":"FHA"}},{"type":"Feature","geometry":{"type":"Point","coordinates":[-95.1487259,29.482737]},"properties":{"year":1960,"period":"1960","kind":"FHA"}},{"type":"Feature","geometry":{"type":"Point","coordinates":[-95.1484686,29.4827098]},"properties":{"year":1960,"period":"1960","kind":"FHA"}},{"type":"Feature","geometry":{"type":"Point","coordinates":[-95.1483321,29.4828581]},"properties":{"year":1960,"period":"1960","kind":"FHA"}},{"type":"Feature","geometry":{"type":"Point","coordinates":[-95.0526354,29.4498137]},"properties":{"year":1965,"period":"1965","kind":"FHA"}},{"type":"Feature","geometry":{"type":"Point","coordinates":[-95.0526369,29.4473472]},"properties":{"year":1965,"period":"1965","kind":"FHA"}},{"type":"Feature","geometry":{"type":"Point","coordinates":[-94.9130285,29.2962925]},"properties":{"year":1970,"period":"1970","kind":"VA"}},{"type":"Feature","geometry":{"type":"Point","coordinates":[-95.0491783,29.4491756]},"properties":{"year":1970,"period":"1970","kind":"VA"}},{"type":"Feature","geometry":{"type":"Point","coordinates":[-95.0491783,29.4491756]},"properties":{"year":1975,"period":"1975","kind":"VA"}},{"type":"Feature","geometry":{"type":"Point","coordinates":[-95.0492386,29.4500128]},"properties":{"year":1970,"period":"1970","kind":"VA"}},{"type":"Feature","geometry":{"type":"Point","coordinates":[-95.048261,29.450011]},"properties":{"year":1970,"period":"1970","kind":"VA"}},{"type":"Feature","geometry":{"type":"Point","coordinates":[-95.0483847,29.4486179]},"properties":{"year":1975,"period":"1975","kind":"VA"}},{"type":"Feature","geometry":{"type":"Point","coordinates":[-94.938245,29.3875897]},"properties":{"year":1965,"period":"1965","kind":"FHA"}},{"type":"Feature","geometry":{"type":"Point","coordinates":[-94.938245,29.3875897]},"properties":{"year":1960,"period":"1960","kind":"FHA"}},{"type":"Feature","geometry":{"type":"Point","coordinates":[-95.0267023,29.3616102]},"properties":{"year":1965,"period":"1965","kind":"FHA"}},{"type":"Feature","geometry":{"type":"Point","coordinates":[-95.0287756,29.36155209999999]},"properties":{"year":1975,"period":"1975","kind":"VA"}},{"type":"Feature","geometry":{"type":"Point","coordinates":[-95.028024,29.3620015]},"properties":{"year":1975,"period":"1975","kind":"VA"}},{"type":"Feature","geometry":{"type":"Point","coordinates":[-95.0292964,29.3619611]},"properties":{"year":1965,"period":"1965","kind":"FHA"}},{"type":"Feature","geometry":{"type":"Point","coordinates":[-95.0297626,29.362434]},"properties":{"year":1970,"period":"1970","kind":"VA"}},{"type":"Feature","geometry":{"type":"Point","coordinates":[-95.0291691,29.3629469]},"properties":{"year":1960,"period":"1960","kind":"FHA"}},{"type":"Feature","geometry":{"type":"Point","coordinates":[-95.0270977,29.36298409999999]},"properties":{"year":1975,"period":"1975","kind":"VA"}},{"type":"Feature","geometry":{"type":"Point","coordinates":[-95.0803689,29.5092559]},"properties":{"year":1970,"period":"1970","kind":"VA"}},{"type":"Feature","geometry":{"type":"Point","coordinates":[-95.0804976,29.5093843]},"properties":{"year":1970,"period":"1970","kind":"FHA"}},{"type":"Feature","geometry":{"type":"Point","coordinates":[-95.0806247,29.5094791]},"properties":{"year":1970,"period":"1970","kind":"VA"}},{"type":"Feature","geometry":{"type":"Point","coordinates":[-95.0806247,29.5094791]},"properties":{"year":1975,"period":"1975","kind":"VA"}},{"type":"Feature","geometry":{"type":"Point","coordinates":[-95.0807354,29.5095992]},"properties":{"year":1970,"period":"1970","kind":"VA"}},{"type":"Feature","geometry":{"type":"Point","coordinates":[-95.0808322,29.5097092]},"properties":{"year":1970,"period":"1970","kind":"VA"}},{"type":"Feature","geometry":{"type":"Point","coordinates":[-95.0811709,29.5100302]},"properties":{"year":1970,"period":"1970","kind":"VA"}},{"type":"Feature","geometry":{"type":"Point","coordinates":[-95.0815278,29.5103357]},"properties":{"year":1970,"period":"1970","kind":"VA"}},{"type":"Feature","geometry":{"type":"Point","coordinates":[-95.0815278,29.5103357]},"properties":{"year":1970,"period":"1970","kind":"VA"}},{"type":"Feature","geometry":{"type":"Point","coordinates":[-95.0804637,29.5100026]},"properties":{"year":1970,"period":"1970","kind":"VA"}},{"type":"Feature","geometry":{"type":"Point","coordinates":[-95.0804637,29.5100026]},"properties":{"year":1970,"period":"1970","kind":"VA"}},{"type":"Feature","geometry":{"type":"Point","coordinates":[-95.0805777,29.5101013]},"properties":{"year":1970,"period":"1970","kind":"VA"}},{"type":"Feature","geometry":{"type":"Point","coordinates":[-95.080847,29.51108779999999]},"properties":{"year":1975,"period":"1975","kind":"FHA"}},{"type":"Feature","geometry":{"type":"Point","coordinates":[-95.0792253,29.5101551]},"properties":{"year":1970,"period":"1970","kind":"VA"}},{"type":"Feature","geometry":{"type":"Point","coordinates":[-95.0793585,29.5102798]},"properties":{"year":1970,"period":"1970","kind":"VA"}},{"type":"Feature","geometry":{"type":"Point","coordinates":[-95.0795577,29.5105174]},"properties":{"year":1970,"period":"1970","kind":"FHA"}},{"type":"Feature","geometry":{"type":"Point","coordinates":[-95.0796952,29.5106234]},"properties":{"year":1970,"period":"1970","kind":"VA"}},{"type":"Feature","geometry":{"type":"Point","coordinates":[-95.0796952,29.5106234]},"properties":{"year":1970,"period":"1970","kind":"VA"}},{"type":"Feature","geometry":{"type":"Point","coordinates":[-95.0796952,29.5106234]},"properties":{"year":1970,"period":"1970","kind":"VA"}},{"type":"Feature","geometry":{"type":"Point","coordinates":[-95.0797732,29.51075]},"properties":{"year":1970,"period":"1970","kind":"VA"}},{"type":"Feature","geometry":{"type":"Point","coordinates":[-95.0804683,29.511368]},"properties":{"year":1970,"period":"1970","kind":"VA"}},{"type":"Feature","geometry":{"type":"Point","coordinates":[-95.0804683,29.511368]},"properties":{"year":1975,"period":"1975","kind":"VA"}},{"type":"Feature","geometry":{"type":"Point","coordinates":[-94.9435106,29.3824158]},"properties":{"year":1970,"period":"1970","kind":"VA"}},{"type":"Feature","geometry":{"type":"Point","coordinates":[-94.8975944,29.4014675]},"properties":{"year":1975,"period":"1975","kind":"FHA"}},{"type":"Feature","geometry":{"type":"Point","coordinates":[-94.9013943,29.4004591]},"properties":{"year":1950,"period":"1950","kind":"FHA"}},{"type":"Feature","geometry":{"type":"Point","coordinates":[-94.9013943,29.4004591]},"properties":{"year":1950,"period":"1950","kind":"VA"}},{"type":"Feature","geometry":{"type":"Point","coordinates":[-94.9005958,29.4023993]},"properties":{"year":1950,"period":"1950","kind":"FHA"}},{"type":"Feature","geometry":{"type":"Point","coordinates":[-94.9007391,29.4017648]},"properties":{"year":1950,"period":"1950","kind":"FHA"}},{"type":"Feature","geometry":{"type":"Point","coordinates":[-94.9007391,29.4017648]},"properties":{"year":1950,"period":"1950","kind":"VA"}},{"type":"Feature","geometry":{"type":"Point","coordinates":[-94.9002913,29.4017966]},"properties":{"year":1950,"period":"1950","kind":"FHA"}},{"type":"Feature","geometry":{"type":"Point","coordinates":[-94.9001359,29.4014451]},"properties":{"year":1950,"period":"1950","kind":"FHA"}},{"type":"Feature","geometry":{"type":"Point","coordinates":[-94.8996325,29.4018244]},"properties":{"year":1965,"period":"1965","kind":"FHA"}},{"type":"Feature","geometry":{"type":"Point","coordinates":[-94.8991759,29.4017952]},"properties":{"year":1950,"period":"1950","kind":"FHA"}},{"type":"Feature","geometry":{"type":"Point","coordinates":[-94.8995001,29.40275609999999]},"properties":{"year":1950,"period":"1950","kind":"FHA"}},{"type":"Feature","geometry":{"type":"Point","coordinates":[-94.8976027,29.402428]},"properties":{"year":1950,"period":"1950","kind":"VA"}},{"type":"Feature","geometry":{"type":"Point","coordinates":[-94.8979249,29.4018059]},"properties":{"year":1950,"period":"1950","kind":"VA"}},{"type":"Feature","geometry":{"type":"Point","coordinates":[-94.8976077,29.401802]},"properties":{"year":1975,"period":"1975","kind":"VA"}},{"type":"Feature","geometry":{"type":"Point","coordinates":[-94.8982333,29.4005076]},"properties":{"year":1950,"period":"1950","kind":"FHA"}},{"type":"Feature","geometry":{"type":"Point","coordinates":[-94.897446,29.40050269999999]},"properties":{"year":1970,"period":"1970","kind":"FHA"}},{"type":"Feature","geometry":{"type":"Point","coordinates":[-94.896875,29.4004601]},"properties":{"year":1970,"period":"1970","kind":"FHA"}},{"type":"Feature","geometry":{"type":"Point","coordinates":[-94.8964027,29.4008005]},"properties":{"year":1965,"period":"1965","kind":"FHA"}},{"type":"Feature","geometry":{"type":"Point","coordinates":[-94.8964027,29.4008005]},"properties":{"year":1965,"period":"1965","kind":"FHA"}},{"type":"Feature","geometry":{"type":"Point","coordinates":[-94.8957912,29.4008258]},"properties":{"year":1950,"period":"1950","kind":"VA"}},{"type":"Feature","geometry":{"type":"Point","coordinates":[-94.8959463,29.4014874]},"properties":{"year":1950,"period":"1950","kind":"VA"}},{"type":"Feature","geometry":{"type":"Point","coordinates":[-94.8957861,29.4018328]},"properties":{"year":1950,"period":"1950","kind":"FHA"}},{"type":"Feature","geometry":{"type":"Point","coordinates":[-94.8958017,29.4024236]},"properties":{"year":1970,"period":"1970","kind":"FHA"}},{"type":"Feature","geometry":{"type":"Point","coordinates":[-94.8964252,29.4027742]},"properties":{"year":1950,"period":"1950","kind":"FHA"}},{"type":"Feature","geometry":{"type":"Point","coordinates":[-94.8959345,29.4027778]},"properties":{"year":1950,"period":"1950","kind":"VA"}},{"type":"Feature","geometry":{"type":"Point","coordinates":[-94.8956204,29.4027763]},"properties":{"year":1975,"period":"1975","kind":"FHA"}},{"type":"Feature","geometry":{"type":"Point","coordinates":[-94.894034,29.4014615]},"properties":{"year":1970,"period":"1970","kind":"VA"}},{"type":"Feature","geometry":{"type":"Point","coordinates":[-94.8949816,29.40086]},"properties":{"year":1950,"period":"1950","kind":"FHA"}},{"type":"Feature","geometry":{"type":"Point","coordinates":[-94.8938342,29.4004978]},"properties":{"year":1975,"period":"1975","kind":"VA"}},{"type":"Feature","geometry":{"type":"Point","coordinates":[-94.8965697,29.4014559]},"properties":{"year":1950,"period":"1950","kind":"FHA"}},{"type":"Feature","geometry":{"type":"Point","coordinates":[-94.8957861,29.4018328]},"properties":{"year":1950,"period":"1950","kind":"VA"}},{"type":"Feature","geometry":{"type":"Point","coordinates":[-94.9120524,29.3818419]},"properties":{"year":1970,"period":"1970","kind":"VA"}},{"type":"Feature","geometry":{"type":"Point","coordinates":[-94.9048834,29.3998842]},"properties":{"year":1970,"period":"1970","kind":"FHA"}},{"type":"Feature","geometry":{"type":"Point","coordinates":[-94.9053312,29.4022862]},"properties":{"year":1975,"period":"1975","kind":"VA"}},{"type":"Feature","geometry":{"type":"Point","coordinates":[-94.9047812,29.4022878]},"properties":{"year":1970,"period":"1970","kind":"VA"}},{"type":"Feature","geometry":{"type":"Point","coordinates":[-94.9310003,29.3859003]},"properties":{"year":1975,"period":"1975","kind":"VA"}},{"type":"Feature","geometry":{"type":"Point","coordinates":[-95.1090228,29.5032843]},"properties":{"year":1975,"period":"1975","kind":"VA"}},{"type":"Feature","geometry":{"type":"Point","coordinates":[-94.9315495,29.3865922]},"properties":{"year":1975,"period":"1975","kind":"FHA"}},{"type":"Feature","geometry":{"type":"Point","coordinates":[-94.7980388,29.2922162]},"properties":{"year":1975,"period":"1975","kind":"VA"}},{"type":"Feature","geometry":{"type":"Point","coordinates":[-94.932151,29.4136848]},"properties":{"year":1975,"period":"1975","kind":"FHA"}},{"type":"Feature","geometry":{"type":"Point","coordinates":[-94.9284772,29.4111251]},"properties":{"year":1970,"period":"1970","kind":"FHA"}},{"type":"Feature","geometry":{"type":"Point","coordinates":[-94.9305419,29.4178147]},"properties":{"year":1975,"period":"1975","kind":"VA"}},{"type":"Feature","geometry":{"type":"Point","coordinates":[-94.9293135,29.4126091]},"properties":{"year":1975,"period":"1975","kind":"FHA"}},{"type":"Feature","geometry":{"type":"Point","coordinates":[-94.9305519,29.4174104]},"properties":{"year":1975,"period":"1975","kind":"VA"}},{"type":"Feature","geometry":{"type":"Point","coordinates":[-94.9296051,29.4144425]},"properties":{"year":1975,"period":"1975","kind":"VA"}},{"type":"Feature","geometry":{"type":"Point","coordinates":[-94.9329685,29.4129704]},"properties":{"year":1965,"period":"1965","kind":"FHA"}},{"type":"Feature","geometry":{"type":"Point","coordinates":[-94.9317052,29.4111426]},"properties":{"year":1975,"period":"1975","kind":"VA"}},{"type":"Feature","geometry":{"type":"Point","coordinates":[-94.9317052,29.4111426]},"properties":{"year":1975,"period":"1975","kind":"VA"}},{"type":"Feature","geometry":{"type":"Point","coordinates":[-94.9286377,29.4118923]},"properties":{"year":1975,"period":"1975","kind":"VA"}},{"type":"Feature","geometry":{"type":"Point","coordinates":[-94.9270909,29.3861127]},"properties":{"year":1975,"period":"1975","kind":"VA"}},{"type":"Feature","geometry":{"type":"Point","coordinates":[-94.8952283,29.3891147]},"properties":{"year":1950,"period":"1950","kind":"VA"}},{"type":"Feature","geometry":{"type":"Point","coordinates":[-94.8972124,29.3896524]},"properties":{"year":1950,"period":"1950","kind":"VA"}},{"type":"Feature","geometry":{"type":"Point","coordinates":[-95.1104776,29.3925798]},"properties":{"year":1970,"period":"1970","kind":"VA"}},{"type":"Feature","geometry":{"type":"Point","coordinates":[-94.984011,29.3680932]},"properties":{"year":1950,"period":"1950","kind":"VA"}},{"type":"Feature","geometry":{"type":"Point","coordinates":[-94.9838451,29.3614495]},"properties":{"year":1950,"period":"1950","kind":"VA"}},{"type":"Feature","geometry":{"type":"Point","coordinates":[-94.9782148,29.3651686]},"properties":{"year":1950,"period":"1950","kind":"FHA"}},{"type":"Feature","geometry":{"type":"Point","coordinates":[-94.9862527,29.3676777]},"properties":{"year":1975,"period":"1975","kind":"VA"}},{"type":"Feature","geometry":{"type":"Point","coordinates":[-94.979962,29.3672685]},"properties":{"year":1970,"period":"1970","kind":"VA"}},{"type":"Feature","geometry":{"type":"Point","coordinates":[-94.980946,29.3642937]},"properties":{"year":1975,"period":"1975","kind":"FHA"}},{"type":"Feature","geometry":{"type":"Point","coordinates":[-94.9819184,29.3633155]},"properties":{"year":1960,"period":"1960","kind":"FHA"}},{"type":"Feature","geometry":{"type":"Point","coordinates":[-94.9812671,29.36203129999999]},"properties":{"year":1970,"period":"1970","kind":"VA"}},{"type":"Feature","geometry":{"type":"Point","coordinates":[-94.9841862,29.3623736]},"properties":{"year":1970,"period":"1970","kind":"FHA"}},{"type":"Feature","geometry":{"type":"Point","coordinates":[-94.982262,29.3646612]},"properties":{"year":1950,"period":"1950","kind":"VA"}},{"type":"Feature","geometry":{"type":"Point","coordinates":[-94.9855068,29.3638023]},"properties":{"year":1970,"period":"1970","kind":"VA"}},{"type":"Feature","geometry":{"type":"Point","coordinates":[-94.9855068,29.3638023]},"properties":{"year":1970,"period":"1970","kind":"VA"}},{"type":"Feature","geometry":{"type":"Point","coordinates":[-94.9866377,29.3658857]},"properties":{"year":1970,"period":"1970","kind":"VA"}},{"type":"Feature","geometry":{"type":"Point","coordinates":[-94.9787413,29.3663601]},"properties":{"year":1970,"period":"1970","kind":"FHA"}},{"type":"Feature","geometry":{"type":"Point","coordinates":[-94.97649,29.3663868]},"properties":{"year":1975,"period":"1975","kind":"VA"}},{"type":"Feature","geometry":{"type":"Point","coordinates":[-94.9812169,29.3676852]},"properties":{"year":1950,"period":"1950","kind":"FHA"}},{"type":"Feature","geometry":{"type":"Point","coordinates":[-94.9809901,29.3677508]},"properties":{"year":1950,"period":"1950","kind":"FHA"}},{"type":"Feature","geometry":{"type":"Point","coordinates":[-94.9829848,29.3681443]},"properties":{"year":1950,"period":"1950","kind":"FHA"}},{"type":"Feature","geometry":{"type":"Point","coordinates":[-94.9837873,29.3681041]},"properties":{"year":1950,"period":"1950","kind":"FHA"}},{"type":"Feature","geometry":{"type":"Point","coordinates":[-94.984011,29.3680932]},"properties":{"year":1950,"period":"1950","kind":"FHA"}},{"type":"Feature","geometry":{"type":"Point","coordinates":[-94.9860035,29.3677172]},"properties":{"year":1950,"period":"1950","kind":"FHA"}},{"type":"Feature","geometry":{"type":"Point","coordinates":[-94.9857687,29.3677385]},"properties":{"year":1950,"period":"1950","kind":"VA"}},{"type":"Feature","geometry":{"type":"Point","coordinates":[-94.98346250000002,29.3676319]},"properties":{"year":1950,"period":"1950","kind":"FHA"}},{"type":"Feature","geometry":{"type":"Point","coordinates":[-94.9805152,29.3667333]},"properties":{"year":1950,"period":"1950","kind":"VA"}},{"type":"Feature","geometry":{"type":"Point","coordinates":[-94.9799385,29.3665066]},"properties":{"year":1950,"period":"1950","kind":"VA"}},{"type":"Feature","geometry":{"type":"Point","coordinates":[-94.9800445,29.3667769]},"properties":{"year":1950,"period":"1950","kind":"FHA"}},{"type":"Feature","geometry":{"type":"Point","coordinates":[-94.9799596,29.36699279999999]},"properties":{"year":1950,"period":"1950","kind":"FHA"}},{"type":"Feature","geometry":{"type":"Point","coordinates":[-94.9826927,29.3632625]},"properties":{"year":1960,"period":"1960","kind":"FHA"}},{"type":"Feature","geometry":{"type":"Point","coordinates":[-94.9814567,29.363929]},"properties":{"year":1950,"period":"1950","kind":"FHA"}},{"type":"Feature","geometry":{"type":"Point","coordinates":[-94.9815518,29.3634642]},"properties":{"year":1960,"period":"1960","kind":"FHA"}},{"type":"Feature","geometry":{"type":"Point","coordinates":[-94.9816354,29.3633131]},"properties":{"year":1960,"period":"1960","kind":"FHA"}},{"type":"Feature","geometry":{"type":"Point","coordinates":[-94.9819184,29.3633155]},"properties":{"year":1960,"period":"1960","kind":"FHA"}},{"type":"Feature","geometry":{"type":"Point","coordinates":[-94.9820974,29.3636839]},"properties":{"year":1950,"period":"1950","kind":"FHA"}},{"type":"Feature","geometry":{"type":"Point","coordinates":[-94.9824212,29.36248329999999]},"properties":{"year":1965,"period":"1965","kind":"VA"}},{"type":"Feature","geometry":{"type":"Point","coordinates":[-94.9824212,29.36248329999999]},"properties":{"year":1965,"period":"1965","kind":"VA"}},{"type":"Feature","geometry":{"type":"Point","coordinates":[-94.9824212,29.36248329999999]},"properties":{"year":1965,"period":"1965","kind":"VA"}},{"type":"Feature","geometry":{"type":"Point","coordinates":[-94.9826677,29.3624523]},"properties":{"year":1965,"period":"1965","kind":"VA"}},{"type":"Feature","geometry":{"type":"Point","coordinates":[-94.9837483,29.3635689]},"properties":{"year":1950,"period":"1950","kind":"FHA"}},{"type":"Feature","geometry":{"type":"Point","coordinates":[-94.983925,29.3628289]},"properties":{"year":1960,"period":"1960","kind":"FHA"}},{"type":"Feature","geometry":{"type":"Point","coordinates":[-94.9836756,29.3619594]},"properties":{"year":1960,"period":"1960","kind":"FHA"}},{"type":"Feature","geometry":{"type":"Point","coordinates":[-94.9842461,29.361523]},"properties":{"year":1960,"period":"1960","kind":"FHA"}},{"type":"Feature","geometry":{"type":"Point","coordinates":[-94.9842461,29.361523]},"properties":{"year":1950,"period":"1950","kind":"VA"}},{"type":"Feature","geometry":{"type":"Point","coordinates":[-94.985242,29.3615199]},"properties":{"year":1965,"period":"1965","kind":"FHA"}},{"type":"Feature","geometry":{"type":"Point","coordinates":[-94.9821174,29.3651981]},"properties":{"year":1950,"period":"1950","kind":"FHA"}},{"type":"Feature","geometry":{"type":"Point","coordinates":[-94.9816178,29.3671889]},"properties":{"year":1950,"period":"1950","kind":"VA"}},{"type":"Feature","geometry":{"type":"Point","coordinates":[-94.9814649,29.3650162]},"properties":{"year":1950,"period":"1950","kind":"VA"}},{"type":"Feature","geometry":{"type":"Point","coordinates":[-94.9809382,29.3648284]},"properties":{"year":1965,"period":"1965","kind":"FHA"}},{"type":"Feature","geometry":{"type":"Point","coordinates":[-94.9865971,29.36534469999999]},"properties":{"year":1950,"period":"1950","kind":"VA"}},{"type":"Feature","geometry":{"type":"Point","coordinates":[-94.9865971,29.36534469999999]},"properties":{"year":1965,"period":"1965","kind":"FHA"}},{"type":"Feature","geometry":{"type":"Point","coordinates":[-94.9861401,29.3653563]},"properties":{"year":1950,"period":"1950","kind":"VA"}},{"type":"Feature","geometry":{"type":"Point","coordinates":[-94.9861401,29.3653563]},"properties":{"year":1950,"period":"1950","kind":"FHA"}},{"type":"Feature","geometry":{"type":"Point","coordinates":[-94.9855789,29.36541189999999]},"properties":{"year":1950,"period":"1950","kind":"FHA"}},{"type":"Feature","geometry":{"type":"Point","coordinates":[-94.9852503,29.3649137]},"properties":{"year":1965,"period":"1965","kind":"FHA"}},{"type":"Feature","geometry":{"type":"Point","coordinates":[-94.9855233,29.3646286]},"properties":{"year":1950,"period":"1950","kind":"FHA"}},{"type":"Feature","geometry":{"type":"Point","coordinates":[-94.9853391,29.3631951]},"properties":{"year":1950,"period":"1950","kind":"FHA"}},{"type":"Feature","geometry":{"type":"Point","coordinates":[-94.9843201,29.3638573]},"properties":{"year":1965,"period":"1965","kind":"FHA"}},{"type":"Feature","geometry":{"type":"Point","coordinates":[-94.986084,29.364894]},"properties":{"year":1950,"period":"1950","kind":"FHA"}},{"type":"Feature","geometry":{"type":"Point","coordinates":[-94.9865201,29.3641372]},"properties":{"year":1950,"period":"1950","kind":"FHA"}},{"type":"Feature","geometry":{"type":"Point","coordinates":[-94.9865201,29.3641372]},"properties":{"year":1960,"period":"1960","kind":"FHA"}},{"type":"Feature","geometry":{"type":"Point","coordinates":[-94.9865183,29.3639285]},"properties":{"year":1950,"period":"1950","kind":"VA"}},{"type":"Feature","geometry":{"type":"Point","coordinates":[-94.9865648,29.3630606]},"properties":{"year":1965,"period":"1965","kind":"FHA"}},{"type":"Feature","geometry":{"type":"Point","coordinates":[-94.9859928,29.3645537]},"properties":{"year":1965,"period":"1965","kind":"VA"}},{"type":"Feature","geometry":{"type":"Point","coordinates":[-94.9871081,29.3645819]},"properties":{"year":1950,"period":"1950","kind":"FHA"}},{"type":"Feature","geometry":{"type":"Point","coordinates":[-94.9872017,29.3656778]},"properties":{"year":1950,"period":"1950","kind":"FHA"}},{"type":"Feature","geometry":{"type":"Point","coordinates":[-94.9865477,29.36681879999999]},"properties":{"year":1950,"period":"1950","kind":"VA"}},{"type":"Feature","geometry":{"type":"Point","coordinates":[-94.9866377,29.3658857]},"properties":{"year":1965,"period":"1965","kind":"FHA"}},{"type":"Feature","geometry":{"type":"Point","coordinates":[-94.9861287,29.36568889999999]},"properties":{"year":1950,"period":"1950","kind":"FHA"}},{"type":"Feature","geometry":{"type":"Point","coordinates":[-94.986176,29.3660548]},"properties":{"year":1950,"period":"1950","kind":"VA"}},{"type":"Feature","geometry":{"type":"Point","coordinates":[-94.986176,29.3660548]},"properties":{"year":1950,"period":"1950","kind":"FHA"}},{"type":"Feature","geometry":{"type":"Point","coordinates":[-94.9843533,29.3672414]},"properties":{"year":1950,"period":"1950","kind":"FHA"}},{"type":"Feature","geometry":{"type":"Point","coordinates":[-94.9853257,29.3673055]},"properties":{"year":1950,"period":"1950","kind":"VA"}},{"type":"Feature","geometry":{"type":"Point","coordinates":[-94.9855829,29.3672881]},"properties":{"year":1950,"period":"1950","kind":"VA"}},{"type":"Feature","geometry":{"type":"Point","coordinates":[-94.9858134,29.3672688]},"properties":{"year":1950,"period":"1950","kind":"VA"}},{"type":"Feature","geometry":{"type":"Point","coordinates":[-94.9855889,29.365959]},"properties":{"year":1950,"period":"1950","kind":"FHA"}},{"type":"Feature","geometry":{"type":"Point","coordinates":[-94.9855868,29.3657584]},"properties":{"year":1950,"period":"1950","kind":"VA"}},{"type":"Feature","geometry":{"type":"Point","coordinates":[-94.9851167,29.3657405]},"properties":{"year":1950,"period":"1950","kind":"FHA"}},{"type":"Feature","geometry":{"type":"Point","coordinates":[-94.9850436,29.3659607]},"properties":{"year":1950,"period":"1950","kind":"FHA"}},{"type":"Feature","geometry":{"type":"Point","coordinates":[-94.9844999,29.3657205]},"properties":{"year":1950,"period":"1950","kind":"FHA"}},{"type":"Feature","geometry":{"type":"Point","coordinates":[-94.9838091,29.3671232]},"properties":{"year":1950,"period":"1950","kind":"FHA"}},{"type":"Feature","geometry":{"type":"Point","coordinates":[-94.9837962,29.366243]},"properties":{"year":1960,"period":"1960","kind":"FHA"}},{"type":"Feature","geometry":{"type":"Point","coordinates":[-94.9787603,29.365157]},"properties":{"year":1960,"period":"1960","kind":"FHA"}},{"type":"Feature","geometry":{"type":"Point","coordinates":[-94.9782225,29.36534259999999]},"properties":{"year":1960,"period":"1960","kind":"FHA"}},{"type":"Feature","geometry":{"type":"Point","coordinates":[-94.9782148,29.3651686]},"properties":{"year":1950,"period":"1950","kind":"FHA"}},{"type":"Feature","geometry":{"type":"Point","coordinates":[-94.9760023,29.3657934]},"properties":{"year":1960,"period":"1960","kind":"FHA"}},{"type":"Feature","geometry":{"type":"Point","coordinates":[-94.9760023,29.3657934]},"properties":{"year":1960,"period":"1960","kind":"FHA"}},{"type":"Feature","geometry":{"type":"Point","coordinates":[-94.9855233,29.3646286]},"properties":{"year":1965,"period":"1965","kind":"FHA"}},{"type":"Feature","geometry":{"type":"Point","coordinates":[-94.9816354,29.3633131]},"properties":{"year":1965,"period":"1965","kind":"FHA"}},{"type":"Feature","geometry":{"type":"Point","coordinates":[-94.9822843,29.36809929999999]},"properties":{"year":1950,"period":"1950","kind":"FHA"}},{"type":"Feature","geometry":{"type":"Point","coordinates":[-94.9803103,29.3615286]},"properties":{"year":1950,"period":"1950","kind":"VA"}},{"type":"Feature","geometry":{"type":"Point","coordinates":[-94.9852677,29.3625083]},"properties":{"year":1950,"period":"1950","kind":"VA"}},{"type":"Feature","geometry":{"type":"Point","coordinates":[-94.9844092,29.3619471]},"properties":{"year":1965,"period":"1965","kind":"FHA"}},{"type":"Feature","geometry":{"type":"Point","coordinates":[-94.9812789,29.3642997]},"properties":{"year":1950,"period":"1950","kind":"FHA"}},{"type":"Feature","geometry":{"type":"Point","coordinates":[-94.9873943,29.3831106]},"properties":{"year":1975,"period":"1975","kind":"FHA"}},{"type":"Feature","geometry":{"type":"Point","coordinates":[-94.9084137,29.3868006]},"properties":{"year":1975,"period":"1975","kind":"VA"}},{"type":"Feature","geometry":{"type":"Point","coordinates":[-94.9318377,29.4028406]},"properties":{"year":1975,"period":"1975","kind":"VA"}},{"type":"Feature","geometry":{"type":"Point","coordinates":[-94.9309406,29.4040652]},"properties":{"year":1975,"period":"1975","kind":"VA"}},{"type":"Feature","geometry":{"type":"Point","coordinates":[-94.9640768,29.3748686]},"properties":{"year":1970,"period":"1970","kind":"VA"}},{"type":"Feature","geometry":{"type":"Point","coordinates":[-95.0719168,29.4633877]},"properties":{"year":1960,"period":"1960","kind":"VA"}},{"type":"Feature","geometry":{"type":"Point","coordinates":[-95.0719168,29.4633877]},"properties":{"year":1960,"period":"1960","kind":"VA"}},{"type":"Feature","geometry":{"type":"Point","coordinates":[-95.2303351,29.4645893]},"properties":{"year":1975,"period":"1975","kind":"VA"}},{"type":"Feature","geometry":{"type":"Point","coordinates":[-95.2276956,29.4646374]},"properties":{"year":1975,"period":"1975","kind":"VA"}},{"type":"Feature","geometry":{"type":"Point","coordinates":[-94.9483615,29.3829099]},"properties":{"year":1975,"period":"1975","kind":"VA"}},{"type":"Feature","geometry":{"type":"Point","coordinates":[-95.1950608,29.4801319]},"properties":{"year":1975,"period":"1975","kind":"VA"}},{"type":"Feature","geometry":{"type":"Point","coordinates":[-95.0185541,29.5427766]},"properties":{"year":1970,"period":"1970","kind":"VA"}},{"type":"Feature","geometry":{"type":"Point","coordinates":[-95.1084879,29.503265]},"properties":{"year":1975,"period":"1975","kind":"VA"}},{"type":"Feature","geometry":{"type":"Point","coordinates":[-95.0155373,29.4660364]},"properties":{"year":1975,"period":"1975","kind":"VA"}},{"type":"Feature","geometry":{"type":"Point","coordinates":[-95.0180031,29.4667447]},"properties":{"year":1970,"period":"1970","kind":"VA"}},{"type":"Feature","geometry":{"type":"Point","coordinates":[-95.0155373,29.4660364]},"properties":{"year":1975,"period":"1975","kind":"VA"}},{"type":"Feature","geometry":{"type":"Point","coordinates":[-94.8065678,29.2883959]},"properties":{"year":1970,"period":"1970","kind":"VA"}},{"type":"Feature","geometry":{"type":"Point","coordinates":[-94.8065678,29.2883959]},"properties":{"year":1970,"period":"1970","kind":"VA"}},{"type":"Feature","geometry":{"type":"Point","coordinates":[-94.9781502,29.368776]},"properties":{"year":1950,"period":"1950","kind":"VA"}},{"type":"Feature","geometry":{"type":"Point","coordinates":[-94.9786171,29.3694599]},"properties":{"year":1950,"period":"1950","kind":"VA"}},{"type":"Feature","geometry":{"type":"Point","coordinates":[-94.9780611,29.36959169999999]},"properties":{"year":1950,"period":"1950","kind":"VA"}},{"type":"Feature","geometry":{"type":"Point","coordinates":[-94.97863540000002,29.369595]},"properties":{"year":1950,"period":"1950","kind":"VA"}},{"type":"Feature","geometry":{"type":"Point","coordinates":[-95.0249465,29.340058]},"properties":{"year":1970,"period":"1970","kind":"VA"}},{"type":"Feature","geometry":{"type":"Point","coordinates":[-95.0242044,29.3416841]},"properties":{"year":1975,"period":"1975","kind":"VA"}},{"type":"Feature","geometry":{"type":"Point","coordinates":[-95.2163462,29.5435049]},"properties":{"year":1970,"period":"1970","kind":"VA"}},{"type":"Feature","geometry":{"type":"Point","coordinates":[-95.2157522,29.5441017]},"properties":{"year":1970,"period":"1970","kind":"VA"}},{"type":"Feature","geometry":{"type":"Point","coordinates":[-94.8193109,29.291179]},"properties":{"year":1940,"period":"1935-40","kind":"FHA"}},{"type":"Feature","geometry":{"type":"Point","coordinates":[-94.8199246,29.2910333]},"properties":{"year":1940,"period":"1935-40","kind":"FHA"}},{"type":"Feature","geometry":{"type":"Point","coordinates":[-94.8205938,29.2912812]},"properties":{"year":1940,"period":"1935-40","kind":"FHA"}},{"type":"Feature","geometry":{"type":"Point","coordinates":[-94.8209047,29.290765]},"properties":{"year":1940,"period":"1935-40","kind":"FHA"}},{"type":"Feature","geometry":{"type":"Point","coordinates":[-94.8217491,29.2909744]},"properties":{"year":1940,"period":"1935-40","kind":"FHA"}},{"type":"Feature","geometry":{"type":"Point","coordinates":[-94.8200486,29.2913978]},"properties":{"year":1940,"period":"1935-40","kind":"FHA"}},{"type":"Feature","geometry":{"type":"Point","coordinates":[-94.8198911,29.2914341]},"properties":{"year":1940,"period":"1935-40","kind":"FHA"}},{"type":"Feature","geometry":{"type":"Point","coordinates":[-94.8194457,29.2915525]},"properties":{"year":1940,"period":"1935-40","kind":"FHA"}},{"type":"Feature","geometry":{"type":"Point","coordinates":[-94.8194712,29.29115209999999]},"properties":{"year":1940,"period":"1935-40","kind":"FHA"}},{"type":"Feature","geometry":{"type":"Point","coordinates":[-94.8210487,29.2911635]},"properties":{"year":1940,"period":"1935-40","kind":"FHA"}},{"type":"Feature","geometry":{"type":"Point","coordinates":[-94.8207432,29.2912211]},"properties":{"year":1940,"period":"1935-40","kind":"FHA"}},{"type":"Feature","geometry":{"type":"Point","coordinates":[-94.8207602,29.2908105]},"properties":{"year":1940,"period":"1935-40","kind":"FHA"}},{"type":"Feature","geometry":{"type":"Point","coordinates":[-94.8210596,29.2907198]},"properties":{"year":1940,"period":"1935-40","kind":"FHA"}},{"type":"Feature","geometry":{"type":"Point","coordinates":[-94.8216112,29.2906044]},"properties":{"year":1940,"period":"1935-40","kind":"FHA"}},{"type":"Feature","geometry":{"type":"Point","coordinates":[-94.8219111,29.2905158]},"properties":{"year":1940,"period":"1935-40","kind":"FHA"}},{"type":"Feature","geometry":{"type":"Point","coordinates":[-95.0604458,29.4476553]},"properties":{"year":1975,"period":"1975","kind":"VA"}},{"type":"Feature","geometry":{"type":"Point","coordinates":[-95.0605189,29.4516847]},"properties":{"year":1975,"period":"1975","kind":"VA"}},{"type":"Feature","geometry":{"type":"Point","coordinates":[-94.9142899,29.3895545]},"properties":{"year":1965,"period":"1965","kind":"FHA"}},{"type":"Feature","geometry":{"type":"Point","coordinates":[-94.9144687,29.390661]},"properties":{"year":1960,"period":"1960","kind":"FHA"}},{"type":"Feature","geometry":{"type":"Point","coordinates":[-94.9188205,29.3871436]},"properties":{"year":1950,"period":"1950","kind":"VA"}},{"type":"Feature","geometry":{"type":"Point","coordinates":[-94.9187815,29.3873176]},"properties":{"year":1950,"period":"1950","kind":"VA"}},{"type":"Feature","geometry":{"type":"Point","coordinates":[-94.9187948,29.3874883]},"properties":{"year":1950,"period":"1950","kind":"VA"}},{"type":"Feature","geometry":{"type":"Point","coordinates":[-94.9188091,29.3876628]},"properties":{"year":1950,"period":"1950","kind":"VA"}},{"type":"Feature","geometry":{"type":"Point","coordinates":[-94.918808,29.3878377]},"properties":{"year":1950,"period":"1950","kind":"VA"}},{"type":"Feature","geometry":{"type":"Point","coordinates":[-94.9187839,29.388004]},"properties":{"year":1950,"period":"1950","kind":"VA"}},{"type":"Feature","geometry":{"type":"Point","coordinates":[-94.9187997,29.3886648]},"properties":{"year":1950,"period":"1950","kind":"VA"}},{"type":"Feature","geometry":{"type":"Point","coordinates":[-94.9187883,29.388845]},"properties":{"year":1950,"period":"1950","kind":"VA"}},{"type":"Feature","geometry":{"type":"Point","coordinates":[-94.9142124,29.3875061]},"properties":{"year":1950,"period":"1950","kind":"VA"}},{"type":"Feature","geometry":{"type":"Point","coordinates":[-94.9142381,29.3881959]},"properties":{"year":1950,"period":"1950","kind":"VA"}},{"type":"Feature","geometry":{"type":"Point","coordinates":[-94.9166512,29.3864187]},"properties":{"year":1950,"period":"1950","kind":"VA"}},{"type":"Feature","geometry":{"type":"Point","coordinates":[-94.9170232,29.3864124]},"properties":{"year":1950,"period":"1950","kind":"VA"}},{"type":"Feature","geometry":{"type":"Point","coordinates":[-94.9179702,29.3864062]},"properties":{"year":1950,"period":"1950","kind":"VA"}},{"type":"Feature","geometry":{"type":"Point","coordinates":[-94.9152604,29.3873057]},"properties":{"year":1950,"period":"1950","kind":"VA"}},{"type":"Feature","geometry":{"type":"Point","coordinates":[-94.9154603,29.3872963]},"properties":{"year":1950,"period":"1950","kind":"VA"}},{"type":"Feature","geometry":{"type":"Point","coordinates":[-94.915642,29.3873065]},"properties":{"year":1950,"period":"1950","kind":"VA"}},{"type":"Feature","geometry":{"type":"Point","coordinates":[-94.9160691,29.3873025]},"properties":{"year":1950,"period":"1950","kind":"VA"}},{"type":"Feature","geometry":{"type":"Point","coordinates":[-94.916261,29.3872996]},"properties":{"year":1950,"period":"1950","kind":"VA"}},{"type":"Feature","geometry":{"type":"Point","coordinates":[-94.9181567,29.3868521]},"properties":{"year":1950,"period":"1950","kind":"VA"}},{"type":"Feature","geometry":{"type":"Point","coordinates":[-94.9174017,29.3868619]},"properties":{"year":1950,"period":"1950","kind":"VA"}},{"type":"Feature","geometry":{"type":"Point","coordinates":[-94.9172093,29.386874]},"properties":{"year":1950,"period":"1950","kind":"VA"}},{"type":"Feature","geometry":{"type":"Point","coordinates":[-94.9170197,29.386872]},"properties":{"year":1950,"period":"1950","kind":"VA"}},{"type":"Feature","geometry":{"type":"Point","coordinates":[-94.9166574,29.3869092]},"properties":{"year":1950,"period":"1950","kind":"VA"}},{"type":"Feature","geometry":{"type":"Point","coordinates":[-94.9174005,29.3872654]},"properties":{"year":1950,"period":"1950","kind":"VA"}},{"type":"Feature","geometry":{"type":"Point","coordinates":[-94.917781,29.3872779]},"properties":{"year":1950,"period":"1950","kind":"VA"}},{"type":"Feature","geometry":{"type":"Point","coordinates":[-94.9168431,29.3881293]},"properties":{"year":1950,"period":"1950","kind":"VA"}},{"type":"Feature","geometry":{"type":"Point","coordinates":[-94.9172271,29.3881214]},"properties":{"year":1950,"period":"1950","kind":"VA"}},{"type":"Feature","geometry":{"type":"Point","coordinates":[-94.9174282,29.3881121]},"properties":{"year":1950,"period":"1950","kind":"VA"}},{"type":"Feature","geometry":{"type":"Point","coordinates":[-94.9176035,29.3881317]},"properties":{"year":1950,"period":"1950","kind":"VA"}},{"type":"Feature","geometry":{"type":"Point","coordinates":[-94.9148661,29.3881792]},"properties":{"year":1950,"period":"1950","kind":"VA"}},{"type":"Feature","geometry":{"type":"Point","coordinates":[-94.915339,29.3890012]},"properties":{"year":1950,"period":"1950","kind":"VA"}},{"type":"Feature","geometry":{"type":"Point","coordinates":[-94.9155248,29.3890098]},"properties":{"year":1950,"period":"1950","kind":"VA"}},{"type":"Feature","geometry":{"type":"Point","coordinates":[-94.9157052,29.38902389999999]},"properties":{"year":1950,"period":"1950","kind":"VA"}},{"type":"Feature","geometry":{"type":"Point","coordinates":[-94.9159042,29.3890004]},"properties":{"year":1950,"period":"1950","kind":"VA"}},{"type":"Feature","geometry":{"type":"Point","coordinates":[-94.9181848,29.3885719]},"properties":{"year":1950,"period":"1950","kind":"VA"}},{"type":"Feature","geometry":{"type":"Point","coordinates":[-94.917041,29.3889817]},"properties":{"year":1950,"period":"1950","kind":"VA"}},{"type":"Feature","geometry":{"type":"Point","coordinates":[-94.9172272,29.38900109999999]},"properties":{"year":1950,"period":"1950","kind":"VA"}},{"type":"Feature","geometry":{"type":"Point","coordinates":[-94.9176104,29.3889827]},"properties":{"year":1950,"period":"1950","kind":"VA"}},{"type":"Feature","geometry":{"type":"Point","coordinates":[-94.9183479,29.3889941]},"properties":{"year":1950,"period":"1950","kind":"VA"}},{"type":"Feature","geometry":{"type":"Point","coordinates":[-94.9176035,29.3881317]},"properties":{"year":1950,"period":"1950","kind":"FHA"}},{"type":"Feature","geometry":{"type":"Point","coordinates":[-95.1636378,29.4567205]},"properties":{"year":1970,"period":"1970","kind":"VA"}},{"type":"Feature","geometry":{"type":"Point","coordinates":[-95.1637736,29.4580921]},"properties":{"year":1975,"period":"1975","kind":"FHA"}},{"type":"Feature","geometry":{"type":"Point","coordinates":[-95.1639927,29.4581003]},"properties":{"year":1970,"period":"1970","kind":"VA"}},{"type":"Feature","geometry":{"type":"Point","coordinates":[-95.0241989,29.3746752]},"properties":{"year":1975,"period":"1975","kind":"FHA"}},{"type":"Feature","geometry":{"type":"Point","coordinates":[-94.9205316,29.4059308]},"properties":{"year":1975,"period":"1975","kind":"VA"}},{"type":"Feature","geometry":{"type":"Point","coordinates":[-95.021959,29.373543]},"properties":{"year":1975,"period":"1975","kind":"VA"}},{"type":"Feature","geometry":{"type":"Point","coordinates":[-94.9199904,29.4002861]},"properties":{"year":1950,"period":"1950","kind":"FHA"}},{"type":"Feature","geometry":{"type":"Point","coordinates":[-94.919595,29.3874846]},"properties":{"year":1975,"period":"1975","kind":"FHA"}},{"type":"Feature","geometry":{"type":"Point","coordinates":[-94.919595,29.3874846]},"properties":{"year":1975,"period":"1975","kind":"FHA"}},{"type":"Feature","geometry":{"type":"Point","coordinates":[-94.922128,29.3860067]},"properties":{"year":1970,"period":"1970","kind":"VA"}},{"type":"Feature","geometry":{"type":"Point","coordinates":[-94.9208019,29.3859891]},"properties":{"year":1970,"period":"1970","kind":"VA"}},{"type":"Feature","geometry":{"type":"Point","coordinates":[-94.9211813,29.3872735]},"properties":{"year":1970,"period":"1970","kind":"FHA"}},{"type":"Feature","geometry":{"type":"Point","coordinates":[-94.9217506,29.3876834]},"properties":{"year":1970,"period":"1970","kind":"FHA"}},{"type":"Feature","geometry":{"type":"Point","coordinates":[-94.9212051,29.3885677]},"properties":{"year":1975,"period":"1975","kind":"FHA"}},{"type":"Feature","geometry":{"type":"Point","coordinates":[-94.9238521,29.3868069]},"properties":{"year":1970,"period":"1970","kind":"FHA"}},{"type":"Feature","geometry":{"type":"Point","coordinates":[-94.923658,29.3872467]},"properties":{"year":1975,"period":"1975","kind":"VA"}},{"type":"Feature","geometry":{"type":"Point","coordinates":[-94.9247848,29.3863519]},"properties":{"year":1970,"period":"1970","kind":"VA"}},{"type":"Feature","geometry":{"type":"Point","coordinates":[-94.9235901,29.3855276]},"properties":{"year":1970,"period":"1970","kind":"VA"}},{"type":"Feature","geometry":{"type":"Point","coordinates":[-94.9235901,29.3855276]},"properties":{"year":1970,"period":"1970","kind":"VA"}},{"type":"Feature","geometry":{"type":"Point","coordinates":[-94.924211,29.3868494]},"properties":{"year":1975,"period":"1975","kind":"VA"}},{"type":"Feature","geometry":{"type":"Point","coordinates":[-94.9245628,29.3855205]},"properties":{"year":1975,"period":"1975","kind":"FHA"}},{"type":"Feature","geometry":{"type":"Point","coordinates":[-94.9232526,29.3992913]},"properties":{"year":1950,"period":"1950","kind":"FHA"}},{"type":"Feature","geometry":{"type":"Point","coordinates":[-94.9224967,29.399314]},"properties":{"year":1950,"period":"1950","kind":"FHA"}},{"type":"Feature","geometry":{"type":"Point","coordinates":[-94.9209119,29.4002894]},"properties":{"year":1950,"period":"1950","kind":"FHA"}},{"type":"Feature","geometry":{"type":"Point","coordinates":[-94.9208,29.3983225]},"properties":{"year":1965,"period":"1965","kind":"FHA"}},{"type":"Feature","geometry":{"type":"Point","coordinates":[-94.923091,29.3868856]},"properties":{"year":1965,"period":"1965","kind":"FHA"}},{"type":"Feature","geometry":{"type":"Point","coordinates":[-95.1665557,29.4562153]},"properties":{"year":1960,"period":"1960","kind":"VA"}},{"type":"Feature","geometry":{"type":"Point","coordinates":[-95.1665557,29.4562153]},"properties":{"year":1960,"period":"1960","kind":"VA"}},{"type":"Feature","geometry":{"type":"Point","coordinates":[-94.9187883,29.388845]},"properties":{"year":1950,"period":"1950","kind":"FHA"}},{"type":"Feature","geometry":{"type":"Point","coordinates":[-94.9213631,29.3973882]},"properties":{"year":1960,"period":"1960","kind":"FHA"}},{"type":"Feature","geometry":{"type":"Point","coordinates":[-94.9211621,29.3973882]},"properties":{"year":1965,"period":"1965","kind":"FHA"}},{"type":"Feature","geometry":{"type":"Point","coordinates":[-94.9205982,29.3983593]},"properties":{"year":1965,"period":"1965","kind":"FHA"}},{"type":"Feature","geometry":{"type":"Point","coordinates":[-94.9198603,29.3993045]},"properties":{"year":1950,"period":"1950","kind":"FHA"}},{"type":"Feature","geometry":{"type":"Point","coordinates":[-94.9196594,29.3992901]},"properties":{"year":1950,"period":"1950","kind":"VA"}},{"type":"Feature","geometry":{"type":"Point","coordinates":[-94.9196594,29.3992901]},"properties":{"year":1960,"period":"1960","kind":"FHA"}},{"type":"Feature","geometry":{"type":"Point","coordinates":[-94.9196746,29.3998046]},"properties":{"year":1950,"period":"1950","kind":"FHA"}},{"type":"Feature","geometry":{"type":"Point","coordinates":[-94.9230654,29.3992954]},"properties":{"year":1950,"period":"1950","kind":"VA"}},{"type":"Feature","geometry":{"type":"Point","coordinates":[-94.9228786,29.3992959]},"properties":{"year":1950,"period":"1950","kind":"FHA"}},{"type":"Feature","geometry":{"type":"Point","coordinates":[-94.9177971,29.38811219999999]},"properties":{"year":1960,"period":"1960","kind":"FHA"}},{"type":"Feature","geometry":{"type":"Point","coordinates":[-94.9230762,29.3998048]},"properties":{"year":1960,"period":"1960","kind":"FHA"}},{"type":"Feature","geometry":{"type":"Point","coordinates":[-94.9234433,29.3997906]},"properties":{"year":1950,"period":"1950","kind":"VA"}},{"type":"Feature","geometry":{"type":"Point","coordinates":[-94.924558,29.3983493]},"properties":{"year":1950,"period":"1950","kind":"VA"}},{"type":"Feature","geometry":{"type":"Point","coordinates":[-94.9242113,29.3983413]},"properties":{"year":1950,"period":"1950","kind":"FHA"}},{"type":"Feature","geometry":{"type":"Point","coordinates":[-94.9236279,29.3983215]},"properties":{"year":1950,"period":"1950","kind":"VA"}},{"type":"Feature","geometry":{"type":"Point","coordinates":[-94.9226895,29.3988392]},"properties":{"year":1950,"period":"1950","kind":"FHA"}},{"type":"Feature","geometry":{"type":"Point","coordinates":[-94.9156982,29.3885984]},"properties":{"year":1950,"period":"1950","kind":"VA"}},{"type":"Feature","geometry":{"type":"Point","coordinates":[-94.9226775,29.397898]},"properties":{"year":1950,"period":"1950","kind":"FHA"}},{"type":"Feature","geometry":{"type":"Point","coordinates":[-94.9226816,29.3851404]},"properties":{"year":1960,"period":"1960","kind":"FHA"}},{"type":"Feature","geometry":{"type":"Point","coordinates":[-94.9221179,29.3855417]},"properties":{"year":1960,"period":"1960","kind":"FHA"}},{"type":"Feature","geometry":{"type":"Point","coordinates":[-94.9226975,29.3863788]},"properties":{"year":1960,"period":"1960","kind":"FHA"}},{"type":"Feature","geometry":{"type":"Point","coordinates":[-94.9221282,29.3872612]},"properties":{"year":1965,"period":"1965","kind":"FHA"}},{"type":"Feature","geometry":{"type":"Point","coordinates":[-94.9217506,29.3876834]},"properties":{"year":1960,"period":"1960","kind":"FHA"}},{"type":"Feature","geometry":{"type":"Point","coordinates":[-94.9246035,29.3863656]},"properties":{"year":1960,"period":"1960","kind":"FHA"}},{"type":"Feature","geometry":{"type":"Point","coordinates":[-94.920043,29.3864127]},"properties":{"year":1965,"period":"1965","kind":"FHA"}},{"type":"Feature","geometry":{"type":"Point","coordinates":[-94.9213718,29.3864149]},"properties":{"year":1965,"period":"1965","kind":"FHA"}},{"type":"Feature","geometry":{"type":"Point","coordinates":[-94.9223321,29.3872181]},"properties":{"year":1960,"period":"1960","kind":"FHA"}},{"type":"Feature","geometry":{"type":"Point","coordinates":[-94.9188205,29.3871436]},"properties":{"year":1950,"period":"1950","kind":"FHA"}},{"type":"Feature","geometry":{"type":"Point","coordinates":[-94.9187815,29.3873176]},"properties":{"year":1950,"period":"1950","kind":"FHA"}},{"type":"Feature","geometry":{"type":"Point","coordinates":[-94.918808,29.3878377]},"properties":{"year":1950,"period":"1950","kind":"FHA"}},{"type":"Feature","geometry":{"type":"Point","coordinates":[-94.9187839,29.388004]},"properties":{"year":1950,"period":"1950","kind":"FHA"}},{"type":"Feature","geometry":{"type":"Point","coordinates":[-94.9188012,29.3885095]},"properties":{"year":1950,"period":"1950","kind":"FHA"}},{"type":"Feature","geometry":{"type":"Point","coordinates":[-95.0995147,29.5032137]},"properties":{"year":1950,"period":"1950","kind":"FHA"}},{"type":"Feature","geometry":{"type":"Point","coordinates":[-94.9142381,29.3881959]},"properties":{"year":1950,"period":"1950","kind":"FHA"}},{"type":"Feature","geometry":{"type":"Point","coordinates":[-94.9205982,29.3983593]},"properties":{"year":1950,"period":"1950","kind":"FHA"}},{"type":"Feature","geometry":{"type":"Point","coordinates":[-94.9204206,29.3983388]},"properties":{"year":1950,"period":"1950","kind":"VA"}},{"type":"Feature","geometry":{"type":"Point","coordinates":[-94.9200224,29.3983646]},"properties":{"year":1950,"period":"1950","kind":"FHA"}},{"type":"Feature","geometry":{"type":"Point","coordinates":[-94.9202312,29.3993005]},"properties":{"year":1950,"period":"1950","kind":"VA"}},{"type":"Feature","geometry":{"type":"Point","coordinates":[-94.9202312,29.3993005]},"properties":{"year":1950,"period":"1950","kind":"FHA"}},{"type":"Feature","geometry":{"type":"Point","coordinates":[-94.9175888,29.3872802]},"properties":{"year":1950,"period":"1950","kind":"FHA"}},{"type":"Feature","geometry":{"type":"Point","coordinates":[-94.9198605,29.3998142]},"properties":{"year":1950,"period":"1950","kind":"FHA"}},{"type":"Feature","geometry":{"type":"Point","coordinates":[-94.9198605,29.3998142]},"properties":{"year":1950,"period":"1950","kind":"VA"}},{"type":"Feature","geometry":{"type":"Point","coordinates":[-94.9200691,29.3997736]},"properties":{"year":1950,"period":"1950","kind":"FHA"}},{"type":"Feature","geometry":{"type":"Point","coordinates":[-94.9200691,29.3997736]},"properties":{"year":1950,"period":"1950","kind":"VA"}},{"type":"Feature","geometry":{"type":"Point","coordinates":[-94.9183412,29.3872807]},"properties":{"year":1950,"period":"1950","kind":"VA"}},{"type":"Feature","geometry":{"type":"Point","coordinates":[-94.9183412,29.3872807]},"properties":{"year":1950,"period":"1950","kind":"FHA"}},{"type":"Feature","geometry":{"type":"Point","coordinates":[-94.9249305,29.3993148]},"properties":{"year":1950,"period":"1950","kind":"VA"}},{"type":"Feature","geometry":{"type":"Point","coordinates":[-94.9249305,29.3993148]},"properties":{"year":1950,"period":"1950","kind":"FHA"}},{"type":"Feature","geometry":{"type":"Point","coordinates":[-94.9247514,29.3992686]},"properties":{"year":1950,"period":"1950","kind":"VA"}},{"type":"Feature","geometry":{"type":"Point","coordinates":[-94.9247514,29.3992686]},"properties":{"year":1950,"period":"1950","kind":"FHA"}},{"type":"Feature","geometry":{"type":"Point","coordinates":[-94.9245815,29.3992634]},"properties":{"year":1950,"period":"1950","kind":"FHA"}},{"type":"Feature","geometry":{"type":"Point","coordinates":[-94.9245815,29.3992634]},"properties":{"year":1950,"period":"1950","kind":"VA"}},{"type":"Feature","geometry":{"type":"Point","coordinates":[-94.9241879,29.3993232]},"properties":{"year":1950,"period":"1950","kind":"VA"}},{"type":"Feature","geometry":{"type":"Point","coordinates":[-94.9241879,29.3993232]},"properties":{"year":1950,"period":"1950","kind":"FHA"}},{"type":"Feature","geometry":{"type":"Point","coordinates":[-94.9240095,29.3992868]},"properties":{"year":1950,"period":"1950","kind":"FHA"}},{"type":"Feature","geometry":{"type":"Point","coordinates":[-94.9237962,29.3992916]},"properties":{"year":1950,"period":"1950","kind":"VA"}},{"type":"Feature","geometry":{"type":"Point","coordinates":[-94.9237962,29.3992916]},"properties":{"year":1950,"period":"1950","kind":"FHA"}},{"type":"Feature","geometry":{"type":"Point","coordinates":[-94.9236377,29.3992878]},"properties":{"year":1950,"period":"1950","kind":"FHA"}},{"type":"Feature","geometry":{"type":"Point","coordinates":[-94.9234411,29.3992857]},"properties":{"year":1950,"period":"1950","kind":"VA"}},{"type":"Feature","geometry":{"type":"Point","coordinates":[-94.9234411,29.3992857]},"properties":{"year":1950,"period":"1950","kind":"FHA"}},{"type":"Feature","geometry":{"type":"Point","coordinates":[-94.9232526,29.3992913]},"properties":{"year":1950,"period":"1950","kind":"VA"}},{"type":"Feature","geometry":{"type":"Point","coordinates":[-94.9230654,29.3992954]},"properties":{"year":1950,"period":"1950","kind":"FHA"}},{"type":"Feature","geometry":{"type":"Point","coordinates":[-94.9225252,29.3997715]},"properties":{"year":1950,"period":"1950","kind":"FHA"}},{"type":"Feature","geometry":{"type":"Point","coordinates":[-94.9230762,29.3998048]},"properties":{"year":1950,"period":"1950","kind":"FHA"}},{"type":"Feature","geometry":{"type":"Point","coordinates":[-94.9230762,29.3998048]},"properties":{"year":1950,"period":"1950","kind":"VA"}},{"type":"Feature","geometry":{"type":"Point","coordinates":[-94.9232605,29.399777]},"properties":{"year":1950,"period":"1950","kind":"FHA"}},{"type":"Feature","geometry":{"type":"Point","coordinates":[-94.9234433,29.3997906]},"properties":{"year":1950,"period":"1950","kind":"FHA"}},{"type":"Feature","geometry":{"type":"Point","coordinates":[-94.9249296,29.3983389]},"properties":{"year":1950,"period":"1950","kind":"VA"}},{"type":"Feature","geometry":{"type":"Point","coordinates":[-94.9152695,29.38771999999999]},"properties":{"year":1950,"period":"1950","kind":"VA"}},{"type":"Feature","geometry":{"type":"Point","coordinates":[-94.9238071,29.3983396]},"properties":{"year":1950,"period":"1950","kind":"VA"}},{"type":"Feature","geometry":{"type":"Point","coordinates":[-94.9234412,29.3983419]},"properties":{"year":1950,"period":"1950","kind":"VA"}},{"type":"Feature","geometry":{"type":"Point","coordinates":[-94.9226819,29.3983318]},"properties":{"year":1950,"period":"1950","kind":"FHA"}},{"type":"Feature","geometry":{"type":"Point","coordinates":[-94.9152908,29.3885699]},"properties":{"year":1950,"period":"1950","kind":"VA"}},{"type":"Feature","geometry":{"type":"Point","coordinates":[-94.9150521,29.3885887]},"properties":{"year":1965,"period":"1965","kind":"FHA"}},{"type":"Feature","geometry":{"type":"Point","coordinates":[-94.922117,29.40035259999999]},"properties":{"year":1950,"period":"1950","kind":"VA"}},{"type":"Feature","geometry":{"type":"Point","coordinates":[-94.922117,29.40035259999999]},"properties":{"year":1950,"period":"1950","kind":"FHA"}},{"type":"Feature","geometry":{"type":"Point","coordinates":[-94.9218274,29.4003565]},"properties":{"year":1950,"period":"1950","kind":"FHA"}},{"type":"Feature","geometry":{"type":"Point","coordinates":[-94.9216478,29.4002707]},"properties":{"year":1950,"period":"1950","kind":"VA"}},{"type":"Feature","geometry":{"type":"Point","coordinates":[-94.9216478,29.4002707]},"properties":{"year":1950,"period":"1950","kind":"FHA"}},{"type":"Feature","geometry":{"type":"Point","coordinates":[-94.9213934,29.4003335]},"properties":{"year":1950,"period":"1950","kind":"VA"}},{"type":"Feature","geometry":{"type":"Point","coordinates":[-94.9213934,29.4003335]},"properties":{"year":1950,"period":"1950","kind":"VA"}},{"type":"Feature","geometry":{"type":"Point","coordinates":[-94.9213934,29.4003335]},"properties":{"year":1950,"period":"1950","kind":"FHA"}},{"type":"Feature","geometry":{"type":"Point","coordinates":[-94.9211779,29.4002961]},"properties":{"year":1950,"period":"1950","kind":"VA"}},{"type":"Feature","geometry":{"type":"Point","coordinates":[-94.9211779,29.4002961]},"properties":{"year":1950,"period":"1950","kind":"FHA"}},{"type":"Feature","geometry":{"type":"Point","coordinates":[-94.9209119,29.4002894]},"properties":{"year":1950,"period":"1950","kind":"VA"}},{"type":"Feature","geometry":{"type":"Point","coordinates":[-94.9206678,29.400295]},"properties":{"year":1950,"period":"1950","kind":"VA"}},{"type":"Feature","geometry":{"type":"Point","coordinates":[-94.9204686,29.4002934]},"properties":{"year":1950,"period":"1950","kind":"VA"}},{"type":"Feature","geometry":{"type":"Point","coordinates":[-94.9204686,29.4002934]},"properties":{"year":1950,"period":"1950","kind":"FHA"}},{"type":"Feature","geometry":{"type":"Point","coordinates":[-94.9202295,29.4002747]},"properties":{"year":1950,"period":"1950","kind":"VA"}},{"type":"Feature","geometry":{"type":"Point","coordinates":[-94.9202295,29.4002747]},"properties":{"year":1950,"period":"1950","kind":"FHA"}},{"type":"Feature","geometry":{"type":"Point","coordinates":[-94.9199904,29.4002861]},"properties":{"year":1950,"period":"1950","kind":"VA"}},{"type":"Feature","geometry":{"type":"Point","coordinates":[-94.9207006,29.4007884]},"properties":{"year":1950,"period":"1950","kind":"VA"}},{"type":"Feature","geometry":{"type":"Point","coordinates":[-94.9240381,29.3855498]},"properties":{"year":1965,"period":"1965","kind":"FHA"}},{"type":"Feature","geometry":{"type":"Point","coordinates":[-94.9783158,29.3582923]},"properties":{"year":1950,"period":"1950","kind":"VA"}},{"type":"Feature","geometry":{"type":"Point","coordinates":[-94.9783518,29.3588775]},"properties":{"year":1975,"period":"1975","kind":"FHA"}},{"type":"Feature","geometry":{"type":"Point","coordinates":[-95.0875159,29.3665468]},"properties":{"year":1975,"period":"1975","kind":"VA"}},{"type":"Feature","geometry":{"type":"Point","coordinates":[-94.8609718,29.2942187]},"properties":{"year":1975,"period":"1975","kind":"VA"}},{"type":"Feature","geometry":{"type":"Point","coordinates":[-95.0882517,29.367061]},"properties":{"year":1970,"period":"1970","kind":"VA"}},{"type":"Feature","geometry":{"type":"Point","coordinates":[-94.9357259,29.3873604]},"properties":{"year":1975,"period":"1975","kind":"VA"}},{"type":"Feature","geometry":{"type":"Point","coordinates":[-94.9345915,29.3877799]},"properties":{"year":1970,"period":"1970","kind":"FHA"}},{"type":"Feature","geometry":{"type":"Point","coordinates":[-94.9362086,29.40455309999999]},"properties":{"year":1975,"period":"1975","kind":"VA"}},{"type":"Feature","geometry":{"type":"Point","coordinates":[-94.9351876,29.4049374]},"properties":{"year":1970,"period":"1970","kind":"FHA"}},{"type":"Feature","geometry":{"type":"Point","coordinates":[-94.9353951,29.4049355]},"properties":{"year":1970,"period":"1970","kind":"VA"}},{"type":"Feature","geometry":{"type":"Point","coordinates":[-94.9353951,29.4049355]},"properties":{"year":1975,"period":"1975","kind":"VA"}},{"type":"Feature","geometry":{"type":"Point","coordinates":[-94.9356004,29.4049385]},"properties":{"year":1970,"period":"1970","kind":"VA"}},{"type":"Feature","geometry":{"type":"Point","coordinates":[-94.9358029,29.40493]},"properties":{"year":1970,"period":"1970","kind":"VA"}},{"type":"Feature","geometry":{"type":"Point","coordinates":[-94.9360088,29.4049312]},"properties":{"year":1970,"period":"1970","kind":"VA"}},{"type":"Feature","geometry":{"type":"Point","coordinates":[-94.9734751,29.36963309999999]},"properties":{"year":1960,"period":"1960","kind":"FHA"}},{"type":"Feature","geometry":{"type":"Point","coordinates":[-94.9729485,29.3703294]},"properties":{"year":1960,"period":"1960","kind":"FHA"}},{"type":"Feature","geometry":{"type":"Point","coordinates":[-94.9729828,29.3694251]},"properties":{"year":1950,"period":"1950","kind":"VA"}},{"type":"Feature","geometry":{"type":"Point","coordinates":[-94.9388123,29.4008716]},"properties":{"year":1965,"period":"1965","kind":"FHA"}},{"type":"Feature","geometry":{"type":"Point","coordinates":[-94.937434,29.4009664]},"properties":{"year":1960,"period":"1960","kind":"FHA"}},{"type":"Feature","geometry":{"type":"Point","coordinates":[-95.0058602,29.3967313]},"properties":{"year":1960,"period":"1960","kind":"FHA"}},{"type":"Feature","geometry":{"type":"Point","coordinates":[-95.0063632,29.3963506]},"properties":{"year":1975,"period":"1975","kind":"VA"}},{"type":"Feature","geometry":{"type":"Point","coordinates":[-95.006342,29.39586]},"properties":{"year":1960,"period":"1960","kind":"FHA"}},{"type":"Feature","geometry":{"type":"Point","coordinates":[-95.0062969,29.3946247]},"properties":{"year":1965,"period":"1965","kind":"FHA"}},{"type":"Feature","geometry":{"type":"Point","coordinates":[-95.0062914,29.3937998]},"properties":{"year":1965,"period":"1965","kind":"FHA"}},{"type":"Feature","geometry":{"type":"Point","coordinates":[-95.0062705,29.3931727]},"properties":{"year":1965,"period":"1965","kind":"FHA"}},{"type":"Feature","geometry":{"type":"Point","coordinates":[-95.0058173,29.395545]},"properties":{"year":1970,"period":"1970","kind":"VA"}},{"type":"Feature","geometry":{"type":"Point","coordinates":[-95.005852,29.3957091]},"properties":{"year":1960,"period":"1960","kind":"FHA"}},{"type":"Feature","geometry":{"type":"Point","coordinates":[-95.005852,29.3957091]},"properties":{"year":1965,"period":"1965","kind":"FHA"}},{"type":"Feature","geometry":{"type":"Point","coordinates":[-95.0058564,29.3958762]},"properties":{"year":1960,"period":"1960","kind":"FHA"}},{"type":"Feature","geometry":{"type":"Point","coordinates":[-95.0058706,29.3960475]},"properties":{"year":1960,"period":"1960","kind":"FHA"}},{"type":"Feature","geometry":{"type":"Point","coordinates":[-95.0058706,29.3960475]},"properties":{"year":1965,"period":"1965","kind":"FHA"}},{"type":"Feature","geometry":{"type":"Point","coordinates":[-95.0058706,29.3960475]},"properties":{"year":1975,"period":"1975","kind":"VA"}},{"type":"Feature","geometry":{"type":"Point","coordinates":[-95.0058706,29.3960475]},"properties":{"year":1975,"period":"1975","kind":"VA"}},{"type":"Feature","geometry":{"type":"Point","coordinates":[-95.0055295,29.3941716]},"properties":{"year":1960,"period":"1960","kind":"FHA"}},{"type":"Feature","geometry":{"type":"Point","coordinates":[-95.0054645,29.3936572]},"properties":{"year":1950,"period":"1950","kind":"FHA"}},{"type":"Feature","geometry":{"type":"Point","coordinates":[-95.0054608,29.3934895]},"properties":{"year":1965,"period":"1965","kind":"FHA"}},{"type":"Feature","geometry":{"type":"Point","coordinates":[-95.0072438,29.3967182]},"properties":{"year":1975,"period":"1975","kind":"VA"}},{"type":"Feature","geometry":{"type":"Point","coordinates":[-95.0071748,29.3953539]},"properties":{"year":1975,"period":"1975","kind":"FHA"}},{"type":"Feature","geometry":{"type":"Point","coordinates":[-95.0071655,29.394117]},"properties":{"year":1970,"period":"1970","kind":"VA"}},{"type":"Feature","geometry":{"type":"Point","coordinates":[-95.0066372,29.3931414]},"properties":{"year":1970,"period":"1970","kind":"VA"}},{"type":"Feature","geometry":{"type":"Point","coordinates":[-95.0066615,29.3933086]},"properties":{"year":1970,"period":"1970","kind":"FHA"}},{"type":"Feature","geometry":{"type":"Point","coordinates":[-95.0066496,29.3937954]},"properties":{"year":1970,"period":"1970","kind":"FHA"}},{"type":"Feature","geometry":{"type":"Point","coordinates":[-95.0066873,29.3955531]},"properties":{"year":1975,"period":"1975","kind":"FHA"}},{"type":"Feature","geometry":{"type":"Point","coordinates":[-94.9883481,29.3655485]},"properties":{"year":1960,"period":"1960","kind":"FHA"}},{"type":"Feature","geometry":{"type":"Point","coordinates":[-95.004999,29.3931681]},"properties":{"year":1970,"period":"1970","kind":"VA"}},{"type":"Feature","geometry":{"type":"Point","coordinates":[-95.0072438,29.3967182]},"properties":{"year":1965,"period":"1965","kind":"FHA"}},{"type":"Feature","geometry":{"type":"Point","coordinates":[-95.0070336,29.3967108]},"properties":{"year":1965,"period":"1965","kind":"FHA"}},{"type":"Feature","geometry":{"type":"Point","coordinates":[-95.0066254,29.3967144]},"properties":{"year":1965,"period":"1965","kind":"FHA"}},{"type":"Feature","geometry":{"type":"Point","coordinates":[-95.0071358,29.3955328]},"properties":{"year":1965,"period":"1965","kind":"FHA"}},{"type":"Feature","geometry":{"type":"Point","coordinates":[-95.0067025,29.3960233]},"properties":{"year":1965,"period":"1965","kind":"FHA"}},{"type":"Feature","geometry":{"type":"Point","coordinates":[-95.0066953,29.39634359999999]},"properties":{"year":1965,"period":"1965","kind":"FHA"}},{"type":"Feature","geometry":{"type":"Point","coordinates":[-95.1670393,29.4561101]},"properties":{"year":1960,"period":"1960","kind":"FHA"}},{"type":"Feature","geometry":{"type":"Point","coordinates":[-95.013871,29.3890957]},"properties":{"year":1965,"period":"1965","kind":"FHA"}},{"type":"Feature","geometry":{"type":"Point","coordinates":[-95.1653228,29.4565158]},"properties":{"year":1975,"period":"1975","kind":"FHA"}},{"type":"Feature","geometry":{"type":"Point","coordinates":[-95.1668159,29.4580849]},"properties":{"year":1975,"period":"1975","kind":"VA"}},{"type":"Feature","geometry":{"type":"Point","coordinates":[-95.1668159,29.4580849]},"properties":{"year":1975,"period":"1975","kind":"VA"}},{"type":"Feature","geometry":{"type":"Point","coordinates":[-95.1671299,29.4580833]},"properties":{"year":1975,"period":"1975","kind":"VA"}},{"type":"Feature","geometry":{"type":"Point","coordinates":[-94.9877859,29.3638146]},"properties":{"year":1970,"period":"1970","kind":"VA"}},{"type":"Feature","geometry":{"type":"Point","coordinates":[-94.9894219,29.3662594]},"properties":{"year":1975,"period":"1975","kind":"FHA"}},{"type":"Feature","geometry":{"type":"Point","coordinates":[-94.9883884,29.3663893]},"properties":{"year":1975,"period":"1975","kind":"VA"}},{"type":"Feature","geometry":{"type":"Point","coordinates":[-94.9894382,29.366872]},"properties":{"year":1965,"period":"1965","kind":"FHA"}},{"type":"Feature","geometry":{"type":"Point","coordinates":[-94.9878406,29.36530089999999]},"properties":{"year":1965,"period":"1965","kind":"FHA"}},{"type":"Feature","geometry":{"type":"Point","coordinates":[-94.9878585,29.3646268]},"properties":{"year":1965,"period":"1965","kind":"FHA"}},{"type":"Feature","geometry":{"type":"Point","coordinates":[-94.9569122,29.4938585]},"properties":{"year":1965,"period":"1965","kind":"FHA"}},{"type":"Feature","geometry":{"type":"Point","coordinates":[-94.9280947,29.3810571]},"properties":{"year":1970,"period":"1970","kind":"FHA"}},{"type":"Feature","geometry":{"type":"Point","coordinates":[-94.9292702,29.3826668]},"properties":{"year":1965,"period":"1965","kind":"FHA"}},{"type":"Feature","geometry":{"type":"Point","coordinates":[-94.9539829,29.3716298]},"properties":{"year":1965,"period":"1965","kind":"VA"}},{"type":"Feature","geometry":{"type":"Point","coordinates":[-94.9539829,29.3716298]},"properties":{"year":1965,"period":"1965","kind":"VA"}},{"type":"Feature","geometry":{"type":"Point","coordinates":[-94.9538209,29.371733]},"properties":{"year":1965,"period":"1965","kind":"VA"}},{"type":"Feature","geometry":{"type":"Point","coordinates":[-94.9538209,29.371733]},"properties":{"year":1965,"period":"1965","kind":"VA"}},{"type":"Feature","geometry":{"type":"Point","coordinates":[-94.9536868,29.3712908]},"properties":{"year":1965,"period":"1965","kind":"FHA"}},{"type":"Feature","geometry":{"type":"Point","coordinates":[-94.9543087,29.3714249]},"properties":{"year":1975,"period":"1975","kind":"VA"}},{"type":"Feature","geometry":{"type":"Point","coordinates":[-94.9552405,29.497724]},"properties":{"year":1960,"period":"1960","kind":"VA"}},{"type":"Feature","geometry":{"type":"Point","coordinates":[-94.9552405,29.497724]},"properties":{"year":1960,"period":"1960","kind":"VA"}},{"type":"Feature","geometry":{"type":"Point","coordinates":[-94.9532054,29.3710681]},"properties":{"year":1965,"period":"1965","kind":"VA"}},{"type":"Feature","geometry":{"type":"Point","coordinates":[-94.9532054,29.3710681]},"properties":{"year":1965,"period":"1965","kind":"VA"}},{"type":"Feature","geometry":{"type":"Point","coordinates":[-94.9207622,29.4037452]},"properties":{"year":1975,"period":"1975","kind":"VA"}},{"type":"Feature","geometry":{"type":"Point","coordinates":[-94.9217438,29.3983215]},"properties":{"year":1970,"period":"1970","kind":"VA"}},{"type":"Feature","geometry":{"type":"Point","coordinates":[-94.9196594,29.3992901]},"properties":{"year":1975,"period":"1975","kind":"FHA"}},{"type":"Feature","geometry":{"type":"Point","coordinates":[-94.9196594,29.3992901]},"properties":{"year":1975,"period":"1975","kind":"FHA"}},{"type":"Feature","geometry":{"type":"Point","coordinates":[-94.9196594,29.3992901]},"properties":{"year":1975,"period":"1975","kind":"FHA"}},{"type":"Feature","geometry":{"type":"Point","coordinates":[-94.9208202,29.3997625]},"properties":{"year":1970,"period":"1970","kind":"VA"}},{"type":"Feature","geometry":{"type":"Point","coordinates":[-94.924887,29.397848]},"properties":{"year":1975,"period":"1975","kind":"VA"}},{"type":"Feature","geometry":{"type":"Point","coordinates":[-94.9214563,29.4059637]},"properties":{"year":1960,"period":"1960","kind":"VA"}},{"type":"Feature","geometry":{"type":"Point","coordinates":[-94.9214563,29.4059637]},"properties":{"year":1960,"period":"1960","kind":"VA"}},{"type":"Feature","geometry":{"type":"Point","coordinates":[-94.921888,29.3988173]},"properties":{"year":1960,"period":"1960","kind":"FHA"}},{"type":"Feature","geometry":{"type":"Point","coordinates":[-94.9236417,29.398823]},"properties":{"year":1965,"period":"1965","kind":"FHA"}},{"type":"Feature","geometry":{"type":"Point","coordinates":[-94.9200059,29.4017608]},"properties":{"year":1960,"period":"1960","kind":"FHA"}},{"type":"Feature","geometry":{"type":"Point","coordinates":[-94.9209471,29.4017459]},"properties":{"year":1960,"period":"1960","kind":"FHA"}},{"type":"Feature","geometry":{"type":"Point","coordinates":[-94.9238697,29.40271349999999]},"properties":{"year":1960,"period":"1960","kind":"FHA"}},{"type":"Feature","geometry":{"type":"Point","coordinates":[-94.9242929,29.4007845]},"properties":{"year":1960,"period":"1960","kind":"FHA"}},{"type":"Feature","geometry":{"type":"Point","coordinates":[-94.9207695,29.4051885]},"properties":{"year":1965,"period":"1965","kind":"FHA"}},{"type":"Feature","geometry":{"type":"Point","coordinates":[-94.9200431,29.3993008]},"properties":{"year":1970,"period":"1970","kind":"FHA"}},{"type":"Feature","geometry":{"type":"Point","coordinates":[-94.9232035,29.4027244]},"properties":{"year":1965,"period":"1965","kind":"FHA"}},{"type":"Feature","geometry":{"type":"Point","coordinates":[-94.9155847,29.3979286]},"properties":{"year":1975,"period":"1975","kind":"VA"}},{"type":"Feature","geometry":{"type":"Point","coordinates":[-94.9200417,29.3978785]},"properties":{"year":1970,"period":"1970","kind":"FHA"}},{"type":"Feature","geometry":{"type":"Point","coordinates":[-94.9221206,29.4007273]},"properties":{"year":1975,"period":"1975","kind":"VA"}},{"type":"Feature","geometry":{"type":"Point","coordinates":[-94.9228757,29.3997897]},"properties":{"year":1975,"period":"1975","kind":"VA"}},{"type":"Feature","geometry":{"type":"Point","coordinates":[-94.9247604,29.3997832]},"properties":{"year":1975,"period":"1975","kind":"FHA"}},{"type":"Feature","geometry":{"type":"Point","coordinates":[-94.919769,29.40221349999999]},"properties":{"year":1960,"period":"1960","kind":"FHA"}},{"type":"Feature","geometry":{"type":"Point","coordinates":[-94.9197756,29.4027218]},"properties":{"year":1960,"period":"1960","kind":"FHA"}},{"type":"Feature","geometry":{"type":"Point","coordinates":[-94.9202574,29.4027179]},"properties":{"year":1960,"period":"1960","kind":"VA"}},{"type":"Feature","geometry":{"type":"Point","coordinates":[-94.9213898,29.4027352]},"properties":{"year":1960,"period":"1960","kind":"FHA"}},{"type":"Feature","geometry":{"type":"Point","coordinates":[-94.9229796,29.4021434]},"properties":{"year":1960,"period":"1960","kind":"FHA"}},{"type":"Feature","geometry":{"type":"Point","coordinates":[-94.9236268,29.4012146]},"properties":{"year":1960,"period":"1960","kind":"FHA"}},{"type":"Feature","geometry":{"type":"Point","coordinates":[-94.9207006,29.4007884]},"properties":{"year":1960,"period":"1960","kind":"FHA"}},{"type":"Feature","geometry":{"type":"Point","coordinates":[-94.9209381,29.4007792]},"properties":{"year":1960,"period":"1960","kind":"VA"}},{"type":"Feature","geometry":{"type":"Point","coordinates":[-94.9195345,29.4017761]},"properties":{"year":1960,"period":"1960","kind":"FHA"}},{"type":"Feature","geometry":{"type":"Point","coordinates":[-94.9207206,29.4017228]},"properties":{"year":1965,"period":"1965","kind":"FHA"}},{"type":"Feature","geometry":{"type":"Point","coordinates":[-94.9225276,29.4007782]},"properties":{"year":1960,"period":"1960","kind":"FHA"}},{"type":"Feature","geometry":{"type":"Point","coordinates":[-94.9206678,29.400295]},"properties":{"year":1965,"period":"1965","kind":"FHA"}},{"type":"Feature","geometry":{"type":"Point","coordinates":[-94.9926815,29.3729889]},"properties":{"year":1960,"period":"1960","kind":"FHA"}},{"type":"Feature","geometry":{"type":"Point","coordinates":[-94.9914487,29.3730759]},"properties":{"year":1960,"period":"1960","kind":"FHA"}},{"type":"Feature","geometry":{"type":"Point","coordinates":[-94.9909232,29.3726781]},"properties":{"year":1970,"period":"1970","kind":"FHA"}},{"type":"Feature","geometry":{"type":"Point","coordinates":[-94.9921935,29.3726582]},"properties":{"year":1965,"period":"1965","kind":"VA"}},{"type":"Feature","geometry":{"type":"Point","coordinates":[-95.1663847,29.4576321]},"properties":{"year":1965,"period":"1965","kind":"FHA"}},{"type":"Feature","geometry":{"type":"Point","coordinates":[-95.0225323,29.4648173]},"properties":{"year":1975,"period":"1975","kind":"VA"}},{"type":"Feature","geometry":{"type":"Point","coordinates":[-95.1177545,29.5044021]},"properties":{"year":1975,"period":"1975","kind":"VA"}},{"type":"Feature","geometry":{"type":"Point","coordinates":[-95.1177545,29.5044021]},"properties":{"year":1975,"period":"1975","kind":"VA"}},{"type":"Feature","geometry":{"type":"Point","coordinates":[-94.9510124,29.3637993]},"properties":{"year":1960,"period":"1960","kind":"FHA"}},{"type":"Feature","geometry":{"type":"Point","coordinates":[-94.9510124,29.3637993]},"properties":{"year":1965,"period":"1965","kind":"FHA"}},{"type":"Feature","geometry":{"type":"Point","coordinates":[-94.9514463,29.3637812]},"properties":{"year":1960,"period":"1960","kind":"FHA"}},{"type":"Feature","geometry":{"type":"Point","coordinates":[-94.9514757,29.3642423]},"properties":{"year":1960,"period":"1960","kind":"FHA"}},{"type":"Feature","geometry":{"type":"Point","coordinates":[-95.1088825,29.3864813]},"properties":{"year":1970,"period":"1970","kind":"VA"}},{"type":"Feature","geometry":{"type":"Point","coordinates":[-95.0381097,29.3565936]},"properties":{"year":1970,"period":"1970","kind":"FHA"}},{"type":"Feature","geometry":{"type":"Point","coordinates":[-95.0179557,29.3446182]},"properties":{"year":1965,"period":"1965","kind":"FHA"}},{"type":"Feature","geometry":{"type":"Point","coordinates":[-94.9624933,29.3849475]},"properties":{"year":1965,"period":"1965","kind":"FHA"}},{"type":"Feature","geometry":{"type":"Point","coordinates":[-94.9620045,29.3849979]},"properties":{"year":1975,"period":"1975","kind":"FHA"}},{"type":"Feature","geometry":{"type":"Point","coordinates":[-94.9621698,29.3849977]},"properties":{"year":1965,"period":"1965","kind":"FHA"}},{"type":"Feature","geometry":{"type":"Point","coordinates":[-94.8141073,29.2787741]},"properties":{"year":1975,"period":"1975","kind":"VA"}},{"type":"Feature","geometry":{"type":"Point","coordinates":[-94.7865997,29.3056245]},"properties":{"year":1975,"period":"1975","kind":"VA"}},{"type":"Feature","geometry":{"type":"Point","coordinates":[-94.7865997,29.3056245]},"properties":{"year":1975,"period":"1975","kind":"VA"}},{"type":"Feature","geometry":{"type":"Point","coordinates":[-94.7886219,29.30696459999999]},"properties":{"year":1975,"period":"1975","kind":"VA"}},{"type":"Feature","geometry":{"type":"Point","coordinates":[-94.7886219,29.30696459999999]},"properties":{"year":1975,"period":"1975","kind":"VA"}}]}