{"type":"FeatureCollection","features":[{"type":"Feature","geometry":{"type":"Point","coordinates":[-86.148605,39.867796]},"properties":{"year":1935,"period":"1935-40","kind":"FHA"}},{"type":"Feature","geometry":{"type":"Point","coordinates":[-86.13675,39.703482]},"properties":{"year":1935,"period":"1935-40","kind":"FHA"}},{"type":"Feature","geometry":{"type":"Point","coordinates":[-86.149346,39.912072]},"properties":{"year":1935,"period":"1935-40","kind":"FHA"}},{"type":"Feature","geometry":{"type":"Point","coordinates":[-86.094857,39.776879]},"properties":{"year":1935,"period":"1935-40","kind":"FHA"}},{"type":"Feature","geometry":{"type":"Point","coordinates":[-86.068545,39.860397]},"properties":{"year":1935,"period":"1935-40","kind":"FHA"}},{"type":"Feature","geometry":{"type":"Point","coordinates":[-86.156536,39.839307]},"properties":{"year":1935,"period":"1935-40","kind":"FHA"}},{"type":"Feature","geometry":{"type":"Point","coordinates":[-86.159754,39.844995]},"properties":{"year":1935,"period":"1935-40","kind":"FHA"}},{"type":"Feature","geometry":{"type":"Point","coordinates":[-86.165289,39.827816]},"properties":{"year":1935,"period":"1935-40","kind":"FHA"}},{"type":"Feature","geometry":{"type":"Point","coordinates":[-86.15123,39.827587]},"properties":{"year":1935,"period":"1935-40","kind":"FHA"}},{"type":"Feature","geometry":{"type":"Point","coordinates":[-86.143263,39.842701]},"properties":{"year":1935,"period":"1935-40","kind":"FHA"}},{"type":"Feature","geometry":{"type":"Point","coordinates":[-86.080234,39.782812]},"properties":{"year":1935,"period":"1935-40","kind":"FHA"}},{"type":"Feature","geometry":{"type":"Point","coordinates":[-86.08476,39.717839]},"properties":{"year":1935,"period":"1935-40","kind":"FHA"}},{"type":"Feature","geometry":{"type":"Point","coordinates":[-86.236917,39.765697]},"properties":{"year":1935,"period":"1935-40","kind":"FHA"}},{"type":"Feature","geometry":{"type":"Point","coordinates":[-86.100219,39.777654]},"properties":{"year":1935,"period":"1935-40","kind":"FHA"}},{"type":"Feature","geometry":{"type":"Point","coordinates":[-86.120206,39.869741]},"properties":{"year":1935,"period":"1935-40","kind":"FHA"}},{"type":"Feature","geometry":{"type":"Point","coordinates":[-86.098513,39.779808]},"properties":{"year":1935,"period":"1935-40","kind":"FHA"}},{"type":"Feature","geometry":{"type":"Point","coordinates":[-86.10195,39.770645]},"properties":{"year":1935,"period":"1935-40","kind":"FHA"}},{"type":"Feature","geometry":{"type":"Point","coordinates":[-86.152221,39.869639]},"properties":{"year":1935,"period":"1935-40","kind":"FHA"}},{"type":"Feature","geometry":{"type":"Point","coordinates":[-86.064565,39.779278]},"properties":{"year":1935,"period":"1935-40","kind":"FHA"}},{"type":"Feature","geometry":{"type":"Point","coordinates":[-86.14793,39.833341]},"properties":{"year":1935,"period":"1935-40","kind":"FHA"}},{"type":"Feature","geometry":{"type":"Point","coordinates":[-86.142704,39.83568]},"properties":{"year":1935,"period":"1935-40","kind":"FHA"}},{"type":"Feature","geometry":{"type":"Point","coordinates":[-86.148589,39.833609]},"properties":{"year":1935,"period":"1935-40","kind":"FHA"}},{"type":"Feature","geometry":{"type":"Point","coordinates":[-86.148873,39.830188]},"properties":{"year":1935,"period":"1935-40","kind":"FHA"}},{"type":"Feature","geometry":{"type":"Point","coordinates":[-86.1542060223721,39.8211814104372]},"properties":{"year":1935,"period":"1935-40","kind":"FHA"}},{"type":"Feature","geometry":{"type":"Point","coordinates":[-86.149148,39.819221]},"properties":{"year":1935,"period":"1935-40","kind":"FHA"}},{"type":"Feature","geometry":{"type":"Point","coordinates":[-86.0978906304201,39.8164106315729]},"properties":{"year":1935,"period":"1935-40","kind":"FHA"}},{"type":"Feature","geometry":{"type":"Point","coordinates":[-86.146565,39.872195]},"properties":{"year":1935,"period":"1935-40","kind":"FHA"}},{"type":"Feature","geometry":{"type":"Point","coordinates":[-86.165675,39.847307]},"properties":{"year":1935,"period":"1935-40","kind":"FHA"}},{"type":"Feature","geometry":{"type":"Point","coordinates":[-86.004465,39.772962]},"properties":{"year":1935,"period":"1935-40","kind":"FHA"}},{"type":"Feature","geometry":{"type":"Point","coordinates":[-86.153324,39.853316]},"properties":{"year":1935,"period":"1935-40","kind":"FHA"}},{"type":"Feature","geometry":{"type":"Point","coordinates":[-86.1856603033959,39.820346378591]},"properties":{"year":1935,"period":"1935-40","kind":"FHA"}},{"type":"Feature","geometry":{"type":"Point","coordinates":[-86.148011,39.874785]},"properties":{"year":1935,"period":"1935-40","kind":"FHA"}},{"type":"Feature","geometry":{"type":"Point","coordinates":[-86.1516701861978,39.817345426517]},"properties":{"year":1935,"period":"1935-40","kind":"FHA"}},{"type":"Feature","geometry":{"type":"Point","coordinates":[-86.1148361803133,39.7328971603522]},"properties":{"year":1935,"period":"1935-40","kind":"FHA"}},{"type":"Feature","geometry":{"type":"Point","coordinates":[-86.057275,39.773739]},"properties":{"year":1935,"period":"1935-40","kind":"FHA"}},{"type":"Feature","geometry":{"type":"Point","coordinates":[-86.141871,39.85725]},"properties":{"year":1935,"period":"1935-40","kind":"FHA"}},{"type":"Feature","geometry":{"type":"Point","coordinates":[-86.190157,39.799639]},"properties":{"year":1935,"period":"1935-40","kind":"FHA"}},{"type":"Feature","geometry":{"type":"Point","coordinates":[-86.152957,39.812818]},"properties":{"year":1935,"period":"1935-40","kind":"FHA"}},{"type":"Feature","geometry":{"type":"Point","coordinates":[-86.182446,39.816095]},"properties":{"year":1935,"period":"1935-40","kind":"FHA"}},{"type":"Feature","geometry":{"type":"Point","coordinates":[-86.1465277999477,39.8736164268013]},"properties":{"year":1935,"period":"1935-40","kind":"FHA"}},{"type":"Feature","geometry":{"type":"Point","coordinates":[-86.125665,39.842701]},"properties":{"year":1935,"period":"1935-40","kind":"FHA"}},{"type":"Feature","geometry":{"type":"Point","coordinates":[-86.230779,39.76085]},"properties":{"year":1936,"period":"1935-40","kind":"FHA"}},{"type":"Feature","geometry":{"type":"Point","coordinates":[-86.099404,39.824514]},"properties":{"year":1936,"period":"1935-40","kind":"FHA"}},{"type":"Feature","geometry":{"type":"Point","coordinates":[-86.220388,39.774106]},"properties":{"year":1936,"period":"1935-40","kind":"FHA"}},{"type":"Feature","geometry":{"type":"Point","coordinates":[-86.149271,39.870218]},"properties":{"year":1936,"period":"1935-40","kind":"FHA"}},{"type":"Feature","geometry":{"type":"Point","coordinates":[-86.141882,39.862473]},"properties":{"year":1936,"period":"1935-40","kind":"FHA"}},{"type":"Feature","geometry":{"type":"Point","coordinates":[-86.147394,39.846341]},"properties":{"year":1936,"period":"1935-40","kind":"FHA"}},{"type":"Feature","geometry":{"type":"Point","coordinates":[-86.120332,39.787797]},"properties":{"year":1936,"period":"1935-40","kind":"FHA"}},{"type":"Feature","geometry":{"type":"Point","coordinates":[-86.086338,39.778755]},"properties":{"year":1936,"period":"1935-40","kind":"FHA"}},{"type":"Feature","geometry":{"type":"Point","coordinates":[-86.104093,39.771045]},"properties":{"year":1936,"period":"1935-40","kind":"FHA"}},{"type":"Feature","geometry":{"type":"Point","coordinates":[-86.105035,39.782281]},"properties":{"year":1936,"period":"1935-40","kind":"FHA"}},{"type":"Feature","geometry":{"type":"Point","coordinates":[-86.057836,39.77406]},"properties":{"year":1936,"period":"1935-40","kind":"FHA"}},{"type":"Feature","geometry":{"type":"Point","coordinates":[-86.151546,39.849816]},"properties":{"year":1936,"period":"1935-40","kind":"FHA"}},{"type":"Feature","geometry":{"type":"Point","coordinates":[-86.087168,39.774607]},"properties":{"year":1936,"period":"1935-40","kind":"FHA"}},{"type":"Feature","geometry":{"type":"Point","coordinates":[-86.2404347745558,39.8982798984768]},"properties":{"year":1936,"period":"1935-40","kind":"FHA"}},{"type":"Feature","geometry":{"type":"Point","coordinates":[-86.2363771130556,39.7865091368883]},"properties":{"year":1936,"period":"1935-40","kind":"FHA"}},{"type":"Feature","geometry":{"type":"Point","coordinates":[-86.166908,39.835131]},"properties":{"year":1936,"period":"1935-40","kind":"FHA"}},{"type":"Feature","geometry":{"type":"Point","coordinates":[-86.270505,39.747484]},"properties":{"year":1936,"period":"1935-40","kind":"FHA"}},{"type":"Feature","geometry":{"type":"Point","coordinates":[-86.141698,39.851974]},"properties":{"year":1936,"period":"1935-40","kind":"FHA"}},{"type":"Feature","geometry":{"type":"Point","coordinates":[-86.189797,39.80566]},"properties":{"year":1936,"period":"1935-40","kind":"FHA"}},{"type":"Feature","geometry":{"type":"Point","coordinates":[-86.161374,39.827025]},"properties":{"year":1936,"period":"1935-40","kind":"FHA"}},{"type":"Feature","geometry":{"type":"Point","coordinates":[-86.070889,39.773839]},"properties":{"year":1936,"period":"1935-40","kind":"FHA"}},{"type":"Feature","geometry":{"type":"Point","coordinates":[-86.093709,39.759891]},"properties":{"year":1936,"period":"1935-40","kind":"FHA"}},{"type":"Feature","geometry":{"type":"Point","coordinates":[-86.22909,39.760244]},"properties":{"year":1936,"period":"1935-40","kind":"FHA"}},{"type":"Feature","geometry":{"type":"Point","coordinates":[-86.228747,39.760527]},"properties":{"year":1936,"period":"1935-40","kind":"FHA"}},{"type":"Feature","geometry":{"type":"Point","coordinates":[-86.245104,39.787947]},"properties":{"year":1936,"period":"1935-40","kind":"FHA"}},{"type":"Feature","geometry":{"type":"Point","coordinates":[-86.248831,39.788451]},"properties":{"year":1936,"period":"1935-40","kind":"FHA"}},{"type":"Feature","geometry":{"type":"Point","coordinates":[-86.229513,39.760129]},"properties":{"year":1936,"period":"1935-40","kind":"FHA"}},{"type":"Feature","geometry":{"type":"Point","coordinates":[-86.2281,39.7604]},"properties":{"year":1936,"period":"1935-40","kind":"FHA"}},{"type":"Feature","geometry":{"type":"Point","coordinates":[-86.094567,39.759906]},"properties":{"year":1936,"period":"1935-40","kind":"FHA"}},{"type":"Feature","geometry":{"type":"Point","coordinates":[-86.247261,39.788609]},"properties":{"year":1936,"period":"1935-40","kind":"FHA"}},{"type":"Feature","geometry":{"type":"Point","coordinates":[-86.229093,39.760744]},"properties":{"year":1936,"period":"1935-40","kind":"FHA"}},{"type":"Feature","geometry":{"type":"Point","coordinates":[-86.118857,39.760486]},"properties":{"year":1936,"period":"1935-40","kind":"FHA"}},{"type":"Feature","geometry":{"type":"Point","coordinates":[-86.247258,39.788746]},"properties":{"year":1936,"period":"1935-40","kind":"FHA"}},{"type":"Feature","geometry":{"type":"Point","coordinates":[-86.246993,39.789733]},"properties":{"year":1936,"period":"1935-40","kind":"FHA"}},{"type":"Feature","geometry":{"type":"Point","coordinates":[-86.246493,39.763649]},"properties":{"year":1936,"period":"1935-40","kind":"FHA"}},{"type":"Feature","geometry":{"type":"Point","coordinates":[-86.095163,39.759904]},"properties":{"year":1936,"period":"1935-40","kind":"FHA"}},{"type":"Feature","geometry":{"type":"Point","coordinates":[-86.126372,39.868389]},"properties":{"year":1935,"period":"1935-40","kind":"FHA"}},{"type":"Feature","geometry":{"type":"Point","coordinates":[-86.190571,39.807023]},"properties":{"year":1935,"period":"1935-40","kind":"FHA"}},{"type":"Feature","geometry":{"type":"Point","coordinates":[-86.18851,39.807052]},"properties":{"year":1935,"period":"1935-40","kind":"FHA"}},{"type":"Feature","geometry":{"type":"Point","coordinates":[-86.084895,39.77623]},"properties":{"year":1935,"period":"1935-40","kind":"FHA"}},{"type":"Feature","geometry":{"type":"Point","coordinates":[-86.228096,39.760839]},"properties":{"year":1935,"period":"1935-40","kind":"FHA"}},{"type":"Feature","geometry":{"type":"Point","coordinates":[-86.1496972610669,39.8494183982029]},"properties":{"year":1935,"period":"1935-40","kind":"FHA"}},{"type":"Feature","geometry":{"type":"Point","coordinates":[-86.153413,39.859021]},"properties":{"year":1935,"period":"1935-40","kind":"FHA"}},{"type":"Feature","geometry":{"type":"Point","coordinates":[-86.068545,39.860397]},"properties":{"year":1935,"period":"1935-40","kind":"FHA"}},{"type":"Feature","geometry":{"type":"Point","coordinates":[-86.208774,39.790379]},"properties":{"year":1935,"period":"1935-40","kind":"FHA"}},{"type":"Feature","geometry":{"type":"Point","coordinates":[-86.053241,39.772478]},"properties":{"year":1935,"period":"1935-40","kind":"FHA"}},{"type":"Feature","geometry":{"type":"Point","coordinates":[-86.158646,39.835745]},"properties":{"year":1935,"period":"1935-40","kind":"FHA"}},{"type":"Feature","geometry":{"type":"Point","coordinates":[-86.103542,39.785306]},"properties":{"year":1935,"period":"1935-40","kind":"FHA"}},{"type":"Feature","geometry":{"type":"Point","coordinates":[-86.108646,39.78695]},"properties":{"year":1935,"period":"1935-40","kind":"FHA"}},{"type":"Feature","geometry":{"type":"Point","coordinates":[-86.13036,39.775649]},"properties":{"year":1935,"period":"1935-40","kind":"FHA"}},{"type":"Feature","geometry":{"type":"Point","coordinates":[-86.144432,39.802406]},"properties":{"year":1935,"period":"1935-40","kind":"FHA"}},{"type":"Feature","geometry":{"type":"Point","coordinates":[-86.149127,39.805123]},"properties":{"year":1935,"period":"1935-40","kind":"FHA"}},{"type":"Feature","geometry":{"type":"Point","coordinates":[-86.126372,39.868389]},"properties":{"year":1935,"period":"1935-40","kind":"FHA"}},{"type":"Feature","geometry":{"type":"Point","coordinates":[-86.154782,39.861325]},"properties":{"year":1935,"period":"1935-40","kind":"FHA"}},{"type":"Feature","geometry":{"type":"Point","coordinates":[-86.1621002168861,39.8431957366622]},"properties":{"year":1935,"period":"1935-40","kind":"FHA"}},{"type":"Feature","geometry":{"type":"Point","coordinates":[-86.068545,39.860397]},"properties":{"year":1935,"period":"1935-40","kind":"FHA"}},{"type":"Feature","geometry":{"type":"Point","coordinates":[-86.091364,39.77883]},"properties":{"year":1935,"period":"1935-40","kind":"FHA"}},{"type":"Feature","geometry":{"type":"Point","coordinates":[-86.16287,39.846314]},"properties":{"year":1935,"period":"1935-40","kind":"FHA"}},{"type":"Feature","geometry":{"type":"Point","coordinates":[-86.245106,39.788083]},"properties":{"year":1935,"period":"1935-40","kind":"FHA"}},{"type":"Feature","geometry":{"type":"Point","coordinates":[-86.162701,39.844022]},"properties":{"year":1935,"period":"1935-40","kind":"FHA"}},{"type":"Feature","geometry":{"type":"Point","coordinates":[-86.126659,39.769859]},"properties":{"year":1935,"period":"1935-40","kind":"FHA"}},{"type":"Feature","geometry":{"type":"Point","coordinates":[-86.22439,39.759612]},"properties":{"year":1935,"period":"1935-40","kind":"FHA"}},{"type":"Feature","geometry":{"type":"Point","coordinates":[-86.247686,39.789398]},"properties":{"year":1936,"period":"1935-40","kind":"FHA"}},{"type":"Feature","geometry":{"type":"Point","coordinates":[-86.14137998217,39.7482224285776]},"properties":{"year":1936,"period":"1935-40","kind":"FHA"}},{"type":"Feature","geometry":{"type":"Point","coordinates":[-86.142006,39.817057]},"properties":{"year":1936,"period":"1935-40","kind":"FHA"}},{"type":"Feature","geometry":{"type":"Point","coordinates":[-86.1407578438737,39.7451274600984]},"properties":{"year":1936,"period":"1935-40","kind":"FHA"}},{"type":"Feature","geometry":{"type":"Point","coordinates":[-86.14553,39.859954]},"properties":{"year":1935,"period":"1935-40","kind":"FHA"}},{"type":"Feature","geometry":{"type":"Point","coordinates":[-86.229487,39.760997]},"properties":{"year":1935,"period":"1935-40","kind":"FHA"}},{"type":"Feature","geometry":{"type":"Point","coordinates":[-86.169144,39.828872]},"properties":{"year":1936,"period":"1935-40","kind":"FHA"}},{"type":"Feature","geometry":{"type":"Point","coordinates":[-86.146412,39.821701]},"properties":{"year":1936,"period":"1935-40","kind":"FHA"}},{"type":"Feature","geometry":{"type":"Point","coordinates":[-86.070146,39.779313]},"properties":{"year":1936,"period":"1935-40","kind":"FHA"}},{"type":"Feature","geometry":{"type":"Point","coordinates":[-86.141165,39.853164]},"properties":{"year":1935,"period":"1935-40","kind":"FHA"}},{"type":"Feature","geometry":{"type":"Point","coordinates":[-86.247141,39.787596]},"properties":{"year":1935,"period":"1935-40","kind":"FHA"}},{"type":"Feature","geometry":{"type":"Point","coordinates":[-86.090727,39.779313]},"properties":{"year":1935,"period":"1935-40","kind":"FHA"}},{"type":"Feature","geometry":{"type":"Point","coordinates":[-86.1425,39.851367]},"properties":{"year":1935,"period":"1935-40","kind":"FHA"}},{"type":"Feature","geometry":{"type":"Point","coordinates":[-86.160288,39.835975]},"properties":{"year":1936,"period":"1935-40","kind":"FHA"}},{"type":"Feature","geometry":{"type":"Point","coordinates":[-86.151203,39.838473]},"properties":{"year":1936,"period":"1935-40","kind":"FHA"}},{"type":"Feature","geometry":{"type":"Point","coordinates":[-86.268918,39.783558]},"properties":{"year":1936,"period":"1935-40","kind":"FHA"}},{"type":"Feature","geometry":{"type":"Point","coordinates":[-86.127491,39.746702]},"properties":{"year":1935,"period":"1935-40","kind":"FHA"}},{"type":"Feature","geometry":{"type":"Point","coordinates":[-86.165664,39.847581]},"properties":{"year":1935,"period":"1935-40","kind":"FHA"}},{"type":"Feature","geometry":{"type":"Point","coordinates":[-86.151591,39.842905]},"properties":{"year":1936,"period":"1935-40","kind":"FHA"}},{"type":"Feature","geometry":{"type":"Point","coordinates":[-86.1423107728682,39.7348325278528]},"properties":{"year":1935,"period":"1935-40","kind":"FHA"}},{"type":"Feature","geometry":{"type":"Point","coordinates":[-86.145014,39.868419]},"properties":{"year":1935,"period":"1935-40","kind":"FHA"}},{"type":"Feature","geometry":{"type":"Point","coordinates":[-86.237616,39.767371]},"properties":{"year":1936,"period":"1935-40","kind":"FHA"}},{"type":"Feature","geometry":{"type":"Point","coordinates":[-86.144295,39.736811]},"properties":{"year":1936,"period":"1935-40","kind":"FHA"}},{"type":"Feature","geometry":{"type":"Point","coordinates":[-86.141081,39.726983]},"properties":{"year":1936,"period":"1935-40","kind":"FHA"}},{"type":"Feature","geometry":{"type":"Point","coordinates":[-86.142593,39.821242]},"properties":{"year":1936,"period":"1935-40","kind":"FHA"}},{"type":"Feature","geometry":{"type":"Point","coordinates":[-86.165022,39.847731]},"properties":{"year":1936,"period":"1935-40","kind":"FHA"}},{"type":"Feature","geometry":{"type":"Point","coordinates":[-86.068144,39.778482]},"properties":{"year":1936,"period":"1935-40","kind":"FHA"}},{"type":"Feature","geometry":{"type":"Point","coordinates":[-86.1119683838815,39.730069263569]},"properties":{"year":1936,"period":"1935-40","kind":"FHA"}},{"type":"Feature","geometry":{"type":"Point","coordinates":[-86.1418848045322,39.8670206338688]},"properties":{"year":1936,"period":"1935-40","kind":"FHA"}},{"type":"Feature","geometry":{"type":"Point","coordinates":[-86.149156,39.876943]},"properties":{"year":1936,"period":"1935-40","kind":"FHA"}},{"type":"Feature","geometry":{"type":"Point","coordinates":[-86.185466,39.810168]},"properties":{"year":1936,"period":"1935-40","kind":"FHA"}},{"type":"Feature","geometry":{"type":"Point","coordinates":[-86.104122,39.771669]},"properties":{"year":1936,"period":"1935-40","kind":"FHA"}},{"type":"Feature","geometry":{"type":"Point","coordinates":[-86.160138,39.817711]},"properties":{"year":1936,"period":"1935-40","kind":"FHA"}},{"type":"Feature","geometry":{"type":"Point","coordinates":[-85.954508,39.877008]},"properties":{"year":1936,"period":"1935-40","kind":"FHA"}},{"type":"Feature","geometry":{"type":"Point","coordinates":[-86.1519487880475,39.8902219910932]},"properties":{"year":1936,"period":"1935-40","kind":"FHA"}},{"type":"Feature","geometry":{"type":"Point","coordinates":[-86.065935,39.777012]},"properties":{"year":1936,"period":"1935-40","kind":"FHA"}},{"type":"Feature","geometry":{"type":"Point","coordinates":[-86.144013,39.826308]},"properties":{"year":1936,"period":"1935-40","kind":"FHA"}},{"type":"Feature","geometry":{"type":"Point","coordinates":[-86.149263,39.903268]},"properties":{"year":1936,"period":"1935-40","kind":"FHA"}},{"type":"Feature","geometry":{"type":"Point","coordinates":[-86.1634,39.845116]},"properties":{"year":1936,"period":"1935-40","kind":"FHA"}},{"type":"Feature","geometry":{"type":"Point","coordinates":[-86.143038,39.85913]},"properties":{"year":1936,"period":"1935-40","kind":"FHA"}},{"type":"Feature","geometry":{"type":"Point","coordinates":[-86.090196,39.776537]},"properties":{"year":1936,"period":"1935-40","kind":"FHA"}},{"type":"Feature","geometry":{"type":"Point","coordinates":[-86.148965,39.801855]},"properties":{"year":1936,"period":"1935-40","kind":"FHA"}},{"type":"Feature","geometry":{"type":"Point","coordinates":[-86.073374,39.773128]},"properties":{"year":1936,"period":"1935-40","kind":"FHA"}},{"type":"Feature","geometry":{"type":"Point","coordinates":[-86.103572,39.774823]},"properties":{"year":1936,"period":"1935-40","kind":"FHA"}},{"type":"Feature","geometry":{"type":"Point","coordinates":[-86.151515,39.873549]},"properties":{"year":1936,"period":"1935-40","kind":"FHA"}},{"type":"Feature","geometry":{"type":"Point","coordinates":[-86.151432,39.872768]},"properties":{"year":1936,"period":"1935-40","kind":"FHA"}},{"type":"Feature","geometry":{"type":"Point","coordinates":[-86.145994,39.822292]},"properties":{"year":1936,"period":"1935-40","kind":"FHA"}},{"type":"Feature","geometry":{"type":"Point","coordinates":[-86.099721,39.780022]},"properties":{"year":1936,"period":"1935-40","kind":"FHA"}},{"type":"Feature","geometry":{"type":"Point","coordinates":[-86.10019,39.77632]},"properties":{"year":1936,"period":"1935-40","kind":"FHA"}},{"type":"Feature","geometry":{"type":"Point","coordinates":[-86.165653,39.847455]},"properties":{"year":1936,"period":"1935-40","kind":"FHA"}},{"type":"Feature","geometry":{"type":"Point","coordinates":[-86.150375,39.875651]},"properties":{"year":1936,"period":"1935-40","kind":"FHA"}},{"type":"Feature","geometry":{"type":"Point","coordinates":[-86.246979,39.764715]},"properties":{"year":1936,"period":"1935-40","kind":"FHA"}},{"type":"Feature","geometry":{"type":"Point","coordinates":[-86.094871,39.759749]},"properties":{"year":1936,"period":"1935-40","kind":"FHA"}},{"type":"Feature","geometry":{"type":"Point","coordinates":[-86.142185,39.703408]},"properties":{"year":1936,"period":"1935-40","kind":"FHA"}},{"type":"Feature","geometry":{"type":"Point","coordinates":[-86.188782,39.807042]},"properties":{"year":1935,"period":"1935-40","kind":"FHA"}},{"type":"Feature","geometry":{"type":"Point","coordinates":[-86.144641,39.684654]},"properties":{"year":1936,"period":"1935-40","kind":"FHA"}},{"type":"Feature","geometry":{"type":"Point","coordinates":[-86.13609,39.866233]},"properties":{"year":1936,"period":"1935-40","kind":"FHA"}},{"type":"Feature","geometry":{"type":"Point","coordinates":[-86.229079,39.760005]},"properties":{"year":1936,"period":"1935-40","kind":"FHA"}},{"type":"Feature","geometry":{"type":"Point","coordinates":[-86.247731,39.788737]},"properties":{"year":1936,"period":"1935-40","kind":"FHA"}},{"type":"Feature","geometry":{"type":"Point","coordinates":[-86.24749,39.789925]},"properties":{"year":1936,"period":"1935-40","kind":"FHA"}},{"type":"Feature","geometry":{"type":"Point","coordinates":[-86.16146,39.844031]},"properties":{"year":1936,"period":"1935-40","kind":"FHA"}},{"type":"Feature","geometry":{"type":"Point","coordinates":[-86.099778,39.781636]},"properties":{"year":1936,"period":"1935-40","kind":"FHA"}},{"type":"Feature","geometry":{"type":"Point","coordinates":[-86.247185,39.788459]},"properties":{"year":1936,"period":"1935-40","kind":"FHA"}},{"type":"Feature","geometry":{"type":"Point","coordinates":[-86.208774,39.790379]},"properties":{"year":1936,"period":"1935-40","kind":"FHA"}},{"type":"Feature","geometry":{"type":"Point","coordinates":[-86.166229,39.835088]},"properties":{"year":1936,"period":"1935-40","kind":"FHA"}},{"type":"Feature","geometry":{"type":"Point","coordinates":[-86.024036,39.777312]},"properties":{"year":1936,"period":"1935-40","kind":"FHA"}},{"type":"Feature","geometry":{"type":"Point","coordinates":[-86.165646,39.847726]},"properties":{"year":1936,"period":"1935-40","kind":"FHA"}},{"type":"Feature","geometry":{"type":"Point","coordinates":[-86.142524,39.850297]},"properties":{"year":1936,"period":"1935-40","kind":"FHA"}},{"type":"Feature","geometry":{"type":"Point","coordinates":[-86.060368,39.772287]},"properties":{"year":1936,"period":"1935-40","kind":"FHA"}},{"type":"Feature","geometry":{"type":"Point","coordinates":[-86.07249,39.774937]},"properties":{"year":1936,"period":"1935-40","kind":"FHA"}},{"type":"Feature","geometry":{"type":"Point","coordinates":[-86.10462,39.820571]},"properties":{"year":1936,"period":"1935-40","kind":"FHA"}},{"type":"Feature","geometry":{"type":"Point","coordinates":[-86.085849,39.781746]},"properties":{"year":1936,"period":"1935-40","kind":"FHA"}},{"type":"Feature","geometry":{"type":"Point","coordinates":[-86.144197,39.728962]},"properties":{"year":1936,"period":"1935-40","kind":"FHA"}},{"type":"Feature","geometry":{"type":"Point","coordinates":[-86.123981,39.78597]},"properties":{"year":1936,"period":"1935-40","kind":"FHA"}},{"type":"Feature","geometry":{"type":"Point","coordinates":[-86.16146,39.844031]},"properties":{"year":1936,"period":"1935-40","kind":"FHA"}},{"type":"Feature","geometry":{"type":"Point","coordinates":[-86.16146,39.844031]},"properties":{"year":1936,"period":"1935-40","kind":"FHA"}},{"type":"Feature","geometry":{"type":"Point","coordinates":[-86.07975,39.768338]},"properties":{"year":1936,"period":"1935-40","kind":"FHA"}},{"type":"Feature","geometry":{"type":"Point","coordinates":[-86.136055,39.861233]},"properties":{"year":1936,"period":"1935-40","kind":"FHA"}},{"type":"Feature","geometry":{"type":"Point","coordinates":[-86.086324,39.777209]},"properties":{"year":1936,"period":"1935-40","kind":"FHA"}},{"type":"Feature","geometry":{"type":"Point","coordinates":[-86.148307,39.856631]},"properties":{"year":1936,"period":"1935-40","kind":"FHA"}},{"type":"Feature","geometry":{"type":"Point","coordinates":[-86.084301,39.760548]},"properties":{"year":1936,"period":"1935-40","kind":"FHA"}},{"type":"Feature","geometry":{"type":"Point","coordinates":[-86.150616,39.811607]},"properties":{"year":1936,"period":"1935-40","kind":"FHA"}},{"type":"Feature","geometry":{"type":"Point","coordinates":[-86.0642290292216,39.8217281020572]},"properties":{"year":1936,"period":"1935-40","kind":"FHA"}},{"type":"Feature","geometry":{"type":"Point","coordinates":[-86.096619,39.779841]},"properties":{"year":1936,"period":"1935-40","kind":"FHA"}},{"type":"Feature","geometry":{"type":"Point","coordinates":[-86.106151,39.78302]},"properties":{"year":1936,"period":"1935-40","kind":"FHA"}},{"type":"Feature","geometry":{"type":"Point","coordinates":[-86.151795,39.873026]},"properties":{"year":1936,"period":"1935-40","kind":"FHA"}},{"type":"Feature","geometry":{"type":"Point","coordinates":[-86.149382,39.87672]},"properties":{"year":1936,"period":"1935-40","kind":"FHA"}},{"type":"Feature","geometry":{"type":"Point","coordinates":[-86.1178841109161,39.7235199608752]},"properties":{"year":1936,"period":"1935-40","kind":"FHA"}},{"type":"Feature","geometry":{"type":"Point","coordinates":[-86.1555528989003,39.8199110088786]},"properties":{"year":1936,"period":"1935-40","kind":"FHA"}},{"type":"Feature","geometry":{"type":"Point","coordinates":[-86.14852,39.822056]},"properties":{"year":1936,"period":"1935-40","kind":"FHA"}},{"type":"Feature","geometry":{"type":"Point","coordinates":[-86.165474,39.834131]},"properties":{"year":1936,"period":"1935-40","kind":"FHA"}},{"type":"Feature","geometry":{"type":"Point","coordinates":[-86.087189,39.784096]},"properties":{"year":1936,"period":"1935-40","kind":"FHA"}},{"type":"Feature","geometry":{"type":"Point","coordinates":[-86.148294,39.846507]},"properties":{"year":1936,"period":"1935-40","kind":"FHA"}},{"type":"Feature","geometry":{"type":"Point","coordinates":[-86.190318,39.792417]},"properties":{"year":1936,"period":"1935-40","kind":"FHA"}},{"type":"Feature","geometry":{"type":"Point","coordinates":[-86.134886,39.862608]},"properties":{"year":1936,"period":"1935-40","kind":"FHA"}},{"type":"Feature","geometry":{"type":"Point","coordinates":[-86.145662,39.81049]},"properties":{"year":1936,"period":"1935-40","kind":"FHA"}},{"type":"Feature","geometry":{"type":"Point","coordinates":[-86.114043,39.78521]},"properties":{"year":1936,"period":"1935-40","kind":"FHA"}},{"type":"Feature","geometry":{"type":"Point","coordinates":[-86.152105,39.927008]},"properties":{"year":1936,"period":"1935-40","kind":"FHA"}},{"type":"Feature","geometry":{"type":"Point","coordinates":[-86.159745,39.874326]},"properties":{"year":1936,"period":"1935-40","kind":"FHA"}},{"type":"Feature","geometry":{"type":"Point","coordinates":[-86.161525,39.838888]},"properties":{"year":1936,"period":"1935-40","kind":"FHA"}},{"type":"Feature","geometry":{"type":"Point","coordinates":[-86.062774,39.859138]},"properties":{"year":1936,"period":"1935-40","kind":"FHA"}},{"type":"Feature","geometry":{"type":"Point","coordinates":[-86.1119545445701,39.7703821302793]},"properties":{"year":1936,"period":"1935-40","kind":"FHA"}},{"type":"Feature","geometry":{"type":"Point","coordinates":[-86.166408,39.812049]},"properties":{"year":1936,"period":"1935-40","kind":"FHA"}},{"type":"Feature","geometry":{"type":"Point","coordinates":[-86.140909,39.810283]},"properties":{"year":1936,"period":"1935-40","kind":"FHA"}},{"type":"Feature","geometry":{"type":"Point","coordinates":[-86.093056,39.787355]},"properties":{"year":1936,"period":"1935-40","kind":"FHA"}},{"type":"Feature","geometry":{"type":"Point","coordinates":[-86.136073,39.860839]},"properties":{"year":1936,"period":"1935-40","kind":"FHA"}},{"type":"Feature","geometry":{"type":"Point","coordinates":[-86.188477,39.803244]},"properties":{"year":1936,"period":"1935-40","kind":"FHA"}},{"type":"Feature","geometry":{"type":"Point","coordinates":[-86.0900477742988,39.8980926442947]},"properties":{"year":1936,"period":"1935-40","kind":"FHA"}},{"type":"Feature","geometry":{"type":"Point","coordinates":[-86.2522373,39.7723059]},"properties":{"year":1936,"period":"1935-40","kind":"FHA"}},{"type":"Feature","geometry":{"type":"Point","coordinates":[-86.14768,39.830469]},"properties":{"year":1936,"period":"1935-40","kind":"FHA"}},{"type":"Feature","geometry":{"type":"Point","coordinates":[-86.147665,39.843757]},"properties":{"year":1936,"period":"1935-40","kind":"FHA"}},{"type":"Feature","geometry":{"type":"Point","coordinates":[-86.140052,39.723408]},"properties":{"year":1936,"period":"1935-40","kind":"FHA"}},{"type":"Feature","geometry":{"type":"Point","coordinates":[-86.185999,39.803826]},"properties":{"year":1936,"period":"1935-40","kind":"FHA"}},{"type":"Feature","geometry":{"type":"Point","coordinates":[-86.061948,39.76701]},"properties":{"year":1936,"period":"1935-40","kind":"FHA"}},{"type":"Feature","geometry":{"type":"Point","coordinates":[-86.151035,39.811499]},"properties":{"year":1936,"period":"1935-40","kind":"FHA"}},{"type":"Feature","geometry":{"type":"Point","coordinates":[-86.2029161853611,39.8247719354063]},"properties":{"year":1936,"period":"1935-40","kind":"FHA"}},{"type":"Feature","geometry":{"type":"Point","coordinates":[-86.153441,39.844713]},"properties":{"year":1936,"period":"1935-40","kind":"FHA"}},{"type":"Feature","geometry":{"type":"Point","coordinates":[-86.0976634322322,39.8199646178583]},"properties":{"year":1936,"period":"1935-40","kind":"FHA"}},{"type":"Feature","geometry":{"type":"Point","coordinates":[-86.145639,39.862776]},"properties":{"year":1936,"period":"1935-40","kind":"FHA"}},{"type":"Feature","geometry":{"type":"Point","coordinates":[-86.113623,39.784613]},"properties":{"year":1936,"period":"1935-40","kind":"FHA"}},{"type":"Feature","geometry":{"type":"Point","coordinates":[-86.203183,39.789543]},"properties":{"year":1936,"period":"1935-40","kind":"FHA"}},{"type":"Feature","geometry":{"type":"Point","coordinates":[-86.09251,39.784119]},"properties":{"year":1936,"period":"1935-40","kind":"FHA"}},{"type":"Feature","geometry":{"type":"Point","coordinates":[-86.091632,39.772333]},"properties":{"year":1936,"period":"1935-40","kind":"FHA"}},{"type":"Feature","geometry":{"type":"Point","coordinates":[-86.096004,39.786703]},"properties":{"year":1936,"period":"1935-40","kind":"FHA"}},{"type":"Feature","geometry":{"type":"Point","coordinates":[-86.083909,39.745981]},"properties":{"year":1936,"period":"1935-40","kind":"FHA"}},{"type":"Feature","geometry":{"type":"Point","coordinates":[-86.149949,39.814577]},"properties":{"year":1936,"period":"1935-40","kind":"FHA"}},{"type":"Feature","geometry":{"type":"Point","coordinates":[-86.141729,39.798508]},"properties":{"year":1936,"period":"1935-40","kind":"FHA"}},{"type":"Feature","geometry":{"type":"Point","coordinates":[-86.067342,39.777401]},"properties":{"year":1936,"period":"1935-40","kind":"FHA"}},{"type":"Feature","geometry":{"type":"Point","coordinates":[-86.148531,39.821721]},"properties":{"year":1936,"period":"1935-40","kind":"FHA"}},{"type":"Feature","geometry":{"type":"Point","coordinates":[-86.149192,39.847067]},"properties":{"year":1936,"period":"1935-40","kind":"FHA"}},{"type":"Feature","geometry":{"type":"Point","coordinates":[-86.097669,39.822357]},"properties":{"year":1936,"period":"1935-40","kind":"FHA"}},{"type":"Feature","geometry":{"type":"Point","coordinates":[-86.152015401541,39.8499612179914]},"properties":{"year":1936,"period":"1935-40","kind":"FHA"}},{"type":"Feature","geometry":{"type":"Point","coordinates":[-86.2214124147576,39.7828012662595]},"properties":{"year":1936,"period":"1935-40","kind":"FHA"}},{"type":"Feature","geometry":{"type":"Point","coordinates":[-86.137260671581,39.73198193203]},"properties":{"year":1936,"period":"1935-40","kind":"FHA"}},{"type":"Feature","geometry":{"type":"Point","coordinates":[-86.062744,39.767281]},"properties":{"year":1936,"period":"1935-40","kind":"FHA"}},{"type":"Feature","geometry":{"type":"Point","coordinates":[-86.143076,39.847835]},"properties":{"year":1936,"period":"1935-40","kind":"FHA"}},{"type":"Feature","geometry":{"type":"Point","coordinates":[-86.144487,39.868116]},"properties":{"year":1936,"period":"1935-40","kind":"FHA"}},{"type":"Feature","geometry":{"type":"Point","coordinates":[-86.141333,39.825878]},"properties":{"year":1936,"period":"1935-40","kind":"FHA"}},{"type":"Feature","geometry":{"type":"Point","coordinates":[-86.162471,39.816052]},"properties":{"year":1936,"period":"1935-40","kind":"FHA"}},{"type":"Feature","geometry":{"type":"Point","coordinates":[-86.146698,39.803752]},"properties":{"year":1936,"period":"1935-40","kind":"FHA"}},{"type":"Feature","geometry":{"type":"Point","coordinates":[-86.177703,39.813897]},"properties":{"year":1936,"period":"1935-40","kind":"FHA"}},{"type":"Feature","geometry":{"type":"Point","coordinates":[-86.161372,39.827561]},"properties":{"year":1936,"period":"1935-40","kind":"FHA"}},{"type":"Feature","geometry":{"type":"Point","coordinates":[-86.2324152,39.8480984]},"properties":{"year":1936,"period":"1935-40","kind":"FHA"}},{"type":"Feature","geometry":{"type":"Point","coordinates":[-86.091399,39.78613]},"properties":{"year":1936,"period":"1935-40","kind":"FHA"}},{"type":"Feature","geometry":{"type":"Point","coordinates":[-86.160976,39.851091]},"properties":{"year":1936,"period":"1935-40","kind":"FHA"}},{"type":"Feature","geometry":{"type":"Point","coordinates":[-86.1367993316502,39.7319489282828]},"properties":{"year":1936,"period":"1935-40","kind":"FHA"}},{"type":"Feature","geometry":{"type":"Point","coordinates":[-86.146975,39.862405]},"properties":{"year":1936,"period":"1935-40","kind":"FHA"}},{"type":"Feature","geometry":{"type":"Point","coordinates":[-86.136728,39.864985]},"properties":{"year":1936,"period":"1935-40","kind":"FHA"}},{"type":"Feature","geometry":{"type":"Point","coordinates":[-86.143976,39.831136]},"properties":{"year":1936,"period":"1935-40","kind":"FHA"}},{"type":"Feature","geometry":{"type":"Point","coordinates":[-86.1315847,39.9122004]},"properties":{"year":1936,"period":"1935-40","kind":"FHA"}},{"type":"Feature","geometry":{"type":"Point","coordinates":[-86.149524,39.831552]},"properties":{"year":1936,"period":"1935-40","kind":"FHA"}},{"type":"Feature","geometry":{"type":"Point","coordinates":[-86.119706,39.77002]},"properties":{"year":1936,"period":"1935-40","kind":"FHA"}},{"type":"Feature","geometry":{"type":"Point","coordinates":[-86.116463,39.778094]},"properties":{"year":1936,"period":"1935-40","kind":"FHA"}},{"type":"Feature","geometry":{"type":"Point","coordinates":[-86.11437,39.770775]},"properties":{"year":1936,"period":"1935-40","kind":"FHA"}},{"type":"Feature","geometry":{"type":"Point","coordinates":[-86.087725,39.782059]},"properties":{"year":1936,"period":"1935-40","kind":"FHA"}},{"type":"Feature","geometry":{"type":"Point","coordinates":[-86.093033,39.784803]},"properties":{"year":1936,"period":"1935-40","kind":"FHA"}},{"type":"Feature","geometry":{"type":"Point","coordinates":[-86.149959,39.866028]},"properties":{"year":1936,"period":"1935-40","kind":"FHA"}},{"type":"Feature","geometry":{"type":"Point","coordinates":[-86.13489,39.685114]},"properties":{"year":1936,"period":"1935-40","kind":"FHA"}},{"type":"Feature","geometry":{"type":"Point","coordinates":[-86.189797,39.80566]},"properties":{"year":1936,"period":"1935-40","kind":"FHA"}},{"type":"Feature","geometry":{"type":"Point","coordinates":[-86.151725,39.858736]},"properties":{"year":1936,"period":"1935-40","kind":"FHA"}},{"type":"Feature","geometry":{"type":"Point","coordinates":[-86.10821,39.78856]},"properties":{"year":1936,"period":"1935-40","kind":"FHA"}},{"type":"Feature","geometry":{"type":"Point","coordinates":[-86.216006,39.783109]},"properties":{"year":1936,"period":"1935-40","kind":"FHA"}},{"type":"Feature","geometry":{"type":"Point","coordinates":[-86.103552,39.787314]},"properties":{"year":1936,"period":"1935-40","kind":"FHA"}},{"type":"Feature","geometry":{"type":"Point","coordinates":[-86.161418,39.84044]},"properties":{"year":1936,"period":"1935-40","kind":"FHA"}},{"type":"Feature","geometry":{"type":"Point","coordinates":[-86.10931,39.776002]},"properties":{"year":1936,"period":"1935-40","kind":"FHA"}},{"type":"Feature","geometry":{"type":"Point","coordinates":[-86.093952,39.783102]},"properties":{"year":1936,"period":"1935-40","kind":"FHA"}},{"type":"Feature","geometry":{"type":"Point","coordinates":[-86.151198,39.874611]},"properties":{"year":1936,"period":"1935-40","kind":"FHA"}},{"type":"Feature","geometry":{"type":"Point","coordinates":[-86.109493,39.787056]},"properties":{"year":1936,"period":"1935-40","kind":"FHA"}},{"type":"Feature","geometry":{"type":"Point","coordinates":[-86.120491,39.777608]},"properties":{"year":1936,"period":"1935-40","kind":"FHA"}},{"type":"Feature","geometry":{"type":"Point","coordinates":[-86.143946,39.822342]},"properties":{"year":1936,"period":"1935-40","kind":"FHA"}},{"type":"Feature","geometry":{"type":"Point","coordinates":[-86.208774,39.790379]},"properties":{"year":1936,"period":"1935-40","kind":"FHA"}},{"type":"Feature","geometry":{"type":"Point","coordinates":[-86.163242,39.838153]},"properties":{"year":1936,"period":"1935-40","kind":"FHA"}},{"type":"Feature","geometry":{"type":"Point","coordinates":[-86.073932,39.773972]},"properties":{"year":1936,"period":"1935-40","kind":"FHA"}},{"type":"Feature","geometry":{"type":"Point","coordinates":[-86.147641,39.854066]},"properties":{"year":1936,"period":"1935-40","kind":"FHA"}},{"type":"Feature","geometry":{"type":"Point","coordinates":[-86.095509,39.782606]},"properties":{"year":1936,"period":"1935-40","kind":"FHA"}},{"type":"Feature","geometry":{"type":"Point","coordinates":[-86.13673,39.86622]},"properties":{"year":1936,"period":"1935-40","kind":"FHA"}},{"type":"Feature","geometry":{"type":"Point","coordinates":[-86.100812,39.775466]},"properties":{"year":1936,"period":"1935-40","kind":"FHA"}},{"type":"Feature","geometry":{"type":"Point","coordinates":[-86.135018,39.86262]},"properties":{"year":1936,"period":"1935-40","kind":"FHA"}},{"type":"Feature","geometry":{"type":"Point","coordinates":[-86.101208,39.772765]},"properties":{"year":1936,"period":"1935-40","kind":"FHA"}},{"type":"Feature","geometry":{"type":"Point","coordinates":[-86.099778,39.781636]},"properties":{"year":1936,"period":"1935-40","kind":"FHA"}},{"type":"Feature","geometry":{"type":"Point","coordinates":[-86.229079,39.760005]},"properties":{"year":1936,"period":"1935-40","kind":"FHA"}},{"type":"Feature","geometry":{"type":"Point","coordinates":[-86.024036,39.777312]},"properties":{"year":1936,"period":"1935-40","kind":"FHA"}},{"type":"Feature","geometry":{"type":"Point","coordinates":[-86.148255,39.814463]},"properties":{"year":1936,"period":"1935-40","kind":"FHA"}},{"type":"Feature","geometry":{"type":"Point","coordinates":[-86.141632,39.828575]},"properties":{"year":1936,"period":"1935-40","kind":"FHA"}},{"type":"Feature","geometry":{"type":"Point","coordinates":[-86.148378,39.824182]},"properties":{"year":1936,"period":"1935-40","kind":"FHA"}},{"type":"Feature","geometry":{"type":"Point","coordinates":[-86.15208,39.807601]},"properties":{"year":1936,"period":"1935-40","kind":"FHA"}},{"type":"Feature","geometry":{"type":"Point","coordinates":[-86.145478,39.84917]},"properties":{"year":1936,"period":"1935-40","kind":"FHA"}},{"type":"Feature","geometry":{"type":"Point","coordinates":[-86.152645,39.867693]},"properties":{"year":1936,"period":"1935-40","kind":"FHA"}},{"type":"Feature","geometry":{"type":"Point","coordinates":[-86.1492260940812,39.9016342390589]},"properties":{"year":1936,"period":"1935-40","kind":"FHA"}},{"type":"Feature","geometry":{"type":"Point","coordinates":[-86.111473,39.764045]},"properties":{"year":1936,"period":"1935-40","kind":"FHA"}},{"type":"Feature","geometry":{"type":"Point","coordinates":[-86.2295,39.760747]},"properties":{"year":1936,"period":"1935-40","kind":"FHA"}},{"type":"Feature","geometry":{"type":"Point","coordinates":[-86.081748,39.776068]},"properties":{"year":1936,"period":"1935-40","kind":"FHA"}},{"type":"Feature","geometry":{"type":"Point","coordinates":[-86.181774,39.810896]},"properties":{"year":1936,"period":"1935-40","kind":"FHA"}},{"type":"Feature","geometry":{"type":"Point","coordinates":[-86.095998,39.774379]},"properties":{"year":1936,"period":"1935-40","kind":"FHA"}},{"type":"Feature","geometry":{"type":"Point","coordinates":[-86.116219,39.782297]},"properties":{"year":1936,"period":"1935-40","kind":"FHA"}},{"type":"Feature","geometry":{"type":"Point","coordinates":[-86.12606,39.747137]},"properties":{"year":1936,"period":"1935-40","kind":"FHA"}},{"type":"Feature","geometry":{"type":"Point","coordinates":[-86.164438,39.82513]},"properties":{"year":1936,"period":"1935-40","kind":"FHA"}},{"type":"Feature","geometry":{"type":"Point","coordinates":[-86.1528085745599,39.8154923359523]},"properties":{"year":1936,"period":"1935-40","kind":"FHA"}},{"type":"Feature","geometry":{"type":"Point","coordinates":[-86.060365,39.771515]},"properties":{"year":1936,"period":"1935-40","kind":"FHA"}},{"type":"Feature","geometry":{"type":"Point","coordinates":[-86.160847,39.843755]},"properties":{"year":1936,"period":"1935-40","kind":"FHA"}},{"type":"Feature","geometry":{"type":"Point","coordinates":[-86.201853,39.78657]},"properties":{"year":1936,"period":"1935-40","kind":"FHA"}},{"type":"Feature","geometry":{"type":"Point","coordinates":[-86.154278,39.724521]},"properties":{"year":1936,"period":"1935-40","kind":"FHA"}},{"type":"Feature","geometry":{"type":"Point","coordinates":[-86.215249,39.77451]},"properties":{"year":1936,"period":"1935-40","kind":"FHA"}},{"type":"Feature","geometry":{"type":"Point","coordinates":[-86.226366,39.762585]},"properties":{"year":1936,"period":"1935-40","kind":"FHA"}},{"type":"Feature","geometry":{"type":"Point","coordinates":[-86.170168,39.834522]},"properties":{"year":1936,"period":"1935-40","kind":"FHA"}},{"type":"Feature","geometry":{"type":"Point","coordinates":[-86.152089,39.837436]},"properties":{"year":1936,"period":"1935-40","kind":"FHA"}},{"type":"Feature","geometry":{"type":"Point","coordinates":[-86.2019984,39.8668876]},"properties":{"year":1936,"period":"1935-40","kind":"FHA"}},{"type":"Feature","geometry":{"type":"Point","coordinates":[-86.139124,39.734867]},"properties":{"year":1936,"period":"1935-40","kind":"FHA"}},{"type":"Feature","geometry":{"type":"Point","coordinates":[-86.110845,39.785804]},"properties":{"year":1936,"period":"1935-40","kind":"FHA"}},{"type":"Feature","geometry":{"type":"Point","coordinates":[-86.127449,39.744164]},"properties":{"year":1936,"period":"1935-40","kind":"FHA"}},{"type":"Feature","geometry":{"type":"Point","coordinates":[-86.13925482127,39.7350533282722]},"properties":{"year":1936,"period":"1935-40","kind":"FHA"}},{"type":"Feature","geometry":{"type":"Point","coordinates":[-86.215932,39.779906]},"properties":{"year":1936,"period":"1935-40","kind":"FHA"}},{"type":"Feature","geometry":{"type":"Point","coordinates":[-86.122009,39.822999]},"properties":{"year":1936,"period":"1935-40","kind":"FHA"}},{"type":"Feature","geometry":{"type":"Point","coordinates":[-86.088502,39.780586]},"properties":{"year":1936,"period":"1935-40","kind":"FHA"}},{"type":"Feature","geometry":{"type":"Point","coordinates":[-86.131708,39.755907]},"properties":{"year":1936,"period":"1935-40","kind":"FHA"}},{"type":"Feature","geometry":{"type":"Point","coordinates":[-86.145557,39.738328]},"properties":{"year":1936,"period":"1935-40","kind":"FHA"}},{"type":"Feature","geometry":{"type":"Point","coordinates":[-86.143823,39.726158]},"properties":{"year":1936,"period":"1935-40","kind":"FHA"}},{"type":"Feature","geometry":{"type":"Point","coordinates":[-86.138897,39.821395]},"properties":{"year":1936,"period":"1935-40","kind":"FHA"}},{"type":"Feature","geometry":{"type":"Point","coordinates":[-86.11,39.786944]},"properties":{"year":1936,"period":"1935-40","kind":"FHA"}},{"type":"Feature","geometry":{"type":"Point","coordinates":[-86.090477,39.772712]},"properties":{"year":1938,"period":"1935-40","kind":"FHA"}},{"type":"Feature","geometry":{"type":"Point","coordinates":[-86.135555,39.775642]},"properties":{"year":1936,"period":"1935-40","kind":"FHA"}},{"type":"Feature","geometry":{"type":"Point","coordinates":[-86.187803,39.799637]},"properties":{"year":1936,"period":"1935-40","kind":"FHA"}},{"type":"Feature","geometry":{"type":"Point","coordinates":[-86.198401,39.753908]},"properties":{"year":1936,"period":"1935-40","kind":"FHA"}},{"type":"Feature","geometry":{"type":"Point","coordinates":[-86.201713,39.766764]},"properties":{"year":1936,"period":"1935-40","kind":"FHA"}},{"type":"Feature","geometry":{"type":"Point","coordinates":[-86.098448,39.785315]},"properties":{"year":1936,"period":"1935-40","kind":"FHA"}},{"type":"Feature","geometry":{"type":"Point","coordinates":[-86.122009,39.822999]},"properties":{"year":1936,"period":"1935-40","kind":"FHA"}},{"type":"Feature","geometry":{"type":"Point","coordinates":[-86.146318,39.746088]},"properties":{"year":1936,"period":"1935-40","kind":"FHA"}},{"type":"Feature","geometry":{"type":"Point","coordinates":[-86.099649,39.777659]},"properties":{"year":1936,"period":"1935-40","kind":"FHA"}},{"type":"Feature","geometry":{"type":"Point","coordinates":[-86.144138,39.8175]},"properties":{"year":1936,"period":"1935-40","kind":"FHA"}},{"type":"Feature","geometry":{"type":"Point","coordinates":[-86.150367,39.846337]},"properties":{"year":1936,"period":"1935-40","kind":"FHA"}},{"type":"Feature","geometry":{"type":"Point","coordinates":[-86.160159,39.820382]},"properties":{"year":1936,"period":"1935-40","kind":"FHA"}},{"type":"Feature","geometry":{"type":"Point","coordinates":[-86.067242,39.772701]},"properties":{"year":1936,"period":"1935-40","kind":"FHA"}},{"type":"Feature","geometry":{"type":"Point","coordinates":[-86.127449,39.744164]},"properties":{"year":1936,"period":"1935-40","kind":"FHA"}},{"type":"Feature","geometry":{"type":"Point","coordinates":[-86.144,39.835658]},"properties":{"year":1936,"period":"1935-40","kind":"FHA"}},{"type":"Feature","geometry":{"type":"Point","coordinates":[-86.096624,39.778526]},"properties":{"year":1936,"period":"1935-40","kind":"FHA"}},{"type":"Feature","geometry":{"type":"Point","coordinates":[-86.0632199,39.7246377]},"properties":{"year":1936,"period":"1935-40","kind":"FHA"}},{"type":"Feature","geometry":{"type":"Point","coordinates":[-86.247726,39.788181]},"properties":{"year":1936,"period":"1935-40","kind":"FHA"}},{"type":"Feature","geometry":{"type":"Point","coordinates":[-86.144941,39.864948]},"properties":{"year":1938,"period":"1935-40","kind":"FHA"}},{"type":"Feature","geometry":{"type":"Point","coordinates":[-86.147954,39.822893]},"properties":{"year":1936,"period":"1935-40","kind":"FHA"}},{"type":"Feature","geometry":{"type":"Point","coordinates":[-86.095998,39.774379]},"properties":{"year":1936,"period":"1935-40","kind":"FHA"}},{"type":"Feature","geometry":{"type":"Point","coordinates":[-86.200352,39.770381]},"properties":{"year":1936,"period":"1935-40","kind":"FHA"}},{"type":"Feature","geometry":{"type":"Point","coordinates":[-86.120206,39.869741]},"properties":{"year":1936,"period":"1935-40","kind":"FHA"}},{"type":"Feature","geometry":{"type":"Point","coordinates":[-86.15005,39.872209]},"properties":{"year":1936,"period":"1935-40","kind":"FHA"}},{"type":"Feature","geometry":{"type":"Point","coordinates":[-86.08719,39.780812]},"properties":{"year":1936,"period":"1935-40","kind":"FHA"}},{"type":"Feature","geometry":{"type":"Point","coordinates":[-86.133267,39.867714]},"properties":{"year":1936,"period":"1935-40","kind":"FHA"}},{"type":"Feature","geometry":{"type":"Point","coordinates":[-86.09532,39.776545]},"properties":{"year":1936,"period":"1935-40","kind":"FHA"}},{"type":"Feature","geometry":{"type":"Point","coordinates":[-86.144851,39.738642]},"properties":{"year":1936,"period":"1935-40","kind":"FHA"}},{"type":"Feature","geometry":{"type":"Point","coordinates":[-86.113292,39.773856]},"properties":{"year":1936,"period":"1935-40","kind":"FHA"}},{"type":"Feature","geometry":{"type":"Point","coordinates":[-86.108603,39.783019]},"properties":{"year":1936,"period":"1935-40","kind":"FHA"}},{"type":"Feature","geometry":{"type":"Point","coordinates":[-86.145947,39.749773]},"properties":{"year":1936,"period":"1935-40","kind":"FHA"}},{"type":"Feature","geometry":{"type":"Point","coordinates":[-86.214773,39.772975]},"properties":{"year":1936,"period":"1935-40","kind":"FHA"}},{"type":"Feature","geometry":{"type":"Point","coordinates":[-86.057247,39.78549]},"properties":{"year":1936,"period":"1935-40","kind":"FHA"}},{"type":"Feature","geometry":{"type":"Point","coordinates":[-86.13734,39.772814]},"properties":{"year":1936,"period":"1935-40","kind":"FHA"}},{"type":"Feature","geometry":{"type":"Point","coordinates":[-86.141259,39.818102]},"properties":{"year":1936,"period":"1935-40","kind":"FHA"}},{"type":"Feature","geometry":{"type":"Point","coordinates":[-86.244476,39.784483]},"properties":{"year":1936,"period":"1935-40","kind":"FHA"}},{"type":"Feature","geometry":{"type":"Point","coordinates":[-86.147333,39.857666]},"properties":{"year":1936,"period":"1935-40","kind":"FHA"}},{"type":"Feature","geometry":{"type":"Point","coordinates":[-86.24361,39.787066]},"properties":{"year":1936,"period":"1935-40","kind":"FHA"}},{"type":"Feature","geometry":{"type":"Point","coordinates":[-86.085719,39.778528]},"properties":{"year":1936,"period":"1935-40","kind":"FHA"}},{"type":"Feature","geometry":{"type":"Point","coordinates":[-86.144664,39.859671]},"properties":{"year":1936,"period":"1935-40","kind":"FHA"}},{"type":"Feature","geometry":{"type":"Point","coordinates":[-86.146203,39.796472]},"properties":{"year":1936,"period":"1935-40","kind":"FHA"}},{"type":"Feature","geometry":{"type":"Point","coordinates":[-86.140791,39.826741]},"properties":{"year":1936,"period":"1935-40","kind":"FHA"}},{"type":"Feature","geometry":{"type":"Point","coordinates":[-86.059797,39.77218]},"properties":{"year":1936,"period":"1935-40","kind":"FHA"}},{"type":"Feature","geometry":{"type":"Point","coordinates":[-86.1493149619803,39.8095122138056]},"properties":{"year":1936,"period":"1935-40","kind":"FHA"}},{"type":"Feature","geometry":{"type":"Point","coordinates":[-86.14861,39.834023]},"properties":{"year":1936,"period":"1935-40","kind":"FHA"}},{"type":"Feature","geometry":{"type":"Point","coordinates":[-86.132318,39.768879]},"properties":{"year":1936,"period":"1935-40","kind":"FHA"}},{"type":"Feature","geometry":{"type":"Point","coordinates":[-86.081092,39.781804]},"properties":{"year":1936,"period":"1935-40","kind":"FHA"}},{"type":"Feature","geometry":{"type":"Point","coordinates":[-86.160175,39.827039]},"properties":{"year":1936,"period":"1935-40","kind":"FHA"}},{"type":"Feature","geometry":{"type":"Point","coordinates":[-86.1277427015461,39.7482460573625]},"properties":{"year":1936,"period":"1935-40","kind":"FHA"}},{"type":"Feature","geometry":{"type":"Point","coordinates":[-86.14852,39.822056]},"properties":{"year":1936,"period":"1935-40","kind":"FHA"}},{"type":"Feature","geometry":{"type":"Point","coordinates":[-86.097846,39.780574]},"properties":{"year":1936,"period":"1935-40","kind":"FHA"}},{"type":"Feature","geometry":{"type":"Point","coordinates":[-86.152121,39.808311]},"properties":{"year":1936,"period":"1935-40","kind":"FHA"}},{"type":"Feature","geometry":{"type":"Point","coordinates":[-86.064554,39.777699]},"properties":{"year":1936,"period":"1935-40","kind":"FHA"}},{"type":"Feature","geometry":{"type":"Point","coordinates":[-86.086736,39.783317]},"properties":{"year":1936,"period":"1935-40","kind":"FHA"}},{"type":"Feature","geometry":{"type":"Point","coordinates":[-86.223781,39.7735948]},"properties":{"year":1936,"period":"1935-40","kind":"FHA"}},{"type":"Feature","geometry":{"type":"Point","coordinates":[-86.164984,39.84746]},"properties":{"year":1936,"period":"1935-40","kind":"FHA"}},{"type":"Feature","geometry":{"type":"Point","coordinates":[-86.144006,39.829884]},"properties":{"year":1936,"period":"1935-40","kind":"FHA"}},{"type":"Feature","geometry":{"type":"Point","coordinates":[-86.151878,39.810823]},"properties":{"year":1936,"period":"1935-40","kind":"FHA"}},{"type":"Feature","geometry":{"type":"Point","coordinates":[-86.134358,39.865033]},"properties":{"year":1936,"period":"1935-40","kind":"FHA"}},{"type":"Feature","geometry":{"type":"Point","coordinates":[-86.141988,39.862934]},"properties":{"year":1936,"period":"1935-40","kind":"FHA"}},{"type":"Feature","geometry":{"type":"Point","coordinates":[-86.182536,39.811221]},"properties":{"year":1936,"period":"1935-40","kind":"FHA"}},{"type":"Feature","geometry":{"type":"Point","coordinates":[-86.099693,39.779461]},"properties":{"year":1936,"period":"1935-40","kind":"FHA"}},{"type":"Feature","geometry":{"type":"Point","coordinates":[-86.096793,39.817967]},"properties":{"year":1936,"period":"1935-40","kind":"FHA"}},{"type":"Feature","geometry":{"type":"Point","coordinates":[-86.097896,39.782242]},"properties":{"year":1936,"period":"1935-40","kind":"FHA"}},{"type":"Feature","geometry":{"type":"Point","coordinates":[-86.089657,39.774636]},"properties":{"year":1936,"period":"1935-40","kind":"FHA"}},{"type":"Feature","geometry":{"type":"Point","coordinates":[-86.1841388421304,39.815233090437]},"properties":{"year":1936,"period":"1935-40","kind":"FHA"}},{"type":"Feature","geometry":{"type":"Point","coordinates":[-86.142282,39.865181]},"properties":{"year":1936,"period":"1935-40","kind":"FHA"}},{"type":"Feature","geometry":{"type":"Point","coordinates":[-86.160989,39.852044]},"properties":{"year":1936,"period":"1935-40","kind":"FHA"}},{"type":"Feature","geometry":{"type":"Point","coordinates":[-86.15341,39.808443]},"properties":{"year":1936,"period":"1935-40","kind":"FHA"}},{"type":"Feature","geometry":{"type":"Point","coordinates":[-86.150965,39.851319]},"properties":{"year":1936,"period":"1935-40","kind":"FHA"}},{"type":"Feature","geometry":{"type":"Point","coordinates":[-86.140021,39.820961]},"properties":{"year":1936,"period":"1935-40","kind":"FHA"}},{"type":"Feature","geometry":{"type":"Point","coordinates":[-86.152572,39.872037]},"properties":{"year":1936,"period":"1935-40","kind":"FHA"}},{"type":"Feature","geometry":{"type":"Point","coordinates":[-86.154648,39.861649]},"properties":{"year":1936,"period":"1935-40","kind":"FHA"}},{"type":"Feature","geometry":{"type":"Point","coordinates":[-86.1657,39.847852]},"properties":{"year":1936,"period":"1935-40","kind":"FHA"}},{"type":"Feature","geometry":{"type":"Point","coordinates":[-86.148266,39.813317]},"properties":{"year":1936,"period":"1935-40","kind":"FHA"}},{"type":"Feature","geometry":{"type":"Point","coordinates":[-86.151077,39.812618]},"properties":{"year":1936,"period":"1935-40","kind":"FHA"}},{"type":"Feature","geometry":{"type":"Point","coordinates":[-86.108098,39.782195]},"properties":{"year":1936,"period":"1935-40","kind":"FHA"}},{"type":"Feature","geometry":{"type":"Point","coordinates":[-86.109456,39.78515]},"properties":{"year":1936,"period":"1935-40","kind":"FHA"}},{"type":"Feature","geometry":{"type":"Point","coordinates":[-86.128924,39.77912]},"properties":{"year":1936,"period":"1935-40","kind":"FHA"}},{"type":"Feature","geometry":{"type":"Point","coordinates":[-86.141241,39.798632]},"properties":{"year":1936,"period":"1935-40","kind":"FHA"}},{"type":"Feature","geometry":{"type":"Point","coordinates":[-86.14237,39.840853]},"properties":{"year":1936,"period":"1935-40","kind":"FHA"}},{"type":"Feature","geometry":{"type":"Point","coordinates":[-86.1710749305231,39.8126221477487]},"properties":{"year":1936,"period":"1935-40","kind":"FHA"}},{"type":"Feature","geometry":{"type":"Point","coordinates":[-86.122199,39.823589]},"properties":{"year":1936,"period":"1935-40","kind":"FHA"}},{"type":"Feature","geometry":{"type":"Point","coordinates":[-86.247225,39.789155]},"properties":{"year":1936,"period":"1935-40","kind":"FHA"}},{"type":"Feature","geometry":{"type":"Point","coordinates":[-86.1486209868948,39.8675850000553]},"properties":{"year":1936,"period":"1935-40","kind":"FHA"}},{"type":"Feature","geometry":{"type":"Point","coordinates":[-86.2457491745612,39.7904070306027]},"properties":{"year":1936,"period":"1935-40","kind":"FHA"}},{"type":"Feature","geometry":{"type":"Point","coordinates":[-86.146769,39.843352]},"properties":{"year":1936,"period":"1935-40","kind":"FHA"}},{"type":"Feature","geometry":{"type":"Point","coordinates":[-86.10198,39.770744]},"properties":{"year":1936,"period":"1935-40","kind":"FHA"}},{"type":"Feature","geometry":{"type":"Point","coordinates":[-86.1440023733729,39.850325157707]},"properties":{"year":1936,"period":"1935-40","kind":"FHA"}},{"type":"Feature","geometry":{"type":"Point","coordinates":[-86.156702,39.825299]},"properties":{"year":1936,"period":"1935-40","kind":"FHA"}},{"type":"Feature","geometry":{"type":"Point","coordinates":[-86.062527,39.767289]},"properties":{"year":1936,"period":"1935-40","kind":"FHA"}},{"type":"Feature","geometry":{"type":"Point","coordinates":[-86.154182,39.822872]},"properties":{"year":1936,"period":"1935-40","kind":"FHA"}},{"type":"Feature","geometry":{"type":"Point","coordinates":[-86.132653,39.867161]},"properties":{"year":1936,"period":"1935-40","kind":"FHA"}},{"type":"Feature","geometry":{"type":"Point","coordinates":[-86.139651,39.705676]},"properties":{"year":1936,"period":"1935-40","kind":"FHA"}},{"type":"Feature","geometry":{"type":"Point","coordinates":[-86.097922,39.77455]},"properties":{"year":1936,"period":"1935-40","kind":"FHA"}},{"type":"Feature","geometry":{"type":"Point","coordinates":[-86.144404,39.848846]},"properties":{"year":1936,"period":"1935-40","kind":"FHA"}},{"type":"Feature","geometry":{"type":"Point","coordinates":[-86.154648,39.861649]},"properties":{"year":1936,"period":"1935-40","kind":"FHA"}},{"type":"Feature","geometry":{"type":"Point","coordinates":[-86.144082,39.844216]},"properties":{"year":1936,"period":"1935-40","kind":"FHA"}},{"type":"Feature","geometry":{"type":"Point","coordinates":[-86.140891,39.837845]},"properties":{"year":1936,"period":"1935-40","kind":"FHA"}},{"type":"Feature","geometry":{"type":"Point","coordinates":[-86.091778,39.776665]},"properties":{"year":1936,"period":"1935-40","kind":"FHA"}},{"type":"Feature","geometry":{"type":"Point","coordinates":[-86.172825,39.833657]},"properties":{"year":1936,"period":"1935-40","kind":"FHA"}},{"type":"Feature","geometry":{"type":"Point","coordinates":[-86.085763,39.783247]},"properties":{"year":1936,"period":"1935-40","kind":"FHA"}},{"type":"Feature","geometry":{"type":"Point","coordinates":[-86.11987,39.787295]},"properties":{"year":1936,"period":"1935-40","kind":"FHA"}},{"type":"Feature","geometry":{"type":"Point","coordinates":[-86.100806,39.775892]},"properties":{"year":1936,"period":"1935-40","kind":"FHA"}},{"type":"Feature","geometry":{"type":"Point","coordinates":[-86.1482950292265,39.7499687449879]},"properties":{"year":1936,"period":"1935-40","kind":"FHA"}},{"type":"Feature","geometry":{"type":"Point","coordinates":[-86.150097,39.882327]},"properties":{"year":1936,"period":"1935-40","kind":"FHA"}},{"type":"Feature","geometry":{"type":"Point","coordinates":[-86.206291,39.770202]},"properties":{"year":1936,"period":"1935-40","kind":"FHA"}},{"type":"Feature","geometry":{"type":"Point","coordinates":[-86.246221,39.784952]},"properties":{"year":1936,"period":"1935-40","kind":"FHA"}},{"type":"Feature","geometry":{"type":"Point","coordinates":[-86.008888,39.7733]},"properties":{"year":1936,"period":"1935-40","kind":"FHA"}},{"type":"Feature","geometry":{"type":"Point","coordinates":[-86.008847,39.772858]},"properties":{"year":1936,"period":"1935-40","kind":"FHA"}},{"type":"Feature","geometry":{"type":"Point","coordinates":[-86.005497,39.773471]},"properties":{"year":1936,"period":"1935-40","kind":"FHA"}},{"type":"Feature","geometry":{"type":"Point","coordinates":[-86.149562,39.83185]},"properties":{"year":1936,"period":"1935-40","kind":"FHA"}},{"type":"Feature","geometry":{"type":"Point","coordinates":[-86.151094,39.808808]},"properties":{"year":1936,"period":"1935-40","kind":"FHA"}},{"type":"Feature","geometry":{"type":"Point","coordinates":[-86.126587,39.775753]},"properties":{"year":1936,"period":"1935-40","kind":"FHA"}},{"type":"Feature","geometry":{"type":"Point","coordinates":[-86.149873,39.807547]},"properties":{"year":1936,"period":"1935-40","kind":"FHA"}},{"type":"Feature","geometry":{"type":"Point","coordinates":[-86.141426,39.86247]},"properties":{"year":1936,"period":"1935-40","kind":"FHA"}},{"type":"Feature","geometry":{"type":"Point","coordinates":[-86.270314,39.697584]},"properties":{"year":1936,"period":"1935-40","kind":"FHA"}},{"type":"Feature","geometry":{"type":"Point","coordinates":[-86.112874,39.779217]},"properties":{"year":1936,"period":"1935-40","kind":"FHA"}},{"type":"Feature","geometry":{"type":"Point","coordinates":[-86.149287,39.872123]},"properties":{"year":1936,"period":"1935-40","kind":"FHA"}},{"type":"Feature","geometry":{"type":"Point","coordinates":[-86.076212,39.774546]},"properties":{"year":1936,"period":"1935-40","kind":"FHA"}},{"type":"Feature","geometry":{"type":"Point","coordinates":[-86.159779,39.845964]},"properties":{"year":1936,"period":"1935-40","kind":"FHA"}},{"type":"Feature","geometry":{"type":"Point","coordinates":[-86.306245,39.649131]},"properties":{"year":1936,"period":"1935-40","kind":"FHA"}},{"type":"Feature","geometry":{"type":"Point","coordinates":[-86.119368,39.782274]},"properties":{"year":1936,"period":"1935-40","kind":"FHA"}},{"type":"Feature","geometry":{"type":"Point","coordinates":[-86.144676,39.726705]},"properties":{"year":1936,"period":"1935-40","kind":"FHA"}},{"type":"Feature","geometry":{"type":"Point","coordinates":[-86.170423,39.835075]},"properties":{"year":1936,"period":"1935-40","kind":"FHA"}},{"type":"Feature","geometry":{"type":"Point","coordinates":[-86.102066,39.777409]},"properties":{"year":1936,"period":"1935-40","kind":"FHA"}},{"type":"Feature","geometry":{"type":"Point","coordinates":[-86.227573,39.719343]},"properties":{"year":1936,"period":"1935-40","kind":"FHA"}},{"type":"Feature","geometry":{"type":"Point","coordinates":[-86.15343,39.859983]},"properties":{"year":1936,"period":"1935-40","kind":"FHA"}},{"type":"Feature","geometry":{"type":"Point","coordinates":[-86.153484,39.81174]},"properties":{"year":1936,"period":"1935-40","kind":"FHA"}},{"type":"Feature","geometry":{"type":"Point","coordinates":[-86.092432,39.769387]},"properties":{"year":1936,"period":"1935-40","kind":"FHA"}},{"type":"Feature","geometry":{"type":"Point","coordinates":[-86.1521903610689,39.8082825984606]},"properties":{"year":1936,"period":"1935-40","kind":"FHA"}},{"type":"Feature","geometry":{"type":"Point","coordinates":[-86.160927,39.847579]},"properties":{"year":1936,"period":"1935-40","kind":"FHA"}},{"type":"Feature","geometry":{"type":"Point","coordinates":[-86.101338,39.77806]},"properties":{"year":1936,"period":"1935-40","kind":"FHA"}},{"type":"Feature","geometry":{"type":"Point","coordinates":[-86.1642563745589,39.8354289267367]},"properties":{"year":1936,"period":"1935-40","kind":"FHA"}},{"type":"Feature","geometry":{"type":"Point","coordinates":[-86.14199,39.863053]},"properties":{"year":1936,"period":"1935-40","kind":"FHA"}},{"type":"Feature","geometry":{"type":"Point","coordinates":[-86.14647,39.866116]},"properties":{"year":1936,"period":"1935-40","kind":"FHA"}},{"type":"Feature","geometry":{"type":"Point","coordinates":[-86.150889,39.873522]},"properties":{"year":1936,"period":"1935-40","kind":"FHA"}},{"type":"Feature","geometry":{"type":"Point","coordinates":[-86.1501621704634,39.7815224026568]},"properties":{"year":1936,"period":"1935-40","kind":"FHA"}},{"type":"Feature","geometry":{"type":"Point","coordinates":[-86.154042,39.859981]},"properties":{"year":1936,"period":"1935-40","kind":"FHA"}},{"type":"Feature","geometry":{"type":"Point","coordinates":[-86.152537,39.848067]},"properties":{"year":1936,"period":"1935-40","kind":"FHA"}},{"type":"Feature","geometry":{"type":"Point","coordinates":[-86.2663846342476,39.7446757322798]},"properties":{"year":1936,"period":"1935-40","kind":"FHA"}},{"type":"Feature","geometry":{"type":"Point","coordinates":[-86.14595,39.729276]},"properties":{"year":1936,"period":"1935-40","kind":"FHA"}},{"type":"Feature","geometry":{"type":"Point","coordinates":[-86.15219,39.867712]},"properties":{"year":1936,"period":"1935-40","kind":"FHA"}},{"type":"Feature","geometry":{"type":"Point","coordinates":[-86.192829,39.751884]},"properties":{"year":1936,"period":"1935-40","kind":"FHA"}},{"type":"Feature","geometry":{"type":"Point","coordinates":[-86.208721,39.788894]},"properties":{"year":1936,"period":"1935-40","kind":"FHA"}},{"type":"Feature","geometry":{"type":"Point","coordinates":[-86.1518071610685,39.8170138827565]},"properties":{"year":1936,"period":"1935-40","kind":"FHA"}},{"type":"Feature","geometry":{"type":"Point","coordinates":[-86.150713,39.826516]},"properties":{"year":1936,"period":"1935-40","kind":"FHA"}},{"type":"Feature","geometry":{"type":"Point","coordinates":[-86.166197,39.835536]},"properties":{"year":1936,"period":"1935-40","kind":"FHA"}},{"type":"Feature","geometry":{"type":"Point","coordinates":[-86.1581516120007,39.7073982586555]},"properties":{"year":1936,"period":"1935-40","kind":"FHA"}},{"type":"Feature","geometry":{"type":"Point","coordinates":[-86.163583,39.838641]},"properties":{"year":1936,"period":"1935-40","kind":"FHA"}},{"type":"Feature","geometry":{"type":"Point","coordinates":[-86.070799,39.779538]},"properties":{"year":1936,"period":"1935-40","kind":"FHA"}},{"type":"Feature","geometry":{"type":"Point","coordinates":[-86.130945,39.868844]},"properties":{"year":1936,"period":"1935-40","kind":"FHA"}},{"type":"Feature","geometry":{"type":"Point","coordinates":[-86.098512,39.778643]},"properties":{"year":1936,"period":"1935-40","kind":"FHA"}},{"type":"Feature","geometry":{"type":"Point","coordinates":[-86.154448,39.851278]},"properties":{"year":1936,"period":"1935-40","kind":"FHA"}},{"type":"Feature","geometry":{"type":"Point","coordinates":[-86.14647,39.866116]},"properties":{"year":1936,"period":"1935-40","kind":"FHA"}},{"type":"Feature","geometry":{"type":"Point","coordinates":[-86.1666045016819,39.8356818300095]},"properties":{"year":1936,"period":"1935-40","kind":"FHA"}},{"type":"Feature","geometry":{"type":"Point","coordinates":[-86.143187,39.860047]},"properties":{"year":1936,"period":"1935-40","kind":"FHA"}},{"type":"Feature","geometry":{"type":"Point","coordinates":[-86.146663,39.815996]},"properties":{"year":1936,"period":"1935-40","kind":"FHA"}},{"type":"Feature","geometry":{"type":"Point","coordinates":[-86.068832,39.781021]},"properties":{"year":1936,"period":"1935-40","kind":"FHA"}},{"type":"Feature","geometry":{"type":"Point","coordinates":[-86.1422050075863,39.8606432825086]},"properties":{"year":1936,"period":"1935-40","kind":"FHA"}},{"type":"Feature","geometry":{"type":"Point","coordinates":[-86.213957,39.780369]},"properties":{"year":1936,"period":"1935-40","kind":"FHA"}},{"type":"Feature","geometry":{"type":"Point","coordinates":[-86.24444,39.783466]},"properties":{"year":1936,"period":"1935-40","kind":"FHA"}},{"type":"Feature","geometry":{"type":"Point","coordinates":[-86.145082,39.785063]},"properties":{"year":1936,"period":"1935-40","kind":"FHA"}},{"type":"Feature","geometry":{"type":"Point","coordinates":[-86.161277,39.823252]},"properties":{"year":1936,"period":"1935-40","kind":"FHA"}},{"type":"Feature","geometry":{"type":"Point","coordinates":[-86.142612,39.82298]},"properties":{"year":1936,"period":"1935-40","kind":"FHA"}},{"type":"Feature","geometry":{"type":"Point","coordinates":[-86.2454576,39.7680053]},"properties":{"year":1936,"period":"1935-40","kind":"FHA"}},{"type":"Feature","geometry":{"type":"Point","coordinates":[-86.2455432,39.7678404]},"properties":{"year":1936,"period":"1935-40","kind":"FHA"}},{"type":"Feature","geometry":{"type":"Point","coordinates":[-86.0261315,39.8383285]},"properties":{"year":1936,"period":"1935-40","kind":"FHA"}},{"type":"Feature","geometry":{"type":"Point","coordinates":[-86.148442,39.881311]},"properties":{"year":1936,"period":"1935-40","kind":"FHA"}},{"type":"Feature","geometry":{"type":"Point","coordinates":[-86.079868,39.782361]},"properties":{"year":1936,"period":"1935-40","kind":"FHA"}},{"type":"Feature","geometry":{"type":"Point","coordinates":[-86.151696,39.860455]},"properties":{"year":1936,"period":"1935-40","kind":"FHA"}},{"type":"Feature","geometry":{"type":"Point","coordinates":[-86.083535,39.784238]},"properties":{"year":1936,"period":"1935-40","kind":"FHA"}},{"type":"Feature","geometry":{"type":"Point","coordinates":[-86.144317,39.817551]},"properties":{"year":1936,"period":"1935-40","kind":"FHA"}},{"type":"Feature","geometry":{"type":"Point","coordinates":[-86.156028,39.880969]},"properties":{"year":1936,"period":"1935-40","kind":"FHA"}},{"type":"Feature","geometry":{"type":"Point","coordinates":[-86.116826,39.783258]},"properties":{"year":1936,"period":"1935-40","kind":"FHA"}},{"type":"Feature","geometry":{"type":"Point","coordinates":[-86.099637,39.777332]},"properties":{"year":1936,"period":"1935-40","kind":"FHA"}},{"type":"Feature","geometry":{"type":"Point","coordinates":[-86.138327,39.707759]},"properties":{"year":1936,"period":"1935-40","kind":"FHA"}},{"type":"Feature","geometry":{"type":"Point","coordinates":[-86.21463,39.802461]},"properties":{"year":1950,"period":"1950","kind":"FHA"}},{"type":"Feature","geometry":{"type":"Point","coordinates":[-86.151514,39.813012]},"properties":{"year":1950,"period":"1950","kind":"FHA"}},{"type":"Feature","geometry":{"type":"Point","coordinates":[-86.127216,39.87526]},"properties":{"year":1950,"period":"1950","kind":"FHA"}},{"type":"Feature","geometry":{"type":"Point","coordinates":[-86.134766,39.854332]},"properties":{"year":1950,"period":"1950","kind":"FHA"}},{"type":"Feature","geometry":{"type":"Point","coordinates":[-86.07906,39.760653]},"properties":{"year":1950,"period":"1950","kind":"FHA"}},{"type":"Feature","geometry":{"type":"Point","coordinates":[-86.07906,39.760653]},"properties":{"year":1950,"period":"1950","kind":"VA"}},{"type":"Feature","geometry":{"type":"Point","coordinates":[-86.220652,39.782106]},"properties":{"year":1950,"period":"1950","kind":"FHA"}},{"type":"Feature","geometry":{"type":"Point","coordinates":[-86.220798,39.782119]},"properties":{"year":1950,"period":"1950","kind":"FHA"}},{"type":"Feature","geometry":{"type":"Point","coordinates":[-86.203953,39.790925]},"properties":{"year":1950,"period":"1950","kind":"FHA"}},{"type":"Feature","geometry":{"type":"Point","coordinates":[-86.203969,39.790374]},"properties":{"year":1950,"period":"1950","kind":"FHA"}},{"type":"Feature","geometry":{"type":"Point","coordinates":[-86.204472,39.790536]},"properties":{"year":1950,"period":"1950","kind":"FHA"}},{"type":"Feature","geometry":{"type":"Point","coordinates":[-86.088686,39.786266]},"properties":{"year":1950,"period":"1950","kind":"FHA"}},{"type":"Feature","geometry":{"type":"Point","coordinates":[-86.20387,39.789571]},"properties":{"year":1950,"period":"1950","kind":"FHA"}},{"type":"Feature","geometry":{"type":"Point","coordinates":[-86.203955,39.790486]},"properties":{"year":1950,"period":"1950","kind":"FHA"}},{"type":"Feature","geometry":{"type":"Point","coordinates":[-86.12685,39.733193]},"properties":{"year":1950,"period":"1950","kind":"FHA"}},{"type":"Feature","geometry":{"type":"Point","coordinates":[-86.136828,39.822314]},"properties":{"year":1950,"period":"1950","kind":"FHA"}},{"type":"Feature","geometry":{"type":"Point","coordinates":[-86.147275,39.881816]},"properties":{"year":1950,"period":"1950","kind":"VA"}},{"type":"Feature","geometry":{"type":"Point","coordinates":[-86.064328,39.759353]},"properties":{"year":1950,"period":"1950","kind":"FHA"}},{"type":"Feature","geometry":{"type":"Point","coordinates":[-86.064432,39.759222]},"properties":{"year":1950,"period":"1950","kind":"FHA"}},{"type":"Feature","geometry":{"type":"Point","coordinates":[-86.064342,39.758947]},"properties":{"year":1950,"period":"1950","kind":"FHA"}},{"type":"Feature","geometry":{"type":"Point","coordinates":[-86.128854,39.84855]},"properties":{"year":1950,"period":"1950","kind":"FHA"}},{"type":"Feature","geometry":{"type":"Point","coordinates":[-86.118048,39.819131]},"properties":{"year":1950,"period":"1950","kind":"FHA"}},{"type":"Feature","geometry":{"type":"Point","coordinates":[-86.251746,39.788126]},"properties":{"year":1950,"period":"1950","kind":"FHA"}},{"type":"Feature","geometry":{"type":"Point","coordinates":[-86.129687,39.856865]},"properties":{"year":1950,"period":"1950","kind":"FHA"}},{"type":"Feature","geometry":{"type":"Point","coordinates":[-86.151157,39.862015]},"properties":{"year":1950,"period":"1950","kind":"FHA"}},{"type":"Feature","geometry":{"type":"Point","coordinates":[-86.112747,39.841949]},"properties":{"year":1950,"period":"1950","kind":"FHA"}},{"type":"Feature","geometry":{"type":"Point","coordinates":[-86.110545,39.775631]},"properties":{"year":1950,"period":"1950","kind":"FHA"}},{"type":"Feature","geometry":{"type":"Point","coordinates":[-86.238181,39.72112]},"properties":{"year":1950,"period":"1950","kind":"FHA"}},{"type":"Feature","geometry":{"type":"Point","coordinates":[-86.148419,39.88294]},"properties":{"year":1950,"period":"1950","kind":"FHA"}},{"type":"Feature","geometry":{"type":"Point","coordinates":[-86.238202,39.721785]},"properties":{"year":1950,"period":"1950","kind":"FHA"}},{"type":"Feature","geometry":{"type":"Point","coordinates":[-86.238202,39.721785]},"properties":{"year":1950,"period":"1950","kind":"VA"}},{"type":"Feature","geometry":{"type":"Point","coordinates":[-86.238181,39.72112]},"properties":{"year":1950,"period":"1950","kind":"VA"}},{"type":"Feature","geometry":{"type":"Point","coordinates":[-86.058995,39.799346]},"properties":{"year":1950,"period":"1950","kind":"FHA"}},{"type":"Feature","geometry":{"type":"Point","coordinates":[-86.260448,39.793899]},"properties":{"year":1950,"period":"1950","kind":"FHA"}},{"type":"Feature","geometry":{"type":"Point","coordinates":[-86.054311,39.77356]},"properties":{"year":1950,"period":"1950","kind":"FHA"}},{"type":"Feature","geometry":{"type":"Point","coordinates":[-86.095338,39.822392]},"properties":{"year":1950,"period":"1950","kind":"FHA"}},{"type":"Feature","geometry":{"type":"Point","coordinates":[-86.095338,39.822392]},"properties":{"year":1950,"period":"1950","kind":"VA"}},{"type":"Feature","geometry":{"type":"Point","coordinates":[-86.147236,39.828778]},"properties":{"year":1950,"period":"1950","kind":"FHA"}},{"type":"Feature","geometry":{"type":"Point","coordinates":[-86.098379,39.770432]},"properties":{"year":1950,"period":"1950","kind":"FHA"}},{"type":"Feature","geometry":{"type":"Point","coordinates":[-86.142537,39.819233]},"properties":{"year":1950,"period":"1950","kind":"FHA"}},{"type":"Feature","geometry":{"type":"Point","coordinates":[-86.145021,39.867291]},"properties":{"year":1950,"period":"1950","kind":"FHA"}},{"type":"Feature","geometry":{"type":"Point","coordinates":[-86.090141,39.792778]},"properties":{"year":1950,"period":"1950","kind":"FHA"}},{"type":"Feature","geometry":{"type":"Point","coordinates":[-86.090141,39.792778]},"properties":{"year":1950,"period":"1950","kind":"VA"}},{"type":"Feature","geometry":{"type":"Point","coordinates":[-86.239514,39.725607]},"properties":{"year":1950,"period":"1950","kind":"FHA"}},{"type":"Feature","geometry":{"type":"Point","coordinates":[-86.126833,39.73331]},"properties":{"year":1950,"period":"1950","kind":"FHA"}},{"type":"Feature","geometry":{"type":"Point","coordinates":[-86.12497,39.736957]},"properties":{"year":1950,"period":"1950","kind":"FHA"}},{"type":"Feature","geometry":{"type":"Point","coordinates":[-86.252617,39.78963]},"properties":{"year":1950,"period":"1950","kind":"FHA"}},{"type":"Feature","geometry":{"type":"Point","coordinates":[-86.092586,39.810311]},"properties":{"year":1950,"period":"1950","kind":"FHA"}},{"type":"Feature","geometry":{"type":"Point","coordinates":[-86.1708348897571,39.811754066931]},"properties":{"year":1950,"period":"1950","kind":"FHA"}},{"type":"Feature","geometry":{"type":"Point","coordinates":[-86.094831,39.809084]},"properties":{"year":1950,"period":"1950","kind":"FHA"}},{"type":"Feature","geometry":{"type":"Point","coordinates":[-86.127107,39.862188]},"properties":{"year":1950,"period":"1950","kind":"FHA"}},{"type":"Feature","geometry":{"type":"Point","coordinates":[-86.108134,39.807116]},"properties":{"year":1950,"period":"1950","kind":"FHA"}},{"type":"Feature","geometry":{"type":"Point","coordinates":[-86.108173,39.809418]},"properties":{"year":1950,"period":"1950","kind":"FHA"}},{"type":"Feature","geometry":{"type":"Point","coordinates":[-86.120189,39.829913]},"properties":{"year":1950,"period":"1950","kind":"FHA"}},{"type":"Feature","geometry":{"type":"Point","coordinates":[-86.108086,39.822339]},"properties":{"year":1950,"period":"1950","kind":"VA"}},{"type":"Feature","geometry":{"type":"Point","coordinates":[-86.147445,39.8466]},"properties":{"year":1950,"period":"1950","kind":"FHA"}},{"type":"Feature","geometry":{"type":"Point","coordinates":[-86.104657,39.78687]},"properties":{"year":1950,"period":"1950","kind":"FHA"}},{"type":"Feature","geometry":{"type":"Point","coordinates":[-86.092587,39.792819]},"properties":{"year":1950,"period":"1950","kind":"FHA"}},{"type":"Feature","geometry":{"type":"Point","coordinates":[-86.092587,39.792819]},"properties":{"year":1950,"period":"1950","kind":"VA"}},{"type":"Feature","geometry":{"type":"Point","coordinates":[-86.221021,39.759574]},"properties":{"year":1950,"period":"1950","kind":"FHA"}},{"type":"Feature","geometry":{"type":"Point","coordinates":[-86.181668,39.818662]},"properties":{"year":1950,"period":"1950","kind":"FHA"}},{"type":"Feature","geometry":{"type":"Point","coordinates":[-86.094933,39.793618]},"properties":{"year":1950,"period":"1950","kind":"FHA"}},{"type":"Feature","geometry":{"type":"Point","coordinates":[-86.146533,39.827825]},"properties":{"year":1950,"period":"1950","kind":"FHA"}},{"type":"Feature","geometry":{"type":"Point","coordinates":[-86.147313,39.845315]},"properties":{"year":1950,"period":"1950","kind":"FHA"}},{"type":"Feature","geometry":{"type":"Point","coordinates":[-86.204498,39.790661]},"properties":{"year":1950,"period":"1950","kind":"FHA"}},{"type":"Feature","geometry":{"type":"Point","coordinates":[-86.203948,39.789449]},"properties":{"year":1950,"period":"1950","kind":"FHA"}},{"type":"Feature","geometry":{"type":"Point","coordinates":[-86.205543,39.790511]},"properties":{"year":1950,"period":"1950","kind":"FHA"}},{"type":"Feature","geometry":{"type":"Point","coordinates":[-86.205551,39.790679]},"properties":{"year":1950,"period":"1950","kind":"FHA"}},{"type":"Feature","geometry":{"type":"Point","coordinates":[-86.085733,39.779111]},"properties":{"year":1950,"period":"1950","kind":"FHA"}},{"type":"Feature","geometry":{"type":"Point","coordinates":[-86.150172,39.89017]},"properties":{"year":1950,"period":"1950","kind":"FHA"}},{"type":"Feature","geometry":{"type":"Point","coordinates":[-86.204479,39.790902]},"properties":{"year":1950,"period":"1950","kind":"FHA"}},{"type":"Feature","geometry":{"type":"Point","coordinates":[-86.12426,39.859192]},"properties":{"year":1950,"period":"1950","kind":"FHA"}},{"type":"Feature","geometry":{"type":"Point","coordinates":[-86.118769,39.822139]},"properties":{"year":1950,"period":"1950","kind":"FHA"}},{"type":"Feature","geometry":{"type":"Point","coordinates":[-86.101434,39.780449]},"properties":{"year":1950,"period":"1950","kind":"FHA"}},{"type":"Feature","geometry":{"type":"Point","coordinates":[-86.198367,39.854481]},"properties":{"year":1950,"period":"1950","kind":"FHA"}},{"type":"Feature","geometry":{"type":"Point","coordinates":[-86.180834,39.818652]},"properties":{"year":1950,"period":"1950","kind":"FHA"}},{"type":"Feature","geometry":{"type":"Point","coordinates":[-86.086345,39.78335]},"properties":{"year":1950,"period":"1950","kind":"FHA"}},{"type":"Feature","geometry":{"type":"Point","coordinates":[-86.084339,39.779442]},"properties":{"year":1950,"period":"1950","kind":"FHA"}},{"type":"Feature","geometry":{"type":"Point","coordinates":[-86.102981,39.819754]},"properties":{"year":1950,"period":"1950","kind":"FHA"}},{"type":"Feature","geometry":{"type":"Point","coordinates":[-86.124569,39.875685]},"properties":{"year":1950,"period":"1950","kind":"FHA"}},{"type":"Feature","geometry":{"type":"Point","coordinates":[-86.089868,39.821786]},"properties":{"year":1950,"period":"1950","kind":"FHA"}},{"type":"Feature","geometry":{"type":"Point","coordinates":[-86.141815,39.723831]},"properties":{"year":1950,"period":"1950","kind":"FHA"}},{"type":"Feature","geometry":{"type":"Point","coordinates":[-86.108268,39.807205]},"properties":{"year":1950,"period":"1950","kind":"FHA"}},{"type":"Feature","geometry":{"type":"Point","coordinates":[-86.213511,39.801389]},"properties":{"year":1950,"period":"1950","kind":"FHA"}},{"type":"Feature","geometry":{"type":"Point","coordinates":[-86.213604,39.801499]},"properties":{"year":1950,"period":"1950","kind":"FHA"}},{"type":"Feature","geometry":{"type":"Point","coordinates":[-86.136101,39.864409]},"properties":{"year":1950,"period":"1950","kind":"FHA"}},{"type":"Feature","geometry":{"type":"Point","coordinates":[-86.095579,39.866269]},"properties":{"year":1950,"period":"1950","kind":"FHA"}},{"type":"Feature","geometry":{"type":"Point","coordinates":[-86.239329,39.710728]},"properties":{"year":1950,"period":"1950","kind":"FHA"}},{"type":"Feature","geometry":{"type":"Point","coordinates":[-86.088369,39.763598]},"properties":{"year":1950,"period":"1950","kind":"FHA"}},{"type":"Feature","geometry":{"type":"Point","coordinates":[-86.204438,39.791149]},"properties":{"year":1950,"period":"1950","kind":"FHA"}},{"type":"Feature","geometry":{"type":"Point","coordinates":[-86.147749,39.866447]},"properties":{"year":1950,"period":"1950","kind":"FHA"}},{"type":"Feature","geometry":{"type":"Point","coordinates":[-86.220963,39.759788]},"properties":{"year":1950,"period":"1950","kind":"FHA"}},{"type":"Feature","geometry":{"type":"Point","coordinates":[-86.220962,39.759943]},"properties":{"year":1950,"period":"1950","kind":"FHA"}},{"type":"Feature","geometry":{"type":"Point","coordinates":[-86.221388,39.759084]},"properties":{"year":1950,"period":"1950","kind":"FHA"}},{"type":"Feature","geometry":{"type":"Point","coordinates":[-86.143461,39.727826]},"properties":{"year":1950,"period":"1950","kind":"FHA"}},{"type":"Feature","geometry":{"type":"Point","coordinates":[-86.084755,39.819891]},"properties":{"year":1950,"period":"1950","kind":"FHA"}},{"type":"Feature","geometry":{"type":"Point","coordinates":[-86.13265,39.867369]},"properties":{"year":1950,"period":"1950","kind":"FHA"}},{"type":"Feature","geometry":{"type":"Point","coordinates":[-86.145427,39.846791]},"properties":{"year":1950,"period":"1950","kind":"FHA"}},{"type":"Feature","geometry":{"type":"Point","coordinates":[-86.116688,39.83417]},"properties":{"year":1950,"period":"1950","kind":"FHA"}},{"type":"Feature","geometry":{"type":"Point","coordinates":[-86.260298,39.794146]},"properties":{"year":1950,"period":"1950","kind":"FHA"}},{"type":"Feature","geometry":{"type":"Point","coordinates":[-86.260367,39.794031]},"properties":{"year":1950,"period":"1950","kind":"FHA"}},{"type":"Feature","geometry":{"type":"Point","coordinates":[-86.128821,39.848417]},"properties":{"year":1950,"period":"1950","kind":"FHA"}},{"type":"Feature","geometry":{"type":"Point","coordinates":[-86.192599,39.745461]},"properties":{"year":1950,"period":"1950","kind":"FHA"}},{"type":"Feature","geometry":{"type":"Point","coordinates":[-86.210046,39.81086]},"properties":{"year":1950,"period":"1950","kind":"FHA"}},{"type":"Feature","geometry":{"type":"Point","coordinates":[-86.204589,39.795991]},"properties":{"year":1950,"period":"1950","kind":"FHA"}},{"type":"Feature","geometry":{"type":"Point","coordinates":[-86.063075,39.799294]},"properties":{"year":1950,"period":"1950","kind":"FHA"}},{"type":"Feature","geometry":{"type":"Point","coordinates":[-86.063075,39.799294]},"properties":{"year":1950,"period":"1950","kind":"VA"}},{"type":"Feature","geometry":{"type":"Point","coordinates":[-86.078421,39.781838]},"properties":{"year":1950,"period":"1950","kind":"FHA"}},{"type":"Feature","geometry":{"type":"Point","coordinates":[-86.221439,39.78637]},"properties":{"year":1950,"period":"1950","kind":"FHA"}},{"type":"Feature","geometry":{"type":"Point","coordinates":[-86.220823,39.786423]},"properties":{"year":1950,"period":"1950","kind":"FHA"}},{"type":"Feature","geometry":{"type":"Point","coordinates":[-86.220841,39.786919]},"properties":{"year":1950,"period":"1950","kind":"FHA"}},{"type":"Feature","geometry":{"type":"Point","coordinates":[-86.220442,39.786034]},"properties":{"year":1950,"period":"1950","kind":"FHA"}},{"type":"Feature","geometry":{"type":"Point","coordinates":[-86.221458,39.786597]},"properties":{"year":1950,"period":"1950","kind":"FHA"}},{"type":"Feature","geometry":{"type":"Point","coordinates":[-86.064911,39.766194]},"properties":{"year":1950,"period":"1950","kind":"FHA"}},{"type":"Feature","geometry":{"type":"Point","coordinates":[-86.141321,39.723491]},"properties":{"year":1950,"period":"1950","kind":"FHA"}},{"type":"Feature","geometry":{"type":"Point","coordinates":[-86.076199,39.82574]},"properties":{"year":1950,"period":"1950","kind":"FHA"}},{"type":"Feature","geometry":{"type":"Point","coordinates":[-86.095407,39.809112]},"properties":{"year":1950,"period":"1950","kind":"FHA"}},{"type":"Feature","geometry":{"type":"Point","coordinates":[-86.132138,39.847322]},"properties":{"year":1950,"period":"1950","kind":"FHA"}},{"type":"Feature","geometry":{"type":"Point","coordinates":[-86.072128,39.821474]},"properties":{"year":1950,"period":"1950","kind":"FHA"}},{"type":"Feature","geometry":{"type":"Point","coordinates":[-86.072128,39.821474]},"properties":{"year":1950,"period":"1950","kind":"VA"}},{"type":"Feature","geometry":{"type":"Point","coordinates":[-86.094923,39.793725]},"properties":{"year":1950,"period":"1950","kind":"FHA"}},{"type":"Feature","geometry":{"type":"Point","coordinates":[-86.094923,39.793725]},"properties":{"year":1950,"period":"1950","kind":"FHA"}},{"type":"Feature","geometry":{"type":"Point","coordinates":[-86.108645,39.819337]},"properties":{"year":1950,"period":"1950","kind":"FHA"}},{"type":"Feature","geometry":{"type":"Point","coordinates":[-86.099603,39.776014]},"properties":{"year":1950,"period":"1950","kind":"FHA"}},{"type":"Feature","geometry":{"type":"Point","coordinates":[-86.151782,39.716354]},"properties":{"year":1950,"period":"1950","kind":"FHA"}},{"type":"Feature","geometry":{"type":"Point","coordinates":[-86.129655,39.856731]},"properties":{"year":1950,"period":"1950","kind":"FHA"}},{"type":"Feature","geometry":{"type":"Point","coordinates":[-86.14957,39.837817]},"properties":{"year":1950,"period":"1950","kind":"VA"}},{"type":"Feature","geometry":{"type":"Point","coordinates":[-86.108691,39.81959]},"properties":{"year":1950,"period":"1950","kind":"FHA"}},{"type":"Feature","geometry":{"type":"Point","coordinates":[-86.044992,39.785154]},"properties":{"year":1950,"period":"1950","kind":"FHA"}},{"type":"Feature","geometry":{"type":"Point","coordinates":[-86.19827,39.854543]},"properties":{"year":1950,"period":"1950","kind":"FHA"}},{"type":"Feature","geometry":{"type":"Point","coordinates":[-86.19827,39.854543]},"properties":{"year":1950,"period":"1950","kind":"VA"}},{"type":"Feature","geometry":{"type":"Point","coordinates":[-86.065656,39.812487]},"properties":{"year":1950,"period":"1950","kind":"FHA"}},{"type":"Feature","geometry":{"type":"Point","coordinates":[-86.112152,39.825103]},"properties":{"year":1950,"period":"1950","kind":"FHA"}},{"type":"Feature","geometry":{"type":"Point","coordinates":[-86.203895,39.791034]},"properties":{"year":1950,"period":"1950","kind":"FHA"}},{"type":"Feature","geometry":{"type":"Point","coordinates":[-86.220835,39.786684]},"properties":{"year":1950,"period":"1950","kind":"FHA"}},{"type":"Feature","geometry":{"type":"Point","coordinates":[-86.203938,39.790259]},"properties":{"year":1950,"period":"1950","kind":"FHA"}},{"type":"Feature","geometry":{"type":"Point","coordinates":[-86.20395,39.789696]},"properties":{"year":1950,"period":"1950","kind":"FHA"}},{"type":"Feature","geometry":{"type":"Point","coordinates":[-86.064673,39.769398]},"properties":{"year":1950,"period":"1950","kind":"FHA"}},{"type":"Feature","geometry":{"type":"Point","coordinates":[-86.221438,39.786708]},"properties":{"year":1950,"period":"1950","kind":"FHA"}},{"type":"Feature","geometry":{"type":"Point","coordinates":[-86.093434,39.765095]},"properties":{"year":1950,"period":"1950","kind":"FHA"}},{"type":"Feature","geometry":{"type":"Point","coordinates":[-86.093434,39.765095]},"properties":{"year":1950,"period":"1950","kind":"VA"}},{"type":"Feature","geometry":{"type":"Point","coordinates":[-86.093166,39.776547]},"properties":{"year":1950,"period":"1950","kind":"FHA"}},{"type":"Feature","geometry":{"type":"Point","coordinates":[-86.150032,39.871716]},"properties":{"year":1950,"period":"1950","kind":"FHA"}},{"type":"Feature","geometry":{"type":"Point","coordinates":[-86.224407,39.785886]},"properties":{"year":1950,"period":"1950","kind":"FHA"}},{"type":"Feature","geometry":{"type":"Point","coordinates":[-86.224998,39.786068]},"properties":{"year":1950,"period":"1950","kind":"FHA"}},{"type":"Feature","geometry":{"type":"Point","coordinates":[-86.224992,39.785738]},"properties":{"year":1950,"period":"1950","kind":"FHA"}},{"type":"Feature","geometry":{"type":"Point","coordinates":[-86.204455,39.789445]},"properties":{"year":1950,"period":"1950","kind":"FHA"}},{"type":"Feature","geometry":{"type":"Point","coordinates":[-86.032148,39.839485]},"properties":{"year":1950,"period":"1950","kind":"FHA"}},{"type":"Feature","geometry":{"type":"Point","coordinates":[-86.148237,39.84745]},"properties":{"year":1950,"period":"1950","kind":"FHA"}},{"type":"Feature","geometry":{"type":"Point","coordinates":[-86.132833,39.841422]},"properties":{"year":1950,"period":"1950","kind":"FHA"}},{"type":"Feature","geometry":{"type":"Point","coordinates":[-86.11556,39.664504]},"properties":{"year":1950,"period":"1950","kind":"FHA"}},{"type":"Feature","geometry":{"type":"Point","coordinates":[-86.188311,39.80112]},"properties":{"year":1950,"period":"1950","kind":"FHA"}},{"type":"Feature","geometry":{"type":"Point","coordinates":[-86.13288,39.845003]},"properties":{"year":1950,"period":"1950","kind":"FHA"}},{"type":"Feature","geometry":{"type":"Point","coordinates":[-86.152717,39.788575]},"properties":{"year":1950,"period":"1950","kind":"FHA"}},{"type":"Feature","geometry":{"type":"Point","coordinates":[-86.133417,39.843915]},"properties":{"year":1950,"period":"1950","kind":"FHA"}},{"type":"Feature","geometry":{"type":"Point","coordinates":[-86.086299,39.763495]},"properties":{"year":1950,"period":"1950","kind":"FHA"}},{"type":"Feature","geometry":{"type":"Point","coordinates":[-86.134252,39.856825]},"properties":{"year":1950,"period":"1950","kind":"FHA"}},{"type":"Feature","geometry":{"type":"Point","coordinates":[-86.134252,39.856825]},"properties":{"year":1950,"period":"1950","kind":"VA"}},{"type":"Feature","geometry":{"type":"Point","coordinates":[-86.118848,39.858006]},"properties":{"year":1950,"period":"1950","kind":"FHA"}},{"type":"Feature","geometry":{"type":"Point","coordinates":[-86.118848,39.858006]},"properties":{"year":1950,"period":"1950","kind":"VA"}},{"type":"Feature","geometry":{"type":"Point","coordinates":[-86.116291,39.819682]},"properties":{"year":1950,"period":"1950","kind":"FHA"}},{"type":"Feature","geometry":{"type":"Point","coordinates":[-86.122631,39.81979]},"properties":{"year":1950,"period":"1950","kind":"FHA"}},{"type":"Feature","geometry":{"type":"Point","coordinates":[-86.131386,39.860845]},"properties":{"year":1950,"period":"1950","kind":"FHA"}},{"type":"Feature","geometry":{"type":"Point","coordinates":[-86.092095,39.810208]},"properties":{"year":1950,"period":"1950","kind":"FHA"}},{"type":"Feature","geometry":{"type":"Point","coordinates":[-86.092095,39.810208]},"properties":{"year":1950,"period":"1950","kind":"FHA"}},{"type":"Feature","geometry":{"type":"Point","coordinates":[-86.164732,39.696119]},"properties":{"year":1950,"period":"1950","kind":"FHA"}},{"type":"Feature","geometry":{"type":"Point","coordinates":[-86.100257,39.783992]},"properties":{"year":1950,"period":"1950","kind":"FHA"}},{"type":"Feature","geometry":{"type":"Point","coordinates":[-86.073529,39.793129]},"properties":{"year":1950,"period":"1950","kind":"FHA"}},{"type":"Feature","geometry":{"type":"Point","coordinates":[-86.089272,39.823236]},"properties":{"year":1950,"period":"1950","kind":"FHA"}},{"type":"Feature","geometry":{"type":"Point","coordinates":[-86.122933,39.827881]},"properties":{"year":1950,"period":"1950","kind":"FHA"}},{"type":"Feature","geometry":{"type":"Point","coordinates":[-86.101427,39.779074]},"properties":{"year":1950,"period":"1950","kind":"FHA"}},{"type":"Feature","geometry":{"type":"Point","coordinates":[-86.219537,39.78307]},"properties":{"year":1950,"period":"1950","kind":"FHA"}},{"type":"Feature","geometry":{"type":"Point","coordinates":[-86.068708,39.774656]},"properties":{"year":1950,"period":"1950","kind":"FHA"}},{"type":"Feature","geometry":{"type":"Point","coordinates":[-86.114719,39.819414]},"properties":{"year":1950,"period":"1950","kind":"FHA"}},{"type":"Feature","geometry":{"type":"Point","coordinates":[-86.142834,39.83952]},"properties":{"year":1950,"period":"1950","kind":"FHA"}},{"type":"Feature","geometry":{"type":"Point","coordinates":[-86.144717,39.726137]},"properties":{"year":1950,"period":"1950","kind":"FHA"}},{"type":"Feature","geometry":{"type":"Point","coordinates":[-86.127475,39.847414]},"properties":{"year":1950,"period":"1950","kind":"FHA"}},{"type":"Feature","geometry":{"type":"Point","coordinates":[-86.125736,39.846631]},"properties":{"year":1950,"period":"1950","kind":"FHA"}},{"type":"Feature","geometry":{"type":"Point","coordinates":[-86.143268,39.842131]},"properties":{"year":1950,"period":"1950","kind":"FHA"}},{"type":"Feature","geometry":{"type":"Point","coordinates":[-86.143268,39.842131]},"properties":{"year":1950,"period":"1950","kind":"VA"}},{"type":"Feature","geometry":{"type":"Point","coordinates":[-86.083677,39.792416]},"properties":{"year":1950,"period":"1950","kind":"FHA"}},{"type":"Feature","geometry":{"type":"Point","coordinates":[-86.083677,39.792416]},"properties":{"year":1950,"period":"1950","kind":"VA"}},{"type":"Feature","geometry":{"type":"Point","coordinates":[-86.12406,39.845028]},"properties":{"year":1950,"period":"1950","kind":"VA"}},{"type":"Feature","geometry":{"type":"Point","coordinates":[-86.20079,39.770178]},"properties":{"year":1950,"period":"1950","kind":"FHA"}},{"type":"Feature","geometry":{"type":"Point","coordinates":[-86.13441,39.86574]},"properties":{"year":1950,"period":"1950","kind":"FHA"}},{"type":"Feature","geometry":{"type":"Point","coordinates":[-86.091787,39.809766]},"properties":{"year":1950,"period":"1950","kind":"FHA"}},{"type":"Feature","geometry":{"type":"Point","coordinates":[-86.141425,39.865145]},"properties":{"year":1950,"period":"1950","kind":"FHA"}},{"type":"Feature","geometry":{"type":"Point","coordinates":[-86.141425,39.865145]},"properties":{"year":1950,"period":"1950","kind":"VA"}},{"type":"Feature","geometry":{"type":"Point","coordinates":[-86.089315,39.823812]},"properties":{"year":1950,"period":"1950","kind":"FHA"}},{"type":"Feature","geometry":{"type":"Point","coordinates":[-86.056332,39.800261]},"properties":{"year":1950,"period":"1950","kind":"FHA"}},{"type":"Feature","geometry":{"type":"Point","coordinates":[-86.056332,39.800261]},"properties":{"year":1950,"period":"1950","kind":"VA"}},{"type":"Feature","geometry":{"type":"Point","coordinates":[-86.128989,39.900231]},"properties":{"year":1950,"period":"1950","kind":"FHA"}},{"type":"Feature","geometry":{"type":"Point","coordinates":[-86.094284,39.759466]},"properties":{"year":1950,"period":"1950","kind":"FHA"}},{"type":"Feature","geometry":{"type":"Point","coordinates":[-86.056755,39.801621]},"properties":{"year":1950,"period":"1950","kind":"FHA"}},{"type":"Feature","geometry":{"type":"Point","coordinates":[-86.056755,39.801621]},"properties":{"year":1950,"period":"1950","kind":"VA"}},{"type":"Feature","geometry":{"type":"Point","coordinates":[-86.127806,39.857834]},"properties":{"year":1950,"period":"1950","kind":"FHA"}},{"type":"Feature","geometry":{"type":"Point","coordinates":[-86.129593,39.735]},"properties":{"year":1950,"period":"1950","kind":"FHA"}},{"type":"Feature","geometry":{"type":"Point","coordinates":[-86.152372,39.816187]},"properties":{"year":1950,"period":"1950","kind":"FHA"}},{"type":"Feature","geometry":{"type":"Point","coordinates":[-86.126239,39.734898]},"properties":{"year":1950,"period":"1950","kind":"FHA"}},{"type":"Feature","geometry":{"type":"Point","coordinates":[-86.092084,39.80933]},"properties":{"year":1950,"period":"1950","kind":"FHA"}},{"type":"Feature","geometry":{"type":"Point","coordinates":[-86.091933,39.808901]},"properties":{"year":1950,"period":"1950","kind":"FHA"}},{"type":"Feature","geometry":{"type":"Point","coordinates":[-86.0902,39.792902]},"properties":{"year":1950,"period":"1950","kind":"FHA"}},{"type":"Feature","geometry":{"type":"Point","coordinates":[-86.0902,39.792902]},"properties":{"year":1950,"period":"1950","kind":"VA"}},{"type":"Feature","geometry":{"type":"Point","coordinates":[-86.119014,39.858041]},"properties":{"year":1950,"period":"1950","kind":"FHA"}},{"type":"Feature","geometry":{"type":"Point","coordinates":[-86.119014,39.858041]},"properties":{"year":1950,"period":"1950","kind":"VA"}},{"type":"Feature","geometry":{"type":"Point","coordinates":[-86.132316,39.842351]},"properties":{"year":1950,"period":"1950","kind":"FHA"}},{"type":"Feature","geometry":{"type":"Point","coordinates":[-86.091792,39.823665]},"properties":{"year":1950,"period":"1950","kind":"FHA"}},{"type":"Feature","geometry":{"type":"Point","coordinates":[-86.142188,39.866365]},"properties":{"year":1950,"period":"1950","kind":"FHA"}},{"type":"Feature","geometry":{"type":"Point","coordinates":[-86.038697,39.82548]},"properties":{"year":1950,"period":"1950","kind":"VA"}},{"type":"Feature","geometry":{"type":"Point","coordinates":[-86.093341,39.809929]},"properties":{"year":1950,"period":"1950","kind":"FHA"}},{"type":"Feature","geometry":{"type":"Point","coordinates":[-86.195482,39.763979]},"properties":{"year":1950,"period":"1950","kind":"FHA"}},{"type":"Feature","geometry":{"type":"Point","coordinates":[-86.180788,39.818806]},"properties":{"year":1950,"period":"1950","kind":"FHA"}},{"type":"Feature","geometry":{"type":"Point","coordinates":[-86.137137,39.858383]},"properties":{"year":1950,"period":"1950","kind":"FHA"}},{"type":"Feature","geometry":{"type":"Point","coordinates":[-86.09491,39.789264]},"properties":{"year":1950,"period":"1950","kind":"FHA"}},{"type":"Feature","geometry":{"type":"Point","coordinates":[-86.07774,39.743938]},"properties":{"year":1950,"period":"1950","kind":"FHA"}},{"type":"Feature","geometry":{"type":"Point","coordinates":[-86.099382,39.820825]},"properties":{"year":1950,"period":"1950","kind":"FHA"}},{"type":"Feature","geometry":{"type":"Point","coordinates":[-86.23644,39.765601]},"properties":{"year":1950,"period":"1950","kind":"FHA"}},{"type":"Feature","geometry":{"type":"Point","coordinates":[-86.150967,39.844747]},"properties":{"year":1950,"period":"1950","kind":"FHA"}},{"type":"Feature","geometry":{"type":"Point","coordinates":[-86.166904,39.812045]},"properties":{"year":1950,"period":"1950","kind":"FHA"}},{"type":"Feature","geometry":{"type":"Point","coordinates":[-86.064122,39.800286]},"properties":{"year":1950,"period":"1950","kind":"VA"}},{"type":"Feature","geometry":{"type":"Point","coordinates":[-86.146953,39.828494]},"properties":{"year":1950,"period":"1950","kind":"FHA"}},{"type":"Feature","geometry":{"type":"Point","coordinates":[-86.220978,39.785552]},"properties":{"year":1950,"period":"1950","kind":"FHA"}},{"type":"Feature","geometry":{"type":"Point","coordinates":[-86.204467,39.790162]},"properties":{"year":1950,"period":"1950","kind":"FHA"}},{"type":"Feature","geometry":{"type":"Point","coordinates":[-86.132949,39.848666]},"properties":{"year":1950,"period":"1950","kind":"FHA"}},{"type":"Feature","geometry":{"type":"Point","coordinates":[-86.205449,39.790128]},"properties":{"year":1950,"period":"1950","kind":"FHA"}},{"type":"Feature","geometry":{"type":"Point","coordinates":[-86.159977,39.809193]},"properties":{"year":1950,"period":"1950","kind":"FHA"}},{"type":"Feature","geometry":{"type":"Point","coordinates":[-86.163146,39.830912]},"properties":{"year":1950,"period":"1950","kind":"FHA"}},{"type":"Feature","geometry":{"type":"Point","coordinates":[-86.134359,39.864855]},"properties":{"year":1950,"period":"1950","kind":"FHA"}},{"type":"Feature","geometry":{"type":"Point","coordinates":[-86.076706,39.777796]},"properties":{"year":1950,"period":"1950","kind":"FHA"}},{"type":"Feature","geometry":{"type":"Point","coordinates":[-86.108134,39.824194]},"properties":{"year":1950,"period":"1950","kind":"FHA"}},{"type":"Feature","geometry":{"type":"Point","coordinates":[-86.119793,39.815671]},"properties":{"year":1950,"period":"1950","kind":"FHA"}},{"type":"Feature","geometry":{"type":"Point","coordinates":[-86.126078,39.823439]},"properties":{"year":1950,"period":"1950","kind":"FHA"}},{"type":"Feature","geometry":{"type":"Point","coordinates":[-86.143543,39.840062]},"properties":{"year":1950,"period":"1950","kind":"FHA"}},{"type":"Feature","geometry":{"type":"Point","coordinates":[-86.094937,39.793838]},"properties":{"year":1950,"period":"1950","kind":"FHA"}},{"type":"Feature","geometry":{"type":"Point","coordinates":[-86.124913,39.734582]},"properties":{"year":1950,"period":"1950","kind":"FHA"}},{"type":"Feature","geometry":{"type":"Point","coordinates":[-86.131564,39.819304]},"properties":{"year":1950,"period":"1950","kind":"FHA"}},{"type":"Feature","geometry":{"type":"Point","coordinates":[-86.131564,39.819304]},"properties":{"year":1950,"period":"1950","kind":"VA"}},{"type":"Feature","geometry":{"type":"Point","coordinates":[-86.204653,39.789101]},"properties":{"year":1950,"period":"1950","kind":"FHA"}},{"type":"Feature","geometry":{"type":"Point","coordinates":[-86.123987,39.875688]},"properties":{"year":1950,"period":"1950","kind":"FHA"}},{"type":"Feature","geometry":{"type":"Point","coordinates":[-86.126256,39.770447]},"properties":{"year":1950,"period":"1950","kind":"FHA"}},{"type":"Feature","geometry":{"type":"Point","coordinates":[-86.139051,39.844257]},"properties":{"year":1950,"period":"1950","kind":"FHA"}},{"type":"Feature","geometry":{"type":"Point","coordinates":[-86.055627,39.77187]},"properties":{"year":1950,"period":"1950","kind":"FHA"}},{"type":"Feature","geometry":{"type":"Point","coordinates":[-86.181856,39.81863]},"properties":{"year":1950,"period":"1950","kind":"FHA"}},{"type":"Feature","geometry":{"type":"Point","coordinates":[-86.260234,39.794295]},"properties":{"year":1950,"period":"1950","kind":"FHA"}},{"type":"Feature","geometry":{"type":"Point","coordinates":[-86.168568,39.828509]},"properties":{"year":1950,"period":"1950","kind":"FHA"}},{"type":"Feature","geometry":{"type":"Point","coordinates":[-86.089252,39.789123]},"properties":{"year":1950,"period":"1950","kind":"FHA"}},{"type":"Feature","geometry":{"type":"Point","coordinates":[-86.152801,39.788573]},"properties":{"year":1950,"period":"1950","kind":"FHA"}},{"type":"Feature","geometry":{"type":"Point","coordinates":[-86.09675,39.726946]},"properties":{"year":1950,"period":"1950","kind":"FHA"}},{"type":"Feature","geometry":{"type":"Point","coordinates":[-86.131109,39.836981]},"properties":{"year":1950,"period":"1950","kind":"FHA"}},{"type":"Feature","geometry":{"type":"Point","coordinates":[-86.167992,39.841344]},"properties":{"year":1950,"period":"1950","kind":"FHA"}},{"type":"Feature","geometry":{"type":"Point","coordinates":[-86.101698,39.820283]},"properties":{"year":1950,"period":"1950","kind":"FHA"}},{"type":"Feature","geometry":{"type":"Point","coordinates":[-86.12617,39.672519]},"properties":{"year":1950,"period":"1950","kind":"FHA"}},{"type":"Feature","geometry":{"type":"Point","coordinates":[-86.124784,39.661853]},"properties":{"year":1950,"period":"1950","kind":"FHA"}},{"type":"Feature","geometry":{"type":"Point","coordinates":[-86.105133,39.784236]},"properties":{"year":1950,"period":"1950","kind":"FHA"}},{"type":"Feature","geometry":{"type":"Point","coordinates":[-86.204992,39.790759]},"properties":{"year":1950,"period":"1950","kind":"FHA"}},{"type":"Feature","geometry":{"type":"Point","coordinates":[-86.112052,39.775717]},"properties":{"year":1950,"period":"1950","kind":"FHA"}},{"type":"Feature","geometry":{"type":"Point","coordinates":[-86.091944,39.809992]},"properties":{"year":1950,"period":"1950","kind":"FHA"}},{"type":"Feature","geometry":{"type":"Point","coordinates":[-86.112899,39.780645]},"properties":{"year":1950,"period":"1950","kind":"FHA"}},{"type":"Feature","geometry":{"type":"Point","coordinates":[-86.092094,39.80944]},"properties":{"year":1950,"period":"1950","kind":"FHA"}},{"type":"Feature","geometry":{"type":"Point","coordinates":[-86.092099,39.809659]},"properties":{"year":1950,"period":"1950","kind":"FHA"}},{"type":"Feature","geometry":{"type":"Point","coordinates":[-86.092708,39.80999]},"properties":{"year":1950,"period":"1950","kind":"FHA"}},{"type":"Feature","geometry":{"type":"Point","coordinates":[-86.092124,39.810107]},"properties":{"year":1950,"period":"1950","kind":"FHA"}},{"type":"Feature","geometry":{"type":"Point","coordinates":[-86.092094,39.809235]},"properties":{"year":1950,"period":"1950","kind":"FHA"}},{"type":"Feature","geometry":{"type":"Point","coordinates":[-86.128802,39.848245]},"properties":{"year":1950,"period":"1950","kind":"FHA"}},{"type":"Feature","geometry":{"type":"Point","coordinates":[-86.128874,39.847469]},"properties":{"year":1950,"period":"1950","kind":"FHA"}},{"type":"Feature","geometry":{"type":"Point","coordinates":[-86.106063,39.818403]},"properties":{"year":1950,"period":"1950","kind":"FHA"}},{"type":"Feature","geometry":{"type":"Point","coordinates":[-86.201717,39.768886]},"properties":{"year":1950,"period":"1950","kind":"FHA"}},{"type":"Feature","geometry":{"type":"Point","coordinates":[-86.12961,39.736185]},"properties":{"year":1950,"period":"1950","kind":"FHA"}},{"type":"Feature","geometry":{"type":"Point","coordinates":[-86.129756,39.736202]},"properties":{"year":1950,"period":"1950","kind":"FHA"}},{"type":"Feature","geometry":{"type":"Point","coordinates":[-86.200324,39.769659]},"properties":{"year":1950,"period":"1950","kind":"FHA"}},{"type":"Feature","geometry":{"type":"Point","coordinates":[-86.094967,39.794052]},"properties":{"year":1950,"period":"1950","kind":"FHA"}},{"type":"Feature","geometry":{"type":"Point","coordinates":[-86.094926,39.792264]},"properties":{"year":1950,"period":"1950","kind":"FHA"}},{"type":"Feature","geometry":{"type":"Point","coordinates":[-86.090666,39.761643]},"properties":{"year":1950,"period":"1950","kind":"FHA"}},{"type":"Feature","geometry":{"type":"Point","coordinates":[-86.127882,39.83433]},"properties":{"year":1950,"period":"1950","kind":"FHA"}},{"type":"Feature","geometry":{"type":"Point","coordinates":[-86.094931,39.792359]},"properties":{"year":1950,"period":"1950","kind":"FHA"}},{"type":"Feature","geometry":{"type":"Point","coordinates":[-86.128641,39.834647]},"properties":{"year":1950,"period":"1950","kind":"FHA"}},{"type":"Feature","geometry":{"type":"Point","coordinates":[-86.126881,39.845506]},"properties":{"year":1950,"period":"1950","kind":"FHA"}},{"type":"Feature","geometry":{"type":"Point","coordinates":[-86.20554,39.790845]},"properties":{"year":1950,"period":"1950","kind":"FHA"}},{"type":"Feature","geometry":{"type":"Point","coordinates":[-86.129272,39.693435]},"properties":{"year":1950,"period":"1950","kind":"FHA"}},{"type":"Feature","geometry":{"type":"Point","coordinates":[-86.135938,39.734339]},"properties":{"year":1950,"period":"1950","kind":"FHA"}},{"type":"Feature","geometry":{"type":"Point","coordinates":[-86.1368231523458,39.7314234620924]},"properties":{"year":1950,"period":"1950","kind":"FHA"}},{"type":"Feature","geometry":{"type":"Point","coordinates":[-86.142672,39.8272]},"properties":{"year":1950,"period":"1950","kind":"FHA"}},{"type":"Feature","geometry":{"type":"Point","coordinates":[-86.14307,39.863296]},"properties":{"year":1950,"period":"1950","kind":"FHA"}},{"type":"Feature","geometry":{"type":"Point","coordinates":[-86.124207,39.728402]},"properties":{"year":1950,"period":"1950","kind":"FHA"}},{"type":"Feature","geometry":{"type":"Point","coordinates":[-86.124011,39.728396]},"properties":{"year":1950,"period":"1950","kind":"FHA"}},{"type":"Feature","geometry":{"type":"Point","coordinates":[-86.123806,39.728339]},"properties":{"year":1950,"period":"1950","kind":"FHA"}},{"type":"Feature","geometry":{"type":"Point","coordinates":[-86.104818,39.771148]},"properties":{"year":1950,"period":"1950","kind":"FHA"}},{"type":"Feature","geometry":{"type":"Point","coordinates":[-86.106781,39.821657]},"properties":{"year":1950,"period":"1950","kind":"FHA"}},{"type":"Feature","geometry":{"type":"Point","coordinates":[-86.221021,39.759574]},"properties":{"year":1950,"period":"1950","kind":"FHA"}},{"type":"Feature","geometry":{"type":"Point","coordinates":[-86.05904,39.772461]},"properties":{"year":1950,"period":"1950","kind":"FHA"}},{"type":"Feature","geometry":{"type":"Point","coordinates":[-86.088669,39.787998]},"properties":{"year":1950,"period":"1950","kind":"FHA"}},{"type":"Feature","geometry":{"type":"Point","coordinates":[-86.186202815159,39.8161623267302]},"properties":{"year":1950,"period":"1950","kind":"FHA"}},{"type":"Feature","geometry":{"type":"Point","coordinates":[-86.058521,39.772246]},"properties":{"year":1950,"period":"1950","kind":"FHA"}},{"type":"Feature","geometry":{"type":"Point","coordinates":[-86.151785,39.816626]},"properties":{"year":1950,"period":"1950","kind":"FHA"}},{"type":"Feature","geometry":{"type":"Point","coordinates":[-86.092283,39.766267]},"properties":{"year":1950,"period":"1950","kind":"FHA"}},{"type":"Feature","geometry":{"type":"Point","coordinates":[-86.068666,39.774347]},"properties":{"year":1950,"period":"1950","kind":"FHA"}},{"type":"Feature","geometry":{"type":"Point","coordinates":[-86.12896,39.848833]},"properties":{"year":1950,"period":"1950","kind":"FHA"}},{"type":"Feature","geometry":{"type":"Point","coordinates":[-86.089273,39.819567]},"properties":{"year":1950,"period":"1950","kind":"FHA"}},{"type":"Feature","geometry":{"type":"Point","coordinates":[-86.057415,39.803431]},"properties":{"year":1950,"period":"1950","kind":"VA"}},{"type":"Feature","geometry":{"type":"Point","coordinates":[-86.092577,39.809658]},"properties":{"year":1950,"period":"1950","kind":"FHA"}},{"type":"Feature","geometry":{"type":"Point","coordinates":[-86.219316,39.761699]},"properties":{"year":1950,"period":"1950","kind":"FHA"}},{"type":"Feature","geometry":{"type":"Point","coordinates":[-86.092568,39.808999]},"properties":{"year":1950,"period":"1950","kind":"FHA"}},{"type":"Feature","geometry":{"type":"Point","coordinates":[-86.220983,39.760295]},"properties":{"year":1950,"period":"1950","kind":"FHA"}},{"type":"Feature","geometry":{"type":"Point","coordinates":[-86.141174,39.853751]},"properties":{"year":1950,"period":"1950","kind":"FHA"}},{"type":"Feature","geometry":{"type":"Point","coordinates":[-86.223304,39.7794]},"properties":{"year":1950,"period":"1950","kind":"FHA"}},{"type":"Feature","geometry":{"type":"Point","coordinates":[-86.092577,39.809871]},"properties":{"year":1950,"period":"1950","kind":"FHA"}},{"type":"Feature","geometry":{"type":"Point","coordinates":[-86.0949,39.794686]},"properties":{"year":1950,"period":"1950","kind":"FHA"}},{"type":"Feature","geometry":{"type":"Point","coordinates":[-86.092572,39.809321]},"properties":{"year":1950,"period":"1950","kind":"FHA"}},{"type":"Feature","geometry":{"type":"Point","coordinates":[-86.092574,39.80954]},"properties":{"year":1950,"period":"1950","kind":"FHA"}},{"type":"Feature","geometry":{"type":"Point","coordinates":[-86.223429,39.78418]},"properties":{"year":1950,"period":"1950","kind":"FHA"}},{"type":"Feature","geometry":{"type":"Point","coordinates":[-86.064132,39.800428]},"properties":{"year":1950,"period":"1950","kind":"FHA"}},{"type":"Feature","geometry":{"type":"Point","coordinates":[-86.064132,39.800428]},"properties":{"year":1950,"period":"1950","kind":"VA"}},{"type":"Feature","geometry":{"type":"Point","coordinates":[-86.116767,39.784522]},"properties":{"year":1950,"period":"1950","kind":"FHA"}},{"type":"Feature","geometry":{"type":"Point","coordinates":[-86.108098,39.819735]},"properties":{"year":1950,"period":"1950","kind":"FHA"}},{"type":"Feature","geometry":{"type":"Point","coordinates":[-86.124814,39.87565]},"properties":{"year":1950,"period":"1950","kind":"FHA"}},{"type":"Feature","geometry":{"type":"Point","coordinates":[-86.209352,39.792988]},"properties":{"year":1950,"period":"1950","kind":"FHA"}},{"type":"Feature","geometry":{"type":"Point","coordinates":[-86.074656,39.783131]},"properties":{"year":1950,"period":"1950","kind":"FHA"}},{"type":"Feature","geometry":{"type":"Point","coordinates":[-86.108112,39.819468]},"properties":{"year":1950,"period":"1950","kind":"FHA"}},{"type":"Feature","geometry":{"type":"Point","coordinates":[-86.123048,39.662311]},"properties":{"year":1950,"period":"1950","kind":"FHA"}},{"type":"Feature","geometry":{"type":"Point","coordinates":[-86.125544,39.840426]},"properties":{"year":1950,"period":"1950","kind":"FHA"}},{"type":"Feature","geometry":{"type":"Point","coordinates":[-86.101743,39.821488]},"properties":{"year":1950,"period":"1950","kind":"FHA"}},{"type":"Feature","geometry":{"type":"Point","coordinates":[-86.207189,39.791392]},"properties":{"year":1950,"period":"1950","kind":"FHA"}},{"type":"Feature","geometry":{"type":"Point","coordinates":[-86.143026,39.850584]},"properties":{"year":1950,"period":"1950","kind":"FHA"}},{"type":"Feature","geometry":{"type":"Point","coordinates":[-86.12675,39.815781]},"properties":{"year":1950,"period":"1950","kind":"FHA"}},{"type":"Feature","geometry":{"type":"Point","coordinates":[-86.221438,39.78603]},"properties":{"year":1950,"period":"1950","kind":"FHA"}},{"type":"Feature","geometry":{"type":"Point","coordinates":[-86.220435,39.785588]},"properties":{"year":1950,"period":"1950","kind":"FHA"}},{"type":"Feature","geometry":{"type":"Point","coordinates":[-86.220301,39.785599]},"properties":{"year":1950,"period":"1950","kind":"FHA"}},{"type":"Feature","geometry":{"type":"Point","coordinates":[-86.220824,39.786807]},"properties":{"year":1950,"period":"1950","kind":"FHA"}},{"type":"Feature","geometry":{"type":"Point","coordinates":[-86.220442,39.786034]},"properties":{"year":1950,"period":"1950","kind":"FHA"}},{"type":"Feature","geometry":{"type":"Point","coordinates":[-86.220714,39.786018]},"properties":{"year":1950,"period":"1950","kind":"FHA"}},{"type":"Feature","geometry":{"type":"Point","coordinates":[-86.091929,39.809003]},"properties":{"year":1950,"period":"1950","kind":"FHA"}},{"type":"Feature","geometry":{"type":"Point","coordinates":[-86.092584,39.810423]},"properties":{"year":1950,"period":"1950","kind":"FHA"}},{"type":"Feature","geometry":{"type":"Point","coordinates":[-86.092694,39.809112]},"properties":{"year":1950,"period":"1950","kind":"FHA"}},{"type":"Feature","geometry":{"type":"Point","coordinates":[-86.072123,39.820498]},"properties":{"year":1950,"period":"1950","kind":"FHA"}},{"type":"Feature","geometry":{"type":"Point","coordinates":[-86.092696,39.809222]},"properties":{"year":1950,"period":"1950","kind":"FHA"}},{"type":"Feature","geometry":{"type":"Point","coordinates":[-86.094907,39.794465]},"properties":{"year":1950,"period":"1950","kind":"FHA"}},{"type":"Feature","geometry":{"type":"Point","coordinates":[-86.072123,39.820498]},"properties":{"year":1950,"period":"1950","kind":"VA"}},{"type":"Feature","geometry":{"type":"Point","coordinates":[-86.092562,39.79296]},"properties":{"year":1950,"period":"1950","kind":"VA"}},{"type":"Feature","geometry":{"type":"Point","coordinates":[-86.208275,39.791382]},"properties":{"year":1950,"period":"1950","kind":"FHA"}},{"type":"Feature","geometry":{"type":"Point","coordinates":[-86.053811,39.783212]},"properties":{"year":1950,"period":"1950","kind":"FHA"}},{"type":"Feature","geometry":{"type":"Point","coordinates":[-86.113383,39.77739]},"properties":{"year":1950,"period":"1950","kind":"FHA"}},{"type":"Feature","geometry":{"type":"Point","coordinates":[-86.15145,39.867435]},"properties":{"year":1950,"period":"1950","kind":"FHA"}},{"type":"Feature","geometry":{"type":"Point","coordinates":[-86.213631,39.780765]},"properties":{"year":1950,"period":"1950","kind":"FHA"}},{"type":"Feature","geometry":{"type":"Point","coordinates":[-86.10736,39.824761]},"properties":{"year":1950,"period":"1950","kind":"FHA"}},{"type":"Feature","geometry":{"type":"Point","coordinates":[-86.06561,39.812214]},"properties":{"year":1950,"period":"1950","kind":"VA"}},{"type":"Feature","geometry":{"type":"Point","coordinates":[-86.092608,39.809432]},"properties":{"year":1950,"period":"1950","kind":"FHA"}},{"type":"Feature","geometry":{"type":"Point","coordinates":[-86.089808,39.757563]},"properties":{"year":1950,"period":"1950","kind":"FHA"}},{"type":"Feature","geometry":{"type":"Point","coordinates":[-86.089728,39.757724]},"properties":{"year":1950,"period":"1950","kind":"FHA"}},{"type":"Feature","geometry":{"type":"Point","coordinates":[-86.089805,39.757432]},"properties":{"year":1950,"period":"1950","kind":"FHA"}},{"type":"Feature","geometry":{"type":"Point","coordinates":[-86.254775,39.792712]},"properties":{"year":1950,"period":"1950","kind":"FHA"}},{"type":"Feature","geometry":{"type":"Point","coordinates":[-86.091936,39.722602]},"properties":{"year":1950,"period":"1950","kind":"FHA"}},{"type":"Feature","geometry":{"type":"Point","coordinates":[-86.226067,39.720987]},"properties":{"year":1950,"period":"1950","kind":"VA"}},{"type":"Feature","geometry":{"type":"Point","coordinates":[-86.108103,39.818963]},"properties":{"year":1950,"period":"1950","kind":"FHA"}},{"type":"Feature","geometry":{"type":"Point","coordinates":[-86.210423,39.795351]},"properties":{"year":1950,"period":"1950","kind":"FHA"}},{"type":"Feature","geometry":{"type":"Point","coordinates":[-86.111491,39.761105]},"properties":{"year":1950,"period":"1950","kind":"FHA"}},{"type":"Feature","geometry":{"type":"Point","coordinates":[-86.1243,39.735098]},"properties":{"year":1950,"period":"1950","kind":"FHA"}},{"type":"Feature","geometry":{"type":"Point","coordinates":[-86.089188,39.785644]},"properties":{"year":1950,"period":"1950","kind":"FHA"}},{"type":"Feature","geometry":{"type":"Point","coordinates":[-86.137662,39.840482]},"properties":{"year":1950,"period":"1950","kind":"FHA"}},{"type":"Feature","geometry":{"type":"Point","coordinates":[-86.133818,39.863833]},"properties":{"year":1950,"period":"1950","kind":"VA"}},{"type":"Feature","geometry":{"type":"Point","coordinates":[-86.150591,39.866746]},"properties":{"year":1950,"period":"1950","kind":"FHA"}},{"type":"Feature","geometry":{"type":"Point","coordinates":[-86.098567,39.784123]},"properties":{"year":1950,"period":"1950","kind":"FHA"}},{"type":"Feature","geometry":{"type":"Point","coordinates":[-86.059987,39.781279]},"properties":{"year":1950,"period":"1950","kind":"FHA"}},{"type":"Feature","geometry":{"type":"Point","coordinates":[-86.094347,39.791938]},"properties":{"year":1950,"period":"1950","kind":"FHA"}},{"type":"Feature","geometry":{"type":"Point","coordinates":[-86.208776,39.792776]},"properties":{"year":1950,"period":"1950","kind":"FHA"}},{"type":"Feature","geometry":{"type":"Point","coordinates":[-86.08392,39.78962]},"properties":{"year":1950,"period":"1950","kind":"FHA"}},{"type":"Feature","geometry":{"type":"Point","coordinates":[-86.09672,39.787019]},"properties":{"year":1950,"period":"1950","kind":"FHA"}},{"type":"Feature","geometry":{"type":"Point","coordinates":[-86.108082,39.819216]},"properties":{"year":1950,"period":"1950","kind":"FHA"}},{"type":"Feature","geometry":{"type":"Point","coordinates":[-86.108082,39.819216]},"properties":{"year":1950,"period":"1950","kind":"VA"}},{"type":"Feature","geometry":{"type":"Point","coordinates":[-86.219964,39.781997]},"properties":{"year":1950,"period":"1950","kind":"FHA"}},{"type":"Feature","geometry":{"type":"Point","coordinates":[-86.092577,39.809658]},"properties":{"year":1950,"period":"1950","kind":"FHA"}},{"type":"Feature","geometry":{"type":"Point","coordinates":[-86.134715,39.853492]},"properties":{"year":1950,"period":"1950","kind":"FHA"}},{"type":"Feature","geometry":{"type":"Point","coordinates":[-86.092568,39.808999]},"properties":{"year":1950,"period":"1950","kind":"FHA"}},{"type":"Feature","geometry":{"type":"Point","coordinates":[-86.091956,39.810439]},"properties":{"year":1950,"period":"1950","kind":"FHA"}},{"type":"Feature","geometry":{"type":"Point","coordinates":[-86.092709,39.8101]},"properties":{"year":1950,"period":"1950","kind":"FHA"}},{"type":"Feature","geometry":{"type":"Point","coordinates":[-86.170067,39.830408]},"properties":{"year":1950,"period":"1950","kind":"FHA"}},{"type":"Feature","geometry":{"type":"Point","coordinates":[-86.144441,39.866536]},"properties":{"year":1950,"period":"1950","kind":"FHA"}},{"type":"Feature","geometry":{"type":"Point","coordinates":[-86.14133,39.724398]},"properties":{"year":1950,"period":"1950","kind":"FHA"}},{"type":"Feature","geometry":{"type":"Point","coordinates":[-86.129025,39.848964]},"properties":{"year":1950,"period":"1950","kind":"FHA"}},{"type":"Feature","geometry":{"type":"Point","coordinates":[-86.204444,39.789563]},"properties":{"year":1950,"period":"1950","kind":"FHA"}},{"type":"Feature","geometry":{"type":"Point","coordinates":[-86.205006,39.790638]},"properties":{"year":1950,"period":"1950","kind":"FHA"}},{"type":"Feature","geometry":{"type":"Point","coordinates":[-86.204982,39.790875]},"properties":{"year":1950,"period":"1950","kind":"FHA"}},{"type":"Feature","geometry":{"type":"Point","coordinates":[-86.220164,39.785593]},"properties":{"year":1950,"period":"1950","kind":"FHA"}},{"type":"Feature","geometry":{"type":"Point","coordinates":[-86.246932,39.789843]},"properties":{"year":1950,"period":"1950","kind":"VA"}},{"type":"Feature","geometry":{"type":"Point","coordinates":[-86.073298,39.763389]},"properties":{"year":1950,"period":"1950","kind":"FHA"}},{"type":"Feature","geometry":{"type":"Point","coordinates":[-86.220844,39.785581]},"properties":{"year":1950,"period":"1950","kind":"FHA"}},{"type":"Feature","geometry":{"type":"Point","coordinates":[-86.133155,39.858293]},"properties":{"year":1950,"period":"1950","kind":"FHA"}},{"type":"Feature","geometry":{"type":"Point","coordinates":[-86.096807,39.786913]},"properties":{"year":1950,"period":"1950","kind":"FHA"}},{"type":"Feature","geometry":{"type":"Point","coordinates":[-86.114637,39.818875]},"properties":{"year":1950,"period":"1950","kind":"FHA"}},{"type":"Feature","geometry":{"type":"Point","coordinates":[-86.150431,39.851336]},"properties":{"year":1950,"period":"1950","kind":"FHA"}},{"type":"Feature","geometry":{"type":"Point","coordinates":[-86.094322,39.792378]},"properties":{"year":1950,"period":"1950","kind":"FHA"}},{"type":"Feature","geometry":{"type":"Point","coordinates":[-86.210879,39.774215]},"properties":{"year":1950,"period":"1950","kind":"FHA"}},{"type":"Feature","geometry":{"type":"Point","coordinates":[-86.219301,39.786672]},"properties":{"year":1950,"period":"1950","kind":"FHA"}},{"type":"Feature","geometry":{"type":"Point","coordinates":[-86.184869,39.812834]},"properties":{"year":1950,"period":"1950","kind":"FHA"}},{"type":"Feature","geometry":{"type":"Point","coordinates":[-86.135884,39.854534]},"properties":{"year":1950,"period":"1950","kind":"FHA"}},{"type":"Feature","geometry":{"type":"Point","coordinates":[-86.094353,39.792267]},"properties":{"year":1950,"period":"1950","kind":"FHA"}},{"type":"Feature","geometry":{"type":"Point","coordinates":[-86.108086,39.785159]},"properties":{"year":1950,"period":"1950","kind":"FHA"}},{"type":"Feature","geometry":{"type":"Point","coordinates":[-86.085247,39.724503]},"properties":{"year":1950,"period":"1950","kind":"FHA"}},{"type":"Feature","geometry":{"type":"Point","coordinates":[-86.245382,39.784023]},"properties":{"year":1950,"period":"1950","kind":"VA"}},{"type":"Feature","geometry":{"type":"Point","coordinates":[-86.092925,39.819341]},"properties":{"year":1950,"period":"1950","kind":"FHA"}},{"type":"Feature","geometry":{"type":"Point","coordinates":[-86.141099,39.844475]},"properties":{"year":1950,"period":"1950","kind":"FHA"}},{"type":"Feature","geometry":{"type":"Point","coordinates":[-86.124376,39.728396]},"properties":{"year":1950,"period":"1950","kind":"FHA"}},{"type":"Feature","geometry":{"type":"Point","coordinates":[-86.124381,39.728884]},"properties":{"year":1950,"period":"1950","kind":"FHA"}},{"type":"Feature","geometry":{"type":"Point","coordinates":[-86.124183,39.728907]},"properties":{"year":1950,"period":"1950","kind":"FHA"}},{"type":"Feature","geometry":{"type":"Point","coordinates":[-86.123962,39.728933]},"properties":{"year":1950,"period":"1950","kind":"FHA"}},{"type":"Feature","geometry":{"type":"Point","coordinates":[-86.131732,39.842773]},"properties":{"year":1950,"period":"1950","kind":"FHA"}},{"type":"Feature","geometry":{"type":"Point","coordinates":[-86.132678,39.860995]},"properties":{"year":1950,"period":"1950","kind":"FHA"}},{"type":"Feature","geometry":{"type":"Point","coordinates":[-86.132678,39.860995]},"properties":{"year":1950,"period":"1950","kind":"VA"}},{"type":"Feature","geometry":{"type":"Point","coordinates":[-86.10867,39.81921]},"properties":{"year":1950,"period":"1950","kind":"FHA"}},{"type":"Feature","geometry":{"type":"Point","coordinates":[-86.111737,39.809611]},"properties":{"year":1950,"period":"1950","kind":"FHA"}},{"type":"Feature","geometry":{"type":"Point","coordinates":[-86.260167,39.794407]},"properties":{"year":1950,"period":"1950","kind":"FHA"}},{"type":"Feature","geometry":{"type":"Point","coordinates":[-86.101166,39.818883]},"properties":{"year":1950,"period":"1950","kind":"VA"}},{"type":"Feature","geometry":{"type":"Point","coordinates":[-86.222047,39.784362]},"properties":{"year":1950,"period":"1950","kind":"FHA"}},{"type":"Feature","geometry":{"type":"Point","coordinates":[-86.129227,39.849219]},"properties":{"year":1950,"period":"1950","kind":"FHA"}},{"type":"Feature","geometry":{"type":"Point","coordinates":[-86.253156,39.790079]},"properties":{"year":1950,"period":"1950","kind":"FHA"}},{"type":"Feature","geometry":{"type":"Point","coordinates":[-86.143974,39.854956]},"properties":{"year":1950,"period":"1950","kind":"FHA"}},{"type":"Feature","geometry":{"type":"Point","coordinates":[-86.125565,39.733745]},"properties":{"year":1950,"period":"1950","kind":"FHA"}},{"type":"Feature","geometry":{"type":"Point","coordinates":[-86.149799,39.688266]},"properties":{"year":1950,"period":"1950","kind":"FHA"}},{"type":"Feature","geometry":{"type":"Point","coordinates":[-86.116701,39.832323]},"properties":{"year":1950,"period":"1950","kind":"FHA"}},{"type":"Feature","geometry":{"type":"Point","coordinates":[-86.101004,39.7575]},"properties":{"year":1950,"period":"1950","kind":"FHA"}},{"type":"Feature","geometry":{"type":"Point","coordinates":[-86.117048,39.819102]},"properties":{"year":1950,"period":"1950","kind":"FHA"}},{"type":"Feature","geometry":{"type":"Point","coordinates":[-86.094901,39.79457]},"properties":{"year":1950,"period":"1950","kind":"FHA"}},{"type":"Feature","geometry":{"type":"Point","coordinates":[-86.12497,39.736957]},"properties":{"year":1950,"period":"1950","kind":"FHA"}},{"type":"Feature","geometry":{"type":"Point","coordinates":[-86.065622,39.813007]},"properties":{"year":1950,"period":"1950","kind":"FHA"}},{"type":"Feature","geometry":{"type":"Point","coordinates":[-86.108109,39.818707]},"properties":{"year":1950,"period":"1950","kind":"FHA"}},{"type":"Feature","geometry":{"type":"Point","coordinates":[-86.073054,39.774951]},"properties":{"year":1950,"period":"1950","kind":"FHA"}},{"type":"Feature","geometry":{"type":"Point","coordinates":[-86.084771,39.823009]},"properties":{"year":1950,"period":"1950","kind":"FHA"}},{"type":"Feature","geometry":{"type":"Point","coordinates":[-86.106715,39.823241]},"properties":{"year":1950,"period":"1950","kind":"FHA"}},{"type":"Feature","geometry":{"type":"Point","coordinates":[-86.111741,39.809803]},"properties":{"year":1950,"period":"1950","kind":"FHA"}},{"type":"Feature","geometry":{"type":"Point","coordinates":[-86.155674,39.850759]},"properties":{"year":1950,"period":"1950","kind":"VA"}},{"type":"Feature","geometry":{"type":"Point","coordinates":[-86.092592,39.792679]},"properties":{"year":1950,"period":"1950","kind":"FHA"}},{"type":"Feature","geometry":{"type":"Point","coordinates":[-86.092592,39.792679]},"properties":{"year":1950,"period":"1950","kind":"VA"}},{"type":"Feature","geometry":{"type":"Point","coordinates":[-86.092591,39.8102]},"properties":{"year":1950,"period":"1950","kind":"FHA"}},{"type":"Feature","geometry":{"type":"Point","coordinates":[-86.108104,39.801955]},"properties":{"year":1950,"period":"1950","kind":"FHA"}},{"type":"Feature","geometry":{"type":"Point","coordinates":[-86.21998,39.761374]},"properties":{"year":1950,"period":"1950","kind":"FHA"}},{"type":"Feature","geometry":{"type":"Point","coordinates":[-86.146828,39.847458]},"properties":{"year":1950,"period":"1950","kind":"FHA"}},{"type":"Feature","geometry":{"type":"Point","coordinates":[-86.108298,39.810939]},"properties":{"year":1950,"period":"1950","kind":"FHA"}},{"type":"Feature","geometry":{"type":"Point","coordinates":[-86.2253779890893,39.763884523165]},"properties":{"year":1950,"period":"1950","kind":"FHA"}},{"type":"Feature","geometry":{"type":"Point","coordinates":[-86.058491,39.772575]},"properties":{"year":1950,"period":"1950","kind":"FHA"}},{"type":"Feature","geometry":{"type":"Point","coordinates":[-86.099576,39.758646]},"properties":{"year":1950,"period":"1950","kind":"FHA"}},{"type":"Feature","geometry":{"type":"Point","coordinates":[-86.223914,39.779687]},"properties":{"year":1950,"period":"1950","kind":"VA"}},{"type":"Feature","geometry":{"type":"Point","coordinates":[-86.12856,39.743615]},"properties":{"year":1950,"period":"1950","kind":"VA"}},{"type":"Feature","geometry":{"type":"Point","coordinates":[-86.226515,39.721206]},"properties":{"year":1950,"period":"1950","kind":"VA"}},{"type":"Feature","geometry":{"type":"Point","coordinates":[-86.109851,39.806007]},"properties":{"year":1950,"period":"1950","kind":"FHA"}},{"type":"Feature","geometry":{"type":"Point","coordinates":[-86.133216,39.858608]},"properties":{"year":1950,"period":"1950","kind":"VA"}},{"type":"Feature","geometry":{"type":"Point","coordinates":[-86.092828,39.81629]},"properties":{"year":1950,"period":"1950","kind":"VA"}},{"type":"Feature","geometry":{"type":"Point","coordinates":[-86.209403,39.794905]},"properties":{"year":1950,"period":"1950","kind":"VA"}},{"type":"Feature","geometry":{"type":"Point","coordinates":[-86.219484,39.781441]},"properties":{"year":1950,"period":"1950","kind":"FHA"}},{"type":"Feature","geometry":{"type":"Point","coordinates":[-86.219484,39.781441]},"properties":{"year":1950,"period":"1950","kind":"VA"}},{"type":"Feature","geometry":{"type":"Point","coordinates":[-86.160898,39.842122]},"properties":{"year":1950,"period":"1950","kind":"FHA"}},{"type":"Feature","geometry":{"type":"Point","coordinates":[-86.188426,39.79188]},"properties":{"year":1950,"period":"1950","kind":"FHA"}},{"type":"Feature","geometry":{"type":"Point","coordinates":[-86.223455,39.784835]},"properties":{"year":1950,"period":"1950","kind":"FHA"}},{"type":"Feature","geometry":{"type":"Point","coordinates":[-86.219511,39.781551]},"properties":{"year":1950,"period":"1950","kind":"FHA"}},{"type":"Feature","geometry":{"type":"Point","coordinates":[-86.1354428620436,39.8684821179671]},"properties":{"year":1950,"period":"1950","kind":"FHA"}},{"type":"Feature","geometry":{"type":"Point","coordinates":[-86.094542,39.765615]},"properties":{"year":1950,"period":"1950","kind":"FHA"}},{"type":"Feature","geometry":{"type":"Point","coordinates":[-86.094671,39.824605]},"properties":{"year":1950,"period":"1950","kind":"FHA"}},{"type":"Feature","geometry":{"type":"Point","coordinates":[-86.219494,39.781113]},"properties":{"year":1950,"period":"1950","kind":"FHA"}},{"type":"Feature","geometry":{"type":"Point","coordinates":[-86.096839,39.726844]},"properties":{"year":1950,"period":"1950","kind":"FHA"}},{"type":"Feature","geometry":{"type":"Point","coordinates":[-86.124555,39.845644]},"properties":{"year":1950,"period":"1950","kind":"FHA"}},{"type":"Feature","geometry":{"type":"Point","coordinates":[-86.219508,39.781222]},"properties":{"year":1950,"period":"1950","kind":"FHA"}},{"type":"Feature","geometry":{"type":"Point","coordinates":[-86.219508,39.781222]},"properties":{"year":1950,"period":"1950","kind":"VA"}},{"type":"Feature","geometry":{"type":"Point","coordinates":[-86.126215,39.733314]},"properties":{"year":1950,"period":"1950","kind":"FHA"}},{"type":"Feature","geometry":{"type":"Point","coordinates":[-86.220568,39.785567]},"properties":{"year":1950,"period":"1950","kind":"FHA"}},{"type":"Feature","geometry":{"type":"Point","coordinates":[-86.111632,39.774228]},"properties":{"year":1950,"period":"1950","kind":"FHA"}},{"type":"Feature","geometry":{"type":"Point","coordinates":[-86.148849,39.829793]},"properties":{"year":1950,"period":"1950","kind":"FHA"}},{"type":"Feature","geometry":{"type":"Point","coordinates":[-86.084837,39.724512]},"properties":{"year":1950,"period":"1950","kind":"FHA"}},{"type":"Feature","geometry":{"type":"Point","coordinates":[-86.099916,39.822874]},"properties":{"year":1950,"period":"1950","kind":"FHA"}},{"type":"Feature","geometry":{"type":"Point","coordinates":[-86.12559,39.867799]},"properties":{"year":1950,"period":"1950","kind":"FHA"}},{"type":"Feature","geometry":{"type":"Point","coordinates":[-86.123767,39.728901]},"properties":{"year":1950,"period":"1950","kind":"FHA"}},{"type":"Feature","geometry":{"type":"Point","coordinates":[-86.122918,39.728906]},"properties":{"year":1950,"period":"1950","kind":"FHA"}},{"type":"Feature","geometry":{"type":"Point","coordinates":[-86.12312,39.728925]},"properties":{"year":1950,"period":"1950","kind":"FHA"}},{"type":"Feature","geometry":{"type":"Point","coordinates":[-86.12335,39.728884]},"properties":{"year":1950,"period":"1950","kind":"FHA"}},{"type":"Feature","geometry":{"type":"Point","coordinates":[-86.123563,39.728895]},"properties":{"year":1950,"period":"1950","kind":"FHA"}},{"type":"Feature","geometry":{"type":"Point","coordinates":[-86.219536,39.781013]},"properties":{"year":1950,"period":"1950","kind":"FHA"}},{"type":"Feature","geometry":{"type":"Point","coordinates":[-86.219536,39.781013]},"properties":{"year":1950,"period":"1950","kind":"VA"}},{"type":"Feature","geometry":{"type":"Point","coordinates":[-86.121607,39.827637]},"properties":{"year":1950,"period":"1950","kind":"FHA"}},{"type":"Feature","geometry":{"type":"Point","coordinates":[-86.096529,39.78899]},"properties":{"year":1950,"period":"1950","kind":"FHA"}},{"type":"Feature","geometry":{"type":"Point","coordinates":[-86.078033,39.757877]},"properties":{"year":1950,"period":"1950","kind":"FHA"}},{"type":"Feature","geometry":{"type":"Point","coordinates":[-86.219488,39.781327]},"properties":{"year":1950,"period":"1950","kind":"FHA"}},{"type":"Feature","geometry":{"type":"Point","coordinates":[-86.219488,39.781327]},"properties":{"year":1950,"period":"1950","kind":"VA"}},{"type":"Feature","geometry":{"type":"Point","coordinates":[-86.225995,39.763435]},"properties":{"year":1950,"period":"1950","kind":"FHA"}},{"type":"Feature","geometry":{"type":"Point","coordinates":[-86.089994,39.773929]},"properties":{"year":1950,"period":"1950","kind":"FHA"}},{"type":"Feature","geometry":{"type":"Point","coordinates":[-86.128427,39.859063]},"properties":{"year":1950,"period":"1950","kind":"FHA"}},{"type":"Feature","geometry":{"type":"Point","coordinates":[-86.128427,39.859063]},"properties":{"year":1950,"period":"1950","kind":"VA"}},{"type":"Feature","geometry":{"type":"Point","coordinates":[-86.093785,39.748185]},"properties":{"year":1960,"period":"1960","kind":"FHA"}},{"type":"Feature","geometry":{"type":"Point","coordinates":[-86.13124,39.744415]},"properties":{"year":1960,"period":"1960","kind":"VA"}},{"type":"Feature","geometry":{"type":"Point","coordinates":[-86.093315,39.748594]},"properties":{"year":1960,"period":"1960","kind":"FHA"}},{"type":"Feature","geometry":{"type":"Point","coordinates":[-86.093293,39.748155]},"properties":{"year":1960,"period":"1960","kind":"FHA"}},{"type":"Feature","geometry":{"type":"Point","coordinates":[-86.093286,39.747996]},"properties":{"year":1960,"period":"1960","kind":"FHA"}},{"type":"Feature","geometry":{"type":"Point","coordinates":[-86.093798,39.747994]},"properties":{"year":1960,"period":"1960","kind":"FHA"}},{"type":"Feature","geometry":{"type":"Point","coordinates":[-86.03696,39.819519]},"properties":{"year":1960,"period":"1960","kind":"VA"}},{"type":"Feature","geometry":{"type":"Point","coordinates":[-86.238058,39.711555]},"properties":{"year":1960,"period":"1960","kind":"VA"}},{"type":"Feature","geometry":{"type":"Point","coordinates":[-86.221123,39.715793]},"properties":{"year":1960,"period":"1960","kind":"VA"}},{"type":"Feature","geometry":{"type":"Point","coordinates":[-86.237916,39.71207]},"properties":{"year":1960,"period":"1960","kind":"VA"}},{"type":"Feature","geometry":{"type":"Point","coordinates":[-86.218028,39.715402]},"properties":{"year":1960,"period":"1960","kind":"VA"}},{"type":"Feature","geometry":{"type":"Point","coordinates":[-86.236907,39.723165]},"properties":{"year":1960,"period":"1960","kind":"VA"}},{"type":"Feature","geometry":{"type":"Point","coordinates":[-86.124321,39.817848]},"properties":{"year":1960,"period":"1960","kind":"VA"}},{"type":"Feature","geometry":{"type":"Point","coordinates":[-86.059463,39.750099]},"properties":{"year":1960,"period":"1960","kind":"FHA"}},{"type":"Feature","geometry":{"type":"Point","coordinates":[-86.02864,39.876223]},"properties":{"year":1960,"period":"1960","kind":"VA"}},{"type":"Feature","geometry":{"type":"Point","coordinates":[-86.2730078388808,39.7107434466133]},"properties":{"year":1960,"period":"1960","kind":"VA"}},{"type":"Feature","geometry":{"type":"Point","coordinates":[-86.254862,39.819764]},"properties":{"year":1960,"period":"1960","kind":"VA"}},{"type":"Feature","geometry":{"type":"Point","coordinates":[-86.024384,39.801567]},"properties":{"year":1960,"period":"1960","kind":"VA"}},{"type":"Feature","geometry":{"type":"Point","coordinates":[-86.025097,39.802521]},"properties":{"year":1960,"period":"1960","kind":"VA"}},{"type":"Feature","geometry":{"type":"Point","coordinates":[-86.022051,39.802819]},"properties":{"year":1960,"period":"1960","kind":"VA"}},{"type":"Feature","geometry":{"type":"Point","coordinates":[-86.02558,39.803421]},"properties":{"year":1960,"period":"1960","kind":"VA"}},{"type":"Feature","geometry":{"type":"Point","coordinates":[-86.253852,39.821819]},"properties":{"year":1960,"period":"1960","kind":"VA"}},{"type":"Feature","geometry":{"type":"Point","coordinates":[-86.020558,39.801389]},"properties":{"year":1960,"period":"1960","kind":"VA"}},{"type":"Feature","geometry":{"type":"Point","coordinates":[-86.023805,39.801698]},"properties":{"year":1960,"period":"1960","kind":"VA"}},{"type":"Feature","geometry":{"type":"Point","coordinates":[-86.262204,39.87917]},"properties":{"year":1960,"period":"1960","kind":"VA"}},{"type":"Feature","geometry":{"type":"Point","coordinates":[-86.024683,39.806086]},"properties":{"year":1960,"period":"1960","kind":"VA"}},{"type":"Feature","geometry":{"type":"Point","coordinates":[-86.254855,39.819977]},"properties":{"year":1960,"period":"1960","kind":"VA"}},{"type":"Feature","geometry":{"type":"Point","coordinates":[-86.254483,39.822287]},"properties":{"year":1960,"period":"1960","kind":"VA"}},{"type":"Feature","geometry":{"type":"Point","coordinates":[-86.255587,39.822295]},"properties":{"year":1960,"period":"1960","kind":"VA"}},{"type":"Feature","geometry":{"type":"Point","coordinates":[-86.253307,39.820388]},"properties":{"year":1960,"period":"1960","kind":"VA"}},{"type":"Feature","geometry":{"type":"Point","coordinates":[-86.02271,39.803992]},"properties":{"year":1960,"period":"1960","kind":"VA"}},{"type":"Feature","geometry":{"type":"Point","coordinates":[-86.254895,39.822049]},"properties":{"year":1960,"period":"1960","kind":"VA"}},{"type":"Feature","geometry":{"type":"Point","coordinates":[-86.113551,39.785434]},"properties":{"year":1960,"period":"1960","kind":"VA"}},{"type":"Feature","geometry":{"type":"Point","coordinates":[-86.253882,39.822736]},"properties":{"year":1960,"period":"1960","kind":"VA"}},{"type":"Feature","geometry":{"type":"Point","coordinates":[-86.254857,39.819584]},"properties":{"year":1960,"period":"1960","kind":"VA"}},{"type":"Feature","geometry":{"type":"Point","coordinates":[-86.024499,39.804306]},"properties":{"year":1960,"period":"1960","kind":"VA"}},{"type":"Feature","geometry":{"type":"Point","coordinates":[-86.025508,39.803877]},"properties":{"year":1960,"period":"1960","kind":"VA"}},{"type":"Feature","geometry":{"type":"Point","coordinates":[-86.25514,39.822372]},"properties":{"year":1960,"period":"1960","kind":"VA"}},{"type":"Feature","geometry":{"type":"Point","coordinates":[-86.2722031761985,39.7107351931365]},"properties":{"year":1960,"period":"1960","kind":"VA"}},{"type":"Feature","geometry":{"type":"Point","coordinates":[-86.125121,39.838499]},"properties":{"year":1960,"period":"1960","kind":"FHA"}},{"type":"Feature","geometry":{"type":"Point","coordinates":[-86.25277,39.817615]},"properties":{"year":1960,"period":"1960","kind":"VA"}},{"type":"Feature","geometry":{"type":"Point","coordinates":[-86.022013,39.801353]},"properties":{"year":1960,"period":"1960","kind":"VA"}},{"type":"Feature","geometry":{"type":"Point","coordinates":[-86.02429,39.802804]},"properties":{"year":1960,"period":"1960","kind":"VA"}},{"type":"Feature","geometry":{"type":"Point","coordinates":[-86.026806,39.803718]},"properties":{"year":1960,"period":"1960","kind":"VA"}},{"type":"Feature","geometry":{"type":"Point","coordinates":[-86.221737,39.715441]},"properties":{"year":1960,"period":"1960","kind":"VA"}},{"type":"Feature","geometry":{"type":"Point","coordinates":[-86.021043,39.800636]},"properties":{"year":1960,"period":"1960","kind":"VA"}},{"type":"Feature","geometry":{"type":"Point","coordinates":[-86.022939,39.807548]},"properties":{"year":1960,"period":"1960","kind":"VA"}},{"type":"Feature","geometry":{"type":"Point","coordinates":[-86.023113,39.801696]},"properties":{"year":1960,"period":"1960","kind":"VA"}},{"type":"Feature","geometry":{"type":"Point","coordinates":[-86.254809,39.818899]},"properties":{"year":1960,"period":"1960","kind":"VA"}},{"type":"Feature","geometry":{"type":"Point","coordinates":[-86.024873,39.801285]},"properties":{"year":1960,"period":"1960","kind":"VA"}},{"type":"Feature","geometry":{"type":"Point","coordinates":[-86.252741,39.81925]},"properties":{"year":1960,"period":"1960","kind":"VA"}},{"type":"Feature","geometry":{"type":"Point","coordinates":[-86.025447,39.803264]},"properties":{"year":1960,"period":"1960","kind":"VA"}},{"type":"Feature","geometry":{"type":"Point","coordinates":[-86.254499,39.822857]},"properties":{"year":1960,"period":"1960","kind":"VA"}},{"type":"Feature","geometry":{"type":"Point","coordinates":[-86.255804,39.821888]},"properties":{"year":1960,"period":"1960","kind":"VA"}},{"type":"Feature","geometry":{"type":"Point","coordinates":[-86.255821,39.822315]},"properties":{"year":1960,"period":"1960","kind":"VA"}},{"type":"Feature","geometry":{"type":"Point","coordinates":[-86.021282,39.800591]},"properties":{"year":1960,"period":"1960","kind":"VA"}},{"type":"Feature","geometry":{"type":"Point","coordinates":[-86.02362,39.802797]},"properties":{"year":1960,"period":"1960","kind":"VA"}},{"type":"Feature","geometry":{"type":"Point","coordinates":[-86.021521,39.800578]},"properties":{"year":1960,"period":"1960","kind":"VA"}},{"type":"Feature","geometry":{"type":"Point","coordinates":[-86.024661,39.801901]},"properties":{"year":1960,"period":"1960","kind":"VA"}},{"type":"Feature","geometry":{"type":"Point","coordinates":[-86.254674,39.822131]},"properties":{"year":1960,"period":"1960","kind":"VA"}},{"type":"Feature","geometry":{"type":"Point","coordinates":[-86.254964,39.822452]},"properties":{"year":1960,"period":"1960","kind":"VA"}},{"type":"Feature","geometry":{"type":"Point","coordinates":[-86.031871,39.821182]},"properties":{"year":1960,"period":"1960","kind":"VA"}},{"type":"Feature","geometry":{"type":"Point","coordinates":[-86.05645,39.839288]},"properties":{"year":1960,"period":"1960","kind":"VA"}},{"type":"Feature","geometry":{"type":"Point","coordinates":[-86.028906,39.820242]},"properties":{"year":1960,"period":"1960","kind":"VA"}},{"type":"Feature","geometry":{"type":"Point","coordinates":[-86.021316,39.801927]},"properties":{"year":1960,"period":"1960","kind":"VA"}},{"type":"Feature","geometry":{"type":"Point","coordinates":[-86.254496,39.821308]},"properties":{"year":1960,"period":"1960","kind":"FHA"}},{"type":"Feature","geometry":{"type":"Point","coordinates":[-86.218515,39.714922]},"properties":{"year":1960,"period":"1960","kind":"VA"}},{"type":"Feature","geometry":{"type":"Point","coordinates":[-86.023538,39.801292]},"properties":{"year":1960,"period":"1960","kind":"VA"}},{"type":"Feature","geometry":{"type":"Point","coordinates":[-86.028453,39.819904]},"properties":{"year":1960,"period":"1960","kind":"VA"}},{"type":"Feature","geometry":{"type":"Point","coordinates":[-86.028842,39.819088]},"properties":{"year":1960,"period":"1960","kind":"VA"}},{"type":"Feature","geometry":{"type":"Point","coordinates":[-86.075444,39.828768]},"properties":{"year":1960,"period":"1960","kind":"FHA"}},{"type":"Feature","geometry":{"type":"Point","coordinates":[-86.286719,39.789924]},"properties":{"year":1960,"period":"1960","kind":"FHA"}},{"type":"Feature","geometry":{"type":"Point","coordinates":[-86.021851,39.803372]},"properties":{"year":1960,"period":"1960","kind":"VA"}},{"type":"Feature","geometry":{"type":"Point","coordinates":[-86.028229,39.820291]},"properties":{"year":1960,"period":"1960","kind":"VA"}},{"type":"Feature","geometry":{"type":"Point","coordinates":[-86.114111,39.833236]},"properties":{"year":1960,"period":"1960","kind":"VA"}},{"type":"Feature","geometry":{"type":"Point","coordinates":[-86.036,39.821041]},"properties":{"year":1960,"period":"1960","kind":"VA"}},{"type":"Feature","geometry":{"type":"Point","coordinates":[-86.05847,39.834756]},"properties":{"year":1960,"period":"1960","kind":"VA"}},{"type":"Feature","geometry":{"type":"Point","coordinates":[-86.028053,39.818661]},"properties":{"year":1960,"period":"1960","kind":"VA"}},{"type":"Feature","geometry":{"type":"Point","coordinates":[-86.027731,39.811612]},"properties":{"year":1960,"period":"1960","kind":"VA"}},{"type":"Feature","geometry":{"type":"Point","coordinates":[-86.037118,39.820028]},"properties":{"year":1960,"period":"1960","kind":"VA"}},{"type":"Feature","geometry":{"type":"Point","coordinates":[-86.040057,39.819997]},"properties":{"year":1960,"period":"1960","kind":"VA"}},{"type":"Feature","geometry":{"type":"Point","coordinates":[-86.038762,39.818938]},"properties":{"year":1960,"period":"1960","kind":"VA"}},{"type":"Feature","geometry":{"type":"Point","coordinates":[-86.036595,39.819692]},"properties":{"year":1960,"period":"1960","kind":"VA"}},{"type":"Feature","geometry":{"type":"Point","coordinates":[-86.036615,39.819532]},"properties":{"year":1960,"period":"1960","kind":"VA"}},{"type":"Feature","geometry":{"type":"Point","coordinates":[-86.028703,39.821109]},"properties":{"year":1960,"period":"1960","kind":"VA"}},{"type":"Feature","geometry":{"type":"Point","coordinates":[-86.028342,39.819033]},"properties":{"year":1960,"period":"1960","kind":"VA"}},{"type":"Feature","geometry":{"type":"Point","coordinates":[-86.028972,39.815088]},"properties":{"year":1960,"period":"1960","kind":"VA"}},{"type":"Feature","geometry":{"type":"Point","coordinates":[-86.029262,39.81739]},"properties":{"year":1960,"period":"1960","kind":"VA"}},{"type":"Feature","geometry":{"type":"Point","coordinates":[-86.028216,39.821058]},"properties":{"year":1960,"period":"1960","kind":"VA"}},{"type":"Feature","geometry":{"type":"Point","coordinates":[-86.037042,39.818852]},"properties":{"year":1960,"period":"1960","kind":"VA"}},{"type":"Feature","geometry":{"type":"Point","coordinates":[-86.027813,39.818652]},"properties":{"year":1960,"period":"1960","kind":"VA"}},{"type":"Feature","geometry":{"type":"Point","coordinates":[-86.027382,39.819788]},"properties":{"year":1960,"period":"1960","kind":"VA"}},{"type":"Feature","geometry":{"type":"Point","coordinates":[-86.028454,39.820719]},"properties":{"year":1960,"period":"1960","kind":"VA"}},{"type":"Feature","geometry":{"type":"Point","coordinates":[-86.028616,39.81903]},"properties":{"year":1960,"period":"1960","kind":"VA"}},{"type":"Feature","geometry":{"type":"Point","coordinates":[-86.028865,39.819471]},"properties":{"year":1960,"period":"1960","kind":"VA"}},{"type":"Feature","geometry":{"type":"Point","coordinates":[-86.029295,39.82152]},"properties":{"year":1960,"period":"1960","kind":"VA"}},{"type":"Feature","geometry":{"type":"Point","coordinates":[-86.030103,39.812096]},"properties":{"year":1960,"period":"1960","kind":"VA"}},{"type":"Feature","geometry":{"type":"Point","coordinates":[-86.039313,39.819374]},"properties":{"year":1960,"period":"1960","kind":"VA"}},{"type":"Feature","geometry":{"type":"Point","coordinates":[-86.040884,39.818651]},"properties":{"year":1960,"period":"1960","kind":"VA"}},{"type":"Feature","geometry":{"type":"Point","coordinates":[-86.056922,39.8371]},"properties":{"year":1960,"period":"1960","kind":"VA"}},{"type":"Feature","geometry":{"type":"Point","coordinates":[-86.057374,39.839074]},"properties":{"year":1960,"period":"1960","kind":"VA"}},{"type":"Feature","geometry":{"type":"Point","coordinates":[-86.058936,39.837507]},"properties":{"year":1960,"period":"1960","kind":"VA"}},{"type":"Feature","geometry":{"type":"Point","coordinates":[-86.027372,39.819266]},"properties":{"year":1960,"period":"1960","kind":"VA"}},{"type":"Feature","geometry":{"type":"Point","coordinates":[-86.028214,39.819904]},"properties":{"year":1960,"period":"1960","kind":"VA"}},{"type":"Feature","geometry":{"type":"Point","coordinates":[-86.029377,39.821058]},"properties":{"year":1960,"period":"1960","kind":"VA"}},{"type":"Feature","geometry":{"type":"Point","coordinates":[-86.059481,39.837138]},"properties":{"year":1960,"period":"1960","kind":"VA"}},{"type":"Feature","geometry":{"type":"Point","coordinates":[-86.028453,39.820243]},"properties":{"year":1960,"period":"1960","kind":"VA"}},{"type":"Feature","geometry":{"type":"Point","coordinates":[-86.0291,39.819427]},"properties":{"year":1960,"period":"1960","kind":"VA"}},{"type":"Feature","geometry":{"type":"Point","coordinates":[-86.034855,39.819815]},"properties":{"year":1960,"period":"1960","kind":"VA"}},{"type":"Feature","geometry":{"type":"Point","coordinates":[-86.037326,39.82004]},"properties":{"year":1960,"period":"1960","kind":"VA"}},{"type":"Feature","geometry":{"type":"Point","coordinates":[-86.028342,39.819481]},"properties":{"year":1960,"period":"1960","kind":"VA"}},{"type":"Feature","geometry":{"type":"Point","coordinates":[-86.02955,39.821477]},"properties":{"year":1960,"period":"1960","kind":"VA"}},{"type":"Feature","geometry":{"type":"Point","coordinates":[-86.033726,39.821029]},"properties":{"year":1960,"period":"1960","kind":"VA"}},{"type":"Feature","geometry":{"type":"Point","coordinates":[-86.118532,39.758283]},"properties":{"year":1960,"period":"1960","kind":"FHA"}},{"type":"Feature","geometry":{"type":"Point","coordinates":[-86.028563,39.811461]},"properties":{"year":1960,"period":"1960","kind":"VA"}},{"type":"Feature","geometry":{"type":"Point","coordinates":[-86.212648,39.78349]},"properties":{"year":1960,"period":"1960","kind":"FHA"}},{"type":"Feature","geometry":{"type":"Point","coordinates":[-86.097283,39.777516]},"properties":{"year":1960,"period":"1960","kind":"FHA"}},{"type":"Feature","geometry":{"type":"Point","coordinates":[-86.024047,39.803177]},"properties":{"year":1960,"period":"1960","kind":"FHA"}},{"type":"Feature","geometry":{"type":"Point","coordinates":[-86.090972,39.810288]},"properties":{"year":1960,"period":"1960","kind":"FHA"}},{"type":"Feature","geometry":{"type":"Point","coordinates":[-86.124323,39.665807]},"properties":{"year":1960,"period":"1960","kind":"FHA"}},{"type":"Feature","geometry":{"type":"Point","coordinates":[-86.022732,39.802799]},"properties":{"year":1960,"period":"1960","kind":"FHA"}},{"type":"Feature","geometry":{"type":"Point","coordinates":[-86.183051,39.817054]},"properties":{"year":1960,"period":"1960","kind":"FHA"}},{"type":"Feature","geometry":{"type":"Point","coordinates":[-86.025024,39.846063]},"properties":{"year":1960,"period":"1960","kind":"FHA"}},{"type":"Feature","geometry":{"type":"Point","coordinates":[-86.109395,39.812094]},"properties":{"year":1960,"period":"1960","kind":"FHA"}},{"type":"Feature","geometry":{"type":"Point","coordinates":[-86.067368,39.811792]},"properties":{"year":1960,"period":"1960","kind":"FHA"}},{"type":"Feature","geometry":{"type":"Point","coordinates":[-86.077437,39.757444]},"properties":{"year":1960,"period":"1960","kind":"FHA"}},{"type":"Feature","geometry":{"type":"Point","coordinates":[-86.126945,39.729098]},"properties":{"year":1960,"period":"1960","kind":"FHA"}},{"type":"Feature","geometry":{"type":"Point","coordinates":[-86.126945,39.729098]},"properties":{"year":1960,"period":"1960","kind":"FHA"}},{"type":"Feature","geometry":{"type":"Point","coordinates":[-86.116627,39.758858]},"properties":{"year":1960,"period":"1960","kind":"FHA"}},{"type":"Feature","geometry":{"type":"Point","coordinates":[-86.02479,39.803928]},"properties":{"year":1960,"period":"1960","kind":"FHA"}},{"type":"Feature","geometry":{"type":"Point","coordinates":[-86.022555,39.802719]},"properties":{"year":1960,"period":"1960","kind":"FHA"}},{"type":"Feature","geometry":{"type":"Point","coordinates":[-86.127727,39.724033]},"properties":{"year":1960,"period":"1960","kind":"FHA"}},{"type":"Feature","geometry":{"type":"Point","coordinates":[-86.187991,39.792534]},"properties":{"year":1960,"period":"1960","kind":"FHA"}},{"type":"Feature","geometry":{"type":"Point","coordinates":[-86.252173,39.816939]},"properties":{"year":1960,"period":"1960","kind":"FHA"}},{"type":"Feature","geometry":{"type":"Point","coordinates":[-86.02888,39.815471]},"properties":{"year":1960,"period":"1960","kind":"FHA"}},{"type":"Feature","geometry":{"type":"Point","coordinates":[-86.084733,39.706751]},"properties":{"year":1960,"period":"1960","kind":"FHA"}},{"type":"Feature","geometry":{"type":"Point","coordinates":[-86.088662,39.815255]},"properties":{"year":1960,"period":"1960","kind":"FHA"}},{"type":"Feature","geometry":{"type":"Point","coordinates":[-86.25019,39.821904]},"properties":{"year":1960,"period":"1960","kind":"FHA"}},{"type":"Feature","geometry":{"type":"Point","coordinates":[-86.085182,39.757285]},"properties":{"year":1960,"period":"1960","kind":"FHA"}},{"type":"Feature","geometry":{"type":"Point","coordinates":[-86.0636998697665,39.8002709616825]},"properties":{"year":1960,"period":"1960","kind":"FHA"}},{"type":"Feature","geometry":{"type":"Point","coordinates":[-86.081063,39.81772]},"properties":{"year":1960,"period":"1960","kind":"FHA"}},{"type":"Feature","geometry":{"type":"Point","coordinates":[-86.127278,39.725319]},"properties":{"year":1960,"period":"1960","kind":"FHA"}},{"type":"Feature","geometry":{"type":"Point","coordinates":[-86.024098,39.803977]},"properties":{"year":1960,"period":"1960","kind":"FHA"}},{"type":"Feature","geometry":{"type":"Point","coordinates":[-86.126912,39.725841]},"properties":{"year":1960,"period":"1960","kind":"FHA"}},{"type":"Feature","geometry":{"type":"Point","coordinates":[-86.126929,39.727081]},"properties":{"year":1960,"period":"1960","kind":"FHA"}},{"type":"Feature","geometry":{"type":"Point","coordinates":[-86.12728,39.725499]},"properties":{"year":1960,"period":"1960","kind":"FHA"}},{"type":"Feature","geometry":{"type":"Point","coordinates":[-86.12729,39.725856]},"properties":{"year":1960,"period":"1960","kind":"FHA"}},{"type":"Feature","geometry":{"type":"Point","coordinates":[-86.127306,39.726923]},"properties":{"year":1960,"period":"1960","kind":"FHA"}},{"type":"Feature","geometry":{"type":"Point","coordinates":[-86.127316,39.726744]},"properties":{"year":1960,"period":"1960","kind":"FHA"}},{"type":"Feature","geometry":{"type":"Point","coordinates":[-86.1121830735786,39.7986139955635]},"properties":{"year":1960,"period":"1960","kind":"FHA"}},{"type":"Feature","geometry":{"type":"Point","coordinates":[-86.139769,39.638556]},"properties":{"year":1960,"period":"1960","kind":"FHA"}},{"type":"Feature","geometry":{"type":"Point","coordinates":[-86.113751,39.820663]},"properties":{"year":1960,"period":"1960","kind":"FHA"}},{"type":"Feature","geometry":{"type":"Point","coordinates":[-86.087661,39.707194]},"properties":{"year":1960,"period":"1960","kind":"FHA"}},{"type":"Feature","geometry":{"type":"Point","coordinates":[-86.085523,39.707474]},"properties":{"year":1960,"period":"1960","kind":"FHA"}},{"type":"Feature","geometry":{"type":"Point","coordinates":[-86.087341,39.708145]},"properties":{"year":1960,"period":"1960","kind":"FHA"}},{"type":"Feature","geometry":{"type":"Point","coordinates":[-86.087661,39.707194]},"properties":{"year":1960,"period":"1960","kind":"FHA"}},{"type":"Feature","geometry":{"type":"Point","coordinates":[-86.240793,39.727025]},"properties":{"year":1960,"period":"1960","kind":"FHA"}},{"type":"Feature","geometry":{"type":"Point","coordinates":[-86.029116,39.81668]},"properties":{"year":1960,"period":"1960","kind":"FHA"}},{"type":"Feature","geometry":{"type":"Point","coordinates":[-86.088669,39.81512]},"properties":{"year":1960,"period":"1960","kind":"FHA"}},{"type":"Feature","geometry":{"type":"Point","coordinates":[-86.138055,39.718915]},"properties":{"year":1960,"period":"1960","kind":"FHA"}},{"type":"Feature","geometry":{"type":"Point","coordinates":[-86.029161,39.820659]},"properties":{"year":1960,"period":"1960","kind":"FHA"}},{"type":"Feature","geometry":{"type":"Point","coordinates":[-86.18607,39.795834]},"properties":{"year":1960,"period":"1960","kind":"FHA"}},{"type":"Feature","geometry":{"type":"Point","coordinates":[-86.075459,39.82811]},"properties":{"year":1960,"period":"1960","kind":"FHA"}},{"type":"Feature","geometry":{"type":"Point","coordinates":[-86.253472,39.821636]},"properties":{"year":1960,"period":"1960","kind":"FHA"}},{"type":"Feature","geometry":{"type":"Point","coordinates":[-86.032744,39.821028]},"properties":{"year":1960,"period":"1960","kind":"FHA"}},{"type":"Feature","geometry":{"type":"Point","coordinates":[-86.032951,39.819397]},"properties":{"year":1960,"period":"1960","kind":"FHA"}},{"type":"Feature","geometry":{"type":"Point","coordinates":[-86.19509,39.777893]},"properties":{"year":1960,"period":"1960","kind":"FHA"}},{"type":"Feature","geometry":{"type":"Point","coordinates":[-86.241456,39.726213]},"properties":{"year":1960,"period":"1960","kind":"FHA"}},{"type":"Feature","geometry":{"type":"Point","coordinates":[-86.087884,39.779948]},"properties":{"year":1960,"period":"1960","kind":"FHA"}},{"type":"Feature","geometry":{"type":"Point","coordinates":[-86.122966,39.732046]},"properties":{"year":1960,"period":"1960","kind":"FHA"}},{"type":"Feature","geometry":{"type":"Point","coordinates":[-86.023172,39.803987]},"properties":{"year":1960,"period":"1960","kind":"FHA"}},{"type":"Feature","geometry":{"type":"Point","coordinates":[-86.023793,39.802573]},"properties":{"year":1960,"period":"1960","kind":"FHA"}},{"type":"Feature","geometry":{"type":"Point","coordinates":[-86.133623,39.728273]},"properties":{"year":1960,"period":"1960","kind":"FHA"}},{"type":"Feature","geometry":{"type":"Point","coordinates":[-86.036,39.820891]},"properties":{"year":1960,"period":"1960","kind":"FHA"}},{"type":"Feature","geometry":{"type":"Point","coordinates":[-86.114057,39.734093]},"properties":{"year":1960,"period":"1960","kind":"FHA"}},{"type":"Feature","geometry":{"type":"Point","coordinates":[-86.025038,39.800744]},"properties":{"year":1960,"period":"1960","kind":"FHA"}},{"type":"Feature","geometry":{"type":"Point","coordinates":[-86.085536,39.706724]},"properties":{"year":1960,"period":"1960","kind":"FHA"}},{"type":"Feature","geometry":{"type":"Point","coordinates":[-86.254742,39.81857]},"properties":{"year":1960,"period":"1960","kind":"FHA"}},{"type":"Feature","geometry":{"type":"Point","coordinates":[-86.028684,39.820243]},"properties":{"year":1960,"period":"1960","kind":"FHA"}},{"type":"Feature","geometry":{"type":"Point","coordinates":[-86.030217,39.81668]},"properties":{"year":1960,"period":"1960","kind":"FHA"}},{"type":"Feature","geometry":{"type":"Point","coordinates":[-86.033201,39.819874]},"properties":{"year":1960,"period":"1960","kind":"FHA"}},{"type":"Feature","geometry":{"type":"Point","coordinates":[-86.217779,39.715421]},"properties":{"year":1960,"period":"1960","kind":"FHA"}},{"type":"Feature","geometry":{"type":"Point","coordinates":[-86.029133,39.817007]},"properties":{"year":1960,"period":"1960","kind":"FHA"}},{"type":"Feature","geometry":{"type":"Point","coordinates":[-86.030041,39.814851]},"properties":{"year":1960,"period":"1960","kind":"FHA"}},{"type":"Feature","geometry":{"type":"Point","coordinates":[-86.237899,39.712664]},"properties":{"year":1960,"period":"1960","kind":"FHA"}},{"type":"Feature","geometry":{"type":"Point","coordinates":[-86.02418,39.800573]},"properties":{"year":1960,"period":"1960","kind":"FHA"}},{"type":"Feature","geometry":{"type":"Point","coordinates":[-86.217348,39.714916]},"properties":{"year":1960,"period":"1960","kind":"FHA"}},{"type":"Feature","geometry":{"type":"Point","coordinates":[-86.237778,39.711544]},"properties":{"year":1960,"period":"1960","kind":"FHA"}},{"type":"Feature","geometry":{"type":"Point","coordinates":[-86.030244,39.818716]},"properties":{"year":1960,"period":"1960","kind":"FHA"}},{"type":"Feature","geometry":{"type":"Point","coordinates":[-86.087062,39.707739]},"properties":{"year":1960,"period":"1960","kind":"FHA"}},{"type":"Feature","geometry":{"type":"Point","coordinates":[-86.023106,39.801312]},"properties":{"year":1960,"period":"1960","kind":"FHA"}},{"type":"Feature","geometry":{"type":"Point","coordinates":[-86.023174,39.802794]},"properties":{"year":1960,"period":"1960","kind":"FHA"}},{"type":"Feature","geometry":{"type":"Point","coordinates":[-86.235359,39.71235]},"properties":{"year":1960,"period":"1960","kind":"FHA"}},{"type":"Feature","geometry":{"type":"Point","coordinates":[-86.025819,39.803781]},"properties":{"year":1960,"period":"1960","kind":"FHA"}},{"type":"Feature","geometry":{"type":"Point","coordinates":[-86.022254,39.803208]},"properties":{"year":1960,"period":"1960","kind":"FHA"}},{"type":"Feature","geometry":{"type":"Point","coordinates":[-86.023761,39.805917]},"properties":{"year":1960,"period":"1960","kind":"FHA"}},{"type":"Feature","geometry":{"type":"Point","coordinates":[-86.226788,39.808295]},"properties":{"year":1960,"period":"1960","kind":"FHA"}},{"type":"Feature","geometry":{"type":"Point","coordinates":[-86.022254,39.802086]},"properties":{"year":1960,"period":"1960","kind":"FHA"}},{"type":"Feature","geometry":{"type":"Point","coordinates":[-86.23742,39.712063]},"properties":{"year":1960,"period":"1960","kind":"FHA"}},{"type":"Feature","geometry":{"type":"Point","coordinates":[-86.253433,39.818156]},"properties":{"year":1960,"period":"1960","kind":"FHA"}},{"type":"Feature","geometry":{"type":"Point","coordinates":[-86.088723,39.711671]},"properties":{"year":1960,"period":"1960","kind":"FHA"}},{"type":"Feature","geometry":{"type":"Point","coordinates":[-86.081303,39.817303]},"properties":{"year":1960,"period":"1960","kind":"FHA"}},{"type":"Feature","geometry":{"type":"Point","coordinates":[-86.239698,39.818537]},"properties":{"year":1960,"period":"1960","kind":"FHA"}},{"type":"Feature","geometry":{"type":"Point","coordinates":[-86.241474,39.726584]},"properties":{"year":1960,"period":"1960","kind":"FHA"}},{"type":"Feature","geometry":{"type":"Point","coordinates":[-86.085073,39.706535]},"properties":{"year":1960,"period":"1960","kind":"FHA"}},{"type":"Feature","geometry":{"type":"Point","coordinates":[-86.090245,39.794959]},"properties":{"year":1960,"period":"1960","kind":"FHA"}},{"type":"Feature","geometry":{"type":"Point","coordinates":[-86.030241,39.819267]},"properties":{"year":1960,"period":"1960","kind":"FHA"}},{"type":"Feature","geometry":{"type":"Point","coordinates":[-86.033727,39.82069]},"properties":{"year":1960,"period":"1960","kind":"FHA"}},{"type":"Feature","geometry":{"type":"Point","coordinates":[-86.057419,39.838412]},"properties":{"year":1960,"period":"1960","kind":"FHA"}},{"type":"Feature","geometry":{"type":"Point","coordinates":[-86.089105,39.709889]},"properties":{"year":1960,"period":"1960","kind":"FHA"}},{"type":"Feature","geometry":{"type":"Point","coordinates":[-86.029081,39.815408]},"properties":{"year":1960,"period":"1960","kind":"FHA"}},{"type":"Feature","geometry":{"type":"Point","coordinates":[-86.236903,39.712043]},"properties":{"year":1960,"period":"1960","kind":"FHA"}},{"type":"Feature","geometry":{"type":"Point","coordinates":[-86.164342,39.657917]},"properties":{"year":1960,"period":"1960","kind":"FHA"}},{"type":"Feature","geometry":{"type":"Point","coordinates":[-86.021099,39.804038]},"properties":{"year":1960,"period":"1960","kind":"FHA"}},{"type":"Feature","geometry":{"type":"Point","coordinates":[-86.023205,39.80357]},"properties":{"year":1960,"period":"1960","kind":"FHA"}},{"type":"Feature","geometry":{"type":"Point","coordinates":[-86.0891883541462,39.7119895814065]},"properties":{"year":1960,"period":"1960","kind":"FHA"}},{"type":"Feature","geometry":{"type":"Point","coordinates":[-86.098417,39.769503]},"properties":{"year":1960,"period":"1960","kind":"FHA"}},{"type":"Feature","geometry":{"type":"Point","coordinates":[-86.023935,39.800568]},"properties":{"year":1960,"period":"1960","kind":"FHA"}},{"type":"Feature","geometry":{"type":"Point","coordinates":[-86.027522,39.817409]},"properties":{"year":1960,"period":"1960","kind":"FHA"}},{"type":"Feature","geometry":{"type":"Point","coordinates":[-86.030153,39.811384]},"properties":{"year":1960,"period":"1960","kind":"FHA"}},{"type":"Feature","geometry":{"type":"Point","coordinates":[-86.060622,39.838109]},"properties":{"year":1960,"period":"1960","kind":"FHA"}},{"type":"Feature","geometry":{"type":"Point","coordinates":[-86.038014,39.820016]},"properties":{"year":1960,"period":"1960","kind":"FHA"}},{"type":"Feature","geometry":{"type":"Point","coordinates":[-86.254099,39.818155]},"properties":{"year":1960,"period":"1960","kind":"FHA"}},{"type":"Feature","geometry":{"type":"Point","coordinates":[-86.087131,39.708283]},"properties":{"year":1960,"period":"1960","kind":"FHA"}},{"type":"Feature","geometry":{"type":"Point","coordinates":[-86.028895,39.816249]},"properties":{"year":1960,"period":"1960","kind":"FHA"}},{"type":"Feature","geometry":{"type":"Point","coordinates":[-86.256158,39.767171]},"properties":{"year":1960,"period":"1960","kind":"FHA"}},{"type":"Feature","geometry":{"type":"Point","coordinates":[-86.034203,39.818626]},"properties":{"year":1960,"period":"1960","kind":"FHA"}},{"type":"Feature","geometry":{"type":"Point","coordinates":[-86.087513,39.70652]},"properties":{"year":1960,"period":"1960","kind":"FHA"}},{"type":"Feature","geometry":{"type":"Point","coordinates":[-86.209817,39.899788]},"properties":{"year":1960,"period":"1960","kind":"FHA"}},{"type":"Feature","geometry":{"type":"Point","coordinates":[-86.022089,39.80096]},"properties":{"year":1960,"period":"1960","kind":"FHA"}},{"type":"Feature","geometry":{"type":"Point","coordinates":[-86.057934,39.839265]},"properties":{"year":1960,"period":"1960","kind":"FHA"}},{"type":"Feature","geometry":{"type":"Point","coordinates":[-86.254824,39.819079]},"properties":{"year":1960,"period":"1960","kind":"FHA"}},{"type":"Feature","geometry":{"type":"Point","coordinates":[-86.236149,39.712041]},"properties":{"year":1960,"period":"1960","kind":"FHA"}},{"type":"Feature","geometry":{"type":"Point","coordinates":[-86.029378,39.819029]},"properties":{"year":1960,"period":"1960","kind":"FHA"}},{"type":"Feature","geometry":{"type":"Point","coordinates":[-86.069313,39.822113]},"properties":{"year":1960,"period":"1960","kind":"FHA"}},{"type":"Feature","geometry":{"type":"Point","coordinates":[-86.069336,39.822828]},"properties":{"year":1960,"period":"1960","kind":"FHA"}},{"type":"Feature","geometry":{"type":"Point","coordinates":[-86.08781,39.707055]},"properties":{"year":1960,"period":"1960","kind":"FHA"}},{"type":"Feature","geometry":{"type":"Point","coordinates":[-86.028907,39.821058]},"properties":{"year":1960,"period":"1960","kind":"FHA"}},{"type":"Feature","geometry":{"type":"Point","coordinates":[-86.020554,39.801559]},"properties":{"year":1960,"period":"1960","kind":"FHA"}},{"type":"Feature","geometry":{"type":"Point","coordinates":[-86.026423,39.803827]},"properties":{"year":1960,"period":"1960","kind":"FHA"}},{"type":"Feature","geometry":{"type":"Point","coordinates":[-86.029137,39.819903]},"properties":{"year":1960,"period":"1960","kind":"FHA"}},{"type":"Feature","geometry":{"type":"Point","coordinates":[-86.061677,39.834277]},"properties":{"year":1960,"period":"1960","kind":"FHA"}},{"type":"Feature","geometry":{"type":"Point","coordinates":[-86.028472,39.82111]},"properties":{"year":1960,"period":"1960","kind":"FHA"}},{"type":"Feature","geometry":{"type":"Point","coordinates":[-86.03023,39.819625]},"properties":{"year":1960,"period":"1960","kind":"FHA"}},{"type":"Feature","geometry":{"type":"Point","coordinates":[-86.086206,39.708024]},"properties":{"year":1960,"period":"1960","kind":"FHA"}},{"type":"Feature","geometry":{"type":"Point","coordinates":[-86.088815,39.712286]},"properties":{"year":1960,"period":"1960","kind":"FHA"}},{"type":"Feature","geometry":{"type":"Point","coordinates":[-86.16361,39.65731]},"properties":{"year":1960,"period":"1960","kind":"FHA"}},{"type":"Feature","geometry":{"type":"Point","coordinates":[-86.279969,39.781317]},"properties":{"year":1960,"period":"1960","kind":"FHA"}},{"type":"Feature","geometry":{"type":"Point","coordinates":[-86.220687,39.715519]},"properties":{"year":1960,"period":"1960","kind":"FHA"}},{"type":"Feature","geometry":{"type":"Point","coordinates":[-86.31128,39.736372]},"properties":{"year":1960,"period":"1960","kind":"FHA"}},{"type":"Feature","geometry":{"type":"Point","coordinates":[-86.088094,39.707421]},"properties":{"year":1960,"period":"1960","kind":"FHA"}},{"type":"Feature","geometry":{"type":"Point","coordinates":[-86.084896,39.706352]},"properties":{"year":1960,"period":"1960","kind":"FHA"}},{"type":"Feature","geometry":{"type":"Point","coordinates":[-86.164077,39.658492]},"properties":{"year":1960,"period":"1960","kind":"FHA"}},{"type":"Feature","geometry":{"type":"Point","coordinates":[-86.05949,39.751184]},"properties":{"year":1960,"period":"1960","kind":"FHA"}},{"type":"Feature","geometry":{"type":"Point","coordinates":[-86.252769,39.820811]},"properties":{"year":1960,"period":"1960","kind":"FHA"}},{"type":"Feature","geometry":{"type":"Point","coordinates":[-86.252934,39.817727]},"properties":{"year":1960,"period":"1960","kind":"FHA"}},{"type":"Feature","geometry":{"type":"Point","coordinates":[-86.255124,39.821312]},"properties":{"year":1960,"period":"1960","kind":"FHA"}},{"type":"Feature","geometry":{"type":"Point","coordinates":[-86.02052,39.804022]},"properties":{"year":1960,"period":"1960","kind":"FHA"}},{"type":"Feature","geometry":{"type":"Point","coordinates":[-86.163333,39.705521]},"properties":{"year":1960,"period":"1960","kind":"FHA"}},{"type":"Feature","geometry":{"type":"Point","coordinates":[-86.028165,39.816991]},"properties":{"year":1960,"period":"1960","kind":"FHA"}},{"type":"Feature","geometry":{"type":"Point","coordinates":[-86.241991,39.795888]},"properties":{"year":1960,"period":"1960","kind":"FHA"}},{"type":"Feature","geometry":{"type":"Point","coordinates":[-86.241991,39.795888]},"properties":{"year":1960,"period":"1960","kind":"FHA"}},{"type":"Feature","geometry":{"type":"Point","coordinates":[-86.254443,39.820707]},"properties":{"year":1960,"period":"1960","kind":"FHA"}},{"type":"Feature","geometry":{"type":"Point","coordinates":[-85.998865,39.742508]},"properties":{"year":1960,"period":"1960","kind":"FHA"}},{"type":"Feature","geometry":{"type":"Point","coordinates":[-86.029329,39.816678]},"properties":{"year":1960,"period":"1960","kind":"FHA"}},{"type":"Feature","geometry":{"type":"Point","coordinates":[-86.069331,39.822472]},"properties":{"year":1960,"period":"1960","kind":"FHA"}},{"type":"Feature","geometry":{"type":"Point","coordinates":[-86.165445,39.65725]},"properties":{"year":1960,"period":"1960","kind":"FHA"}},{"type":"Feature","geometry":{"type":"Point","coordinates":[-86.025018,39.801808]},"properties":{"year":1960,"period":"1960","kind":"FHA"}},{"type":"Feature","geometry":{"type":"Point","coordinates":[-86.075446,39.828441]},"properties":{"year":1960,"period":"1960","kind":"FHA"}},{"type":"Feature","geometry":{"type":"Point","coordinates":[-86.255712,39.81817]},"properties":{"year":1960,"period":"1960","kind":"FHA"}},{"type":"Feature","geometry":{"type":"Point","coordinates":[-86.021036,39.802659]},"properties":{"year":1960,"period":"1960","kind":"FHA"}},{"type":"Feature","geometry":{"type":"Point","coordinates":[-86.028585,39.819427]},"properties":{"year":1960,"period":"1960","kind":"FHA"}},{"type":"Feature","geometry":{"type":"Point","coordinates":[-86.058946,39.838587]},"properties":{"year":1960,"period":"1960","kind":"FHA"}},{"type":"Feature","geometry":{"type":"Point","coordinates":[-86.086904,39.707904]},"properties":{"year":1960,"period":"1960","kind":"FHA"}},{"type":"Feature","geometry":{"type":"Point","coordinates":[-86.087296,39.71305]},"properties":{"year":1960,"period":"1960","kind":"FHA"}},{"type":"Feature","geometry":{"type":"Point","coordinates":[-86.226906,39.808997]},"properties":{"year":1960,"period":"1960","kind":"FHA"}},{"type":"Feature","geometry":{"type":"Point","coordinates":[-86.021049,39.802989]},"properties":{"year":1960,"period":"1960","kind":"FHA"}},{"type":"Feature","geometry":{"type":"Point","coordinates":[-86.024291,39.802429]},"properties":{"year":1960,"period":"1960","kind":"FHA"}},{"type":"Feature","geometry":{"type":"Point","coordinates":[-86.056895,39.836738]},"properties":{"year":1960,"period":"1960","kind":"FHA"}},{"type":"Feature","geometry":{"type":"Point","coordinates":[-86.232875,39.696291]},"properties":{"year":1960,"period":"1960","kind":"FHA"}},{"type":"Feature","geometry":{"type":"Point","coordinates":[-86.107471,39.805791]},"properties":{"year":1960,"period":"1960","kind":"FHA"}},{"type":"Feature","geometry":{"type":"Point","coordinates":[-86.088926,39.726396]},"properties":{"year":1960,"period":"1960","kind":"FHA"}},{"type":"Feature","geometry":{"type":"Point","coordinates":[-86.165524,39.840557]},"properties":{"year":1960,"period":"1960","kind":"FHA"}},{"type":"Feature","geometry":{"type":"Point","coordinates":[-86.021848,39.802576]},"properties":{"year":1960,"period":"1960","kind":"FHA"}},{"type":"Feature","geometry":{"type":"Point","coordinates":[-86.088992,39.706759]},"properties":{"year":1960,"period":"1960","kind":"FHA"}},{"type":"Feature","geometry":{"type":"Point","coordinates":[-86.255722,39.819568]},"properties":{"year":1960,"period":"1960","kind":"FHA"}},{"type":"Feature","geometry":{"type":"Point","coordinates":[-86.281106,39.78769]},"properties":{"year":1960,"period":"1960","kind":"FHA"}},{"type":"Feature","geometry":{"type":"Point","coordinates":[-86.254018,39.821678]},"properties":{"year":1960,"period":"1960","kind":"FHA"}},{"type":"Feature","geometry":{"type":"Point","coordinates":[-86.020555,39.802241]},"properties":{"year":1960,"period":"1960","kind":"FHA"}},{"type":"Feature","geometry":{"type":"Point","coordinates":[-86.021499,39.801371]},"properties":{"year":1960,"period":"1960","kind":"FHA"}},{"type":"Feature","geometry":{"type":"Point","coordinates":[-86.0626,39.833262]},"properties":{"year":1960,"period":"1960","kind":"FHA"}},{"type":"Feature","geometry":{"type":"Point","coordinates":[-86.254428,39.819743]},"properties":{"year":1960,"period":"1960","kind":"FHA"}},{"type":"Feature","geometry":{"type":"Point","coordinates":[-86.059995,39.839214]},"properties":{"year":1960,"period":"1960","kind":"FHA"}},{"type":"Feature","geometry":{"type":"Point","coordinates":[-86.05898,39.839623]},"properties":{"year":1960,"period":"1960","kind":"FHA"}},{"type":"Feature","geometry":{"type":"Point","coordinates":[-86.146029,39.827014]},"properties":{"year":1960,"period":"1960","kind":"FHA"}},{"type":"Feature","geometry":{"type":"Point","coordinates":[-86.214128,39.902836]},"properties":{"year":1960,"period":"1960","kind":"FHA"}},{"type":"Feature","geometry":{"type":"Point","coordinates":[-86.195159,39.757301]},"properties":{"year":1960,"period":"1960","kind":"FHA"}},{"type":"Feature","geometry":{"type":"Point","coordinates":[-86.039817,39.853193]},"properties":{"year":1960,"period":"1960","kind":"FHA"}},{"type":"Feature","geometry":{"type":"Point","coordinates":[-86.039821,39.853685]},"properties":{"year":1960,"period":"1960","kind":"FHA"}},{"type":"Feature","geometry":{"type":"Point","coordinates":[-86.021064,39.801584]},"properties":{"year":1960,"period":"1960","kind":"FHA"}},{"type":"Feature","geometry":{"type":"Point","coordinates":[-86.263147,39.803128]},"properties":{"year":1960,"period":"1960","kind":"FHA"}},{"type":"Feature","geometry":{"type":"Point","coordinates":[-86.255731,39.818378]},"properties":{"year":1960,"period":"1960","kind":"FHA"}},{"type":"Feature","geometry":{"type":"Point","coordinates":[-86.054726,39.836393]},"properties":{"year":1960,"period":"1960","kind":"FHA"}},{"type":"Feature","geometry":{"type":"Point","coordinates":[-86.190054,39.794182]},"properties":{"year":1960,"period":"1960","kind":"FHA"}},{"type":"Feature","geometry":{"type":"Point","coordinates":[-86.210783,39.902435]},"properties":{"year":1960,"period":"1960","kind":"FHA"}},{"type":"Feature","geometry":{"type":"Point","coordinates":[-86.050956,39.837244]},"properties":{"year":1960,"period":"1960","kind":"FHA"}},{"type":"Feature","geometry":{"type":"Point","coordinates":[-86.05096,39.837449]},"properties":{"year":1960,"period":"1960","kind":"FHA"}},{"type":"Feature","geometry":{"type":"Point","coordinates":[-86.215546,39.903496]},"properties":{"year":1960,"period":"1960","kind":"FHA"}},{"type":"Feature","geometry":{"type":"Point","coordinates":[-86.130782,39.823262]},"properties":{"year":1960,"period":"1960","kind":"FHA"}},{"type":"Feature","geometry":{"type":"Point","coordinates":[-86.051743,39.841888]},"properties":{"year":1960,"period":"1960","kind":"FHA"}},{"type":"Feature","geometry":{"type":"Point","coordinates":[-86.031135,39.878961]},"properties":{"year":1960,"period":"1960","kind":"FHA"}},{"type":"Feature","geometry":{"type":"Point","coordinates":[-86.051525,39.83704]},"properties":{"year":1960,"period":"1960","kind":"FHA"}},{"type":"Feature","geometry":{"type":"Point","coordinates":[-86.064314,39.760363]},"properties":{"year":1960,"period":"1960","kind":"FHA"}},{"type":"Feature","geometry":{"type":"Point","coordinates":[-86.058352,39.837878]},"properties":{"year":1960,"period":"1960","kind":"FHA"}},{"type":"Feature","geometry":{"type":"Point","coordinates":[-86.064861,39.758947]},"properties":{"year":1960,"period":"1960","kind":"FHA"}},{"type":"Feature","geometry":{"type":"Point","coordinates":[-86.127929,39.815867]},"properties":{"year":1960,"period":"1960","kind":"FHA"}},{"type":"Feature","geometry":{"type":"Point","coordinates":[-86.058972,39.849894]},"properties":{"year":1960,"period":"1960","kind":"FHA"}},{"type":"Feature","geometry":{"type":"Point","coordinates":[-86.08538,39.773078]},"properties":{"year":1960,"period":"1960","kind":"FHA"}},{"type":"Feature","geometry":{"type":"Point","coordinates":[-86.130826,39.823149]},"properties":{"year":1960,"period":"1960","kind":"FHA"}},{"type":"Feature","geometry":{"type":"Point","coordinates":[-86.163237,39.83555]},"properties":{"year":1960,"period":"1960","kind":"FHA"}},{"type":"Feature","geometry":{"type":"Point","coordinates":[-86.215887,39.904074]},"properties":{"year":1960,"period":"1960","kind":"FHA"}},{"type":"Feature","geometry":{"type":"Point","coordinates":[-86.058033,39.828635]},"properties":{"year":1960,"period":"1960","kind":"VA"}},{"type":"Feature","geometry":{"type":"Point","coordinates":[-86.167738,39.804759]},"properties":{"year":1960,"period":"1960","kind":"FHA"}},{"type":"Feature","geometry":{"type":"Point","coordinates":[-86.180344,39.817146]},"properties":{"year":1960,"period":"1960","kind":"FHA"}},{"type":"Feature","geometry":{"type":"Point","coordinates":[-86.099982,39.853045]},"properties":{"year":1960,"period":"1960","kind":"FHA"}},{"type":"Feature","geometry":{"type":"Point","coordinates":[-86.160685,39.838656]},"properties":{"year":1960,"period":"1960","kind":"FHA"}},{"type":"Feature","geometry":{"type":"Point","coordinates":[-86.244562,39.791035]},"properties":{"year":1960,"period":"1960","kind":"FHA"}},{"type":"Feature","geometry":{"type":"Point","coordinates":[-86.151838,39.723308]},"properties":{"year":1960,"period":"1960","kind":"FHA"}},{"type":"Feature","geometry":{"type":"Point","coordinates":[-86.090791,39.727654]},"properties":{"year":1960,"period":"1960","kind":"FHA"}},{"type":"Feature","geometry":{"type":"Point","coordinates":[-86.160138,39.835591]},"properties":{"year":1960,"period":"1960","kind":"FHA"}},{"type":"Feature","geometry":{"type":"Point","coordinates":[-86.016651,39.775929]},"properties":{"year":1960,"period":"1960","kind":"FHA"}},{"type":"Feature","geometry":{"type":"Point","coordinates":[-86.073531,39.795441]},"properties":{"year":1960,"period":"1960","kind":"FHA"}},{"type":"Feature","geometry":{"type":"Point","coordinates":[-86.125942,39.88174]},"properties":{"year":1960,"period":"1960","kind":"FHA"}},{"type":"Feature","geometry":{"type":"Point","coordinates":[-86.137368,39.716185]},"properties":{"year":1960,"period":"1960","kind":"FHA"}},{"type":"Feature","geometry":{"type":"Point","coordinates":[-86.21499,39.794413]},"properties":{"year":1960,"period":"1960","kind":"FHA"}},{"type":"Feature","geometry":{"type":"Point","coordinates":[-86.127824,39.816502]},"properties":{"year":1960,"period":"1960","kind":"FHA"}},{"type":"Feature","geometry":{"type":"Point","coordinates":[-85.951963,39.882782]},"properties":{"year":1960,"period":"1960","kind":"FHA"}},{"type":"Feature","geometry":{"type":"Point","coordinates":[-86.074144,39.791275]},"properties":{"year":1960,"period":"1960","kind":"FHA"}},{"type":"Feature","geometry":{"type":"Point","coordinates":[-86.085403,39.789527]},"properties":{"year":1960,"period":"1960","kind":"FHA"}},{"type":"Feature","geometry":{"type":"Point","coordinates":[-86.101319,39.759321]},"properties":{"year":1960,"period":"1960","kind":"FHA"}},{"type":"Feature","geometry":{"type":"Point","coordinates":[-86.104281,39.819836]},"properties":{"year":1960,"period":"1960","kind":"FHA"}},{"type":"Feature","geometry":{"type":"Point","coordinates":[-86.068809,39.777677]},"properties":{"year":1960,"period":"1960","kind":"FHA"}},{"type":"Feature","geometry":{"type":"Point","coordinates":[-86.086535,39.714777]},"properties":{"year":1960,"period":"1960","kind":"FHA"}},{"type":"Feature","geometry":{"type":"Point","coordinates":[-86.142612,39.747819]},"properties":{"year":1960,"period":"1960","kind":"FHA"}},{"type":"Feature","geometry":{"type":"Point","coordinates":[-86.03883,39.81865]},"properties":{"year":1960,"period":"1960","kind":"VA"}},{"type":"Feature","geometry":{"type":"Point","coordinates":[-86.135642,39.704812]},"properties":{"year":1960,"period":"1960","kind":"FHA"}},{"type":"Feature","geometry":{"type":"Point","coordinates":[-86.167811,39.826215]},"properties":{"year":1960,"period":"1960","kind":"FHA"}},{"type":"Feature","geometry":{"type":"Point","coordinates":[-86.073521,39.792495]},"properties":{"year":1960,"period":"1960","kind":"FHA"}},{"type":"Feature","geometry":{"type":"Point","coordinates":[-86.125585,39.737301]},"properties":{"year":1960,"period":"1960","kind":"FHA"}},{"type":"Feature","geometry":{"type":"Point","coordinates":[-86.108546,39.778938]},"properties":{"year":1960,"period":"1960","kind":"FHA"}},{"type":"Feature","geometry":{"type":"Point","coordinates":[-86.266082,39.80681]},"properties":{"year":1960,"period":"1960","kind":"FHA"}},{"type":"Feature","geometry":{"type":"Point","coordinates":[-86.153054,39.788569]},"properties":{"year":1960,"period":"1960","kind":"FHA"}},{"type":"Feature","geometry":{"type":"Point","coordinates":[-86.104076,39.786495]},"properties":{"year":1960,"period":"1960","kind":"FHA"}},{"type":"Feature","geometry":{"type":"Point","coordinates":[-86.006676,39.772968]},"properties":{"year":1960,"period":"1960","kind":"FHA"}},{"type":"Feature","geometry":{"type":"Point","coordinates":[-86.039309,39.841779]},"properties":{"year":1960,"period":"1960","kind":"FHA"}},{"type":"Feature","geometry":{"type":"Point","coordinates":[-86.122348,39.732337]},"properties":{"year":1960,"period":"1960","kind":"FHA"}},{"type":"Feature","geometry":{"type":"Point","coordinates":[-86.188781,39.81322]},"properties":{"year":1960,"period":"1960","kind":"FHA"}},{"type":"Feature","geometry":{"type":"Point","coordinates":[-86.21878,39.747192]},"properties":{"year":1960,"period":"1960","kind":"FHA"}},{"type":"Feature","geometry":{"type":"Point","coordinates":[-86.151854,39.776055]},"properties":{"year":1960,"period":"1960","kind":"FHA"}},{"type":"Feature","geometry":{"type":"Point","coordinates":[-86.322611,39.811368]},"properties":{"year":1960,"period":"1960","kind":"FHA"}},{"type":"Feature","geometry":{"type":"Point","coordinates":[-86.124079,39.827273]},"properties":{"year":1960,"period":"1960","kind":"FHA"}},{"type":"Feature","geometry":{"type":"Point","coordinates":[-86.076485,39.823821]},"properties":{"year":1960,"period":"1960","kind":"FHA"}},{"type":"Feature","geometry":{"type":"Point","coordinates":[-86.125973,39.819636]},"properties":{"year":1960,"period":"1960","kind":"FHA"}},{"type":"Feature","geometry":{"type":"Point","coordinates":[-86.127814,39.727416]},"properties":{"year":1960,"period":"1960","kind":"FHA"}},{"type":"Feature","geometry":{"type":"Point","coordinates":[-86.056192,39.840119]},"properties":{"year":1960,"period":"1960","kind":"VA"}},{"type":"Feature","geometry":{"type":"Point","coordinates":[-86.209702,39.899514]},"properties":{"year":1960,"period":"1960","kind":"FHA"}},{"type":"Feature","geometry":{"type":"Point","coordinates":[-86.102022,39.727197]},"properties":{"year":1960,"period":"1960","kind":"FHA"}},{"type":"Feature","geometry":{"type":"Point","coordinates":[-86.196886,39.867722]},"properties":{"year":1960,"period":"1960","kind":"FHA"}},{"type":"Feature","geometry":{"type":"Point","coordinates":[-86.286313,39.790388]},"properties":{"year":1960,"period":"1960","kind":"FHA"}},{"type":"Feature","geometry":{"type":"Point","coordinates":[-86.259638,39.792944]},"properties":{"year":1960,"period":"1960","kind":"FHA"}},{"type":"Feature","geometry":{"type":"Point","coordinates":[-86.096851,39.816942]},"properties":{"year":1960,"period":"1960","kind":"FHA"}},{"type":"Feature","geometry":{"type":"Point","coordinates":[-86.245986,39.763368]},"properties":{"year":1960,"period":"1960","kind":"FHA"}},{"type":"Feature","geometry":{"type":"Point","coordinates":[-86.074469,39.809345]},"properties":{"year":1960,"period":"1960","kind":"FHA"}},{"type":"Feature","geometry":{"type":"Point","coordinates":[-86.16101,39.836004]},"properties":{"year":1960,"period":"1960","kind":"FHA"}},{"type":"Feature","geometry":{"type":"Point","coordinates":[-86.189118,39.812785]},"properties":{"year":1960,"period":"1960","kind":"FHA"}},{"type":"Feature","geometry":{"type":"Point","coordinates":[-86.108991,39.818384]},"properties":{"year":1960,"period":"1960","kind":"FHA"}},{"type":"Feature","geometry":{"type":"Point","coordinates":[-86.136555,39.823215]},"properties":{"year":1960,"period":"1960","kind":"FHA"}},{"type":"Feature","geometry":{"type":"Point","coordinates":[-86.246417,39.7824]},"properties":{"year":1960,"period":"1960","kind":"FHA"}},{"type":"Feature","geometry":{"type":"Point","coordinates":[-86.215232,39.797525]},"properties":{"year":1960,"period":"1960","kind":"FHA"}},{"type":"Feature","geometry":{"type":"Point","coordinates":[-86.219222,39.715437]},"properties":{"year":1960,"period":"1960","kind":"FHA"}},{"type":"Feature","geometry":{"type":"Point","coordinates":[-86.129111,39.867731]},"properties":{"year":1960,"period":"1960","kind":"FHA"}},{"type":"Feature","geometry":{"type":"Point","coordinates":[-86.088588,39.761859]},"properties":{"year":1960,"period":"1960","kind":"FHA"}},{"type":"Feature","geometry":{"type":"Point","coordinates":[-86.111931,39.823708]},"properties":{"year":1960,"period":"1960","kind":"FHA"}},{"type":"Feature","geometry":{"type":"Point","coordinates":[-86.124253,39.882065]},"properties":{"year":1960,"period":"1960","kind":"FHA"}},{"type":"Feature","geometry":{"type":"Point","coordinates":[-86.249721,39.792886]},"properties":{"year":1960,"period":"1960","kind":"FHA"}},{"type":"Feature","geometry":{"type":"Point","coordinates":[-86.022895,39.806203]},"properties":{"year":1960,"period":"1960","kind":"FHA"}},{"type":"Feature","geometry":{"type":"Point","coordinates":[-86.087669,39.707844]},"properties":{"year":1960,"period":"1960","kind":"FHA"}},{"type":"Feature","geometry":{"type":"Point","coordinates":[-86.162548,39.845841]},"properties":{"year":1960,"period":"1960","kind":"FHA"}},{"type":"Feature","geometry":{"type":"Point","coordinates":[-86.113551,39.785434]},"properties":{"year":1960,"period":"1960","kind":"FHA"}},{"type":"Feature","geometry":{"type":"Point","coordinates":[-86.19133,39.884839]},"properties":{"year":1960,"period":"1960","kind":"FHA"}},{"type":"Feature","geometry":{"type":"Point","coordinates":[-86.099922,39.819523]},"properties":{"year":1960,"period":"1960","kind":"FHA"}},{"type":"Feature","geometry":{"type":"Point","coordinates":[-86.111893,39.818716]},"properties":{"year":1960,"period":"1960","kind":"FHA"}},{"type":"Feature","geometry":{"type":"Point","coordinates":[-86.145021,39.867291]},"properties":{"year":1960,"period":"1960","kind":"FHA"}},{"type":"Feature","geometry":{"type":"Point","coordinates":[-86.058874,39.801476]},"properties":{"year":1960,"period":"1960","kind":"FHA"}},{"type":"Feature","geometry":{"type":"Point","coordinates":[-86.097283,39.777516]},"properties":{"year":1960,"period":"1960","kind":"FHA"}},{"type":"Feature","geometry":{"type":"Point","coordinates":[-86.285435,39.787853]},"properties":{"year":1960,"period":"1960","kind":"FHA"}},{"type":"Feature","geometry":{"type":"Point","coordinates":[-86.249281,39.786314]},"properties":{"year":1960,"period":"1960","kind":"FHA"}},{"type":"Feature","geometry":{"type":"Point","coordinates":[-86.204479,39.790902]},"properties":{"year":1960,"period":"1960","kind":"FHA"}},{"type":"Feature","geometry":{"type":"Point","coordinates":[-86.187645,39.887518]},"properties":{"year":1960,"period":"1960","kind":"FHA"}},{"type":"Feature","geometry":{"type":"Point","coordinates":[-86.187707,39.888804]},"properties":{"year":1960,"period":"1960","kind":"FHA"}},{"type":"Feature","geometry":{"type":"Point","coordinates":[-86.287059,39.790014]},"properties":{"year":1960,"period":"1960","kind":"FHA"}},{"type":"Feature","geometry":{"type":"Point","coordinates":[-86.199929,39.853566]},"properties":{"year":1960,"period":"1960","kind":"FHA"}},{"type":"Feature","geometry":{"type":"Point","coordinates":[-86.130348,39.890971]},"properties":{"year":1960,"period":"1960","kind":"FHA"}},{"type":"Feature","geometry":{"type":"Point","coordinates":[-86.029486,39.817397]},"properties":{"year":1960,"period":"1960","kind":"FHA"}},{"type":"Feature","geometry":{"type":"Point","coordinates":[-86.214494,39.902552]},"properties":{"year":1960,"period":"1960","kind":"FHA"}},{"type":"Feature","geometry":{"type":"Point","coordinates":[-86.149524,39.826127]},"properties":{"year":1960,"period":"1960","kind":"FHA"}},{"type":"Feature","geometry":{"type":"Point","coordinates":[-86.14277,39.840513]},"properties":{"year":1960,"period":"1960","kind":"FHA"}},{"type":"Feature","geometry":{"type":"Point","coordinates":[-86.160887,39.84226]},"properties":{"year":1960,"period":"1960","kind":"FHA"}},{"type":"Feature","geometry":{"type":"Point","coordinates":[-86.021549,39.804047]},"properties":{"year":1960,"period":"1960","kind":"FHA"}},{"type":"Feature","geometry":{"type":"Point","coordinates":[-86.075409,39.827937]},"properties":{"year":1960,"period":"1960","kind":"FHA"}},{"type":"Feature","geometry":{"type":"Point","coordinates":[-86.015159,39.77923]},"properties":{"year":1960,"period":"1960","kind":"FHA"}},{"type":"Feature","geometry":{"type":"Point","coordinates":[-86.088885,39.725013]},"properties":{"year":1960,"period":"1960","kind":"FHA"}},{"type":"Feature","geometry":{"type":"Point","coordinates":[-86.191815,39.884354]},"properties":{"year":1960,"period":"1960","kind":"FHA"}},{"type":"Feature","geometry":{"type":"Point","coordinates":[-86.07545,39.828275]},"properties":{"year":1960,"period":"1960","kind":"FHA"}},{"type":"Feature","geometry":{"type":"Point","coordinates":[-86.077267,39.780149]},"properties":{"year":1960,"period":"1960","kind":"FHA"}},{"type":"Feature","geometry":{"type":"Point","coordinates":[-86.119028,39.662086]},"properties":{"year":1960,"period":"1960","kind":"FHA"}},{"type":"Feature","geometry":{"type":"Point","coordinates":[-86.130204,39.858387]},"properties":{"year":1960,"period":"1960","kind":"FHA"}},{"type":"Feature","geometry":{"type":"Point","coordinates":[-86.132459,39.849111]},"properties":{"year":1960,"period":"1960","kind":"FHA"}},{"type":"Feature","geometry":{"type":"Point","coordinates":[-86.163384,39.836849]},"properties":{"year":1960,"period":"1960","kind":"FHA"}},{"type":"Feature","geometry":{"type":"Point","coordinates":[-86.080202,39.782286]},"properties":{"year":1960,"period":"1960","kind":"FHA"}},{"type":"Feature","geometry":{"type":"Point","coordinates":[-86.118753,39.829656]},"properties":{"year":1960,"period":"1960","kind":"FHA"}},{"type":"Feature","geometry":{"type":"Point","coordinates":[-86.023141,39.803202]},"properties":{"year":1960,"period":"1960","kind":"FHA"}},{"type":"Feature","geometry":{"type":"Point","coordinates":[-86.074481,39.809772]},"properties":{"year":1960,"period":"1960","kind":"FHA"}},{"type":"Feature","geometry":{"type":"Point","coordinates":[-86.027908,39.820294]},"properties":{"year":1960,"period":"1960","kind":"FHA"}},{"type":"Feature","geometry":{"type":"Point","coordinates":[-86.262953,39.807768]},"properties":{"year":1960,"period":"1960","kind":"FHA"}},{"type":"Feature","geometry":{"type":"Point","coordinates":[-86.021636,39.781561]},"properties":{"year":1960,"period":"1960","kind":"FHA"}},{"type":"Feature","geometry":{"type":"Point","coordinates":[-86.070654,39.828171]},"properties":{"year":1960,"period":"1960","kind":"FHA"}},{"type":"Feature","geometry":{"type":"Point","coordinates":[-86.124252,39.855965]},"properties":{"year":1960,"period":"1960","kind":"FHA"}},{"type":"Feature","geometry":{"type":"Point","coordinates":[-86.055427,39.84543]},"properties":{"year":1960,"period":"1960","kind":"FHA"}},{"type":"Feature","geometry":{"type":"Point","coordinates":[-86.098374,39.770107]},"properties":{"year":1960,"period":"1960","kind":"FHA"}},{"type":"Feature","geometry":{"type":"Point","coordinates":[-86.082195,39.795906]},"properties":{"year":1960,"period":"1960","kind":"FHA"}},{"type":"Feature","geometry":{"type":"Point","coordinates":[-86.038676,39.826826]},"properties":{"year":1960,"period":"1960","kind":"FHA"}},{"type":"Feature","geometry":{"type":"Point","coordinates":[-86.11971,39.881942]},"properties":{"year":1960,"period":"1960","kind":"FHA"}},{"type":"Feature","geometry":{"type":"Point","coordinates":[-86.051519,39.83646]},"properties":{"year":1960,"period":"1960","kind":"FHA"}},{"type":"Feature","geometry":{"type":"Point","coordinates":[-86.060222,39.751535]},"properties":{"year":1960,"period":"1960","kind":"FHA"}},{"type":"Feature","geometry":{"type":"Point","coordinates":[-86.057808,39.801126]},"properties":{"year":1960,"period":"1960","kind":"FHA"}},{"type":"Feature","geometry":{"type":"Point","coordinates":[-86.032043,39.844462]},"properties":{"year":1960,"period":"1960","kind":"FHA"}},{"type":"Feature","geometry":{"type":"Point","coordinates":[-86.028685,39.820719]},"properties":{"year":1960,"period":"1960","kind":"FHA"}},{"type":"Feature","geometry":{"type":"Point","coordinates":[-86.100503,39.822317]},"properties":{"year":1960,"period":"1960","kind":"FHA"}},{"type":"Feature","geometry":{"type":"Point","coordinates":[-86.187659,39.889892]},"properties":{"year":1960,"period":"1960","kind":"FHA"}},{"type":"Feature","geometry":{"type":"Point","coordinates":[-86.012729,39.788282]},"properties":{"year":1960,"period":"1960","kind":"FHA"}},{"type":"Feature","geometry":{"type":"Point","coordinates":[-86.160218,39.685901]},"properties":{"year":1960,"period":"1960","kind":"FHA"}},{"type":"Feature","geometry":{"type":"Point","coordinates":[-86.067743,39.832738]},"properties":{"year":1960,"period":"1960","kind":"FHA"}},{"type":"Feature","geometry":{"type":"Point","coordinates":[-86.129532,39.84571]},"properties":{"year":1960,"period":"1960","kind":"FHA"}},{"type":"Feature","geometry":{"type":"Point","coordinates":[-86.2443165702391,39.7807710612059]},"properties":{"year":1960,"period":"1960","kind":"FHA"}},{"type":"Feature","geometry":{"type":"Point","coordinates":[-86.058978,39.849208]},"properties":{"year":1960,"period":"1960","kind":"FHA"}},{"type":"Feature","geometry":{"type":"Point","coordinates":[-86.192322,39.88404]},"properties":{"year":1960,"period":"1960","kind":"FHA"}},{"type":"Feature","geometry":{"type":"Point","coordinates":[-86.261647,39.808013]},"properties":{"year":1960,"period":"1960","kind":"FHA"}},{"type":"Feature","geometry":{"type":"Point","coordinates":[-86.125003,39.8741]},"properties":{"year":1960,"period":"1960","kind":"FHA"}},{"type":"Feature","geometry":{"type":"Point","coordinates":[-86.161617,39.680957]},"properties":{"year":1960,"period":"1960","kind":"FHA"}},{"type":"Feature","geometry":{"type":"Point","coordinates":[-86.127189,39.708112]},"properties":{"year":1960,"period":"1960","kind":"FHA"}},{"type":"Feature","geometry":{"type":"Point","coordinates":[-86.193846,39.866904]},"properties":{"year":1960,"period":"1960","kind":"FHA"}},{"type":"Feature","geometry":{"type":"Point","coordinates":[-86.217497,39.843833]},"properties":{"year":1960,"period":"1960","kind":"FHA"}},{"type":"Feature","geometry":{"type":"Point","coordinates":[-86.086909,39.70837]},"properties":{"year":1960,"period":"1960","kind":"FHA"}},{"type":"Feature","geometry":{"type":"Point","coordinates":[-86.262128,39.695781]},"properties":{"year":1960,"period":"1960","kind":"FHA"}},{"type":"Feature","geometry":{"type":"Point","coordinates":[-86.072744,39.820973]},"properties":{"year":1960,"period":"1960","kind":"FHA"}},{"type":"Feature","geometry":{"type":"Point","coordinates":[-86.166526,39.657883]},"properties":{"year":1960,"period":"1960","kind":"FHA"}},{"type":"Feature","geometry":{"type":"Point","coordinates":[-86.26738,39.806379]},"properties":{"year":1960,"period":"1960","kind":"FHA"}},{"type":"Feature","geometry":{"type":"Point","coordinates":[-86.105717,39.892737]},"properties":{"year":1960,"period":"1960","kind":"FHA"}},{"type":"Feature","geometry":{"type":"Point","coordinates":[-86.14341,39.82795]},"properties":{"year":1960,"period":"1960","kind":"FHA"}},{"type":"Feature","geometry":{"type":"Point","coordinates":[-86.189188,39.886468]},"properties":{"year":1960,"period":"1960","kind":"FHA"}},{"type":"Feature","geometry":{"type":"Point","coordinates":[-86.028586,39.821466]},"properties":{"year":1960,"period":"1960","kind":"FHA"}},{"type":"Feature","geometry":{"type":"Point","coordinates":[-86.163887,39.837299]},"properties":{"year":1960,"period":"1960","kind":"FHA"}},{"type":"Feature","geometry":{"type":"Point","coordinates":[-86.264447,39.807686]},"properties":{"year":1960,"period":"1960","kind":"FHA"}},{"type":"Feature","geometry":{"type":"Point","coordinates":[-86.058984,39.848979]},"properties":{"year":1960,"period":"1960","kind":"FHA"}},{"type":"Feature","geometry":{"type":"Point","coordinates":[-86.013052,39.788278]},"properties":{"year":1960,"period":"1960","kind":"FHA"}},{"type":"Feature","geometry":{"type":"Point","coordinates":[-86.040195,39.854656]},"properties":{"year":1960,"period":"1960","kind":"FHA"}},{"type":"Feature","geometry":{"type":"Point","coordinates":[-86.157559,39.65913]},"properties":{"year":1960,"period":"1960","kind":"FHA"}},{"type":"Feature","geometry":{"type":"Point","coordinates":[-86.100285,39.832449]},"properties":{"year":1960,"period":"1960","kind":"FHA"}},{"type":"Feature","geometry":{"type":"Point","coordinates":[-86.24636,39.78495]},"properties":{"year":1960,"period":"1960","kind":"FHA"}},{"type":"Feature","geometry":{"type":"Point","coordinates":[-86.238227,39.712324]},"properties":{"year":1960,"period":"1960","kind":"FHA"}},{"type":"Feature","geometry":{"type":"Point","coordinates":[-86.054869,39.839688]},"properties":{"year":1960,"period":"1960","kind":"FHA"}},{"type":"Feature","geometry":{"type":"Point","coordinates":[-86.207171,39.898888]},"properties":{"year":1960,"period":"1960","kind":"FHA"}},{"type":"Feature","geometry":{"type":"Point","coordinates":[-86.013834,39.787674]},"properties":{"year":1960,"period":"1960","kind":"FHA"}},{"type":"Feature","geometry":{"type":"Point","coordinates":[-86.049502,39.679951]},"properties":{"year":1960,"period":"1960","kind":"FHA"}},{"type":"Feature","geometry":{"type":"Point","coordinates":[-86.078485,39.831845]},"properties":{"year":1960,"period":"1960","kind":"FHA"}},{"type":"Feature","geometry":{"type":"Point","coordinates":[-86.070981,39.824087]},"properties":{"year":1960,"period":"1960","kind":"FHA"}},{"type":"Feature","geometry":{"type":"Point","coordinates":[-86.031636,39.881829]},"properties":{"year":1960,"period":"1960","kind":"FHA"}},{"type":"Feature","geometry":{"type":"Point","coordinates":[-86.209252,39.814049]},"properties":{"year":1960,"period":"1960","kind":"FHA"}},{"type":"Feature","geometry":{"type":"Point","coordinates":[-86.117045,39.820364]},"properties":{"year":1960,"period":"1960","kind":"FHA"}},{"type":"Feature","geometry":{"type":"Point","coordinates":[-86.033154,39.776493]},"properties":{"year":1960,"period":"1960","kind":"FHA"}},{"type":"Feature","geometry":{"type":"Point","coordinates":[-86.105532,39.890362]},"properties":{"year":1960,"period":"1960","kind":"FHA"}},{"type":"Feature","geometry":{"type":"Point","coordinates":[-86.115171,39.884621]},"properties":{"year":1960,"period":"1960","kind":"FHA"}},{"type":"Feature","geometry":{"type":"Point","coordinates":[-86.059014,39.849657]},"properties":{"year":1960,"period":"1960","kind":"FHA"}},{"type":"Feature","geometry":{"type":"Point","coordinates":[-86.161886,39.836407]},"properties":{"year":1960,"period":"1960","kind":"FHA"}},{"type":"Feature","geometry":{"type":"Point","coordinates":[-86.249397,39.788153]},"properties":{"year":1960,"period":"1960","kind":"FHA"}},{"type":"Feature","geometry":{"type":"Point","coordinates":[-86.059747,39.850116]},"properties":{"year":1960,"period":"1960","kind":"FHA"}},{"type":"Feature","geometry":{"type":"Point","coordinates":[-86.116174,39.86491]},"properties":{"year":1960,"period":"1960","kind":"FHA"}},{"type":"Feature","geometry":{"type":"Point","coordinates":[-86.273451,39.785976]},"properties":{"year":1960,"period":"1960","kind":"FHA"}},{"type":"Feature","geometry":{"type":"Point","coordinates":[-86.198898,39.853826]},"properties":{"year":1960,"period":"1960","kind":"FHA"}},{"type":"Feature","geometry":{"type":"Point","coordinates":[-86.051017,39.839891]},"properties":{"year":1960,"period":"1960","kind":"FHA"}},{"type":"Feature","geometry":{"type":"Point","coordinates":[-86.098807,39.89161]},"properties":{"year":1960,"period":"1960","kind":"FHA"}},{"type":"Feature","geometry":{"type":"Point","coordinates":[-86.029598,39.879464]},"properties":{"year":1960,"period":"1960","kind":"FHA"}},{"type":"Feature","geometry":{"type":"Point","coordinates":[-86.160295,39.835981]},"properties":{"year":1960,"period":"1960","kind":"FHA"}},{"type":"Feature","geometry":{"type":"Point","coordinates":[-86.112325,39.883596]},"properties":{"year":1960,"period":"1960","kind":"FHA"}},{"type":"Feature","geometry":{"type":"Point","coordinates":[-86.11073,39.873482]},"properties":{"year":1960,"period":"1960","kind":"FHA"}},{"type":"Feature","geometry":{"type":"Point","coordinates":[-86.073346,39.792794]},"properties":{"year":1960,"period":"1960","kind":"FHA"}},{"type":"Feature","geometry":{"type":"Point","coordinates":[-86.038072,39.829633]},"properties":{"year":1960,"period":"1960","kind":"VA"}},{"type":"Feature","geometry":{"type":"Point","coordinates":[-86.118265,39.778935]},"properties":{"year":1965,"period":"1965","kind":"FHA"}},{"type":"Feature","geometry":{"type":"Point","coordinates":[-86.261417,39.759343]},"properties":{"year":1965,"period":"1965","kind":"VA"}},{"type":"Feature","geometry":{"type":"Point","coordinates":[-85.994698,39.826672]},"properties":{"year":1965,"period":"1965","kind":"VA"}},{"type":"Feature","geometry":{"type":"Point","coordinates":[-86.263205,39.760208]},"properties":{"year":1965,"period":"1965","kind":"VA"}},{"type":"Feature","geometry":{"type":"Point","coordinates":[-86.182937,39.819168]},"properties":{"year":1965,"period":"1965","kind":"FHA"}},{"type":"Feature","geometry":{"type":"Point","coordinates":[-86.219774,39.829161]},"properties":{"year":1965,"period":"1965","kind":"VA"}},{"type":"Feature","geometry":{"type":"Point","coordinates":[-86.066247,39.850841]},"properties":{"year":1965,"period":"1965","kind":"VA"}},{"type":"Feature","geometry":{"type":"Point","coordinates":[-86.182388,39.908107]},"properties":{"year":1965,"period":"1965","kind":"VA"}},{"type":"Feature","geometry":{"type":"Point","coordinates":[-86.180378,39.898444]},"properties":{"year":1965,"period":"1965","kind":"VA"}},{"type":"Feature","geometry":{"type":"Point","coordinates":[-86.243133,39.797669]},"properties":{"year":1965,"period":"1965","kind":"VA"}},{"type":"Feature","geometry":{"type":"Point","coordinates":[-85.994584,39.784433]},"properties":{"year":1965,"period":"1965","kind":"VA"}},{"type":"Feature","geometry":{"type":"Point","coordinates":[-86.011561,39.829121]},"properties":{"year":1965,"period":"1965","kind":"VA"}},{"type":"Feature","geometry":{"type":"Point","coordinates":[-85.994969,39.827439]},"properties":{"year":1965,"period":"1965","kind":"VA"}},{"type":"Feature","geometry":{"type":"Point","coordinates":[-86.133824,39.650599]},"properties":{"year":1965,"period":"1965","kind":"VA"}},{"type":"Feature","geometry":{"type":"Point","coordinates":[-86.118048,39.819259]},"properties":{"year":1965,"period":"1965","kind":"VA"}},{"type":"Feature","geometry":{"type":"Point","coordinates":[-86.128156,39.849521]},"properties":{"year":1965,"period":"1965","kind":"VA"}},{"type":"Feature","geometry":{"type":"Point","coordinates":[-86.204282,39.876636]},"properties":{"year":1965,"period":"1965","kind":"VA"}},{"type":"Feature","geometry":{"type":"Point","coordinates":[-86.203969,39.790374]},"properties":{"year":1965,"period":"1965","kind":"VA"}},{"type":"Feature","geometry":{"type":"Point","coordinates":[-86.070953,39.820852]},"properties":{"year":1965,"period":"1965","kind":"VA"}},{"type":"Feature","geometry":{"type":"Point","coordinates":[-86.246971,39.760469]},"properties":{"year":1965,"period":"1965","kind":"VA"}},{"type":"Feature","geometry":{"type":"Point","coordinates":[-86.023409,39.825147]},"properties":{"year":1965,"period":"1965","kind":"VA"}},{"type":"Feature","geometry":{"type":"Point","coordinates":[-86.042741,39.791055]},"properties":{"year":1965,"period":"1965","kind":"VA"}},{"type":"Feature","geometry":{"type":"Point","coordinates":[-86.219656,39.718907]},"properties":{"year":1965,"period":"1965","kind":"VA"}},{"type":"Feature","geometry":{"type":"Point","coordinates":[-86.08868,39.817717]},"properties":{"year":1965,"period":"1965","kind":"VA"}},{"type":"Feature","geometry":{"type":"Point","coordinates":[-86.266982,39.820251]},"properties":{"year":1965,"period":"1965","kind":"VA"}},{"type":"Feature","geometry":{"type":"Point","coordinates":[-86.161804,39.705548]},"properties":{"year":1965,"period":"1965","kind":"VA"}},{"type":"Feature","geometry":{"type":"Point","coordinates":[-86.20221,39.860429]},"properties":{"year":1965,"period":"1965","kind":"VA"}},{"type":"Feature","geometry":{"type":"Point","coordinates":[-86.186877,39.798491]},"properties":{"year":1965,"period":"1965","kind":"VA"}},{"type":"Feature","geometry":{"type":"Point","coordinates":[-86.130742,39.815558]},"properties":{"year":1965,"period":"1965","kind":"VA"}},{"type":"Feature","geometry":{"type":"Point","coordinates":[-86.119176,39.815392]},"properties":{"year":1965,"period":"1965","kind":"VA"}},{"type":"Feature","geometry":{"type":"Point","coordinates":[-86.185764,39.805589]},"properties":{"year":1965,"period":"1965","kind":"VA"}},{"type":"Feature","geometry":{"type":"Point","coordinates":[-86.120333,39.815952]},"properties":{"year":1965,"period":"1965","kind":"VA"}},{"type":"Feature","geometry":{"type":"Point","coordinates":[-86.099691,39.72927]},"properties":{"year":1965,"period":"1965","kind":"VA"}},{"type":"Feature","geometry":{"type":"Point","coordinates":[-86.110828,39.821615]},"properties":{"year":1965,"period":"1965","kind":"VA"}},{"type":"Feature","geometry":{"type":"Point","coordinates":[-86.25131,39.735184]},"properties":{"year":1965,"period":"1965","kind":"VA"}},{"type":"Feature","geometry":{"type":"Point","coordinates":[-86.195682,39.77911]},"properties":{"year":1965,"period":"1965","kind":"VA"}},{"type":"Feature","geometry":{"type":"Point","coordinates":[-86.144386,39.694712]},"properties":{"year":1965,"period":"1965","kind":"FHA"}},{"type":"Feature","geometry":{"type":"Point","coordinates":[-86.021078,39.78769]},"properties":{"year":1965,"period":"1965","kind":"VA"}},{"type":"Feature","geometry":{"type":"Point","coordinates":[-86.092892,39.823337]},"properties":{"year":1965,"period":"1965","kind":"VA"}},{"type":"Feature","geometry":{"type":"Point","coordinates":[-86.139492,39.911039]},"properties":{"year":1965,"period":"1965","kind":"VA"}},{"type":"Feature","geometry":{"type":"Point","coordinates":[-86.110311,39.819538]},"properties":{"year":1965,"period":"1965","kind":"VA"}},{"type":"Feature","geometry":{"type":"Point","coordinates":[-86.113826,39.649744]},"properties":{"year":1965,"period":"1965","kind":"VA"}},{"type":"Feature","geometry":{"type":"Point","coordinates":[-86.120356,39.816478]},"properties":{"year":1965,"period":"1965","kind":"VA"}},{"type":"Feature","geometry":{"type":"Point","coordinates":[-86.127771,39.804213]},"properties":{"year":1965,"period":"1965","kind":"VA"}},{"type":"Feature","geometry":{"type":"Point","coordinates":[-86.09224,39.764681]},"properties":{"year":1965,"period":"1965","kind":"VA"}},{"type":"Feature","geometry":{"type":"Point","coordinates":[-86.152197,39.807395]},"properties":{"year":1965,"period":"1965","kind":"VA"}},{"type":"Feature","geometry":{"type":"Point","coordinates":[-86.087173,39.778658]},"properties":{"year":1965,"period":"1965","kind":"VA"}},{"type":"Feature","geometry":{"type":"Point","coordinates":[-86.214505,39.775472]},"properties":{"year":1965,"period":"1965","kind":"VA"}},{"type":"Feature","geometry":{"type":"Point","coordinates":[-86.028013,39.780303]},"properties":{"year":1965,"period":"1965","kind":"VA"}},{"type":"Feature","geometry":{"type":"Point","coordinates":[-86.131583,39.820759]},"properties":{"year":1965,"period":"1965","kind":"VA"}},{"type":"Feature","geometry":{"type":"Point","coordinates":[-86.136741,39.719875]},"properties":{"year":1965,"period":"1965","kind":"VA"}},{"type":"Feature","geometry":{"type":"Point","coordinates":[-86.102681,39.807617]},"properties":{"year":1965,"period":"1965","kind":"VA"}},{"type":"Feature","geometry":{"type":"Point","coordinates":[-86.003983,39.794418]},"properties":{"year":1965,"period":"1965","kind":"VA"}},{"type":"Feature","geometry":{"type":"Point","coordinates":[-86.128459,39.856598]},"properties":{"year":1965,"period":"1965","kind":"VA"}},{"type":"Feature","geometry":{"type":"Point","coordinates":[-86.243996,39.78117]},"properties":{"year":1965,"period":"1965","kind":"VA"}},{"type":"Feature","geometry":{"type":"Point","coordinates":[-86.172763,39.834548]},"properties":{"year":1965,"period":"1965","kind":"VA"}},{"type":"Feature","geometry":{"type":"Point","coordinates":[-86.0857975687484,39.7004899001799]},"properties":{"year":1965,"period":"1965","kind":"VA"}},{"type":"Feature","geometry":{"type":"Point","coordinates":[-86.144619,39.812329]},"properties":{"year":1965,"period":"1965","kind":"VA"}},{"type":"Feature","geometry":{"type":"Point","coordinates":[-86.120861,39.813737]},"properties":{"year":1965,"period":"1965","kind":"VA"}},{"type":"Feature","geometry":{"type":"Point","coordinates":[-86.146078,39.748439]},"properties":{"year":1965,"period":"1965","kind":"VA"}},{"type":"Feature","geometry":{"type":"Point","coordinates":[-86.147798,39.815672]},"properties":{"year":1965,"period":"1965","kind":"VA"}},{"type":"Feature","geometry":{"type":"Point","coordinates":[-86.139927,39.820299]},"properties":{"year":1965,"period":"1965","kind":"VA"}},{"type":"Feature","geometry":{"type":"Point","coordinates":[-86.160148,39.827791]},"properties":{"year":1965,"period":"1965","kind":"VA"}},{"type":"Feature","geometry":{"type":"Point","coordinates":[-86.083458,39.778127]},"properties":{"year":1965,"period":"1965","kind":"VA"}},{"type":"Feature","geometry":{"type":"Point","coordinates":[-86.228285,39.807981]},"properties":{"year":1965,"period":"1965","kind":"VA"}},{"type":"Feature","geometry":{"type":"Point","coordinates":[-86.067077,39.7622]},"properties":{"year":1965,"period":"1965","kind":"VA"}},{"type":"Feature","geometry":{"type":"Point","coordinates":[-86.143286,39.821678]},"properties":{"year":1965,"period":"1965","kind":"VA"}},{"type":"Feature","geometry":{"type":"Point","coordinates":[-86.115861,39.656158]},"properties":{"year":1965,"period":"1965","kind":"VA"}},{"type":"Feature","geometry":{"type":"Point","coordinates":[-86.242132,39.69731]},"properties":{"year":1965,"period":"1965","kind":"VA"}},{"type":"Feature","geometry":{"type":"Point","coordinates":[-86.189086,39.874075]},"properties":{"year":1965,"period":"1965","kind":"VA"}},{"type":"Feature","geometry":{"type":"Point","coordinates":[-86.035295,39.844244]},"properties":{"year":1965,"period":"1965","kind":"VA"}},{"type":"Feature","geometry":{"type":"Point","coordinates":[-86.127192,39.684823]},"properties":{"year":1965,"period":"1965","kind":"VA"}},{"type":"Feature","geometry":{"type":"Point","coordinates":[-86.204727,39.875607]},"properties":{"year":1965,"period":"1965","kind":"VA"}},{"type":"Feature","geometry":{"type":"Point","coordinates":[-86.260788,39.743959]},"properties":{"year":1965,"period":"1965","kind":"VA"}},{"type":"Feature","geometry":{"type":"Point","coordinates":[-86.15113,39.814983]},"properties":{"year":1965,"period":"1965","kind":"FHA"}},{"type":"Feature","geometry":{"type":"Point","coordinates":[-86.054477,39.846852]},"properties":{"year":1965,"period":"1965","kind":"VA"}},{"type":"Feature","geometry":{"type":"Point","coordinates":[-86.131758,39.846269]},"properties":{"year":1965,"period":"1965","kind":"VA"}},{"type":"Feature","geometry":{"type":"Point","coordinates":[-86.12302,39.804367]},"properties":{"year":1965,"period":"1965","kind":"VA"}},{"type":"Feature","geometry":{"type":"Point","coordinates":[-86.157668,39.835485]},"properties":{"year":1965,"period":"1965","kind":"VA"}},{"type":"Feature","geometry":{"type":"Point","coordinates":[-86.011341,39.82958]},"properties":{"year":1965,"period":"1965","kind":"VA"}},{"type":"Feature","geometry":{"type":"Point","coordinates":[-86.194081,39.870778]},"properties":{"year":1965,"period":"1965","kind":"VA"}},{"type":"Feature","geometry":{"type":"Point","coordinates":[-86.113356,39.647643]},"properties":{"year":1965,"period":"1965","kind":"VA"}},{"type":"Feature","geometry":{"type":"Point","coordinates":[-86.052053,39.84564]},"properties":{"year":1965,"period":"1965","kind":"VA"}},{"type":"Feature","geometry":{"type":"Point","coordinates":[-86.059043,39.773108]},"properties":{"year":1965,"period":"1965","kind":"VA"}},{"type":"Feature","geometry":{"type":"Point","coordinates":[-86.108615,39.793312]},"properties":{"year":1965,"period":"1965","kind":"FHA"}},{"type":"Feature","geometry":{"type":"Point","coordinates":[-86.187651,39.897065]},"properties":{"year":1965,"period":"1965","kind":"VA"}},{"type":"Feature","geometry":{"type":"Point","coordinates":[-86.019248,39.701959]},"properties":{"year":1965,"period":"1965","kind":"VA"}},{"type":"Feature","geometry":{"type":"Point","coordinates":[-86.156494,39.743095]},"properties":{"year":1965,"period":"1965","kind":"VA"}},{"type":"Feature","geometry":{"type":"Point","coordinates":[-86.156494,39.743095]},"properties":{"year":1965,"period":"1965","kind":"VA"}},{"type":"Feature","geometry":{"type":"Point","coordinates":[-86.079014,39.762462]},"properties":{"year":1965,"period":"1965","kind":"FHA"}},{"type":"Feature","geometry":{"type":"Point","coordinates":[-86.147618,39.812473]},"properties":{"year":1965,"period":"1965","kind":"VA"}},{"type":"Feature","geometry":{"type":"Point","coordinates":[-86.245253,39.760716]},"properties":{"year":1965,"period":"1965","kind":"VA"}},{"type":"Feature","geometry":{"type":"Point","coordinates":[-86.136555,39.823215]},"properties":{"year":1965,"period":"1965","kind":"VA"}},{"type":"Feature","geometry":{"type":"Point","coordinates":[-86.272425,39.809188]},"properties":{"year":1965,"period":"1965","kind":"VA"}},{"type":"Feature","geometry":{"type":"Point","coordinates":[-86.149174,39.815678]},"properties":{"year":1965,"period":"1965","kind":"VA"}},{"type":"Feature","geometry":{"type":"Point","coordinates":[-86.081553,39.795935]},"properties":{"year":1965,"period":"1965","kind":"VA"}},{"type":"Feature","geometry":{"type":"Point","coordinates":[-86.255176,39.755846]},"properties":{"year":1965,"period":"1965","kind":"VA"}},{"type":"Feature","geometry":{"type":"Point","coordinates":[-86.243379,39.698422]},"properties":{"year":1965,"period":"1965","kind":"VA"}},{"type":"Feature","geometry":{"type":"Point","coordinates":[-86.09511,39.715873]},"properties":{"year":1965,"period":"1965","kind":"FHA"}},{"type":"Feature","geometry":{"type":"Point","coordinates":[-86.18816,39.813824]},"properties":{"year":1965,"period":"1965","kind":"FHA"}},{"type":"Feature","geometry":{"type":"Point","coordinates":[-86.204137,39.782382]},"properties":{"year":1965,"period":"1965","kind":"FHA"}},{"type":"Feature","geometry":{"type":"Point","coordinates":[-86.138967,39.730993]},"properties":{"year":1965,"period":"1965","kind":"FHA"}},{"type":"Feature","geometry":{"type":"Point","coordinates":[-86.064328,39.759353]},"properties":{"year":1965,"period":"1965","kind":"FHA"}},{"type":"Feature","geometry":{"type":"Point","coordinates":[-86.089933,39.749949]},"properties":{"year":1965,"period":"1965","kind":"VA"}},{"type":"Feature","geometry":{"type":"Point","coordinates":[-86.161107,39.812636]},"properties":{"year":1965,"period":"1965","kind":"VA"}},{"type":"Feature","geometry":{"type":"Point","coordinates":[-86.0916,39.759525]},"properties":{"year":1965,"period":"1965","kind":"FHA"}},{"type":"Feature","geometry":{"type":"Point","coordinates":[-86.128785,39.737042]},"properties":{"year":1965,"period":"1965","kind":"FHA"}},{"type":"Feature","geometry":{"type":"Point","coordinates":[-86.092361,39.818914]},"properties":{"year":1965,"period":"1965","kind":"FHA"}},{"type":"Feature","geometry":{"type":"Point","coordinates":[-86.100692,39.807397]},"properties":{"year":1965,"period":"1965","kind":"FHA"}},{"type":"Feature","geometry":{"type":"Point","coordinates":[-86.207104,39.782136]},"properties":{"year":1965,"period":"1965","kind":"FHA"}},{"type":"Feature","geometry":{"type":"Point","coordinates":[-86.087479,39.82163]},"properties":{"year":1965,"period":"1965","kind":"FHA"}},{"type":"Feature","geometry":{"type":"Point","coordinates":[-86.136877,39.718562]},"properties":{"year":1965,"period":"1965","kind":"FHA"}},{"type":"Feature","geometry":{"type":"Point","coordinates":[-86.145061,39.840907]},"properties":{"year":1965,"period":"1965","kind":"FHA"}},{"type":"Feature","geometry":{"type":"Point","coordinates":[-86.093943,39.747488]},"properties":{"year":1965,"period":"1965","kind":"VA"}},{"type":"Feature","geometry":{"type":"Point","coordinates":[-86.088325,39.772041]},"properties":{"year":1965,"period":"1965","kind":"FHA"}},{"type":"Feature","geometry":{"type":"Point","coordinates":[-86.148752,39.844643]},"properties":{"year":1965,"period":"1965","kind":"FHA"}},{"type":"Feature","geometry":{"type":"Point","coordinates":[-86.129168,39.743612]},"properties":{"year":1965,"period":"1965","kind":"FHA"}},{"type":"Feature","geometry":{"type":"Point","coordinates":[-86.086618,39.772479]},"properties":{"year":1965,"period":"1965","kind":"FHA"}},{"type":"Feature","geometry":{"type":"Point","coordinates":[-86.10698,39.811039]},"properties":{"year":1965,"period":"1965","kind":"FHA"}},{"type":"Feature","geometry":{"type":"Point","coordinates":[-86.183193,39.817559]},"properties":{"year":1965,"period":"1965","kind":"FHA"}},{"type":"Feature","geometry":{"type":"Point","coordinates":[-86.073373,39.824888]},"properties":{"year":1965,"period":"1965","kind":"FHA"}},{"type":"Feature","geometry":{"type":"Point","coordinates":[-86.117519,39.773635]},"properties":{"year":1965,"period":"1965","kind":"FHA"}},{"type":"Feature","geometry":{"type":"Point","coordinates":[-86.182117,39.808064]},"properties":{"year":1965,"period":"1965","kind":"VA"}},{"type":"Feature","geometry":{"type":"Point","coordinates":[-86.085748,39.772103]},"properties":{"year":1965,"period":"1965","kind":"FHA"}},{"type":"Feature","geometry":{"type":"Point","coordinates":[-86.121534,39.820369]},"properties":{"year":1965,"period":"1965","kind":"FHA"}},{"type":"Feature","geometry":{"type":"Point","coordinates":[-86.144017,39.684035]},"properties":{"year":1965,"period":"1965","kind":"FHA"}},{"type":"Feature","geometry":{"type":"Point","coordinates":[-86.190827,39.801762]},"properties":{"year":1965,"period":"1965","kind":"FHA"}},{"type":"Feature","geometry":{"type":"Point","coordinates":[-86.100027,39.757532]},"properties":{"year":1965,"period":"1965","kind":"FHA"}},{"type":"Feature","geometry":{"type":"Point","coordinates":[-86.060901,39.783918]},"properties":{"year":1965,"period":"1965","kind":"FHA"}},{"type":"Feature","geometry":{"type":"Point","coordinates":[-86.108233,39.812895]},"properties":{"year":1965,"period":"1965","kind":"FHA"}},{"type":"Feature","geometry":{"type":"Point","coordinates":[-86.122103,39.737284]},"properties":{"year":1965,"period":"1965","kind":"FHA"}},{"type":"Feature","geometry":{"type":"Point","coordinates":[-86.109597,39.835989]},"properties":{"year":1965,"period":"1965","kind":"FHA"}},{"type":"Feature","geometry":{"type":"Point","coordinates":[-86.064368,39.770267]},"properties":{"year":1965,"period":"1965","kind":"FHA"}},{"type":"Feature","geometry":{"type":"Point","coordinates":[-86.117915,39.77224]},"properties":{"year":1965,"period":"1965","kind":"FHA"}},{"type":"Feature","geometry":{"type":"Point","coordinates":[-86.103641,39.821667]},"properties":{"year":1965,"period":"1965","kind":"FHA"}},{"type":"Feature","geometry":{"type":"Point","coordinates":[-86.076072,39.790977]},"properties":{"year":1965,"period":"1965","kind":"VA"}},{"type":"Feature","geometry":{"type":"Point","coordinates":[-86.141059,39.693144]},"properties":{"year":1965,"period":"1965","kind":"FHA"}},{"type":"Feature","geometry":{"type":"Point","coordinates":[-86.148293,39.849839]},"properties":{"year":1965,"period":"1965","kind":"FHA"}},{"type":"Feature","geometry":{"type":"Point","coordinates":[-86.148293,39.849839]},"properties":{"year":1965,"period":"1965","kind":"FHA"}},{"type":"Feature","geometry":{"type":"Point","coordinates":[-86.248419,39.772731]},"properties":{"year":1965,"period":"1965","kind":"FHA"}},{"type":"Feature","geometry":{"type":"Point","coordinates":[-86.163247,39.729466]},"properties":{"year":1965,"period":"1965","kind":"FHA"}},{"type":"Feature","geometry":{"type":"Point","coordinates":[-86.149171,39.815972]},"properties":{"year":1965,"period":"1965","kind":"FHA"}},{"type":"Feature","geometry":{"type":"Point","coordinates":[-86.118606,39.870649]},"properties":{"year":1965,"period":"1965","kind":"FHA"}},{"type":"Feature","geometry":{"type":"Point","coordinates":[-86.249836,39.790657]},"properties":{"year":1965,"period":"1965","kind":"VA"}},{"type":"Feature","geometry":{"type":"Point","coordinates":[-86.008013,39.807728]},"properties":{"year":1965,"period":"1965","kind":"FHA"}},{"type":"Feature","geometry":{"type":"Point","coordinates":[-86.144548,39.694698]},"properties":{"year":1965,"period":"1965","kind":"FHA"}},{"type":"Feature","geometry":{"type":"Point","coordinates":[-86.144584,39.695227]},"properties":{"year":1965,"period":"1965","kind":"FHA"}},{"type":"Feature","geometry":{"type":"Point","coordinates":[-86.212419,39.805963]},"properties":{"year":1965,"period":"1965","kind":"VA"}},{"type":"Feature","geometry":{"type":"Point","coordinates":[-86.268412,39.827224]},"properties":{"year":1965,"period":"1965","kind":"FHA"}},{"type":"Feature","geometry":{"type":"Point","coordinates":[-86.130867,39.866604]},"properties":{"year":1965,"period":"1965","kind":"FHA"}},{"type":"Feature","geometry":{"type":"Point","coordinates":[-86.118014,39.819768]},"properties":{"year":1965,"period":"1965","kind":"VA"}},{"type":"Feature","geometry":{"type":"Point","coordinates":[-86.070536,39.764133]},"properties":{"year":1965,"period":"1965","kind":"FHA"}},{"type":"Feature","geometry":{"type":"Point","coordinates":[-86.011635,39.828086]},"properties":{"year":1965,"period":"1965","kind":"FHA"}},{"type":"Feature","geometry":{"type":"Point","coordinates":[-86.148673,39.834976]},"properties":{"year":1965,"period":"1965","kind":"FHA"}},{"type":"Feature","geometry":{"type":"Point","coordinates":[-86.090735,39.7421]},"properties":{"year":1965,"period":"1965","kind":"FHA"}},{"type":"Feature","geometry":{"type":"Point","coordinates":[-86.262805,39.829664]},"properties":{"year":1965,"period":"1965","kind":"FHA"}},{"type":"Feature","geometry":{"type":"Point","coordinates":[-86.144235,39.695116]},"properties":{"year":1965,"period":"1965","kind":"FHA"}},{"type":"Feature","geometry":{"type":"Point","coordinates":[-86.253387,39.815374]},"properties":{"year":1965,"period":"1965","kind":"FHA"}},{"type":"Feature","geometry":{"type":"Point","coordinates":[-86.021911,39.836135]},"properties":{"year":1965,"period":"1965","kind":"FHA"}},{"type":"Feature","geometry":{"type":"Point","coordinates":[-86.142093,39.829454]},"properties":{"year":1965,"period":"1965","kind":"FHA"}},{"type":"Feature","geometry":{"type":"Point","coordinates":[-86.144235,39.694997]},"properties":{"year":1965,"period":"1965","kind":"FHA"}},{"type":"Feature","geometry":{"type":"Point","coordinates":[-86.252631,39.815693]},"properties":{"year":1965,"period":"1965","kind":"FHA"}},{"type":"Feature","geometry":{"type":"Point","coordinates":[-86.090801,39.744245]},"properties":{"year":1965,"period":"1965","kind":"FHA"}},{"type":"Feature","geometry":{"type":"Point","coordinates":[-86.091242,39.742139]},"properties":{"year":1965,"period":"1965","kind":"FHA"}},{"type":"Feature","geometry":{"type":"Point","coordinates":[-86.01119,39.828284]},"properties":{"year":1965,"period":"1965","kind":"FHA"}},{"type":"Feature","geometry":{"type":"Point","coordinates":[-86.268712,39.827492]},"properties":{"year":1965,"period":"1965","kind":"FHA"}},{"type":"Feature","geometry":{"type":"Point","coordinates":[-86.268529,39.826277]},"properties":{"year":1965,"period":"1965","kind":"FHA"}},{"type":"Feature","geometry":{"type":"Point","coordinates":[-86.14505,39.695041]},"properties":{"year":1965,"period":"1965","kind":"FHA"}},{"type":"Feature","geometry":{"type":"Point","coordinates":[-86.101881,39.700562]},"properties":{"year":1965,"period":"1965","kind":"FHA"}},{"type":"Feature","geometry":{"type":"Point","coordinates":[-85.992876,39.828355]},"properties":{"year":1965,"period":"1965","kind":"FHA"}},{"type":"Feature","geometry":{"type":"Point","coordinates":[-86.144231,39.69494]},"properties":{"year":1965,"period":"1965","kind":"FHA"}},{"type":"Feature","geometry":{"type":"Point","coordinates":[-86.145491,39.695299]},"properties":{"year":1965,"period":"1965","kind":"FHA"}},{"type":"Feature","geometry":{"type":"Point","coordinates":[-86.268789,39.826826]},"properties":{"year":1965,"period":"1965","kind":"FHA"}},{"type":"Feature","geometry":{"type":"Point","coordinates":[-86.020135,39.836955]},"properties":{"year":1965,"period":"1965","kind":"FHA"}},{"type":"Feature","geometry":{"type":"Point","coordinates":[-86.144208,39.69413]},"properties":{"year":1965,"period":"1965","kind":"FHA"}},{"type":"Feature","geometry":{"type":"Point","coordinates":[-86.089943,39.700902]},"properties":{"year":1965,"period":"1965","kind":"FHA"}},{"type":"Feature","geometry":{"type":"Point","coordinates":[-86.019763,39.837132]},"properties":{"year":1965,"period":"1965","kind":"FHA"}},{"type":"Feature","geometry":{"type":"Point","coordinates":[-86.252796,39.81523]},"properties":{"year":1965,"period":"1965","kind":"FHA"}},{"type":"Feature","geometry":{"type":"Point","coordinates":[-86.022061,39.836066]},"properties":{"year":1965,"period":"1965","kind":"FHA"}},{"type":"Feature","geometry":{"type":"Point","coordinates":[-86.268053,39.826168]},"properties":{"year":1965,"period":"1965","kind":"FHA"}},{"type":"Feature","geometry":{"type":"Point","coordinates":[-86.089942,39.699767]},"properties":{"year":1965,"period":"1965","kind":"FHA"}},{"type":"Feature","geometry":{"type":"Point","coordinates":[-86.26763,39.826421]},"properties":{"year":1965,"period":"1965","kind":"FHA"}},{"type":"Feature","geometry":{"type":"Point","coordinates":[-86.252948,39.815479]},"properties":{"year":1965,"period":"1965","kind":"FHA"}},{"type":"Feature","geometry":{"type":"Point","coordinates":[-86.267828,39.827036]},"properties":{"year":1965,"period":"1965","kind":"FHA"}},{"type":"Feature","geometry":{"type":"Point","coordinates":[-86.251961,39.815499]},"properties":{"year":1965,"period":"1965","kind":"FHA"}},{"type":"Feature","geometry":{"type":"Point","coordinates":[-86.019827,39.837102]},"properties":{"year":1965,"period":"1965","kind":"FHA"}},{"type":"Feature","geometry":{"type":"Point","coordinates":[-85.994428,39.829009]},"properties":{"year":1965,"period":"1965","kind":"FHA"}},{"type":"Feature","geometry":{"type":"Point","coordinates":[-86.267993,39.826167]},"properties":{"year":1965,"period":"1965","kind":"FHA"}},{"type":"Feature","geometry":{"type":"Point","coordinates":[-86.254994,39.811622]},"properties":{"year":1965,"period":"1965","kind":"FHA"}},{"type":"Feature","geometry":{"type":"Point","coordinates":[-86.123019,39.804219]},"properties":{"year":1965,"period":"1965","kind":"FHA"}},{"type":"Feature","geometry":{"type":"Point","coordinates":[-86.252405,39.816215]},"properties":{"year":1965,"period":"1965","kind":"FHA"}},{"type":"Feature","geometry":{"type":"Point","coordinates":[-86.262829,39.830831]},"properties":{"year":1965,"period":"1965","kind":"FHA"}},{"type":"Feature","geometry":{"type":"Point","coordinates":[-86.113805,39.649989]},"properties":{"year":1965,"period":"1965","kind":"FHA"}},{"type":"Feature","geometry":{"type":"Point","coordinates":[-86.267449,39.828139]},"properties":{"year":1965,"period":"1965","kind":"FHA"}},{"type":"Feature","geometry":{"type":"Point","coordinates":[-86.019371,39.837805]},"properties":{"year":1965,"period":"1965","kind":"FHA"}},{"type":"Feature","geometry":{"type":"Point","coordinates":[-86.267906,39.828102]},"properties":{"year":1965,"period":"1965","kind":"FHA"}},{"type":"Feature","geometry":{"type":"Point","coordinates":[-86.259051,39.759047]},"properties":{"year":1965,"period":"1965","kind":"FHA"}},{"type":"Feature","geometry":{"type":"Point","coordinates":[-86.253532,39.815958]},"properties":{"year":1965,"period":"1965","kind":"FHA"}},{"type":"Feature","geometry":{"type":"Point","coordinates":[-86.254984,39.81127]},"properties":{"year":1965,"period":"1965","kind":"FHA"}},{"type":"Feature","geometry":{"type":"Point","coordinates":[-85.993608,39.827898]},"properties":{"year":1965,"period":"1965","kind":"FHA"}},{"type":"Feature","geometry":{"type":"Point","coordinates":[-86.01156,39.828114]},"properties":{"year":1965,"period":"1965","kind":"FHA"}},{"type":"Feature","geometry":{"type":"Point","coordinates":[-86.144982,39.694477]},"properties":{"year":1965,"period":"1965","kind":"FHA"}},{"type":"Feature","geometry":{"type":"Point","coordinates":[-86.252642,39.81587]},"properties":{"year":1965,"period":"1965","kind":"FHA"}},{"type":"Feature","geometry":{"type":"Point","coordinates":[-86.252629,39.815492]},"properties":{"year":1965,"period":"1965","kind":"FHA"}},{"type":"Feature","geometry":{"type":"Point","coordinates":[-86.10916,39.686546]},"properties":{"year":1965,"period":"1965","kind":"FHA"}},{"type":"Feature","geometry":{"type":"Point","coordinates":[-86.019354,39.837841]},"properties":{"year":1965,"period":"1965","kind":"FHA"}},{"type":"Feature","geometry":{"type":"Point","coordinates":[-86.022909,39.83564]},"properties":{"year":1965,"period":"1965","kind":"FHA"}},{"type":"Feature","geometry":{"type":"Point","coordinates":[-86.255027,39.813061]},"properties":{"year":1965,"period":"1965","kind":"FHA"}},{"type":"Feature","geometry":{"type":"Point","coordinates":[-86.260273,39.758674]},"properties":{"year":1965,"period":"1965","kind":"FHA"}},{"type":"Feature","geometry":{"type":"Point","coordinates":[-86.26874,39.826598]},"properties":{"year":1965,"period":"1965","kind":"FHA"}},{"type":"Feature","geometry":{"type":"Point","coordinates":[-86.011494,39.828147]},"properties":{"year":1965,"period":"1965","kind":"FHA"}},{"type":"Feature","geometry":{"type":"Point","coordinates":[-86.022808,39.835711]},"properties":{"year":1965,"period":"1965","kind":"FHA"}},{"type":"Feature","geometry":{"type":"Point","coordinates":[-86.267536,39.826174]},"properties":{"year":1965,"period":"1965","kind":"FHA"}},{"type":"Feature","geometry":{"type":"Point","coordinates":[-86.267931,39.826169]},"properties":{"year":1965,"period":"1965","kind":"FHA"}},{"type":"Feature","geometry":{"type":"Point","coordinates":[-86.267804,39.828093]},"properties":{"year":1965,"period":"1965","kind":"FHA"}},{"type":"Feature","geometry":{"type":"Point","coordinates":[-86.110122,39.68643]},"properties":{"year":1965,"period":"1965","kind":"FHA"}},{"type":"Feature","geometry":{"type":"Point","coordinates":[-86.252226,39.816208]},"properties":{"year":1965,"period":"1965","kind":"FHA"}},{"type":"Feature","geometry":{"type":"Point","coordinates":[-85.990937,39.827504]},"properties":{"year":1965,"period":"1965","kind":"FHA"}},{"type":"Feature","geometry":{"type":"Point","coordinates":[-86.259728,39.827674]},"properties":{"year":1965,"period":"1965","kind":"FHA"}},{"type":"Feature","geometry":{"type":"Point","coordinates":[-86.246877,39.727002]},"properties":{"year":1965,"period":"1965","kind":"FHA"}},{"type":"Feature","geometry":{"type":"Point","coordinates":[-86.253014,39.815489]},"properties":{"year":1965,"period":"1965","kind":"FHA"}},{"type":"Feature","geometry":{"type":"Point","coordinates":[-86.25333,39.81526]},"properties":{"year":1965,"period":"1965","kind":"FHA"}},{"type":"Feature","geometry":{"type":"Point","coordinates":[-86.26199,39.760911]},"properties":{"year":1965,"period":"1965","kind":"FHA"}},{"type":"Feature","geometry":{"type":"Point","coordinates":[-86.268639,39.828169]},"properties":{"year":1965,"period":"1965","kind":"FHA"}},{"type":"Feature","geometry":{"type":"Point","coordinates":[-86.14514,39.693919]},"properties":{"year":1965,"period":"1965","kind":"FHA"}},{"type":"Feature","geometry":{"type":"Point","coordinates":[-85.992346,39.831335]},"properties":{"year":1965,"period":"1965","kind":"FHA"}},{"type":"Feature","geometry":{"type":"Point","coordinates":[-85.993327,39.827692]},"properties":{"year":1965,"period":"1965","kind":"FHA"}},{"type":"Feature","geometry":{"type":"Point","coordinates":[-86.144228,39.69401]},"properties":{"year":1965,"period":"1965","kind":"FHA"}},{"type":"Feature","geometry":{"type":"Point","coordinates":[-86.253538,39.816171]},"properties":{"year":1965,"period":"1965","kind":"FHA"}},{"type":"Feature","geometry":{"type":"Point","coordinates":[-86.145003,39.694575]},"properties":{"year":1965,"period":"1965","kind":"FHA"}},{"type":"Feature","geometry":{"type":"Point","coordinates":[-86.144516,39.693986]},"properties":{"year":1965,"period":"1965","kind":"FHA"}},{"type":"Feature","geometry":{"type":"Point","coordinates":[-86.252718,39.815235]},"properties":{"year":1965,"period":"1965","kind":"FHA"}},{"type":"Feature","geometry":{"type":"Point","coordinates":[-85.99456,39.827948]},"properties":{"year":1965,"period":"1965","kind":"FHA"}},{"type":"Feature","geometry":{"type":"Point","coordinates":[-86.260343,39.758945]},"properties":{"year":1965,"period":"1965","kind":"FHA"}},{"type":"Feature","geometry":{"type":"Point","coordinates":[-86.253178,39.814779]},"properties":{"year":1965,"period":"1965","kind":"FHA"}},{"type":"Feature","geometry":{"type":"Point","coordinates":[-85.994666,39.830676]},"properties":{"year":1965,"period":"1965","kind":"FHA"}},{"type":"Feature","geometry":{"type":"Point","coordinates":[-86.14422,39.695051]},"properties":{"year":1965,"period":"1965","kind":"FHA"}},{"type":"Feature","geometry":{"type":"Point","coordinates":[-86.266014,39.81254]},"properties":{"year":1965,"period":"1965","kind":"FHA"}},{"type":"Feature","geometry":{"type":"Point","coordinates":[-86.144468,39.693736]},"properties":{"year":1965,"period":"1965","kind":"FHA"}},{"type":"Feature","geometry":{"type":"Point","coordinates":[-86.282405,39.78958]},"properties":{"year":1965,"period":"1965","kind":"FHA"}},{"type":"Feature","geometry":{"type":"Point","coordinates":[-86.251671,39.814798]},"properties":{"year":1965,"period":"1965","kind":"FHA"}},{"type":"Feature","geometry":{"type":"Point","coordinates":[-86.253339,39.81478]},"properties":{"year":1965,"period":"1965","kind":"FHA"}},{"type":"Feature","geometry":{"type":"Point","coordinates":[-86.260408,39.826674]},"properties":{"year":1965,"period":"1965","kind":"FHA"}},{"type":"Feature","geometry":{"type":"Point","coordinates":[-86.002401,39.821822]},"properties":{"year":1965,"period":"1965","kind":"FHA"}},{"type":"Feature","geometry":{"type":"Point","coordinates":[-85.993161,39.831461]},"properties":{"year":1965,"period":"1965","kind":"FHA"}},{"type":"Feature","geometry":{"type":"Point","coordinates":[-86.017988,39.830125]},"properties":{"year":1965,"period":"1965","kind":"FHA"}},{"type":"Feature","geometry":{"type":"Point","coordinates":[-86.103763,39.732389]},"properties":{"year":1965,"period":"1965","kind":"FHA"}},{"type":"Feature","geometry":{"type":"Point","coordinates":[-86.144985,39.694539]},"properties":{"year":1965,"period":"1965","kind":"FHA"}},{"type":"Feature","geometry":{"type":"Point","coordinates":[-86.091061,39.700994]},"properties":{"year":1965,"period":"1965","kind":"FHA"}},{"type":"Feature","geometry":{"type":"Point","coordinates":[-86.108826,39.811206]},"properties":{"year":1965,"period":"1965","kind":"FHA"}},{"type":"Feature","geometry":{"type":"Point","coordinates":[-86.181313,39.903255]},"properties":{"year":1965,"period":"1965","kind":"FHA"}},{"type":"Feature","geometry":{"type":"Point","coordinates":[-86.285212,39.789205]},"properties":{"year":1965,"period":"1965","kind":"FHA"}},{"type":"Feature","geometry":{"type":"Point","coordinates":[-86.091493,39.892687]},"properties":{"year":1965,"period":"1965","kind":"FHA"}},{"type":"Feature","geometry":{"type":"Point","coordinates":[-86.131439,39.815578]},"properties":{"year":1965,"period":"1965","kind":"FHA"}},{"type":"Feature","geometry":{"type":"Point","coordinates":[-86.164865,39.805201]},"properties":{"year":1965,"period":"1965","kind":"FHA"}},{"type":"Feature","geometry":{"type":"Point","coordinates":[-86.110417,39.769581]},"properties":{"year":1965,"period":"1965","kind":"FHA"}},{"type":"Feature","geometry":{"type":"Point","coordinates":[-86.024592,39.803936]},"properties":{"year":1965,"period":"1965","kind":"FHA"}},{"type":"Feature","geometry":{"type":"Point","coordinates":[-86.320346,39.821032]},"properties":{"year":1965,"period":"1965","kind":"FHA"}},{"type":"Feature","geometry":{"type":"Point","coordinates":[-86.074186,39.792665]},"properties":{"year":1965,"period":"1965","kind":"FHA"}},{"type":"Feature","geometry":{"type":"Point","coordinates":[-86.130539,39.839587]},"properties":{"year":1965,"period":"1965","kind":"FHA"}},{"type":"Feature","geometry":{"type":"Point","coordinates":[-86.129121,39.727789]},"properties":{"year":1965,"period":"1965","kind":"FHA"}},{"type":"Feature","geometry":{"type":"Point","coordinates":[-86.1902677578919,39.7569869047835]},"properties":{"year":1965,"period":"1965","kind":"FHA"}},{"type":"Feature","geometry":{"type":"Point","coordinates":[-86.117941,39.811034]},"properties":{"year":1965,"period":"1965","kind":"FHA"}},{"type":"Feature","geometry":{"type":"Point","coordinates":[-86.077894,39.789381]},"properties":{"year":1965,"period":"1965","kind":"FHA"}},{"type":"Feature","geometry":{"type":"Point","coordinates":[-86.130294,39.744188]},"properties":{"year":1965,"period":"1965","kind":"FHA"}},{"type":"Feature","geometry":{"type":"Point","coordinates":[-86.064328,39.759353]},"properties":{"year":1965,"period":"1965","kind":"FHA"}},{"type":"Feature","geometry":{"type":"Point","coordinates":[-86.21923,39.749388]},"properties":{"year":1965,"period":"1965","kind":"FHA"}},{"type":"Feature","geometry":{"type":"Point","coordinates":[-86.111093,39.801488]},"properties":{"year":1965,"period":"1965","kind":"FHA"}},{"type":"Feature","geometry":{"type":"Point","coordinates":[-86.108119,39.785482]},"properties":{"year":1965,"period":"1965","kind":"FHA"}},{"type":"Feature","geometry":{"type":"Point","coordinates":[-86.083436,39.83013]},"properties":{"year":1965,"period":"1965","kind":"FHA"}},{"type":"Feature","geometry":{"type":"Point","coordinates":[-86.141696,39.723877]},"properties":{"year":1965,"period":"1965","kind":"FHA"}},{"type":"Feature","geometry":{"type":"Point","coordinates":[-86.006108,39.830449]},"properties":{"year":1965,"period":"1965","kind":"FHA"}},{"type":"Feature","geometry":{"type":"Point","coordinates":[-86.091202,39.795328]},"properties":{"year":1965,"period":"1965","kind":"FHA"}},{"type":"Feature","geometry":{"type":"Point","coordinates":[-86.134884,39.736156]},"properties":{"year":1965,"period":"1965","kind":"FHA"}},{"type":"Feature","geometry":{"type":"Point","coordinates":[-86.067155,39.796566]},"properties":{"year":1965,"period":"1965","kind":"FHA"}},{"type":"Feature","geometry":{"type":"Point","coordinates":[-86.084361,39.780733]},"properties":{"year":1965,"period":"1965","kind":"FHA"}},{"type":"Feature","geometry":{"type":"Point","coordinates":[-86.074981,39.793502]},"properties":{"year":1965,"period":"1965","kind":"FHA"}},{"type":"Feature","geometry":{"type":"Point","coordinates":[-86.060363,39.768267]},"properties":{"year":1965,"period":"1965","kind":"FHA"}},{"type":"Feature","geometry":{"type":"Point","coordinates":[-86.198951,39.854132]},"properties":{"year":1965,"period":"1965","kind":"FHA"}},{"type":"Feature","geometry":{"type":"Point","coordinates":[-86.220132,39.782458]},"properties":{"year":1965,"period":"1965","kind":"FHA"}},{"type":"Feature","geometry":{"type":"Point","coordinates":[-86.126576,39.805996]},"properties":{"year":1965,"period":"1965","kind":"FHA"}},{"type":"Feature","geometry":{"type":"Point","coordinates":[-86.054267,39.841076]},"properties":{"year":1965,"period":"1965","kind":"FHA"}},{"type":"Feature","geometry":{"type":"Point","coordinates":[-86.148621,39.761531]},"properties":{"year":1965,"period":"1965","kind":"FHA"}},{"type":"Feature","geometry":{"type":"Point","coordinates":[-86.052547,39.847142]},"properties":{"year":1965,"period":"1965","kind":"FHA"}},{"type":"Feature","geometry":{"type":"Point","coordinates":[-86.249102,39.814631]},"properties":{"year":1965,"period":"1965","kind":"FHA"}},{"type":"Feature","geometry":{"type":"Point","coordinates":[-86.206143,39.792465]},"properties":{"year":1965,"period":"1965","kind":"FHA"}},{"type":"Feature","geometry":{"type":"Point","coordinates":[-86.023851,39.843619]},"properties":{"year":1965,"period":"1965","kind":"FHA"}},{"type":"Feature","geometry":{"type":"Point","coordinates":[-86.174015,39.783687]},"properties":{"year":1965,"period":"1965","kind":"FHA"}},{"type":"Feature","geometry":{"type":"Point","coordinates":[-86.006064,39.829891]},"properties":{"year":1965,"period":"1965","kind":"FHA"}},{"type":"Feature","geometry":{"type":"Point","coordinates":[-86.114878,39.746929]},"properties":{"year":1965,"period":"1965","kind":"FHA"}},{"type":"Feature","geometry":{"type":"Point","coordinates":[-86.136889,39.717735]},"properties":{"year":1965,"period":"1965","kind":"FHA"}},{"type":"Feature","geometry":{"type":"Point","coordinates":[-86.14666,39.760885]},"properties":{"year":1965,"period":"1965","kind":"FHA"}},{"type":"Feature","geometry":{"type":"Point","coordinates":[-86.187779,39.80112]},"properties":{"year":1965,"period":"1965","kind":"FHA"}},{"type":"Feature","geometry":{"type":"Point","coordinates":[-86.147159,39.704413]},"properties":{"year":1965,"period":"1965","kind":"FHA"}},{"type":"Feature","geometry":{"type":"Point","coordinates":[-86.193825,39.757011]},"properties":{"year":1965,"period":"1965","kind":"FHA"}},{"type":"Feature","geometry":{"type":"Point","coordinates":[-86.133612,39.855517]},"properties":{"year":1965,"period":"1965","kind":"FHA"}},{"type":"Feature","geometry":{"type":"Point","coordinates":[-86.062386,39.765666]},"properties":{"year":1965,"period":"1965","kind":"FHA"}},{"type":"Feature","geometry":{"type":"Point","coordinates":[-86.21557,39.792887]},"properties":{"year":1965,"period":"1965","kind":"FHA"}},{"type":"Feature","geometry":{"type":"Point","coordinates":[-86.118483,39.813757]},"properties":{"year":1965,"period":"1965","kind":"FHA"}},{"type":"Feature","geometry":{"type":"Point","coordinates":[-86.150071,39.871047]},"properties":{"year":1965,"period":"1965","kind":"FHA"}},{"type":"Feature","geometry":{"type":"Point","coordinates":[-86.312007,39.736992]},"properties":{"year":1965,"period":"1965","kind":"FHA"}},{"type":"Feature","geometry":{"type":"Point","coordinates":[-86.016401,39.835875]},"properties":{"year":1965,"period":"1965","kind":"FHA"}},{"type":"Feature","geometry":{"type":"Point","coordinates":[-86.017117,39.837447]},"properties":{"year":1965,"period":"1965","kind":"FHA"}},{"type":"Feature","geometry":{"type":"Point","coordinates":[-86.126485,39.727788]},"properties":{"year":1965,"period":"1965","kind":"FHA"}},{"type":"Feature","geometry":{"type":"Point","coordinates":[-86.012208,39.830046]},"properties":{"year":1965,"period":"1965","kind":"FHA"}},{"type":"Feature","geometry":{"type":"Point","coordinates":[-86.174828,39.833862]},"properties":{"year":1965,"period":"1965","kind":"FHA"}},{"type":"Feature","geometry":{"type":"Point","coordinates":[-86.189033,39.801755]},"properties":{"year":1965,"period":"1965","kind":"FHA"}},{"type":"Feature","geometry":{"type":"Point","coordinates":[-86.093186,39.794922]},"properties":{"year":1965,"period":"1965","kind":"FHA"}},{"type":"Feature","geometry":{"type":"Point","coordinates":[-86.06274,39.78816]},"properties":{"year":1965,"period":"1965","kind":"FHA"}},{"type":"Feature","geometry":{"type":"Point","coordinates":[-86.214358,39.800503]},"properties":{"year":1965,"period":"1965","kind":"FHA"}},{"type":"Feature","geometry":{"type":"Point","coordinates":[-86.095422,39.748259]},"properties":{"year":1965,"period":"1965","kind":"FHA"}},{"type":"Feature","geometry":{"type":"Point","coordinates":[-86.193332,39.866397]},"properties":{"year":1965,"period":"1965","kind":"FHA"}},{"type":"Feature","geometry":{"type":"Point","coordinates":[-86.203669,39.784709]},"properties":{"year":1965,"period":"1965","kind":"FHA"}},{"type":"Feature","geometry":{"type":"Point","coordinates":[-86.011998,39.804553]},"properties":{"year":1965,"period":"1965","kind":"FHA"}},{"type":"Feature","geometry":{"type":"Point","coordinates":[-86.057207,39.80306]},"properties":{"year":1965,"period":"1965","kind":"FHA"}},{"type":"Feature","geometry":{"type":"Point","coordinates":[-86.097002,39.764306]},"properties":{"year":1965,"period":"1965","kind":"FHA"}},{"type":"Feature","geometry":{"type":"Point","coordinates":[-86.089234,39.821542]},"properties":{"year":1965,"period":"1965","kind":"FHA"}},{"type":"Feature","geometry":{"type":"Point","coordinates":[-86.115159,39.787628]},"properties":{"year":1965,"period":"1965","kind":"FHA"}},{"type":"Feature","geometry":{"type":"Point","coordinates":[-86.045068,39.692405]},"properties":{"year":1965,"period":"1965","kind":"FHA"}},{"type":"Feature","geometry":{"type":"Point","coordinates":[-86.259683,39.794197]},"properties":{"year":1965,"period":"1965","kind":"FHA"}},{"type":"Feature","geometry":{"type":"Point","coordinates":[-86.201968,39.86747]},"properties":{"year":1965,"period":"1965","kind":"FHA"}},{"type":"Feature","geometry":{"type":"Point","coordinates":[-86.060063,39.80127]},"properties":{"year":1965,"period":"1965","kind":"FHA"}},{"type":"Feature","geometry":{"type":"Point","coordinates":[-86.009741,39.793202]},"properties":{"year":1965,"period":"1965","kind":"FHA"}},{"type":"Feature","geometry":{"type":"Point","coordinates":[-86.051618,39.845483]},"properties":{"year":1965,"period":"1965","kind":"FHA"}},{"type":"Feature","geometry":{"type":"Point","coordinates":[-86.135888,39.853671]},"properties":{"year":1965,"period":"1965","kind":"VA"}},{"type":"Feature","geometry":{"type":"Point","coordinates":[-86.0980831419217,39.724523016655]},"properties":{"year":1965,"period":"1965","kind":"FHA"}},{"type":"Feature","geometry":{"type":"Point","coordinates":[-86.118412,39.788884]},"properties":{"year":1965,"period":"1965","kind":"FHA"}},{"type":"Feature","geometry":{"type":"Point","coordinates":[-86.122375,39.662015]},"properties":{"year":1965,"period":"1965","kind":"FHA"}},{"type":"Feature","geometry":{"type":"Point","coordinates":[-86.143403,39.83815]},"properties":{"year":1965,"period":"1965","kind":"FHA"}},{"type":"Feature","geometry":{"type":"Point","coordinates":[-86.091411,39.788132]},"properties":{"year":1965,"period":"1965","kind":"FHA"}},{"type":"Feature","geometry":{"type":"Point","coordinates":[-86.01516,39.826897]},"properties":{"year":1965,"period":"1965","kind":"FHA"}},{"type":"Feature","geometry":{"type":"Point","coordinates":[-86.070206,39.824664]},"properties":{"year":1965,"period":"1965","kind":"FHA"}},{"type":"Feature","geometry":{"type":"Point","coordinates":[-86.128266,39.875751]},"properties":{"year":1965,"period":"1965","kind":"FHA"}},{"type":"Feature","geometry":{"type":"Point","coordinates":[-86.084828,39.790778]},"properties":{"year":1965,"period":"1965","kind":"FHA"}},{"type":"Feature","geometry":{"type":"Point","coordinates":[-86.057616,39.802228]},"properties":{"year":1965,"period":"1965","kind":"FHA"}},{"type":"Feature","geometry":{"type":"Point","coordinates":[-86.094937,39.748171]},"properties":{"year":1965,"period":"1965","kind":"FHA"}},{"type":"Feature","geometry":{"type":"Point","coordinates":[-86.061411,39.798689]},"properties":{"year":1965,"period":"1965","kind":"FHA"}},{"type":"Feature","geometry":{"type":"Point","coordinates":[-86.066229,39.81663]},"properties":{"year":1965,"period":"1965","kind":"FHA"}},{"type":"Feature","geometry":{"type":"Point","coordinates":[-86.005635,39.829915]},"properties":{"year":1965,"period":"1965","kind":"FHA"}},{"type":"Feature","geometry":{"type":"Point","coordinates":[-86.130018,39.734507]},"properties":{"year":1965,"period":"1965","kind":"FHA"}},{"type":"Feature","geometry":{"type":"Point","coordinates":[-86.223466,39.785175]},"properties":{"year":1965,"period":"1965","kind":"FHA"}},{"type":"Feature","geometry":{"type":"Point","coordinates":[-86.122986,39.733662]},"properties":{"year":1965,"period":"1965","kind":"FHA"}},{"type":"Feature","geometry":{"type":"Point","coordinates":[-86.054989,39.772579]},"properties":{"year":1965,"period":"1965","kind":"FHA"}},{"type":"Feature","geometry":{"type":"Point","coordinates":[-86.080709,39.831699]},"properties":{"year":1965,"period":"1965","kind":"FHA"}},{"type":"Feature","geometry":{"type":"Point","coordinates":[-86.200334,39.873722]},"properties":{"year":1965,"period":"1965","kind":"FHA"}},{"type":"Feature","geometry":{"type":"Point","coordinates":[-86.226906,39.804492]},"properties":{"year":1965,"period":"1965","kind":"FHA"}},{"type":"Feature","geometry":{"type":"Point","coordinates":[-86.132212,39.817344]},"properties":{"year":1965,"period":"1965","kind":"FHA"}},{"type":"Feature","geometry":{"type":"Point","coordinates":[-86.011441,39.828682]},"properties":{"year":1965,"period":"1965","kind":"FHA"}},{"type":"Feature","geometry":{"type":"Point","coordinates":[-86.125592,39.844117]},"properties":{"year":1965,"period":"1965","kind":"FHA"}},{"type":"Feature","geometry":{"type":"Point","coordinates":[-86.218774,39.782444]},"properties":{"year":1965,"period":"1965","kind":"FHA"}},{"type":"Feature","geometry":{"type":"Point","coordinates":[-86.11058,39.812789]},"properties":{"year":1965,"period":"1965","kind":"FHA"}},{"type":"Feature","geometry":{"type":"Point","coordinates":[-86.02833,39.82152]},"properties":{"year":1965,"period":"1965","kind":"FHA"}},{"type":"Feature","geometry":{"type":"Point","coordinates":[-86.136287,39.716205]},"properties":{"year":1965,"period":"1965","kind":"FHA"}},{"type":"Feature","geometry":{"type":"Point","coordinates":[-86.129983,39.84733]},"properties":{"year":1965,"period":"1965","kind":"FHA"}},{"type":"Feature","geometry":{"type":"Point","coordinates":[-86.193786,39.86902]},"properties":{"year":1965,"period":"1965","kind":"FHA"}},{"type":"Feature","geometry":{"type":"Point","coordinates":[-86.106752,39.819637]},"properties":{"year":1965,"period":"1965","kind":"FHA"}},{"type":"Feature","geometry":{"type":"Point","coordinates":[-86.245842,39.792299]},"properties":{"year":1965,"period":"1965","kind":"FHA"}},{"type":"Feature","geometry":{"type":"Point","coordinates":[-86.09153,39.819892]},"properties":{"year":1965,"period":"1965","kind":"FHA"}},{"type":"Feature","geometry":{"type":"Point","coordinates":[-86.086433,39.714526]},"properties":{"year":1965,"period":"1965","kind":"FHA"}},{"type":"Feature","geometry":{"type":"Point","coordinates":[-86.135334,39.852337]},"properties":{"year":1965,"period":"1965","kind":"FHA"}},{"type":"Feature","geometry":{"type":"Point","coordinates":[-86.035889,39.844253]},"properties":{"year":1965,"period":"1965","kind":"FHA"}},{"type":"Feature","geometry":{"type":"Point","coordinates":[-86.077223,39.807022]},"properties":{"year":1965,"period":"1965","kind":"FHA"}},{"type":"Feature","geometry":{"type":"Point","coordinates":[-86.086607,39.816117]},"properties":{"year":1965,"period":"1965","kind":"FHA"}},{"type":"Feature","geometry":{"type":"Point","coordinates":[-86.070986,39.824869]},"properties":{"year":1965,"period":"1965","kind":"FHA"}},{"type":"Feature","geometry":{"type":"Point","coordinates":[-86.194192,39.873094]},"properties":{"year":1965,"period":"1965","kind":"FHA"}},{"type":"Feature","geometry":{"type":"Point","coordinates":[-86.012473,39.828227]},"properties":{"year":1965,"period":"1965","kind":"FHA"}},{"type":"Feature","geometry":{"type":"Point","coordinates":[-86.043834,39.817413]},"properties":{"year":1965,"period":"1965","kind":"FHA"}},{"type":"Feature","geometry":{"type":"Point","coordinates":[-86.102982,39.71979]},"properties":{"year":1965,"period":"1965","kind":"FHA"}},{"type":"Feature","geometry":{"type":"Point","coordinates":[-86.109535,39.686558]},"properties":{"year":1965,"period":"1965","kind":"FHA"}},{"type":"Feature","geometry":{"type":"Point","coordinates":[-86.131424,39.859054]},"properties":{"year":1965,"period":"1965","kind":"FHA"}},{"type":"Feature","geometry":{"type":"Point","coordinates":[-86.254725,39.789486]},"properties":{"year":1965,"period":"1965","kind":"FHA"}},{"type":"Feature","geometry":{"type":"Point","coordinates":[-86.090931,39.70304]},"properties":{"year":1965,"period":"1965","kind":"FHA"}},{"type":"Feature","geometry":{"type":"Point","coordinates":[-86.115196,39.695198]},"properties":{"year":1965,"period":"1965","kind":"FHA"}},{"type":"Feature","geometry":{"type":"Point","coordinates":[-86.108525,39.818402]},"properties":{"year":1965,"period":"1965","kind":"FHA"}},{"type":"Feature","geometry":{"type":"Point","coordinates":[-86.091476,39.824258]},"properties":{"year":1965,"period":"1965","kind":"FHA"}},{"type":"Feature","geometry":{"type":"Point","coordinates":[-86.066394,39.790735]},"properties":{"year":1965,"period":"1965","kind":"FHA"}},{"type":"Feature","geometry":{"type":"Point","coordinates":[-86.104823,39.719381]},"properties":{"year":1965,"period":"1965","kind":"FHA"}},{"type":"Feature","geometry":{"type":"Point","coordinates":[-86.012545,39.766928]},"properties":{"year":1965,"period":"1965","kind":"FHA"}},{"type":"Feature","geometry":{"type":"Point","coordinates":[-86.029017,39.813128]},"properties":{"year":1965,"period":"1965","kind":"FHA"}},{"type":"Feature","geometry":{"type":"Point","coordinates":[-86.035295,39.844244]},"properties":{"year":1965,"period":"1965","kind":"FHA"}},{"type":"Feature","geometry":{"type":"Point","coordinates":[-86.246297,39.761167]},"properties":{"year":1965,"period":"1965","kind":"FHA"}},{"type":"Feature","geometry":{"type":"Point","coordinates":[-86.100548,39.822456]},"properties":{"year":1965,"period":"1965","kind":"FHA"}},{"type":"Feature","geometry":{"type":"Point","coordinates":[-86.0894,39.744372]},"properties":{"year":1965,"period":"1965","kind":"FHA"}},{"type":"Feature","geometry":{"type":"Point","coordinates":[-86.152654,39.788576]},"properties":{"year":1965,"period":"1965","kind":"FHA"}},{"type":"Feature","geometry":{"type":"Point","coordinates":[-86.068406,39.822437]},"properties":{"year":1965,"period":"1965","kind":"FHA"}},{"type":"Feature","geometry":{"type":"Point","coordinates":[-86.269007,39.818622]},"properties":{"year":1965,"period":"1965","kind":"FHA"}},{"type":"Feature","geometry":{"type":"Point","coordinates":[-86.1507264328932,39.8269170803258]},"properties":{"year":1965,"period":"1965","kind":"FHA"}},{"type":"Feature","geometry":{"type":"Point","coordinates":[-86.189439,39.881666]},"properties":{"year":1965,"period":"1965","kind":"FHA"}},{"type":"Feature","geometry":{"type":"Point","coordinates":[-86.03316,39.825287]},"properties":{"year":1965,"period":"1965","kind":"FHA"}},{"type":"Feature","geometry":{"type":"Point","coordinates":[-86.089579,39.828238]},"properties":{"year":1965,"period":"1965","kind":"FHA"}},{"type":"Feature","geometry":{"type":"Point","coordinates":[-86.198977,39.874323]},"properties":{"year":1965,"period":"1965","kind":"FHA"}},{"type":"Feature","geometry":{"type":"Point","coordinates":[-86.128829,39.875716]},"properties":{"year":1965,"period":"1965","kind":"FHA"}},{"type":"Feature","geometry":{"type":"Point","coordinates":[-86.268417,39.820803]},"properties":{"year":1965,"period":"1965","kind":"FHA"}},{"type":"Feature","geometry":{"type":"Point","coordinates":[-86.143334,39.874746]},"properties":{"year":1965,"period":"1965","kind":"FHA"}},{"type":"Feature","geometry":{"type":"Point","coordinates":[-86.020246,39.833515]},"properties":{"year":1965,"period":"1965","kind":"FHA"}},{"type":"Feature","geometry":{"type":"Point","coordinates":[-86.132224,39.731938]},"properties":{"year":1965,"period":"1965","kind":"FHA"}},{"type":"Feature","geometry":{"type":"Point","coordinates":[-85.992285,39.887216]},"properties":{"year":1965,"period":"1965","kind":"VA"}},{"type":"Feature","geometry":{"type":"Point","coordinates":[-86.255505,39.792875]},"properties":{"year":1965,"period":"1965","kind":"FHA"}},{"type":"Feature","geometry":{"type":"Point","coordinates":[-86.200888,39.644077]},"properties":{"year":1965,"period":"1965","kind":"FHA"}},{"type":"Feature","geometry":{"type":"Point","coordinates":[-86.039906,39.827178]},"properties":{"year":1965,"period":"1965","kind":"FHA"}},{"type":"Feature","geometry":{"type":"Point","coordinates":[-86.098242,39.764609]},"properties":{"year":1965,"period":"1965","kind":"FHA"}},{"type":"Feature","geometry":{"type":"Point","coordinates":[-86.094608,39.865171]},"properties":{"year":1965,"period":"1965","kind":"FHA"}},{"type":"Feature","geometry":{"type":"Point","coordinates":[-86.063452,39.750691]},"properties":{"year":1965,"period":"1965","kind":"FHA"}},{"type":"Feature","geometry":{"type":"Point","coordinates":[-86.131704,39.83745]},"properties":{"year":1965,"period":"1965","kind":"FHA"}},{"type":"Feature","geometry":{"type":"Point","coordinates":[-86.146009,39.830616]},"properties":{"year":1965,"period":"1965","kind":"FHA"}},{"type":"Feature","geometry":{"type":"Point","coordinates":[-86.147232,39.840819]},"properties":{"year":1965,"period":"1965","kind":"FHA"}},{"type":"Feature","geometry":{"type":"Point","coordinates":[-86.110331,39.821061]},"properties":{"year":1965,"period":"1965","kind":"FHA"}},{"type":"Feature","geometry":{"type":"Point","coordinates":[-86.123077,39.806566]},"properties":{"year":1965,"period":"1965","kind":"FHA"}},{"type":"Feature","geometry":{"type":"Point","coordinates":[-86.069321,39.822294]},"properties":{"year":1965,"period":"1965","kind":"FHA"}},{"type":"Feature","geometry":{"type":"Point","coordinates":[-86.097044,39.820607]},"properties":{"year":1965,"period":"1965","kind":"FHA"}},{"type":"Feature","geometry":{"type":"Point","coordinates":[-86.02706,39.802043]},"properties":{"year":1965,"period":"1965","kind":"FHA"}},{"type":"Feature","geometry":{"type":"Point","coordinates":[-86.068121,39.776996]},"properties":{"year":1965,"period":"1965","kind":"FHA"}},{"type":"Feature","geometry":{"type":"Point","coordinates":[-86.272712,39.782247]},"properties":{"year":1965,"period":"1965","kind":"VA"}},{"type":"Feature","geometry":{"type":"Point","coordinates":[-86.25415,39.788214]},"properties":{"year":1965,"period":"1965","kind":"FHA"}},{"type":"Feature","geometry":{"type":"Point","coordinates":[-85.996948,39.781105]},"properties":{"year":1965,"period":"1965","kind":"FHA"}},{"type":"Feature","geometry":{"type":"Point","coordinates":[-86.266172,39.78743]},"properties":{"year":1965,"period":"1965","kind":"FHA"}},{"type":"Feature","geometry":{"type":"Point","coordinates":[-86.108862,39.686634]},"properties":{"year":1965,"period":"1965","kind":"VA"}},{"type":"Feature","geometry":{"type":"Point","coordinates":[-86.123092,39.809941]},"properties":{"year":1965,"period":"1965","kind":"FHA"}},{"type":"Feature","geometry":{"type":"Point","coordinates":[-86.097973,39.726265]},"properties":{"year":1965,"period":"1965","kind":"FHA"}},{"type":"Feature","geometry":{"type":"Point","coordinates":[-86.196277,39.860853]},"properties":{"year":1965,"period":"1965","kind":"VA"}},{"type":"Feature","geometry":{"type":"Point","coordinates":[-86.01824,39.707206]},"properties":{"year":1965,"period":"1965","kind":"FHA"}},{"type":"Feature","geometry":{"type":"Point","coordinates":[-86.162158,39.845436]},"properties":{"year":1965,"period":"1965","kind":"FHA"}},{"type":"Feature","geometry":{"type":"Point","coordinates":[-86.26044,39.760962]},"properties":{"year":1965,"period":"1965","kind":"FHA"}},{"type":"Feature","geometry":{"type":"Point","coordinates":[-86.006819,39.830486]},"properties":{"year":1965,"period":"1965","kind":"FHA"}},{"type":"Feature","geometry":{"type":"Point","coordinates":[-86.031843,39.761263]},"properties":{"year":1965,"period":"1965","kind":"FHA"}},{"type":"Feature","geometry":{"type":"Point","coordinates":[-86.087033,39.827631]},"properties":{"year":1965,"period":"1965","kind":"FHA"}},{"type":"Feature","geometry":{"type":"Point","coordinates":[-86.116602,39.671335]},"properties":{"year":1965,"period":"1965","kind":"FHA"}},{"type":"Feature","geometry":{"type":"Point","coordinates":[-86.174213,39.833871]},"properties":{"year":1965,"period":"1965","kind":"FHA"}},{"type":"Feature","geometry":{"type":"Point","coordinates":[-86.276452,39.751621]},"properties":{"year":1965,"period":"1965","kind":"FHA"}},{"type":"Feature","geometry":{"type":"Point","coordinates":[-86.027848,39.884839]},"properties":{"year":1965,"period":"1965","kind":"FHA"}},{"type":"Feature","geometry":{"type":"Point","coordinates":[-86.280134,39.786846]},"properties":{"year":1965,"period":"1965","kind":"FHA"}},{"type":"Feature","geometry":{"type":"Point","coordinates":[-86.148388,39.828788]},"properties":{"year":1965,"period":"1965","kind":"FHA"}},{"type":"Feature","geometry":{"type":"Point","coordinates":[-86.283422,39.785432]},"properties":{"year":1965,"period":"1965","kind":"FHA"}},{"type":"Feature","geometry":{"type":"Point","coordinates":[-86.255722,39.819568]},"properties":{"year":1965,"period":"1965","kind":"FHA"}},{"type":"Feature","geometry":{"type":"Point","coordinates":[-86.112996,39.649964]},"properties":{"year":1965,"period":"1965","kind":"FHA"}},{"type":"Feature","geometry":{"type":"Point","coordinates":[-86.151205,39.82595]},"properties":{"year":1965,"period":"1965","kind":"FHA"}},{"type":"Feature","geometry":{"type":"Point","coordinates":[-86.000904,39.794677]},"properties":{"year":1965,"period":"1965","kind":"FHA"}},{"type":"Feature","geometry":{"type":"Point","coordinates":[-86.160917,39.846061]},"properties":{"year":1965,"period":"1965","kind":"FHA"}},{"type":"Feature","geometry":{"type":"Point","coordinates":[-86.261426,39.760545]},"properties":{"year":1965,"period":"1965","kind":"FHA"}},{"type":"Feature","geometry":{"type":"Point","coordinates":[-86.043229,39.789341]},"properties":{"year":1965,"period":"1965","kind":"FHA"}},{"type":"Feature","geometry":{"type":"Point","coordinates":[-86.152389,39.867725]},"properties":{"year":1965,"period":"1965","kind":"FHA"}},{"type":"Feature","geometry":{"type":"Point","coordinates":[-86.124685,39.871618]},"properties":{"year":1965,"period":"1965","kind":"FHA"}},{"type":"Feature","geometry":{"type":"Point","coordinates":[-86.261961,39.759662]},"properties":{"year":1965,"period":"1965","kind":"FHA"}},{"type":"Feature","geometry":{"type":"Point","coordinates":[-86.267126,39.816888]},"properties":{"year":1965,"period":"1965","kind":"FHA"}},{"type":"Feature","geometry":{"type":"Point","coordinates":[-85.983432,39.794147]},"properties":{"year":1965,"period":"1965","kind":"FHA"}},{"type":"Feature","geometry":{"type":"Point","coordinates":[-86.011361,39.829026]},"properties":{"year":1965,"period":"1965","kind":"FHA"}},{"type":"Feature","geometry":{"type":"Point","coordinates":[-86.26038,39.759972]},"properties":{"year":1965,"period":"1965","kind":"FHA"}},{"type":"Feature","geometry":{"type":"Point","coordinates":[-86.150633,39.864969]},"properties":{"year":1965,"period":"1965","kind":"FHA"}},{"type":"Feature","geometry":{"type":"Point","coordinates":[-86.017264,39.824723]},"properties":{"year":1965,"period":"1965","kind":"FHA"}},{"type":"Feature","geometry":{"type":"Point","coordinates":[-86.068775,39.789467]},"properties":{"year":1965,"period":"1965","kind":"FHA"}},{"type":"Feature","geometry":{"type":"Point","coordinates":[-86.265895,39.811722]},"properties":{"year":1965,"period":"1965","kind":"FHA"}},{"type":"Feature","geometry":{"type":"Point","coordinates":[-86.2869575309959,39.7719785484944]},"properties":{"year":1965,"period":"1965","kind":"FHA"}},{"type":"Feature","geometry":{"type":"Point","coordinates":[-86.186747,39.896841]},"properties":{"year":1965,"period":"1965","kind":"FHA"}},{"type":"Feature","geometry":{"type":"Point","coordinates":[-86.031783,39.886218]},"properties":{"year":1965,"period":"1965","kind":"FHA"}},{"type":"Feature","geometry":{"type":"Point","coordinates":[-86.189012,39.892199]},"properties":{"year":1965,"period":"1965","kind":"FHA"}},{"type":"Feature","geometry":{"type":"Point","coordinates":[-86.137174,39.8598]},"properties":{"year":1965,"period":"1965","kind":"FHA"}},{"type":"Feature","geometry":{"type":"Point","coordinates":[-86.008642,39.793291]},"properties":{"year":1965,"period":"1965","kind":"FHA"}},{"type":"Feature","geometry":{"type":"Point","coordinates":[-86.192086,39.863579]},"properties":{"year":1965,"period":"1965","kind":"FHA"}},{"type":"Feature","geometry":{"type":"Point","coordinates":[-86.154317,39.840119]},"properties":{"year":1965,"period":"1965","kind":"FHA"}},{"type":"Feature","geometry":{"type":"Point","coordinates":[-86.093213,39.852885]},"properties":{"year":1965,"period":"1965","kind":"FHA"}},{"type":"Feature","geometry":{"type":"Point","coordinates":[-86.24604,39.80178]},"properties":{"year":1965,"period":"1965","kind":"FHA"}},{"type":"Feature","geometry":{"type":"Point","coordinates":[-86.079508,39.787006]},"properties":{"year":1965,"period":"1965","kind":"VA"}},{"type":"Feature","geometry":{"type":"Point","coordinates":[-86.283816,39.789849]},"properties":{"year":1965,"period":"1965","kind":"FHA"}},{"type":"Feature","geometry":{"type":"Point","coordinates":[-86.00906,39.802795]},"properties":{"year":1965,"period":"1965","kind":"FHA"}},{"type":"Feature","geometry":{"type":"Point","coordinates":[-86.058635,39.844248]},"properties":{"year":1965,"period":"1965","kind":"FHA"}},{"type":"Feature","geometry":{"type":"Point","coordinates":[-86.165692,39.848016]},"properties":{"year":1965,"period":"1965","kind":"FHA"}},{"type":"Feature","geometry":{"type":"Point","coordinates":[-86.006429,39.79514]},"properties":{"year":1965,"period":"1965","kind":"FHA"}},{"type":"Feature","geometry":{"type":"Point","coordinates":[-86.15907,39.846901]},"properties":{"year":1965,"period":"1965","kind":"FHA"}},{"type":"Feature","geometry":{"type":"Point","coordinates":[-86.022378,39.81957]},"properties":{"year":1965,"period":"1965","kind":"FHA"}},{"type":"Feature","geometry":{"type":"Point","coordinates":[-86.215353,39.850845]},"properties":{"year":1965,"period":"1965","kind":"VA"}},{"type":"Feature","geometry":{"type":"Point","coordinates":[-86.006839,39.805888]},"properties":{"year":1965,"period":"1965","kind":"FHA"}},{"type":"Feature","geometry":{"type":"Point","coordinates":[-86.008031,39.805761]},"properties":{"year":1965,"period":"1965","kind":"FHA"}},{"type":"Feature","geometry":{"type":"Point","coordinates":[-86.029598,39.879464]},"properties":{"year":1965,"period":"1965","kind":"FHA"}},{"type":"Feature","geometry":{"type":"Point","coordinates":[-86.289692,39.772576]},"properties":{"year":1965,"period":"1965","kind":"FHA"}},{"type":"Feature","geometry":{"type":"Point","coordinates":[-86.006321,39.806823]},"properties":{"year":1965,"period":"1965","kind":"FHA"}},{"type":"Feature","geometry":{"type":"Point","coordinates":[-86.270901,39.810898]},"properties":{"year":1965,"period":"1965","kind":"FHA"}},{"type":"Feature","geometry":{"type":"Point","coordinates":[-86.0297036905206,39.7846369089745]},"properties":{"year":1965,"period":"1965","kind":"FHA"}},{"type":"Feature","geometry":{"type":"Point","coordinates":[-86.192108,39.863307]},"properties":{"year":1965,"period":"1965","kind":"FHA"}},{"type":"Feature","geometry":{"type":"Point","coordinates":[-86.008068,39.793295]},"properties":{"year":1965,"period":"1965","kind":"FHA"}},{"type":"Feature","geometry":{"type":"Point","coordinates":[-86.094374,39.87094]},"properties":{"year":1965,"period":"1965","kind":"FHA"}},{"type":"Feature","geometry":{"type":"Point","coordinates":[-86.184823,39.880132]},"properties":{"year":1965,"period":"1965","kind":"FHA"}},{"type":"Feature","geometry":{"type":"Point","coordinates":[-86.184329,39.894552]},"properties":{"year":1965,"period":"1965","kind":"FHA"}},{"type":"Feature","geometry":{"type":"Point","coordinates":[-86.06816,39.87506]},"properties":{"year":1965,"period":"1965","kind":"FHA"}},{"type":"Feature","geometry":{"type":"Point","coordinates":[-86.272187,39.809336]},"properties":{"year":1965,"period":"1965","kind":"FHA"}},{"type":"Feature","geometry":{"type":"Point","coordinates":[-86.153021,39.861874]},"properties":{"year":1965,"period":"1965","kind":"FHA"}},{"type":"Feature","geometry":{"type":"Point","coordinates":[-86.27839,39.779016]},"properties":{"year":1965,"period":"1965","kind":"FHA"}},{"type":"Feature","geometry":{"type":"Point","coordinates":[-86.056902,39.852573]},"properties":{"year":1965,"period":"1965","kind":"FHA"}},{"type":"Feature","geometry":{"type":"Point","coordinates":[-86.021693,39.786959]},"properties":{"year":1965,"period":"1965","kind":"FHA"}},{"type":"Feature","geometry":{"type":"Point","coordinates":[-86.091128,39.85145]},"properties":{"year":1965,"period":"1965","kind":"VA"}},{"type":"Feature","geometry":{"type":"Point","coordinates":[-86.060177,39.854627]},"properties":{"year":1965,"period":"1965","kind":"FHA"}},{"type":"Feature","geometry":{"type":"Point","coordinates":[-86.078044,39.846788]},"properties":{"year":1965,"period":"1965","kind":"FHA"}},{"type":"Feature","geometry":{"type":"Point","coordinates":[-86.125521,39.821128]},"properties":{"year":1965,"period":"1965","kind":"VA"}},{"type":"Feature","geometry":{"type":"Point","coordinates":[-86.01186,39.791091]},"properties":{"year":1965,"period":"1965","kind":"FHA"}},{"type":"Feature","geometry":{"type":"Point","coordinates":[-86.208243,39.790945]},"properties":{"year":1965,"period":"1965","kind":"FHA"}},{"type":"Feature","geometry":{"type":"Point","coordinates":[-86.13317,39.677555]},"properties":{"year":1970,"period":"1970","kind":"FHA"}},{"type":"Feature","geometry":{"type":"Point","coordinates":[-85.962151,39.875901]},"properties":{"year":1970,"period":"1970","kind":"VA"}},{"type":"Feature","geometry":{"type":"Point","coordinates":[-86.221982,39.783144]},"properties":{"year":1970,"period":"1970","kind":"FHA"}},{"type":"Feature","geometry":{"type":"Point","coordinates":[-86.088428,39.796468]},"properties":{"year":1970,"period":"1970","kind":"FHA"}},{"type":"Feature","geometry":{"type":"Point","coordinates":[-86.097412,39.833903]},"properties":{"year":1970,"period":"1970","kind":"FHA"}},{"type":"Feature","geometry":{"type":"Point","coordinates":[-86.280715,39.812542]},"properties":{"year":1970,"period":"1970","kind":"FHA"}},{"type":"Feature","geometry":{"type":"Point","coordinates":[-86.194653,39.778126]},"properties":{"year":1970,"period":"1970","kind":"FHA"}},{"type":"Feature","geometry":{"type":"Point","coordinates":[-86.274243,39.809824]},"properties":{"year":1970,"period":"1970","kind":"FHA"}},{"type":"Feature","geometry":{"type":"Point","coordinates":[-86.155805,39.863067]},"properties":{"year":1970,"period":"1970","kind":"FHA"}},{"type":"Feature","geometry":{"type":"Point","coordinates":[-86.26771,39.833686]},"properties":{"year":1970,"period":"1970","kind":"FHA"}},{"type":"Feature","geometry":{"type":"Point","coordinates":[-86.069817,39.747572]},"properties":{"year":1970,"period":"1970","kind":"FHA"}},{"type":"Feature","geometry":{"type":"Point","coordinates":[-86.069817,39.747572]},"properties":{"year":1970,"period":"1970","kind":"FHA"}},{"type":"Feature","geometry":{"type":"Point","coordinates":[-86.061683,39.835985]},"properties":{"year":1970,"period":"1970","kind":"FHA"}},{"type":"Feature","geometry":{"type":"Point","coordinates":[-86.092068,39.741026]},"properties":{"year":1970,"period":"1970","kind":"FHA"}},{"type":"Feature","geometry":{"type":"Point","coordinates":[-86.091511,39.741189]},"properties":{"year":1970,"period":"1970","kind":"FHA"}},{"type":"Feature","geometry":{"type":"Point","coordinates":[-86.100246,39.864523]},"properties":{"year":1970,"period":"1970","kind":"FHA"}},{"type":"Feature","geometry":{"type":"Point","coordinates":[-86.281376,39.779701]},"properties":{"year":1970,"period":"1970","kind":"FHA"}},{"type":"Feature","geometry":{"type":"Point","coordinates":[-86.128063,39.875752]},"properties":{"year":1970,"period":"1970","kind":"FHA"}},{"type":"Feature","geometry":{"type":"Point","coordinates":[-86.156381,39.787373]},"properties":{"year":1970,"period":"1970","kind":"FHA"}},{"type":"Feature","geometry":{"type":"Point","coordinates":[-86.279823,39.781559]},"properties":{"year":1970,"period":"1970","kind":"FHA"}},{"type":"Feature","geometry":{"type":"Point","coordinates":[-86.13317,39.677555]},"properties":{"year":1970,"period":"1970","kind":"FHA"}},{"type":"Feature","geometry":{"type":"Point","coordinates":[-86.089574,39.827496]},"properties":{"year":1970,"period":"1970","kind":"FHA"}},{"type":"Feature","geometry":{"type":"Point","coordinates":[-86.074842,39.832778]},"properties":{"year":1970,"period":"1970","kind":"FHA"}},{"type":"Feature","geometry":{"type":"Point","coordinates":[-86.078807,39.819833]},"properties":{"year":1970,"period":"1970","kind":"FHA"}},{"type":"Feature","geometry":{"type":"Point","coordinates":[-86.148734,39.836735]},"properties":{"year":1970,"period":"1970","kind":"FHA"}},{"type":"Feature","geometry":{"type":"Point","coordinates":[-86.263214,39.827954]},"properties":{"year":1970,"period":"1970","kind":"FHA"}},{"type":"Feature","geometry":{"type":"Point","coordinates":[-86.090828,39.740775]},"properties":{"year":1970,"period":"1970","kind":"FHA"}},{"type":"Feature","geometry":{"type":"Point","coordinates":[-86.247401,39.69753]},"properties":{"year":1970,"period":"1970","kind":"FHA"}},{"type":"Feature","geometry":{"type":"Point","coordinates":[-86.083993,39.820039]},"properties":{"year":1970,"period":"1970","kind":"FHA"}},{"type":"Feature","geometry":{"type":"Point","coordinates":[-86.091267,39.741137]},"properties":{"year":1970,"period":"1970","kind":"FHA"}},{"type":"Feature","geometry":{"type":"Point","coordinates":[-86.2423,39.715155]},"properties":{"year":1970,"period":"1970","kind":"FHA"}},{"type":"Feature","geometry":{"type":"Point","coordinates":[-86.09885,39.770978]},"properties":{"year":1970,"period":"1970","kind":"FHA"}},{"type":"Feature","geometry":{"type":"Point","coordinates":[-86.062215,39.831091]},"properties":{"year":1970,"period":"1970","kind":"FHA"}},{"type":"Feature","geometry":{"type":"Point","coordinates":[-86.108636,39.81409]},"properties":{"year":1970,"period":"1970","kind":"FHA"}},{"type":"Feature","geometry":{"type":"Point","coordinates":[-86.076254,39.815943]},"properties":{"year":1970,"period":"1970","kind":"FHA"}},{"type":"Feature","geometry":{"type":"Point","coordinates":[-86.108636,39.81409]},"properties":{"year":1970,"period":"1970","kind":"FHA"}},{"type":"Feature","geometry":{"type":"Point","coordinates":[-86.095815,39.812912]},"properties":{"year":1970,"period":"1970","kind":"FHA"}},{"type":"Feature","geometry":{"type":"Point","coordinates":[-86.229068,39.761235]},"properties":{"year":1970,"period":"1970","kind":"FHA"}},{"type":"Feature","geometry":{"type":"Point","coordinates":[-86.129877,39.726246]},"properties":{"year":1970,"period":"1970","kind":"FHA"}},{"type":"Feature","geometry":{"type":"Point","coordinates":[-86.129877,39.726246]},"properties":{"year":1970,"period":"1970","kind":"FHA"}},{"type":"Feature","geometry":{"type":"Point","coordinates":[-86.122115,39.773384]},"properties":{"year":1970,"period":"1970","kind":"FHA"}},{"type":"Feature","geometry":{"type":"Point","coordinates":[-86.026466,39.823169]},"properties":{"year":1970,"period":"1970","kind":"FHA"}},{"type":"Feature","geometry":{"type":"Point","coordinates":[-86.107949,39.836057]},"properties":{"year":1970,"period":"1970","kind":"FHA"}},{"type":"Feature","geometry":{"type":"Point","coordinates":[-86.038386,39.844641]},"properties":{"year":1970,"period":"1970","kind":"FHA"}},{"type":"Feature","geometry":{"type":"Point","coordinates":[-86.235504,39.753027]},"properties":{"year":1970,"period":"1970","kind":"FHA"}},{"type":"Feature","geometry":{"type":"Point","coordinates":[-86.091881,39.724318]},"properties":{"year":1970,"period":"1970","kind":"FHA"}},{"type":"Feature","geometry":{"type":"Point","coordinates":[-86.131813,39.725016]},"properties":{"year":1970,"period":"1970","kind":"FHA"}},{"type":"Feature","geometry":{"type":"Point","coordinates":[-86.207339,39.778997]},"properties":{"year":1970,"period":"1970","kind":"FHA"}},{"type":"Feature","geometry":{"type":"Point","coordinates":[-86.144393,39.842656]},"properties":{"year":1970,"period":"1970","kind":"FHA"}},{"type":"Feature","geometry":{"type":"Point","coordinates":[-86.196472,39.873054]},"properties":{"year":1970,"period":"1970","kind":"FHA"}},{"type":"Feature","geometry":{"type":"Point","coordinates":[-86.261499,39.827468]},"properties":{"year":1970,"period":"1970","kind":"FHA"}},{"type":"Feature","geometry":{"type":"Point","coordinates":[-85.994214,39.8325]},"properties":{"year":1970,"period":"1970","kind":"FHA"}},{"type":"Feature","geometry":{"type":"Point","coordinates":[-86.153511,39.812295]},"properties":{"year":1970,"period":"1970","kind":"FHA"}},{"type":"Feature","geometry":{"type":"Point","coordinates":[-86.106227,39.818406]},"properties":{"year":1970,"period":"1970","kind":"FHA"}},{"type":"Feature","geometry":{"type":"Point","coordinates":[-86.185328,39.792984]},"properties":{"year":1970,"period":"1970","kind":"FHA"}},{"type":"Feature","geometry":{"type":"Point","coordinates":[-86.210451,39.785397]},"properties":{"year":1970,"period":"1970","kind":"FHA"}},{"type":"Feature","geometry":{"type":"Point","coordinates":[-86.145021,39.867291]},"properties":{"year":1970,"period":"1970","kind":"FHA"}},{"type":"Feature","geometry":{"type":"Point","coordinates":[-86.150096,39.828003]},"properties":{"year":1970,"period":"1970","kind":"FHA"}},{"type":"Feature","geometry":{"type":"Point","coordinates":[-86.128578,39.890994]},"properties":{"year":1970,"period":"1970","kind":"FHA"}},{"type":"Feature","geometry":{"type":"Point","coordinates":[-86.081593,39.77608]},"properties":{"year":1970,"period":"1970","kind":"FHA"}},{"type":"Feature","geometry":{"type":"Point","coordinates":[-86.129815,39.715048]},"properties":{"year":1970,"period":"1970","kind":"FHA"}},{"type":"Feature","geometry":{"type":"Point","coordinates":[-86.151761,39.811914]},"properties":{"year":1970,"period":"1970","kind":"FHA"}},{"type":"Feature","geometry":{"type":"Point","coordinates":[-86.146029,39.827014]},"properties":{"year":1970,"period":"1970","kind":"FHA"}},{"type":"Feature","geometry":{"type":"Point","coordinates":[-86.087403,39.814899]},"properties":{"year":1970,"period":"1970","kind":"FHA"}},{"type":"Feature","geometry":{"type":"Point","coordinates":[-86.154207,39.827179]},"properties":{"year":1970,"period":"1970","kind":"FHA"}},{"type":"Feature","geometry":{"type":"Point","coordinates":[-86.060981,39.76383]},"properties":{"year":1970,"period":"1970","kind":"FHA"}},{"type":"Feature","geometry":{"type":"Point","coordinates":[-86.109201,39.816789]},"properties":{"year":1970,"period":"1970","kind":"FHA"}},{"type":"Feature","geometry":{"type":"Point","coordinates":[-86.005871,39.822528]},"properties":{"year":1970,"period":"1970","kind":"FHA"}},{"type":"Feature","geometry":{"type":"Point","coordinates":[-86.262361,39.826972]},"properties":{"year":1970,"period":"1970","kind":"FHA"}},{"type":"Feature","geometry":{"type":"Point","coordinates":[-86.126038,39.804481]},"properties":{"year":1970,"period":"1970","kind":"FHA"}},{"type":"Feature","geometry":{"type":"Point","coordinates":[-86.090891,39.817523]},"properties":{"year":1970,"period":"1970","kind":"FHA"}},{"type":"Feature","geometry":{"type":"Point","coordinates":[-86.101732,39.811454]},"properties":{"year":1970,"period":"1970","kind":"FHA"}},{"type":"Feature","geometry":{"type":"Point","coordinates":[-86.071121,39.763832]},"properties":{"year":1970,"period":"1970","kind":"FHA"}},{"type":"Feature","geometry":{"type":"Point","coordinates":[-86.214633,39.800408]},"properties":{"year":1970,"period":"1970","kind":"FHA"}},{"type":"Feature","geometry":{"type":"Point","coordinates":[-86.195261,39.752738]},"properties":{"year":1970,"period":"1970","kind":"FHA"}},{"type":"Feature","geometry":{"type":"Point","coordinates":[-86.212104,39.78351]},"properties":{"year":1970,"period":"1970","kind":"FHA"}},{"type":"Feature","geometry":{"type":"Point","coordinates":[-86.143988,39.834125]},"properties":{"year":1970,"period":"1970","kind":"VA"}},{"type":"Feature","geometry":{"type":"Point","coordinates":[-86.082447,39.829696]},"properties":{"year":1970,"period":"1970","kind":"FHA"}},{"type":"Feature","geometry":{"type":"Point","coordinates":[-86.151115,39.816231]},"properties":{"year":1970,"period":"1970","kind":"FHA"}},{"type":"Feature","geometry":{"type":"Point","coordinates":[-86.084343,39.773971]},"properties":{"year":1970,"period":"1970","kind":"FHA"}},{"type":"Feature","geometry":{"type":"Point","coordinates":[-86.107978,39.803557]},"properties":{"year":1970,"period":"1970","kind":"FHA"}},{"type":"Feature","geometry":{"type":"Point","coordinates":[-86.114686,39.793924]},"properties":{"year":1970,"period":"1970","kind":"FHA"}},{"type":"Feature","geometry":{"type":"Point","coordinates":[-86.141311,39.817542]},"properties":{"year":1970,"period":"1970","kind":"FHA"}},{"type":"Feature","geometry":{"type":"Point","coordinates":[-86.13325,39.771087]},"properties":{"year":1970,"period":"1970","kind":"FHA"}},{"type":"Feature","geometry":{"type":"Point","coordinates":[-86.205498,39.785479]},"properties":{"year":1970,"period":"1970","kind":"FHA"}},{"type":"Feature","geometry":{"type":"Point","coordinates":[-86.13209,39.733316]},"properties":{"year":1970,"period":"1970","kind":"FHA"}},{"type":"Feature","geometry":{"type":"Point","coordinates":[-86.127496,39.750047]},"properties":{"year":1970,"period":"1970","kind":"FHA"}},{"type":"Feature","geometry":{"type":"Point","coordinates":[-86.064389,39.769845]},"properties":{"year":1970,"period":"1970","kind":"FHA"}},{"type":"Feature","geometry":{"type":"Point","coordinates":[-86.162227,39.757647]},"properties":{"year":1970,"period":"1970","kind":"FHA"}},{"type":"Feature","geometry":{"type":"Point","coordinates":[-86.224989,39.786407]},"properties":{"year":1970,"period":"1970","kind":"FHA"}},{"type":"Feature","geometry":{"type":"Point","coordinates":[-86.130198,39.757731]},"properties":{"year":1970,"period":"1970","kind":"FHA"}},{"type":"Feature","geometry":{"type":"Point","coordinates":[-86.119114,39.811044]},"properties":{"year":1970,"period":"1970","kind":"FHA"}},{"type":"Feature","geometry":{"type":"Point","coordinates":[-86.210597,39.844014]},"properties":{"year":1970,"period":"1970","kind":"FHA"}},{"type":"Feature","geometry":{"type":"Point","coordinates":[-86.02056,39.840404]},"properties":{"year":1970,"period":"1970","kind":"FHA"}},{"type":"Feature","geometry":{"type":"Point","coordinates":[-86.155226,39.79548]},"properties":{"year":1970,"period":"1970","kind":"FHA"}},{"type":"Feature","geometry":{"type":"Point","coordinates":[-86.240121,39.760663]},"properties":{"year":1970,"period":"1970","kind":"FHA"}},{"type":"Feature","geometry":{"type":"Point","coordinates":[-86.130812,39.773194]},"properties":{"year":1970,"period":"1970","kind":"FHA"}},{"type":"Feature","geometry":{"type":"Point","coordinates":[-86.116633,39.654253]},"properties":{"year":1970,"period":"1970","kind":"FHA"}},{"type":"Feature","geometry":{"type":"Point","coordinates":[-86.150044,39.662012]},"properties":{"year":1970,"period":"1970","kind":"FHA"}},{"type":"Feature","geometry":{"type":"Point","coordinates":[-86.058786,39.846459]},"properties":{"year":1970,"period":"1970","kind":"FHA"}},{"type":"Feature","geometry":{"type":"Point","coordinates":[-86.156689,39.787137]},"properties":{"year":1970,"period":"1970","kind":"FHA"}},{"type":"Feature","geometry":{"type":"Point","coordinates":[-86.092127,39.830343]},"properties":{"year":1970,"period":"1970","kind":"FHA"}},{"type":"Feature","geometry":{"type":"Point","coordinates":[-86.16835,39.806654]},"properties":{"year":1970,"period":"1970","kind":"FHA"}},{"type":"Feature","geometry":{"type":"Point","coordinates":[-86.311979,39.665021]},"properties":{"year":1970,"period":"1970","kind":"FHA"}},{"type":"Feature","geometry":{"type":"Point","coordinates":[-86.127413,39.782879]},"properties":{"year":1970,"period":"1970","kind":"VA"}},{"type":"Feature","geometry":{"type":"Point","coordinates":[-86.273923,39.781985]},"properties":{"year":1970,"period":"1970","kind":"FHA"}},{"type":"Feature","geometry":{"type":"Point","coordinates":[-86.074022,39.779472]},"properties":{"year":1970,"period":"1970","kind":"FHA"}},{"type":"Feature","geometry":{"type":"Point","coordinates":[-86.188257,39.884015]},"properties":{"year":1970,"period":"1970","kind":"FHA"}},{"type":"Feature","geometry":{"type":"Point","coordinates":[-86.152,39.843658]},"properties":{"year":1970,"period":"1970","kind":"FHA"}},{"type":"Feature","geometry":{"type":"Point","coordinates":[-86.090215,39.741337]},"properties":{"year":1970,"period":"1970","kind":"FHA"}},{"type":"Feature","geometry":{"type":"Point","coordinates":[-86.271326,39.786494]},"properties":{"year":1970,"period":"1970","kind":"FHA"}},{"type":"Feature","geometry":{"type":"Point","coordinates":[-86.204413,39.787397]},"properties":{"year":1970,"period":"1970","kind":"FHA"}},{"type":"Feature","geometry":{"type":"Point","coordinates":[-86.115533,39.790994]},"properties":{"year":1970,"period":"1970","kind":"FHA"}},{"type":"Feature","geometry":{"type":"Point","coordinates":[-86.231987,39.72687]},"properties":{"year":1970,"period":"1970","kind":"FHA"}},{"type":"Feature","geometry":{"type":"Point","coordinates":[-86.007805,39.791213]},"properties":{"year":1970,"period":"1970","kind":"FHA"}},{"type":"Feature","geometry":{"type":"Point","coordinates":[-86.066484,39.763939]},"properties":{"year":1970,"period":"1970","kind":"FHA"}},{"type":"Feature","geometry":{"type":"Point","coordinates":[-86.04166,39.782164]},"properties":{"year":1970,"period":"1970","kind":"FHA"}},{"type":"Feature","geometry":{"type":"Point","coordinates":[-86.145266,39.811481]},"properties":{"year":1970,"period":"1970","kind":"FHA"}},{"type":"Feature","geometry":{"type":"Point","coordinates":[-86.130356,39.686583]},"properties":{"year":1970,"period":"1970","kind":"FHA"}},{"type":"Feature","geometry":{"type":"Point","coordinates":[-86.087297,39.748584]},"properties":{"year":1970,"period":"1970","kind":"FHA"}},{"type":"Feature","geometry":{"type":"Point","coordinates":[-86.207427,39.802074]},"properties":{"year":1970,"period":"1970","kind":"FHA"}},{"type":"Feature","geometry":{"type":"Point","coordinates":[-86.1255,39.726098]},"properties":{"year":1970,"period":"1970","kind":"VA"}},{"type":"Feature","geometry":{"type":"Point","coordinates":[-86.275885,39.786359]},"properties":{"year":1970,"period":"1970","kind":"FHA"}},{"type":"Feature","geometry":{"type":"Point","coordinates":[-86.120782,39.879791]},"properties":{"year":1970,"period":"1970","kind":"FHA"}},{"type":"Feature","geometry":{"type":"Point","coordinates":[-86.104413,39.710037]},"properties":{"year":1970,"period":"1970","kind":"FHA"}},{"type":"Feature","geometry":{"type":"Point","coordinates":[-86.146492,39.78622]},"properties":{"year":1970,"period":"1970","kind":"FHA"}},{"type":"Feature","geometry":{"type":"Point","coordinates":[-86.19984,39.770038]},"properties":{"year":1970,"period":"1970","kind":"FHA"}},{"type":"Feature","geometry":{"type":"Point","coordinates":[-86.193202,39.837516]},"properties":{"year":1970,"period":"1970","kind":"FHA"}},{"type":"Feature","geometry":{"type":"Point","coordinates":[-86.229949,39.75528]},"properties":{"year":1970,"period":"1970","kind":"FHA"}},{"type":"Feature","geometry":{"type":"Point","coordinates":[-86.143965,39.830302]},"properties":{"year":1970,"period":"1970","kind":"FHA"}},{"type":"Feature","geometry":{"type":"Point","coordinates":[-86.105314,39.805672]},"properties":{"year":1970,"period":"1970","kind":"FHA"}},{"type":"Feature","geometry":{"type":"Point","coordinates":[-86.126173,39.709943]},"properties":{"year":1970,"period":"1970","kind":"FHA"}},{"type":"Feature","geometry":{"type":"Point","coordinates":[-86.147698,39.828079]},"properties":{"year":1970,"period":"1970","kind":"FHA"}},{"type":"Feature","geometry":{"type":"Point","coordinates":[-86.001754,39.822494]},"properties":{"year":1970,"period":"1970","kind":"FHA"}},{"type":"Feature","geometry":{"type":"Point","coordinates":[-86.089533,39.724993]},"properties":{"year":1970,"period":"1970","kind":"FHA"}},{"type":"Feature","geometry":{"type":"Point","coordinates":[-86.161471,39.842258]},"properties":{"year":1970,"period":"1970","kind":"FHA"}},{"type":"Feature","geometry":{"type":"Point","coordinates":[-86.021654,39.777504]},"properties":{"year":1970,"period":"1970","kind":"FHA"}},{"type":"Feature","geometry":{"type":"Point","coordinates":[-86.122889,39.68527]},"properties":{"year":1970,"period":"1970","kind":"FHA"}},{"type":"Feature","geometry":{"type":"Point","coordinates":[-86.122889,39.68527]},"properties":{"year":1970,"period":"1970","kind":"FHA"}},{"type":"Feature","geometry":{"type":"Point","coordinates":[-86.194169,39.874395]},"properties":{"year":1970,"period":"1970","kind":"FHA"}},{"type":"Feature","geometry":{"type":"Point","coordinates":[-86.258144,39.745892]},"properties":{"year":1970,"period":"1970","kind":"FHA"}},{"type":"Feature","geometry":{"type":"Point","coordinates":[-86.13474,39.851687]},"properties":{"year":1970,"period":"1970","kind":"FHA"}},{"type":"Feature","geometry":{"type":"Point","coordinates":[-86.204445,39.78051]},"properties":{"year":1970,"period":"1970","kind":"FHA"}},{"type":"Feature","geometry":{"type":"Point","coordinates":[-86.096372,39.813245]},"properties":{"year":1970,"period":"1970","kind":"FHA"}},{"type":"Feature","geometry":{"type":"Point","coordinates":[-86.193548,39.765452]},"properties":{"year":1970,"period":"1970","kind":"FHA"}},{"type":"Feature","geometry":{"type":"Point","coordinates":[-86.066455,39.831317]},"properties":{"year":1970,"period":"1970","kind":"FHA"}},{"type":"Feature","geometry":{"type":"Point","coordinates":[-86.141963,39.832153]},"properties":{"year":1970,"period":"1970","kind":"FHA"}},{"type":"Feature","geometry":{"type":"Point","coordinates":[-86.146236,39.854349]},"properties":{"year":1970,"period":"1970","kind":"FHA"}},{"type":"Feature","geometry":{"type":"Point","coordinates":[-86.218331,39.791599]},"properties":{"year":1970,"period":"1970","kind":"FHA"}},{"type":"Feature","geometry":{"type":"Point","coordinates":[-86.218325,39.791709]},"properties":{"year":1970,"period":"1970","kind":"FHA"}},{"type":"Feature","geometry":{"type":"Point","coordinates":[-86.113698,39.857278]},"properties":{"year":1970,"period":"1970","kind":"FHA"}},{"type":"Feature","geometry":{"type":"Point","coordinates":[-86.074024,39.828817]},"properties":{"year":1970,"period":"1970","kind":"FHA"}},{"type":"Feature","geometry":{"type":"Point","coordinates":[-86.167244,39.825807]},"properties":{"year":1970,"period":"1970","kind":"FHA"}},{"type":"Feature","geometry":{"type":"Point","coordinates":[-86.03928,39.847082]},"properties":{"year":1970,"period":"1970","kind":"FHA"}},{"type":"Feature","geometry":{"type":"Point","coordinates":[-86.166749,39.842027]},"properties":{"year":1970,"period":"1970","kind":"FHA"}},{"type":"Feature","geometry":{"type":"Point","coordinates":[-86.215992,39.781932]},"properties":{"year":1970,"period":"1970","kind":"FHA"}},{"type":"Feature","geometry":{"type":"Point","coordinates":[-86.117417,39.73199]},"properties":{"year":1970,"period":"1970","kind":"FHA"}},{"type":"Feature","geometry":{"type":"Point","coordinates":[-86.260324,39.747801]},"properties":{"year":1970,"period":"1970","kind":"FHA"}},{"type":"Feature","geometry":{"type":"Point","coordinates":[-86.22222,39.716524]},"properties":{"year":1970,"period":"1970","kind":"FHA"}},{"type":"Feature","geometry":{"type":"Point","coordinates":[-86.219691,39.779078]},"properties":{"year":1970,"period":"1970","kind":"FHA"}},{"type":"Feature","geometry":{"type":"Point","coordinates":[-86.090881,39.69853]},"properties":{"year":1970,"period":"1970","kind":"FHA"}},{"type":"Feature","geometry":{"type":"Point","coordinates":[-86.253681,39.76032]},"properties":{"year":1970,"period":"1970","kind":"FHA"}},{"type":"Feature","geometry":{"type":"Point","coordinates":[-86.246601,39.697004]},"properties":{"year":1970,"period":"1970","kind":"FHA"}},{"type":"Feature","geometry":{"type":"Point","coordinates":[-86.210577,39.89755]},"properties":{"year":1970,"period":"1970","kind":"FHA"}},{"type":"Feature","geometry":{"type":"Point","coordinates":[-86.218132,39.794043]},"properties":{"year":1970,"period":"1970","kind":"FHA"}},{"type":"Feature","geometry":{"type":"Point","coordinates":[-86.21446,39.774003]},"properties":{"year":1970,"period":"1970","kind":"FHA"}},{"type":"Feature","geometry":{"type":"Point","coordinates":[-86.089286,39.823385]},"properties":{"year":1970,"period":"1970","kind":"FHA"}},{"type":"Feature","geometry":{"type":"Point","coordinates":[-86.065206,39.829695]},"properties":{"year":1970,"period":"1970","kind":"FHA"}},{"type":"Feature","geometry":{"type":"Point","coordinates":[-86.206766,39.778768]},"properties":{"year":1970,"period":"1970","kind":"FHA"}},{"type":"Feature","geometry":{"type":"Point","coordinates":[-86.236125,39.726302]},"properties":{"year":1970,"period":"1970","kind":"FHA"}},{"type":"Feature","geometry":{"type":"Point","coordinates":[-86.124828,39.880073]},"properties":{"year":1970,"period":"1970","kind":"FHA"}},{"type":"Feature","geometry":{"type":"Point","coordinates":[-86.282099,39.782258]},"properties":{"year":1970,"period":"1970","kind":"FHA"}},{"type":"Feature","geometry":{"type":"Point","coordinates":[-86.198045,39.766823]},"properties":{"year":1970,"period":"1970","kind":"FHA"}},{"type":"Feature","geometry":{"type":"Point","coordinates":[-86.13209,39.733316]},"properties":{"year":1970,"period":"1970","kind":"FHA"}},{"type":"Feature","geometry":{"type":"Point","coordinates":[-86.14314,39.832516]},"properties":{"year":1970,"period":"1970","kind":"FHA"}},{"type":"Feature","geometry":{"type":"Point","coordinates":[-86.170316,39.834538]},"properties":{"year":1970,"period":"1970","kind":"FHA"}},{"type":"Feature","geometry":{"type":"Point","coordinates":[-86.052198,39.842226]},"properties":{"year":1970,"period":"1970","kind":"FHA"}},{"type":"Feature","geometry":{"type":"Point","coordinates":[-86.2840596270884,39.7395965475841]},"properties":{"year":1970,"period":"1970","kind":"FHA"}},{"type":"Feature","geometry":{"type":"Point","coordinates":[-85.990017,39.79954]},"properties":{"year":1970,"period":"1970","kind":"FHA"}},{"type":"Feature","geometry":{"type":"Point","coordinates":[-86.252389,39.816512]},"properties":{"year":1970,"period":"1970","kind":"FHA"}},{"type":"Feature","geometry":{"type":"Point","coordinates":[-86.128584,39.79107]},"properties":{"year":1970,"period":"1970","kind":"FHA"}},{"type":"Feature","geometry":{"type":"Point","coordinates":[-86.131161,39.725535]},"properties":{"year":1970,"period":"1970","kind":"FHA"}},{"type":"Feature","geometry":{"type":"Point","coordinates":[-85.989387,39.799531]},"properties":{"year":1970,"period":"1970","kind":"FHA"}},{"type":"Feature","geometry":{"type":"Point","coordinates":[-86.076277,39.815665]},"properties":{"year":1970,"period":"1970","kind":"FHA"}},{"type":"Feature","geometry":{"type":"Point","coordinates":[-86.132392,39.724382]},"properties":{"year":1970,"period":"1970","kind":"FHA"}},{"type":"Feature","geometry":{"type":"Point","coordinates":[-86.132392,39.724382]},"properties":{"year":1970,"period":"1970","kind":"FHA"}},{"type":"Feature","geometry":{"type":"Point","coordinates":[-86.303367,39.738536]},"properties":{"year":1970,"period":"1970","kind":"FHA"}},{"type":"Feature","geometry":{"type":"Point","coordinates":[-86.054574,39.790684]},"properties":{"year":1970,"period":"1970","kind":"FHA"}},{"type":"Feature","geometry":{"type":"Point","coordinates":[-86.112791,39.647471]},"properties":{"year":1970,"period":"1970","kind":"FHA"}},{"type":"Feature","geometry":{"type":"Point","coordinates":[-86.071974,39.828839]},"properties":{"year":1970,"period":"1970","kind":"FHA"}},{"type":"Feature","geometry":{"type":"Point","coordinates":[-86.206738,39.751434]},"properties":{"year":1970,"period":"1970","kind":"FHA"}},{"type":"Feature","geometry":{"type":"Point","coordinates":[-86.02799,39.800466]},"properties":{"year":1970,"period":"1970","kind":"FHA"}},{"type":"Feature","geometry":{"type":"Point","coordinates":[-85.9972,39.822802]},"properties":{"year":1970,"period":"1970","kind":"FHA"}},{"type":"Feature","geometry":{"type":"Point","coordinates":[-86.119155,39.662383]},"properties":{"year":1970,"period":"1970","kind":"FHA"}},{"type":"Feature","geometry":{"type":"Point","coordinates":[-86.246398,39.780277]},"properties":{"year":1970,"period":"1970","kind":"FHA"}},{"type":"Feature","geometry":{"type":"Point","coordinates":[-86.164619,39.834588]},"properties":{"year":1970,"period":"1970","kind":"FHA"}},{"type":"Feature","geometry":{"type":"Point","coordinates":[-86.202141,39.874215]},"properties":{"year":1970,"period":"1970","kind":"FHA"}},{"type":"Feature","geometry":{"type":"Point","coordinates":[-85.989911,39.799596]},"properties":{"year":1970,"period":"1970","kind":"FHA"}},{"type":"Feature","geometry":{"type":"Point","coordinates":[-86.084745,39.821125]},"properties":{"year":1970,"period":"1970","kind":"FHA"}},{"type":"Feature","geometry":{"type":"Point","coordinates":[-86.136466,39.718945]},"properties":{"year":1970,"period":"1970","kind":"FHA"}},{"type":"Feature","geometry":{"type":"Point","coordinates":[-86.14314,39.832516]},"properties":{"year":1970,"period":"1970","kind":"FHA"}},{"type":"Feature","geometry":{"type":"Point","coordinates":[-86.146036,39.827269]},"properties":{"year":1970,"period":"1970","kind":"FHA"}},{"type":"Feature","geometry":{"type":"Point","coordinates":[-86.099625,39.809048]},"properties":{"year":1970,"period":"1970","kind":"FHA"}},{"type":"Feature","geometry":{"type":"Point","coordinates":[-86.033461,39.843438]},"properties":{"year":1970,"period":"1970","kind":"FHA"}},{"type":"Feature","geometry":{"type":"Point","coordinates":[-86.14952,39.82624]},"properties":{"year":1970,"period":"1970","kind":"FHA"}},{"type":"Feature","geometry":{"type":"Point","coordinates":[-86.085522,39.768214]},"properties":{"year":1970,"period":"1970","kind":"FHA"}},{"type":"Feature","geometry":{"type":"Point","coordinates":[-86.129876,39.774883]},"properties":{"year":1970,"period":"1970","kind":"FHA"}},{"type":"Feature","geometry":{"type":"Point","coordinates":[-86.319308,39.809596]},"properties":{"year":1970,"period":"1970","kind":"FHA"}},{"type":"Feature","geometry":{"type":"Point","coordinates":[-86.319308,39.809596]},"properties":{"year":1970,"period":"1970","kind":"FHA"}},{"type":"Feature","geometry":{"type":"Point","coordinates":[-86.316524,39.733456]},"properties":{"year":1970,"period":"1970","kind":"FHA"}},{"type":"Feature","geometry":{"type":"Point","coordinates":[-86.091737,39.812827]},"properties":{"year":1970,"period":"1970","kind":"FHA"}},{"type":"Feature","geometry":{"type":"Point","coordinates":[-86.155113,39.839017]},"properties":{"year":1970,"period":"1970","kind":"FHA"}},{"type":"Feature","geometry":{"type":"Point","coordinates":[-86.127775,39.803647]},"properties":{"year":1970,"period":"1970","kind":"FHA"}},{"type":"Feature","geometry":{"type":"Point","coordinates":[-86.247775,39.809772]},"properties":{"year":1970,"period":"1970","kind":"FHA"}},{"type":"Feature","geometry":{"type":"Point","coordinates":[-86.122204,39.760594]},"properties":{"year":1970,"period":"1970","kind":"FHA"}},{"type":"Feature","geometry":{"type":"Point","coordinates":[-86.134575,39.802347]},"properties":{"year":1970,"period":"1970","kind":"FHA"}},{"type":"Feature","geometry":{"type":"Point","coordinates":[-86.142684,39.845481]},"properties":{"year":1970,"period":"1970","kind":"FHA"}},{"type":"Feature","geometry":{"type":"Point","coordinates":[-86.153177,39.83574]},"properties":{"year":1970,"period":"1970","kind":"FHA"}},{"type":"Feature","geometry":{"type":"Point","coordinates":[-86.129891,39.726578]},"properties":{"year":1970,"period":"1970","kind":"FHA"}},{"type":"Feature","geometry":{"type":"Point","coordinates":[-86.16552,39.827383]},"properties":{"year":1970,"period":"1970","kind":"FHA"}},{"type":"Feature","geometry":{"type":"Point","coordinates":[-86.090862,39.81245]},"properties":{"year":1970,"period":"1970","kind":"FHA"}},{"type":"Feature","geometry":{"type":"Point","coordinates":[-86.214125,39.778669]},"properties":{"year":1970,"period":"1970","kind":"FHA"}},{"type":"Feature","geometry":{"type":"Point","coordinates":[-86.231304,39.761654]},"properties":{"year":1970,"period":"1970","kind":"FHA"}},{"type":"Feature","geometry":{"type":"Point","coordinates":[-86.147439,39.836518]},"properties":{"year":1970,"period":"1970","kind":"FHA"}},{"type":"Feature","geometry":{"type":"Point","coordinates":[-86.063736,39.768431]},"properties":{"year":1970,"period":"1970","kind":"FHA"}},{"type":"Feature","geometry":{"type":"Point","coordinates":[-86.08739,39.814079]},"properties":{"year":1970,"period":"1970","kind":"FHA"}},{"type":"Feature","geometry":{"type":"Point","coordinates":[-86.050649,39.793324]},"properties":{"year":1970,"period":"1970","kind":"FHA"}},{"type":"Feature","geometry":{"type":"Point","coordinates":[-86.129856,39.726907]},"properties":{"year":1970,"period":"1970","kind":"FHA"}},{"type":"Feature","geometry":{"type":"Point","coordinates":[-86.099364,39.820317]},"properties":{"year":1970,"period":"1970","kind":"FHA"}},{"type":"Feature","geometry":{"type":"Point","coordinates":[-86.136654,39.70259]},"properties":{"year":1970,"period":"1970","kind":"FHA"}},{"type":"Feature","geometry":{"type":"Point","coordinates":[-86.125578,39.73557]},"properties":{"year":1970,"period":"1970","kind":"FHA"}},{"type":"Feature","geometry":{"type":"Point","coordinates":[-86.149632,39.791613]},"properties":{"year":1970,"period":"1970","kind":"FHA"}},{"type":"Feature","geometry":{"type":"Point","coordinates":[-86.092498,39.815183]},"properties":{"year":1970,"period":"1970","kind":"FHA"}},{"type":"Feature","geometry":{"type":"Point","coordinates":[-86.143799,39.81754]},"properties":{"year":1970,"period":"1970","kind":"FHA"}},{"type":"Feature","geometry":{"type":"Point","coordinates":[-86.100828,39.811877]},"properties":{"year":1970,"period":"1970","kind":"FHA"}},{"type":"Feature","geometry":{"type":"Point","coordinates":[-86.19807,39.777362]},"properties":{"year":1970,"period":"1970","kind":"FHA"}},{"type":"Feature","geometry":{"type":"Point","coordinates":[-86.167333,39.831186]},"properties":{"year":1970,"period":"1970","kind":"FHA"}},{"type":"Feature","geometry":{"type":"Point","coordinates":[-85.989858,39.799625]},"properties":{"year":1970,"period":"1970","kind":"FHA"}},{"type":"Feature","geometry":{"type":"Point","coordinates":[-86.076866,39.817799]},"properties":{"year":1970,"period":"1970","kind":"FHA"}},{"type":"Feature","geometry":{"type":"Point","coordinates":[-86.093031,39.82047]},"properties":{"year":1970,"period":"1970","kind":"FHA"}},{"type":"Feature","geometry":{"type":"Point","coordinates":[-86.148369,39.828967]},"properties":{"year":1970,"period":"1970","kind":"FHA"}},{"type":"Feature","geometry":{"type":"Point","coordinates":[-86.141281,39.827479]},"properties":{"year":1970,"period":"1970","kind":"FHA"}},{"type":"Feature","geometry":{"type":"Point","coordinates":[-86.125586,39.710503]},"properties":{"year":1970,"period":"1970","kind":"FHA"}},{"type":"Feature","geometry":{"type":"Point","coordinates":[-86.101148,39.822299]},"properties":{"year":1970,"period":"1970","kind":"FHA"}},{"type":"Feature","geometry":{"type":"Point","coordinates":[-86.044398,39.834673]},"properties":{"year":1970,"period":"1970","kind":"FHA"}},{"type":"Feature","geometry":{"type":"Point","coordinates":[-86.147488,39.808146]},"properties":{"year":1970,"period":"1970","kind":"FHA"}},{"type":"Feature","geometry":{"type":"Point","coordinates":[-86.265214,39.828567]},"properties":{"year":1970,"period":"1970","kind":"FHA"}},{"type":"Feature","geometry":{"type":"Point","coordinates":[-86.13114,39.844575]},"properties":{"year":1970,"period":"1970","kind":"FHA"}},{"type":"Feature","geometry":{"type":"Point","coordinates":[-86.237531,39.813932]},"properties":{"year":1970,"period":"1970","kind":"FHA"}},{"type":"Feature","geometry":{"type":"Point","coordinates":[-86.148683,39.810879]},"properties":{"year":1970,"period":"1970","kind":"FHA"}},{"type":"Feature","geometry":{"type":"Point","coordinates":[-86.1509046328388,39.804276968619]},"properties":{"year":1970,"period":"1970","kind":"FHA"}},{"type":"Feature","geometry":{"type":"Point","coordinates":[-86.150967,39.844747]},"properties":{"year":1970,"period":"1970","kind":"FHA"}},{"type":"Feature","geometry":{"type":"Point","coordinates":[-86.094941,39.815957]},"properties":{"year":1970,"period":"1970","kind":"FHA"}},{"type":"Feature","geometry":{"type":"Point","coordinates":[-86.07627,39.81608]},"properties":{"year":1970,"period":"1970","kind":"FHA"}},{"type":"Feature","geometry":{"type":"Point","coordinates":[-86.106271,39.751976]},"properties":{"year":1970,"period":"1970","kind":"FHA"}},{"type":"Feature","geometry":{"type":"Point","coordinates":[-86.106281,39.751002]},"properties":{"year":1970,"period":"1970","kind":"FHA"}},{"type":"Feature","geometry":{"type":"Point","coordinates":[-86.123003,39.731834]},"properties":{"year":1970,"period":"1970","kind":"FHA"}},{"type":"Feature","geometry":{"type":"Point","coordinates":[-86.069251,39.766178]},"properties":{"year":1970,"period":"1970","kind":"FHA"}},{"type":"Feature","geometry":{"type":"Point","coordinates":[-85.989448,39.799553]},"properties":{"year":1970,"period":"1970","kind":"FHA"}},{"type":"Feature","geometry":{"type":"Point","coordinates":[-86.229073,39.754555]},"properties":{"year":1970,"period":"1970","kind":"FHA"}},{"type":"Feature","geometry":{"type":"Point","coordinates":[-86.203341,39.785196]},"properties":{"year":1970,"period":"1970","kind":"FHA"}},{"type":"Feature","geometry":{"type":"Point","coordinates":[-86.143476,39.833358]},"properties":{"year":1970,"period":"1970","kind":"FHA"}},{"type":"Feature","geometry":{"type":"Point","coordinates":[-86.08631,39.775224]},"properties":{"year":1970,"period":"1970","kind":"FHA"}},{"type":"Feature","geometry":{"type":"Point","coordinates":[-86.082334,39.740435]},"properties":{"year":1970,"period":"1970","kind":"FHA"}},{"type":"Feature","geometry":{"type":"Point","coordinates":[-86.251845,39.818475]},"properties":{"year":1970,"period":"1970","kind":"FHA"}},{"type":"Feature","geometry":{"type":"Point","coordinates":[-86.051419,39.834495]},"properties":{"year":1970,"period":"1970","kind":"FHA"}},{"type":"Feature","geometry":{"type":"Point","coordinates":[-86.185417,39.79289]},"properties":{"year":1970,"period":"1970","kind":"FHA"}},{"type":"Feature","geometry":{"type":"Point","coordinates":[-85.98956,39.799597]},"properties":{"year":1970,"period":"1970","kind":"FHA"}},{"type":"Feature","geometry":{"type":"Point","coordinates":[-86.154268,39.799046]},"properties":{"year":1970,"period":"1970","kind":"FHA"}},{"type":"Feature","geometry":{"type":"Point","coordinates":[-86.188652,39.803781]},"properties":{"year":1970,"period":"1970","kind":"FHA"}},{"type":"Feature","geometry":{"type":"Point","coordinates":[-86.118113,39.72211]},"properties":{"year":1970,"period":"1970","kind":"FHA"}},{"type":"Feature","geometry":{"type":"Point","coordinates":[-86.217031,39.785717]},"properties":{"year":1970,"period":"1970","kind":"FHA"}},{"type":"Feature","geometry":{"type":"Point","coordinates":[-86.07687,39.817236]},"properties":{"year":1970,"period":"1970","kind":"FHA"}},{"type":"Feature","geometry":{"type":"Point","coordinates":[-86.12172,39.72486]},"properties":{"year":1970,"period":"1970","kind":"FHA"}},{"type":"Feature","geometry":{"type":"Point","coordinates":[-86.200963,39.769733]},"properties":{"year":1970,"period":"1970","kind":"FHA"}},{"type":"Feature","geometry":{"type":"Point","coordinates":[-86.143034,39.805601]},"properties":{"year":1970,"period":"1970","kind":"FHA"}},{"type":"Feature","geometry":{"type":"Point","coordinates":[-86.16871,39.800798]},"properties":{"year":1970,"period":"1970","kind":"FHA"}},{"type":"Feature","geometry":{"type":"Point","coordinates":[-86.188284,39.804345]},"properties":{"year":1970,"period":"1970","kind":"FHA"}},{"type":"Feature","geometry":{"type":"Point","coordinates":[-86.145314,39.820676]},"properties":{"year":1970,"period":"1970","kind":"FHA"}},{"type":"Feature","geometry":{"type":"Point","coordinates":[-86.129106,39.78413]},"properties":{"year":1970,"period":"1970","kind":"FHA"}},{"type":"Feature","geometry":{"type":"Point","coordinates":[-86.217486,39.79366]},"properties":{"year":1970,"period":"1970","kind":"FHA"}},{"type":"Feature","geometry":{"type":"Point","coordinates":[-86.154074,39.839726]},"properties":{"year":1970,"period":"1970","kind":"FHA"}},{"type":"Feature","geometry":{"type":"Point","coordinates":[-86.10559,39.806886]},"properties":{"year":1970,"period":"1970","kind":"FHA"}},{"type":"Feature","geometry":{"type":"Point","coordinates":[-86.096486,39.773945]},"properties":{"year":1970,"period":"1970","kind":"FHA"}},{"type":"Feature","geometry":{"type":"Point","coordinates":[-86.07681,39.771952]},"properties":{"year":1970,"period":"1970","kind":"FHA"}},{"type":"Feature","geometry":{"type":"Point","coordinates":[-86.094557,39.813752]},"properties":{"year":1970,"period":"1970","kind":"FHA"}},{"type":"Feature","geometry":{"type":"Point","coordinates":[-86.207575,39.78213]},"properties":{"year":1970,"period":"1970","kind":"FHA"}},{"type":"Feature","geometry":{"type":"Point","coordinates":[-86.125776,39.770877]},"properties":{"year":1970,"period":"1970","kind":"FHA"}},{"type":"Feature","geometry":{"type":"Point","coordinates":[-85.989992,39.799543]},"properties":{"year":1970,"period":"1970","kind":"FHA"}},{"type":"Feature","geometry":{"type":"Point","coordinates":[-86.148293,39.849839]},"properties":{"year":1970,"period":"1970","kind":"FHA"}},{"type":"Feature","geometry":{"type":"Point","coordinates":[-86.124027,39.721691]},"properties":{"year":1970,"period":"1970","kind":"FHA"}},{"type":"Feature","geometry":{"type":"Point","coordinates":[-86.184726,39.812763]},"properties":{"year":1970,"period":"1970","kind":"FHA"}},{"type":"Feature","geometry":{"type":"Point","coordinates":[-86.166619,39.667261]},"properties":{"year":1970,"period":"1970","kind":"FHA"}},{"type":"Feature","geometry":{"type":"Point","coordinates":[-86.2002936915583,39.7650691198419]},"properties":{"year":1970,"period":"1970","kind":"FHA"}},{"type":"Feature","geometry":{"type":"Point","coordinates":[-86.094923,39.793725]},"properties":{"year":1970,"period":"1970","kind":"FHA"}},{"type":"Feature","geometry":{"type":"Point","coordinates":[-86.241333,39.75882]},"properties":{"year":1970,"period":"1970","kind":"FHA"}},{"type":"Feature","geometry":{"type":"Point","coordinates":[-86.152981,39.815014]},"properties":{"year":1970,"period":"1970","kind":"FHA"}},{"type":"Feature","geometry":{"type":"Point","coordinates":[-86.183354,39.815369]},"properties":{"year":1970,"period":"1970","kind":"FHA"}},{"type":"Feature","geometry":{"type":"Point","coordinates":[-86.141968,39.841177]},"properties":{"year":1970,"period":"1970","kind":"FHA"}},{"type":"Feature","geometry":{"type":"Point","coordinates":[-86.239571,39.80993]},"properties":{"year":1970,"period":"1970","kind":"FHA"}},{"type":"Feature","geometry":{"type":"Point","coordinates":[-86.142656,39.828926]},"properties":{"year":1970,"period":"1970","kind":"FHA"}},{"type":"Feature","geometry":{"type":"Point","coordinates":[-86.155689,39.837672]},"properties":{"year":1970,"period":"1970","kind":"FHA"}},{"type":"Feature","geometry":{"type":"Point","coordinates":[-86.153393,39.820692]},"properties":{"year":1970,"period":"1970","kind":"FHA"}},{"type":"Feature","geometry":{"type":"Point","coordinates":[-86.108645,39.819337]},"properties":{"year":1970,"period":"1970","kind":"FHA"}},{"type":"Feature","geometry":{"type":"Point","coordinates":[-86.160918,39.844292]},"properties":{"year":1970,"period":"1970","kind":"FHA"}},{"type":"Feature","geometry":{"type":"Point","coordinates":[-86.147982,39.820781]},"properties":{"year":1970,"period":"1970","kind":"FHA"}},{"type":"Feature","geometry":{"type":"Point","coordinates":[-86.242368,39.810958]},"properties":{"year":1970,"period":"1970","kind":"FHA"}},{"type":"Feature","geometry":{"type":"Point","coordinates":[-86.137199,39.729568]},"properties":{"year":1970,"period":"1970","kind":"FHA"}},{"type":"Feature","geometry":{"type":"Point","coordinates":[-86.148054,39.834452]},"properties":{"year":1970,"period":"1970","kind":"FHA"}},{"type":"Feature","geometry":{"type":"Point","coordinates":[-86.237531,39.813932]},"properties":{"year":1970,"period":"1970","kind":"FHA"}},{"type":"Feature","geometry":{"type":"Point","coordinates":[-86.154843,39.795786]},"properties":{"year":1970,"period":"1970","kind":"FHA"}},{"type":"Feature","geometry":{"type":"Point","coordinates":[-86.125428,39.786735]},"properties":{"year":1970,"period":"1970","kind":"FHA"}},{"type":"Feature","geometry":{"type":"Point","coordinates":[-86.12962,39.769323]},"properties":{"year":1970,"period":"1970","kind":"FHA"}},{"type":"Feature","geometry":{"type":"Point","coordinates":[-86.152429,39.809667]},"properties":{"year":1970,"period":"1970","kind":"FHA"}},{"type":"Feature","geometry":{"type":"Point","coordinates":[-86.209442,39.796045]},"properties":{"year":1970,"period":"1970","kind":"FHA"}},{"type":"Feature","geometry":{"type":"Point","coordinates":[-86.105677,39.785284]},"properties":{"year":1970,"period":"1970","kind":"FHA"}},{"type":"Feature","geometry":{"type":"Point","coordinates":[-86.255913,39.752057]},"properties":{"year":1970,"period":"1970","kind":"FHA"}},{"type":"Feature","geometry":{"type":"Point","coordinates":[-86.115646,39.777061]},"properties":{"year":1970,"period":"1970","kind":"FHA"}},{"type":"Feature","geometry":{"type":"Point","coordinates":[-86.088695,39.78716]},"properties":{"year":1970,"period":"1970","kind":"FHA"}},{"type":"Feature","geometry":{"type":"Point","coordinates":[-86.131963,39.729227]},"properties":{"year":1970,"period":"1970","kind":"FHA"}},{"type":"Feature","geometry":{"type":"Point","coordinates":[-86.130522,39.839029]},"properties":{"year":1970,"period":"1970","kind":"FHA"}},{"type":"Feature","geometry":{"type":"Point","coordinates":[-86.090463,39.817002]},"properties":{"year":1970,"period":"1970","kind":"FHA"}},{"type":"Feature","geometry":{"type":"Point","coordinates":[-86.162282,39.84385]},"properties":{"year":1970,"period":"1970","kind":"FHA"}},{"type":"Feature","geometry":{"type":"Point","coordinates":[-86.138321,39.705966]},"properties":{"year":1970,"period":"1970","kind":"FHA"}},{"type":"Feature","geometry":{"type":"Point","coordinates":[-86.125098,39.747581]},"properties":{"year":1970,"period":"1970","kind":"FHA"}},{"type":"Feature","geometry":{"type":"Point","coordinates":[-86.121826,39.661672]},"properties":{"year":1970,"period":"1970","kind":"FHA"}},{"type":"Feature","geometry":{"type":"Point","coordinates":[-86.121957,39.821716]},"properties":{"year":1970,"period":"1970","kind":"FHA"}},{"type":"Feature","geometry":{"type":"Point","coordinates":[-86.091105,39.773581]},"properties":{"year":1970,"period":"1970","kind":"FHA"}},{"type":"Feature","geometry":{"type":"Point","coordinates":[-86.18809,39.801119]},"properties":{"year":1970,"period":"1970","kind":"FHA"}},{"type":"Feature","geometry":{"type":"Point","coordinates":[-86.145386,39.831453]},"properties":{"year":1970,"period":"1970","kind":"FHA"}},{"type":"Feature","geometry":{"type":"Point","coordinates":[-86.160515,39.794749]},"properties":{"year":1970,"period":"1970","kind":"FHA"}},{"type":"Feature","geometry":{"type":"Point","coordinates":[-86.126663,39.769975]},"properties":{"year":1970,"period":"1970","kind":"FHA"}},{"type":"Feature","geometry":{"type":"Point","coordinates":[-86.269978,39.8369]},"properties":{"year":1970,"period":"1970","kind":"FHA"}},{"type":"Feature","geometry":{"type":"Point","coordinates":[-86.207585,39.782899]},"properties":{"year":1970,"period":"1970","kind":"FHA"}},{"type":"Feature","geometry":{"type":"Point","coordinates":[-86.100412,39.811403]},"properties":{"year":1970,"period":"1970","kind":"FHA"}},{"type":"Feature","geometry":{"type":"Point","coordinates":[-86.133694,39.769877]},"properties":{"year":1970,"period":"1970","kind":"FHA"}},{"type":"Feature","geometry":{"type":"Point","coordinates":[-86.064945,39.760373]},"properties":{"year":1970,"period":"1970","kind":"FHA"}},{"type":"Feature","geometry":{"type":"Point","coordinates":[-86.251136,39.75799]},"properties":{"year":1970,"period":"1970","kind":"FHA"}},{"type":"Feature","geometry":{"type":"Point","coordinates":[-86.070654,39.796574]},"properties":{"year":1970,"period":"1970","kind":"FHA"}},{"type":"Feature","geometry":{"type":"Point","coordinates":[-86.141651,39.836172]},"properties":{"year":1970,"period":"1970","kind":"FHA"}},{"type":"Feature","geometry":{"type":"Point","coordinates":[-86.092956,39.777443]},"properties":{"year":1970,"period":"1970","kind":"FHA"}},{"type":"Feature","geometry":{"type":"Point","coordinates":[-86.122861,39.785369]},"properties":{"year":1970,"period":"1970","kind":"FHA"}},{"type":"Feature","geometry":{"type":"Point","coordinates":[-86.204236,39.781726]},"properties":{"year":1970,"period":"1970","kind":"FHA"}},{"type":"Feature","geometry":{"type":"Point","coordinates":[-86.15193,39.75285]},"properties":{"year":1970,"period":"1970","kind":"FHA"}},{"type":"Feature","geometry":{"type":"Point","coordinates":[-86.121677,39.77851]},"properties":{"year":1970,"period":"1970","kind":"FHA"}},{"type":"Feature","geometry":{"type":"Point","coordinates":[-86.139918,39.819884]},"properties":{"year":1970,"period":"1970","kind":"FHA"}},{"type":"Feature","geometry":{"type":"Point","coordinates":[-86.147075,39.816003]},"properties":{"year":1970,"period":"1970","kind":"FHA"}},{"type":"Feature","geometry":{"type":"Point","coordinates":[-86.110014,39.784818]},"properties":{"year":1970,"period":"1970","kind":"FHA"}},{"type":"Feature","geometry":{"type":"Point","coordinates":[-86.1393174658191,39.7966578391717]},"properties":{"year":1970,"period":"1970","kind":"FHA"}},{"type":"Feature","geometry":{"type":"Point","coordinates":[-86.105314,39.805672]},"properties":{"year":1970,"period":"1970","kind":"FHA"}},{"type":"Feature","geometry":{"type":"Point","coordinates":[-86.119594,39.771267]},"properties":{"year":1970,"period":"1970","kind":"FHA"}},{"type":"Feature","geometry":{"type":"Point","coordinates":[-86.128164,39.747568]},"properties":{"year":1970,"period":"1970","kind":"FHA"}},{"type":"Feature","geometry":{"type":"Point","coordinates":[-86.127087,39.792183]},"properties":{"year":1970,"period":"1970","kind":"FHA"}},{"type":"Feature","geometry":{"type":"Point","coordinates":[-86.191043,39.752223]},"properties":{"year":1970,"period":"1970","kind":"FHA"}},{"type":"Feature","geometry":{"type":"Point","coordinates":[-86.194653,39.778126]},"properties":{"year":1970,"period":"1970","kind":"FHA"}},{"type":"Feature","geometry":{"type":"Point","coordinates":[-86.119022,39.731987]},"properties":{"year":1970,"period":"1970","kind":"FHA"}},{"type":"Feature","geometry":{"type":"Point","coordinates":[-86.113314,39.793208]},"properties":{"year":1970,"period":"1970","kind":"FHA"}},{"type":"Feature","geometry":{"type":"Point","coordinates":[-86.105324,39.816474]},"properties":{"year":1970,"period":"1970","kind":"FHA"}},{"type":"Feature","geometry":{"type":"Point","coordinates":[-86.181699,39.8166]},"properties":{"year":1970,"period":"1970","kind":"FHA"}},{"type":"Feature","geometry":{"type":"Point","coordinates":[-86.159333,39.800959]},"properties":{"year":1970,"period":"1970","kind":"VA"}},{"type":"Feature","geometry":{"type":"Point","coordinates":[-86.074611,39.792503]},"properties":{"year":1970,"period":"1970","kind":"FHA"}},{"type":"Feature","geometry":{"type":"Point","coordinates":[-86.102916,39.751789]},"properties":{"year":1970,"period":"1970","kind":"FHA"}},{"type":"Feature","geometry":{"type":"Point","coordinates":[-86.126694,39.794579]},"properties":{"year":1970,"period":"1970","kind":"FHA"}},{"type":"Feature","geometry":{"type":"Point","coordinates":[-86.126694,39.794579]},"properties":{"year":1970,"period":"1970","kind":"FHA"}},{"type":"Feature","geometry":{"type":"Point","coordinates":[-86.132284,39.758991]},"properties":{"year":1970,"period":"1970","kind":"FHA"}},{"type":"Feature","geometry":{"type":"Point","coordinates":[-86.155118,39.731937]},"properties":{"year":1970,"period":"1970","kind":"FHA"}},{"type":"Feature","geometry":{"type":"Point","coordinates":[-86.179093,39.819476]},"properties":{"year":1970,"period":"1970","kind":"FHA"}},{"type":"Feature","geometry":{"type":"Point","coordinates":[-86.142883,39.799909]},"properties":{"year":1970,"period":"1970","kind":"FHA"}},{"type":"Feature","geometry":{"type":"Point","coordinates":[-86.198419,39.74443]},"properties":{"year":1970,"period":"1970","kind":"FHA"}},{"type":"Feature","geometry":{"type":"Point","coordinates":[-86.182995,39.796347]},"properties":{"year":1970,"period":"1970","kind":"FHA"}},{"type":"Feature","geometry":{"type":"Point","coordinates":[-86.11449,39.779333]},"properties":{"year":1970,"period":"1970","kind":"FHA"}},{"type":"Feature","geometry":{"type":"Point","coordinates":[-86.181213,39.78678]},"properties":{"year":1970,"period":"1970","kind":"FHA"}},{"type":"Feature","geometry":{"type":"Point","coordinates":[-86.205929,39.782264]},"properties":{"year":1970,"period":"1970","kind":"FHA"}},{"type":"Feature","geometry":{"type":"Point","coordinates":[-86.186884,39.806437]},"properties":{"year":1970,"period":"1970","kind":"FHA"}},{"type":"Feature","geometry":{"type":"Point","coordinates":[-86.155692,39.737859]},"properties":{"year":1970,"period":"1970","kind":"FHA"}},{"type":"Feature","geometry":{"type":"Point","coordinates":[-86.121438,39.751212]},"properties":{"year":1970,"period":"1970","kind":"VA"}},{"type":"Feature","geometry":{"type":"Point","coordinates":[-86.100055,39.774157]},"properties":{"year":1970,"period":"1970","kind":"VA"}},{"type":"Feature","geometry":{"type":"Point","coordinates":[-86.019325,39.764071]},"properties":{"year":1970,"period":"1970","kind":"VA"}},{"type":"Feature","geometry":{"type":"Point","coordinates":[-86.128305,39.783817]},"properties":{"year":1970,"period":"1970","kind":"VA"}},{"type":"Feature","geometry":{"type":"Point","coordinates":[-86.231881,39.713926]},"properties":{"year":1970,"period":"1970","kind":"VA"}},{"type":"Feature","geometry":{"type":"Point","coordinates":[-86.15027,39.842034]},"properties":{"year":1970,"period":"1970","kind":"VA"}},{"type":"Feature","geometry":{"type":"Point","coordinates":[-86.188841,39.90606]},"properties":{"year":1970,"period":"1970","kind":"VA"}},{"type":"Feature","geometry":{"type":"Point","coordinates":[-86.200131,39.767303]},"properties":{"year":1970,"period":"1970","kind":"FHA"}},{"type":"Feature","geometry":{"type":"Point","coordinates":[-86.244244,39.811657]},"properties":{"year":1970,"period":"1970","kind":"VA"}},{"type":"Feature","geometry":{"type":"Point","coordinates":[-86.032536,39.82503]},"properties":{"year":1970,"period":"1970","kind":"VA"}},{"type":"Feature","geometry":{"type":"Point","coordinates":[-86.079243,39.795934]},"properties":{"year":1970,"period":"1970","kind":"VA"}},{"type":"Feature","geometry":{"type":"Point","coordinates":[-86.079243,39.795934]},"properties":{"year":1970,"period":"1970","kind":"VA"}},{"type":"Feature","geometry":{"type":"Point","coordinates":[-86.020963,39.836005]},"properties":{"year":1970,"period":"1970","kind":"VA"}},{"type":"Feature","geometry":{"type":"Point","coordinates":[-86.051041,39.79988]},"properties":{"year":1970,"period":"1970","kind":"VA"}},{"type":"Feature","geometry":{"type":"Point","coordinates":[-86.194263,39.876429]},"properties":{"year":1970,"period":"1970","kind":"VA"}},{"type":"Feature","geometry":{"type":"Point","coordinates":[-86.127233,39.804057]},"properties":{"year":1970,"period":"1970","kind":"VA"}},{"type":"Feature","geometry":{"type":"Point","coordinates":[-86.191998,39.849003]},"properties":{"year":1970,"period":"1970","kind":"FHA"}},{"type":"Feature","geometry":{"type":"Point","coordinates":[-86.3265800445528,39.7629608720616]},"properties":{"year":1970,"period":"1970","kind":"FHA"}},{"type":"Feature","geometry":{"type":"Point","coordinates":[-86.14742,39.82326]},"properties":{"year":1970,"period":"1970","kind":"FHA"}},{"type":"Feature","geometry":{"type":"Point","coordinates":[-86.071993,39.772797]},"properties":{"year":1970,"period":"1970","kind":"VA"}},{"type":"Feature","geometry":{"type":"Point","coordinates":[-86.022117,39.828806]},"properties":{"year":1970,"period":"1970","kind":"VA"}},{"type":"Feature","geometry":{"type":"Point","coordinates":[-86.126243,39.740255]},"properties":{"year":1970,"period":"1970","kind":"VA"}},{"type":"Feature","geometry":{"type":"Point","coordinates":[-86.149435,39.864587]},"properties":{"year":1970,"period":"1970","kind":"FHA"}},{"type":"Feature","geometry":{"type":"Point","coordinates":[-86.148521,39.748103]},"properties":{"year":1970,"period":"1970","kind":"VA"}},{"type":"Feature","geometry":{"type":"Point","coordinates":[-86.119134,39.881566]},"properties":{"year":1970,"period":"1970","kind":"VA"}},{"type":"Feature","geometry":{"type":"Point","coordinates":[-86.195872,39.874353]},"properties":{"year":1970,"period":"1970","kind":"VA"}},{"type":"Feature","geometry":{"type":"Point","coordinates":[-86.159769,39.686519]},"properties":{"year":1970,"period":"1970","kind":"FHA"}},{"type":"Feature","geometry":{"type":"Point","coordinates":[-86.132953,39.746779]},"properties":{"year":1970,"period":"1970","kind":"FHA"}},{"type":"Feature","geometry":{"type":"Point","coordinates":[-86.151141,39.817321]},"properties":{"year":1970,"period":"1970","kind":"FHA"}},{"type":"Feature","geometry":{"type":"Point","coordinates":[-86.219917,39.773702]},"properties":{"year":1970,"period":"1970","kind":"FHA"}},{"type":"Feature","geometry":{"type":"Point","coordinates":[-86.12251,39.855985]},"properties":{"year":1970,"period":"1970","kind":"FHA"}},{"type":"Feature","geometry":{"type":"Point","coordinates":[-86.036946,39.79582]},"properties":{"year":1970,"period":"1970","kind":"VA"}},{"type":"Feature","geometry":{"type":"Point","coordinates":[-86.16154,39.851514]},"properties":{"year":1970,"period":"1970","kind":"FHA"}},{"type":"Feature","geometry":{"type":"Point","coordinates":[-86.12016,39.788171]},"properties":{"year":1970,"period":"1970","kind":"VA"}},{"type":"Feature","geometry":{"type":"Point","coordinates":[-86.12016,39.788171]},"properties":{"year":1970,"period":"1970","kind":"VA"}},{"type":"Feature","geometry":{"type":"Point","coordinates":[-86.142253,39.844925]},"properties":{"year":1970,"period":"1970","kind":"FHA"}},{"type":"Feature","geometry":{"type":"Point","coordinates":[-86.019765,39.792566]},"properties":{"year":1970,"period":"1970","kind":"VA"}},{"type":"Feature","geometry":{"type":"Point","coordinates":[-86.066684,39.760338]},"properties":{"year":1970,"period":"1970","kind":"FHA"}},{"type":"Feature","geometry":{"type":"Point","coordinates":[-86.151796,39.826745]},"properties":{"year":1970,"period":"1970","kind":"VA"}},{"type":"Feature","geometry":{"type":"Point","coordinates":[-86.083389,39.767429]},"properties":{"year":1970,"period":"1970","kind":"VA"}},{"type":"Feature","geometry":{"type":"Point","coordinates":[-86.128308313618,39.7374170340452]},"properties":{"year":1970,"period":"1970","kind":"FHA"}},{"type":"Feature","geometry":{"type":"Point","coordinates":[-86.130368,39.772158]},"properties":{"year":1970,"period":"1970","kind":"VA"}},{"type":"Feature","geometry":{"type":"Point","coordinates":[-86.147304,39.703723]},"properties":{"year":1970,"period":"1970","kind":"FHA"}},{"type":"Feature","geometry":{"type":"Point","coordinates":[-86.135632,39.789755]},"properties":{"year":1970,"period":"1970","kind":"FHA"}},{"type":"Feature","geometry":{"type":"Point","coordinates":[-86.125927,39.792842]},"properties":{"year":1970,"period":"1970","kind":"VA"}},{"type":"Feature","geometry":{"type":"Point","coordinates":[-86.149518,39.835511]},"properties":{"year":1970,"period":"1970","kind":"VA"}},{"type":"Feature","geometry":{"type":"Point","coordinates":[-86.220547,39.81319]},"properties":{"year":1970,"period":"1970","kind":"FHA"}},{"type":"Feature","geometry":{"type":"Point","coordinates":[-86.134218,39.852203]},"properties":{"year":1970,"period":"1970","kind":"FHA"}},{"type":"Feature","geometry":{"type":"Point","coordinates":[-86.158225,39.739898]},"properties":{"year":1970,"period":"1970","kind":"VA"}},{"type":"Feature","geometry":{"type":"Point","coordinates":[-86.186209,39.810178]},"properties":{"year":1970,"period":"1970","kind":"FHA"}},{"type":"Feature","geometry":{"type":"Point","coordinates":[-86.148384,39.830341]},"properties":{"year":1970,"period":"1970","kind":"FHA"}},{"type":"Feature","geometry":{"type":"Point","coordinates":[-86.12589,39.818297]},"properties":{"year":1970,"period":"1970","kind":"FHA"}},{"type":"Feature","geometry":{"type":"Point","coordinates":[-86.128799,39.751561]},"properties":{"year":1970,"period":"1970","kind":"FHA"}},{"type":"Feature","geometry":{"type":"Point","coordinates":[-86.132639,39.719605]},"properties":{"year":1970,"period":"1970","kind":"FHA"}},{"type":"Feature","geometry":{"type":"Point","coordinates":[-86.078241,39.828337]},"properties":{"year":1970,"period":"1970","kind":"FHA"}},{"type":"Feature","geometry":{"type":"Point","coordinates":[-86.09521,39.820998]},"properties":{"year":1970,"period":"1970","kind":"FHA"}},{"type":"Feature","geometry":{"type":"Point","coordinates":[-86.106048,39.75065]},"properties":{"year":1970,"period":"1970","kind":"FHA"}},{"type":"Feature","geometry":{"type":"Point","coordinates":[-86.262496,39.829482]},"properties":{"year":1970,"period":"1970","kind":"VA"}},{"type":"Feature","geometry":{"type":"Point","coordinates":[-86.196022,39.641811]},"properties":{"year":1970,"period":"1970","kind":"FHA"}},{"type":"Feature","geometry":{"type":"Point","coordinates":[-86.1505023014976,39.8045365997958]},"properties":{"year":1970,"period":"1970","kind":"FHA"}},{"type":"Feature","geometry":{"type":"Point","coordinates":[-86.228927,39.807475]},"properties":{"year":1970,"period":"1970","kind":"FHA"}},{"type":"Feature","geometry":{"type":"Point","coordinates":[-86.184132,39.715923]},"properties":{"year":1970,"period":"1970","kind":"VA"}},{"type":"Feature","geometry":{"type":"Point","coordinates":[-86.227189,39.806708]},"properties":{"year":1970,"period":"1970","kind":"VA"}},{"type":"Feature","geometry":{"type":"Point","coordinates":[-86.093433,39.808412]},"properties":{"year":1970,"period":"1970","kind":"VA"}},{"type":"Feature","geometry":{"type":"Point","coordinates":[-86.24517,39.742711]},"properties":{"year":1970,"period":"1970","kind":"VA"}},{"type":"Feature","geometry":{"type":"Point","coordinates":[-86.026645,39.806516]},"properties":{"year":1970,"period":"1970","kind":"VA"}},{"type":"Feature","geometry":{"type":"Point","coordinates":[-86.111373,39.780636]},"properties":{"year":1970,"period":"1970","kind":"FHA"}},{"type":"Feature","geometry":{"type":"Point","coordinates":[-86.186024,39.715421]},"properties":{"year":1970,"period":"1970","kind":"VA"}},{"type":"Feature","geometry":{"type":"Point","coordinates":[-86.105058,39.782824]},"properties":{"year":1970,"period":"1970","kind":"VA"}},{"type":"Feature","geometry":{"type":"Point","coordinates":[-86.106048,39.75065]},"properties":{"year":1970,"period":"1970","kind":"VA"}},{"type":"Feature","geometry":{"type":"Point","coordinates":[-86.125473,39.821818]},"properties":{"year":1970,"period":"1970","kind":"VA"}},{"type":"Feature","geometry":{"type":"Point","coordinates":[-86.033525,39.757157]},"properties":{"year":1970,"period":"1970","kind":"VA"}},{"type":"Feature","geometry":{"type":"Point","coordinates":[-86.079808,39.762225]},"properties":{"year":1970,"period":"1970","kind":"VA"}},{"type":"Feature","geometry":{"type":"Point","coordinates":[-86.185878,39.802922]},"properties":{"year":1970,"period":"1970","kind":"VA"}},{"type":"Feature","geometry":{"type":"Point","coordinates":[-86.209371,39.794625]},"properties":{"year":1970,"period":"1970","kind":"VA"}},{"type":"Feature","geometry":{"type":"Point","coordinates":[-86.204926,39.782608]},"properties":{"year":1970,"period":"1970","kind":"VA"}},{"type":"Feature","geometry":{"type":"Point","coordinates":[-86.119176,39.81716]},"properties":{"year":1970,"period":"1970","kind":"VA"}},{"type":"Feature","geometry":{"type":"Point","coordinates":[-86.14087,39.838868]},"properties":{"year":1970,"period":"1970","kind":"VA"}},{"type":"Feature","geometry":{"type":"Point","coordinates":[-86.215067,39.808279]},"properties":{"year":1970,"period":"1970","kind":"VA"}},{"type":"Feature","geometry":{"type":"Point","coordinates":[-86.155101,39.821366]},"properties":{"year":1970,"period":"1970","kind":"VA"}},{"type":"Feature","geometry":{"type":"Point","coordinates":[-86.048001,39.831916]},"properties":{"year":1970,"period":"1970","kind":"VA"}},{"type":"Feature","geometry":{"type":"Point","coordinates":[-86.224115,39.762641]},"properties":{"year":1970,"period":"1970","kind":"FHA"}},{"type":"Feature","geometry":{"type":"Point","coordinates":[-86.110021,39.776948]},"properties":{"year":1970,"period":"1970","kind":"FHA"}},{"type":"Feature","geometry":{"type":"Point","coordinates":[-86.079719,39.758476]},"properties":{"year":1970,"period":"1970","kind":"VA"}},{"type":"Feature","geometry":{"type":"Point","coordinates":[-86.096898,39.814903]},"properties":{"year":1970,"period":"1970","kind":"VA"}},{"type":"Feature","geometry":{"type":"Point","coordinates":[-86.144635,39.818032]},"properties":{"year":1970,"period":"1970","kind":"VA"}},{"type":"Feature","geometry":{"type":"Point","coordinates":[-86.142235,39.838175]},"properties":{"year":1970,"period":"1970","kind":"VA"}},{"type":"Feature","geometry":{"type":"Point","coordinates":[-86.123401,39.683932]},"properties":{"year":1970,"period":"1970","kind":"VA"}},{"type":"Feature","geometry":{"type":"Point","coordinates":[-86.23673,39.806561]},"properties":{"year":1970,"period":"1970","kind":"VA"}},{"type":"Feature","geometry":{"type":"Point","coordinates":[-86.270808,39.753077]},"properties":{"year":1970,"period":"1970","kind":"VA"}},{"type":"Feature","geometry":{"type":"Point","coordinates":[-86.167447,39.841626]},"properties":{"year":1970,"period":"1970","kind":"VA"}},{"type":"Feature","geometry":{"type":"Point","coordinates":[-86.167447,39.841626]},"properties":{"year":1970,"period":"1970","kind":"VA"}},{"type":"Feature","geometry":{"type":"Point","coordinates":[-85.962151,39.875901]},"properties":{"year":1970,"period":"1970","kind":"VA"}},{"type":"Feature","geometry":{"type":"Point","coordinates":[-86.203883,39.790044]},"properties":{"year":1970,"period":"1970","kind":"VA"}},{"type":"Feature","geometry":{"type":"Point","coordinates":[-86.086485,39.724721]},"properties":{"year":1970,"period":"1970","kind":"VA"}},{"type":"Feature","geometry":{"type":"Point","coordinates":[-86.136415,39.773388]},"properties":{"year":1970,"period":"1970","kind":"VA"}},{"type":"Feature","geometry":{"type":"Point","coordinates":[-86.159724,39.697042]},"properties":{"year":1970,"period":"1970","kind":"VA"}},{"type":"Feature","geometry":{"type":"Point","coordinates":[-86.245095,39.785981]},"properties":{"year":1970,"period":"1970","kind":"VA"}},{"type":"Feature","geometry":{"type":"Point","coordinates":[-86.037038,39.84754]},"properties":{"year":1970,"period":"1970","kind":"VA"}},{"type":"Feature","geometry":{"type":"Point","coordinates":[-86.245485,39.697796]},"properties":{"year":1970,"period":"1970","kind":"VA"}},{"type":"Feature","geometry":{"type":"Point","coordinates":[-86.088783,39.82313]},"properties":{"year":1970,"period":"1970","kind":"VA"}},{"type":"Feature","geometry":{"type":"Point","coordinates":[-86.140545,39.72983]},"properties":{"year":1970,"period":"1970","kind":"VA"}},{"type":"Feature","geometry":{"type":"Point","coordinates":[-86.022489,39.832109]},"properties":{"year":1970,"period":"1970","kind":"VA"}},{"type":"Feature","geometry":{"type":"Point","coordinates":[-86.220154,39.782037]},"properties":{"year":1970,"period":"1970","kind":"VA"}},{"type":"Feature","geometry":{"type":"Point","coordinates":[-86.049196,39.748713]},"properties":{"year":1970,"period":"1970","kind":"VA"}},{"type":"Feature","geometry":{"type":"Point","coordinates":[-86.002437,39.820665]},"properties":{"year":1970,"period":"1970","kind":"VA"}},{"type":"Feature","geometry":{"type":"Point","coordinates":[-86.14874,39.873966]},"properties":{"year":1970,"period":"1970","kind":"VA"}},{"type":"Feature","geometry":{"type":"Point","coordinates":[-86.260436,39.760377]},"properties":{"year":1970,"period":"1970","kind":"VA"}},{"type":"Feature","geometry":{"type":"Point","coordinates":[-86.28334,39.780843]},"properties":{"year":1970,"period":"1970","kind":"VA"}},{"type":"Feature","geometry":{"type":"Point","coordinates":[-86.2684,39.817061]},"properties":{"year":1970,"period":"1970","kind":"VA"}},{"type":"Feature","geometry":{"type":"Point","coordinates":[-86.001429,39.819385]},"properties":{"year":1970,"period":"1970","kind":"VA"}},{"type":"Feature","geometry":{"type":"Point","coordinates":[-86.115354,39.857269]},"properties":{"year":1970,"period":"1970","kind":"VA"}},{"type":"Feature","geometry":{"type":"Point","coordinates":[-86.115393,39.818607]},"properties":{"year":1970,"period":"1970","kind":"VA"}},{"type":"Feature","geometry":{"type":"Point","coordinates":[-86.068079,39.84301]},"properties":{"year":1970,"period":"1970","kind":"FHA"}},{"type":"Feature","geometry":{"type":"Point","coordinates":[-86.068079,39.84301]},"properties":{"year":1970,"period":"1970","kind":"VA"}},{"type":"Feature","geometry":{"type":"Point","coordinates":[-86.000656,39.804363]},"properties":{"year":1970,"period":"1970","kind":"VA"}},{"type":"Feature","geometry":{"type":"Point","coordinates":[-86.18119,39.866465]},"properties":{"year":1970,"period":"1970","kind":"VA"}},{"type":"Feature","geometry":{"type":"Point","coordinates":[-86.178717,39.879373]},"properties":{"year":1970,"period":"1970","kind":"VA"}},{"type":"Feature","geometry":{"type":"Point","coordinates":[-86.12031,39.823755]},"properties":{"year":1970,"period":"1970","kind":"VA"}},{"type":"Feature","geometry":{"type":"Point","coordinates":[-86.2039,39.78589]},"properties":{"year":1970,"period":"1970","kind":"FHA"}},{"type":"Feature","geometry":{"type":"Point","coordinates":[-86.206075,39.763442]},"properties":{"year":1970,"period":"1970","kind":"FHA"}},{"type":"Feature","geometry":{"type":"Point","coordinates":[-86.12589,39.818297]},"properties":{"year":1970,"period":"1970","kind":"FHA"}},{"type":"Feature","geometry":{"type":"Point","coordinates":[-86.097637,39.824173]},"properties":{"year":1975,"period":"1975","kind":"FHA"}},{"type":"Feature","geometry":{"type":"Point","coordinates":[-86.109199,39.816941]},"properties":{"year":1975,"period":"1975","kind":"FHA"}},{"type":"Feature","geometry":{"type":"Point","coordinates":[-86.110655,39.735703]},"properties":{"year":1975,"period":"1975","kind":"FHA"}},{"type":"Feature","geometry":{"type":"Point","coordinates":[-86.148978,39.857358]},"properties":{"year":1975,"period":"1975","kind":"VA"}},{"type":"Feature","geometry":{"type":"Point","coordinates":[-86.1363339785144,39.6694670611317]},"properties":{"year":1975,"period":"1975","kind":"VA"}},{"type":"Feature","geometry":{"type":"Point","coordinates":[-86.147496,39.877007]},"properties":{"year":1975,"period":"1975","kind":"VA"}},{"type":"Feature","geometry":{"type":"Point","coordinates":[-85.992826,39.831197]},"properties":{"year":1975,"period":"1975","kind":"VA"}},{"type":"Feature","geometry":{"type":"Point","coordinates":[-86.164137946328,39.6680773033542]},"properties":{"year":1975,"period":"1975","kind":"VA"}},{"type":"Feature","geometry":{"type":"Point","coordinates":[-86.261287,39.8184]},"properties":{"year":1975,"period":"1975","kind":"VA"}},{"type":"Feature","geometry":{"type":"Point","coordinates":[-86.063601,39.833932]},"properties":{"year":1975,"period":"1975","kind":"VA"}},{"type":"Feature","geometry":{"type":"Point","coordinates":[-86.234423,39.817183]},"properties":{"year":1975,"period":"1975","kind":"VA"}},{"type":"Feature","geometry":{"type":"Point","coordinates":[-86.219875,39.777052]},"properties":{"year":1975,"period":"1975","kind":"VA"}},{"type":"Feature","geometry":{"type":"Point","coordinates":[-86.24618,39.811466]},"properties":{"year":1975,"period":"1975","kind":"VA"}},{"type":"Feature","geometry":{"type":"Point","coordinates":[-86.245439,39.813392]},"properties":{"year":1975,"period":"1975","kind":"VA"}},{"type":"Feature","geometry":{"type":"Point","coordinates":[-86.207774,39.795034]},"properties":{"year":1975,"period":"1975","kind":"VA"}},{"type":"Feature","geometry":{"type":"Point","coordinates":[-86.076205,39.832065]},"properties":{"year":1975,"period":"1975","kind":"VA"}},{"type":"Feature","geometry":{"type":"Point","coordinates":[-86.111013,39.765082]},"properties":{"year":1975,"period":"1975","kind":"VA"}},{"type":"Feature","geometry":{"type":"Point","coordinates":[-86.080203,39.776103]},"properties":{"year":1975,"period":"1975","kind":"VA"}},{"type":"Feature","geometry":{"type":"Point","coordinates":[-86.222056,39.779704]},"properties":{"year":1975,"period":"1975","kind":"VA"}},{"type":"Feature","geometry":{"type":"Point","coordinates":[-86.14211,39.859645]},"properties":{"year":1975,"period":"1975","kind":"VA"}},{"type":"Feature","geometry":{"type":"Point","coordinates":[-86.06561,39.812214]},"properties":{"year":1975,"period":"1975","kind":"VA"}},{"type":"Feature","geometry":{"type":"Point","coordinates":[-86.14924,39.748132]},"properties":{"year":1975,"period":"1975","kind":"VA"}},{"type":"Feature","geometry":{"type":"Point","coordinates":[-86.012802,39.821175]},"properties":{"year":1975,"period":"1975","kind":"VA"}},{"type":"Feature","geometry":{"type":"Point","coordinates":[-86.261485,39.825066]},"properties":{"year":1975,"period":"1975","kind":"VA"}},{"type":"Feature","geometry":{"type":"Point","coordinates":[-86.147788,39.721101]},"properties":{"year":1975,"period":"1975","kind":"VA"}},{"type":"Feature","geometry":{"type":"Point","coordinates":[-86.2775522228511,39.6764697144648]},"properties":{"year":1975,"period":"1975","kind":"VA"}},{"type":"Feature","geometry":{"type":"Point","coordinates":[-86.089078,39.778131]},"properties":{"year":1975,"period":"1975","kind":"VA"}},{"type":"Feature","geometry":{"type":"Point","coordinates":[-86.1255499235511,39.7124160384701]},"properties":{"year":1975,"period":"1975","kind":"VA"}},{"type":"Feature","geometry":{"type":"Point","coordinates":[-86.108592,39.782306]},"properties":{"year":1975,"period":"1975","kind":"VA"}},{"type":"Feature","geometry":{"type":"Point","coordinates":[-86.252885,39.749753]},"properties":{"year":1975,"period":"1975","kind":"VA"}},{"type":"Feature","geometry":{"type":"Point","coordinates":[-86.119896,39.788164]},"properties":{"year":1975,"period":"1975","kind":"VA"}},{"type":"Feature","geometry":{"type":"Point","coordinates":[-86.197023,39.752456]},"properties":{"year":1975,"period":"1975","kind":"VA"}},{"type":"Feature","geometry":{"type":"Point","coordinates":[-86.123465,39.759947]},"properties":{"year":1975,"period":"1975","kind":"FHA"}},{"type":"Feature","geometry":{"type":"Point","coordinates":[-85.982893,39.801864]},"properties":{"year":1975,"period":"1975","kind":"VA"}},{"type":"Feature","geometry":{"type":"Point","coordinates":[-86.107731,39.812319]},"properties":{"year":1975,"period":"1975","kind":"VA"}},{"type":"Feature","geometry":{"type":"Point","coordinates":[-86.120213,39.759239]},"properties":{"year":1975,"period":"1975","kind":"VA"}},{"type":"Feature","geometry":{"type":"Point","coordinates":[-86.317927,39.760722]},"properties":{"year":1975,"period":"1975","kind":"VA"}},{"type":"Feature","geometry":{"type":"Point","coordinates":[-86.208563,39.761621]},"properties":{"year":1975,"period":"1975","kind":"FHA"}},{"type":"Feature","geometry":{"type":"Point","coordinates":[-86.103996,39.807278]},"properties":{"year":1975,"period":"1975","kind":"VA"}},{"type":"Feature","geometry":{"type":"Point","coordinates":[-86.064073,39.8009]},"properties":{"year":1975,"period":"1975","kind":"FHA"}},{"type":"Feature","geometry":{"type":"Point","coordinates":[-86.166096,39.727349]},"properties":{"year":1975,"period":"1975","kind":"FHA"}},{"type":"Feature","geometry":{"type":"Point","coordinates":[-86.14679,39.846472]},"properties":{"year":1975,"period":"1975","kind":"FHA"}},{"type":"Feature","geometry":{"type":"Point","coordinates":[-86.22621,39.810281]},"properties":{"year":1975,"period":"1975","kind":"FHA"}},{"type":"Feature","geometry":{"type":"Point","coordinates":[-86.206667,39.794097]},"properties":{"year":1975,"period":"1975","kind":"FHA"}},{"type":"Feature","geometry":{"type":"Point","coordinates":[-86.071974,39.828839]},"properties":{"year":1975,"period":"1975","kind":"FHA"}},{"type":"Feature","geometry":{"type":"Point","coordinates":[-86.253489,39.75385]},"properties":{"year":1975,"period":"1975","kind":"FHA"}},{"type":"Feature","geometry":{"type":"Point","coordinates":[-86.206895,39.802348]},"properties":{"year":1975,"period":"1975","kind":"FHA"}},{"type":"Feature","geometry":{"type":"Point","coordinates":[-86.049261,39.830118]},"properties":{"year":1975,"period":"1975","kind":"FHA"}},{"type":"Feature","geometry":{"type":"Point","coordinates":[-86.131768,39.846265]},"properties":{"year":1975,"period":"1975","kind":"VA"}},{"type":"Feature","geometry":{"type":"Point","coordinates":[-86.253649,39.747389]},"properties":{"year":1975,"period":"1975","kind":"FHA"}},{"type":"Feature","geometry":{"type":"Point","coordinates":[-86.089617,39.799121]},"properties":{"year":1975,"period":"1975","kind":"FHA"}},{"type":"Feature","geometry":{"type":"Point","coordinates":[-86.094026,39.819657]},"properties":{"year":1975,"period":"1975","kind":"FHA"}},{"type":"Feature","geometry":{"type":"Point","coordinates":[-86.226779,39.803155]},"properties":{"year":1975,"period":"1975","kind":"FHA"}},{"type":"Feature","geometry":{"type":"Point","coordinates":[-86.10963,39.821017]},"properties":{"year":1975,"period":"1975","kind":"FHA"}},{"type":"Feature","geometry":{"type":"Point","coordinates":[-86.083066,39.739412]},"properties":{"year":1975,"period":"1975","kind":"FHA"}},{"type":"Feature","geometry":{"type":"Point","coordinates":[-86.22018,39.789437]},"properties":{"year":1975,"period":"1975","kind":"FHA"}},{"type":"Feature","geometry":{"type":"Point","coordinates":[-86.037372,39.82479]},"properties":{"year":1975,"period":"1975","kind":"FHA"}},{"type":"Feature","geometry":{"type":"Point","coordinates":[-86.208478,39.801281]},"properties":{"year":1975,"period":"1975","kind":"FHA"}},{"type":"Feature","geometry":{"type":"Point","coordinates":[-86.063633,39.759131]},"properties":{"year":1975,"period":"1975","kind":"FHA"}},{"type":"Feature","geometry":{"type":"Point","coordinates":[-86.147338,39.849149]},"properties":{"year":1975,"period":"1975","kind":"FHA"}},{"type":"Feature","geometry":{"type":"Point","coordinates":[-86.229618,39.805326]},"properties":{"year":1975,"period":"1975","kind":"FHA"}},{"type":"Feature","geometry":{"type":"Point","coordinates":[-86.227317,39.723306]},"properties":{"year":1975,"period":"1975","kind":"VA"}},{"type":"Feature","geometry":{"type":"Point","coordinates":[-86.003859,39.823224]},"properties":{"year":1975,"period":"1975","kind":"VA"}},{"type":"Feature","geometry":{"type":"Point","coordinates":[-86.138949,39.852744]},"properties":{"year":1975,"period":"1975","kind":"FHA"}},{"type":"Feature","geometry":{"type":"Point","coordinates":[-85.990051,39.799019]},"properties":{"year":1975,"period":"1975","kind":"FHA"}},{"type":"Feature","geometry":{"type":"Point","coordinates":[-86.118054,39.775321]},"properties":{"year":1975,"period":"1975","kind":"VA"}},{"type":"Feature","geometry":{"type":"Point","coordinates":[-86.178443,39.812862]},"properties":{"year":1975,"period":"1975","kind":"VA"}},{"type":"Feature","geometry":{"type":"Point","coordinates":[-86.000815,39.830768]},"properties":{"year":1975,"period":"1975","kind":"FHA"}},{"type":"Feature","geometry":{"type":"Point","coordinates":[-86.148266,39.813317]},"properties":{"year":1975,"period":"1975","kind":"FHA"}},{"type":"Feature","geometry":{"type":"Point","coordinates":[-86.218199,39.785135]},"properties":{"year":1975,"period":"1975","kind":"VA"}},{"type":"Feature","geometry":{"type":"Point","coordinates":[-86.095527,39.786246]},"properties":{"year":1975,"period":"1975","kind":"FHA"}},{"type":"Feature","geometry":{"type":"Point","coordinates":[-86.161966,39.833178]},"properties":{"year":1975,"period":"1975","kind":"VA"}},{"type":"Feature","geometry":{"type":"Point","coordinates":[-85.966968,39.793818]},"properties":{"year":1975,"period":"1975","kind":"FHA"}},{"type":"Feature","geometry":{"type":"Point","coordinates":[-86.127833,39.809232]},"properties":{"year":1975,"period":"1975","kind":"FHA"}},{"type":"Feature","geometry":{"type":"Point","coordinates":[-86.2075097531783,39.7850211234693]},"properties":{"year":1975,"period":"1975","kind":"VA"}},{"type":"Feature","geometry":{"type":"Point","coordinates":[-86.109038,39.801802]},"properties":{"year":1975,"period":"1975","kind":"VA"}},{"type":"Feature","geometry":{"type":"Point","coordinates":[-86.082714,39.765197]},"properties":{"year":1975,"period":"1975","kind":"FHA"}},{"type":"Feature","geometry":{"type":"Point","coordinates":[-86.061449,39.782738]},"properties":{"year":1975,"period":"1975","kind":"FHA"}},{"type":"Feature","geometry":{"type":"Point","coordinates":[-86.12949,39.722425]},"properties":{"year":1975,"period":"1975","kind":"FHA"}},{"type":"Feature","geometry":{"type":"Point","coordinates":[-86.088059,39.715104]},"properties":{"year":1975,"period":"1975","kind":"VA"}},{"type":"Feature","geometry":{"type":"Point","coordinates":[-86.216877,39.717323]},"properties":{"year":1975,"period":"1975","kind":"VA"}},{"type":"Feature","geometry":{"type":"Point","coordinates":[-86.17049,39.828053]},"properties":{"year":1975,"period":"1975","kind":"FHA"}},{"type":"Feature","geometry":{"type":"Point","coordinates":[-86.128667,39.721306]},"properties":{"year":1975,"period":"1975","kind":"VA"}},{"type":"Feature","geometry":{"type":"Point","coordinates":[-86.224985,39.785253]},"properties":{"year":1975,"period":"1975","kind":"FHA"}},{"type":"Feature","geometry":{"type":"Point","coordinates":[-86.271688,39.783635]},"properties":{"year":1975,"period":"1975","kind":"FHA"}},{"type":"Feature","geometry":{"type":"Point","coordinates":[-86.133859,39.737023]},"properties":{"year":1975,"period":"1975","kind":"FHA"}},{"type":"Feature","geometry":{"type":"Point","coordinates":[-86.272501,39.78401]},"properties":{"year":1975,"period":"1975","kind":"VA"}},{"type":"Feature","geometry":{"type":"Point","coordinates":[-86.059829,39.773553]},"properties":{"year":1975,"period":"1975","kind":"FHA"}},{"type":"Feature","geometry":{"type":"Point","coordinates":[-86.094782,39.774064]},"properties":{"year":1975,"period":"1975","kind":"FHA"}},{"type":"Feature","geometry":{"type":"Point","coordinates":[-86.269609,39.834943]},"properties":{"year":1975,"period":"1975","kind":"FHA"}},{"type":"Feature","geometry":{"type":"Point","coordinates":[-85.967248,39.781165]},"properties":{"year":1975,"period":"1975","kind":"FHA"}},{"type":"Feature","geometry":{"type":"Point","coordinates":[-86.117963,39.717318]},"properties":{"year":1975,"period":"1975","kind":"VA"}},{"type":"Feature","geometry":{"type":"Point","coordinates":[-86.318169,39.770264]},"properties":{"year":1975,"period":"1975","kind":"VA"}},{"type":"Feature","geometry":{"type":"Point","coordinates":[-86.103191,39.757462]},"properties":{"year":1975,"period":"1975","kind":"FHA"}},{"type":"Feature","geometry":{"type":"Point","coordinates":[-86.118808,39.830239]},"properties":{"year":1975,"period":"1975","kind":"FHA"}},{"type":"Feature","geometry":{"type":"Point","coordinates":[-86.13498,39.844339]},"properties":{"year":1975,"period":"1975","kind":"FHA"}},{"type":"Feature","geometry":{"type":"Point","coordinates":[-86.222476,39.780027]},"properties":{"year":1975,"period":"1975","kind":"FHA"}},{"type":"Feature","geometry":{"type":"Point","coordinates":[-86.132833,39.669949]},"properties":{"year":1975,"period":"1975","kind":"VA"}},{"type":"Feature","geometry":{"type":"Point","coordinates":[-86.209978,39.795589]},"properties":{"year":1975,"period":"1975","kind":"FHA"}},{"type":"Feature","geometry":{"type":"Point","coordinates":[-86.083132,39.746743]},"properties":{"year":1975,"period":"1975","kind":"VA"}},{"type":"Feature","geometry":{"type":"Point","coordinates":[-85.967988,39.796268]},"properties":{"year":1975,"period":"1975","kind":"FHA"}},{"type":"Feature","geometry":{"type":"Point","coordinates":[-86.126664,39.763104]},"properties":{"year":1975,"period":"1975","kind":"FHA"}},{"type":"Feature","geometry":{"type":"Point","coordinates":[-86.2403814493911,39.8225933669549]},"properties":{"year":1975,"period":"1975","kind":"FHA"}},{"type":"Feature","geometry":{"type":"Point","coordinates":[-86.071187,39.773518]},"properties":{"year":1975,"period":"1975","kind":"FHA"}},{"type":"Feature","geometry":{"type":"Point","coordinates":[-85.988185,39.818519]},"properties":{"year":1975,"period":"1975","kind":"VA"}},{"type":"Feature","geometry":{"type":"Point","coordinates":[-86.095465,39.795959]},"properties":{"year":1975,"period":"1975","kind":"FHA"}},{"type":"Feature","geometry":{"type":"Point","coordinates":[-86.228787,39.812784]},"properties":{"year":1975,"period":"1975","kind":"FHA"}},{"type":"Feature","geometry":{"type":"Point","coordinates":[-86.204814,39.810776]},"properties":{"year":1975,"period":"1975","kind":"FHA"}},{"type":"Feature","geometry":{"type":"Point","coordinates":[-86.133352,39.721195]},"properties":{"year":1975,"period":"1975","kind":"FHA"}},{"type":"Feature","geometry":{"type":"Point","coordinates":[-86.3203,39.765979]},"properties":{"year":1975,"period":"1975","kind":"FHA"}},{"type":"Feature","geometry":{"type":"Point","coordinates":[-86.321084,39.767637]},"properties":{"year":1975,"period":"1975","kind":"FHA"}},{"type":"Feature","geometry":{"type":"Point","coordinates":[-85.999346,39.83768]},"properties":{"year":1975,"period":"1975","kind":"VA"}},{"type":"Feature","geometry":{"type":"Point","coordinates":[-86.142017,39.864415]},"properties":{"year":1975,"period":"1975","kind":"VA"}},{"type":"Feature","geometry":{"type":"Point","coordinates":[-86.2547969321714,39.6919854741521]},"properties":{"year":1975,"period":"1975","kind":"VA"}},{"type":"Feature","geometry":{"type":"Point","coordinates":[-86.166137,39.84051]},"properties":{"year":1975,"period":"1975","kind":"VA"}},{"type":"Feature","geometry":{"type":"Point","coordinates":[-86.235481,39.811096]},"properties":{"year":1975,"period":"1975","kind":"VA"}},{"type":"Feature","geometry":{"type":"Point","coordinates":[-86.123565,39.856847]},"properties":{"year":1975,"period":"1975","kind":"VA"}},{"type":"Feature","geometry":{"type":"Point","coordinates":[-86.146033,39.821567]},"properties":{"year":1975,"period":"1975","kind":"FHA"}},{"type":"Feature","geometry":{"type":"Point","coordinates":[-86.318722,39.769408]},"properties":{"year":1975,"period":"1975","kind":"VA"}},{"type":"Feature","geometry":{"type":"Point","coordinates":[-86.146621,39.875871]},"properties":{"year":1975,"period":"1975","kind":"VA"}},{"type":"Feature","geometry":{"type":"Point","coordinates":[-86.248657,39.697688]},"properties":{"year":1975,"period":"1975","kind":"FHA"}},{"type":"Feature","geometry":{"type":"Point","coordinates":[-86.080725,39.829689]},"properties":{"year":1975,"period":"1975","kind":"FHA"}},{"type":"Feature","geometry":{"type":"Point","coordinates":[-86.281525,39.789429]},"properties":{"year":1975,"period":"1975","kind":"VA"}},{"type":"Feature","geometry":{"type":"Point","coordinates":[-86.150103,39.826665]},"properties":{"year":1975,"period":"1975","kind":"FHA"}},{"type":"Feature","geometry":{"type":"Point","coordinates":[-86.064303,39.764364]},"properties":{"year":1975,"period":"1975","kind":"FHA"}},{"type":"Feature","geometry":{"type":"Point","coordinates":[-86.120217,39.881574]},"properties":{"year":1975,"period":"1975","kind":"FHA"}},{"type":"Feature","geometry":{"type":"Point","coordinates":[-86.098422,39.773511]},"properties":{"year":1975,"period":"1975","kind":"FHA"}},{"type":"Feature","geometry":{"type":"Point","coordinates":[-86.07276,39.824668]},"properties":{"year":1975,"period":"1975","kind":"FHA"}},{"type":"Feature","geometry":{"type":"Point","coordinates":[-86.1234316,39.6834874]},"properties":{"year":1975,"period":"1975","kind":"VA"}},{"type":"Feature","geometry":{"type":"Point","coordinates":[-86.04482,39.82909]},"properties":{"year":1975,"period":"1975","kind":"VA"}},{"type":"Feature","geometry":{"type":"Point","coordinates":[-86.108699,39.818944]},"properties":{"year":1975,"period":"1975","kind":"FHA"}},{"type":"Feature","geometry":{"type":"Point","coordinates":[-86.11763,39.780012]},"properties":{"year":1975,"period":"1975","kind":"FHA"}},{"type":"Feature","geometry":{"type":"Point","coordinates":[-86.180674,39.813268]},"properties":{"year":1975,"period":"1975","kind":"FHA"}},{"type":"Feature","geometry":{"type":"Point","coordinates":[-86.269607,39.834757]},"properties":{"year":1975,"period":"1975","kind":"VA"}},{"type":"Feature","geometry":{"type":"Point","coordinates":[-86.245261,39.697882]},"properties":{"year":1975,"period":"1975","kind":"VA"}},{"type":"Feature","geometry":{"type":"Point","coordinates":[-86.146047,39.84482]},"properties":{"year":1975,"period":"1975","kind":"FHA"}},{"type":"Feature","geometry":{"type":"Point","coordinates":[-86.091369,39.828272]},"properties":{"year":1975,"period":"1975","kind":"VA"}},{"type":"Feature","geometry":{"type":"Point","coordinates":[-86.022489,39.832109]},"properties":{"year":1975,"period":"1975","kind":"VA"}},{"type":"Feature","geometry":{"type":"Point","coordinates":[-86.05644,39.838049]},"properties":{"year":1975,"period":"1975","kind":"VA"}},{"type":"Feature","geometry":{"type":"Point","coordinates":[-86.161796,39.81887]},"properties":{"year":1975,"period":"1975","kind":"FHA"}},{"type":"Feature","geometry":{"type":"Point","coordinates":[-86.137153,39.769738]},"properties":{"year":1975,"period":"1975","kind":"FHA"}},{"type":"Feature","geometry":{"type":"Point","coordinates":[-86.161511,39.848031]},"properties":{"year":1975,"period":"1975","kind":"FHA"}},{"type":"Feature","geometry":{"type":"Point","coordinates":[-86.151391,39.864882]},"properties":{"year":1975,"period":"1975","kind":"VA"}},{"type":"Feature","geometry":{"type":"Point","coordinates":[-85.992748,39.827495]},"properties":{"year":1975,"period":"1975","kind":"VA"}},{"type":"Feature","geometry":{"type":"Point","coordinates":[-86.161015,39.852781]},"properties":{"year":1975,"period":"1975","kind":"VA"}},{"type":"Feature","geometry":{"type":"Point","coordinates":[-86.158951,39.843999]},"properties":{"year":1975,"period":"1975","kind":"VA"}},{"type":"Feature","geometry":{"type":"Point","coordinates":[-86.12652,39.879905]},"properties":{"year":1975,"period":"1975","kind":"VA"}},{"type":"Feature","geometry":{"type":"Point","coordinates":[-86.034612,39.787485]},"properties":{"year":1975,"period":"1975","kind":"FHA"}},{"type":"Feature","geometry":{"type":"Point","coordinates":[-85.985322,39.793351]},"properties":{"year":1975,"period":"1975","kind":"VA"}},{"type":"Feature","geometry":{"type":"Point","coordinates":[-86.208171,39.847454]},"properties":{"year":1975,"period":"1975","kind":"FHA"}},{"type":"Feature","geometry":{"type":"Point","coordinates":[-85.981606,39.807442]},"properties":{"year":1975,"period":"1975","kind":"VA"}},{"type":"Feature","geometry":{"type":"Point","coordinates":[-86.134262,39.755912]},"properties":{"year":1975,"period":"1975","kind":"FHA"}},{"type":"Feature","geometry":{"type":"Point","coordinates":[-86.008343,39.792115]},"properties":{"year":1975,"period":"1975","kind":"VA"}},{"type":"Feature","geometry":{"type":"Point","coordinates":[-86.094332,39.827788]},"properties":{"year":1975,"period":"1975","kind":"FHA"}},{"type":"Feature","geometry":{"type":"Point","coordinates":[-86.13092,39.731073]},"properties":{"year":1975,"period":"1975","kind":"FHA"}},{"type":"Feature","geometry":{"type":"Point","coordinates":[-86.213821,39.85882]},"properties":{"year":1975,"period":"1975","kind":"VA"}},{"type":"Feature","geometry":{"type":"Point","coordinates":[-86.070211,39.829541]},"properties":{"year":1975,"period":"1975","kind":"VA"}},{"type":"Feature","geometry":{"type":"Point","coordinates":[-86.13609,39.866013]},"properties":{"year":1975,"period":"1975","kind":"FHA"}},{"type":"Feature","geometry":{"type":"Point","coordinates":[-86.214464,39.818976]},"properties":{"year":1975,"period":"1975","kind":"FHA"}},{"type":"Feature","geometry":{"type":"Point","coordinates":[-86.144755,39.905623]},"properties":{"year":1975,"period":"1975","kind":"VA"}},{"type":"Feature","geometry":{"type":"Point","coordinates":[-86.099003,39.659446]},"properties":{"year":1975,"period":"1975","kind":"VA"}},{"type":"Feature","geometry":{"type":"Point","coordinates":[-86.170675,39.828428]},"properties":{"year":1975,"period":"1975","kind":"FHA"}},{"type":"Feature","geometry":{"type":"Point","coordinates":[-86.10175,39.823238]},"properties":{"year":1975,"period":"1975","kind":"FHA"}},{"type":"Feature","geometry":{"type":"Point","coordinates":[-86.125353,39.760686]},"properties":{"year":1975,"period":"1975","kind":"FHA"}},{"type":"Feature","geometry":{"type":"Point","coordinates":[-86.102693,39.809128]},"properties":{"year":1975,"period":"1975","kind":"VA"}},{"type":"Feature","geometry":{"type":"Point","coordinates":[-86.279118,39.756406]},"properties":{"year":1975,"period":"1975","kind":"VA"}},{"type":"Feature","geometry":{"type":"Point","coordinates":[-86.137546,39.841645]},"properties":{"year":1975,"period":"1975","kind":"FHA"}},{"type":"Feature","geometry":{"type":"Point","coordinates":[-86.134274,39.749054]},"properties":{"year":1975,"period":"1975","kind":"FHA"}},{"type":"Feature","geometry":{"type":"Point","coordinates":[-86.035489,39.822831]},"properties":{"year":1975,"period":"1975","kind":"FHA"}},{"type":"Feature","geometry":{"type":"Point","coordinates":[-86.150134,39.826988]},"properties":{"year":1975,"period":"1975","kind":"FHA"}},{"type":"Feature","geometry":{"type":"Point","coordinates":[-86.130789,39.821152]},"properties":{"year":1975,"period":"1975","kind":"FHA"}},{"type":"Feature","geometry":{"type":"Point","coordinates":[-86.0786295,39.8107464]},"properties":{"year":1975,"period":"1975","kind":"VA"}},{"type":"Feature","geometry":{"type":"Point","coordinates":[-86.117843,39.770696]},"properties":{"year":1975,"period":"1975","kind":"VA"}},{"type":"Feature","geometry":{"type":"Point","coordinates":[-86.214008,39.84902]},"properties":{"year":1975,"period":"1975","kind":"VA"}},{"type":"Feature","geometry":{"type":"Point","coordinates":[-86.310566,39.79886]},"properties":{"year":1975,"period":"1975","kind":"VA"}},{"type":"Feature","geometry":{"type":"Point","coordinates":[-86.069222,39.698693]},"properties":{"year":1975,"period":"1975","kind":"VA"}},{"type":"Feature","geometry":{"type":"Point","coordinates":[-86.30828,39.797193]},"properties":{"year":1975,"period":"1975","kind":"VA"}},{"type":"Feature","geometry":{"type":"Point","coordinates":[-86.099596,39.810285]},"properties":{"year":1975,"period":"1975","kind":"FHA"}},{"type":"Feature","geometry":{"type":"Point","coordinates":[-86.276475,39.812159]},"properties":{"year":1975,"period":"1975","kind":"VA"}},{"type":"Feature","geometry":{"type":"Point","coordinates":[-86.063857,39.885384]},"properties":{"year":1975,"period":"1975","kind":"VA"}},{"type":"Feature","geometry":{"type":"Point","coordinates":[-86.1278647144856,39.8172377307698]},"properties":{"year":1975,"period":"1975","kind":"FHA"}},{"type":"Feature","geometry":{"type":"Point","coordinates":[-86.1545711198384,39.8093741074894]},"properties":{"year":1975,"period":"1975","kind":"VA"}},{"type":"Feature","geometry":{"type":"Point","coordinates":[-86.104639,39.787824]},"properties":{"year":1975,"period":"1975","kind":"FHA"}},{"type":"Feature","geometry":{"type":"Point","coordinates":[-86.11966,39.76192]},"properties":{"year":1975,"period":"1975","kind":"FHA"}},{"type":"Feature","geometry":{"type":"Point","coordinates":[-86.091852,39.780364]},"properties":{"year":1975,"period":"1975","kind":"FHA"}},{"type":"Feature","geometry":{"type":"Point","coordinates":[-86.030759,39.786098]},"properties":{"year":1975,"period":"1975","kind":"VA"}},{"type":"Feature","geometry":{"type":"Point","coordinates":[-86.256442,39.748644]},"properties":{"year":1975,"period":"1975","kind":"VA"}},{"type":"Feature","geometry":{"type":"Point","coordinates":[-86.070899,39.896059]},"properties":{"year":1975,"period":"1975","kind":"VA"}},{"type":"Feature","geometry":{"type":"Point","coordinates":[-86.171906,39.806724]},"properties":{"year":1975,"period":"1975","kind":"VA"}},{"type":"Feature","geometry":{"type":"Point","coordinates":[-86.141307,39.831812]},"properties":{"year":1975,"period":"1975","kind":"FHA"}},{"type":"Feature","geometry":{"type":"Point","coordinates":[-86.209221,39.780437]},"properties":{"year":1975,"period":"1975","kind":"FHA"}},{"type":"Feature","geometry":{"type":"Point","coordinates":[-86.053301,39.830245]},"properties":{"year":1975,"period":"1975","kind":"FHA"}},{"type":"Feature","geometry":{"type":"Point","coordinates":[-86.207486,39.772967]},"properties":{"year":1975,"period":"1975","kind":"FHA"}},{"type":"Feature","geometry":{"type":"Point","coordinates":[-86.163025,39.728667]},"properties":{"year":1975,"period":"1975","kind":"FHA"}},{"type":"Feature","geometry":{"type":"Point","coordinates":[-86.086024,39.813693]},"properties":{"year":1975,"period":"1975","kind":"FHA"}},{"type":"Feature","geometry":{"type":"Point","coordinates":[-86.069424,39.921827]},"properties":{"year":1975,"period":"1975","kind":"VA"}},{"type":"Feature","geometry":{"type":"Point","coordinates":[-86.260241,39.813655]},"properties":{"year":1975,"period":"1975","kind":"FHA"}},{"type":"Feature","geometry":{"type":"Point","coordinates":[-86.174367,39.669761]},"properties":{"year":1975,"period":"1975","kind":"FHA"}},{"type":"Feature","geometry":{"type":"Point","coordinates":[-86.110437,39.793869]},"properties":{"year":1975,"period":"1975","kind":"FHA"}},{"type":"Feature","geometry":{"type":"Point","coordinates":[-86.081448,39.825045]},"properties":{"year":1975,"period":"1975","kind":"FHA"}},{"type":"Feature","geometry":{"type":"Point","coordinates":[-86.208831,39.795899]},"properties":{"year":1975,"period":"1975","kind":"FHA"}},{"type":"Feature","geometry":{"type":"Point","coordinates":[-86.236888,39.725654]},"properties":{"year":1975,"period":"1975","kind":"FHA"}},{"type":"Feature","geometry":{"type":"Point","coordinates":[-86.085282,39.830903]},"properties":{"year":1975,"period":"1975","kind":"FHA"}},{"type":"Feature","geometry":{"type":"Point","coordinates":[-86.141605,39.803793]},"properties":{"year":1975,"period":"1975","kind":"FHA"}},{"type":"Feature","geometry":{"type":"Point","coordinates":[-86.129154,39.836179]},"properties":{"year":1975,"period":"1975","kind":"FHA"}},{"type":"Feature","geometry":{"type":"Point","coordinates":[-86.207181,39.788782]},"properties":{"year":1975,"period":"1975","kind":"FHA"}},{"type":"Feature","geometry":{"type":"Point","coordinates":[-86.197875,39.75358]},"properties":{"year":1975,"period":"1975","kind":"FHA"}},{"type":"Feature","geometry":{"type":"Point","coordinates":[-86.144548,39.724706]},"properties":{"year":1975,"period":"1975","kind":"FHA"}},{"type":"Feature","geometry":{"type":"Point","coordinates":[-86.022488,39.847691]},"properties":{"year":1975,"period":"1975","kind":"FHA"}},{"type":"Feature","geometry":{"type":"Point","coordinates":[-86.100108,39.775491]},"properties":{"year":1975,"period":"1975","kind":"FHA"}},{"type":"Feature","geometry":{"type":"Point","coordinates":[-86.128608,39.724791]},"properties":{"year":1975,"period":"1975","kind":"FHA"}},{"type":"Feature","geometry":{"type":"Point","coordinates":[-86.113086,39.822259]},"properties":{"year":1975,"period":"1975","kind":"FHA"}},{"type":"Feature","geometry":{"type":"Point","coordinates":[-86.148416,39.831851]},"properties":{"year":1975,"period":"1975","kind":"FHA"}},{"type":"Feature","geometry":{"type":"Point","coordinates":[-86.122572,39.861754]},"properties":{"year":1975,"period":"1975","kind":"FHA"}},{"type":"Feature","geometry":{"type":"Point","coordinates":[-86.21735,39.781569]},"properties":{"year":1975,"period":"1975","kind":"FHA"}},{"type":"Feature","geometry":{"type":"Point","coordinates":[-86.276847,39.780234]},"properties":{"year":1975,"period":"1975","kind":"FHA"}},{"type":"Feature","geometry":{"type":"Point","coordinates":[-86.162597,39.825905]},"properties":{"year":1975,"period":"1975","kind":"FHA"}},{"type":"Feature","geometry":{"type":"Point","coordinates":[-86.081013,39.838706]},"properties":{"year":1975,"period":"1975","kind":"VA"}},{"type":"Feature","geometry":{"type":"Point","coordinates":[-86.16093,39.840459]},"properties":{"year":1975,"period":"1975","kind":"VA"}},{"type":"Feature","geometry":{"type":"Point","coordinates":[-86.219386,39.760418]},"properties":{"year":1975,"period":"1975","kind":"FHA"}},{"type":"Feature","geometry":{"type":"Point","coordinates":[-86.143452,39.737121]},"properties":{"year":1975,"period":"1975","kind":"FHA"}},{"type":"Feature","geometry":{"type":"Point","coordinates":[-86.100845,39.728738]},"properties":{"year":1975,"period":"1975","kind":"VA"}},{"type":"Feature","geometry":{"type":"Point","coordinates":[-86.141155,39.811419]},"properties":{"year":1975,"period":"1975","kind":"FHA"}},{"type":"Feature","geometry":{"type":"Point","coordinates":[-86.1261284584141,39.8220542295782]},"properties":{"year":1975,"period":"1975","kind":"VA"}},{"type":"Feature","geometry":{"type":"Point","coordinates":[-86.142123,39.866798]},"properties":{"year":1975,"period":"1975","kind":"VA"}},{"type":"Feature","geometry":{"type":"Point","coordinates":[-86.095465,39.795959]},"properties":{"year":1975,"period":"1975","kind":"FHA"}},{"type":"Feature","geometry":{"type":"Point","coordinates":[-86.164803,39.727365]},"properties":{"year":1975,"period":"1975","kind":"FHA"}},{"type":"Feature","geometry":{"type":"Point","coordinates":[-86.227814,39.713369]},"properties":{"year":1975,"period":"1975","kind":"FHA"}},{"type":"Feature","geometry":{"type":"Point","coordinates":[-86.217114,39.715883]},"properties":{"year":1975,"period":"1975","kind":"FHA"}},{"type":"Feature","geometry":{"type":"Point","coordinates":[-86.212502,39.799665]},"properties":{"year":1975,"period":"1975","kind":"FHA"}},{"type":"Feature","geometry":{"type":"Point","coordinates":[-86.237468,39.811305]},"properties":{"year":1975,"period":"1975","kind":"FHA"}},{"type":"Feature","geometry":{"type":"Point","coordinates":[-86.094067,39.773859]},"properties":{"year":1975,"period":"1975","kind":"VA"}},{"type":"Feature","geometry":{"type":"Point","coordinates":[-86.130427,39.750755]},"properties":{"year":1975,"period":"1975","kind":"FHA"}},{"type":"Feature","geometry":{"type":"Point","coordinates":[-86.218006,39.781466]},"properties":{"year":1975,"period":"1975","kind":"FHA"}},{"type":"Feature","geometry":{"type":"Point","coordinates":[-86.128674,39.837446]},"properties":{"year":1975,"period":"1975","kind":"FHA"}},{"type":"Feature","geometry":{"type":"Point","coordinates":[-86.25337,39.750181]},"properties":{"year":1975,"period":"1975","kind":"FHA"}},{"type":"Feature","geometry":{"type":"Point","coordinates":[-86.125091,39.747252]},"properties":{"year":1975,"period":"1975","kind":"FHA"}},{"type":"Feature","geometry":{"type":"Point","coordinates":[-86.212997,39.800261]},"properties":{"year":1975,"period":"1975","kind":"FHA"}},{"type":"Feature","geometry":{"type":"Point","coordinates":[-86.127942,39.834004]},"properties":{"year":1975,"period":"1975","kind":"FHA"}},{"type":"Feature","geometry":{"type":"Point","coordinates":[-86.163037,39.727023]},"properties":{"year":1975,"period":"1975","kind":"FHA"}},{"type":"Feature","geometry":{"type":"Point","coordinates":[-86.110982,39.736729]},"properties":{"year":1975,"period":"1975","kind":"VA"}},{"type":"Feature","geometry":{"type":"Point","coordinates":[-86.110609,39.778634]},"properties":{"year":1975,"period":"1975","kind":"VA"}},{"type":"Feature","geometry":{"type":"Point","coordinates":[-86.020363,39.847756]},"properties":{"year":1975,"period":"1975","kind":"VA"}},{"type":"Feature","geometry":{"type":"Point","coordinates":[-86.084667,39.805263]},"properties":{"year":1975,"period":"1975","kind":"VA"}},{"type":"Feature","geometry":{"type":"Point","coordinates":[-86.229678,39.810743]},"properties":{"year":1975,"period":"1975","kind":"FHA"}},{"type":"Feature","geometry":{"type":"Point","coordinates":[-86.202628,39.789741]},"properties":{"year":1975,"period":"1975","kind":"VA"}},{"type":"Feature","geometry":{"type":"Point","coordinates":[-86.121869,39.734132]},"properties":{"year":1975,"period":"1975","kind":"FHA"}},{"type":"Feature","geometry":{"type":"Point","coordinates":[-86.2581172,39.7060361]},"properties":{"year":1975,"period":"1975","kind":"FHA"}},{"type":"Feature","geometry":{"type":"Point","coordinates":[-86.13172,39.83901]},"properties":{"year":1975,"period":"1975","kind":"VA"}},{"type":"Feature","geometry":{"type":"Point","coordinates":[-86.235634,39.813111]},"properties":{"year":1975,"period":"1975","kind":"FHA"}},{"type":"Feature","geometry":{"type":"Point","coordinates":[-86.243035,39.878079]},"properties":{"year":1975,"period":"1975","kind":"VA"}},{"type":"Feature","geometry":{"type":"Point","coordinates":[-86.242108,39.878251]},"properties":{"year":1975,"period":"1975","kind":"VA"}},{"type":"Feature","geometry":{"type":"Point","coordinates":[-86.241757,39.878031]},"properties":{"year":1975,"period":"1975","kind":"VA"}},{"type":"Feature","geometry":{"type":"Point","coordinates":[-86.242939,39.878232]},"properties":{"year":1975,"period":"1975","kind":"VA"}},{"type":"Feature","geometry":{"type":"Point","coordinates":[-86.157485,39.638405]},"properties":{"year":1975,"period":"1975","kind":"VA"}},{"type":"Feature","geometry":{"type":"Point","coordinates":[-86.087111,39.758303]},"properties":{"year":1975,"period":"1975","kind":"FHA"}},{"type":"Feature","geometry":{"type":"Point","coordinates":[-86.055749,39.835166]},"properties":{"year":1975,"period":"1975","kind":"VA"}},{"type":"Feature","geometry":{"type":"Point","coordinates":[-86.246958,39.758858]},"properties":{"year":1975,"period":"1975","kind":"FHA"}},{"type":"Feature","geometry":{"type":"Point","coordinates":[-86.07465,39.792922]},"properties":{"year":1975,"period":"1975","kind":"VA"}},{"type":"Feature","geometry":{"type":"Point","coordinates":[-86.02821,39.81593]},"properties":{"year":1975,"period":"1975","kind":"VA"}},{"type":"Feature","geometry":{"type":"Point","coordinates":[-86.121635,39.735111]},"properties":{"year":1975,"period":"1975","kind":"FHA"}},{"type":"Feature","geometry":{"type":"Point","coordinates":[-86.126687,39.684577]},"properties":{"year":1975,"period":"1975","kind":"VA"}},{"type":"Feature","geometry":{"type":"Point","coordinates":[-86.223018,39.785595]},"properties":{"year":1975,"period":"1975","kind":"FHA"}},{"type":"Feature","geometry":{"type":"Point","coordinates":[-86.121508,39.731109]},"properties":{"year":1975,"period":"1975","kind":"FHA"}},{"type":"Feature","geometry":{"type":"Point","coordinates":[-86.098923,39.775908]},"properties":{"year":1975,"period":"1975","kind":"FHA"}},{"type":"Feature","geometry":{"type":"Point","coordinates":[-86.218704,39.756109]},"properties":{"year":1975,"period":"1975","kind":"FHA"}},{"type":"Feature","geometry":{"type":"Point","coordinates":[-86.241759,39.878246]},"properties":{"year":1975,"period":"1975","kind":"VA"}},{"type":"Feature","geometry":{"type":"Point","coordinates":[-86.24343,39.878493]},"properties":{"year":1975,"period":"1975","kind":"VA"}},{"type":"Feature","geometry":{"type":"Point","coordinates":[-86.062919,39.763324]},"properties":{"year":1975,"period":"1975","kind":"FHA"}},{"type":"Feature","geometry":{"type":"Point","coordinates":[-86.160161,39.823902]},"properties":{"year":1975,"period":"1975","kind":"VA"}},{"type":"Feature","geometry":{"type":"Point","coordinates":[-86.160161,39.823902]},"properties":{"year":1975,"period":"1975","kind":"VA"}},{"type":"Feature","geometry":{"type":"Point","coordinates":[-86.085312,39.820453]},"properties":{"year":1975,"period":"1975","kind":"VA"}},{"type":"Feature","geometry":{"type":"Point","coordinates":[-86.092088,39.741348]},"properties":{"year":1975,"period":"1975","kind":"FHA"}},{"type":"Feature","geometry":{"type":"Point","coordinates":[-86.164596,39.727368]},"properties":{"year":1975,"period":"1975","kind":"VA"}},{"type":"Feature","geometry":{"type":"Point","coordinates":[-86.194827,39.866256]},"properties":{"year":1975,"period":"1975","kind":"VA"}},{"type":"Feature","geometry":{"type":"Point","coordinates":[-86.147187,39.830721]},"properties":{"year":1975,"period":"1975","kind":"VA"}},{"type":"Feature","geometry":{"type":"Point","coordinates":[-86.02729,39.803193]},"properties":{"year":1975,"period":"1975","kind":"FHA"}},{"type":"Feature","geometry":{"type":"Point","coordinates":[-86.026387,39.819372]},"properties":{"year":1975,"period":"1975","kind":"VA"}},{"type":"Feature","geometry":{"type":"Point","coordinates":[-86.108582,39.793755]},"properties":{"year":1975,"period":"1975","kind":"VA"}},{"type":"Feature","geometry":{"type":"Point","coordinates":[-85.995618,39.829116]},"properties":{"year":1975,"period":"1975","kind":"FHA"}},{"type":"Feature","geometry":{"type":"Point","coordinates":[-86.144478,39.852413]},"properties":{"year":1975,"period":"1975","kind":"VA"}},{"type":"Feature","geometry":{"type":"Point","coordinates":[-86.087205,39.738972]},"properties":{"year":1975,"period":"1975","kind":"FHA"}},{"type":"Feature","geometry":{"type":"Point","coordinates":[-86.0402116587597,39.7699555671544]},"properties":{"year":1975,"period":"1975","kind":"VA"}},{"type":"Feature","geometry":{"type":"Point","coordinates":[-86.0956879023435,39.7491365226355]},"properties":{"year":1975,"period":"1975","kind":"FHA"}},{"type":"Feature","geometry":{"type":"Point","coordinates":[-86.040495759231,39.87677026373]},"properties":{"year":1975,"period":"1975","kind":"VA"}},{"type":"Feature","geometry":{"type":"Point","coordinates":[-86.09084,39.783993]},"properties":{"year":1975,"period":"1975","kind":"FHA"}},{"type":"Feature","geometry":{"type":"Point","coordinates":[-86.084445,39.760537]},"properties":{"year":1975,"period":"1975","kind":"FHA"}},{"type":"Feature","geometry":{"type":"Point","coordinates":[-86.24796,39.8107]},"properties":{"year":1975,"period":"1975","kind":"FHA"}},{"type":"Feature","geometry":{"type":"Point","coordinates":[-86.229265,39.810742]},"properties":{"year":1975,"period":"1975","kind":"FHA"}},{"type":"Feature","geometry":{"type":"Point","coordinates":[-86.220964,39.760685]},"properties":{"year":1975,"period":"1975","kind":"FHA"}},{"type":"Feature","geometry":{"type":"Point","coordinates":[-86.145958,39.835807]},"properties":{"year":1975,"period":"1975","kind":"FHA"}},{"type":"Feature","geometry":{"type":"Point","coordinates":[-86.024875,39.801431]},"properties":{"year":1975,"period":"1975","kind":"FHA"}},{"type":"Feature","geometry":{"type":"Point","coordinates":[-86.215048,39.741545]},"properties":{"year":1975,"period":"1975","kind":"VA"}},{"type":"Feature","geometry":{"type":"Point","coordinates":[-86.1125548506288,39.716708862728]},"properties":{"year":1975,"period":"1975","kind":"FHA"}},{"type":"Feature","geometry":{"type":"Point","coordinates":[-86.0661524737109,39.8333613909404]},"properties":{"year":1975,"period":"1975","kind":"VA"}},{"type":"Feature","geometry":{"type":"Point","coordinates":[-86.143673,39.734413]},"properties":{"year":1975,"period":"1975","kind":"FHA"}},{"type":"Feature","geometry":{"type":"Point","coordinates":[-86.023161,39.804294]},"properties":{"year":1975,"period":"1975","kind":"FHA"}},{"type":"Feature","geometry":{"type":"Point","coordinates":[-86.050923,39.833909]},"properties":{"year":1975,"period":"1975","kind":"VA"}},{"type":"Feature","geometry":{"type":"Point","coordinates":[-86.232055,39.814618]},"properties":{"year":1975,"period":"1975","kind":"FHA"}},{"type":"Feature","geometry":{"type":"Point","coordinates":[-86.195357,39.752105]},"properties":{"year":1975,"period":"1975","kind":"FHA"}},{"type":"Feature","geometry":{"type":"Point","coordinates":[-86.124953,39.736641]},"properties":{"year":1975,"period":"1975","kind":"VA"}},{"type":"Feature","geometry":{"type":"Point","coordinates":[-86.068404,39.822976]},"properties":{"year":1975,"period":"1975","kind":"VA"}},{"type":"Feature","geometry":{"type":"Point","coordinates":[-86.314566,39.755919]},"properties":{"year":1975,"period":"1975","kind":"VA"}},{"type":"Feature","geometry":{"type":"Point","coordinates":[-86.126769,39.820567]},"properties":{"year":1975,"period":"1975","kind":"VA"}},{"type":"Feature","geometry":{"type":"Point","coordinates":[-86.231892,39.715263]},"properties":{"year":1975,"period":"1975","kind":"VA"}},{"type":"Feature","geometry":{"type":"Point","coordinates":[-86.251501,39.814779]},"properties":{"year":1975,"period":"1975","kind":"FHA"}},{"type":"Feature","geometry":{"type":"Point","coordinates":[-86.136572,39.859178]},"properties":{"year":1975,"period":"1975","kind":"VA"}},{"type":"Feature","geometry":{"type":"Point","coordinates":[-86.095019,39.763534]},"properties":{"year":1975,"period":"1975","kind":"FHA"}},{"type":"Feature","geometry":{"type":"Point","coordinates":[-86.2604028758696,39.7439672334801]},"properties":{"year":1975,"period":"1975","kind":"FHA"}},{"type":"Feature","geometry":{"type":"Point","coordinates":[-86.087711,39.774279]},"properties":{"year":1975,"period":"1975","kind":"FHA"}},{"type":"Feature","geometry":{"type":"Point","coordinates":[-86.109936,39.776952]},"properties":{"year":1975,"period":"1975","kind":"VA"}},{"type":"Feature","geometry":{"type":"Point","coordinates":[-86.246194,39.81184]},"properties":{"year":1975,"period":"1975","kind":"FHA"}},{"type":"Feature","geometry":{"type":"Point","coordinates":[-86.065855,39.829839]},"properties":{"year":1975,"period":"1975","kind":"FHA"}},{"type":"Feature","geometry":{"type":"Point","coordinates":[-86.017481,39.8315]},"properties":{"year":1975,"period":"1975","kind":"FHA"}},{"type":"Feature","geometry":{"type":"Point","coordinates":[-86.051009,39.841751]},"properties":{"year":1975,"period":"1975","kind":"FHA"}},{"type":"Feature","geometry":{"type":"Point","coordinates":[-86.075138,39.830251]},"properties":{"year":1975,"period":"1975","kind":"FHA"}},{"type":"Feature","geometry":{"type":"Point","coordinates":[-86.089715,39.776905]},"properties":{"year":1975,"period":"1975","kind":"VA"}},{"type":"Feature","geometry":{"type":"Point","coordinates":[-86.207145,39.78569]},"properties":{"year":1975,"period":"1975","kind":"FHA"}},{"type":"Feature","geometry":{"type":"Point","coordinates":[-86.263615,39.833497]},"properties":{"year":1975,"period":"1975","kind":"VA"}},{"type":"Feature","geometry":{"type":"Point","coordinates":[-86.147373,39.850192]},"properties":{"year":1975,"period":"1975","kind":"FHA"}},{"type":"Feature","geometry":{"type":"Point","coordinates":[-86.266592,39.832015]},"properties":{"year":1975,"period":"1975","kind":"FHA"}},{"type":"Feature","geometry":{"type":"Point","coordinates":[-86.218401,39.718303]},"properties":{"year":1975,"period":"1975","kind":"FHA"}},{"type":"Feature","geometry":{"type":"Point","coordinates":[-86.021261,39.829245]},"properties":{"year":1975,"period":"1975","kind":"FHA"}},{"type":"Feature","geometry":{"type":"Point","coordinates":[-86.216945,39.789895]},"properties":{"year":1975,"period":"1975","kind":"VA"}},{"type":"Feature","geometry":{"type":"Point","coordinates":[-86.104447,39.749724]},"properties":{"year":1975,"period":"1975","kind":"FHA"}},{"type":"Feature","geometry":{"type":"Point","coordinates":[-86.059496,39.837315]},"properties":{"year":1975,"period":"1975","kind":"FHA"}},{"type":"Feature","geometry":{"type":"Point","coordinates":[-86.1298448528294,39.7151576298158]},"properties":{"year":1975,"period":"1975","kind":"FHA"}},{"type":"Feature","geometry":{"type":"Point","coordinates":[-85.96949,39.793801]},"properties":{"year":1975,"period":"1975","kind":"VA"}},{"type":"Feature","geometry":{"type":"Point","coordinates":[-86.0584456282431,39.7840750608189]},"properties":{"year":1975,"period":"1975","kind":"FHA"}},{"type":"Feature","geometry":{"type":"Point","coordinates":[-86.217171,39.845975]},"properties":{"year":1975,"period":"1975","kind":"FHA"}},{"type":"Feature","geometry":{"type":"Point","coordinates":[-86.098179,39.808849]},"properties":{"year":1975,"period":"1975","kind":"VA"}},{"type":"Feature","geometry":{"type":"Point","coordinates":[-86.254503,39.811452]},"properties":{"year":1975,"period":"1975","kind":"FHA"}},{"type":"Feature","geometry":{"type":"Point","coordinates":[-86.268104,39.835709]},"properties":{"year":1975,"period":"1975","kind":"FHA"}},{"type":"Feature","geometry":{"type":"Point","coordinates":[-86.205511,39.780185]},"properties":{"year":1975,"period":"1975","kind":"FHA"}},{"type":"Feature","geometry":{"type":"Point","coordinates":[-86.194115,39.85711]},"properties":{"year":1975,"period":"1975","kind":"FHA"}},{"type":"Feature","geometry":{"type":"Point","coordinates":[-86.214554,39.7787]},"properties":{"year":1975,"period":"1975","kind":"VA"}},{"type":"Feature","geometry":{"type":"Point","coordinates":[-86.051107,39.845647]},"properties":{"year":1975,"period":"1975","kind":"FHA"}},{"type":"Feature","geometry":{"type":"Point","coordinates":[-86.093957,39.828857]},"properties":{"year":1975,"period":"1975","kind":"FHA"}},{"type":"Feature","geometry":{"type":"Point","coordinates":[-86.24406,39.697042]},"properties":{"year":1975,"period":"1975","kind":"VA"}},{"type":"Feature","geometry":{"type":"Point","coordinates":[-86.103791,39.812389]},"properties":{"year":1975,"period":"1975","kind":"FHA"}},{"type":"Feature","geometry":{"type":"Point","coordinates":[-86.002502,39.822224]},"properties":{"year":1975,"period":"1975","kind":"FHA"}},{"type":"Feature","geometry":{"type":"Point","coordinates":[-86.130901,39.858929]},"properties":{"year":1975,"period":"1975","kind":"FHA"}},{"type":"Feature","geometry":{"type":"Point","coordinates":[-86.103273,39.729786]},"properties":{"year":1975,"period":"1975","kind":"VA"}},{"type":"Feature","geometry":{"type":"Point","coordinates":[-86.267022,39.836734]},"properties":{"year":1975,"period":"1975","kind":"FHA"}},{"type":"Feature","geometry":{"type":"Point","coordinates":[-86.308803,39.67086]},"properties":{"year":1975,"period":"1975","kind":"FHA"}},{"type":"Feature","geometry":{"type":"Point","coordinates":[-86.027501,39.802446]},"properties":{"year":1975,"period":"1975","kind":"VA"}},{"type":"Feature","geometry":{"type":"Point","coordinates":[-86.143493,39.839377]},"properties":{"year":1975,"period":"1975","kind":"VA"}},{"type":"Feature","geometry":{"type":"Point","coordinates":[-86.147075,39.816003]},"properties":{"year":1975,"period":"1975","kind":"FHA"}},{"type":"Feature","geometry":{"type":"Point","coordinates":[-86.246625,39.797586]},"properties":{"year":1975,"period":"1975","kind":"FHA"}},{"type":"Feature","geometry":{"type":"Point","coordinates":[-86.205376,39.782384]},"properties":{"year":1975,"period":"1975","kind":"VA"}},{"type":"Feature","geometry":{"type":"Point","coordinates":[-86.129656,39.742965]},"properties":{"year":1975,"period":"1975","kind":"VA"}},{"type":"Feature","geometry":{"type":"Point","coordinates":[-86.267952,39.819522]},"properties":{"year":1975,"period":"1975","kind":"FHA"}},{"type":"Feature","geometry":{"type":"Point","coordinates":[-86.128451,39.864351]},"properties":{"year":1975,"period":"1975","kind":"VA"}},{"type":"Feature","geometry":{"type":"Point","coordinates":[-86.145855,39.729711]},"properties":{"year":1975,"period":"1975","kind":"FHA"}},{"type":"Feature","geometry":{"type":"Point","coordinates":[-86.085781,39.83201]},"properties":{"year":1975,"period":"1975","kind":"FHA"}},{"type":"Feature","geometry":{"type":"Point","coordinates":[-86.039794,39.818949]},"properties":{"year":1975,"period":"1975","kind":"VA"}},{"type":"Feature","geometry":{"type":"Point","coordinates":[-86.008707,39.822257]},"properties":{"year":1975,"period":"1975","kind":"FHA"}},{"type":"Feature","geometry":{"type":"Point","coordinates":[-86.130159,39.807354]},"properties":{"year":1975,"period":"1975","kind":"VA"}},{"type":"Feature","geometry":{"type":"Point","coordinates":[-86.126059,39.723795]},"properties":{"year":1975,"period":"1975","kind":"VA"}},{"type":"Feature","geometry":{"type":"Point","coordinates":[-86.26421,39.821018]},"properties":{"year":1975,"period":"1975","kind":"FHA"}},{"type":"Feature","geometry":{"type":"Point","coordinates":[-86.111622,39.777022]},"properties":{"year":1975,"period":"1975","kind":"FHA"}},{"type":"Feature","geometry":{"type":"Point","coordinates":[-86.082291,39.773868]},"properties":{"year":1975,"period":"1975","kind":"VA"}},{"type":"Feature","geometry":{"type":"Point","coordinates":[-86.249762,39.794202]},"properties":{"year":1975,"period":"1975","kind":"VA"}},{"type":"Feature","geometry":{"type":"Point","coordinates":[-86.122599,39.816478]},"properties":{"year":1975,"period":"1975","kind":"VA"}},{"type":"Feature","geometry":{"type":"Point","coordinates":[-86.218506,39.85526]},"properties":{"year":1975,"period":"1975","kind":"VA"}},{"type":"Feature","geometry":{"type":"Point","coordinates":[-86.150763,39.705474]},"properties":{"year":1975,"period":"1975","kind":"VA"}},{"type":"Feature","geometry":{"type":"Point","coordinates":[-85.9663988300511,39.7903499103146]},"properties":{"year":1975,"period":"1975","kind":"VA"}},{"type":"Feature","geometry":{"type":"Point","coordinates":[-86.014396,39.774723]},"properties":{"year":1975,"period":"1975","kind":"VA"}},{"type":"Feature","geometry":{"type":"Point","coordinates":[-86.111362,39.664438]},"properties":{"year":1975,"period":"1975","kind":"FHA"}},{"type":"Feature","geometry":{"type":"Point","coordinates":[-86.115453,39.653545]},"properties":{"year":1975,"period":"1975","kind":"FHA"}},{"type":"Feature","geometry":{"type":"Point","coordinates":[-86.151506,39.8474]},"properties":{"year":1975,"period":"1975","kind":"VA"}},{"type":"Feature","geometry":{"type":"Point","coordinates":[-86.057998,39.83926]},"properties":{"year":1975,"period":"1975","kind":"VA"}},{"type":"Feature","geometry":{"type":"Point","coordinates":[-86.078008,39.781302]},"properties":{"year":1975,"period":"1975","kind":"FHA"}},{"type":"Feature","geometry":{"type":"Point","coordinates":[-86.1471690940081,39.8429248302831]},"properties":{"year":1975,"period":"1975","kind":"VA"}},{"type":"Feature","geometry":{"type":"Point","coordinates":[-86.003735,39.706648]},"properties":{"year":1975,"period":"1975","kind":"VA"}},{"type":"Feature","geometry":{"type":"Point","coordinates":[-86.134274,39.749054]},"properties":{"year":1975,"period":"1975","kind":"FHA"}},{"type":"Feature","geometry":{"type":"Point","coordinates":[-85.9627852958573,39.7865197841527]},"properties":{"year":1975,"period":"1975","kind":"FHA"}},{"type":"Feature","geometry":{"type":"Point","coordinates":[-86.2605114748453,39.8687789292822]},"properties":{"year":1975,"period":"1975","kind":"FHA"}},{"type":"Feature","geometry":{"type":"Point","coordinates":[-86.232827,39.7548]},"properties":{"year":1975,"period":"1975","kind":"VA"}},{"type":"Feature","geometry":{"type":"Point","coordinates":[-86.20397,39.790923]},"properties":{"year":1975,"period":"1975","kind":"VA"}},{"type":"Feature","geometry":{"type":"Point","coordinates":[-86.196098,39.863525]},"properties":{"year":1975,"period":"1975","kind":"FHA"}},{"type":"Feature","geometry":{"type":"Point","coordinates":[-86.114428,39.859357]},"properties":{"year":1975,"period":"1975","kind":"FHA"}},{"type":"Feature","geometry":{"type":"Point","coordinates":[-86.012895,39.789756]},"properties":{"year":1975,"period":"1975","kind":"VA"}},{"type":"Feature","geometry":{"type":"Point","coordinates":[-86.278153,39.788826]},"properties":{"year":1975,"period":"1975","kind":"FHA"}},{"type":"Feature","geometry":{"type":"Point","coordinates":[-86.019052,39.826519]},"properties":{"year":1975,"period":"1975","kind":"VA"}},{"type":"Feature","geometry":{"type":"Point","coordinates":[-86.269615,39.821163]},"properties":{"year":1975,"period":"1975","kind":"FHA"}},{"type":"Feature","geometry":{"type":"Point","coordinates":[-86.161007,39.851238]},"properties":{"year":1975,"period":"1975","kind":"FHA"}},{"type":"Feature","geometry":{"type":"Point","coordinates":[-86.092349,39.814764]},"properties":{"year":1975,"period":"1975","kind":"VA"}},{"type":"Feature","geometry":{"type":"Point","coordinates":[-86.149566,39.729016]},"properties":{"year":1975,"period":"1975","kind":"FHA"}},{"type":"Feature","geometry":{"type":"Point","coordinates":[-86.220347,39.867434]},"properties":{"year":1975,"period":"1975","kind":"VA"}},{"type":"Feature","geometry":{"type":"Point","coordinates":[-86.068582,39.921596]},"properties":{"year":1975,"period":"1975","kind":"VA"}},{"type":"Feature","geometry":{"type":"Point","coordinates":[-86.106263,39.788544]},"properties":{"year":1975,"period":"1975","kind":"VA"}},{"type":"Feature","geometry":{"type":"Point","coordinates":[-86.196098,39.778968]},"properties":{"year":1975,"period":"1975","kind":"VA"}},{"type":"Feature","geometry":{"type":"Point","coordinates":[-86.222573,39.787017]},"properties":{"year":1975,"period":"1975","kind":"VA"}},{"type":"Feature","geometry":{"type":"Point","coordinates":[-86.134903,39.841213]},"properties":{"year":1975,"period":"1975","kind":"FHA"}},{"type":"Feature","geometry":{"type":"Point","coordinates":[-85.984147,39.800968]},"properties":{"year":1975,"period":"1975","kind":"VA"}},{"type":"Feature","geometry":{"type":"Point","coordinates":[-86.235247,39.812028]},"properties":{"year":1975,"period":"1975","kind":"VA"}},{"type":"Feature","geometry":{"type":"Point","coordinates":[-86.105491,39.824741]},"properties":{"year":1975,"period":"1975","kind":"VA"}},{"type":"Feature","geometry":{"type":"Point","coordinates":[-86.143,39.847994]},"properties":{"year":1975,"period":"1975","kind":"VA"}},{"type":"Feature","geometry":{"type":"Point","coordinates":[-86.151903,39.814219]},"properties":{"year":1975,"period":"1975","kind":"FHA"}},{"type":"Feature","geometry":{"type":"Point","coordinates":[-86.216114,39.79122]},"properties":{"year":1975,"period":"1975","kind":"VA"}},{"type":"Feature","geometry":{"type":"Point","coordinates":[-86.074643,39.834391]},"properties":{"year":1975,"period":"1975","kind":"FHA"}},{"type":"Feature","geometry":{"type":"Point","coordinates":[-86.08175,39.763671]},"properties":{"year":1975,"period":"1975","kind":"FHA"}},{"type":"Feature","geometry":{"type":"Point","coordinates":[-86.082307,39.775109]},"properties":{"year":1975,"period":"1975","kind":"VA"}},{"type":"Feature","geometry":{"type":"Point","coordinates":[-86.087456,39.840747]},"properties":{"year":1975,"period":"1975","kind":"VA"}},{"type":"Feature","geometry":{"type":"Point","coordinates":[-86.154113,39.82181]},"properties":{"year":1975,"period":"1975","kind":"FHA"}},{"type":"Feature","geometry":{"type":"Point","coordinates":[-86.324197,39.811066]},"properties":{"year":1975,"period":"1975","kind":"VA"}},{"type":"Feature","geometry":{"type":"Point","coordinates":[-86.058473,39.835975]},"properties":{"year":1975,"period":"1975","kind":"VA"}},{"type":"Feature","geometry":{"type":"Point","coordinates":[-86.203985,39.810172]},"properties":{"year":1975,"period":"1975","kind":"VA"}},{"type":"Feature","geometry":{"type":"Point","coordinates":[-86.130825,39.805926]},"properties":{"year":1975,"period":"1975","kind":"VA"}},{"type":"Feature","geometry":{"type":"Point","coordinates":[-86.077359,39.845404]},"properties":{"year":1975,"period":"1975","kind":"VA"}},{"type":"Feature","geometry":{"type":"Point","coordinates":[-86.114742,39.820243]},"properties":{"year":1975,"period":"1975","kind":"VA"}},{"type":"Feature","geometry":{"type":"Point","coordinates":[-86.230988,39.810457]},"properties":{"year":1975,"period":"1975","kind":"VA"}},{"type":"Feature","geometry":{"type":"Point","coordinates":[-86.063139,39.829826]},"properties":{"year":1975,"period":"1975","kind":"VA"}},{"type":"Feature","geometry":{"type":"Point","coordinates":[-86.010731,39.701637]},"properties":{"year":1975,"period":"1975","kind":"VA"}},{"type":"Feature","geometry":{"type":"Point","coordinates":[-86.319332,39.768233]},"properties":{"year":1975,"period":"1975","kind":"FHA"}},{"type":"Feature","geometry":{"type":"Point","coordinates":[-86.248254,39.818479]},"properties":{"year":1975,"period":"1975","kind":"VA"}},{"type":"Feature","geometry":{"type":"Point","coordinates":[-86.129782,39.710895]},"properties":{"year":1975,"period":"1975","kind":"VA"}},{"type":"Feature","geometry":{"type":"Point","coordinates":[-86.03559,39.723014]},"properties":{"year":1975,"period":"1975","kind":"FHA"}},{"type":"Feature","geometry":{"type":"Point","coordinates":[-86.020578,39.803177]},"properties":{"year":1975,"period":"1975","kind":"VA"}},{"type":"Feature","geometry":{"type":"Point","coordinates":[-86.318152,39.770064]},"properties":{"year":1975,"period":"1975","kind":"VA"}},{"type":"Feature","geometry":{"type":"Point","coordinates":[-85.964325,39.786563]},"properties":{"year":1975,"period":"1975","kind":"FHA"}},{"type":"Feature","geometry":{"type":"Point","coordinates":[-86.319833,39.769397]},"properties":{"year":1975,"period":"1975","kind":"FHA"}},{"type":"Feature","geometry":{"type":"Point","coordinates":[-86.25111,39.819511]},"properties":{"year":1975,"period":"1975","kind":"VA"}},{"type":"Feature","geometry":{"type":"Point","coordinates":[-86.319887,39.769778]},"properties":{"year":1975,"period":"1975","kind":"FHA"}},{"type":"Feature","geometry":{"type":"Point","coordinates":[-86.252786,39.697107]},"properties":{"year":1975,"period":"1975","kind":"VA"}},{"type":"Feature","geometry":{"type":"Point","coordinates":[-86.09808,39.660054]},"properties":{"year":1975,"period":"1975","kind":"FHA"}},{"type":"Feature","geometry":{"type":"Point","coordinates":[-85.984921,39.813128]},"properties":{"year":1975,"period":"1975","kind":"FHA"}},{"type":"Feature","geometry":{"type":"Point","coordinates":[-86.002172,39.838122]},"properties":{"year":1975,"period":"1975","kind":"VA"}},{"type":"Feature","geometry":{"type":"Point","coordinates":[-85.985843,39.813747]},"properties":{"year":1975,"period":"1975","kind":"VA"}},{"type":"Feature","geometry":{"type":"Point","coordinates":[-86.319335,39.768431]},"properties":{"year":1975,"period":"1975","kind":"FHA"}},{"type":"Feature","geometry":{"type":"Point","coordinates":[-86.319522,39.770877]},"properties":{"year":1975,"period":"1975","kind":"VA"}},{"type":"Feature","geometry":{"type":"Point","coordinates":[-86.066165884755,39.8333449133631]},"properties":{"year":1975,"period":"1975","kind":"VA"}},{"type":"Feature","geometry":{"type":"Point","coordinates":[-85.985819,39.81392]},"properties":{"year":1975,"period":"1975","kind":"VA"}},{"type":"Feature","geometry":{"type":"Point","coordinates":[-86.1986511619671,39.7663934929497]},"properties":{"year":1975,"period":"1975","kind":"VA"}},{"type":"Feature","geometry":{"type":"Point","coordinates":[-86.066852,39.686232]},"properties":{"year":1975,"period":"1975","kind":"FHA"}},{"type":"Feature","geometry":{"type":"Point","coordinates":[-86.068322,39.685772]},"properties":{"year":1975,"period":"1975","kind":"VA"}},{"type":"Feature","geometry":{"type":"Point","coordinates":[-86.058506,39.773704]},"properties":{"year":1975,"period":"1975","kind":"FHA"}},{"type":"Feature","geometry":{"type":"Point","coordinates":[-86.001964,39.838048]},"properties":{"year":1975,"period":"1975","kind":"VA"}},{"type":"Feature","geometry":{"type":"Point","coordinates":[-86.068078,39.689142]},"properties":{"year":1975,"period":"1975","kind":"VA"}},{"type":"Feature","geometry":{"type":"Point","coordinates":[-86.098109,39.659106]},"properties":{"year":1975,"period":"1975","kind":"FHA"}},{"type":"Feature","geometry":{"type":"Point","coordinates":[-85.950598,39.883885]},"properties":{"year":1975,"period":"1975","kind":"VA"}},{"type":"Feature","geometry":{"type":"Point","coordinates":[-85.984866,39.812407]},"properties":{"year":1975,"period":"1975","kind":"VA"}},{"type":"Feature","geometry":{"type":"Point","coordinates":[-86.06801,39.687906]},"properties":{"year":1975,"period":"1975","kind":"FHA"}},{"type":"Feature","geometry":{"type":"Point","coordinates":[-86.099853,39.660071]},"properties":{"year":1975,"period":"1975","kind":"VA"}},{"type":"Feature","geometry":{"type":"Point","coordinates":[-86.14611,39.843746]},"properties":{"year":1975,"period":"1975","kind":"FHA"}},{"type":"Feature","geometry":{"type":"Point","coordinates":[-86.056774,39.839569]},"properties":{"year":1975,"period":"1975","kind":"VA"}},{"type":"Feature","geometry":{"type":"Point","coordinates":[-86.097316,39.658841]},"properties":{"year":1975,"period":"1975","kind":"FHA"}},{"type":"Feature","geometry":{"type":"Point","coordinates":[-86.098716,39.660288]},"properties":{"year":1975,"period":"1975","kind":"VA"}},{"type":"Feature","geometry":{"type":"Point","coordinates":[-86.205231,39.845393]},"properties":{"year":1975,"period":"1975","kind":"VA"}},{"type":"Feature","geometry":{"type":"Point","coordinates":[-86.114909,39.697103]},"properties":{"year":1975,"period":"1975","kind":"VA"}},{"type":"Feature","geometry":{"type":"Point","coordinates":[-85.985826,39.81217]},"properties":{"year":1975,"period":"1975","kind":"VA"}},{"type":"Feature","geometry":{"type":"Point","coordinates":[-86.145258,39.724674]},"properties":{"year":1975,"period":"1975","kind":"VA"}},{"type":"Feature","geometry":{"type":"Point","coordinates":[-86.069054,39.689545]},"properties":{"year":1975,"period":"1975","kind":"FHA"}},{"type":"Feature","geometry":{"type":"Point","coordinates":[-86.266741,39.823067]},"properties":{"year":1975,"period":"1975","kind":"VA"}},{"type":"Feature","geometry":{"type":"Point","coordinates":[-86.11029,39.654382]},"properties":{"year":1975,"period":"1975","kind":"FHA"}},{"type":"Feature","geometry":{"type":"Point","coordinates":[-86.213613,39.794874]},"properties":{"year":1975,"period":"1975","kind":"VA"}},{"type":"Feature","geometry":{"type":"Point","coordinates":[-85.982073,39.808049]},"properties":{"year":1975,"period":"1975","kind":"VA"}},{"type":"Feature","geometry":{"type":"Point","coordinates":[-86.077208,39.828422]},"properties":{"year":1975,"period":"1975","kind":"VA"}},{"type":"Feature","geometry":{"type":"Point","coordinates":[-86.273919,39.783214]},"properties":{"year":1975,"period":"1975","kind":"VA"}},{"type":"Feature","geometry":{"type":"Point","coordinates":[-86.108212,39.654308]},"properties":{"year":1975,"period":"1975","kind":"FHA"}},{"type":"Feature","geometry":{"type":"Point","coordinates":[-86.024482,39.825169]},"properties":{"year":1975,"period":"1975","kind":"VA"}},{"type":"Feature","geometry":{"type":"Point","coordinates":[-86.103879,39.659364]},"properties":{"year":1975,"period":"1975","kind":"FHA"}},{"type":"Feature","geometry":{"type":"Point","coordinates":[-86.067937,39.68687]},"properties":{"year":1975,"period":"1975","kind":"VA"}},{"type":"Feature","geometry":{"type":"Point","coordinates":[-86.233053,39.838924]},"properties":{"year":1975,"period":"1975","kind":"FHA"}},{"type":"Feature","geometry":{"type":"Point","coordinates":[-86.276951,39.784851]},"properties":{"year":1975,"period":"1975","kind":"VA"}},{"type":"Feature","geometry":{"type":"Point","coordinates":[-86.082537,39.832914]},"properties":{"year":1975,"period":"1975","kind":"VA"}},{"type":"Feature","geometry":{"type":"Point","coordinates":[-86.1640949615153,39.6986855403322]},"properties":{"year":1975,"period":"1975","kind":"VA"}},{"type":"Feature","geometry":{"type":"Point","coordinates":[-86.165682,39.848558]},"properties":{"year":1975,"period":"1975","kind":"VA"}},{"type":"Feature","geometry":{"type":"Point","coordinates":[-86.203621,39.794599]},"properties":{"year":1975,"period":"1975","kind":"VA"}},{"type":"Feature","geometry":{"type":"Point","coordinates":[-86.269699,39.817493]},"properties":{"year":1975,"period":"1975","kind":"VA"}},{"type":"Feature","geometry":{"type":"Point","coordinates":[-86.023936,39.820383]},"properties":{"year":1975,"period":"1975","kind":"VA"}},{"type":"Feature","geometry":{"type":"Point","coordinates":[-86.152104,39.922076]},"properties":{"year":1975,"period":"1975","kind":"VA"}},{"type":"Feature","geometry":{"type":"Point","coordinates":[-86.023999,39.824428]},"properties":{"year":1975,"period":"1975","kind":"VA"}},{"type":"Feature","geometry":{"type":"Point","coordinates":[-86.098982,39.660281]},"properties":{"year":1975,"period":"1975","kind":"VA"}},{"type":"Feature","geometry":{"type":"Point","coordinates":[-86.150887,39.906306]},"properties":{"year":1975,"period":"1975","kind":"VA"}},{"type":"Feature","geometry":{"type":"Point","coordinates":[-86.269568,39.806909]},"properties":{"year":1975,"period":"1975","kind":"VA"}},{"type":"Feature","geometry":{"type":"Point","coordinates":[-85.998555,39.82435]},"properties":{"year":1975,"period":"1975","kind":"VA"}},{"type":"Feature","geometry":{"type":"Point","coordinates":[-86.097589,39.660791]},"properties":{"year":1975,"period":"1975","kind":"VA"}},{"type":"Feature","geometry":{"type":"Point","coordinates":[-86.200079,39.848113]},"properties":{"year":1975,"period":"1975","kind":"VA"}},{"type":"Feature","geometry":{"type":"Point","coordinates":[-86.2800247044757,39.768832779647]},"properties":{"year":1975,"period":"1975","kind":"VA"}},{"type":"Feature","geometry":{"type":"Point","coordinates":[-86.173661,39.845795]},"properties":{"year":1975,"period":"1975","kind":"FHA"}},{"type":"Feature","geometry":{"type":"Point","coordinates":[-86.322572,39.767243]},"properties":{"year":1975,"period":"1975","kind":"FHA"}},{"type":"Feature","geometry":{"type":"Point","coordinates":[-86.133339,39.668834]},"properties":{"year":1975,"period":"1975","kind":"VA"}},{"type":"Feature","geometry":{"type":"Point","coordinates":[-86.090965,39.809529]},"properties":{"year":1975,"period":"1975","kind":"VA"}}]}