{"type":"FeatureCollection","features":[{"type":"Feature","geometry":{"type":"Point","coordinates":[-89.590841,40.731124]},"properties":{"year":1935,"period":"1935-40","kind":"FHA"}},{"type":"Feature","geometry":{"type":"Point","coordinates":[-89.589682,40.730426]},"properties":{"year":1935,"period":"1935-40","kind":"FHA"}},{"type":"Feature","geometry":{"type":"Point","coordinates":[-89.693398,40.697731]},"properties":{"year":1935,"period":"1935-40","kind":"FHA"}},{"type":"Feature","geometry":{"type":"Point","coordinates":[-89.590465,40.730025]},"properties":{"year":1935,"period":"1935-40","kind":"FHA"}},{"type":"Feature","geometry":{"type":"Point","coordinates":[-89.590841,40.731124]},"properties":{"year":1935,"period":"1935-40","kind":"FHA"}},{"type":"Feature","geometry":{"type":"Point","coordinates":[-89.596561,40.724314]},"properties":{"year":1935,"period":"1935-40","kind":"FHA"}},{"type":"Feature","geometry":{"type":"Point","coordinates":[-89.590841,40.731124]},"properties":{"year":1935,"period":"1935-40","kind":"FHA"}},{"type":"Feature","geometry":{"type":"Point","coordinates":[-89.600619,40.717194]},"properties":{"year":1936,"period":"1935-40","kind":"FHA"}},{"type":"Feature","geometry":{"type":"Point","coordinates":[-89.599115,40.713905]},"properties":{"year":1936,"period":"1935-40","kind":"FHA"}},{"type":"Feature","geometry":{"type":"Point","coordinates":[-89.596358,40.735118]},"properties":{"year":1936,"period":"1935-40","kind":"FHA"}},{"type":"Feature","geometry":{"type":"Point","coordinates":[-89.610433,40.698045]},"properties":{"year":1936,"period":"1935-40","kind":"FHA"}},{"type":"Feature","geometry":{"type":"Point","coordinates":[-89.615254,40.70358]},"properties":{"year":1936,"period":"1935-40","kind":"FHA"}},{"type":"Feature","geometry":{"type":"Point","coordinates":[-89.619612,40.699332]},"properties":{"year":1936,"period":"1935-40","kind":"FHA"}},{"type":"Feature","geometry":{"type":"Point","coordinates":[-89.602013,40.729018]},"properties":{"year":1936,"period":"1935-40","kind":"FHA"}},{"type":"Feature","geometry":{"type":"Point","coordinates":[-89.625328,40.699052]},"properties":{"year":1936,"period":"1935-40","kind":"FHA"}},{"type":"Feature","geometry":{"type":"Point","coordinates":[-89.586176,40.724164]},"properties":{"year":1936,"period":"1935-40","kind":"FHA"}},{"type":"Feature","geometry":{"type":"Point","coordinates":[-89.59878317,40.7081349]},"properties":{"year":1936,"period":"1935-40","kind":"FHA"}},{"type":"Feature","geometry":{"type":"Point","coordinates":[-89.62417,40.698095]},"properties":{"year":1936,"period":"1935-40","kind":"FHA"}},{"type":"Feature","geometry":{"type":"Point","coordinates":[-89.628158,40.690176]},"properties":{"year":1936,"period":"1935-40","kind":"FHA"}},{"type":"Feature","geometry":{"type":"Point","coordinates":[-89.580472,40.73582]},"properties":{"year":1936,"period":"1935-40","kind":"FHA"}},{"type":"Feature","geometry":{"type":"Point","coordinates":[-89.58133,40.713459]},"properties":{"year":1936,"period":"1935-40","kind":"FHA"}},{"type":"Feature","geometry":{"type":"Point","coordinates":[-89.605256,40.721988]},"properties":{"year":1936,"period":"1935-40","kind":"FHA"}},{"type":"Feature","geometry":{"type":"Point","coordinates":[-89.632827,40.69651]},"properties":{"year":1936,"period":"1935-40","kind":"FHA"}},{"type":"Feature","geometry":{"type":"Point","coordinates":[-89.575512,40.726303]},"properties":{"year":1936,"period":"1935-40","kind":"FHA"}},{"type":"Feature","geometry":{"type":"Point","coordinates":[-89.600327,40.724222]},"properties":{"year":1936,"period":"1935-40","kind":"FHA"}},{"type":"Feature","geometry":{"type":"Point","coordinates":[-89.589805,40.71257]},"properties":{"year":1936,"period":"1935-40","kind":"FHA"}},{"type":"Feature","geometry":{"type":"Point","coordinates":[-89.59898,40.721908]},"properties":{"year":1936,"period":"1935-40","kind":"FHA"}},{"type":"Feature","geometry":{"type":"Point","coordinates":[-89.608245,40.720199]},"properties":{"year":1936,"period":"1935-40","kind":"FHA"}},{"type":"Feature","geometry":{"type":"Point","coordinates":[-89.577523,40.719479]},"properties":{"year":1936,"period":"1935-40","kind":"FHA"}},{"type":"Feature","geometry":{"type":"Point","coordinates":[-89.59275818,40.70438608]},"properties":{"year":1936,"period":"1935-40","kind":"FHA"}},{"type":"Feature","geometry":{"type":"Point","coordinates":[-89.60017,40.727636]},"properties":{"year":1936,"period":"1935-40","kind":"FHA"}},{"type":"Feature","geometry":{"type":"Point","coordinates":[-89.61404,40.717144]},"properties":{"year":1936,"period":"1935-40","kind":"FHA"}},{"type":"Feature","geometry":{"type":"Point","coordinates":[-89.603722,40.728272]},"properties":{"year":1936,"period":"1935-40","kind":"FHA"}},{"type":"Feature","geometry":{"type":"Point","coordinates":[-89.593334,40.723602]},"properties":{"year":1936,"period":"1935-40","kind":"FHA"}},{"type":"Feature","geometry":{"type":"Point","coordinates":[-89.624373,40.697564]},"properties":{"year":1936,"period":"1935-40","kind":"FHA"}},{"type":"Feature","geometry":{"type":"Point","coordinates":[-89.60191,40.726808]},"properties":{"year":1936,"period":"1935-40","kind":"FHA"}},{"type":"Feature","geometry":{"type":"Point","coordinates":[-89.600479,40.723739]},"properties":{"year":1936,"period":"1935-40","kind":"FHA"}},{"type":"Feature","geometry":{"type":"Point","coordinates":[-89.624629,40.694337]},"properties":{"year":1936,"period":"1935-40","kind":"FHA"}},{"type":"Feature","geometry":{"type":"Point","coordinates":[-89.581824,40.722251]},"properties":{"year":1936,"period":"1935-40","kind":"FHA"}},{"type":"Feature","geometry":{"type":"Point","coordinates":[-89.625979,40.695258]},"properties":{"year":1936,"period":"1935-40","kind":"FHA"}},{"type":"Feature","geometry":{"type":"Point","coordinates":[-89.612494,40.726863]},"properties":{"year":1936,"period":"1935-40","kind":"FHA"}},{"type":"Feature","geometry":{"type":"Point","coordinates":[-89.611134,40.703523]},"properties":{"year":1936,"period":"1935-40","kind":"FHA"}},{"type":"Feature","geometry":{"type":"Point","coordinates":[-89.59935,40.728136]},"properties":{"year":1936,"period":"1935-40","kind":"FHA"}},{"type":"Feature","geometry":{"type":"Point","coordinates":[-89.59164,40.714631]},"properties":{"year":1936,"period":"1935-40","kind":"FHA"}},{"type":"Feature","geometry":{"type":"Point","coordinates":[-89.600811,40.728152]},"properties":{"year":1936,"period":"1935-40","kind":"FHA"}},{"type":"Feature","geometry":{"type":"Point","coordinates":[-89.576401,40.737051]},"properties":{"year":1936,"period":"1935-40","kind":"FHA"}},{"type":"Feature","geometry":{"type":"Point","coordinates":[-89.599115,40.713905]},"properties":{"year":1936,"period":"1935-40","kind":"FHA"}},{"type":"Feature","geometry":{"type":"Point","coordinates":[-89.614033,40.717418]},"properties":{"year":1936,"period":"1935-40","kind":"FHA"}},{"type":"Feature","geometry":{"type":"Point","coordinates":[-89.605933,40.719789]},"properties":{"year":1936,"period":"1935-40","kind":"FHA"}},{"type":"Feature","geometry":{"type":"Point","coordinates":[-89.602199,40.726811]},"properties":{"year":1936,"period":"1935-40","kind":"FHA"}},{"type":"Feature","geometry":{"type":"Point","coordinates":[-89.572561,40.728711]},"properties":{"year":1936,"period":"1935-40","kind":"FHA"}},{"type":"Feature","geometry":{"type":"Point","coordinates":[-89.63313573,40.69799749]},"properties":{"year":1936,"period":"1935-40","kind":"FHA"}},{"type":"Feature","geometry":{"type":"Point","coordinates":[-89.614739,40.716233]},"properties":{"year":1936,"period":"1935-40","kind":"FHA"}},{"type":"Feature","geometry":{"type":"Point","coordinates":[-89.579717,40.721319]},"properties":{"year":1936,"period":"1935-40","kind":"FHA"}},{"type":"Feature","geometry":{"type":"Point","coordinates":[-89.632303,40.689196]},"properties":{"year":1936,"period":"1935-40","kind":"FHA"}},{"type":"Feature","geometry":{"type":"Point","coordinates":[-89.628734,40.695671]},"properties":{"year":1936,"period":"1935-40","kind":"FHA"}},{"type":"Feature","geometry":{"type":"Point","coordinates":[-89.588568,40.707911]},"properties":{"year":1936,"period":"1935-40","kind":"FHA"}},{"type":"Feature","geometry":{"type":"Point","coordinates":[-89.619179,40.674454]},"properties":{"year":1936,"period":"1935-40","kind":"FHA"}},{"type":"Feature","geometry":{"type":"Point","coordinates":[-89.586139,40.726037]},"properties":{"year":1936,"period":"1935-40","kind":"FHA"}},{"type":"Feature","geometry":{"type":"Point","coordinates":[-89.577005,40.735776]},"properties":{"year":1936,"period":"1935-40","kind":"FHA"}},{"type":"Feature","geometry":{"type":"Point","coordinates":[-89.602916,40.728323]},"properties":{"year":1936,"period":"1935-40","kind":"FHA"}},{"type":"Feature","geometry":{"type":"Point","coordinates":[-89.61266,40.720826]},"properties":{"year":1936,"period":"1935-40","kind":"FHA"}},{"type":"Feature","geometry":{"type":"Point","coordinates":[-89.614913,40.694771]},"properties":{"year":1936,"period":"1935-40","kind":"FHA"}},{"type":"Feature","geometry":{"type":"Point","coordinates":[-89.614862,40.724189]},"properties":{"year":1936,"period":"1935-40","kind":"FHA"}},{"type":"Feature","geometry":{"type":"Point","coordinates":[-89.602577,40.726464]},"properties":{"year":1936,"period":"1935-40","kind":"FHA"}},{"type":"Feature","geometry":{"type":"Point","coordinates":[-89.5603,40.71838]},"properties":{"year":1936,"period":"1935-40","kind":"FHA"}},{"type":"Feature","geometry":{"type":"Point","coordinates":[-89.590844,40.730835]},"properties":{"year":1936,"period":"1935-40","kind":"FHA"}},{"type":"Feature","geometry":{"type":"Point","coordinates":[-89.602433,40.726463]},"properties":{"year":1936,"period":"1935-40","kind":"FHA"}},{"type":"Feature","geometry":{"type":"Point","coordinates":[-89.626758,40.679778]},"properties":{"year":1936,"period":"1935-40","kind":"FHA"}},{"type":"Feature","geometry":{"type":"Point","coordinates":[-89.610913,40.722163]},"properties":{"year":1936,"period":"1935-40","kind":"FHA"}},{"type":"Feature","geometry":{"type":"Point","coordinates":[-89.598872,40.727622]},"properties":{"year":1936,"period":"1935-40","kind":"FHA"}},{"type":"Feature","geometry":{"type":"Point","coordinates":[-89.576908,40.775865]},"properties":{"year":1936,"period":"1935-40","kind":"FHA"}},{"type":"Feature","geometry":{"type":"Point","coordinates":[-89.616115,40.724613]},"properties":{"year":1936,"period":"1935-40","kind":"FHA"}},{"type":"Feature","geometry":{"type":"Point","coordinates":[-89.585396,40.714555]},"properties":{"year":1936,"period":"1935-40","kind":"FHA"}},{"type":"Feature","geometry":{"type":"Point","coordinates":[-89.634423,40.676156]},"properties":{"year":1936,"period":"1935-40","kind":"FHA"}},{"type":"Feature","geometry":{"type":"Point","coordinates":[-89.6049,40.725243]},"properties":{"year":1936,"period":"1935-40","kind":"FHA"}},{"type":"Feature","geometry":{"type":"Point","coordinates":[-89.612275,40.718947]},"properties":{"year":1936,"period":"1935-40","kind":"FHA"}},{"type":"Feature","geometry":{"type":"Point","coordinates":[-89.617197,40.724629]},"properties":{"year":1936,"period":"1935-40","kind":"FHA"}},{"type":"Feature","geometry":{"type":"Point","coordinates":[-89.610965,40.719848]},"properties":{"year":1936,"period":"1935-40","kind":"FHA"}},{"type":"Feature","geometry":{"type":"Point","coordinates":[-89.599269,40.728942]},"properties":{"year":1937,"period":"1935-40","kind":"FHA"}},{"type":"Feature","geometry":{"type":"Point","coordinates":[-89.619196,40.700075]},"properties":{"year":1937,"period":"1935-40","kind":"FHA"}},{"type":"Feature","geometry":{"type":"Point","coordinates":[-89.579267,40.711594]},"properties":{"year":1937,"period":"1935-40","kind":"FHA"}},{"type":"Feature","geometry":{"type":"Point","coordinates":[-89.581927,40.747875]},"properties":{"year":1937,"period":"1935-40","kind":"FHA"}},{"type":"Feature","geometry":{"type":"Point","coordinates":[-89.580485,40.723132]},"properties":{"year":1937,"period":"1935-40","kind":"FHA"}},{"type":"Feature","geometry":{"type":"Point","coordinates":[-89.578262,40.736184]},"properties":{"year":1937,"period":"1935-40","kind":"FHA"}},{"type":"Feature","geometry":{"type":"Point","coordinates":[-89.601278,40.72464]},"properties":{"year":1937,"period":"1935-40","kind":"FHA"}},{"type":"Feature","geometry":{"type":"Point","coordinates":[-89.601823,40.726456]},"properties":{"year":1937,"period":"1935-40","kind":"FHA"}},{"type":"Feature","geometry":{"type":"Point","coordinates":[-89.617377,40.724631]},"properties":{"year":1937,"period":"1935-40","kind":"FHA"}},{"type":"Feature","geometry":{"type":"Point","coordinates":[-89.600161,40.728145]},"properties":{"year":1937,"period":"1935-40","kind":"FHA"}},{"type":"Feature","geometry":{"type":"Point","coordinates":[-89.600029,40.728997]},"properties":{"year":1937,"period":"1935-40","kind":"FHA"}},{"type":"Feature","geometry":{"type":"Point","coordinates":[-89.624038,40.696603]},"properties":{"year":1937,"period":"1935-40","kind":"FHA"}},{"type":"Feature","geometry":{"type":"Point","coordinates":[-89.585151,40.710502]},"properties":{"year":1937,"period":"1935-40","kind":"FHA"}},{"type":"Feature","geometry":{"type":"Point","coordinates":[-89.578966,40.718066]},"properties":{"year":1937,"period":"1935-40","kind":"FHA"}},{"type":"Feature","geometry":{"type":"Point","coordinates":[-89.590836,40.731274]},"properties":{"year":1937,"period":"1935-40","kind":"FHA"}},{"type":"Feature","geometry":{"type":"Point","coordinates":[-89.593826,40.715347]},"properties":{"year":1937,"period":"1935-40","kind":"FHA"}},{"type":"Feature","geometry":{"type":"Point","coordinates":[-89.59886473,40.70533287]},"properties":{"year":1937,"period":"1935-40","kind":"FHA"}},{"type":"Feature","geometry":{"type":"Point","coordinates":[-89.560519,40.718715]},"properties":{"year":1937,"period":"1935-40","kind":"FHA"}},{"type":"Feature","geometry":{"type":"Point","coordinates":[-89.629463,40.689794]},"properties":{"year":1937,"period":"1935-40","kind":"FHA"}},{"type":"Feature","geometry":{"type":"Point","coordinates":[-89.587469,40.718677]},"properties":{"year":1937,"period":"1935-40","kind":"FHA"}},{"type":"Feature","geometry":{"type":"Point","coordinates":[-89.571391,40.744128]},"properties":{"year":1937,"period":"1935-40","kind":"FHA"}},{"type":"Feature","geometry":{"type":"Point","coordinates":[-89.579479,40.723117]},"properties":{"year":1937,"period":"1935-40","kind":"FHA"}},{"type":"Feature","geometry":{"type":"Point","coordinates":[-89.5623364,40.74908003]},"properties":{"year":1937,"period":"1935-40","kind":"FHA"}},{"type":"Feature","geometry":{"type":"Point","coordinates":[-89.588453,40.724129]},"properties":{"year":1937,"period":"1935-40","kind":"FHA"}},{"type":"Feature","geometry":{"type":"Point","coordinates":[-89.612431,40.715738]},"properties":{"year":1937,"period":"1935-40","kind":"FHA"}},{"type":"Feature","geometry":{"type":"Point","coordinates":[-89.626693,40.677416]},"properties":{"year":1937,"period":"1935-40","kind":"FHA"}},{"type":"Feature","geometry":{"type":"Point","coordinates":[-89.58373,40.718642]},"properties":{"year":1937,"period":"1935-40","kind":"FHA"}},{"type":"Feature","geometry":{"type":"Point","coordinates":[-89.632197,40.704587]},"properties":{"year":1937,"period":"1935-40","kind":"FHA"}},{"type":"Feature","geometry":{"type":"Point","coordinates":[-89.577114,40.726324]},"properties":{"year":1937,"period":"1935-40","kind":"FHA"}},{"type":"Feature","geometry":{"type":"Point","coordinates":[-89.607216,40.717077]},"properties":{"year":1937,"period":"1935-40","kind":"FHA"}},{"type":"Feature","geometry":{"type":"Point","coordinates":[-89.575498,40.720505]},"properties":{"year":1937,"period":"1935-40","kind":"FHA"}},{"type":"Feature","geometry":{"type":"Point","coordinates":[-89.633026,40.696192]},"properties":{"year":1937,"period":"1935-40","kind":"FHA"}},{"type":"Feature","geometry":{"type":"Point","coordinates":[-89.576463,40.726594]},"properties":{"year":1937,"period":"1935-40","kind":"FHA"}},{"type":"Feature","geometry":{"type":"Point","coordinates":[-89.58939,40.72182]},"properties":{"year":1937,"period":"1935-40","kind":"FHA"}},{"type":"Feature","geometry":{"type":"Point","coordinates":[-89.590938,40.726496]},"properties":{"year":1937,"period":"1935-40","kind":"FHA"}},{"type":"Feature","geometry":{"type":"Point","coordinates":[-89.589943,40.713667]},"properties":{"year":1937,"period":"1935-40","kind":"FHA"}},{"type":"Feature","geometry":{"type":"Point","coordinates":[-89.622554,40.700493]},"properties":{"year":1937,"period":"1935-40","kind":"FHA"}},{"type":"Feature","geometry":{"type":"Point","coordinates":[-89.627534,40.696204]},"properties":{"year":1937,"period":"1935-40","kind":"FHA"}},{"type":"Feature","geometry":{"type":"Point","coordinates":[-89.580306,40.735818]},"properties":{"year":1937,"period":"1935-40","kind":"FHA"}},{"type":"Feature","geometry":{"type":"Point","coordinates":[-89.614299,40.70122]},"properties":{"year":1937,"period":"1935-40","kind":"FHA"}},{"type":"Feature","geometry":{"type":"Point","coordinates":[-89.585396,40.714555]},"properties":{"year":1937,"period":"1935-40","kind":"FHA"}},{"type":"Feature","geometry":{"type":"Point","coordinates":[-89.613988,40.721958]},"properties":{"year":1937,"period":"1935-40","kind":"FHA"}},{"type":"Feature","geometry":{"type":"Point","coordinates":[-89.587379,40.72087]},"properties":{"year":1937,"period":"1935-40","kind":"FHA"}},{"type":"Feature","geometry":{"type":"Point","coordinates":[-89.599202,40.721911]},"properties":{"year":1937,"period":"1935-40","kind":"FHA"}},{"type":"Feature","geometry":{"type":"Point","coordinates":[-89.610783,40.681008]},"properties":{"year":1937,"period":"1935-40","kind":"FHA"}},{"type":"Feature","geometry":{"type":"Point","coordinates":[-89.575845,40.725866]},"properties":{"year":1937,"period":"1935-40","kind":"FHA"}},{"type":"Feature","geometry":{"type":"Point","coordinates":[-89.611321,40.723173]},"properties":{"year":1937,"period":"1935-40","kind":"FHA"}},{"type":"Feature","geometry":{"type":"Point","coordinates":[-89.586356,40.722279]},"properties":{"year":1937,"period":"1935-40","kind":"FHA"}},{"type":"Feature","geometry":{"type":"Point","coordinates":[-89.575209,40.734899]},"properties":{"year":1937,"period":"1935-40","kind":"FHA"}},{"type":"Feature","geometry":{"type":"Point","coordinates":[-89.630805,40.694384]},"properties":{"year":1937,"period":"1935-40","kind":"FHA"}},{"type":"Feature","geometry":{"type":"Point","coordinates":[-89.614011,40.724583]},"properties":{"year":1937,"period":"1935-40","kind":"FHA"}},{"type":"Feature","geometry":{"type":"Point","coordinates":[-89.580428,40.720423]},"properties":{"year":1937,"period":"1935-40","kind":"FHA"}},{"type":"Feature","geometry":{"type":"Point","coordinates":[-89.618806,40.722786]},"properties":{"year":1937,"period":"1935-40","kind":"FHA"}},{"type":"Feature","geometry":{"type":"Point","coordinates":[-89.621935,40.68337]},"properties":{"year":1937,"period":"1935-40","kind":"FHA"}},{"type":"Feature","geometry":{"type":"Point","coordinates":[-89.599708,40.72373]},"properties":{"year":1937,"period":"1935-40","kind":"FHA"}},{"type":"Feature","geometry":{"type":"Point","coordinates":[-89.66718,40.698961]},"properties":{"year":1937,"period":"1935-40","kind":"FHA"}},{"type":"Feature","geometry":{"type":"Point","coordinates":[-89.611048,40.725977]},"properties":{"year":1937,"period":"1935-40","kind":"FHA"}},{"type":"Feature","geometry":{"type":"Point","coordinates":[-89.576006,40.725868]},"properties":{"year":1937,"period":"1935-40","kind":"FHA"}},{"type":"Feature","geometry":{"type":"Point","coordinates":[-89.568619,40.742289]},"properties":{"year":1937,"period":"1935-40","kind":"FHA"}},{"type":"Feature","geometry":{"type":"Point","coordinates":[-89.629982,40.692004]},"properties":{"year":1937,"period":"1935-40","kind":"FHA"}},{"type":"Feature","geometry":{"type":"Point","coordinates":[-89.59839,40.720898]},"properties":{"year":1937,"period":"1935-40","kind":"FHA"}},{"type":"Feature","geometry":{"type":"Point","coordinates":[-89.629277,40.694372]},"properties":{"year":1937,"period":"1935-40","kind":"FHA"}},{"type":"Feature","geometry":{"type":"Point","coordinates":[-89.573982,40.746293]},"properties":{"year":1937,"period":"1935-40","kind":"FHA"}},{"type":"Feature","geometry":{"type":"Point","coordinates":[-89.577095,40.726598]},"properties":{"year":1937,"period":"1935-40","kind":"FHA"}},{"type":"Feature","geometry":{"type":"Point","coordinates":[-89.598893,40.726775]},"properties":{"year":1937,"period":"1935-40","kind":"FHA"}},{"type":"Feature","geometry":{"type":"Point","coordinates":[-89.579807,40.720416]},"properties":{"year":1937,"period":"1935-40","kind":"FHA"}},{"type":"Feature","geometry":{"type":"Point","coordinates":[-89.612382,40.714779]},"properties":{"year":1937,"period":"1935-40","kind":"FHA"}},{"type":"Feature","geometry":{"type":"Point","coordinates":[-89.613992,40.721668]},"properties":{"year":1937,"period":"1935-40","kind":"FHA"}},{"type":"Feature","geometry":{"type":"Point","coordinates":[-89.613939,40.715031]},"properties":{"year":1937,"period":"1935-40","kind":"FHA"}},{"type":"Feature","geometry":{"type":"Point","coordinates":[-89.578117,40.736182]},"properties":{"year":1937,"period":"1935-40","kind":"FHA"}},{"type":"Feature","geometry":{"type":"Point","coordinates":[-89.63139,40.671452]},"properties":{"year":1937,"period":"1935-40","kind":"FHA"}},{"type":"Feature","geometry":{"type":"Point","coordinates":[-89.614068,40.716032]},"properties":{"year":1937,"period":"1935-40","kind":"FHA"}},{"type":"Feature","geometry":{"type":"Point","coordinates":[-89.579317,40.708929]},"properties":{"year":1937,"period":"1935-40","kind":"FHA"}},{"type":"Feature","geometry":{"type":"Point","coordinates":[-89.600219,40.72849]},"properties":{"year":1937,"period":"1935-40","kind":"FHA"}},{"type":"Feature","geometry":{"type":"Point","coordinates":[-89.579736,40.736919]},"properties":{"year":1937,"period":"1935-40","kind":"FHA"}},{"type":"Feature","geometry":{"type":"Point","coordinates":[-89.580511,40.70911]},"properties":{"year":1937,"period":"1935-40","kind":"FHA"}},{"type":"Feature","geometry":{"type":"Point","coordinates":[-89.571142,40.743738]},"properties":{"year":1937,"period":"1935-40","kind":"FHA"}},{"type":"Feature","geometry":{"type":"Point","coordinates":[-89.610191,40.715693]},"properties":{"year":1937,"period":"1935-40","kind":"FHA"}},{"type":"Feature","geometry":{"type":"Point","coordinates":[-89.601071,40.722855]},"properties":{"year":1937,"period":"1935-40","kind":"FHA"}},{"type":"Feature","geometry":{"type":"Point","coordinates":[-89.583785,40.724209]},"properties":{"year":1937,"period":"1935-40","kind":"FHA"}},{"type":"Feature","geometry":{"type":"Point","coordinates":[-89.597456,40.703972]},"properties":{"year":1937,"period":"1935-40","kind":"FHA"}},{"type":"Feature","geometry":{"type":"Point","coordinates":[-89.614689,40.723891]},"properties":{"year":1937,"period":"1935-40","kind":"FHA"}},{"type":"Feature","geometry":{"type":"Point","coordinates":[-89.585132,40.710936]},"properties":{"year":1937,"period":"1935-40","kind":"FHA"}},{"type":"Feature","geometry":{"type":"Point","coordinates":[-89.634671,40.696908]},"properties":{"year":1937,"period":"1935-40","kind":"FHA"}},{"type":"Feature","geometry":{"type":"Point","coordinates":[-89.608455,40.70451]},"properties":{"year":1937,"period":"1935-40","kind":"FHA"}},{"type":"Feature","geometry":{"type":"Point","coordinates":[-89.636713,40.696594]},"properties":{"year":1937,"period":"1935-40","kind":"FHA"}},{"type":"Feature","geometry":{"type":"Point","coordinates":[-89.690201,40.699887]},"properties":{"year":1937,"period":"1935-40","kind":"FHA"}},{"type":"Feature","geometry":{"type":"Point","coordinates":[-89.591395,40.724546]},"properties":{"year":1937,"period":"1935-40","kind":"FHA"}},{"type":"Feature","geometry":{"type":"Point","coordinates":[-89.634411,40.700862]},"properties":{"year":1937,"period":"1935-40","kind":"FHA"}},{"type":"Feature","geometry":{"type":"Point","coordinates":[-89.65051129,40.65041132]},"properties":{"year":1937,"period":"1935-40","kind":"FHA"}},{"type":"Feature","geometry":{"type":"Point","coordinates":[-89.595057,40.73463]},"properties":{"year":1937,"period":"1935-40","kind":"FHA"}},{"type":"Feature","geometry":{"type":"Point","coordinates":[-89.614338,40.723886]},"properties":{"year":1937,"period":"1935-40","kind":"FHA"}},{"type":"Feature","geometry":{"type":"Point","coordinates":[-89.602658,40.714573]},"properties":{"year":1937,"period":"1935-40","kind":"FHA"}},{"type":"Feature","geometry":{"type":"Point","coordinates":[-89.586424,40.724806]},"properties":{"year":1937,"period":"1935-40","kind":"FHA"}},{"type":"Feature","geometry":{"type":"Point","coordinates":[-89.631128,40.689194]},"properties":{"year":1937,"period":"1935-40","kind":"FHA"}},{"type":"Feature","geometry":{"type":"Point","coordinates":[-89.590828,40.7319]},"properties":{"year":1937,"period":"1935-40","kind":"FHA"}},{"type":"Feature","geometry":{"type":"Point","coordinates":[-89.631011,40.679265]},"properties":{"year":1937,"period":"1935-40","kind":"FHA"}},{"type":"Feature","geometry":{"type":"Point","coordinates":[-89.601956,40.727655]},"properties":{"year":1937,"period":"1935-40","kind":"FHA"}},{"type":"Feature","geometry":{"type":"Point","coordinates":[-89.605816,40.707722]},"properties":{"year":1937,"period":"1935-40","kind":"FHA"}},{"type":"Feature","geometry":{"type":"Point","coordinates":[-89.618477,40.722669]},"properties":{"year":1937,"period":"1935-40","kind":"FHA"}},{"type":"Feature","geometry":{"type":"Point","coordinates":[-89.62379,40.680664]},"properties":{"year":1937,"period":"1935-40","kind":"FHA"}},{"type":"Feature","geometry":{"type":"Point","coordinates":[-89.617432,40.722473]},"properties":{"year":1937,"period":"1935-40","kind":"FHA"}},{"type":"Feature","geometry":{"type":"Point","coordinates":[-89.635632,40.696926]},"properties":{"year":1937,"period":"1935-40","kind":"FHA"}},{"type":"Feature","geometry":{"type":"Point","coordinates":[-89.590508,40.755856]},"properties":{"year":1937,"period":"1935-40","kind":"FHA"}},{"type":"Feature","geometry":{"type":"Point","coordinates":[-89.614491,40.72459]},"properties":{"year":1937,"period":"1935-40","kind":"FHA"}},{"type":"Feature","geometry":{"type":"Point","coordinates":[-89.613477,40.715737]},"properties":{"year":1937,"period":"1935-40","kind":"FHA"}},{"type":"Feature","geometry":{"type":"Point","coordinates":[-89.660268,40.648633]},"properties":{"year":1937,"period":"1935-40","kind":"FHA"}},{"type":"Feature","geometry":{"type":"Point","coordinates":[-89.614509,40.723888]},"properties":{"year":1937,"period":"1935-40","kind":"FHA"}},{"type":"Feature","geometry":{"type":"Point","coordinates":[-89.613843,40.724175]},"properties":{"year":1937,"period":"1935-40","kind":"FHA"}},{"type":"Feature","geometry":{"type":"Point","coordinates":[-89.602932,40.727474]},"properties":{"year":1937,"period":"1935-40","kind":"FHA"}},{"type":"Feature","geometry":{"type":"Point","coordinates":[-89.8088,40.5677]},"properties":{"year":1937,"period":"1935-40","kind":"FHA"}},{"type":"Feature","geometry":{"type":"Point","coordinates":[-89.631128,40.689194]},"properties":{"year":1937,"period":"1935-40","kind":"FHA"}},{"type":"Feature","geometry":{"type":"Point","coordinates":[-89.571108,40.757387]},"properties":{"year":1938,"period":"1935-40","kind":"FHA"}},{"type":"Feature","geometry":{"type":"Point","coordinates":[-89.626695,40.695657]},"properties":{"year":1938,"period":"1935-40","kind":"FHA"}},{"type":"Feature","geometry":{"type":"Point","coordinates":[-89.599556,40.723728]},"properties":{"year":1938,"period":"1935-40","kind":"FHA"}},{"type":"Feature","geometry":{"type":"Point","coordinates":[-89.66094467,40.64870456]},"properties":{"year":1938,"period":"1935-40","kind":"FHA"}},{"type":"Feature","geometry":{"type":"Point","coordinates":[-89.61778,40.722599]},"properties":{"year":1938,"period":"1935-40","kind":"FHA"}},{"type":"Feature","geometry":{"type":"Point","coordinates":[-89.608387,40.726453]},"properties":{"year":1938,"period":"1935-40","kind":"FHA"}},{"type":"Feature","geometry":{"type":"Point","coordinates":[-89.608387,40.726406]},"properties":{"year":1938,"period":"1935-40","kind":"FHA"}},{"type":"Feature","geometry":{"type":"Point","coordinates":[-89.581784,40.706331]},"properties":{"year":1938,"period":"1935-40","kind":"FHA"}},{"type":"Feature","geometry":{"type":"Point","coordinates":[-89.604631,40.721585]},"properties":{"year":1938,"period":"1935-40","kind":"FHA"}},{"type":"Feature","geometry":{"type":"Point","coordinates":[-89.610942,40.721159]},"properties":{"year":1938,"period":"1935-40","kind":"FHA"}},{"type":"Feature","geometry":{"type":"Point","coordinates":[-89.57602,40.741147]},"properties":{"year":1938,"period":"1935-40","kind":"FHA"}},{"type":"Feature","geometry":{"type":"Point","coordinates":[-89.57629,40.727752]},"properties":{"year":1938,"period":"1935-40","kind":"FHA"}},{"type":"Feature","geometry":{"type":"Point","coordinates":[-89.597932,40.724203]},"properties":{"year":1938,"period":"1935-40","kind":"FHA"}},{"type":"Feature","geometry":{"type":"Point","coordinates":[-89.592397,40.734064]},"properties":{"year":1938,"period":"1935-40","kind":"FHA"}},{"type":"Feature","geometry":{"type":"Point","coordinates":[-89.603713,40.723425]},"properties":{"year":1938,"period":"1935-40","kind":"FHA"}},{"type":"Feature","geometry":{"type":"Point","coordinates":[-89.59925,40.723724]},"properties":{"year":1938,"period":"1935-40","kind":"FHA"}},{"type":"Feature","geometry":{"type":"Point","coordinates":[-89.611055,40.725844]},"properties":{"year":1938,"period":"1935-40","kind":"FHA"}},{"type":"Feature","geometry":{"type":"Point","coordinates":[-89.634022,40.697523]},"properties":{"year":1938,"period":"1935-40","kind":"FHA"}},{"type":"Feature","geometry":{"type":"Point","coordinates":[-89.581774,40.705772]},"properties":{"year":1938,"period":"1935-40","kind":"FHA"}},{"type":"Feature","geometry":{"type":"Point","coordinates":[-89.61181713,40.71164999]},"properties":{"year":1938,"period":"1935-40","kind":"FHA"}},{"type":"Feature","geometry":{"type":"Point","coordinates":[-89.597932,40.724203]},"properties":{"year":1938,"period":"1935-40","kind":"FHA"}},{"type":"Feature","geometry":{"type":"Point","coordinates":[-89.632346,40.68978]},"properties":{"year":1938,"period":"1935-40","kind":"FHA"}},{"type":"Feature","geometry":{"type":"Point","coordinates":[-89.606173,40.712075]},"properties":{"year":1938,"period":"1935-40","kind":"FHA"}},{"type":"Feature","geometry":{"type":"Point","coordinates":[-89.613168,40.703293]},"properties":{"year":1938,"period":"1935-40","kind":"FHA"}},{"type":"Feature","geometry":{"type":"Point","coordinates":[-89.58614,40.726146]},"properties":{"year":1938,"period":"1935-40","kind":"FHA"}},{"type":"Feature","geometry":{"type":"Point","coordinates":[-89.595943,40.722791]},"properties":{"year":1938,"period":"1935-40","kind":"FHA"}},{"type":"Feature","geometry":{"type":"Point","coordinates":[-89.583342,40.717731]},"properties":{"year":1938,"period":"1935-40","kind":"FHA"}},{"type":"Feature","geometry":{"type":"Point","coordinates":[-89.613535,40.723874]},"properties":{"year":1938,"period":"1935-40","kind":"FHA"}},{"type":"Feature","geometry":{"type":"Point","coordinates":[-89.6604,40.648064]},"properties":{"year":1938,"period":"1935-40","kind":"FHA"}},{"type":"Feature","geometry":{"type":"Point","coordinates":[-89.613851,40.723879]},"properties":{"year":1938,"period":"1935-40","kind":"FHA"}},{"type":"Feature","geometry":{"type":"Point","coordinates":[-89.609492,40.702639]},"properties":{"year":1938,"period":"1935-40","kind":"FHA"}},{"type":"Feature","geometry":{"type":"Point","coordinates":[-89.632297,40.692159]},"properties":{"year":1938,"period":"1935-40","kind":"FHA"}},{"type":"Feature","geometry":{"type":"Point","coordinates":[-89.629637,40.672674]},"properties":{"year":1938,"period":"1935-40","kind":"FHA"}},{"type":"Feature","geometry":{"type":"Point","coordinates":[-89.575977,40.727035]},"properties":{"year":1938,"period":"1935-40","kind":"FHA"}},{"type":"Feature","geometry":{"type":"Point","coordinates":[-89.58508199,40.71664116]},"properties":{"year":1938,"period":"1935-40","kind":"FHA"}},{"type":"Feature","geometry":{"type":"Point","coordinates":[-89.577095,40.726598]},"properties":{"year":1938,"period":"1935-40","kind":"FHA"}},{"type":"Feature","geometry":{"type":"Point","coordinates":[-89.592213,40.728946]},"properties":{"year":1938,"period":"1935-40","kind":"FHA"}},{"type":"Feature","geometry":{"type":"Point","coordinates":[-89.580737,40.719516]},"properties":{"year":1938,"period":"1935-40","kind":"FHA"}},{"type":"Feature","geometry":{"type":"Point","coordinates":[-89.57602,40.741147]},"properties":{"year":1938,"period":"1935-40","kind":"FHA"}},{"type":"Feature","geometry":{"type":"Point","coordinates":[-89.633027,40.697772]},"properties":{"year":1938,"period":"1935-40","kind":"FHA"}},{"type":"Feature","geometry":{"type":"Point","coordinates":[-89.569074,40.742468]},"properties":{"year":1938,"period":"1935-40","kind":"FHA"}},{"type":"Feature","geometry":{"type":"Point","coordinates":[-89.608904,40.719306]},"properties":{"year":1938,"period":"1935-40","kind":"FHA"}},{"type":"Feature","geometry":{"type":"Point","coordinates":[-89.605506,40.700696]},"properties":{"year":1938,"period":"1935-40","kind":"FHA"}},{"type":"Feature","geometry":{"type":"Point","coordinates":[-89.62669,40.69906]},"properties":{"year":1938,"period":"1935-40","kind":"FHA"}},{"type":"Feature","geometry":{"type":"Point","coordinates":[-89.598709,40.72762]},"properties":{"year":1938,"period":"1935-40","kind":"FHA"}},{"type":"Feature","geometry":{"type":"Point","coordinates":[-89.614025,40.723421]},"properties":{"year":1938,"period":"1935-40","kind":"FHA"}},{"type":"Feature","geometry":{"type":"Point","coordinates":[-89.633207,40.697522]},"properties":{"year":1938,"period":"1935-40","kind":"FHA"}},{"type":"Feature","geometry":{"type":"Point","coordinates":[-89.601455,40.724641]},"properties":{"year":1938,"period":"1935-40","kind":"FHA"}},{"type":"Feature","geometry":{"type":"Point","coordinates":[-89.596029,40.724568]},"properties":{"year":1938,"period":"1935-40","kind":"FHA"}},{"type":"Feature","geometry":{"type":"Point","coordinates":[-89.599296,40.748238]},"properties":{"year":1938,"period":"1935-40","kind":"FHA"}},{"type":"Feature","geometry":{"type":"Point","coordinates":[-89.628168,40.688926]},"properties":{"year":1938,"period":"1935-40","kind":"FHA"}},{"type":"Feature","geometry":{"type":"Point","coordinates":[-89.632828,40.697617]},"properties":{"year":1938,"period":"1935-40","kind":"FHA"}},{"type":"Feature","geometry":{"type":"Point","coordinates":[-89.636756,40.697232]},"properties":{"year":1938,"period":"1935-40","kind":"FHA"}},{"type":"Feature","geometry":{"type":"Point","coordinates":[-89.636317,40.69786]},"properties":{"year":1938,"period":"1935-40","kind":"FHA"}},{"type":"Feature","geometry":{"type":"Point","coordinates":[-89.622111,40.694762]},"properties":{"year":1938,"period":"1935-40","kind":"FHA"}},{"type":"Feature","geometry":{"type":"Point","coordinates":[-89.622111,40.694762]},"properties":{"year":1938,"period":"1935-40","kind":"FHA"}},{"type":"Feature","geometry":{"type":"Point","coordinates":[-89.601444,40.715266]},"properties":{"year":1938,"period":"1935-40","kind":"FHA"}},{"type":"Feature","geometry":{"type":"Point","coordinates":[-89.614175,40.723884]},"properties":{"year":1938,"period":"1935-40","kind":"FHA"}},{"type":"Feature","geometry":{"type":"Point","coordinates":[-89.584698,40.718131]},"properties":{"year":1938,"period":"1935-40","kind":"FHA"}},{"type":"Feature","geometry":{"type":"Point","coordinates":[-89.575254,40.733141]},"properties":{"year":1938,"period":"1935-40","kind":"FHA"}},{"type":"Feature","geometry":{"type":"Point","coordinates":[-89.634411,40.700862]},"properties":{"year":1938,"period":"1935-40","kind":"FHA"}},{"type":"Feature","geometry":{"type":"Point","coordinates":[-89.636208,40.697727]},"properties":{"year":1938,"period":"1935-40","kind":"FHA"}},{"type":"Feature","geometry":{"type":"Point","coordinates":[-89.635271,40.69722]},"properties":{"year":1938,"period":"1935-40","kind":"FHA"}},{"type":"Feature","geometry":{"type":"Point","coordinates":[-89.614013,40.723881]},"properties":{"year":1938,"period":"1935-40","kind":"FHA"}},{"type":"Feature","geometry":{"type":"Point","coordinates":[-89.590859,40.729848]},"properties":{"year":1938,"period":"1935-40","kind":"FHA"}},{"type":"Feature","geometry":{"type":"Point","coordinates":[-89.62703,40.692532]},"properties":{"year":1938,"period":"1935-40","kind":"FHA"}},{"type":"Feature","geometry":{"type":"Point","coordinates":[-89.622095,40.701789]},"properties":{"year":1938,"period":"1935-40","kind":"FHA"}},{"type":"Feature","geometry":{"type":"Point","coordinates":[-89.612536,40.723878]},"properties":{"year":1938,"period":"1935-40","kind":"FHA"}},{"type":"Feature","geometry":{"type":"Point","coordinates":[-89.587384,40.724153]},"properties":{"year":1938,"period":"1935-40","kind":"FHA"}},{"type":"Feature","geometry":{"type":"Point","coordinates":[-89.601982,40.714485]},"properties":{"year":1938,"period":"1935-40","kind":"FHA"}},{"type":"Feature","geometry":{"type":"Point","coordinates":[-89.633026,40.697178]},"properties":{"year":1938,"period":"1935-40","kind":"FHA"}},{"type":"Feature","geometry":{"type":"Point","coordinates":[-89.614175,40.723884]},"properties":{"year":1938,"period":"1935-40","kind":"FHA"}},{"type":"Feature","geometry":{"type":"Point","coordinates":[-89.599813,40.726785]},"properties":{"year":1938,"period":"1935-40","kind":"FHA"}},{"type":"Feature","geometry":{"type":"Point","coordinates":[-89.633748,40.697781]},"properties":{"year":1938,"period":"1935-40","kind":"FHA"}},{"type":"Feature","geometry":{"type":"Point","coordinates":[-89.5603,40.71838]},"properties":{"year":1938,"period":"1935-40","kind":"FHA"}},{"type":"Feature","geometry":{"type":"Point","coordinates":[-89.617251,40.72247]},"properties":{"year":1938,"period":"1935-40","kind":"FHA"}},{"type":"Feature","geometry":{"type":"Point","coordinates":[-89.577071,40.713186]},"properties":{"year":1938,"period":"1935-40","kind":"FHA"}},{"type":"Feature","geometry":{"type":"Point","coordinates":[-89.607891,40.725368]},"properties":{"year":1938,"period":"1935-40","kind":"FHA"}},{"type":"Feature","geometry":{"type":"Point","coordinates":[-89.571146,40.742833]},"properties":{"year":1938,"period":"1935-40","kind":"FHA"}},{"type":"Feature","geometry":{"type":"Point","coordinates":[-89.5924727,40.7221259]},"properties":{"year":1938,"period":"1935-40","kind":"FHA"}},{"type":"Feature","geometry":{"type":"Point","coordinates":[-89.577037,40.714157]},"properties":{"year":1938,"period":"1935-40","kind":"FHA"}},{"type":"Feature","geometry":{"type":"Point","coordinates":[-89.580281,40.719511]},"properties":{"year":1938,"period":"1935-40","kind":"FHA"}},{"type":"Feature","geometry":{"type":"Point","coordinates":[-89.61181713,40.71164999]},"properties":{"year":1938,"period":"1935-40","kind":"FHA"}},{"type":"Feature","geometry":{"type":"Point","coordinates":[-89.619536,40.701978]},"properties":{"year":1938,"period":"1935-40","kind":"FHA"}},{"type":"Feature","geometry":{"type":"Point","coordinates":[-89.635452,40.696199]},"properties":{"year":1938,"period":"1935-40","kind":"FHA"}},{"type":"Feature","geometry":{"type":"Point","coordinates":[-89.617022,40.701477]},"properties":{"year":1938,"period":"1935-40","kind":"FHA"}},{"type":"Feature","geometry":{"type":"Point","coordinates":[-89.60076,40.728496]},"properties":{"year":1938,"period":"1935-40","kind":"FHA"}},{"type":"Feature","geometry":{"type":"Point","coordinates":[-89.61088,40.716224]},"properties":{"year":1938,"period":"1935-40","kind":"FHA"}},{"type":"Feature","geometry":{"type":"Point","coordinates":[-89.597647,40.721868]},"properties":{"year":1938,"period":"1935-40","kind":"FHA"}},{"type":"Feature","geometry":{"type":"Point","coordinates":[-89.633388,40.698199]},"properties":{"year":1938,"period":"1935-40","kind":"FHA"}},{"type":"Feature","geometry":{"type":"Point","coordinates":[-89.631533,40.704504]},"properties":{"year":1938,"period":"1935-40","kind":"FHA"}},{"type":"Feature","geometry":{"type":"Point","coordinates":[-89.61387,40.723123]},"properties":{"year":1938,"period":"1935-40","kind":"FHA"}},{"type":"Feature","geometry":{"type":"Point","coordinates":[-89.602943,40.726854]},"properties":{"year":1938,"period":"1935-40","kind":"FHA"}},{"type":"Feature","geometry":{"type":"Point","coordinates":[-89.626916,40.691611]},"properties":{"year":1938,"period":"1935-40","kind":"FHA"}},{"type":"Feature","geometry":{"type":"Point","coordinates":[-89.611475,40.725573]},"properties":{"year":1938,"period":"1935-40","kind":"FHA"}},{"type":"Feature","geometry":{"type":"Point","coordinates":[-89.632828,40.69826]},"properties":{"year":1938,"period":"1935-40","kind":"FHA"}},{"type":"Feature","geometry":{"type":"Point","coordinates":[-89.61776,40.723946]},"properties":{"year":1938,"period":"1935-40","kind":"FHA"}},{"type":"Feature","geometry":{"type":"Point","coordinates":[-89.624455,40.698097]},"properties":{"year":1938,"period":"1935-40","kind":"FHA"}},{"type":"Feature","geometry":{"type":"Point","coordinates":[-89.611061,40.725564]},"properties":{"year":1938,"period":"1935-40","kind":"FHA"}},{"type":"Feature","geometry":{"type":"Point","coordinates":[-89.593997,40.768561]},"properties":{"year":1938,"period":"1935-40","kind":"FHA"}},{"type":"Feature","geometry":{"type":"Point","coordinates":[-89.580538,40.719511]},"properties":{"year":1938,"period":"1935-40","kind":"FHA"}},{"type":"Feature","geometry":{"type":"Point","coordinates":[-89.604353,40.71473]},"properties":{"year":1938,"period":"1935-40","kind":"FHA"}},{"type":"Feature","geometry":{"type":"Point","coordinates":[-89.575488,40.726569]},"properties":{"year":1938,"period":"1935-40","kind":"FHA"}},{"type":"Feature","geometry":{"type":"Point","coordinates":[-89.809774,40.573044]},"properties":{"year":1938,"period":"1935-40","kind":"FHA"}},{"type":"Feature","geometry":{"type":"Point","coordinates":[-89.614187,40.723423]},"properties":{"year":1938,"period":"1935-40","kind":"FHA"}},{"type":"Feature","geometry":{"type":"Point","coordinates":[-89.608293,40.726507]},"properties":{"year":1938,"period":"1935-40","kind":"FHA"}},{"type":"Feature","geometry":{"type":"Point","coordinates":[-89.693791,40.698]},"properties":{"year":1938,"period":"1935-40","kind":"FHA"}},{"type":"Feature","geometry":{"type":"Point","coordinates":[-89.596902,40.761642]},"properties":{"year":1938,"period":"1935-40","kind":"FHA"}},{"type":"Feature","geometry":{"type":"Point","coordinates":[-89.636721,40.697377]},"properties":{"year":1938,"period":"1935-40","kind":"FHA"}},{"type":"Feature","geometry":{"type":"Point","coordinates":[-89.626916,40.691611]},"properties":{"year":1938,"period":"1935-40","kind":"FHA"}},{"type":"Feature","geometry":{"type":"Point","coordinates":[-89.606434,40.721099]},"properties":{"year":1938,"period":"1935-40","kind":"FHA"}},{"type":"Feature","geometry":{"type":"Point","coordinates":[-89.605732,40.712439]},"properties":{"year":1938,"period":"1935-40","kind":"FHA"}},{"type":"Feature","geometry":{"type":"Point","coordinates":[-89.607481,40.726343]},"properties":{"year":1938,"period":"1935-40","kind":"FHA"}},{"type":"Feature","geometry":{"type":"Point","coordinates":[-89.69792,40.575623]},"properties":{"year":1938,"period":"1935-40","kind":"FHA"}},{"type":"Feature","geometry":{"type":"Point","coordinates":[-89.606357,40.703821]},"properties":{"year":1938,"period":"1935-40","kind":"FHA"}},{"type":"Feature","geometry":{"type":"Point","coordinates":[-89.636209,40.697221]},"properties":{"year":1938,"period":"1935-40","kind":"FHA"}},{"type":"Feature","geometry":{"type":"Point","coordinates":[-89.633362,40.690879]},"properties":{"year":1938,"period":"1935-40","kind":"FHA"}},{"type":"Feature","geometry":{"type":"Point","coordinates":[-89.590349,40.730963]},"properties":{"year":1938,"period":"1935-40","kind":"FHA"}},{"type":"Feature","geometry":{"type":"Point","coordinates":[-89.611378,40.716599]},"properties":{"year":1938,"period":"1935-40","kind":"FHA"}},{"type":"Feature","geometry":{"type":"Point","coordinates":[-89.632847,40.690261]},"properties":{"year":1938,"period":"1935-40","kind":"FHA"}},{"type":"Feature","geometry":{"type":"Point","coordinates":[-89.576772,40.723078]},"properties":{"year":1938,"period":"1935-40","kind":"FHA"}},{"type":"Feature","geometry":{"type":"Point","coordinates":[-89.600278,40.748284]},"properties":{"year":1938,"period":"1935-40","kind":"FHA"}},{"type":"Feature","geometry":{"type":"Point","coordinates":[-89.579142,40.747965]},"properties":{"year":1938,"period":"1935-40","kind":"FHA"}},{"type":"Feature","geometry":{"type":"Point","coordinates":[-89.626286,40.696195]},"properties":{"year":1938,"period":"1935-40","kind":"FHA"}},{"type":"Feature","geometry":{"type":"Point","coordinates":[-89.58916,40.705821]},"properties":{"year":1938,"period":"1935-40","kind":"FHA"}},{"type":"Feature","geometry":{"type":"Point","coordinates":[-89.626602,40.694354]},"properties":{"year":1938,"period":"1935-40","kind":"FHA"}},{"type":"Feature","geometry":{"type":"Point","coordinates":[-89.610648,40.705406]},"properties":{"year":1939,"period":"1935-40","kind":"FHA"}},{"type":"Feature","geometry":{"type":"Point","coordinates":[-89.57673,40.72516]},"properties":{"year":1939,"period":"1935-40","kind":"FHA"}},{"type":"Feature","geometry":{"type":"Point","coordinates":[-89.603715,40.723299]},"properties":{"year":1939,"period":"1935-40","kind":"FHA"}},{"type":"Feature","geometry":{"type":"Point","coordinates":[-89.632343,40.689945]},"properties":{"year":1939,"period":"1935-40","kind":"FHA"}},{"type":"Feature","geometry":{"type":"Point","coordinates":[-89.616685,40.723459]},"properties":{"year":1939,"period":"1935-40","kind":"FHA"}},{"type":"Feature","geometry":{"type":"Point","coordinates":[-89.625727,40.694741]},"properties":{"year":1939,"period":"1935-40","kind":"FHA"}},{"type":"Feature","geometry":{"type":"Point","coordinates":[-89.611049,40.726253]},"properties":{"year":1939,"period":"1935-40","kind":"FHA"}},{"type":"Feature","geometry":{"type":"Point","coordinates":[-89.581774,40.705772]},"properties":{"year":1938,"period":"1935-40","kind":"FHA"}},{"type":"Feature","geometry":{"type":"Point","coordinates":[-89.610014,40.725254]},"properties":{"year":1938,"period":"1935-40","kind":"FHA"}},{"type":"Feature","geometry":{"type":"Point","coordinates":[-89.487415,40.923713]},"properties":{"year":1939,"period":"1935-40","kind":"FHA"}},{"type":"Feature","geometry":{"type":"Point","coordinates":[-89.605875,40.726594]},"properties":{"year":1939,"period":"1935-40","kind":"FHA"}},{"type":"Feature","geometry":{"type":"Point","coordinates":[-89.607639,40.724747]},"properties":{"year":1939,"period":"1935-40","kind":"FHA"}},{"type":"Feature","geometry":{"type":"Point","coordinates":[-89.599295,40.748389]},"properties":{"year":1939,"period":"1935-40","kind":"FHA"}},{"type":"Feature","geometry":{"type":"Point","coordinates":[-89.607234,40.726625]},"properties":{"year":1939,"period":"1935-40","kind":"FHA"}},{"type":"Feature","geometry":{"type":"Point","coordinates":[-89.602519,40.723363]},"properties":{"year":1939,"period":"1935-40","kind":"FHA"}},{"type":"Feature","geometry":{"type":"Point","coordinates":[-89.610414,40.726032]},"properties":{"year":1939,"period":"1935-40","kind":"FHA"}},{"type":"Feature","geometry":{"type":"Point","coordinates":[-89.575489,40.72774]},"properties":{"year":1939,"period":"1935-40","kind":"FHA"}},{"type":"Feature","geometry":{"type":"Point","coordinates":[-89.813372,40.573924]},"properties":{"year":1939,"period":"1935-40","kind":"FHA"}},{"type":"Feature","geometry":{"type":"Point","coordinates":[-89.593355,40.741813]},"properties":{"year":1939,"period":"1935-40","kind":"FHA"}},{"type":"Feature","geometry":{"type":"Point","coordinates":[-89.591683,40.718129]},"properties":{"year":1939,"period":"1935-40","kind":"FHA"}},{"type":"Feature","geometry":{"type":"Point","coordinates":[-89.577322,40.736169]},"properties":{"year":1939,"period":"1935-40","kind":"FHA"}},{"type":"Feature","geometry":{"type":"Point","coordinates":[-89.655397,40.650289]},"properties":{"year":1939,"period":"1935-40","kind":"FHA"}},{"type":"Feature","geometry":{"type":"Point","coordinates":[-89.581784,40.706331]},"properties":{"year":1939,"period":"1935-40","kind":"FHA"}},{"type":"Feature","geometry":{"type":"Point","coordinates":[-89.622645,40.696093]},"properties":{"year":1939,"period":"1935-40","kind":"FHA"}},{"type":"Feature","geometry":{"type":"Point","coordinates":[-89.63113,40.689069]},"properties":{"year":1939,"period":"1935-40","kind":"FHA"}},{"type":"Feature","geometry":{"type":"Point","coordinates":[-89.612078,40.723184]},"properties":{"year":1939,"period":"1935-40","kind":"FHA"}},{"type":"Feature","geometry":{"type":"Point","coordinates":[-89.590372,40.729842]},"properties":{"year":1939,"period":"1935-40","kind":"FHA"}},{"type":"Feature","geometry":{"type":"Point","coordinates":[-89.582232,40.71772]},"properties":{"year":1939,"period":"1935-40","kind":"FHA"}},{"type":"Feature","geometry":{"type":"Point","coordinates":[-89.637111,40.696564]},"properties":{"year":1939,"period":"1935-40","kind":"FHA"}},{"type":"Feature","geometry":{"type":"Point","coordinates":[-89.612601,40.712468]},"properties":{"year":1939,"period":"1935-40","kind":"FHA"}},{"type":"Feature","geometry":{"type":"Point","coordinates":[-89.605133,40.722904]},"properties":{"year":1939,"period":"1935-40","kind":"FHA"}},{"type":"Feature","geometry":{"type":"Point","coordinates":[-89.631251,40.680693]},"properties":{"year":1939,"period":"1935-40","kind":"FHA"}},{"type":"Feature","geometry":{"type":"Point","coordinates":[-89.575832,40.710963]},"properties":{"year":1939,"period":"1935-40","kind":"FHA"}},{"type":"Feature","geometry":{"type":"Point","coordinates":[-89.487412,40.924076]},"properties":{"year":1939,"period":"1935-40","kind":"FHA"}},{"type":"Feature","geometry":{"type":"Point","coordinates":[-89.591683,40.718129]},"properties":{"year":1939,"period":"1935-40","kind":"FHA"}},{"type":"Feature","geometry":{"type":"Point","coordinates":[-89.596077,40.734344]},"properties":{"year":1939,"period":"1935-40","kind":"FHA"}},{"type":"Feature","geometry":{"type":"Point","coordinates":[-89.614195,40.723127]},"properties":{"year":1939,"period":"1935-40","kind":"FHA"}},{"type":"Feature","geometry":{"type":"Point","coordinates":[-89.580677,40.738913]},"properties":{"year":1939,"period":"1935-40","kind":"FHA"}},{"type":"Feature","geometry":{"type":"Point","coordinates":[-89.614032,40.723125]},"properties":{"year":1939,"period":"1935-40","kind":"FHA"}},{"type":"Feature","geometry":{"type":"Point","coordinates":[-89.578117,40.708543]},"properties":{"year":1939,"period":"1935-40","kind":"FHA"}},{"type":"Feature","geometry":{"type":"Point","coordinates":[-89.600038,40.728488]},"properties":{"year":1939,"period":"1935-40","kind":"FHA"}},{"type":"Feature","geometry":{"type":"Point","coordinates":[-89.61649,40.701243]},"properties":{"year":1939,"period":"1935-40","kind":"FHA"}},{"type":"Feature","geometry":{"type":"Point","coordinates":[-89.622833,40.696405]},"properties":{"year":1939,"period":"1935-40","kind":"FHA"}},{"type":"Feature","geometry":{"type":"Point","coordinates":[-89.609366,40.725393]},"properties":{"year":1939,"period":"1935-40","kind":"FHA"}},{"type":"Feature","geometry":{"type":"Point","coordinates":[-89.597571,40.735147]},"properties":{"year":1939,"period":"1935-40","kind":"FHA"}},{"type":"Feature","geometry":{"type":"Point","coordinates":[-89.590366,40.729738]},"properties":{"year":1939,"period":"1935-40","kind":"FHA"}},{"type":"Feature","geometry":{"type":"Point","coordinates":[-89.580638,40.720815]},"properties":{"year":1939,"period":"1935-40","kind":"FHA"}},{"type":"Feature","geometry":{"type":"Point","coordinates":[-89.614881,40.723433]},"properties":{"year":1939,"period":"1935-40","kind":"FHA"}},{"type":"Feature","geometry":{"type":"Point","coordinates":[-89.626879,40.687959]},"properties":{"year":1939,"period":"1935-40","kind":"FHA"}},{"type":"Feature","geometry":{"type":"Point","coordinates":[-89.614065,40.716156]},"properties":{"year":1939,"period":"1935-40","kind":"FHA"}},{"type":"Feature","geometry":{"type":"Point","coordinates":[-89.680193,40.863723]},"properties":{"year":1939,"period":"1935-40","kind":"FHA"}},{"type":"Feature","geometry":{"type":"Point","coordinates":[-89.613434,40.722711]},"properties":{"year":1939,"period":"1935-40","kind":"FHA"}},{"type":"Feature","geometry":{"type":"Point","coordinates":[-89.576465,40.711563]},"properties":{"year":1939,"period":"1935-40","kind":"FHA"}},{"type":"Feature","geometry":{"type":"Point","coordinates":[-89.60191,40.726808]},"properties":{"year":1939,"period":"1935-40","kind":"FHA"}},{"type":"Feature","geometry":{"type":"Point","coordinates":[-89.603739,40.72753]},"properties":{"year":1937,"period":"1935-40","kind":"FHA"}},{"type":"Feature","geometry":{"type":"Point","coordinates":[-89.575832,40.710963]},"properties":{"year":1937,"period":"1935-40","kind":"FHA"}},{"type":"Feature","geometry":{"type":"Point","coordinates":[-89.580319,40.709538]},"properties":{"year":1937,"period":"1935-40","kind":"FHA"}},{"type":"Feature","geometry":{"type":"Point","coordinates":[-89.580736,40.720418]},"properties":{"year":1937,"period":"1935-40","kind":"FHA"}},{"type":"Feature","geometry":{"type":"Point","coordinates":[-89.579717,40.738065]},"properties":{"year":1937,"period":"1935-40","kind":"FHA"}},{"type":"Feature","geometry":{"type":"Point","coordinates":[-89.576474,40.723974]},"properties":{"year":1937,"period":"1935-40","kind":"FHA"}},{"type":"Feature","geometry":{"type":"Point","coordinates":[-89.625674,40.676503]},"properties":{"year":1937,"period":"1935-40","kind":"FHA"}},{"type":"Feature","geometry":{"type":"Point","coordinates":[-89.630805,40.694384]},"properties":{"year":1937,"period":"1935-40","kind":"FHA"}},{"type":"Feature","geometry":{"type":"Point","coordinates":[-89.5819,40.7181]},"properties":{"year":1937,"period":"1935-40","kind":"FHA"}},{"type":"Feature","geometry":{"type":"Point","coordinates":[-89.611253,40.721163]},"properties":{"year":1937,"period":"1935-40","kind":"FHA"}},{"type":"Feature","geometry":{"type":"Point","coordinates":[-89.591604,40.729493]},"properties":{"year":1937,"period":"1935-40","kind":"FHA"}},{"type":"Feature","geometry":{"type":"Point","coordinates":[-89.587897,40.715495]},"properties":{"year":1937,"period":"1935-40","kind":"FHA"}},{"type":"Feature","geometry":{"type":"Point","coordinates":[-89.585326,40.707245]},"properties":{"year":1937,"period":"1935-40","kind":"FHA"}},{"type":"Feature","geometry":{"type":"Point","coordinates":[-89.591933,40.728948]},"properties":{"year":1937,"period":"1935-40","kind":"FHA"}},{"type":"Feature","geometry":{"type":"Point","coordinates":[-89.636307,40.697091]},"properties":{"year":1937,"period":"1935-40","kind":"FHA"}},{"type":"Feature","geometry":{"type":"Point","coordinates":[-89.633026,40.696929]},"properties":{"year":1937,"period":"1935-40","kind":"FHA"}},{"type":"Feature","geometry":{"type":"Point","coordinates":[-89.569069,40.742926]},"properties":{"year":1938,"period":"1935-40","kind":"FHA"}},{"type":"Feature","geometry":{"type":"Point","coordinates":[-89.590859,40.729848]},"properties":{"year":1938,"period":"1935-40","kind":"FHA"}},{"type":"Feature","geometry":{"type":"Point","coordinates":[-89.617759,40.700927]},"properties":{"year":1937,"period":"1935-40","kind":"FHA"}},{"type":"Feature","geometry":{"type":"Point","coordinates":[-89.620494,40.697369]},"properties":{"year":1937,"period":"1935-40","kind":"FHA"}},{"type":"Feature","geometry":{"type":"Point","coordinates":[-89.575544,40.725142]},"properties":{"year":1937,"period":"1935-40","kind":"FHA"}},{"type":"Feature","geometry":{"type":"Point","coordinates":[-89.631533,40.704504]},"properties":{"year":1937,"period":"1935-40","kind":"FHA"}},{"type":"Feature","geometry":{"type":"Point","coordinates":[-89.628559,40.696211]},"properties":{"year":1937,"period":"1935-40","kind":"FHA"}},{"type":"Feature","geometry":{"type":"Point","coordinates":[-89.634526,40.699953]},"properties":{"year":1938,"period":"1935-40","kind":"FHA"}},{"type":"Feature","geometry":{"type":"Point","coordinates":[-89.66718,40.698961]},"properties":{"year":1937,"period":"1935-40","kind":"FHA"}},{"type":"Feature","geometry":{"type":"Point","coordinates":[-89.605246,40.726129]},"properties":{"year":1938,"period":"1935-40","kind":"FHA"}},{"type":"Feature","geometry":{"type":"Point","coordinates":[-89.609491,40.702749]},"properties":{"year":1938,"period":"1935-40","kind":"FHA"}},{"type":"Feature","geometry":{"type":"Point","coordinates":[-89.595923,40.724179]},"properties":{"year":1938,"period":"1935-40","kind":"FHA"}},{"type":"Feature","geometry":{"type":"Point","coordinates":[-89.633207,40.698197]},"properties":{"year":1938,"period":"1935-40","kind":"FHA"}},{"type":"Feature","geometry":{"type":"Point","coordinates":[-89.632828,40.697617]},"properties":{"year":1939,"period":"1935-40","kind":"FHA"}},{"type":"Feature","geometry":{"type":"Point","coordinates":[-89.609924,40.723205]},"properties":{"year":1939,"period":"1935-40","kind":"FHA"}},{"type":"Feature","geometry":{"type":"Point","coordinates":[-89.577523,40.719479]},"properties":{"year":1938,"period":"1935-40","kind":"FHA"}},{"type":"Feature","geometry":{"type":"Point","coordinates":[-89.640998,40.664381]},"properties":{"year":1939,"period":"1935-40","kind":"FHA"}},{"type":"Feature","geometry":{"type":"Point","coordinates":[-89.487414,40.923837]},"properties":{"year":1939,"period":"1935-40","kind":"FHA"}},{"type":"Feature","geometry":{"type":"Point","coordinates":[-89.635812,40.696931]},"properties":{"year":1939,"period":"1935-40","kind":"FHA"}},{"type":"Feature","geometry":{"type":"Point","coordinates":[-89.614819,40.722579]},"properties":{"year":1939,"period":"1935-40","kind":"FHA"}},{"type":"Feature","geometry":{"type":"Point","coordinates":[-89.613862,40.723418]},"properties":{"year":1939,"period":"1935-40","kind":"FHA"}},{"type":"Feature","geometry":{"type":"Point","coordinates":[-89.619545,40.701483]},"properties":{"year":1939,"period":"1935-40","kind":"FHA"}},{"type":"Feature","geometry":{"type":"Point","coordinates":[-89.581049,40.738415]},"properties":{"year":1939,"period":"1935-40","kind":"FHA"}},{"type":"Feature","geometry":{"type":"Point","coordinates":[-89.630234,40.693457]},"properties":{"year":1939,"period":"1935-40","kind":"FHA"}},{"type":"Feature","geometry":{"type":"Point","coordinates":[-89.609121,40.698028]},"properties":{"year":1939,"period":"1935-40","kind":"FHA"}},{"type":"Feature","geometry":{"type":"Point","coordinates":[-89.606747,40.71928]},"properties":{"year":1939,"period":"1935-40","kind":"FHA"}},{"type":"Feature","geometry":{"type":"Point","coordinates":[-89.630089,40.693456]},"properties":{"year":1939,"period":"1935-40","kind":"FHA"}},{"type":"Feature","geometry":{"type":"Point","coordinates":[-89.591102,40.721799]},"properties":{"year":1939,"period":"1935-40","kind":"FHA"}},{"type":"Feature","geometry":{"type":"Point","coordinates":[-89.630207,40.691216]},"properties":{"year":1939,"period":"1935-40","kind":"FHA"}},{"type":"Feature","geometry":{"type":"Point","coordinates":[-89.610036,40.723279]},"properties":{"year":1939,"period":"1935-40","kind":"FHA"}},{"type":"Feature","geometry":{"type":"Point","coordinates":[-89.603019,40.722916]},"properties":{"year":1939,"period":"1935-40","kind":"FHA"}},{"type":"Feature","geometry":{"type":"Point","coordinates":[-89.631264,40.694781]},"properties":{"year":1939,"period":"1935-40","kind":"FHA"}},{"type":"Feature","geometry":{"type":"Point","coordinates":[-89.583967,40.719164]},"properties":{"year":1939,"period":"1935-40","kind":"FHA"}},{"type":"Feature","geometry":{"type":"Point","coordinates":[-89.603722,40.728272]},"properties":{"year":1939,"period":"1935-40","kind":"FHA"}},{"type":"Feature","geometry":{"type":"Point","coordinates":[-89.608687,40.72648]},"properties":{"year":1939,"period":"1935-40","kind":"FHA"}},{"type":"Feature","geometry":{"type":"Point","coordinates":[-89.891601,40.693716]},"properties":{"year":1939,"period":"1935-40","kind":"FHA"}},{"type":"Feature","geometry":{"type":"Point","coordinates":[-89.609364,40.725669]},"properties":{"year":1939,"period":"1935-40","kind":"FHA"}},{"type":"Feature","geometry":{"type":"Point","coordinates":[-89.578316,40.715484]},"properties":{"year":1939,"period":"1935-40","kind":"FHA"}},{"type":"Feature","geometry":{"type":"Point","coordinates":[-89.595057,40.73463]},"properties":{"year":1939,"period":"1935-40","kind":"FHA"}},{"type":"Feature","geometry":{"type":"Point","coordinates":[-89.585396,40.714555]},"properties":{"year":1939,"period":"1935-40","kind":"FHA"}},{"type":"Feature","geometry":{"type":"Point","coordinates":[-89.611349,40.71531]},"properties":{"year":1939,"period":"1935-40","kind":"FHA"}},{"type":"Feature","geometry":{"type":"Point","coordinates":[-89.604622,40.721978]},"properties":{"year":1939,"period":"1935-40","kind":"FHA"}},{"type":"Feature","geometry":{"type":"Point","coordinates":[-89.629546,40.696943]},"properties":{"year":1939,"period":"1935-40","kind":"FHA"}},{"type":"Feature","geometry":{"type":"Point","coordinates":[-89.579353,40.720794]},"properties":{"year":1939,"period":"1935-40","kind":"FHA"}},{"type":"Feature","geometry":{"type":"Point","coordinates":[-89.585396,40.714555]},"properties":{"year":1939,"period":"1935-40","kind":"FHA"}},{"type":"Feature","geometry":{"type":"Point","coordinates":[-89.598937,40.746992]},"properties":{"year":1939,"period":"1935-40","kind":"FHA"}},{"type":"Feature","geometry":{"type":"Point","coordinates":[-89.605873,40.726738]},"properties":{"year":1939,"period":"1935-40","kind":"FHA"}},{"type":"Feature","geometry":{"type":"Point","coordinates":[-89.609121,40.698028]},"properties":{"year":1939,"period":"1935-40","kind":"FHA"}},{"type":"Feature","geometry":{"type":"Point","coordinates":[-89.612723,40.729666]},"properties":{"year":1939,"period":"1935-40","kind":"FHA"}},{"type":"Feature","geometry":{"type":"Point","coordinates":[-89.595057,40.73463]},"properties":{"year":1939,"period":"1935-40","kind":"FHA"}},{"type":"Feature","geometry":{"type":"Point","coordinates":[-89.614796,40.716411]},"properties":{"year":1939,"period":"1935-40","kind":"FHA"}},{"type":"Feature","geometry":{"type":"Point","coordinates":[-89.579501,40.720795]},"properties":{"year":1939,"period":"1935-40","kind":"FHA"}},{"type":"Feature","geometry":{"type":"Point","coordinates":[-89.616854,40.723922]},"properties":{"year":1939,"period":"1935-40","kind":"FHA"}},{"type":"Feature","geometry":{"type":"Point","coordinates":[-89.614011,40.724583]},"properties":{"year":1939,"period":"1935-40","kind":"FHA"}},{"type":"Feature","geometry":{"type":"Point","coordinates":[-89.616313,40.723915]},"properties":{"year":1939,"period":"1935-40","kind":"FHA"}},{"type":"Feature","geometry":{"type":"Point","coordinates":[-89.608702,40.725444]},"properties":{"year":1939,"period":"1935-40","kind":"FHA"}},{"type":"Feature","geometry":{"type":"Point","coordinates":[-89.616464,40.702723]},"properties":{"year":1939,"period":"1935-40","kind":"FHA"}},{"type":"Feature","geometry":{"type":"Point","coordinates":[-89.631122,40.68949]},"properties":{"year":1939,"period":"1935-40","kind":"FHA"}},{"type":"Feature","geometry":{"type":"Point","coordinates":[-89.575803,40.727745]},"properties":{"year":1939,"period":"1935-40","kind":"FHA"}},{"type":"Feature","geometry":{"type":"Point","coordinates":[-89.589772,40.725063]},"properties":{"year":1939,"period":"1935-40","kind":"FHA"}},{"type":"Feature","geometry":{"type":"Point","coordinates":[-89.577026,40.727763]},"properties":{"year":1939,"period":"1935-40","kind":"FHA"}},{"type":"Feature","geometry":{"type":"Point","coordinates":[-89.615952,40.723909]},"properties":{"year":1939,"period":"1935-40","kind":"FHA"}},{"type":"Feature","geometry":{"type":"Point","coordinates":[-89.616673,40.72392]},"properties":{"year":1939,"period":"1935-40","kind":"FHA"}},{"type":"Feature","geometry":{"type":"Point","coordinates":[-89.630514,40.694775]},"properties":{"year":1939,"period":"1935-40","kind":"FHA"}},{"type":"Feature","geometry":{"type":"Point","coordinates":[-89.576336,40.725596]},"properties":{"year":1939,"period":"1935-40","kind":"FHA"}},{"type":"Feature","geometry":{"type":"Point","coordinates":[-89.613477,40.715737]},"properties":{"year":1939,"period":"1935-40","kind":"FHA"}},{"type":"Feature","geometry":{"type":"Point","coordinates":[-89.620235,40.69314]},"properties":{"year":1939,"period":"1935-40","kind":"FHA"}},{"type":"Feature","geometry":{"type":"Point","coordinates":[-89.582001,40.72044]},"properties":{"year":1939,"period":"1935-40","kind":"FHA"}},{"type":"Feature","geometry":{"type":"Point","coordinates":[-89.620152,40.690082]},"properties":{"year":1939,"period":"1935-40","kind":"FHA"}},{"type":"Feature","geometry":{"type":"Point","coordinates":[-89.579644,40.71989]},"properties":{"year":1939,"period":"1935-40","kind":"FHA"}},{"type":"Feature","geometry":{"type":"Point","coordinates":[-89.631637,40.691131]},"properties":{"year":1939,"period":"1935-40","kind":"FHA"}},{"type":"Feature","geometry":{"type":"Point","coordinates":[-89.607879,40.726498]},"properties":{"year":1939,"period":"1935-40","kind":"FHA"}},{"type":"Feature","geometry":{"type":"Point","coordinates":[-89.622111,40.694762]},"properties":{"year":1939,"period":"1935-40","kind":"FHA"}},{"type":"Feature","geometry":{"type":"Point","coordinates":[-89.581821,40.720438]},"properties":{"year":1939,"period":"1935-40","kind":"FHA"}},{"type":"Feature","geometry":{"type":"Point","coordinates":[-89.598819,40.725572]},"properties":{"year":1939,"period":"1935-40","kind":"FHA"}},{"type":"Feature","geometry":{"type":"Point","coordinates":[-89.597337,40.723524]},"properties":{"year":1939,"period":"1935-40","kind":"FHA"}},{"type":"Feature","geometry":{"type":"Point","coordinates":[-89.625099,40.688038]},"properties":{"year":1939,"period":"1935-40","kind":"FHA"}},{"type":"Feature","geometry":{"type":"Point","coordinates":[-89.612723,40.729666]},"properties":{"year":1939,"period":"1935-40","kind":"FHA"}},{"type":"Feature","geometry":{"type":"Point","coordinates":[-89.615032,40.724597]},"properties":{"year":1939,"period":"1935-40","kind":"FHA"}},{"type":"Feature","geometry":{"type":"Point","coordinates":[-89.588875,40.713658]},"properties":{"year":1939,"period":"1935-40","kind":"FHA"}},{"type":"Feature","geometry":{"type":"Point","coordinates":[-89.614009,40.724865]},"properties":{"year":1939,"period":"1935-40","kind":"FHA"}},{"type":"Feature","geometry":{"type":"Point","coordinates":[-89.600278,40.748284]},"properties":{"year":1939,"period":"1935-40","kind":"FHA"}},{"type":"Feature","geometry":{"type":"Point","coordinates":[-89.5761,40.719415]},"properties":{"year":1939,"period":"1935-40","kind":"FHA"}},{"type":"Feature","geometry":{"type":"Point","coordinates":[-89.631464,40.69113]},"properties":{"year":1939,"period":"1935-40","kind":"FHA"}},{"type":"Feature","geometry":{"type":"Point","coordinates":[-89.612275,40.718947]},"properties":{"year":1939,"period":"1935-40","kind":"FHA"}},{"type":"Feature","geometry":{"type":"Point","coordinates":[-89.567612,40.741377]},"properties":{"year":1939,"period":"1935-40","kind":"FHA"}},{"type":"Feature","geometry":{"type":"Point","coordinates":[-89.582791,40.705874]},"properties":{"year":1939,"period":"1935-40","kind":"FHA"}},{"type":"Feature","geometry":{"type":"Point","coordinates":[-89.594206,40.734463]},"properties":{"year":1939,"period":"1935-40","kind":"FHA"}},{"type":"Feature","geometry":{"type":"Point","coordinates":[-89.610191,40.715693]},"properties":{"year":1939,"period":"1935-40","kind":"FHA"}},{"type":"Feature","geometry":{"type":"Point","coordinates":[-89.631125,40.689348]},"properties":{"year":1939,"period":"1935-40","kind":"FHA"}},{"type":"Feature","geometry":{"type":"Point","coordinates":[-89.585451,40.708667]},"properties":{"year":1939,"period":"1935-40","kind":"FHA"}},{"type":"Feature","geometry":{"type":"Point","coordinates":[-89.610965,40.719848]},"properties":{"year":1939,"period":"1935-40","kind":"FHA"}},{"type":"Feature","geometry":{"type":"Point","coordinates":[-89.590297,40.730024]},"properties":{"year":1939,"period":"1935-40","kind":"FHA"}},{"type":"Feature","geometry":{"type":"Point","coordinates":[-89.579663,40.720797]},"properties":{"year":1939,"period":"1935-40","kind":"FHA"}},{"type":"Feature","geometry":{"type":"Point","coordinates":[-89.602986,40.746788]},"properties":{"year":1939,"period":"1935-40","kind":"FHA"}},{"type":"Feature","geometry":{"type":"Point","coordinates":[-89.615393,40.724603]},"properties":{"year":1939,"period":"1935-40","kind":"FHA"}},{"type":"Feature","geometry":{"type":"Point","coordinates":[-89.600029,40.728997]},"properties":{"year":1939,"period":"1935-40","kind":"FHA"}},{"type":"Feature","geometry":{"type":"Point","coordinates":[-89.631125,40.691129]},"properties":{"year":1939,"period":"1935-40","kind":"FHA"}},{"type":"Feature","geometry":{"type":"Point","coordinates":[-89.623285,40.697339]},"properties":{"year":1939,"period":"1935-40","kind":"FHA"}},{"type":"Feature","geometry":{"type":"Point","coordinates":[-89.614913,40.694771]},"properties":{"year":1939,"period":"1935-40","kind":"FHA"}},{"type":"Feature","geometry":{"type":"Point","coordinates":[-89.591331,40.730511]},"properties":{"year":1939,"period":"1935-40","kind":"FHA"}},{"type":"Feature","geometry":{"type":"Point","coordinates":[-89.576458,40.746568]},"properties":{"year":1939,"period":"1935-40","kind":"FHA"}},{"type":"Feature","geometry":{"type":"Point","coordinates":[-89.576659,40.7256]},"properties":{"year":1939,"period":"1935-40","kind":"FHA"}},{"type":"Feature","geometry":{"type":"Point","coordinates":[-89.614059,40.716386]},"properties":{"year":1939,"period":"1935-40","kind":"FHA"}},{"type":"Feature","geometry":{"type":"Point","coordinates":[-89.580475,40.720808]},"properties":{"year":1939,"period":"1935-40","kind":"FHA"}},{"type":"Feature","geometry":{"type":"Point","coordinates":[-89.637111,40.697132]},"properties":{"year":1939,"period":"1935-40","kind":"FHA"}},{"type":"Feature","geometry":{"type":"Point","coordinates":[-89.598676,40.728473]},"properties":{"year":1939,"period":"1935-40","kind":"FHA"}},{"type":"Feature","geometry":{"type":"Point","coordinates":[-89.600219,40.72849]},"properties":{"year":1939,"period":"1935-40","kind":"FHA"}},{"type":"Feature","geometry":{"type":"Point","coordinates":[-89.579792,40.719891]},"properties":{"year":1939,"period":"1935-40","kind":"FHA"}},{"type":"Feature","geometry":{"type":"Point","coordinates":[-89.587134,40.724116]},"properties":{"year":1939,"period":"1935-40","kind":"FHA"}},{"type":"Feature","geometry":{"type":"Point","coordinates":[-89.624447,40.696607]},"properties":{"year":1939,"period":"1935-40","kind":"FHA"}},{"type":"Feature","geometry":{"type":"Point","coordinates":[-89.615934,40.72461]},"properties":{"year":1939,"period":"1935-40","kind":"FHA"}},{"type":"Feature","geometry":{"type":"Point","coordinates":[-89.61017,40.72337]},"properties":{"year":1939,"period":"1935-40","kind":"FHA"}},{"type":"Feature","geometry":{"type":"Point","coordinates":[-89.604722,40.712431]},"properties":{"year":1939,"period":"1935-40","kind":"FHA"}},{"type":"Feature","geometry":{"type":"Point","coordinates":[-89.582005,40.724431]},"properties":{"year":1939,"period":"1935-40","kind":"FHA"}},{"type":"Feature","geometry":{"type":"Point","coordinates":[-89.581824,40.722251]},"properties":{"year":1939,"period":"1935-40","kind":"FHA"}},{"type":"Feature","geometry":{"type":"Point","coordinates":[-89.59087,40.729134]},"properties":{"year":1939,"period":"1935-40","kind":"FHA"}},{"type":"Feature","geometry":{"type":"Point","coordinates":[-89.580485,40.723132]},"properties":{"year":1939,"period":"1935-40","kind":"FHA"}},{"type":"Feature","geometry":{"type":"Point","coordinates":[-89.598819,40.725572]},"properties":{"year":1939,"period":"1935-40","kind":"FHA"}},{"type":"Feature","geometry":{"type":"Point","coordinates":[-89.614808,40.716524]},"properties":{"year":1939,"period":"1935-40","kind":"FHA"}},{"type":"Feature","geometry":{"type":"Point","coordinates":[-89.588591,40.724525]},"properties":{"year":1939,"period":"1935-40","kind":"FHA"}},{"type":"Feature","geometry":{"type":"Point","coordinates":[-89.579807,40.720416]},"properties":{"year":1939,"period":"1935-40","kind":"FHA"}},{"type":"Feature","geometry":{"type":"Point","coordinates":[-89.492787,40.926408]},"properties":{"year":1939,"period":"1935-40","kind":"FHA"}},{"type":"Feature","geometry":{"type":"Point","coordinates":[-89.59066,40.724539]},"properties":{"year":1939,"period":"1935-40","kind":"FHA"}},{"type":"Feature","geometry":{"type":"Point","coordinates":[-89.615815,40.723448]},"properties":{"year":1939,"period":"1935-40","kind":"FHA"}},{"type":"Feature","geometry":{"type":"Point","coordinates":[-89.891601,40.693716]},"properties":{"year":1939,"period":"1935-40","kind":"FHA"}},{"type":"Feature","geometry":{"type":"Point","coordinates":[-89.612602,40.723106]},"properties":{"year":1939,"period":"1935-40","kind":"FHA"}},{"type":"Feature","geometry":{"type":"Point","coordinates":[-89.616132,40.723912]},"properties":{"year":1939,"period":"1935-40","kind":"FHA"}},{"type":"Feature","geometry":{"type":"Point","coordinates":[-89.577069,40.725883]},"properties":{"year":1939,"period":"1935-40","kind":"FHA"}},{"type":"Feature","geometry":{"type":"Point","coordinates":[-89.629217,40.696492]},"properties":{"year":1939,"period":"1935-40","kind":"FHA"}},{"type":"Feature","geometry":{"type":"Point","coordinates":[-89.607216,40.717077]},"properties":{"year":1939,"period":"1935-40","kind":"FHA"}},{"type":"Feature","geometry":{"type":"Point","coordinates":[-89.637746,40.697233]},"properties":{"year":1939,"period":"1935-40","kind":"FHA"}},{"type":"Feature","geometry":{"type":"Point","coordinates":[-89.599858,40.728486]},"properties":{"year":1939,"period":"1935-40","kind":"FHA"}},{"type":"Feature","geometry":{"type":"Point","coordinates":[-89.593355,40.741813]},"properties":{"year":1939,"period":"1935-40","kind":"FHA"}},{"type":"Feature","geometry":{"type":"Point","coordinates":[-89.590384,40.728605]},"properties":{"year":1939,"period":"1935-40","kind":"FHA"}},{"type":"Feature","geometry":{"type":"Point","coordinates":[-89.632867,40.695375]},"properties":{"year":1939,"period":"1935-40","kind":"FHA"}},{"type":"Feature","geometry":{"type":"Point","coordinates":[-89.634022,40.697523]},"properties":{"year":1939,"period":"1935-40","kind":"FHA"}},{"type":"Feature","geometry":{"type":"Point","coordinates":[-89.595903,40.768114]},"properties":{"year":1939,"period":"1935-40","kind":"FHA"}},{"type":"Feature","geometry":{"type":"Point","coordinates":[-89.599297,40.748087]},"properties":{"year":1939,"period":"1935-40","kind":"FHA"}},{"type":"Feature","geometry":{"type":"Point","coordinates":[-89.614062,40.716271]},"properties":{"year":1940,"period":"1935-40","kind":"FHA"}},{"type":"Feature","geometry":{"type":"Point","coordinates":[-89.633207,40.697783]},"properties":{"year":1940,"period":"1935-40","kind":"FHA"}},{"type":"Feature","geometry":{"type":"Point","coordinates":[-89.617215,40.723928]},"properties":{"year":1939,"period":"1935-40","kind":"FHA"}},{"type":"Feature","geometry":{"type":"Point","coordinates":[-89.61568,40.723507]},"properties":{"year":1940,"period":"1935-40","kind":"FHA"}},{"type":"Feature","geometry":{"type":"Point","coordinates":[-89.610011,40.72558]},"properties":{"year":1939,"period":"1935-40","kind":"FHA"}},{"type":"Feature","geometry":{"type":"Point","coordinates":[-89.579623,40.723119]},"properties":{"year":1940,"period":"1935-40","kind":"FHA"}},{"type":"Feature","geometry":{"type":"Point","coordinates":[-89.579826,40.720799]},"properties":{"year":1940,"period":"1935-40","kind":"FHA"}},{"type":"Feature","geometry":{"type":"Point","coordinates":[-89.617814,40.721757]},"properties":{"year":1940,"period":"1935-40","kind":"FHA"}},{"type":"Feature","geometry":{"type":"Point","coordinates":[-89.6296,40.689793]},"properties":{"year":1940,"period":"1935-40","kind":"FHA"}},{"type":"Feature","geometry":{"type":"Point","coordinates":[-89.622026,40.72475]},"properties":{"year":1940,"period":"1935-40","kind":"FHA"}},{"type":"Feature","geometry":{"type":"Point","coordinates":[-89.575012,40.725135]},"properties":{"year":1940,"period":"1935-40","kind":"FHA"}},{"type":"Feature","geometry":{"type":"Point","coordinates":[-89.595229,40.709708]},"properties":{"year":1940,"period":"1935-40","kind":"FHA"}},{"type":"Feature","geometry":{"type":"Point","coordinates":[-89.601008,40.726798]},"properties":{"year":1940,"period":"1935-40","kind":"FHA"}},{"type":"Feature","geometry":{"type":"Point","coordinates":[-89.61745,40.721751]},"properties":{"year":1940,"period":"1935-40","kind":"FHA"}},{"type":"Feature","geometry":{"type":"Point","coordinates":[-89.602199,40.726811]},"properties":{"year":1940,"period":"1935-40","kind":"FHA"}},{"type":"Feature","geometry":{"type":"Point","coordinates":[-89.614195,40.723127]},"properties":{"year":1940,"period":"1935-40","kind":"FHA"}},{"type":"Feature","geometry":{"type":"Point","coordinates":[-89.633569,40.699493]},"properties":{"year":1940,"period":"1935-40","kind":"FHA"}},{"type":"Feature","geometry":{"type":"Point","coordinates":[-89.610965,40.719848]},"properties":{"year":1940,"period":"1935-40","kind":"FHA"}},{"type":"Feature","geometry":{"type":"Point","coordinates":[-89.616295,40.724616]},"properties":{"year":1940,"period":"1935-40","kind":"FHA"}},{"type":"Feature","geometry":{"type":"Point","coordinates":[-89.59553,40.762059]},"properties":{"year":1940,"period":"1935-40","kind":"FHA"}},{"type":"Feature","geometry":{"type":"Point","coordinates":[-89.614845,40.724884]},"properties":{"year":1940,"period":"1935-40","kind":"FHA"}},{"type":"Feature","geometry":{"type":"Point","coordinates":[-89.631435,40.689831]},"properties":{"year":1940,"period":"1935-40","kind":"FHA"}},{"type":"Feature","geometry":{"type":"Point","coordinates":[-89.632959,40.691733]},"properties":{"year":1940,"period":"1935-40","kind":"FHA"}},{"type":"Feature","geometry":{"type":"Point","coordinates":[-89.633748,40.698197]},"properties":{"year":1940,"period":"1935-40","kind":"FHA"}},{"type":"Feature","geometry":{"type":"Point","coordinates":[-89.614045,40.715195]},"properties":{"year":1940,"period":"1935-40","kind":"FHA"}},{"type":"Feature","geometry":{"type":"Point","coordinates":[-89.661967,40.64797]},"properties":{"year":1940,"period":"1935-40","kind":"FHA"}},{"type":"Feature","geometry":{"type":"Point","coordinates":[-89.619284,40.721945]},"properties":{"year":1940,"period":"1935-40","kind":"FHA"}},{"type":"Feature","geometry":{"type":"Point","coordinates":[-89.614701,40.723431]},"properties":{"year":1940,"period":"1935-40","kind":"FHA"}},{"type":"Feature","geometry":{"type":"Point","coordinates":[-89.632197,40.704587]},"properties":{"year":1940,"period":"1935-40","kind":"FHA"}},{"type":"Feature","geometry":{"type":"Point","coordinates":[-89.603,40.724197]},"properties":{"year":1940,"period":"1935-40","kind":"FHA"}},{"type":"Feature","geometry":{"type":"Point","coordinates":[-89.56734,40.743583]},"properties":{"year":1940,"period":"1935-40","kind":"FHA"}},{"type":"Feature","geometry":{"type":"Point","coordinates":[-89.592241,40.719935]},"properties":{"year":1940,"period":"1935-40","kind":"FHA"}},{"type":"Feature","geometry":{"type":"Point","coordinates":[-89.610009,40.725693]},"properties":{"year":1940,"period":"1935-40","kind":"FHA"}},{"type":"Feature","geometry":{"type":"Point","coordinates":[-89.610262,40.723474]},"properties":{"year":1940,"period":"1935-40","kind":"FHA"}},{"type":"Feature","geometry":{"type":"Point","coordinates":[-89.62418,40.695642]},"properties":{"year":1940,"period":"1935-40","kind":"FHA"}},{"type":"Feature","geometry":{"type":"Point","coordinates":[-89.617263,40.722021]},"properties":{"year":1940,"period":"1935-40","kind":"FHA"}},{"type":"Feature","geometry":{"type":"Point","coordinates":[-89.619236,40.722063]},"properties":{"year":1940,"period":"1935-40","kind":"FHA"}},{"type":"Feature","geometry":{"type":"Point","coordinates":[-89.590945,40.726089]},"properties":{"year":1940,"period":"1935-40","kind":"FHA"}},{"type":"Feature","geometry":{"type":"Point","coordinates":[-89.591872,40.723236]},"properties":{"year":1940,"period":"1935-40","kind":"FHA"}},{"type":"Feature","geometry":{"type":"Point","coordinates":[-89.60998,40.726631]},"properties":{"year":1940,"period":"1935-40","kind":"FHA"}},{"type":"Feature","geometry":{"type":"Point","coordinates":[-89.6121069,40.7149048]},"properties":{"year":1965,"period":"1965","kind":"FHA"}},{"type":"Feature","geometry":{"type":"Point","coordinates":[-89.5903599,40.7207901]},"properties":{"year":1965,"period":"1965","kind":"FHA"}},{"type":"Feature","geometry":{"type":"Point","coordinates":[-89.6185877,40.6798408]},"properties":{"year":1965,"period":"1965","kind":"FHA"}},{"type":"Feature","geometry":{"type":"Point","coordinates":[-89.6386371,40.6748728]},"properties":{"year":1965,"period":"1965","kind":"FHA"}},{"type":"Feature","geometry":{"type":"Point","coordinates":[-89.6799797,40.659151]},"properties":{"year":1965,"period":"1965","kind":"VA"}},{"type":"Feature","geometry":{"type":"Point","coordinates":[-89.6796138,40.6590988]},"properties":{"year":1965,"period":"1965","kind":"FHA"}},{"type":"Feature","geometry":{"type":"Point","coordinates":[-89.6059579,40.7161055]},"properties":{"year":1965,"period":"1965","kind":"FHA"}},{"type":"Feature","geometry":{"type":"Point","coordinates":[-89.6036823,40.7153919]},"properties":{"year":1965,"period":"1965","kind":"FHA"}},{"type":"Feature","geometry":{"type":"Point","coordinates":[-89.6018094,40.7037433]},"properties":{"year":1965,"period":"1965","kind":"FHA"}},{"type":"Feature","geometry":{"type":"Point","coordinates":[-89.637462,40.6948109]},"properties":{"year":1965,"period":"1965","kind":"VA"}},{"type":"Feature","geometry":{"type":"Point","coordinates":[-89.5916916,40.7125405]},"properties":{"year":1965,"period":"1965","kind":"FHA"}},{"type":"Feature","geometry":{"type":"Point","coordinates":[-89.6089184,40.7645119]},"properties":{"year":1965,"period":"1965","kind":"FHA"}},{"type":"Feature","geometry":{"type":"Point","coordinates":[-89.5828917,40.7087488]},"properties":{"year":1965,"period":"1965","kind":"FHA"}},{"type":"Feature","geometry":{"type":"Point","coordinates":[-89.6159676,40.7473054]},"properties":{"year":1965,"period":"1965","kind":"FHA"}},{"type":"Feature","geometry":{"type":"Point","coordinates":[-89.5714907,40.7077479]},"properties":{"year":1965,"period":"1965","kind":"FHA"}},{"type":"Feature","geometry":{"type":"Point","coordinates":[-89.5718618,40.7451572]},"properties":{"year":1965,"period":"1965","kind":"FHA"}},{"type":"Feature","geometry":{"type":"Point","coordinates":[-89.5729187,40.7437614]},"properties":{"year":1965,"period":"1965","kind":"FHA"}},{"type":"Feature","geometry":{"type":"Point","coordinates":[-89.5971149,40.7400665]},"properties":{"year":1965,"period":"1965","kind":"FHA"}},{"type":"Feature","geometry":{"type":"Point","coordinates":[-89.6217214,40.6982598]},"properties":{"year":1965,"period":"1965","kind":"FHA"}},{"type":"Feature","geometry":{"type":"Point","coordinates":[-89.6188376,40.6992268]},"properties":{"year":1965,"period":"1965","kind":"VA"}},{"type":"Feature","geometry":{"type":"Point","coordinates":[-89.6211156,40.6970274]},"properties":{"year":1965,"period":"1965","kind":"FHA"}},{"type":"Feature","geometry":{"type":"Point","coordinates":[-89.62835,40.6824982]},"properties":{"year":1965,"period":"1965","kind":"VA"}},{"type":"Feature","geometry":{"type":"Point","coordinates":[-89.6178444,40.6929191]},"properties":{"year":1965,"period":"1965","kind":"FHA"}},{"type":"Feature","geometry":{"type":"Point","coordinates":[-89.6223701,40.6938016]},"properties":{"year":1965,"period":"1965","kind":"FHA"}},{"type":"Feature","geometry":{"type":"Point","coordinates":[-89.6208245,40.6928399]},"properties":{"year":1965,"period":"1965","kind":"FHA"}},{"type":"Feature","geometry":{"type":"Point","coordinates":[-89.6189198,40.6870312]},"properties":{"year":1965,"period":"1965","kind":"FHA"}},{"type":"Feature","geometry":{"type":"Point","coordinates":[-89.6356056,40.7440491]},"properties":{"year":1965,"period":"1965","kind":"VA"}},{"type":"Feature","geometry":{"type":"Point","coordinates":[-89.6351205,40.6721619]},"properties":{"year":1965,"period":"1965","kind":"FHA"}},{"type":"Feature","geometry":{"type":"Point","coordinates":[-89.6366102,40.6712265]},"properties":{"year":1965,"period":"1965","kind":"FHA"}},{"type":"Feature","geometry":{"type":"Point","coordinates":[-89.6250563,40.6971316]},"properties":{"year":1965,"period":"1965","kind":"FHA"}},{"type":"Feature","geometry":{"type":"Point","coordinates":[-89.6250563,40.6971316]},"properties":{"year":1965,"period":"1965","kind":"FHA"}},{"type":"Feature","geometry":{"type":"Point","coordinates":[-89.6235506,40.6990036]},"properties":{"year":1965,"period":"1965","kind":"FHA"}},{"type":"Feature","geometry":{"type":"Point","coordinates":[-89.6299166,40.6965603]},"properties":{"year":1965,"period":"1965","kind":"FHA"}},{"type":"Feature","geometry":{"type":"Point","coordinates":[-89.5026189,40.9089086]},"properties":{"year":1965,"period":"1965","kind":"FHA"}},{"type":"Feature","geometry":{"type":"Point","coordinates":[-89.5860645,40.7131817]},"properties":{"year":1965,"period":"1965","kind":"FHA"}},{"type":"Feature","geometry":{"type":"Point","coordinates":[-89.5894986,40.7163831]},"properties":{"year":1965,"period":"1965","kind":"FHA"}},{"type":"Feature","geometry":{"type":"Point","coordinates":[-89.6107068,40.7357702]},"properties":{"year":1965,"period":"1965","kind":"FHA"}},{"type":"Feature","geometry":{"type":"Point","coordinates":[-89.6279934,40.7227964]},"properties":{"year":1965,"period":"1965","kind":"FHA"}},{"type":"Feature","geometry":{"type":"Point","coordinates":[-89.6344551,40.6761464]},"properties":{"year":1965,"period":"1965","kind":"VA"}},{"type":"Feature","geometry":{"type":"Point","coordinates":[-89.653973,40.6591643]},"properties":{"year":1965,"period":"1965","kind":"VA"}},{"type":"Feature","geometry":{"type":"Point","coordinates":[-89.6029879,40.7234408]},"properties":{"year":1965,"period":"1965","kind":"FHA"}},{"type":"Feature","geometry":{"type":"Point","coordinates":[-89.6306786,40.7503354]},"properties":{"year":1965,"period":"1965","kind":"VA"}},{"type":"Feature","geometry":{"type":"Point","coordinates":[-89.6300042,40.7502085]},"properties":{"year":1965,"period":"1965","kind":"FHA"}},{"type":"Feature","geometry":{"type":"Point","coordinates":[-89.6300042,40.7502085]},"properties":{"year":1965,"period":"1965","kind":"FHA"}},{"type":"Feature","geometry":{"type":"Point","coordinates":[-89.6313292,40.7519621]},"properties":{"year":1965,"period":"1965","kind":"FHA"}},{"type":"Feature","geometry":{"type":"Point","coordinates":[-89.6313263,40.7536524]},"properties":{"year":1965,"period":"1965","kind":"FHA"}},{"type":"Feature","geometry":{"type":"Point","coordinates":[-89.8130919,40.580155]},"properties":{"year":1965,"period":"1965","kind":"VA"}},{"type":"Feature","geometry":{"type":"Point","coordinates":[-89.6116598,40.7048053]},"properties":{"year":1965,"period":"1965","kind":"FHA"}},{"type":"Feature","geometry":{"type":"Point","coordinates":[-89.6114997,40.7012081]},"properties":{"year":1965,"period":"1965","kind":"VA"}},{"type":"Feature","geometry":{"type":"Point","coordinates":[-89.611978,40.7028664]},"properties":{"year":1965,"period":"1965","kind":"FHA"}},{"type":"Feature","geometry":{"type":"Point","coordinates":[-89.5925438,40.7237691]},"properties":{"year":1965,"period":"1965","kind":"FHA"}},{"type":"Feature","geometry":{"type":"Point","coordinates":[-89.5915816,40.7228579]},"properties":{"year":1965,"period":"1965","kind":"FHA"}},{"type":"Feature","geometry":{"type":"Point","coordinates":[-89.5902137,40.722303]},"properties":{"year":1965,"period":"1965","kind":"FHA"}},{"type":"Feature","geometry":{"type":"Point","coordinates":[-89.5839858,40.7147146]},"properties":{"year":1965,"period":"1965","kind":"FHA"}},{"type":"Feature","geometry":{"type":"Point","coordinates":[-89.679733,40.652638]},"properties":{"year":1965,"period":"1965","kind":"FHA"}},{"type":"Feature","geometry":{"type":"Point","coordinates":[-89.630512,40.7278159]},"properties":{"year":1965,"period":"1965","kind":"FHA"}},{"type":"Feature","geometry":{"type":"Point","coordinates":[-89.6280004,40.7264621]},"properties":{"year":1965,"period":"1965","kind":"FHA"}},{"type":"Feature","geometry":{"type":"Point","coordinates":[-89.6244595,40.7277552]},"properties":{"year":1965,"period":"1965","kind":"FHA"}},{"type":"Feature","geometry":{"type":"Point","coordinates":[-89.6292655,40.7293425]},"properties":{"year":1965,"period":"1965","kind":"FHA"}},{"type":"Feature","geometry":{"type":"Point","coordinates":[-89.6232726,40.7291569]},"properties":{"year":1965,"period":"1965","kind":"FHA"}},{"type":"Feature","geometry":{"type":"Point","coordinates":[-89.6282298,40.7313374]},"properties":{"year":1965,"period":"1965","kind":"FHA"}},{"type":"Feature","geometry":{"type":"Point","coordinates":[-89.5882288,40.7494107]},"properties":{"year":1965,"period":"1965","kind":"FHA"}},{"type":"Feature","geometry":{"type":"Point","coordinates":[-89.5882288,40.7494107]},"properties":{"year":1965,"period":"1965","kind":"FHA"}},{"type":"Feature","geometry":{"type":"Point","coordinates":[-89.5891785,40.7498678]},"properties":{"year":1965,"period":"1965","kind":"FHA"}},{"type":"Feature","geometry":{"type":"Point","coordinates":[-89.6039741,40.7018118]},"properties":{"year":1965,"period":"1965","kind":"FHA"}},{"type":"Feature","geometry":{"type":"Point","coordinates":[-89.6111366,40.7334959]},"properties":{"year":1965,"period":"1965","kind":"FHA"}},{"type":"Feature","geometry":{"type":"Point","coordinates":[-89.6224722,40.7006142]},"properties":{"year":1965,"period":"1965","kind":"FHA"}},{"type":"Feature","geometry":{"type":"Point","coordinates":[-89.6219258,40.7006963]},"properties":{"year":1965,"period":"1965","kind":"FHA"}},{"type":"Feature","geometry":{"type":"Point","coordinates":[-89.6060751,40.7361433]},"properties":{"year":1965,"period":"1965","kind":"FHA"}},{"type":"Feature","geometry":{"type":"Point","coordinates":[-89.6441619,40.7090381]},"properties":{"year":1965,"period":"1965","kind":"VA"}},{"type":"Feature","geometry":{"type":"Point","coordinates":[-89.587915,40.7246373]},"properties":{"year":1965,"period":"1965","kind":"FHA"}},{"type":"Feature","geometry":{"type":"Point","coordinates":[-89.5850873,40.7222839]},"properties":{"year":1965,"period":"1965","kind":"FHA"}},{"type":"Feature","geometry":{"type":"Point","coordinates":[-89.5787217,40.7298436]},"properties":{"year":1965,"period":"1965","kind":"FHA"}},{"type":"Feature","geometry":{"type":"Point","coordinates":[-89.590119,40.7136182]},"properties":{"year":1965,"period":"1965","kind":"FHA"}},{"type":"Feature","geometry":{"type":"Point","coordinates":[-89.6418125,40.679449]},"properties":{"year":1965,"period":"1965","kind":"FHA"}},{"type":"Feature","geometry":{"type":"Point","coordinates":[-89.6294788,40.6812164]},"properties":{"year":1965,"period":"1965","kind":"FHA"}},{"type":"Feature","geometry":{"type":"Point","coordinates":[-89.6352274,40.7094792]},"properties":{"year":1965,"period":"1965","kind":"FHA"}},{"type":"Feature","geometry":{"type":"Point","coordinates":[-89.5862772,40.7504721]},"properties":{"year":1965,"period":"1965","kind":"FHA"}},{"type":"Feature","geometry":{"type":"Point","coordinates":[-89.587669,40.746809]},"properties":{"year":1965,"period":"1965","kind":"FHA"}},{"type":"Feature","geometry":{"type":"Point","coordinates":[-89.5876768,40.7475755]},"properties":{"year":1965,"period":"1965","kind":"FHA"}},{"type":"Feature","geometry":{"type":"Point","coordinates":[-89.5869216,40.7503615]},"properties":{"year":1965,"period":"1965","kind":"FHA"}},{"type":"Feature","geometry":{"type":"Point","coordinates":[-89.5869216,40.7503615]},"properties":{"year":1965,"period":"1965","kind":"FHA"}},{"type":"Feature","geometry":{"type":"Point","coordinates":[-89.5853494,40.7471549]},"properties":{"year":1965,"period":"1965","kind":"FHA"}},{"type":"Feature","geometry":{"type":"Point","coordinates":[-89.5858898,40.7501044]},"properties":{"year":1965,"period":"1965","kind":"FHA"}},{"type":"Feature","geometry":{"type":"Point","coordinates":[-89.56909,40.8048586]},"properties":{"year":1965,"period":"1965","kind":"FHA"}},{"type":"Feature","geometry":{"type":"Point","coordinates":[-89.5681608,40.8052163]},"properties":{"year":1965,"period":"1965","kind":"FHA"}},{"type":"Feature","geometry":{"type":"Point","coordinates":[-89.6887665,40.7686939]},"properties":{"year":1965,"period":"1965","kind":"FHA"}},{"type":"Feature","geometry":{"type":"Point","coordinates":[-89.5654872,40.7574902]},"properties":{"year":1965,"period":"1965","kind":"FHA"}},{"type":"Feature","geometry":{"type":"Point","coordinates":[-89.5669869,40.7573212]},"properties":{"year":1965,"period":"1965","kind":"FHA"}},{"type":"Feature","geometry":{"type":"Point","coordinates":[-89.5661131,40.7565346]},"properties":{"year":1965,"period":"1965","kind":"FHA"}},{"type":"Feature","geometry":{"type":"Point","coordinates":[-89.5652013,40.7568904]},"properties":{"year":1965,"period":"1965","kind":"FHA"}},{"type":"Feature","geometry":{"type":"Point","coordinates":[-89.5650363,40.7575691]},"properties":{"year":1965,"period":"1965","kind":"FHA"}},{"type":"Feature","geometry":{"type":"Point","coordinates":[-89.6414041,40.6690268]},"properties":{"year":1965,"period":"1965","kind":"FHA"}},{"type":"Feature","geometry":{"type":"Point","coordinates":[-89.6290013,40.7250074]},"properties":{"year":1965,"period":"1965","kind":"FHA"}},{"type":"Feature","geometry":{"type":"Point","coordinates":[-89.6284618,40.7246399]},"properties":{"year":1965,"period":"1965","kind":"VA"}},{"type":"Feature","geometry":{"type":"Point","coordinates":[-89.5747404,40.7023024]},"properties":{"year":1965,"period":"1965","kind":"FHA"}},{"type":"Feature","geometry":{"type":"Point","coordinates":[-89.5747404,40.7023024]},"properties":{"year":1965,"period":"1965","kind":"FHA"}},{"type":"Feature","geometry":{"type":"Point","coordinates":[-89.5787793,40.7060076]},"properties":{"year":1965,"period":"1965","kind":"FHA"}},{"type":"Feature","geometry":{"type":"Point","coordinates":[-89.6280868,40.720681]},"properties":{"year":1965,"period":"1965","kind":"FHA"}},{"type":"Feature","geometry":{"type":"Point","coordinates":[-89.6285307,40.7231117]},"properties":{"year":1965,"period":"1965","kind":"FHA"}},{"type":"Feature","geometry":{"type":"Point","coordinates":[-89.6305017,40.7228098]},"properties":{"year":1965,"period":"1965","kind":"FHA"}},{"type":"Feature","geometry":{"type":"Point","coordinates":[-89.6280868,40.720681]},"properties":{"year":1965,"period":"1965","kind":"FHA"}},{"type":"Feature","geometry":{"type":"Point","coordinates":[-89.6291576,40.7209047]},"properties":{"year":1965,"period":"1965","kind":"FHA"}},{"type":"Feature","geometry":{"type":"Point","coordinates":[-89.6294999,40.7230988]},"properties":{"year":1965,"period":"1965","kind":"FHA"}},{"type":"Feature","geometry":{"type":"Point","coordinates":[-89.6298767,40.7217037]},"properties":{"year":1965,"period":"1965","kind":"VA"}},{"type":"Feature","geometry":{"type":"Point","coordinates":[-89.6260186,40.7246036]},"properties":{"year":1965,"period":"1965","kind":"FHA"}},{"type":"Feature","geometry":{"type":"Point","coordinates":[-89.6244036,40.7240122]},"properties":{"year":1965,"period":"1965","kind":"FHA"}},{"type":"Feature","geometry":{"type":"Point","coordinates":[-89.6241887,40.7237671]},"properties":{"year":1965,"period":"1965","kind":"FHA"}},{"type":"Feature","geometry":{"type":"Point","coordinates":[-89.6264795,40.7228362]},"properties":{"year":1965,"period":"1965","kind":"VA"}},{"type":"Feature","geometry":{"type":"Point","coordinates":[-89.6814187,40.8631472]},"properties":{"year":1965,"period":"1965","kind":"FHA"}},{"type":"Feature","geometry":{"type":"Point","coordinates":[-89.6186268,40.682422]},"properties":{"year":1965,"period":"1965","kind":"FHA"}},{"type":"Feature","geometry":{"type":"Point","coordinates":[-89.5624668,40.7138523]},"properties":{"year":1965,"period":"1965","kind":"FHA"}},{"type":"Feature","geometry":{"type":"Point","coordinates":[-89.5640191,40.715297]},"properties":{"year":1965,"period":"1965","kind":"FHA"}},{"type":"Feature","geometry":{"type":"Point","coordinates":[-89.612747,40.7157688]},"properties":{"year":1965,"period":"1965","kind":"FHA"}},{"type":"Feature","geometry":{"type":"Point","coordinates":[-89.6290329,40.7483163]},"properties":{"year":1965,"period":"1965","kind":"FHA"}},{"type":"Feature","geometry":{"type":"Point","coordinates":[-89.644611,40.6787544]},"properties":{"year":1965,"period":"1965","kind":"FHA"}},{"type":"Feature","geometry":{"type":"Point","coordinates":[-89.6452462,40.6786041]},"properties":{"year":1965,"period":"1965","kind":"FHA"}},{"type":"Feature","geometry":{"type":"Point","coordinates":[-89.6450298,40.6789941]},"properties":{"year":1965,"period":"1965","kind":"FHA"}},{"type":"Feature","geometry":{"type":"Point","coordinates":[-89.6433433,40.6797343]},"properties":{"year":1965,"period":"1965","kind":"FHA"}},{"type":"Feature","geometry":{"type":"Point","coordinates":[-89.6431144,40.6779374]},"properties":{"year":1965,"period":"1965","kind":"FHA"}},{"type":"Feature","geometry":{"type":"Point","coordinates":[-89.584362,40.7177701]},"properties":{"year":1965,"period":"1965","kind":"FHA"}},{"type":"Feature","geometry":{"type":"Point","coordinates":[-89.5930482,40.7107749]},"properties":{"year":1965,"period":"1965","kind":"FHA"}},{"type":"Feature","geometry":{"type":"Point","coordinates":[-89.6203281,40.6833588]},"properties":{"year":1965,"period":"1965","kind":"FHA"}},{"type":"Feature","geometry":{"type":"Point","coordinates":[-89.5903655,40.7204056]},"properties":{"year":1965,"period":"1965","kind":"FHA"}},{"type":"Feature","geometry":{"type":"Point","coordinates":[-89.5903677,40.720533]},"properties":{"year":1965,"period":"1965","kind":"FHA"}},{"type":"Feature","geometry":{"type":"Point","coordinates":[-89.5915562,40.7209409]},"properties":{"year":1965,"period":"1965","kind":"FHA"}},{"type":"Feature","geometry":{"type":"Point","coordinates":[-89.5922326,40.720831]},"properties":{"year":1965,"period":"1965","kind":"VA"}},{"type":"Feature","geometry":{"type":"Point","coordinates":[-89.4817091,40.9199104]},"properties":{"year":1965,"period":"1965","kind":"VA"}},{"type":"Feature","geometry":{"type":"Point","coordinates":[-89.5668945,40.7106941]},"properties":{"year":1965,"period":"1965","kind":"FHA"}},{"type":"Feature","geometry":{"type":"Point","coordinates":[-89.629861,40.6907791]},"properties":{"year":1965,"period":"1965","kind":"VA"}},{"type":"Feature","geometry":{"type":"Point","coordinates":[-89.6124677,40.7709971]},"properties":{"year":1965,"period":"1965","kind":"VA"}},{"type":"Feature","geometry":{"type":"Point","coordinates":[-89.6294545,40.6952698]},"properties":{"year":1965,"period":"1965","kind":"FHA"}},{"type":"Feature","geometry":{"type":"Point","coordinates":[-89.6032249,40.7728999]},"properties":{"year":1965,"period":"1965","kind":"FHA"}},{"type":"Feature","geometry":{"type":"Point","coordinates":[-89.6510169,40.6531956]},"properties":{"year":1965,"period":"1965","kind":"FHA"}},{"type":"Feature","geometry":{"type":"Point","coordinates":[-89.6510081,40.6533183]},"properties":{"year":1965,"period":"1965","kind":"FHA"}},{"type":"Feature","geometry":{"type":"Point","coordinates":[-89.6184841,40.6866187]},"properties":{"year":1965,"period":"1965","kind":"FHA"}},{"type":"Feature","geometry":{"type":"Point","coordinates":[-89.6202774,40.6864995]},"properties":{"year":1965,"period":"1965","kind":"FHA"}},{"type":"Feature","geometry":{"type":"Point","coordinates":[-89.6209314,40.6883072]},"properties":{"year":1965,"period":"1965","kind":"VA"}},{"type":"Feature","geometry":{"type":"Point","coordinates":[-89.6209314,40.6883072]},"properties":{"year":1965,"period":"1965","kind":"VA"}},{"type":"Feature","geometry":{"type":"Point","coordinates":[-89.6223077,40.7433382]},"properties":{"year":1965,"period":"1965","kind":"VA"}},{"type":"Feature","geometry":{"type":"Point","coordinates":[-89.7889175,40.6960066]},"properties":{"year":1965,"period":"1965","kind":"FHA"}},{"type":"Feature","geometry":{"type":"Point","coordinates":[-89.5852095,40.707351]},"properties":{"year":1965,"period":"1965","kind":"FHA"}},{"type":"Feature","geometry":{"type":"Point","coordinates":[-89.6866314,40.6408414]},"properties":{"year":1965,"period":"1965","kind":"FHA"}},{"type":"Feature","geometry":{"type":"Point","coordinates":[-89.6853095,40.6402465]},"properties":{"year":1965,"period":"1965","kind":"FHA"}},{"type":"Feature","geometry":{"type":"Point","coordinates":[-89.636899,40.7122797]},"properties":{"year":1965,"period":"1965","kind":"VA"}},{"type":"Feature","geometry":{"type":"Point","coordinates":[-89.61089,40.7112116]},"properties":{"year":1965,"period":"1965","kind":"VA"}},{"type":"Feature","geometry":{"type":"Point","coordinates":[-89.6345595,40.7344076]},"properties":{"year":1965,"period":"1965","kind":"FHA"}},{"type":"Feature","geometry":{"type":"Point","coordinates":[-89.6454213,40.6652152]},"properties":{"year":1965,"period":"1965","kind":"FHA"}},{"type":"Feature","geometry":{"type":"Point","coordinates":[-89.6243472,40.6797641]},"properties":{"year":1965,"period":"1965","kind":"VA"}},{"type":"Feature","geometry":{"type":"Point","coordinates":[-89.6722502,40.6372215]},"properties":{"year":1965,"period":"1965","kind":"FHA"}},{"type":"Feature","geometry":{"type":"Point","coordinates":[-89.5860885,40.7195714]},"properties":{"year":1965,"period":"1965","kind":"FHA"}},{"type":"Feature","geometry":{"type":"Point","coordinates":[-89.6251123,40.6880429]},"properties":{"year":1965,"period":"1965","kind":"FHA"}},{"type":"Feature","geometry":{"type":"Point","coordinates":[-89.5797217,40.7281662]},"properties":{"year":1965,"period":"1965","kind":"VA"}},{"type":"Feature","geometry":{"type":"Point","coordinates":[-89.796329,40.6924252]},"properties":{"year":1965,"period":"1965","kind":"VA"}},{"type":"Feature","geometry":{"type":"Point","coordinates":[-89.5776085,40.725254]},"properties":{"year":1965,"period":"1965","kind":"VA"}},{"type":"Feature","geometry":{"type":"Point","coordinates":[-89.5765224,40.7270784]},"properties":{"year":1965,"period":"1965","kind":"FHA"}},{"type":"Feature","geometry":{"type":"Point","coordinates":[-89.579925,40.7271124]},"properties":{"year":1965,"period":"1965","kind":"FHA"}},{"type":"Feature","geometry":{"type":"Point","coordinates":[-89.5805012,40.7253091]},"properties":{"year":1965,"period":"1965","kind":"FHA"}},{"type":"Feature","geometry":{"type":"Point","coordinates":[-89.5738751,40.7353735]},"properties":{"year":1965,"period":"1965","kind":"FHA"}},{"type":"Feature","geometry":{"type":"Point","coordinates":[-89.572758,40.7340601]},"properties":{"year":1965,"period":"1965","kind":"VA"}},{"type":"Feature","geometry":{"type":"Point","coordinates":[-89.5704748,40.7339598]},"properties":{"year":1965,"period":"1965","kind":"FHA"}},{"type":"Feature","geometry":{"type":"Point","coordinates":[-89.571425,40.804179]},"properties":{"year":1965,"period":"1965","kind":"FHA"}},{"type":"Feature","geometry":{"type":"Point","coordinates":[-89.5678355,40.8041481]},"properties":{"year":1965,"period":"1965","kind":"FHA"}},{"type":"Feature","geometry":{"type":"Point","coordinates":[-89.5719649,40.8037633]},"properties":{"year":1965,"period":"1965","kind":"FHA"}},{"type":"Feature","geometry":{"type":"Point","coordinates":[-89.6384875,40.713375]},"properties":{"year":1965,"period":"1965","kind":"FHA"}},{"type":"Feature","geometry":{"type":"Point","coordinates":[-89.5719649,40.8037633]},"properties":{"year":1965,"period":"1965","kind":"FHA"}},{"type":"Feature","geometry":{"type":"Point","coordinates":[-89.6021798,40.7729196]},"properties":{"year":1965,"period":"1965","kind":"FHA"}},{"type":"Feature","geometry":{"type":"Point","coordinates":[-89.601352,40.7745422]},"properties":{"year":1965,"period":"1965","kind":"FHA"}},{"type":"Feature","geometry":{"type":"Point","coordinates":[-89.614133,40.7153491]},"properties":{"year":1965,"period":"1965","kind":"FHA"}},{"type":"Feature","geometry":{"type":"Point","coordinates":[-89.5793963,40.7018296]},"properties":{"year":1965,"period":"1965","kind":"FHA"}},{"type":"Feature","geometry":{"type":"Point","coordinates":[-89.604902,40.6972083]},"properties":{"year":1965,"period":"1965","kind":"FHA"}},{"type":"Feature","geometry":{"type":"Point","coordinates":[-89.600439,40.7937395]},"properties":{"year":1965,"period":"1965","kind":"FHA"}},{"type":"Feature","geometry":{"type":"Point","coordinates":[-89.6007342,40.7933618]},"properties":{"year":1965,"period":"1965","kind":"VA"}},{"type":"Feature","geometry":{"type":"Point","coordinates":[-89.5996133,40.7922545]},"properties":{"year":1965,"period":"1965","kind":"FHA"}},{"type":"Feature","geometry":{"type":"Point","coordinates":[-89.6327882,40.7149685]},"properties":{"year":1965,"period":"1965","kind":"FHA"}},{"type":"Feature","geometry":{"type":"Point","coordinates":[-89.6335459,40.7130722]},"properties":{"year":1965,"period":"1965","kind":"FHA"}},{"type":"Feature","geometry":{"type":"Point","coordinates":[-89.6345079,40.7144065]},"properties":{"year":1965,"period":"1965","kind":"FHA"}},{"type":"Feature","geometry":{"type":"Point","coordinates":[-89.6409143,40.7155416]},"properties":{"year":1965,"period":"1965","kind":"FHA"}},{"type":"Feature","geometry":{"type":"Point","coordinates":[-89.6414458,40.7163469]},"properties":{"year":1965,"period":"1965","kind":"FHA"}},{"type":"Feature","geometry":{"type":"Point","coordinates":[-89.6415794,40.7140595]},"properties":{"year":1965,"period":"1965","kind":"FHA"}},{"type":"Feature","geometry":{"type":"Point","coordinates":[-89.669067,40.6385473]},"properties":{"year":1965,"period":"1965","kind":"FHA"}},{"type":"Feature","geometry":{"type":"Point","coordinates":[-89.6684657,40.6390396]},"properties":{"year":1965,"period":"1965","kind":"FHA"}},{"type":"Feature","geometry":{"type":"Point","coordinates":[-89.6740621,40.6473876]},"properties":{"year":1965,"period":"1965","kind":"FHA"}},{"type":"Feature","geometry":{"type":"Point","coordinates":[-89.591875,40.7519523]},"properties":{"year":1965,"period":"1965","kind":"VA"}},{"type":"Feature","geometry":{"type":"Point","coordinates":[-89.5922392,40.7519424]},"properties":{"year":1965,"period":"1965","kind":"FHA"}},{"type":"Feature","geometry":{"type":"Point","coordinates":[-89.5924144,40.7519643]},"properties":{"year":1965,"period":"1965","kind":"FHA"}},{"type":"Feature","geometry":{"type":"Point","coordinates":[-89.5889159,40.7519049]},"properties":{"year":1965,"period":"1965","kind":"VA"}},{"type":"Feature","geometry":{"type":"Point","coordinates":[-89.5887887,40.7527632]},"properties":{"year":1965,"period":"1965","kind":"FHA"}},{"type":"Feature","geometry":{"type":"Point","coordinates":[-89.6633229,40.6434678]},"properties":{"year":1965,"period":"1965","kind":"FHA"}},{"type":"Feature","geometry":{"type":"Point","coordinates":[-89.5904285,40.7098023]},"properties":{"year":1965,"period":"1965","kind":"FHA"}},{"type":"Feature","geometry":{"type":"Point","coordinates":[-89.6340147,40.7051101]},"properties":{"year":1965,"period":"1965","kind":"FHA"}},{"type":"Feature","geometry":{"type":"Point","coordinates":[-89.5802788,40.747531]},"properties":{"year":1965,"period":"1965","kind":"FHA"}},{"type":"Feature","geometry":{"type":"Point","coordinates":[-89.6441167,40.7022447]},"properties":{"year":1965,"period":"1965","kind":"FHA"}},{"type":"Feature","geometry":{"type":"Point","coordinates":[-89.6291023,40.750706]},"properties":{"year":1965,"period":"1965","kind":"FHA"}},{"type":"Feature","geometry":{"type":"Point","coordinates":[-89.628238,40.7535117]},"properties":{"year":1965,"period":"1965","kind":"FHA"}},{"type":"Feature","geometry":{"type":"Point","coordinates":[-89.6294006,40.7539132]},"properties":{"year":1965,"period":"1965","kind":"VA"}},{"type":"Feature","geometry":{"type":"Point","coordinates":[-89.6282973,40.7539131]},"properties":{"year":1965,"period":"1965","kind":"FHA"}},{"type":"Feature","geometry":{"type":"Point","coordinates":[-89.6271847,40.7534662]},"properties":{"year":1965,"period":"1965","kind":"FHA"}},{"type":"Feature","geometry":{"type":"Point","coordinates":[-89.6272925,40.753038]},"properties":{"year":1965,"period":"1965","kind":"FHA"}},{"type":"Feature","geometry":{"type":"Point","coordinates":[-89.6288026,40.7551079]},"properties":{"year":1965,"period":"1965","kind":"FHA"}},{"type":"Feature","geometry":{"type":"Point","coordinates":[-89.6272992,40.7614341]},"properties":{"year":1965,"period":"1965","kind":"FHA"}},{"type":"Feature","geometry":{"type":"Point","coordinates":[-89.6227352,40.7578827]},"properties":{"year":1965,"period":"1965","kind":"VA"}},{"type":"Feature","geometry":{"type":"Point","coordinates":[-89.621067,40.758519]},"properties":{"year":1965,"period":"1965","kind":"FHA"}},{"type":"Feature","geometry":{"type":"Point","coordinates":[-89.6206421,40.7578742]},"properties":{"year":1965,"period":"1965","kind":"VA"}},{"type":"Feature","geometry":{"type":"Point","coordinates":[-89.6206085,40.7586397]},"properties":{"year":1965,"period":"1965","kind":"FHA"}},{"type":"Feature","geometry":{"type":"Point","coordinates":[-89.627859,40.7592643]},"properties":{"year":1965,"period":"1965","kind":"FHA"}},{"type":"Feature","geometry":{"type":"Point","coordinates":[-89.6301182,40.7582656]},"properties":{"year":1965,"period":"1965","kind":"VA"}},{"type":"Feature","geometry":{"type":"Point","coordinates":[-89.6190452,40.7580248]},"properties":{"year":1965,"period":"1965","kind":"FHA"}},{"type":"Feature","geometry":{"type":"Point","coordinates":[-89.6181192,40.7562956]},"properties":{"year":1965,"period":"1965","kind":"VA"}},{"type":"Feature","geometry":{"type":"Point","coordinates":[-89.618182,40.7566908]},"properties":{"year":1965,"period":"1965","kind":"FHA"}},{"type":"Feature","geometry":{"type":"Point","coordinates":[-89.6183131,40.7570954]},"properties":{"year":1965,"period":"1965","kind":"FHA"}},{"type":"Feature","geometry":{"type":"Point","coordinates":[-89.6177666,40.7570369]},"properties":{"year":1965,"period":"1965","kind":"FHA"}},{"type":"Feature","geometry":{"type":"Point","coordinates":[-89.6188563,40.7578002]},"properties":{"year":1965,"period":"1965","kind":"FHA"}},{"type":"Feature","geometry":{"type":"Point","coordinates":[-89.6265929,40.761089]},"properties":{"year":1965,"period":"1965","kind":"FHA"}},{"type":"Feature","geometry":{"type":"Point","coordinates":[-89.62745,40.7610726]},"properties":{"year":1965,"period":"1965","kind":"FHA"}},{"type":"Feature","geometry":{"type":"Point","coordinates":[-89.628106,40.7610988]},"properties":{"year":1965,"period":"1965","kind":"FHA"}},{"type":"Feature","geometry":{"type":"Point","coordinates":[-89.6289469,40.7610984]},"properties":{"year":1965,"period":"1965","kind":"FHA"}},{"type":"Feature","geometry":{"type":"Point","coordinates":[-89.6287257,40.7614548]},"properties":{"year":1965,"period":"1965","kind":"FHA"}},{"type":"Feature","geometry":{"type":"Point","coordinates":[-89.6282758,40.7614507]},"properties":{"year":1965,"period":"1965","kind":"FHA"}},{"type":"Feature","geometry":{"type":"Point","coordinates":[-89.6282758,40.7614507]},"properties":{"year":1965,"period":"1965","kind":"FHA"}},{"type":"Feature","geometry":{"type":"Point","coordinates":[-89.6278107,40.7614571]},"properties":{"year":1965,"period":"1965","kind":"FHA"}},{"type":"Feature","geometry":{"type":"Point","coordinates":[-89.6268495,40.7614314]},"properties":{"year":1965,"period":"1965","kind":"FHA"}},{"type":"Feature","geometry":{"type":"Point","coordinates":[-89.6177983,40.7586054]},"properties":{"year":1965,"period":"1965","kind":"FHA"}},{"type":"Feature","geometry":{"type":"Point","coordinates":[-89.6276682,40.750781]},"properties":{"year":1965,"period":"1965","kind":"FHA"}},{"type":"Feature","geometry":{"type":"Point","coordinates":[-89.624571,40.7614554]},"properties":{"year":1965,"period":"1965","kind":"FHA"}},{"type":"Feature","geometry":{"type":"Point","coordinates":[-89.6245744,40.7606966]},"properties":{"year":1965,"period":"1965","kind":"FHA"}},{"type":"Feature","geometry":{"type":"Point","coordinates":[-89.6257659,40.7551423]},"properties":{"year":1965,"period":"1965","kind":"FHA"}},{"type":"Feature","geometry":{"type":"Point","coordinates":[-89.6258307,40.7522368]},"properties":{"year":1965,"period":"1965","kind":"FHA"}},{"type":"Feature","geometry":{"type":"Point","coordinates":[-89.6253932,40.7525524]},"properties":{"year":1965,"period":"1965","kind":"FHA"}},{"type":"Feature","geometry":{"type":"Point","coordinates":[-89.6229664,40.7536969]},"properties":{"year":1965,"period":"1965","kind":"FHA"}},{"type":"Feature","geometry":{"type":"Point","coordinates":[-89.6225578,40.7542412]},"properties":{"year":1965,"period":"1965","kind":"FHA"}},{"type":"Feature","geometry":{"type":"Point","coordinates":[-89.6205385,40.7558377]},"properties":{"year":1965,"period":"1965","kind":"FHA"}},{"type":"Feature","geometry":{"type":"Point","coordinates":[-89.625049,40.7546801]},"properties":{"year":1965,"period":"1965","kind":"FHA"}},{"type":"Feature","geometry":{"type":"Point","coordinates":[-89.6248073,40.7546816]},"properties":{"year":1965,"period":"1965","kind":"FHA"}},{"type":"Feature","geometry":{"type":"Point","coordinates":[-89.6285241,40.761101]},"properties":{"year":1965,"period":"1965","kind":"FHA"}},{"type":"Feature","geometry":{"type":"Point","coordinates":[-89.6266082,40.7614317]},"properties":{"year":1965,"period":"1965","kind":"FHA"}},{"type":"Feature","geometry":{"type":"Point","coordinates":[-89.6227653,40.7574705]},"properties":{"year":1965,"period":"1965","kind":"VA"}},{"type":"Feature","geometry":{"type":"Point","coordinates":[-89.6177666,40.7570369]},"properties":{"year":1965,"period":"1965","kind":"FHA"}},{"type":"Feature","geometry":{"type":"Point","coordinates":[-89.6215807,40.7614073]},"properties":{"year":1965,"period":"1965","kind":"FHA"}},{"type":"Feature","geometry":{"type":"Point","coordinates":[-89.6306233,40.7564124]},"properties":{"year":1965,"period":"1965","kind":"FHA"}},{"type":"Feature","geometry":{"type":"Point","coordinates":[-89.6268997,40.7531491]},"properties":{"year":1965,"period":"1965","kind":"FHA"}},{"type":"Feature","geometry":{"type":"Point","coordinates":[-89.6263789,40.7543869]},"properties":{"year":1965,"period":"1965","kind":"FHA"}},{"type":"Feature","geometry":{"type":"Point","coordinates":[-89.6271649,40.7542857]},"properties":{"year":1965,"period":"1965","kind":"FHA"}},{"type":"Feature","geometry":{"type":"Point","coordinates":[-89.6292655,40.7543228]},"properties":{"year":1965,"period":"1965","kind":"FHA"}},{"type":"Feature","geometry":{"type":"Point","coordinates":[-89.628878,40.7547035]},"properties":{"year":1965,"period":"1965","kind":"FHA"}},{"type":"Feature","geometry":{"type":"Point","coordinates":[-89.6269163,40.7550328]},"properties":{"year":1965,"period":"1965","kind":"FHA"}},{"type":"Feature","geometry":{"type":"Point","coordinates":[-89.5629275,40.7194273]},"properties":{"year":1965,"period":"1965","kind":"FHA"}},{"type":"Feature","geometry":{"type":"Point","coordinates":[-89.5787739,40.7367549]},"properties":{"year":1965,"period":"1965","kind":"FHA"}},{"type":"Feature","geometry":{"type":"Point","coordinates":[-89.5761777,40.7438518]},"properties":{"year":1965,"period":"1965","kind":"VA"}},{"type":"Feature","geometry":{"type":"Point","coordinates":[-89.6278223,40.6824786]},"properties":{"year":1965,"period":"1965","kind":"VA"}},{"type":"Feature","geometry":{"type":"Point","coordinates":[-89.604345,40.7697684]},"properties":{"year":1965,"period":"1965","kind":"FHA"}},{"type":"Feature","geometry":{"type":"Point","coordinates":[-89.6056474,40.7688879]},"properties":{"year":1965,"period":"1965","kind":"FHA"}},{"type":"Feature","geometry":{"type":"Point","coordinates":[-89.6073051,40.7139971]},"properties":{"year":1965,"period":"1965","kind":"FHA"}},{"type":"Feature","geometry":{"type":"Point","coordinates":[-89.6048951,40.7139649]},"properties":{"year":1965,"period":"1965","kind":"FHA"}},{"type":"Feature","geometry":{"type":"Point","coordinates":[-89.604438,40.7242965]},"properties":{"year":1965,"period":"1965","kind":"FHA"}},{"type":"Feature","geometry":{"type":"Point","coordinates":[-89.6318719,40.6726809]},"properties":{"year":1965,"period":"1965","kind":"FHA"}},{"type":"Feature","geometry":{"type":"Point","coordinates":[-89.6318313,40.7526564]},"properties":{"year":1965,"period":"1965","kind":"FHA"}},{"type":"Feature","geometry":{"type":"Point","coordinates":[-89.6323853,40.7530159]},"properties":{"year":1965,"period":"1965","kind":"VA"}},{"type":"Feature","geometry":{"type":"Point","coordinates":[-89.6326178,40.7540181]},"properties":{"year":1965,"period":"1965","kind":"FHA"}},{"type":"Feature","geometry":{"type":"Point","coordinates":[-89.5886771,40.7066117]},"properties":{"year":1965,"period":"1965","kind":"FHA"}},{"type":"Feature","geometry":{"type":"Point","coordinates":[-89.624993,40.692107]},"properties":{"year":1965,"period":"1965","kind":"FHA"}},{"type":"Feature","geometry":{"type":"Point","coordinates":[-89.6420039,40.663496]},"properties":{"year":1965,"period":"1965","kind":"FHA"}},{"type":"Feature","geometry":{"type":"Point","coordinates":[-89.5836217,40.7341167]},"properties":{"year":1965,"period":"1965","kind":"FHA"}},{"type":"Feature","geometry":{"type":"Point","coordinates":[-89.6395837,40.6739813]},"properties":{"year":1965,"period":"1965","kind":"FHA"}},{"type":"Feature","geometry":{"type":"Point","coordinates":[-89.6327433,40.6972525]},"properties":{"year":1965,"period":"1965","kind":"FHA"}},{"type":"Feature","geometry":{"type":"Point","coordinates":[-89.5702945,40.8065679]},"properties":{"year":1965,"period":"1965","kind":"FHA"}},{"type":"Feature","geometry":{"type":"Point","coordinates":[-89.5702668,40.8069406]},"properties":{"year":1965,"period":"1965","kind":"VA"}},{"type":"Feature","geometry":{"type":"Point","coordinates":[-89.5700117,40.8078759]},"properties":{"year":1965,"period":"1965","kind":"FHA"}},{"type":"Feature","geometry":{"type":"Point","coordinates":[-89.6145734,40.7235097]},"properties":{"year":1965,"period":"1965","kind":"FHA"}},{"type":"Feature","geometry":{"type":"Point","coordinates":[-89.615824,40.7218416]},"properties":{"year":1965,"period":"1965","kind":"FHA"}},{"type":"Feature","geometry":{"type":"Point","coordinates":[-89.6395974,40.662171]},"properties":{"year":1965,"period":"1965","kind":"FHA"}},{"type":"Feature","geometry":{"type":"Point","coordinates":[-89.6690891,40.675284]},"properties":{"year":1965,"period":"1965","kind":"FHA"}},{"type":"Feature","geometry":{"type":"Point","coordinates":[-89.4994668,40.924772]},"properties":{"year":1965,"period":"1965","kind":"FHA"}},{"type":"Feature","geometry":{"type":"Point","coordinates":[-89.5908997,40.7288796]},"properties":{"year":1965,"period":"1965","kind":"VA"}},{"type":"Feature","geometry":{"type":"Point","coordinates":[-89.619612,40.7005374]},"properties":{"year":1965,"period":"1965","kind":"FHA"}},{"type":"Feature","geometry":{"type":"Point","coordinates":[-89.5819352,40.7182487]},"properties":{"year":1965,"period":"1965","kind":"FHA"}},{"type":"Feature","geometry":{"type":"Point","coordinates":[-89.5794741,40.7181992]},"properties":{"year":1965,"period":"1965","kind":"FHA"}},{"type":"Feature","geometry":{"type":"Point","coordinates":[-89.6053876,40.7352124]},"properties":{"year":1965,"period":"1965","kind":"FHA"}},{"type":"Feature","geometry":{"type":"Point","coordinates":[-89.5703978,40.7283019]},"properties":{"year":1965,"period":"1965","kind":"VA"}},{"type":"Feature","geometry":{"type":"Point","coordinates":[-89.4887746,40.9108518]},"properties":{"year":1965,"period":"1965","kind":"FHA"}},{"type":"Feature","geometry":{"type":"Point","coordinates":[-89.6188518,40.7007277]},"properties":{"year":1965,"period":"1965","kind":"FHA"}},{"type":"Feature","geometry":{"type":"Point","coordinates":[-89.5967155,40.7185481]},"properties":{"year":1965,"period":"1965","kind":"FHA"}},{"type":"Feature","geometry":{"type":"Point","coordinates":[-89.603182,40.6870374]},"properties":{"year":1965,"period":"1965","kind":"FHA"}},{"type":"Feature","geometry":{"type":"Point","coordinates":[-89.6339428,40.7182583]},"properties":{"year":1965,"period":"1965","kind":"FHA"}},{"type":"Feature","geometry":{"type":"Point","coordinates":[-89.6049341,40.7325296]},"properties":{"year":1965,"period":"1965","kind":"VA"}},{"type":"Feature","geometry":{"type":"Point","coordinates":[-89.5617214,40.7260817]},"properties":{"year":1965,"period":"1965","kind":"FHA"}},{"type":"Feature","geometry":{"type":"Point","coordinates":[-89.6249338,40.6943008]},"properties":{"year":1965,"period":"1965","kind":"FHA"}},{"type":"Feature","geometry":{"type":"Point","coordinates":[-89.6259791,40.7451967]},"properties":{"year":1965,"period":"1965","kind":"FHA"}},{"type":"Feature","geometry":{"type":"Point","coordinates":[-89.5861804,40.725928]},"properties":{"year":1965,"period":"1965","kind":"FHA"}},{"type":"Feature","geometry":{"type":"Point","coordinates":[-89.6935478,40.7022371]},"properties":{"year":1965,"period":"1965","kind":"FHA"}},{"type":"Feature","geometry":{"type":"Point","coordinates":[-89.5853041,40.7297097]},"properties":{"year":1965,"period":"1965","kind":"FHA"}},{"type":"Feature","geometry":{"type":"Point","coordinates":[-89.4884467,40.928196]},"properties":{"year":1965,"period":"1965","kind":"FHA"}},{"type":"Feature","geometry":{"type":"Point","coordinates":[-89.6731068,40.6671292]},"properties":{"year":1965,"period":"1965","kind":"FHA"}},{"type":"Feature","geometry":{"type":"Point","coordinates":[-89.6730012,40.6675472]},"properties":{"year":1965,"period":"1965","kind":"FHA"}},{"type":"Feature","geometry":{"type":"Point","coordinates":[-89.6753723,40.6672505]},"properties":{"year":1965,"period":"1965","kind":"FHA"}},{"type":"Feature","geometry":{"type":"Point","coordinates":[-89.6753723,40.6672505]},"properties":{"year":1965,"period":"1965","kind":"FHA"}},{"type":"Feature","geometry":{"type":"Point","coordinates":[-89.6742102,40.6675929]},"properties":{"year":1965,"period":"1965","kind":"FHA"}},{"type":"Feature","geometry":{"type":"Point","coordinates":[-89.6731943,40.6668383]},"properties":{"year":1965,"period":"1965","kind":"FHA"}},{"type":"Feature","geometry":{"type":"Point","coordinates":[-89.5860105,40.7409146]},"properties":{"year":1965,"period":"1965","kind":"FHA"}},{"type":"Feature","geometry":{"type":"Point","coordinates":[-89.6234381,40.7244939]},"properties":{"year":1965,"period":"1965","kind":"FHA"}},{"type":"Feature","geometry":{"type":"Point","coordinates":[-89.5970514,40.7153792]},"properties":{"year":1965,"period":"1965","kind":"FHA"}},{"type":"Feature","geometry":{"type":"Point","coordinates":[-89.5908351,40.7312615]},"properties":{"year":1975,"period":"1975","kind":"FHA"}},{"type":"Feature","geometry":{"type":"Point","coordinates":[-89.6257529,40.6980848]},"properties":{"year":1975,"period":"1975","kind":"FHA"}},{"type":"Feature","geometry":{"type":"Point","coordinates":[-89.5914751,40.7155296]},"properties":{"year":1975,"period":"1975","kind":"VA"}},{"type":"Feature","geometry":{"type":"Point","coordinates":[-89.6358124,40.6693734]},"properties":{"year":1975,"period":"1975","kind":"FHA"}},{"type":"Feature","geometry":{"type":"Point","coordinates":[-89.6738567,40.6846721]},"properties":{"year":1975,"period":"1975","kind":"VA"}},{"type":"Feature","geometry":{"type":"Point","coordinates":[-89.6752688,40.6443898]},"properties":{"year":1975,"period":"1975","kind":"VA"}},{"type":"Feature","geometry":{"type":"Point","coordinates":[-89.6029712,40.725778]},"properties":{"year":1975,"period":"1975","kind":"VA"}},{"type":"Feature","geometry":{"type":"Point","coordinates":[-89.5840869,40.7095697]},"properties":{"year":1975,"period":"1975","kind":"FHA"}},{"type":"Feature","geometry":{"type":"Point","coordinates":[-89.5828099,40.7092074]},"properties":{"year":1975,"period":"1975","kind":"FHA"}},{"type":"Feature","geometry":{"type":"Point","coordinates":[-89.613273,40.6848154]},"properties":{"year":1975,"period":"1975","kind":"FHA"}},{"type":"Feature","geometry":{"type":"Point","coordinates":[-89.5745833,40.7064845]},"properties":{"year":1975,"period":"1975","kind":"FHA"}},{"type":"Feature","geometry":{"type":"Point","coordinates":[-89.6202467,40.6966685]},"properties":{"year":1975,"period":"1975","kind":"FHA"}},{"type":"Feature","geometry":{"type":"Point","coordinates":[-89.5845018,40.7128813]},"properties":{"year":1975,"period":"1975","kind":"VA"}},{"type":"Feature","geometry":{"type":"Point","coordinates":[-89.6295065,40.6846876]},"properties":{"year":1975,"period":"1975","kind":"VA"}},{"type":"Feature","geometry":{"type":"Point","coordinates":[-89.6044436,40.7184896]},"properties":{"year":1975,"period":"1975","kind":"VA"}},{"type":"Feature","geometry":{"type":"Point","coordinates":[-89.6302277,40.6815762]},"properties":{"year":1975,"period":"1975","kind":"FHA"}},{"type":"Feature","geometry":{"type":"Point","coordinates":[-89.6287123,40.6843361]},"properties":{"year":1975,"period":"1975","kind":"FHA"}},{"type":"Feature","geometry":{"type":"Point","coordinates":[-89.6305333,40.6821709]},"properties":{"year":1975,"period":"1975","kind":"FHA"}},{"type":"Feature","geometry":{"type":"Point","coordinates":[-89.604829,40.7043079]},"properties":{"year":1975,"period":"1975","kind":"VA"}},{"type":"Feature","geometry":{"type":"Point","coordinates":[-89.6754695,40.6409722]},"properties":{"year":1975,"period":"1975","kind":"VA"}},{"type":"Feature","geometry":{"type":"Point","coordinates":[-89.6198481,40.6937542]},"properties":{"year":1975,"period":"1975","kind":"FHA"}},{"type":"Feature","geometry":{"type":"Point","coordinates":[-89.6218409,40.6943403]},"properties":{"year":1975,"period":"1975","kind":"VA"}},{"type":"Feature","geometry":{"type":"Point","coordinates":[-89.6158492,40.6939428]},"properties":{"year":1975,"period":"1975","kind":"FHA"}},{"type":"Feature","geometry":{"type":"Point","coordinates":[-89.6047446,40.7052934]},"properties":{"year":1975,"period":"1975","kind":"VA"}},{"type":"Feature","geometry":{"type":"Point","coordinates":[-89.6373649,40.6721655]},"properties":{"year":1975,"period":"1975","kind":"VA"}},{"type":"Feature","geometry":{"type":"Point","coordinates":[-89.6360793,40.6712392]},"properties":{"year":1975,"period":"1975","kind":"VA"}},{"type":"Feature","geometry":{"type":"Point","coordinates":[-89.6347595,40.67113]},"properties":{"year":1975,"period":"1975","kind":"FHA"}},{"type":"Feature","geometry":{"type":"Point","coordinates":[-89.6442048,40.6718325]},"properties":{"year":1975,"period":"1975","kind":"VA"}},{"type":"Feature","geometry":{"type":"Point","coordinates":[-89.6437534,40.6714282]},"properties":{"year":1975,"period":"1975","kind":"VA"}},{"type":"Feature","geometry":{"type":"Point","coordinates":[-89.6246489,40.6967]},"properties":{"year":1975,"period":"1975","kind":"FHA"}},{"type":"Feature","geometry":{"type":"Point","coordinates":[-89.6241717,40.6986271]},"properties":{"year":1975,"period":"1975","kind":"VA"}},{"type":"Feature","geometry":{"type":"Point","coordinates":[-89.6237239,40.6980759]},"properties":{"year":1975,"period":"1975","kind":"FHA"}},{"type":"Feature","geometry":{"type":"Point","coordinates":[-89.6118716,40.7348521]},"properties":{"year":1975,"period":"1975","kind":"VA"}},{"type":"Feature","geometry":{"type":"Point","coordinates":[-89.6353015,40.6815895]},"properties":{"year":1975,"period":"1975","kind":"FHA"}},{"type":"Feature","geometry":{"type":"Point","coordinates":[-89.5591493,40.723837]},"properties":{"year":1975,"period":"1975","kind":"VA"}},{"type":"Feature","geometry":{"type":"Point","coordinates":[-89.5963834,40.7133859]},"properties":{"year":1975,"period":"1975","kind":"VA"}},{"type":"Feature","geometry":{"type":"Point","coordinates":[-89.595256,40.7133456]},"properties":{"year":1975,"period":"1975","kind":"FHA"}},{"type":"Feature","geometry":{"type":"Point","coordinates":[-89.6249637,40.6696304]},"properties":{"year":1975,"period":"1975","kind":"FHA"}},{"type":"Feature","geometry":{"type":"Point","coordinates":[-89.6028271,40.7101875]},"properties":{"year":1975,"period":"1975","kind":"VA"}},{"type":"Feature","geometry":{"type":"Point","coordinates":[-89.6136804,40.6911444]},"properties":{"year":1975,"period":"1975","kind":"FHA"}},{"type":"Feature","geometry":{"type":"Point","coordinates":[-89.5168021,40.867176]},"properties":{"year":1975,"period":"1975","kind":"FHA"}},{"type":"Feature","geometry":{"type":"Point","coordinates":[-89.5230363,40.8662511]},"properties":{"year":1975,"period":"1975","kind":"VA"}},{"type":"Feature","geometry":{"type":"Point","coordinates":[-89.5205778,40.8690727]},"properties":{"year":1975,"period":"1975","kind":"VA"}},{"type":"Feature","geometry":{"type":"Point","coordinates":[-89.5922345,40.7237593]},"properties":{"year":1975,"period":"1975","kind":"FHA"}},{"type":"Feature","geometry":{"type":"Point","coordinates":[-89.5901765,40.7246373]},"properties":{"year":1975,"period":"1975","kind":"VA"}},{"type":"Feature","geometry":{"type":"Point","coordinates":[-89.581477,40.7161882]},"properties":{"year":1975,"period":"1975","kind":"VA"}},{"type":"Feature","geometry":{"type":"Point","coordinates":[-89.6278078,40.7264612]},"properties":{"year":1975,"period":"1975","kind":"FHA"}},{"type":"Feature","geometry":{"type":"Point","coordinates":[-89.6255784,40.727519]},"properties":{"year":1975,"period":"1975","kind":"FHA"}},{"type":"Feature","geometry":{"type":"Point","coordinates":[-89.624791,40.7272399]},"properties":{"year":1975,"period":"1975","kind":"FHA"}},{"type":"Feature","geometry":{"type":"Point","coordinates":[-89.6292655,40.7293425]},"properties":{"year":1975,"period":"1975","kind":"FHA"}},{"type":"Feature","geometry":{"type":"Point","coordinates":[-89.6273814,40.7294543]},"properties":{"year":1975,"period":"1975","kind":"VA"}},{"type":"Feature","geometry":{"type":"Point","coordinates":[-89.5888964,40.7484975]},"properties":{"year":1975,"period":"1975","kind":"FHA"}},{"type":"Feature","geometry":{"type":"Point","coordinates":[-89.5886901,40.7502593]},"properties":{"year":1975,"period":"1975","kind":"FHA"}},{"type":"Feature","geometry":{"type":"Point","coordinates":[-89.6050104,40.7110127]},"properties":{"year":1975,"period":"1975","kind":"FHA"}},{"type":"Feature","geometry":{"type":"Point","coordinates":[-89.6020774,40.703109]},"properties":{"year":1975,"period":"1975","kind":"FHA"}},{"type":"Feature","geometry":{"type":"Point","coordinates":[-89.6020774,40.703109]},"properties":{"year":1975,"period":"1975","kind":"FHA"}},{"type":"Feature","geometry":{"type":"Point","coordinates":[-89.6664672,40.7086237]},"properties":{"year":1975,"period":"1975","kind":"FHA"}},{"type":"Feature","geometry":{"type":"Point","coordinates":[-89.5855183,40.7120783]},"properties":{"year":1975,"period":"1975","kind":"VA"}},{"type":"Feature","geometry":{"type":"Point","coordinates":[-89.6341586,40.7060872]},"properties":{"year":1975,"period":"1975","kind":"FHA"}},{"type":"Feature","geometry":{"type":"Point","coordinates":[-89.5841806,40.7353028]},"properties":{"year":1975,"period":"1975","kind":"FHA"}},{"type":"Feature","geometry":{"type":"Point","coordinates":[-89.6217274,40.699975]},"properties":{"year":1975,"period":"1975","kind":"FHA"}},{"type":"Feature","geometry":{"type":"Point","coordinates":[-89.6798518,40.701238]},"properties":{"year":1975,"period":"1975","kind":"FHA"}},{"type":"Feature","geometry":{"type":"Point","coordinates":[-89.6696544,40.698174]},"properties":{"year":1975,"period":"1975","kind":"VA"}},{"type":"Feature","geometry":{"type":"Point","coordinates":[-89.5862222,40.706441]},"properties":{"year":1975,"period":"1975","kind":"FHA"}},{"type":"Feature","geometry":{"type":"Point","coordinates":[-89.5917867,40.7100648]},"properties":{"year":1975,"period":"1975","kind":"FHA"}},{"type":"Feature","geometry":{"type":"Point","coordinates":[-89.5868104,40.7154778]},"properties":{"year":1975,"period":"1975","kind":"VA"}},{"type":"Feature","geometry":{"type":"Point","coordinates":[-89.5875905,40.7232104]},"properties":{"year":1975,"period":"1975","kind":"FHA"}},{"type":"Feature","geometry":{"type":"Point","coordinates":[-89.5861881,40.7227543]},"properties":{"year":1975,"period":"1975","kind":"FHA"}},{"type":"Feature","geometry":{"type":"Point","coordinates":[-89.5883367,40.7304706]},"properties":{"year":1975,"period":"1975","kind":"FHA"}},{"type":"Feature","geometry":{"type":"Point","coordinates":[-89.5882294,40.7304783]},"properties":{"year":1975,"period":"1975","kind":"FHA"}},{"type":"Feature","geometry":{"type":"Point","coordinates":[-89.6404114,40.678563]},"properties":{"year":1975,"period":"1975","kind":"FHA"}},{"type":"Feature","geometry":{"type":"Point","coordinates":[-89.6411006,40.6789426]},"properties":{"year":1975,"period":"1975","kind":"FHA"}},{"type":"Feature","geometry":{"type":"Point","coordinates":[-89.640392,40.6798596]},"properties":{"year":1975,"period":"1975","kind":"VA"}},{"type":"Feature","geometry":{"type":"Point","coordinates":[-89.5816699,40.7340293]},"properties":{"year":1975,"period":"1975","kind":"VA"}},{"type":"Feature","geometry":{"type":"Point","coordinates":[-89.5817118,40.7359549]},"properties":{"year":1975,"period":"1975","kind":"VA"}},{"type":"Feature","geometry":{"type":"Point","coordinates":[-89.6303371,40.6761265]},"properties":{"year":1975,"period":"1975","kind":"VA"}},{"type":"Feature","geometry":{"type":"Point","coordinates":[-89.6291048,40.6779733]},"properties":{"year":1975,"period":"1975","kind":"FHA"}},{"type":"Feature","geometry":{"type":"Point","coordinates":[-89.5864694,40.7493617]},"properties":{"year":1975,"period":"1975","kind":"VA"}},{"type":"Feature","geometry":{"type":"Point","coordinates":[-89.5862772,40.7504721]},"properties":{"year":1975,"period":"1975","kind":"VA"}},{"type":"Feature","geometry":{"type":"Point","coordinates":[-89.5857808,40.7481003]},"properties":{"year":1975,"period":"1975","kind":"VA"}},{"type":"Feature","geometry":{"type":"Point","coordinates":[-89.5676352,40.8045061]},"properties":{"year":1975,"period":"1975","kind":"FHA"}},{"type":"Feature","geometry":{"type":"Point","coordinates":[-89.6098804,40.7521894]},"properties":{"year":1975,"period":"1975","kind":"VA"}},{"type":"Feature","geometry":{"type":"Point","coordinates":[-89.6432091,40.7445193]},"properties":{"year":1975,"period":"1975","kind":"FHA"}},{"type":"Feature","geometry":{"type":"Point","coordinates":[-89.631415,40.718602]},"properties":{"year":1975,"period":"1975","kind":"VA"}},{"type":"Feature","geometry":{"type":"Point","coordinates":[-89.6317803,40.7229959]},"properties":{"year":1975,"period":"1975","kind":"VA"}},{"type":"Feature","geometry":{"type":"Point","coordinates":[-89.6259916,40.7250522]},"properties":{"year":1975,"period":"1975","kind":"FHA"}},{"type":"Feature","geometry":{"type":"Point","coordinates":[-89.6260186,40.7246036]},"properties":{"year":1975,"period":"1975","kind":"FHA"}},{"type":"Feature","geometry":{"type":"Point","coordinates":[-89.6266852,40.7228066]},"properties":{"year":1975,"period":"1975","kind":"FHA"}},{"type":"Feature","geometry":{"type":"Point","coordinates":[-89.6558635,40.6829935]},"properties":{"year":1975,"period":"1975","kind":"FHA"}},{"type":"Feature","geometry":{"type":"Point","coordinates":[-89.5963089,40.7201877]},"properties":{"year":1975,"period":"1975","kind":"FHA"}},{"type":"Feature","geometry":{"type":"Point","coordinates":[-89.6221567,40.6870154]},"properties":{"year":1975,"period":"1975","kind":"FHA"}},{"type":"Feature","geometry":{"type":"Point","coordinates":[-89.6284038,40.6852028]},"properties":{"year":1975,"period":"1975","kind":"VA"}},{"type":"Feature","geometry":{"type":"Point","coordinates":[-89.6395221,40.6661781]},"properties":{"year":1975,"period":"1975","kind":"FHA"}},{"type":"Feature","geometry":{"type":"Point","coordinates":[-89.6391073,40.6657899]},"properties":{"year":1975,"period":"1975","kind":"FHA"}},{"type":"Feature","geometry":{"type":"Point","coordinates":[-89.6393035,40.6666689]},"properties":{"year":1975,"period":"1975","kind":"VA"}},{"type":"Feature","geometry":{"type":"Point","coordinates":[-89.5634471,40.7131595]},"properties":{"year":1975,"period":"1975","kind":"FHA"}},{"type":"Feature","geometry":{"type":"Point","coordinates":[-89.5625193,40.7137667]},"properties":{"year":1975,"period":"1975","kind":"VA"}},{"type":"Feature","geometry":{"type":"Point","coordinates":[-89.5876508,40.7141783]},"properties":{"year":1975,"period":"1975","kind":"FHA"}},{"type":"Feature","geometry":{"type":"Point","coordinates":[-89.5877367,40.7163787]},"properties":{"year":1975,"period":"1975","kind":"VA"}},{"type":"Feature","geometry":{"type":"Point","coordinates":[-89.5876616,40.7150864]},"properties":{"year":1975,"period":"1975","kind":"FHA"}},{"type":"Feature","geometry":{"type":"Point","coordinates":[-89.5875072,40.7150865]},"properties":{"year":1975,"period":"1975","kind":"FHA"}},{"type":"Feature","geometry":{"type":"Point","coordinates":[-89.6753602,40.6585365]},"properties":{"year":1975,"period":"1975","kind":"FHA"}},{"type":"Feature","geometry":{"type":"Point","coordinates":[-89.6753602,40.6585365]},"properties":{"year":1975,"period":"1975","kind":"VA"}},{"type":"Feature","geometry":{"type":"Point","coordinates":[-89.6758709,40.6568934]},"properties":{"year":1975,"period":"1975","kind":"FHA"}},{"type":"Feature","geometry":{"type":"Point","coordinates":[-89.6633198,40.6948805]},"properties":{"year":1975,"period":"1975","kind":"FHA"}},{"type":"Feature","geometry":{"type":"Point","coordinates":[-89.5827969,40.7308359]},"properties":{"year":1975,"period":"1975","kind":"FHA"}},{"type":"Feature","geometry":{"type":"Point","coordinates":[-89.5974335,40.7111098]},"properties":{"year":1975,"period":"1975","kind":"VA"}},{"type":"Feature","geometry":{"type":"Point","coordinates":[-89.5968756,40.7115263]},"properties":{"year":1975,"period":"1975","kind":"FHA"}},{"type":"Feature","geometry":{"type":"Point","coordinates":[-89.6111091,40.7158248]},"properties":{"year":1975,"period":"1975","kind":"VA"}},{"type":"Feature","geometry":{"type":"Point","coordinates":[-89.6326242,40.6693491]},"properties":{"year":1975,"period":"1975","kind":"VA"}},{"type":"Feature","geometry":{"type":"Point","coordinates":[-89.6319411,40.6696811]},"properties":{"year":1975,"period":"1975","kind":"VA"}},{"type":"Feature","geometry":{"type":"Point","coordinates":[-89.6430684,40.6782362]},"properties":{"year":1975,"period":"1975","kind":"VA"}},{"type":"Feature","geometry":{"type":"Point","coordinates":[-89.6425622,40.6780538]},"properties":{"year":1975,"period":"1975","kind":"FHA"}},{"type":"Feature","geometry":{"type":"Point","coordinates":[-89.6201714,40.6842229]},"properties":{"year":1975,"period":"1975","kind":"FHA"}},{"type":"Feature","geometry":{"type":"Point","coordinates":[-89.5903738,40.7201767]},"properties":{"year":1975,"period":"1975","kind":"FHA"}},{"type":"Feature","geometry":{"type":"Point","coordinates":[-89.638411,40.7553515]},"properties":{"year":1975,"period":"1975","kind":"FHA"}},{"type":"Feature","geometry":{"type":"Point","coordinates":[-89.6378567,40.7546393]},"properties":{"year":1975,"period":"1975","kind":"FHA"}},{"type":"Feature","geometry":{"type":"Point","coordinates":[-89.6256649,40.6847876]},"properties":{"year":1975,"period":"1975","kind":"VA"}},{"type":"Feature","geometry":{"type":"Point","coordinates":[-89.6108619,40.7138281]},"properties":{"year":1975,"period":"1975","kind":"FHA"}},{"type":"Feature","geometry":{"type":"Point","coordinates":[-89.609207,40.7130976]},"properties":{"year":1975,"period":"1975","kind":"VA"}},{"type":"Feature","geometry":{"type":"Point","coordinates":[-89.6037769,40.7206714]},"properties":{"year":1975,"period":"1975","kind":"VA"}},{"type":"Feature","geometry":{"type":"Point","coordinates":[-89.5754227,40.7407758]},"properties":{"year":1975,"period":"1975","kind":"FHA"}},{"type":"Feature","geometry":{"type":"Point","coordinates":[-89.7866154,40.6927743]},"properties":{"year":1975,"period":"1975","kind":"VA"}},{"type":"Feature","geometry":{"type":"Point","coordinates":[-89.6153703,40.8362574]},"properties":{"year":1975,"period":"1975","kind":"VA"}},{"type":"Feature","geometry":{"type":"Point","coordinates":[-89.6026801,40.8391563]},"properties":{"year":1975,"period":"1975","kind":"FHA"}},{"type":"Feature","geometry":{"type":"Point","coordinates":[-89.610648,40.8368729]},"properties":{"year":1975,"period":"1975","kind":"VA"}},{"type":"Feature","geometry":{"type":"Point","coordinates":[-89.5600947,40.7198469]},"properties":{"year":1975,"period":"1975","kind":"FHA"}},{"type":"Feature","geometry":{"type":"Point","coordinates":[-89.7178224,40.6272049]},"properties":{"year":1975,"period":"1975","kind":"VA"}},{"type":"Feature","geometry":{"type":"Point","coordinates":[-89.5795773,40.7194904]},"properties":{"year":1975,"period":"1975","kind":"FHA"}},{"type":"Feature","geometry":{"type":"Point","coordinates":[-89.5826289,40.7241919]},"properties":{"year":1975,"period":"1975","kind":"VA"}},{"type":"Feature","geometry":{"type":"Point","coordinates":[-89.5996972,40.7268751]},"properties":{"year":1975,"period":"1975","kind":"FHA"}},{"type":"Feature","geometry":{"type":"Point","coordinates":[-89.6105516,40.7112535]},"properties":{"year":1975,"period":"1975","kind":"FHA"}},{"type":"Feature","geometry":{"type":"Point","coordinates":[-89.6429233,40.7370787]},"properties":{"year":1975,"period":"1975","kind":"VA"}},{"type":"Feature","geometry":{"type":"Point","coordinates":[-89.6388462,40.736865]},"properties":{"year":1975,"period":"1975","kind":"VA"}},{"type":"Feature","geometry":{"type":"Point","coordinates":[-89.6464294,40.666338]},"properties":{"year":1975,"period":"1975","kind":"VA"}},{"type":"Feature","geometry":{"type":"Point","coordinates":[-89.6248749,40.678478]},"properties":{"year":1975,"period":"1975","kind":"FHA"}},{"type":"Feature","geometry":{"type":"Point","coordinates":[-89.6232918,40.6779273]},"properties":{"year":1975,"period":"1975","kind":"VA"}},{"type":"Feature","geometry":{"type":"Point","coordinates":[-89.587581,40.7204396]},"properties":{"year":1975,"period":"1975","kind":"FHA"}},{"type":"Feature","geometry":{"type":"Point","coordinates":[-89.5873162,40.720449]},"properties":{"year":1975,"period":"1975","kind":"FHA"}},{"type":"Feature","geometry":{"type":"Point","coordinates":[-89.6346294,40.6905888]},"properties":{"year":1975,"period":"1975","kind":"VA"}},{"type":"Feature","geometry":{"type":"Point","coordinates":[-89.6378671,40.6794561]},"properties":{"year":1975,"period":"1975","kind":"FHA"}},{"type":"Feature","geometry":{"type":"Point","coordinates":[-89.5820036,40.7222374]},"properties":{"year":1975,"period":"1975","kind":"VA"}},{"type":"Feature","geometry":{"type":"Point","coordinates":[-89.6254637,40.6884716]},"properties":{"year":1975,"period":"1975","kind":"VA"}},{"type":"Feature","geometry":{"type":"Point","coordinates":[-89.6253584,40.6735963]},"properties":{"year":1975,"period":"1975","kind":"VA"}},{"type":"Feature","geometry":{"type":"Point","coordinates":[-89.6253226,40.6731586]},"properties":{"year":1975,"period":"1975","kind":"FHA"}},{"type":"Feature","geometry":{"type":"Point","coordinates":[-89.7956419,40.6974077]},"properties":{"year":1975,"period":"1975","kind":"FHA"}},{"type":"Feature","geometry":{"type":"Point","coordinates":[-89.6083953,40.708901]},"properties":{"year":1975,"period":"1975","kind":"VA"}},{"type":"Feature","geometry":{"type":"Point","coordinates":[-89.6089549,40.7087331]},"properties":{"year":1975,"period":"1975","kind":"VA"}},{"type":"Feature","geometry":{"type":"Point","coordinates":[-89.5757638,40.7252226]},"properties":{"year":1975,"period":"1975","kind":"VA"}},{"type":"Feature","geometry":{"type":"Point","coordinates":[-89.5804016,40.7122237]},"properties":{"year":1975,"period":"1975","kind":"VA"}},{"type":"Feature","geometry":{"type":"Point","coordinates":[-89.5727402,40.7334976]},"properties":{"year":1975,"period":"1975","kind":"FHA"}},{"type":"Feature","geometry":{"type":"Point","coordinates":[-89.5697972,40.7334322]},"properties":{"year":1975,"period":"1975","kind":"FHA"}},{"type":"Feature","geometry":{"type":"Point","coordinates":[-89.6390588,40.7140324]},"properties":{"year":1975,"period":"1975","kind":"FHA"}},{"type":"Feature","geometry":{"type":"Point","coordinates":[-89.6106989,40.7148951]},"properties":{"year":1975,"period":"1975","kind":"VA"}},{"type":"Feature","geometry":{"type":"Point","coordinates":[-89.5807728,40.7091751]},"properties":{"year":1975,"period":"1975","kind":"VA"}},{"type":"Feature","geometry":{"type":"Point","coordinates":[-89.6170487,40.8111841]},"properties":{"year":1975,"period":"1975","kind":"VA"}},{"type":"Feature","geometry":{"type":"Point","coordinates":[-89.6304157,40.7054833]},"properties":{"year":1975,"period":"1975","kind":"FHA"}},{"type":"Feature","geometry":{"type":"Point","coordinates":[-89.6354579,40.7109957]},"properties":{"year":1975,"period":"1975","kind":"VA"}},{"type":"Feature","geometry":{"type":"Point","coordinates":[-89.6330171,40.7149823]},"properties":{"year":1975,"period":"1975","kind":"FHA"}},{"type":"Feature","geometry":{"type":"Point","coordinates":[-89.6409815,40.7127696]},"properties":{"year":1975,"period":"1975","kind":"VA"}},{"type":"Feature","geometry":{"type":"Point","coordinates":[-89.6414756,40.7135732]},"properties":{"year":1975,"period":"1975","kind":"FHA"}},{"type":"Feature","geometry":{"type":"Point","coordinates":[-89.6009284,40.7193234]},"properties":{"year":1975,"period":"1975","kind":"VA"}},{"type":"Feature","geometry":{"type":"Point","coordinates":[-89.6965965,40.7127514]},"properties":{"year":1975,"period":"1975","kind":"VA"}},{"type":"Feature","geometry":{"type":"Point","coordinates":[-89.6452468,40.6684651]},"properties":{"year":1975,"period":"1975","kind":"VA"}},{"type":"Feature","geometry":{"type":"Point","coordinates":[-89.6432597,40.6684096]},"properties":{"year":1975,"period":"1975","kind":"FHA"}},{"type":"Feature","geometry":{"type":"Point","coordinates":[-89.6731771,40.6474127]},"properties":{"year":1975,"period":"1975","kind":"VA"}},{"type":"Feature","geometry":{"type":"Point","coordinates":[-89.6596253,40.7630859]},"properties":{"year":1975,"period":"1975","kind":"FHA"}},{"type":"Feature","geometry":{"type":"Point","coordinates":[-89.6601703,40.7612604]},"properties":{"year":1975,"period":"1975","kind":"FHA"}},{"type":"Feature","geometry":{"type":"Point","coordinates":[-89.6558802,40.7618445]},"properties":{"year":1975,"period":"1975","kind":"FHA"}},{"type":"Feature","geometry":{"type":"Point","coordinates":[-89.6558518,40.7622613]},"properties":{"year":1975,"period":"1975","kind":"VA"}},{"type":"Feature","geometry":{"type":"Point","coordinates":[-89.6564444,40.7622187]},"properties":{"year":1975,"period":"1975","kind":"FHA"}},{"type":"Feature","geometry":{"type":"Point","coordinates":[-89.658834,40.7622376]},"properties":{"year":1975,"period":"1975","kind":"VA"}},{"type":"Feature","geometry":{"type":"Point","coordinates":[-89.6582502,40.7626317]},"properties":{"year":1975,"period":"1975","kind":"VA"}},{"type":"Feature","geometry":{"type":"Point","coordinates":[-89.6596573,40.7590472]},"properties":{"year":1975,"period":"1975","kind":"VA"}},{"type":"Feature","geometry":{"type":"Point","coordinates":[-89.5778507,40.7203758]},"properties":{"year":1975,"period":"1975","kind":"VA"}},{"type":"Feature","geometry":{"type":"Point","coordinates":[-89.5876754,40.7277357]},"properties":{"year":1975,"period":"1975","kind":"FHA"}},{"type":"Feature","geometry":{"type":"Point","coordinates":[-89.5796765,40.7412086]},"properties":{"year":1975,"period":"1975","kind":"VA"}},{"type":"Feature","geometry":{"type":"Point","coordinates":[-89.5780357,40.7393709]},"properties":{"year":1975,"period":"1975","kind":"VA"}},{"type":"Feature","geometry":{"type":"Point","coordinates":[-89.6622762,40.6434612]},"properties":{"year":1975,"period":"1975","kind":"VA"}},{"type":"Feature","geometry":{"type":"Point","coordinates":[-89.5899234,40.7095903]},"properties":{"year":1975,"period":"1975","kind":"VA"}},{"type":"Feature","geometry":{"type":"Point","coordinates":[-89.5904441,40.7093172]},"properties":{"year":1975,"period":"1975","kind":"FHA"}},{"type":"Feature","geometry":{"type":"Point","coordinates":[-89.5912729,40.7098759]},"properties":{"year":1975,"period":"1975","kind":"FHA"}},{"type":"Feature","geometry":{"type":"Point","coordinates":[-89.5912151,40.70968]},"properties":{"year":1975,"period":"1975","kind":"FHA"}},{"type":"Feature","geometry":{"type":"Point","coordinates":[-89.6435879,40.702673]},"properties":{"year":1975,"period":"1975","kind":"VA"}},{"type":"Feature","geometry":{"type":"Point","coordinates":[-89.5976038,40.7018495]},"properties":{"year":1975,"period":"1975","kind":"VA"}},{"type":"Feature","geometry":{"type":"Point","coordinates":[-89.562112,40.7206757]},"properties":{"year":1975,"period":"1975","kind":"FHA"}},{"type":"Feature","geometry":{"type":"Point","coordinates":[-89.5605585,40.7204004]},"properties":{"year":1975,"period":"1975","kind":"FHA"}},{"type":"Feature","geometry":{"type":"Point","coordinates":[-89.6435843,40.7022875]},"properties":{"year":1975,"period":"1975","kind":"VA"}},{"type":"Feature","geometry":{"type":"Point","coordinates":[-89.6220716,40.7635523]},"properties":{"year":1975,"period":"1975","kind":"VA"}},{"type":"Feature","geometry":{"type":"Point","coordinates":[-89.6287257,40.7614548]},"properties":{"year":1975,"period":"1975","kind":"FHA"}},{"type":"Feature","geometry":{"type":"Point","coordinates":[-89.6222142,40.7574613]},"properties":{"year":1975,"period":"1975","kind":"FHA"}},{"type":"Feature","geometry":{"type":"Point","coordinates":[-89.6291907,40.7556598]},"properties":{"year":1975,"period":"1975","kind":"FHA"}},{"type":"Feature","geometry":{"type":"Point","coordinates":[-89.6287774,40.7486334]},"properties":{"year":1975,"period":"1975","kind":"FHA"}},{"type":"Feature","geometry":{"type":"Point","coordinates":[-89.6298193,40.7574752]},"properties":{"year":1975,"period":"1975","kind":"VA"}},{"type":"Feature","geometry":{"type":"Point","coordinates":[-89.6199725,40.7596152]},"properties":{"year":1975,"period":"1975","kind":"VA"}},{"type":"Feature","geometry":{"type":"Point","coordinates":[-89.5619249,40.7187121]},"properties":{"year":1975,"period":"1975","kind":"VA"}},{"type":"Feature","geometry":{"type":"Point","coordinates":[-89.6441542,40.6708779]},"properties":{"year":1975,"period":"1975","kind":"VA"}},{"type":"Feature","geometry":{"type":"Point","coordinates":[-89.6252239,40.6824731]},"properties":{"year":1975,"period":"1975","kind":"FHA"}},{"type":"Feature","geometry":{"type":"Point","coordinates":[-89.6078879,40.7712669]},"properties":{"year":1975,"period":"1975","kind":"VA"}},{"type":"Feature","geometry":{"type":"Point","coordinates":[-89.6027437,40.7438128]},"properties":{"year":1975,"period":"1975","kind":"FHA"}},{"type":"Feature","geometry":{"type":"Point","coordinates":[-89.635964,40.7564839]},"properties":{"year":1975,"period":"1975","kind":"VA"}},{"type":"Feature","geometry":{"type":"Point","coordinates":[-89.6297538,40.6990847]},"properties":{"year":1975,"period":"1975","kind":"VA"}},{"type":"Feature","geometry":{"type":"Point","coordinates":[-89.5974054,40.7127728]},"properties":{"year":1975,"period":"1975","kind":"VA"}},{"type":"Feature","geometry":{"type":"Point","coordinates":[-89.5866139,40.709566]},"properties":{"year":1975,"period":"1975","kind":"VA"}},{"type":"Feature","geometry":{"type":"Point","coordinates":[-89.6179422,40.724652]},"properties":{"year":1975,"period":"1975","kind":"VA"}},{"type":"Feature","geometry":{"type":"Point","coordinates":[-89.6192475,40.7219529]},"properties":{"year":1975,"period":"1975","kind":"FHA"}},{"type":"Feature","geometry":{"type":"Point","coordinates":[-89.6281337,40.7709229]},"properties":{"year":1975,"period":"1975","kind":"VA"}},{"type":"Feature","geometry":{"type":"Point","coordinates":[-89.5757355,40.7335817]},"properties":{"year":1975,"period":"1975","kind":"VA"}},{"type":"Feature","geometry":{"type":"Point","coordinates":[-89.6183103,40.7021974]},"properties":{"year":1975,"period":"1975","kind":"VA"}},{"type":"Feature","geometry":{"type":"Point","coordinates":[-89.6143798,40.7006941]},"properties":{"year":1975,"period":"1975","kind":"FHA"}},{"type":"Feature","geometry":{"type":"Point","coordinates":[-89.5800972,40.7189804]},"properties":{"year":1975,"period":"1975","kind":"FHA"}},{"type":"Feature","geometry":{"type":"Point","coordinates":[-89.5903553,40.714615]},"properties":{"year":1975,"period":"1975","kind":"VA"}},{"type":"Feature","geometry":{"type":"Point","coordinates":[-89.640196,40.7127038]},"properties":{"year":1975,"period":"1975","kind":"FHA"}},{"type":"Feature","geometry":{"type":"Point","coordinates":[-89.640205,40.7146356]},"properties":{"year":1975,"period":"1975","kind":"FHA"}},{"type":"Feature","geometry":{"type":"Point","coordinates":[-89.5727914,40.7278302]},"properties":{"year":1975,"period":"1975","kind":"FHA"}},{"type":"Feature","geometry":{"type":"Point","coordinates":[-89.5734505,40.7261674]},"properties":{"year":1975,"period":"1975","kind":"FHA"}},{"type":"Feature","geometry":{"type":"Point","coordinates":[-89.5722124,40.7265859]},"properties":{"year":1975,"period":"1975","kind":"VA"}},{"type":"Feature","geometry":{"type":"Point","coordinates":[-89.7971016,40.6887481]},"properties":{"year":1975,"period":"1975","kind":"FHA"}},{"type":"Feature","geometry":{"type":"Point","coordinates":[-89.5877809,40.6999632]},"properties":{"year":1975,"period":"1975","kind":"FHA"}},{"type":"Feature","geometry":{"type":"Point","coordinates":[-89.6107865,40.708993]},"properties":{"year":1975,"period":"1975","kind":"VA"}},{"type":"Feature","geometry":{"type":"Point","coordinates":[-89.6176199,40.702641]},"properties":{"year":1975,"period":"1975","kind":"VA"}},{"type":"Feature","geometry":{"type":"Point","coordinates":[-89.6692294,40.640097]},"properties":{"year":1975,"period":"1975","kind":"VA"}},{"type":"Feature","geometry":{"type":"Point","coordinates":[-89.6530829,40.7582176]},"properties":{"year":1975,"period":"1975","kind":"FHA"}},{"type":"Feature","geometry":{"type":"Point","coordinates":[-89.653527,40.7582175]},"properties":{"year":1975,"period":"1975","kind":"VA"}},{"type":"Feature","geometry":{"type":"Point","coordinates":[-89.6546407,40.7585924]},"properties":{"year":1975,"period":"1975","kind":"FHA"}},{"type":"Feature","geometry":{"type":"Point","coordinates":[-89.6541745,40.7585678]},"properties":{"year":1975,"period":"1975","kind":"VA"}},{"type":"Feature","geometry":{"type":"Point","coordinates":[-89.652254,40.76006]},"properties":{"year":1975,"period":"1975","kind":"VA"}},{"type":"Feature","geometry":{"type":"Point","coordinates":[-89.6518676,40.7600741]},"properties":{"year":1975,"period":"1975","kind":"FHA"}},{"type":"Feature","geometry":{"type":"Point","coordinates":[-89.6539326,40.7608846]},"properties":{"year":1975,"period":"1975","kind":"FHA"}},{"type":"Feature","geometry":{"type":"Point","coordinates":[-89.6550693,40.7603491]},"properties":{"year":1975,"period":"1975","kind":"FHA"}},{"type":"Feature","geometry":{"type":"Point","coordinates":[-89.6564378,40.7608442]},"properties":{"year":1975,"period":"1975","kind":"FHA"}},{"type":"Feature","geometry":{"type":"Point","coordinates":[-89.6564808,40.7589394]},"properties":{"year":1975,"period":"1975","kind":"FHA"}},{"type":"Feature","geometry":{"type":"Point","coordinates":[-89.6554176,40.7592936]},"properties":{"year":1975,"period":"1975","kind":"FHA"}},{"type":"Feature","geometry":{"type":"Point","coordinates":[-89.5897969,40.7121153]},"properties":{"year":1975,"period":"1975","kind":"VA"}},{"type":"Feature","geometry":{"type":"Point","coordinates":[-89.6529121,40.7585892]},"properties":{"year":1975,"period":"1975","kind":"VA"}},{"type":"Feature","geometry":{"type":"Point","coordinates":[-89.756994,40.9271344]},"properties":{"year":1975,"period":"1975","kind":"VA"}},{"type":"Feature","geometry":{"type":"Point","coordinates":[-89.5628305,40.7260453]},"properties":{"year":1975,"period":"1975","kind":"VA"}},{"type":"Feature","geometry":{"type":"Point","coordinates":[-89.6337442,40.694752]},"properties":{"year":1975,"period":"1975","kind":"FHA"}},{"type":"Feature","geometry":{"type":"Point","coordinates":[-89.6039161,40.7096313]},"properties":{"year":1975,"period":"1975","kind":"VA"}},{"type":"Feature","geometry":{"type":"Point","coordinates":[-89.6684479,40.7007236]},"properties":{"year":1975,"period":"1975","kind":"FHA"}},{"type":"Feature","geometry":{"type":"Point","coordinates":[-89.5820429,40.7049266]},"properties":{"year":1975,"period":"1975","kind":"FHA"}},{"type":"Feature","geometry":{"type":"Point","coordinates":[-89.5812344,40.7054294]},"properties":{"year":1975,"period":"1975","kind":"FHA"}},{"type":"Feature","geometry":{"type":"Point","coordinates":[-89.6264623,40.7099879]},"properties":{"year":1975,"period":"1975","kind":"FHA"}}]}