{"type":"FeatureCollection","features":[{"type":"Feature","geometry":{"type":"Point","coordinates":[-75.229392,39.941683]},"properties":{"year":1960,"period":"1960","kind":"VA"}},{"type":"Feature","geometry":{"type":"Point","coordinates":[-75.146311,40.065453]},"properties":{"year":1960,"period":"1960","kind":"FHA"}},{"type":"Feature","geometry":{"type":"Point","coordinates":[-75.183882,39.977716]},"properties":{"year":1960,"period":"1960","kind":"VA"}},{"type":"Feature","geometry":{"type":"Point","coordinates":[-75.244505,39.973418]},"properties":{"year":1960,"period":"1960","kind":"FHA"}},{"type":"Feature","geometry":{"type":"Point","coordinates":[-75.219729,39.943428]},"properties":{"year":1960,"period":"1960","kind":"FHA"}},{"type":"Feature","geometry":{"type":"Point","coordinates":[-75.230493,39.954729]},"properties":{"year":1960,"period":"1960","kind":"FHA"}},{"type":"Feature","geometry":{"type":"Point","coordinates":[-75.24439,39.972809]},"properties":{"year":1960,"period":"1960","kind":"VA"}},{"type":"Feature","geometry":{"type":"Point","coordinates":[-75.019215,40.095585]},"properties":{"year":1960,"period":"1960","kind":"FHA"}},{"type":"Feature","geometry":{"type":"Point","coordinates":[-75.155982,40.062119]},"properties":{"year":1960,"period":"1960","kind":"FHA"}},{"type":"Feature","geometry":{"type":"Point","coordinates":[-75.019773,40.094566]},"properties":{"year":1960,"period":"1960","kind":"FHA"}},{"type":"Feature","geometry":{"type":"Point","coordinates":[-75.002713,40.064152]},"properties":{"year":1960,"period":"1960","kind":"FHA"}},{"type":"Feature","geometry":{"type":"Point","coordinates":[-75.117241,40.024278]},"properties":{"year":1960,"period":"1960","kind":"FHA"}},{"type":"Feature","geometry":{"type":"Point","coordinates":[-75.120001,40.022225]},"properties":{"year":1960,"period":"1960","kind":"FHA"}},{"type":"Feature","geometry":{"type":"Point","coordinates":[-75.178938,39.910398]},"properties":{"year":1960,"period":"1960","kind":"FHA"}},{"type":"Feature","geometry":{"type":"Point","coordinates":[-75.169681,39.995418]},"properties":{"year":1960,"period":"1960","kind":"VA"}},{"type":"Feature","geometry":{"type":"Point","coordinates":[-75.031024,40.067699]},"properties":{"year":1960,"period":"1960","kind":"FHA"}},{"type":"Feature","geometry":{"type":"Point","coordinates":[-75.173094,39.995559]},"properties":{"year":1960,"period":"1960","kind":"VA"}},{"type":"Feature","geometry":{"type":"Point","coordinates":[-75.173638,40.049499]},"properties":{"year":1960,"period":"1960","kind":"FHA"}},{"type":"Feature","geometry":{"type":"Point","coordinates":[-75.159968,40.057852]},"properties":{"year":1960,"period":"1960","kind":"FHA"}},{"type":"Feature","geometry":{"type":"Point","coordinates":[-75.188268,39.981433]},"properties":{"year":1960,"period":"1960","kind":"VA"}},{"type":"Feature","geometry":{"type":"Point","coordinates":[-75.224892,39.950213]},"properties":{"year":1960,"period":"1960","kind":"VA"}},{"type":"Feature","geometry":{"type":"Point","coordinates":[-75.182484,39.993005]},"properties":{"year":1960,"period":"1960","kind":"VA"}},{"type":"Feature","geometry":{"type":"Point","coordinates":[-75.187146,39.98263]},"properties":{"year":1960,"period":"1960","kind":"VA"}},{"type":"Feature","geometry":{"type":"Point","coordinates":[-75.234849,39.975581]},"properties":{"year":1960,"period":"1960","kind":"FHA"}},{"type":"Feature","geometry":{"type":"Point","coordinates":[-75.159675,40.032618]},"properties":{"year":1960,"period":"1960","kind":"FHA"}},{"type":"Feature","geometry":{"type":"Point","coordinates":[-75.226879,39.980945]},"properties":{"year":1960,"period":"1960","kind":"VA"}},{"type":"Feature","geometry":{"type":"Point","coordinates":[-75.101789,40.006775]},"properties":{"year":1960,"period":"1960","kind":"FHA"}},{"type":"Feature","geometry":{"type":"Point","coordinates":[-75.183403,40.056625]},"properties":{"year":1960,"period":"1960","kind":"FHA"}},{"type":"Feature","geometry":{"type":"Point","coordinates":[-75.163989,40.075824]},"properties":{"year":1960,"period":"1960","kind":"FHA"}},{"type":"Feature","geometry":{"type":"Point","coordinates":[-75.091821,40.047733]},"properties":{"year":1960,"period":"1960","kind":"FHA"}},{"type":"Feature","geometry":{"type":"Point","coordinates":[-75.147758,40.015232]},"properties":{"year":1960,"period":"1960","kind":"FHA"}},{"type":"Feature","geometry":{"type":"Point","coordinates":[-75.172033,40.001852]},"properties":{"year":1960,"period":"1960","kind":"FHA"}},{"type":"Feature","geometry":{"type":"Point","coordinates":[-75.227522,39.961668]},"properties":{"year":1960,"period":"1960","kind":"FHA"}},{"type":"Feature","geometry":{"type":"Point","coordinates":[-75.245048,39.963356]},"properties":{"year":1960,"period":"1960","kind":"VA"}},{"type":"Feature","geometry":{"type":"Point","coordinates":[-75.235261,39.916292]},"properties":{"year":1960,"period":"1960","kind":"FHA"}},{"type":"Feature","geometry":{"type":"Point","coordinates":[-75.226243,39.936217]},"properties":{"year":1960,"period":"1960","kind":"FHA"}},{"type":"Feature","geometry":{"type":"Point","coordinates":[-75.144857,40.043603]},"properties":{"year":1960,"period":"1960","kind":"FHA"}},{"type":"Feature","geometry":{"type":"Point","coordinates":[-75.070059,40.020966]},"properties":{"year":1960,"period":"1960","kind":"FHA"}},{"type":"Feature","geometry":{"type":"Point","coordinates":[-75.00758,40.064673]},"properties":{"year":1960,"period":"1960","kind":"FHA"}},{"type":"Feature","geometry":{"type":"Point","coordinates":[-75.087736,40.02097]},"properties":{"year":1960,"period":"1960","kind":"FHA"}},{"type":"Feature","geometry":{"type":"Point","coordinates":[-75.231223,39.952194]},"properties":{"year":1960,"period":"1960","kind":"FHA"}},{"type":"Feature","geometry":{"type":"Point","coordinates":[-74.994819,40.122123]},"properties":{"year":1960,"period":"1960","kind":"FHA"}},{"type":"Feature","geometry":{"type":"Point","coordinates":[-75.068588,40.034168]},"properties":{"year":1960,"period":"1960","kind":"FHA"}},{"type":"Feature","geometry":{"type":"Point","coordinates":[-75.141644,39.929454]},"properties":{"year":1960,"period":"1960","kind":"FHA"}},{"type":"Feature","geometry":{"type":"Point","coordinates":[-75.165565,40.071887]},"properties":{"year":1960,"period":"1960","kind":"FHA"}},{"type":"Feature","geometry":{"type":"Point","coordinates":[-75.073811,40.021723]},"properties":{"year":1960,"period":"1960","kind":"FHA"}},{"type":"Feature","geometry":{"type":"Point","coordinates":[-75.039119,40.033862]},"properties":{"year":1960,"period":"1960","kind":"FHA"}},{"type":"Feature","geometry":{"type":"Point","coordinates":[-75.007587,40.064829]},"properties":{"year":1960,"period":"1960","kind":"FHA"}},{"type":"Feature","geometry":{"type":"Point","coordinates":[-75.176564,40.059381]},"properties":{"year":1960,"period":"1960","kind":"FHA"}},{"type":"Feature","geometry":{"type":"Point","coordinates":[-74.994148,40.051967]},"properties":{"year":1960,"period":"1960","kind":"FHA"}},{"type":"Feature","geometry":{"type":"Point","coordinates":[-75.093249,40.032682]},"properties":{"year":1960,"period":"1960","kind":"FHA"}},{"type":"Feature","geometry":{"type":"Point","coordinates":[-75.086141,40.034782]},"properties":{"year":1960,"period":"1960","kind":"FHA"}},{"type":"Feature","geometry":{"type":"Point","coordinates":[-75.033801,40.036335]},"properties":{"year":1960,"period":"1960","kind":"FHA"}},{"type":"Feature","geometry":{"type":"Point","coordinates":[-75.147865,40.04395]},"properties":{"year":1960,"period":"1960","kind":"VA"}},{"type":"Feature","geometry":{"type":"Point","coordinates":[-75.174514,40.055076]},"properties":{"year":1960,"period":"1960","kind":"FHA"}},{"type":"Feature","geometry":{"type":"Point","coordinates":[-75.163731,39.972829]},"properties":{"year":1960,"period":"1960","kind":"VA"}},{"type":"Feature","geometry":{"type":"Point","coordinates":[-75.166475,39.988156]},"properties":{"year":1960,"period":"1960","kind":"VA"}},{"type":"Feature","geometry":{"type":"Point","coordinates":[-75.163296,39.995527]},"properties":{"year":1960,"period":"1960","kind":"VA"}},{"type":"Feature","geometry":{"type":"Point","coordinates":[-75.153978,39.995073]},"properties":{"year":1960,"period":"1960","kind":"FHA"}},{"type":"Feature","geometry":{"type":"Point","coordinates":[-75.172522,39.998757]},"properties":{"year":1960,"period":"1960","kind":"VA"}},{"type":"Feature","geometry":{"type":"Point","coordinates":[-75.09339,40.047034]},"properties":{"year":1960,"period":"1960","kind":"FHA"}},{"type":"Feature","geometry":{"type":"Point","coordinates":[-75.239994,39.950364]},"properties":{"year":1960,"period":"1960","kind":"VA"}},{"type":"Feature","geometry":{"type":"Point","coordinates":[-75.236025,39.977192]},"properties":{"year":1960,"period":"1960","kind":"FHA"}},{"type":"Feature","geometry":{"type":"Point","coordinates":[-75.185956,39.986587]},"properties":{"year":1960,"period":"1960","kind":"VA"}},{"type":"Feature","geometry":{"type":"Point","coordinates":[-75.181724,39.978241]},"properties":{"year":1960,"period":"1960","kind":"VA"}},{"type":"Feature","geometry":{"type":"Point","coordinates":[-75.241161,39.947777]},"properties":{"year":1960,"period":"1960","kind":"FHA"}},{"type":"Feature","geometry":{"type":"Point","coordinates":[-75.155658,39.917874]},"properties":{"year":1960,"period":"1960","kind":"FHA"}},{"type":"Feature","geometry":{"type":"Point","coordinates":[-75.03455,40.035844]},"properties":{"year":1960,"period":"1960","kind":"FHA"}},{"type":"Feature","geometry":{"type":"Point","coordinates":[-75.126636,40.041989]},"properties":{"year":1960,"period":"1960","kind":"FHA"}},{"type":"Feature","geometry":{"type":"Point","coordinates":[-75.184385,40.055276]},"properties":{"year":1960,"period":"1960","kind":"FHA"}},{"type":"Feature","geometry":{"type":"Point","coordinates":[-75.108233,40.031431]},"properties":{"year":1960,"period":"1960","kind":"FHA"}},{"type":"Feature","geometry":{"type":"Point","coordinates":[-75.019356,40.0952]},"properties":{"year":1960,"period":"1960","kind":"FHA"}},{"type":"Feature","geometry":{"type":"Point","coordinates":[-75.067905,40.059359]},"properties":{"year":1960,"period":"1960","kind":"FHA"}},{"type":"Feature","geometry":{"type":"Point","coordinates":[-75.186185,39.929941]},"properties":{"year":1960,"period":"1960","kind":"FHA"}},{"type":"Feature","geometry":{"type":"Point","coordinates":[-75.160557,40.033938]},"properties":{"year":1960,"period":"1960","kind":"FHA"}},{"type":"Feature","geometry":{"type":"Point","coordinates":[-75.14922,40.049516]},"properties":{"year":1960,"period":"1960","kind":"FHA"}},{"type":"Feature","geometry":{"type":"Point","coordinates":[-75.158344,40.051423]},"properties":{"year":1960,"period":"1960","kind":"VA"}},{"type":"Feature","geometry":{"type":"Point","coordinates":[-75.212052,39.970734]},"properties":{"year":1960,"period":"1960","kind":"VA"}},{"type":"Feature","geometry":{"type":"Point","coordinates":[-75.160651,39.980029]},"properties":{"year":1960,"period":"1960","kind":"VA"}},{"type":"Feature","geometry":{"type":"Point","coordinates":[-75.171713,40.006595]},"properties":{"year":1960,"period":"1960","kind":"VA"}},{"type":"Feature","geometry":{"type":"Point","coordinates":[-75.240058,39.95388]},"properties":{"year":1960,"period":"1960","kind":"FHA"}},{"type":"Feature","geometry":{"type":"Point","coordinates":[-75.145674,40.023211]},"properties":{"year":1960,"period":"1960","kind":"FHA"}},{"type":"Feature","geometry":{"type":"Point","coordinates":[-74.981834,40.098288]},"properties":{"year":1960,"period":"1960","kind":"FHA"}},{"type":"Feature","geometry":{"type":"Point","coordinates":[-75.225479,39.953615]},"properties":{"year":1960,"period":"1960","kind":"VA"}},{"type":"Feature","geometry":{"type":"Point","coordinates":[-75.23018,39.933443]},"properties":{"year":1960,"period":"1960","kind":"FHA"}},{"type":"Feature","geometry":{"type":"Point","coordinates":[-75.237561,39.949732]},"properties":{"year":1960,"period":"1960","kind":"FHA"}},{"type":"Feature","geometry":{"type":"Point","coordinates":[-75.146847,39.990456]},"properties":{"year":1960,"period":"1960","kind":"FHA"}},{"type":"Feature","geometry":{"type":"Point","coordinates":[-75.156196,39.995261]},"properties":{"year":1960,"period":"1960","kind":"VA"}},{"type":"Feature","geometry":{"type":"Point","coordinates":[-75.172997,39.937431]},"properties":{"year":1960,"period":"1960","kind":"VA"}},{"type":"Feature","geometry":{"type":"Point","coordinates":[-75.025567,40.064302]},"properties":{"year":1960,"period":"1960","kind":"FHA"}},{"type":"Feature","geometry":{"type":"Point","coordinates":[-75.244198,39.950535]},"properties":{"year":1960,"period":"1960","kind":"FHA"}},{"type":"Feature","geometry":{"type":"Point","coordinates":[-75.236856,39.978478]},"properties":{"year":1960,"period":"1960","kind":"FHA"}},{"type":"Feature","geometry":{"type":"Point","coordinates":[-75.10646,40.027546]},"properties":{"year":1960,"period":"1960","kind":"FHA"}},{"type":"Feature","geometry":{"type":"Point","coordinates":[-75.04732,40.021114]},"properties":{"year":1960,"period":"1960","kind":"VA"}},{"type":"Feature","geometry":{"type":"Point","coordinates":[-75.115699,40.019521]},"properties":{"year":1960,"period":"1960","kind":"VA"}},{"type":"Feature","geometry":{"type":"Point","coordinates":[-75.170787,40.048312]},"properties":{"year":1960,"period":"1960","kind":"FHA"}},{"type":"Feature","geometry":{"type":"Point","coordinates":[-75.147372,40.048257]},"properties":{"year":1960,"period":"1960","kind":"FHA"}},{"type":"Feature","geometry":{"type":"Point","coordinates":[-75.23149,39.949108]},"properties":{"year":1960,"period":"1960","kind":"FHA"}},{"type":"Feature","geometry":{"type":"Point","coordinates":[-75.241701,39.946467]},"properties":{"year":1960,"period":"1960","kind":"FHA"}},{"type":"Feature","geometry":{"type":"Point","coordinates":[-75.2415,39.953012]},"properties":{"year":1960,"period":"1960","kind":"FHA"}},{"type":"Feature","geometry":{"type":"Point","coordinates":[-75.239509,39.949691]},"properties":{"year":1960,"period":"1960","kind":"VA"}},{"type":"Feature","geometry":{"type":"Point","coordinates":[-75.238728,39.946186]},"properties":{"year":1960,"period":"1960","kind":"VA"}},{"type":"Feature","geometry":{"type":"Point","coordinates":[-75.215891,39.948338]},"properties":{"year":1960,"period":"1960","kind":"FHA"}},{"type":"Feature","geometry":{"type":"Point","coordinates":[-75.24039,39.975212]},"properties":{"year":1960,"period":"1960","kind":"VA"}},{"type":"Feature","geometry":{"type":"Point","coordinates":[-75.243077,39.963863]},"properties":{"year":1960,"period":"1960","kind":"VA"}},{"type":"Feature","geometry":{"type":"Point","coordinates":[-75.182053,40.059336]},"properties":{"year":1960,"period":"1960","kind":"FHA"}},{"type":"Feature","geometry":{"type":"Point","coordinates":[-75.232661,39.955203]},"properties":{"year":1960,"period":"1960","kind":"FHA"}},{"type":"Feature","geometry":{"type":"Point","coordinates":[-75.164436,39.975058]},"properties":{"year":1960,"period":"1960","kind":"VA"}},{"type":"Feature","geometry":{"type":"Point","coordinates":[-75.178843,40.042895]},"properties":{"year":1960,"period":"1960","kind":"FHA"}},{"type":"Feature","geometry":{"type":"Point","coordinates":[-75.185064,40.055294]},"properties":{"year":1960,"period":"1960","kind":"VA"}},{"type":"Feature","geometry":{"type":"Point","coordinates":[-75.073843,40.050456]},"properties":{"year":1960,"period":"1960","kind":"FHA"}},{"type":"Feature","geometry":{"type":"Point","coordinates":[-75.117001,40.025449]},"properties":{"year":1960,"period":"1960","kind":"FHA"}},{"type":"Feature","geometry":{"type":"Point","coordinates":[-75.128481,40.043365]},"properties":{"year":1960,"period":"1960","kind":"FHA"}},{"type":"Feature","geometry":{"type":"Point","coordinates":[-75.147997,40.041543]},"properties":{"year":1960,"period":"1960","kind":"FHA"}},{"type":"Feature","geometry":{"type":"Point","coordinates":[-75.237626,39.949341]},"properties":{"year":1960,"period":"1960","kind":"FHA"}},{"type":"Feature","geometry":{"type":"Point","coordinates":[-75.247404,39.956538]},"properties":{"year":1960,"period":"1960","kind":"FHA"}},{"type":"Feature","geometry":{"type":"Point","coordinates":[-75.125393,40.040301]},"properties":{"year":1960,"period":"1960","kind":"FHA"}},{"type":"Feature","geometry":{"type":"Point","coordinates":[-75.185972,39.995596]},"properties":{"year":1960,"period":"1960","kind":"VA"}},{"type":"Feature","geometry":{"type":"Point","coordinates":[-75.032506,40.068418]},"properties":{"year":1960,"period":"1960","kind":"FHA"}},{"type":"Feature","geometry":{"type":"Point","coordinates":[-75.162207,39.997446]},"properties":{"year":1960,"period":"1960","kind":"FHA"}},{"type":"Feature","geometry":{"type":"Point","coordinates":[-75.238767,39.948023]},"properties":{"year":1960,"period":"1960","kind":"FHA"}},{"type":"Feature","geometry":{"type":"Point","coordinates":[-75.24551,39.953049]},"properties":{"year":1960,"period":"1960","kind":"VA"}},{"type":"Feature","geometry":{"type":"Point","coordinates":[-75.243585,39.943504]},"properties":{"year":1960,"period":"1960","kind":"FHA"}},{"type":"Feature","geometry":{"type":"Point","coordinates":[-75.167655,39.977655]},"properties":{"year":1960,"period":"1960","kind":"VA"}},{"type":"Feature","geometry":{"type":"Point","coordinates":[-75.150226,40.045204]},"properties":{"year":1960,"period":"1960","kind":"FHA"}},{"type":"Feature","geometry":{"type":"Point","coordinates":[-75.237514,39.928973]},"properties":{"year":1960,"period":"1960","kind":"FHA"}},{"type":"Feature","geometry":{"type":"Point","coordinates":[-75.161536,40.046323]},"properties":{"year":1960,"period":"1960","kind":"VA"}},{"type":"Feature","geometry":{"type":"Point","coordinates":[-75.150443,39.997758]},"properties":{"year":1960,"period":"1960","kind":"VA"}},{"type":"Feature","geometry":{"type":"Point","coordinates":[-75.186376,39.974139]},"properties":{"year":1960,"period":"1960","kind":"VA"}},{"type":"Feature","geometry":{"type":"Point","coordinates":[-75.184565,39.994224]},"properties":{"year":1960,"period":"1960","kind":"VA"}},{"type":"Feature","geometry":{"type":"Point","coordinates":[-75.185579,39.985583]},"properties":{"year":1960,"period":"1960","kind":"VA"}},{"type":"Feature","geometry":{"type":"Point","coordinates":[-75.205947,39.95908]},"properties":{"year":1960,"period":"1960","kind":"VA"}},{"type":"Feature","geometry":{"type":"Point","coordinates":[-75.14299,40.004483]},"properties":{"year":1960,"period":"1960","kind":"VA"}},{"type":"Feature","geometry":{"type":"Point","coordinates":[-75.243432,39.967437]},"properties":{"year":1960,"period":"1960","kind":"VA"}},{"type":"Feature","geometry":{"type":"Point","coordinates":[-75.16881,39.99531]},"properties":{"year":1960,"period":"1960","kind":"FHA"}},{"type":"Feature","geometry":{"type":"Point","coordinates":[-75.211952,39.976229]},"properties":{"year":1960,"period":"1960","kind":"VA"}},{"type":"Feature","geometry":{"type":"Point","coordinates":[-75.045862,40.024048]},"properties":{"year":1960,"period":"1960","kind":"FHA"}},{"type":"Feature","geometry":{"type":"Point","coordinates":[-75.03726,40.031542]},"properties":{"year":1960,"period":"1960","kind":"FHA"}},{"type":"Feature","geometry":{"type":"Point","coordinates":[-75.076198,40.0219]},"properties":{"year":1960,"period":"1960","kind":"FHA"}},{"type":"Feature","geometry":{"type":"Point","coordinates":[-75.181156,40.059071]},"properties":{"year":1960,"period":"1960","kind":"FHA"}},{"type":"Feature","geometry":{"type":"Point","coordinates":[-75.245806,39.910765]},"properties":{"year":1960,"period":"1960","kind":"FHA"}},{"type":"Feature","geometry":{"type":"Point","coordinates":[-75.238742,39.962667]},"properties":{"year":1960,"period":"1960","kind":"VA"}},{"type":"Feature","geometry":{"type":"Point","coordinates":[-75.228167,39.951064]},"properties":{"year":1960,"period":"1960","kind":"FHA"}},{"type":"Feature","geometry":{"type":"Point","coordinates":[-75.195969,39.962038]},"properties":{"year":1960,"period":"1960","kind":"VA"}},{"type":"Feature","geometry":{"type":"Point","coordinates":[-75.264501,39.972939]},"properties":{"year":1960,"period":"1960","kind":"FHA"}},{"type":"Feature","geometry":{"type":"Point","coordinates":[-75.202664,39.966832]},"properties":{"year":1960,"period":"1960","kind":"VA"}},{"type":"Feature","geometry":{"type":"Point","coordinates":[-75.144494,39.982351]},"properties":{"year":1960,"period":"1960","kind":"VA"}},{"type":"Feature","geometry":{"type":"Point","coordinates":[-75.180614,39.983345]},"properties":{"year":1960,"period":"1960","kind":"FHA"}},{"type":"Feature","geometry":{"type":"Point","coordinates":[-75.23149,39.949108]},"properties":{"year":1960,"period":"1960","kind":"FHA"}},{"type":"Feature","geometry":{"type":"Point","coordinates":[-75.121347,40.040379]},"properties":{"year":1960,"period":"1960","kind":"FHA"}},{"type":"Feature","geometry":{"type":"Point","coordinates":[-75.22754,39.981283]},"properties":{"year":1960,"period":"1960","kind":"FHA"}},{"type":"Feature","geometry":{"type":"Point","coordinates":[-75.108319,40.046496]},"properties":{"year":1960,"period":"1960","kind":"FHA"}},{"type":"Feature","geometry":{"type":"Point","coordinates":[-75.007573,40.064383]},"properties":{"year":1960,"period":"1960","kind":"FHA"}},{"type":"Feature","geometry":{"type":"Point","coordinates":[-75.007572,40.064238]},"properties":{"year":1960,"period":"1960","kind":"FHA"}},{"type":"Feature","geometry":{"type":"Point","coordinates":[-75.186035,40.05417]},"properties":{"year":1960,"period":"1960","kind":"VA"}},{"type":"Feature","geometry":{"type":"Point","coordinates":[-75.184856,39.986726]},"properties":{"year":1960,"period":"1960","kind":"VA"}},{"type":"Feature","geometry":{"type":"Point","coordinates":[-75.085513,40.007975]},"properties":{"year":1960,"period":"1960","kind":"FHA"}},{"type":"Feature","geometry":{"type":"Point","coordinates":[-75.214543,39.93983]},"properties":{"year":1960,"period":"1960","kind":"VA"}},{"type":"Feature","geometry":{"type":"Point","coordinates":[-75.237185,39.978806]},"properties":{"year":1960,"period":"1960","kind":"FHA"}},{"type":"Feature","geometry":{"type":"Point","coordinates":[-75.175248,39.991369]},"properties":{"year":1960,"period":"1960","kind":"VA"}},{"type":"Feature","geometry":{"type":"Point","coordinates":[-75.114274,40.025174]},"properties":{"year":1960,"period":"1960","kind":"VA"}},{"type":"Feature","geometry":{"type":"Point","coordinates":[-75.267582,39.977105]},"properties":{"year":1960,"period":"1960","kind":"FHA"}},{"type":"Feature","geometry":{"type":"Point","coordinates":[-75.235916,39.950423]},"properties":{"year":1960,"period":"1960","kind":"VA"}},{"type":"Feature","geometry":{"type":"Point","coordinates":[-75.242769,39.948795]},"properties":{"year":1960,"period":"1960","kind":"FHA"}},{"type":"Feature","geometry":{"type":"Point","coordinates":[-75.236113,39.946469]},"properties":{"year":1960,"period":"1960","kind":"VA"}},{"type":"Feature","geometry":{"type":"Point","coordinates":[-75.067377,40.065059]},"properties":{"year":1960,"period":"1960","kind":"FHA"}},{"type":"Feature","geometry":{"type":"Point","coordinates":[-75.032417,40.068089]},"properties":{"year":1960,"period":"1960","kind":"FHA"}},{"type":"Feature","geometry":{"type":"Point","coordinates":[-75.085675,40.068746]},"properties":{"year":1960,"period":"1960","kind":"FHA"}},{"type":"Feature","geometry":{"type":"Point","coordinates":[-75.222211,39.942966]},"properties":{"year":1960,"period":"1960","kind":"VA"}},{"type":"Feature","geometry":{"type":"Point","coordinates":[-75.152667,39.995493]},"properties":{"year":1960,"period":"1960","kind":"FHA"}},{"type":"Feature","geometry":{"type":"Point","coordinates":[-75.15103,39.994431]},"properties":{"year":1960,"period":"1960","kind":"FHA"}},{"type":"Feature","geometry":{"type":"Point","coordinates":[-75.157259,40.017511]},"properties":{"year":1960,"period":"1960","kind":"FHA"}},{"type":"Feature","geometry":{"type":"Point","coordinates":[-75.147283,40.009103]},"properties":{"year":1960,"period":"1960","kind":"VA"}},{"type":"Feature","geometry":{"type":"Point","coordinates":[-75.229263,39.952734]},"properties":{"year":1960,"period":"1960","kind":"FHA"}},{"type":"Feature","geometry":{"type":"Point","coordinates":[-75.215214,39.968939]},"properties":{"year":1960,"period":"1960","kind":"VA"}},{"type":"Feature","geometry":{"type":"Point","coordinates":[-75.224726,39.922613]},"properties":{"year":1960,"period":"1960","kind":"FHA"}},{"type":"Feature","geometry":{"type":"Point","coordinates":[-75.151718,39.951573]},"properties":{"year":1960,"period":"1960","kind":"VA"}},{"type":"Feature","geometry":{"type":"Point","coordinates":[-75.221436,39.944117]},"properties":{"year":1960,"period":"1960","kind":"FHA"}},{"type":"Feature","geometry":{"type":"Point","coordinates":[-75.065672,40.029699]},"properties":{"year":1960,"period":"1960","kind":"FHA"}},{"type":"Feature","geometry":{"type":"Point","coordinates":[-75.145963,40.044255]},"properties":{"year":1960,"period":"1960","kind":"FHA"}},{"type":"Feature","geometry":{"type":"Point","coordinates":[-75.16092,40.034156]},"properties":{"year":1960,"period":"1960","kind":"FHA"}},{"type":"Feature","geometry":{"type":"Point","coordinates":[-75.164683,39.971882]},"properties":{"year":1960,"period":"1960","kind":"VA"}},{"type":"Feature","geometry":{"type":"Point","coordinates":[-75.159899,40.004221]},"properties":{"year":1960,"period":"1960","kind":"VA"}},{"type":"Feature","geometry":{"type":"Point","coordinates":[-75.178541,39.911193]},"properties":{"year":1960,"period":"1960","kind":"FHA"}},{"type":"Feature","geometry":{"type":"Point","coordinates":[-75.181774,39.969744]},"properties":{"year":1960,"period":"1960","kind":"FHA"}},{"type":"Feature","geometry":{"type":"Point","coordinates":[-75.098097,40.010247]},"properties":{"year":1960,"period":"1960","kind":"FHA"}},{"type":"Feature","geometry":{"type":"Point","coordinates":[-75.178627,40.042243]},"properties":{"year":1960,"period":"1960","kind":"FHA"}},{"type":"Feature","geometry":{"type":"Point","coordinates":[-75.227799,39.955049]},"properties":{"year":1960,"period":"1960","kind":"FHA"}},{"type":"Feature","geometry":{"type":"Point","coordinates":[-75.243092,39.978418]},"properties":{"year":1960,"period":"1960","kind":"FHA"}},{"type":"Feature","geometry":{"type":"Point","coordinates":[-75.205205,39.969481]},"properties":{"year":1960,"period":"1960","kind":"VA"}},{"type":"Feature","geometry":{"type":"Point","coordinates":[-75.243808,39.95875]},"properties":{"year":1960,"period":"1960","kind":"FHA"}},{"type":"Feature","geometry":{"type":"Point","coordinates":[-75.236469,39.947698]},"properties":{"year":1960,"period":"1960","kind":"FHA"}},{"type":"Feature","geometry":{"type":"Point","coordinates":[-75.155126,40.042067]},"properties":{"year":1960,"period":"1960","kind":"FHA"}},{"type":"Feature","geometry":{"type":"Point","coordinates":[-75.072394,40.011657]},"properties":{"year":1960,"period":"1960","kind":"FHA"}},{"type":"Feature","geometry":{"type":"Point","coordinates":[-75.183201,40.032606]},"properties":{"year":1960,"period":"1960","kind":"FHA"}},{"type":"Feature","geometry":{"type":"Point","coordinates":[-75.167895,39.984768]},"properties":{"year":1960,"period":"1960","kind":"VA"}},{"type":"Feature","geometry":{"type":"Point","coordinates":[-75.217126,39.932134]},"properties":{"year":1960,"period":"1960","kind":"VA"}},{"type":"Feature","geometry":{"type":"Point","coordinates":[-75.236801,39.928859]},"properties":{"year":1960,"period":"1960","kind":"FHA"}},{"type":"Feature","geometry":{"type":"Point","coordinates":[-75.234839,39.927508]},"properties":{"year":1960,"period":"1960","kind":"FHA"}},{"type":"Feature","geometry":{"type":"Point","coordinates":[-75.246862,39.950397]},"properties":{"year":1960,"period":"1960","kind":"FHA"}},{"type":"Feature","geometry":{"type":"Point","coordinates":[-75.240164,39.920131]},"properties":{"year":1960,"period":"1960","kind":"FHA"}},{"type":"Feature","geometry":{"type":"Point","coordinates":[-75.033621,40.079621]},"properties":{"year":1960,"period":"1960","kind":"FHA"}},{"type":"Feature","geometry":{"type":"Point","coordinates":[-74.994652,40.121962]},"properties":{"year":1960,"period":"1960","kind":"FHA"}},{"type":"Feature","geometry":{"type":"Point","coordinates":[-75.264899,39.972288]},"properties":{"year":1960,"period":"1960","kind":"FHA"}},{"type":"Feature","geometry":{"type":"Point","coordinates":[-75.060032,40.043741]},"properties":{"year":1960,"period":"1960","kind":"FHA"}},{"type":"Feature","geometry":{"type":"Point","coordinates":[-75.183791,39.994761]},"properties":{"year":1960,"period":"1960","kind":"FHA"}},{"type":"Feature","geometry":{"type":"Point","coordinates":[-75.15337,40.011938]},"properties":{"year":1960,"period":"1960","kind":"FHA"}},{"type":"Feature","geometry":{"type":"Point","coordinates":[-75.169291,40.034692]},"properties":{"year":1960,"period":"1960","kind":"FHA"}},{"type":"Feature","geometry":{"type":"Point","coordinates":[-74.979839,40.092733]},"properties":{"year":1960,"period":"1960","kind":"FHA"}},{"type":"Feature","geometry":{"type":"Point","coordinates":[-74.980376,40.091769]},"properties":{"year":1960,"period":"1960","kind":"FHA"}},{"type":"Feature","geometry":{"type":"Point","coordinates":[-74.97957,40.092254]},"properties":{"year":1960,"period":"1960","kind":"FHA"}},{"type":"Feature","geometry":{"type":"Point","coordinates":[-74.97949,40.092394]},"properties":{"year":1960,"period":"1960","kind":"FHA"}},{"type":"Feature","geometry":{"type":"Point","coordinates":[-74.979902,40.092332]},"properties":{"year":1960,"period":"1960","kind":"FHA"}},{"type":"Feature","geometry":{"type":"Point","coordinates":[-74.979509,40.092342]},"properties":{"year":1960,"period":"1960","kind":"FHA"}},{"type":"Feature","geometry":{"type":"Point","coordinates":[-74.979911,40.092765]},"properties":{"year":1960,"period":"1960","kind":"FHA"}},{"type":"Feature","geometry":{"type":"Point","coordinates":[-75.172506,40.047788]},"properties":{"year":1960,"period":"1960","kind":"FHA"}},{"type":"Feature","geometry":{"type":"Point","coordinates":[-75.155731,40.042321]},"properties":{"year":1960,"period":"1960","kind":"FHA"}},{"type":"Feature","geometry":{"type":"Point","coordinates":[-75.147731,40.04543]},"properties":{"year":1960,"period":"1960","kind":"VA"}},{"type":"Feature","geometry":{"type":"Point","coordinates":[-75.103335,40.00412]},"properties":{"year":1960,"period":"1960","kind":"FHA"}},{"type":"Feature","geometry":{"type":"Point","coordinates":[-75.085339,40.016772]},"properties":{"year":1960,"period":"1960","kind":"FHA"}},{"type":"Feature","geometry":{"type":"Point","coordinates":[-75.094761,39.992061]},"properties":{"year":1960,"period":"1960","kind":"FHA"}},{"type":"Feature","geometry":{"type":"Point","coordinates":[-75.129987,40.001103]},"properties":{"year":1960,"period":"1960","kind":"FHA"}},{"type":"Feature","geometry":{"type":"Point","coordinates":[-75.235519,39.976004]},"properties":{"year":1960,"period":"1960","kind":"FHA"}},{"type":"Feature","geometry":{"type":"Point","coordinates":[-75.244684,39.975035]},"properties":{"year":1960,"period":"1960","kind":"FHA"}},{"type":"Feature","geometry":{"type":"Point","coordinates":[-75.244549,39.977193]},"properties":{"year":1960,"period":"1960","kind":"FHA"}},{"type":"Feature","geometry":{"type":"Point","coordinates":[-75.226869,39.95046]},"properties":{"year":1960,"period":"1960","kind":"VA"}},{"type":"Feature","geometry":{"type":"Point","coordinates":[-75.10318,40.049739]},"properties":{"year":1960,"period":"1960","kind":"FHA"}},{"type":"Feature","geometry":{"type":"Point","coordinates":[-75.149325,39.923544]},"properties":{"year":1960,"period":"1960","kind":"FHA"}},{"type":"Feature","geometry":{"type":"Point","coordinates":[-75.194649,39.928115]},"properties":{"year":1960,"period":"1960","kind":"FHA"}},{"type":"Feature","geometry":{"type":"Point","coordinates":[-75.175424,39.997738]},"properties":{"year":1960,"period":"1960","kind":"FHA"}},{"type":"Feature","geometry":{"type":"Point","coordinates":[-75.191194,40.055344]},"properties":{"year":1960,"period":"1960","kind":"FHA"}},{"type":"Feature","geometry":{"type":"Point","coordinates":[-75.080545,40.045674]},"properties":{"year":1960,"period":"1960","kind":"FHA"}},{"type":"Feature","geometry":{"type":"Point","coordinates":[-75.240027,39.954553]},"properties":{"year":1960,"period":"1960","kind":"FHA"}},{"type":"Feature","geometry":{"type":"Point","coordinates":[-75.174411,39.995932]},"properties":{"year":1960,"period":"1960","kind":"VA"}},{"type":"Feature","geometry":{"type":"Point","coordinates":[-74.981869,40.099565]},"properties":{"year":1960,"period":"1960","kind":"FHA"}},{"type":"Feature","geometry":{"type":"Point","coordinates":[-75.155181,40.050085]},"properties":{"year":1960,"period":"1960","kind":"FHA"}},{"type":"Feature","geometry":{"type":"Point","coordinates":[-75.183882,39.977716]},"properties":{"year":1960,"period":"1960","kind":"VA"}},{"type":"Feature","geometry":{"type":"Point","coordinates":[-75.180155,39.977235]},"properties":{"year":1960,"period":"1960","kind":"VA"}},{"type":"Feature","geometry":{"type":"Point","coordinates":[-75.141113,40.003963]},"properties":{"year":1960,"period":"1960","kind":"FHA"}},{"type":"Feature","geometry":{"type":"Point","coordinates":[-75.136387,39.995176]},"properties":{"year":1960,"period":"1960","kind":"FHA"}},{"type":"Feature","geometry":{"type":"Point","coordinates":[-75.051572,40.027901]},"properties":{"year":1960,"period":"1960","kind":"FHA"}},{"type":"Feature","geometry":{"type":"Point","coordinates":[-75.153733,40.041414]},"properties":{"year":1960,"period":"1960","kind":"FHA"}},{"type":"Feature","geometry":{"type":"Point","coordinates":[-75.147174,40.049172]},"properties":{"year":1960,"period":"1960","kind":"FHA"}},{"type":"Feature","geometry":{"type":"Point","coordinates":[-75.173492,40.045992]},"properties":{"year":1960,"period":"1960","kind":"FHA"}},{"type":"Feature","geometry":{"type":"Point","coordinates":[-75.158852,40.05431]},"properties":{"year":1960,"period":"1960","kind":"VA"}},{"type":"Feature","geometry":{"type":"Point","coordinates":[-75.154471,39.999181]},"properties":{"year":1960,"period":"1960","kind":"VA"}},{"type":"Feature","geometry":{"type":"Point","coordinates":[-75.146035,40.004058]},"properties":{"year":1960,"period":"1960","kind":"VA"}},{"type":"Feature","geometry":{"type":"Point","coordinates":[-75.094338,39.992283]},"properties":{"year":1960,"period":"1960","kind":"FHA"}},{"type":"Feature","geometry":{"type":"Point","coordinates":[-75.061264,40.098249]},"properties":{"year":1960,"period":"1960","kind":"FHA"}},{"type":"Feature","geometry":{"type":"Point","coordinates":[-75.060822,40.097998]},"properties":{"year":1960,"period":"1960","kind":"FHA"}},{"type":"Feature","geometry":{"type":"Point","coordinates":[-75.007575,40.064529]},"properties":{"year":1960,"period":"1960","kind":"FHA"}},{"type":"Feature","geometry":{"type":"Point","coordinates":[-75.007571,40.064311]},"properties":{"year":1960,"period":"1960","kind":"FHA"}},{"type":"Feature","geometry":{"type":"Point","coordinates":[-75.007565,40.063798]},"properties":{"year":1960,"period":"1960","kind":"FHA"}},{"type":"Feature","geometry":{"type":"Point","coordinates":[-75.007562,40.063725]},"properties":{"year":1960,"period":"1960","kind":"FHA"}},{"type":"Feature","geometry":{"type":"Point","coordinates":[-75.010377,40.065038]},"properties":{"year":1960,"period":"1960","kind":"FHA"}},{"type":"Feature","geometry":{"type":"Point","coordinates":[-75.062643,40.099931]},"properties":{"year":1960,"period":"1960","kind":"FHA"}},{"type":"Feature","geometry":{"type":"Point","coordinates":[-75.163792,39.986283]},"properties":{"year":1960,"period":"1960","kind":"VA"}},{"type":"Feature","geometry":{"type":"Point","coordinates":[-75.15085,39.991247]},"properties":{"year":1960,"period":"1960","kind":"VA"}},{"type":"Feature","geometry":{"type":"Point","coordinates":[-75.031848,40.067829]},"properties":{"year":1960,"period":"1960","kind":"FHA"}},{"type":"Feature","geometry":{"type":"Point","coordinates":[-75.140787,39.988388]},"properties":{"year":1960,"period":"1960","kind":"VA"}},{"type":"Feature","geometry":{"type":"Point","coordinates":[-75.151265,39.921534]},"properties":{"year":1960,"period":"1960","kind":"VA"}},{"type":"Feature","geometry":{"type":"Point","coordinates":[-75.23448,39.918633]},"properties":{"year":1960,"period":"1960","kind":"FHA"}},{"type":"Feature","geometry":{"type":"Point","coordinates":[-75.228922,39.954053]},"properties":{"year":1960,"period":"1960","kind":"FHA"}},{"type":"Feature","geometry":{"type":"Point","coordinates":[-75.2318,39.955948]},"properties":{"year":1960,"period":"1960","kind":"VA"}},{"type":"Feature","geometry":{"type":"Point","coordinates":[-75.176086,39.996929]},"properties":{"year":1960,"period":"1960","kind":"VA"}},{"type":"Feature","geometry":{"type":"Point","coordinates":[-75.140489,39.983656]},"properties":{"year":1960,"period":"1960","kind":"VA"}},{"type":"Feature","geometry":{"type":"Point","coordinates":[-75.198244,39.966701]},"properties":{"year":1960,"period":"1960","kind":"VA"}},{"type":"Feature","geometry":{"type":"Point","coordinates":[-75.173839,39.983717]},"properties":{"year":1960,"period":"1960","kind":"VA"}},{"type":"Feature","geometry":{"type":"Point","coordinates":[-75.158057,40.043176]},"properties":{"year":1960,"period":"1960","kind":"VA"}},{"type":"Feature","geometry":{"type":"Point","coordinates":[-75.126785,39.990786]},"properties":{"year":1960,"period":"1960","kind":"FHA"}},{"type":"Feature","geometry":{"type":"Point","coordinates":[-75.172196,40.043949]},"properties":{"year":1960,"period":"1960","kind":"FHA"}},{"type":"Feature","geometry":{"type":"Point","coordinates":[-75.22587,39.944018]},"properties":{"year":1960,"period":"1960","kind":"VA"}},{"type":"Feature","geometry":{"type":"Point","coordinates":[-75.163897,39.985187]},"properties":{"year":1960,"period":"1960","kind":"VA"}},{"type":"Feature","geometry":{"type":"Point","coordinates":[-75.219296,39.968538]},"properties":{"year":1960,"period":"1960","kind":"VA"}},{"type":"Feature","geometry":{"type":"Point","coordinates":[-75.240252,39.954724]},"properties":{"year":1960,"period":"1960","kind":"VA"}},{"type":"Feature","geometry":{"type":"Point","coordinates":[-75.183691,39.995217]},"properties":{"year":1960,"period":"1960","kind":"FHA"}},{"type":"Feature","geometry":{"type":"Point","coordinates":[-75.209524,39.967247]},"properties":{"year":1960,"period":"1960","kind":"VA"}},{"type":"Feature","geometry":{"type":"Point","coordinates":[-75.183739,39.974975]},"properties":{"year":1960,"period":"1960","kind":"VA"}},{"type":"Feature","geometry":{"type":"Point","coordinates":[-75.195261,39.928452]},"properties":{"year":1960,"period":"1960","kind":"FHA"}},{"type":"Feature","geometry":{"type":"Point","coordinates":[-75.219437,39.92917]},"properties":{"year":1960,"period":"1960","kind":"FHA"}},{"type":"Feature","geometry":{"type":"Point","coordinates":[-75.222923,39.936081]},"properties":{"year":1960,"period":"1960","kind":"FHA"}},{"type":"Feature","geometry":{"type":"Point","coordinates":[-75.227737,39.940576]},"properties":{"year":1960,"period":"1960","kind":"FHA"}},{"type":"Feature","geometry":{"type":"Point","coordinates":[-75.251514,39.975492]},"properties":{"year":1960,"period":"1960","kind":"FHA"}},{"type":"Feature","geometry":{"type":"Point","coordinates":[-75.215716,39.948593]},"properties":{"year":1960,"period":"1960","kind":"VA"}},{"type":"Feature","geometry":{"type":"Point","coordinates":[-75.227225,39.965637]},"properties":{"year":1960,"period":"1960","kind":"FHA"}},{"type":"Feature","geometry":{"type":"Point","coordinates":[-75.244191,39.950056]},"properties":{"year":1960,"period":"1960","kind":"FHA"}},{"type":"Feature","geometry":{"type":"Point","coordinates":[-75.240338,39.977986]},"properties":{"year":1960,"period":"1960","kind":"FHA"}},{"type":"Feature","geometry":{"type":"Point","coordinates":[-75.223117,39.951351]},"properties":{"year":1960,"period":"1960","kind":"FHA"}},{"type":"Feature","geometry":{"type":"Point","coordinates":[-75.203952,39.966314]},"properties":{"year":1960,"period":"1960","kind":"VA"}},{"type":"Feature","geometry":{"type":"Point","coordinates":[-74.979522,40.092447]},"properties":{"year":1960,"period":"1960","kind":"FHA"}},{"type":"Feature","geometry":{"type":"Point","coordinates":[-74.980611,40.0917]},"properties":{"year":1960,"period":"1960","kind":"FHA"}},{"type":"Feature","geometry":{"type":"Point","coordinates":[-75.241575,39.952663]},"properties":{"year":1960,"period":"1960","kind":"FHA"}},{"type":"Feature","geometry":{"type":"Point","coordinates":[-75.054653,40.021362]},"properties":{"year":1960,"period":"1960","kind":"FHA"}},{"type":"Feature","geometry":{"type":"Point","coordinates":[-75.236301,39.950927]},"properties":{"year":1960,"period":"1960","kind":"VA"}},{"type":"Feature","geometry":{"type":"Point","coordinates":[-75.23078,39.97277]},"properties":{"year":1960,"period":"1960","kind":"FHA"}},{"type":"Feature","geometry":{"type":"Point","coordinates":[-75.184486,39.973814]},"properties":{"year":1960,"period":"1960","kind":"VA"}},{"type":"Feature","geometry":{"type":"Point","coordinates":[-75.185946,39.995716]},"properties":{"year":1960,"period":"1960","kind":"FHA"}},{"type":"Feature","geometry":{"type":"Point","coordinates":[-75.181514,39.981411]},"properties":{"year":1960,"period":"1960","kind":"VA"}},{"type":"Feature","geometry":{"type":"Point","coordinates":[-75.180304,39.979996]},"properties":{"year":1960,"period":"1960","kind":"VA"}},{"type":"Feature","geometry":{"type":"Point","coordinates":[-75.226945,40.034535]},"properties":{"year":1960,"period":"1960","kind":"FHA"}},{"type":"Feature","geometry":{"type":"Point","coordinates":[-75.138182,40.013373]},"properties":{"year":1960,"period":"1960","kind":"FHA"}},{"type":"Feature","geometry":{"type":"Point","coordinates":[-75.15408,40.006656]},"properties":{"year":1960,"period":"1960","kind":"FHA"}},{"type":"Feature","geometry":{"type":"Point","coordinates":[-75.178234,39.973677]},"properties":{"year":1960,"period":"1960","kind":"VA"}},{"type":"Feature","geometry":{"type":"Point","coordinates":[-75.182564,39.97988]},"properties":{"year":1960,"period":"1960","kind":"VA"}},{"type":"Feature","geometry":{"type":"Point","coordinates":[-75.084163,40.008603]},"properties":{"year":1960,"period":"1960","kind":"FHA"}},{"type":"Feature","geometry":{"type":"Point","coordinates":[-75.031063,40.034135]},"properties":{"year":1960,"period":"1960","kind":"FHA"}},{"type":"Feature","geometry":{"type":"Point","coordinates":[-75.033773,40.079869]},"properties":{"year":1960,"period":"1960","kind":"FHA"}},{"type":"Feature","geometry":{"type":"Point","coordinates":[-75.024406,40.059477]},"properties":{"year":1960,"period":"1960","kind":"FHA"}},{"type":"Feature","geometry":{"type":"Point","coordinates":[-74.995427,40.121937]},"properties":{"year":1960,"period":"1960","kind":"FHA"}},{"type":"Feature","geometry":{"type":"Point","coordinates":[-74.994951,40.12222]},"properties":{"year":1960,"period":"1960","kind":"FHA"}},{"type":"Feature","geometry":{"type":"Point","coordinates":[-75.024096,40.060102]},"properties":{"year":1960,"period":"1960","kind":"FHA"}},{"type":"Feature","geometry":{"type":"Point","coordinates":[-75.181454,39.982711]},"properties":{"year":1960,"period":"1960","kind":"VA"}},{"type":"Feature","geometry":{"type":"Point","coordinates":[-75.126245,40.041349]},"properties":{"year":1960,"period":"1960","kind":"FHA"}},{"type":"Feature","geometry":{"type":"Point","coordinates":[-75.058658,40.06733]},"properties":{"year":1960,"period":"1960","kind":"FHA"}},{"type":"Feature","geometry":{"type":"Point","coordinates":[-75.230556,39.952325]},"properties":{"year":1960,"period":"1960","kind":"FHA"}},{"type":"Feature","geometry":{"type":"Point","coordinates":[-75.124089,39.992288]},"properties":{"year":1960,"period":"1960","kind":"VA"}},{"type":"Feature","geometry":{"type":"Point","coordinates":[-75.113918,40.020982]},"properties":{"year":1960,"period":"1960","kind":"FHA"}},{"type":"Feature","geometry":{"type":"Point","coordinates":[-75.163694,39.995999]},"properties":{"year":1960,"period":"1960","kind":"VA"}},{"type":"Feature","geometry":{"type":"Point","coordinates":[-75.126295,40.00095]},"properties":{"year":1960,"period":"1960","kind":"FHA"}},{"type":"Feature","geometry":{"type":"Point","coordinates":[-75.148939,40.012809]},"properties":{"year":1960,"period":"1960","kind":"FHA"}},{"type":"Feature","geometry":{"type":"Point","coordinates":[-75.177746,40.052587]},"properties":{"year":1960,"period":"1960","kind":"FHA"}},{"type":"Feature","geometry":{"type":"Point","coordinates":[-75.148207,40.034189]},"properties":{"year":1960,"period":"1960","kind":"FHA"}},{"type":"Feature","geometry":{"type":"Point","coordinates":[-75.134806,39.981452]},"properties":{"year":1960,"period":"1960","kind":"FHA"}},{"type":"Feature","geometry":{"type":"Point","coordinates":[-75.14148,40.024583]},"properties":{"year":1960,"period":"1960","kind":"FHA"}},{"type":"Feature","geometry":{"type":"Point","coordinates":[-75.055079,40.026593]},"properties":{"year":1960,"period":"1960","kind":"FHA"}},{"type":"Feature","geometry":{"type":"Point","coordinates":[-75.242413,39.958355]},"properties":{"year":1960,"period":"1960","kind":"VA"}},{"type":"Feature","geometry":{"type":"Point","coordinates":[-75.020913,40.120096]},"properties":{"year":1960,"period":"1960","kind":"FHA"}},{"type":"Feature","geometry":{"type":"Point","coordinates":[-75.1864,39.987654]},"properties":{"year":1960,"period":"1960","kind":"VA"}},{"type":"Feature","geometry":{"type":"Point","coordinates":[-75.157513,40.004425]},"properties":{"year":1960,"period":"1960","kind":"VA"}},{"type":"Feature","geometry":{"type":"Point","coordinates":[-75.219271,39.937789]},"properties":{"year":1960,"period":"1960","kind":"FHA"}},{"type":"Feature","geometry":{"type":"Point","coordinates":[-75.183407,39.994193]},"properties":{"year":1960,"period":"1960","kind":"VA"}},{"type":"Feature","geometry":{"type":"Point","coordinates":[-75.053282,40.048229]},"properties":{"year":1960,"period":"1960","kind":"FHA"}},{"type":"Feature","geometry":{"type":"Point","coordinates":[-75.081578,40.017106]},"properties":{"year":1960,"period":"1960","kind":"FHA"}},{"type":"Feature","geometry":{"type":"Point","coordinates":[-75.053589,40.048706]},"properties":{"year":1960,"period":"1960","kind":"FHA"}},{"type":"Feature","geometry":{"type":"Point","coordinates":[-75.153598,40.010995]},"properties":{"year":1960,"period":"1960","kind":"FHA"}},{"type":"Feature","geometry":{"type":"Point","coordinates":[-75.155181,40.050085]},"properties":{"year":1960,"period":"1960","kind":"FHA"}},{"type":"Feature","geometry":{"type":"Point","coordinates":[-75.222703,39.980208]},"properties":{"year":1960,"period":"1960","kind":"VA"}},{"type":"Feature","geometry":{"type":"Point","coordinates":[-75.224196,39.923758]},"properties":{"year":1960,"period":"1960","kind":"FHA"}},{"type":"Feature","geometry":{"type":"Point","coordinates":[-75.230573,39.948891]},"properties":{"year":1960,"period":"1960","kind":"FHA"}},{"type":"Feature","geometry":{"type":"Point","coordinates":[-75.006937,40.062645]},"properties":{"year":1960,"period":"1960","kind":"FHA"}},{"type":"Feature","geometry":{"type":"Point","coordinates":[-75.148234,40.047682]},"properties":{"year":1960,"period":"1960","kind":"FHA"}},{"type":"Feature","geometry":{"type":"Point","coordinates":[-75.145157,39.98784]},"properties":{"year":1960,"period":"1960","kind":"VA"}},{"type":"Feature","geometry":{"type":"Point","coordinates":[-75.176233,39.980413]},"properties":{"year":1960,"period":"1960","kind":"VA"}},{"type":"Feature","geometry":{"type":"Point","coordinates":[-75.149769,40.041661]},"properties":{"year":1960,"period":"1960","kind":"FHA"}},{"type":"Feature","geometry":{"type":"Point","coordinates":[-75.124332,40.037009]},"properties":{"year":1960,"period":"1960","kind":"FHA"}},{"type":"Feature","geometry":{"type":"Point","coordinates":[-75.157074,40.001026]},"properties":{"year":1960,"period":"1960","kind":"VA"}},{"type":"Feature","geometry":{"type":"Point","coordinates":[-75.181863,39.99512]},"properties":{"year":1960,"period":"1960","kind":"VA"}},{"type":"Feature","geometry":{"type":"Point","coordinates":[-75.176665,39.933922]},"properties":{"year":1960,"period":"1960","kind":"FHA"}},{"type":"Feature","geometry":{"type":"Point","coordinates":[-75.23914,39.956]},"properties":{"year":1960,"period":"1960","kind":"FHA"}},{"type":"Feature","geometry":{"type":"Point","coordinates":[-74.982925,40.099847]},"properties":{"year":1960,"period":"1960","kind":"FHA"}},{"type":"Feature","geometry":{"type":"Point","coordinates":[-75.190909,40.009318]},"properties":{"year":1960,"period":"1960","kind":"FHA"}},{"type":"Feature","geometry":{"type":"Point","coordinates":[-75.065461,40.025461]},"properties":{"year":1960,"period":"1960","kind":"FHA"}},{"type":"Feature","geometry":{"type":"Point","coordinates":[-75.020159,40.108487]},"properties":{"year":1960,"period":"1960","kind":"FHA"}},{"type":"Feature","geometry":{"type":"Point","coordinates":[-75.054345,40.089693]},"properties":{"year":1960,"period":"1960","kind":"FHA"}},{"type":"Feature","geometry":{"type":"Point","coordinates":[-75.165608,40.006006]},"properties":{"year":1960,"period":"1960","kind":"VA"}},{"type":"Feature","geometry":{"type":"Point","coordinates":[-75.059776,40.067898]},"properties":{"year":1960,"period":"1960","kind":"FHA"}},{"type":"Feature","geometry":{"type":"Point","coordinates":[-75.005462,40.062006]},"properties":{"year":1960,"period":"1960","kind":"FHA"}},{"type":"Feature","geometry":{"type":"Point","coordinates":[-75.023878,40.059777]},"properties":{"year":1960,"period":"1960","kind":"FHA"}},{"type":"Feature","geometry":{"type":"Point","coordinates":[-75.024437,40.059568]},"properties":{"year":1960,"period":"1960","kind":"FHA"}},{"type":"Feature","geometry":{"type":"Point","coordinates":[-75.005807,40.049891]},"properties":{"year":1960,"period":"1960","kind":"FHA"}},{"type":"Feature","geometry":{"type":"Point","coordinates":[-75.067905,40.070577]},"properties":{"year":1960,"period":"1960","kind":"FHA"}},{"type":"Feature","geometry":{"type":"Point","coordinates":[-75.16686,40.06605]},"properties":{"year":1960,"period":"1960","kind":"FHA"}},{"type":"Feature","geometry":{"type":"Point","coordinates":[-75.100508,40.000833]},"properties":{"year":1960,"period":"1960","kind":"FHA"}},{"type":"Feature","geometry":{"type":"Point","coordinates":[-75.102179,40.003758]},"properties":{"year":1960,"period":"1960","kind":"FHA"}},{"type":"Feature","geometry":{"type":"Point","coordinates":[-75.181989,39.99294]},"properties":{"year":1960,"period":"1960","kind":"VA"}},{"type":"Feature","geometry":{"type":"Point","coordinates":[-75.173692,39.997616]},"properties":{"year":1960,"period":"1960","kind":"VA"}},{"type":"Feature","geometry":{"type":"Point","coordinates":[-75.209115,39.975056]},"properties":{"year":1960,"period":"1960","kind":"VA"}},{"type":"Feature","geometry":{"type":"Point","coordinates":[-75.210241,39.94036]},"properties":{"year":1960,"period":"1960","kind":"VA"}},{"type":"Feature","geometry":{"type":"Point","coordinates":[-75.146426,39.974524]},"properties":{"year":1960,"period":"1960","kind":"VA"}},{"type":"Feature","geometry":{"type":"Point","coordinates":[-75.180853,39.931937]},"properties":{"year":1960,"period":"1960","kind":"FHA"}},{"type":"Feature","geometry":{"type":"Point","coordinates":[-75.220918,39.948014]},"properties":{"year":1960,"period":"1960","kind":"FHA"}},{"type":"Feature","geometry":{"type":"Point","coordinates":[-75.168608,39.996431]},"properties":{"year":1960,"period":"1960","kind":"FHA"}},{"type":"Feature","geometry":{"type":"Point","coordinates":[-75.168544,40.042137]},"properties":{"year":1960,"period":"1960","kind":"FHA"}},{"type":"Feature","geometry":{"type":"Point","coordinates":[-75.192537,40.044861]},"properties":{"year":1960,"period":"1960","kind":"FHA"}},{"type":"Feature","geometry":{"type":"Point","coordinates":[-75.07673,40.074053]},"properties":{"year":1960,"period":"1960","kind":"FHA"}},{"type":"Feature","geometry":{"type":"Point","coordinates":[-75.027656,40.091712]},"properties":{"year":1960,"period":"1960","kind":"FHA"}},{"type":"Feature","geometry":{"type":"Point","coordinates":[-75.062434,40.014793]},"properties":{"year":1960,"period":"1960","kind":"FHA"}},{"type":"Feature","geometry":{"type":"Point","coordinates":[-75.049678,40.088767]},"properties":{"year":1960,"period":"1960","kind":"VA"}},{"type":"Feature","geometry":{"type":"Point","coordinates":[-74.972808,40.083594]},"properties":{"year":1960,"period":"1960","kind":"FHA"}},{"type":"Feature","geometry":{"type":"Point","coordinates":[-74.972653,40.083411]},"properties":{"year":1960,"period":"1960","kind":"FHA"}},{"type":"Feature","geometry":{"type":"Point","coordinates":[-74.97253,40.083226]},"properties":{"year":1960,"period":"1960","kind":"FHA"}},{"type":"Feature","geometry":{"type":"Point","coordinates":[-75.179205,39.91176]},"properties":{"year":1960,"period":"1960","kind":"FHA"}},{"type":"Feature","geometry":{"type":"Point","coordinates":[-75.178664,39.910162]},"properties":{"year":1960,"period":"1960","kind":"FHA"}},{"type":"Feature","geometry":{"type":"Point","coordinates":[-75.22408,39.933518]},"properties":{"year":1960,"period":"1960","kind":"FHA"}},{"type":"Feature","geometry":{"type":"Point","coordinates":[-75.178637,39.910294]},"properties":{"year":1960,"period":"1960","kind":"FHA"}},{"type":"Feature","geometry":{"type":"Point","coordinates":[-75.236755,39.959255]},"properties":{"year":1960,"period":"1960","kind":"FHA"}},{"type":"Feature","geometry":{"type":"Point","coordinates":[-75.216057,39.942519]},"properties":{"year":1960,"period":"1960","kind":"VA"}},{"type":"Feature","geometry":{"type":"Point","coordinates":[-75.142691,39.987622]},"properties":{"year":1960,"period":"1960","kind":"VA"}},{"type":"Feature","geometry":{"type":"Point","coordinates":[-75.19126,39.937555]},"properties":{"year":1960,"period":"1960","kind":"VA"}},{"type":"Feature","geometry":{"type":"Point","coordinates":[-75.175897,39.996483]},"properties":{"year":1960,"period":"1960","kind":"VA"}},{"type":"Feature","geometry":{"type":"Point","coordinates":[-75.190726,39.934986]},"properties":{"year":1960,"period":"1960","kind":"FHA"}},{"type":"Feature","geometry":{"type":"Point","coordinates":[-75.180067,40.059722]},"properties":{"year":1960,"period":"1960","kind":"FHA"}},{"type":"Feature","geometry":{"type":"Point","coordinates":[-75.191624,40.059819]},"properties":{"year":1960,"period":"1960","kind":"FHA"}},{"type":"Feature","geometry":{"type":"Point","coordinates":[-75.172479,40.076936]},"properties":{"year":1960,"period":"1960","kind":"FHA"}},{"type":"Feature","geometry":{"type":"Point","coordinates":[-75.181168,39.979463]},"properties":{"year":1960,"period":"1960","kind":"FHA"}},{"type":"Feature","geometry":{"type":"Point","coordinates":[-75.162685,39.987807]},"properties":{"year":1960,"period":"1960","kind":"VA"}},{"type":"Feature","geometry":{"type":"Point","coordinates":[-75.229044,39.92342]},"properties":{"year":1960,"period":"1960","kind":"FHA"}},{"type":"Feature","geometry":{"type":"Point","coordinates":[-75.230536,39.956198]},"properties":{"year":1960,"period":"1960","kind":"FHA"}},{"type":"Feature","geometry":{"type":"Point","coordinates":[-75.196711,39.936373]},"properties":{"year":1960,"period":"1960","kind":"FHA"}},{"type":"Feature","geometry":{"type":"Point","coordinates":[-75.21968,39.968287]},"properties":{"year":1960,"period":"1960","kind":"FHA"}},{"type":"Feature","geometry":{"type":"Point","coordinates":[-75.078434,40.011382]},"properties":{"year":1960,"period":"1960","kind":"VA"}},{"type":"Feature","geometry":{"type":"Point","coordinates":[-75.127086,40.020622]},"properties":{"year":1960,"period":"1960","kind":"FHA"}},{"type":"Feature","geometry":{"type":"Point","coordinates":[-75.185703,40.012986]},"properties":{"year":1960,"period":"1960","kind":"FHA"}},{"type":"Feature","geometry":{"type":"Point","coordinates":[-75.143186,40.010444]},"properties":{"year":1960,"period":"1960","kind":"FHA"}},{"type":"Feature","geometry":{"type":"Point","coordinates":[-75.182773,39.933253]},"properties":{"year":1960,"period":"1960","kind":"VA"}},{"type":"Feature","geometry":{"type":"Point","coordinates":[-75.048733,40.085833]},"properties":{"year":1960,"period":"1960","kind":"FHA"}},{"type":"Feature","geometry":{"type":"Point","coordinates":[-75.088727,40.016217]},"properties":{"year":1960,"period":"1960","kind":"FHA"}},{"type":"Feature","geometry":{"type":"Point","coordinates":[-75.029574,40.107397]},"properties":{"year":1960,"period":"1960","kind":"FHA"}},{"type":"Feature","geometry":{"type":"Point","coordinates":[-75.176151,40.04664]},"properties":{"year":1960,"period":"1960","kind":"FHA"}},{"type":"Feature","geometry":{"type":"Point","coordinates":[-75.227801,39.948818]},"properties":{"year":1960,"period":"1960","kind":"FHA"}},{"type":"Feature","geometry":{"type":"Point","coordinates":[-75.243639,39.973559]},"properties":{"year":1960,"period":"1960","kind":"VA"}},{"type":"Feature","geometry":{"type":"Point","coordinates":[-75.243873,39.953609]},"properties":{"year":1960,"period":"1960","kind":"FHA"}},{"type":"Feature","geometry":{"type":"Point","coordinates":[-75.229934,39.94985]},"properties":{"year":1960,"period":"1960","kind":"FHA"}},{"type":"Feature","geometry":{"type":"Point","coordinates":[-75.243117,39.943679]},"properties":{"year":1960,"period":"1960","kind":"FHA"}},{"type":"Feature","geometry":{"type":"Point","coordinates":[-75.22522,39.949828]},"properties":{"year":1960,"period":"1960","kind":"VA"}},{"type":"Feature","geometry":{"type":"Point","coordinates":[-75.246891,39.95522]},"properties":{"year":1960,"period":"1960","kind":"VA"}},{"type":"Feature","geometry":{"type":"Point","coordinates":[-75.242412,39.949532]},"properties":{"year":1960,"period":"1960","kind":"FHA"}},{"type":"Feature","geometry":{"type":"Point","coordinates":[-75.183735,40.059854]},"properties":{"year":1960,"period":"1960","kind":"FHA"}},{"type":"Feature","geometry":{"type":"Point","coordinates":[-75.184179,39.991664]},"properties":{"year":1960,"period":"1960","kind":"VA"}},{"type":"Feature","geometry":{"type":"Point","coordinates":[-75.177179,39.997719]},"properties":{"year":1960,"period":"1960","kind":"FHA"}},{"type":"Feature","geometry":{"type":"Point","coordinates":[-75.172932,40.025472]},"properties":{"year":1960,"period":"1960","kind":"VA"}},{"type":"Feature","geometry":{"type":"Point","coordinates":[-75.23117,39.932431]},"properties":{"year":1960,"period":"1960","kind":"FHA"}},{"type":"Feature","geometry":{"type":"Point","coordinates":[-75.146253,39.985295]},"properties":{"year":1960,"period":"1960","kind":"VA"}},{"type":"Feature","geometry":{"type":"Point","coordinates":[-75.148176,39.984242]},"properties":{"year":1960,"period":"1960","kind":"VA"}},{"type":"Feature","geometry":{"type":"Point","coordinates":[-75.239972,39.951386]},"properties":{"year":1960,"period":"1960","kind":"VA"}},{"type":"Feature","geometry":{"type":"Point","coordinates":[-75.215378,40.028375]},"properties":{"year":1960,"period":"1960","kind":"FHA"}},{"type":"Feature","geometry":{"type":"Point","coordinates":[-75.022022,40.110116]},"properties":{"year":1960,"period":"1960","kind":"FHA"}},{"type":"Feature","geometry":{"type":"Point","coordinates":[-75.245352,39.955293]},"properties":{"year":1960,"period":"1960","kind":"FHA"}},{"type":"Feature","geometry":{"type":"Point","coordinates":[-75.06749,40.065244]},"properties":{"year":1960,"period":"1960","kind":"FHA"}},{"type":"Feature","geometry":{"type":"Point","coordinates":[-75.056928,40.026009]},"properties":{"year":1960,"period":"1960","kind":"FHA"}},{"type":"Feature","geometry":{"type":"Point","coordinates":[-75.024417,40.059525]},"properties":{"year":1960,"period":"1960","kind":"FHA"}},{"type":"Feature","geometry":{"type":"Point","coordinates":[-75.154791,40.069997]},"properties":{"year":1960,"period":"1960","kind":"FHA"}},{"type":"Feature","geometry":{"type":"Point","coordinates":[-75.149893,40.046126]},"properties":{"year":1960,"period":"1960","kind":"FHA"}},{"type":"Feature","geometry":{"type":"Point","coordinates":[-75.186728,39.985696]},"properties":{"year":1960,"period":"1960","kind":"VA"}},{"type":"Feature","geometry":{"type":"Point","coordinates":[-75.228176,39.975171]},"properties":{"year":1960,"period":"1960","kind":"FHA"}},{"type":"Feature","geometry":{"type":"Point","coordinates":[-75.14362,39.982658]},"properties":{"year":1960,"period":"1960","kind":"VA"}},{"type":"Feature","geometry":{"type":"Point","coordinates":[-75.160662,40.009818]},"properties":{"year":1960,"period":"1960","kind":"FHA"}},{"type":"Feature","geometry":{"type":"Point","coordinates":[-75.054887,40.097449]},"properties":{"year":1960,"period":"1960","kind":"FHA"}},{"type":"Feature","geometry":{"type":"Point","coordinates":[-75.156848,40.00723]},"properties":{"year":1960,"period":"1960","kind":"VA"}},{"type":"Feature","geometry":{"type":"Point","coordinates":[-75.157315,40.009733]},"properties":{"year":1960,"period":"1960","kind":"VA"}},{"type":"Feature","geometry":{"type":"Point","coordinates":[-75.062831,40.041458]},"properties":{"year":1960,"period":"1960","kind":"VA"}},{"type":"Feature","geometry":{"type":"Point","coordinates":[-75.035907,40.036871]},"properties":{"year":1960,"period":"1960","kind":"FHA"}},{"type":"Feature","geometry":{"type":"Point","coordinates":[-75.185208,39.993438]},"properties":{"year":1960,"period":"1960","kind":"FHA"}},{"type":"Feature","geometry":{"type":"Point","coordinates":[-75.14523,40.042183]},"properties":{"year":1960,"period":"1960","kind":"FHA"}},{"type":"Feature","geometry":{"type":"Point","coordinates":[-75.093468,40.032805]},"properties":{"year":1960,"period":"1960","kind":"FHA"}},{"type":"Feature","geometry":{"type":"Point","coordinates":[-75.067433,40.065155]},"properties":{"year":1960,"period":"1960","kind":"FHA"}},{"type":"Feature","geometry":{"type":"Point","coordinates":[-75.024472,40.059668]},"properties":{"year":1960,"period":"1960","kind":"FHA"}},{"type":"Feature","geometry":{"type":"Point","coordinates":[-75.023833,40.059736]},"properties":{"year":1960,"period":"1960","kind":"FHA"}},{"type":"Feature","geometry":{"type":"Point","coordinates":[-75.150784,40.029168]},"properties":{"year":1960,"period":"1960","kind":"FHA"}},{"type":"Feature","geometry":{"type":"Point","coordinates":[-75.121132,40.026529]},"properties":{"year":1960,"period":"1960","kind":"FHA"}},{"type":"Feature","geometry":{"type":"Point","coordinates":[-75.049488,40.086246]},"properties":{"year":1960,"period":"1960","kind":"FHA"}},{"type":"Feature","geometry":{"type":"Point","coordinates":[-75.078671,40.025706]},"properties":{"year":1960,"period":"1960","kind":"VA"}},{"type":"Feature","geometry":{"type":"Point","coordinates":[-75.116853,40.040031]},"properties":{"year":1960,"period":"1960","kind":"FHA"}},{"type":"Feature","geometry":{"type":"Point","coordinates":[-75.154916,40.050683]},"properties":{"year":1960,"period":"1960","kind":"VA"}},{"type":"Feature","geometry":{"type":"Point","coordinates":[-75.229721,39.982387]},"properties":{"year":1960,"period":"1960","kind":"FHA"}},{"type":"Feature","geometry":{"type":"Point","coordinates":[-75.186844,40.005234]},"properties":{"year":1960,"period":"1960","kind":"VA"}},{"type":"Feature","geometry":{"type":"Point","coordinates":[-75.149225,39.996073]},"properties":{"year":1960,"period":"1960","kind":"VA"}},{"type":"Feature","geometry":{"type":"Point","coordinates":[-75.171022,39.970537]},"properties":{"year":1960,"period":"1960","kind":"FHA"}},{"type":"Feature","geometry":{"type":"Point","coordinates":[-75.227764,39.92662]},"properties":{"year":1960,"period":"1960","kind":"VA"}},{"type":"Feature","geometry":{"type":"Point","coordinates":[-75.021949,40.109445]},"properties":{"year":1960,"period":"1960","kind":"FHA"}},{"type":"Feature","geometry":{"type":"Point","coordinates":[-75.16878,40.04759]},"properties":{"year":1960,"period":"1960","kind":"FHA"}},{"type":"Feature","geometry":{"type":"Point","coordinates":[-75.18214,40.042336]},"properties":{"year":1960,"period":"1960","kind":"FHA"}},{"type":"Feature","geometry":{"type":"Point","coordinates":[-75.188616,40.038396]},"properties":{"year":1960,"period":"1960","kind":"VA"}},{"type":"Feature","geometry":{"type":"Point","coordinates":[-75.224,39.966901]},"properties":{"year":1960,"period":"1960","kind":"FHA"}},{"type":"Feature","geometry":{"type":"Point","coordinates":[-75.229195,39.938311]},"properties":{"year":1960,"period":"1960","kind":"FHA"}},{"type":"Feature","geometry":{"type":"Point","coordinates":[-75.243786,39.965929]},"properties":{"year":1960,"period":"1960","kind":"FHA"}},{"type":"Feature","geometry":{"type":"Point","coordinates":[-75.232085,39.944501]},"properties":{"year":1960,"period":"1960","kind":"FHA"}},{"type":"Feature","geometry":{"type":"Point","coordinates":[-75.229375,39.949476]},"properties":{"year":1960,"period":"1960","kind":"FHA"}},{"type":"Feature","geometry":{"type":"Point","coordinates":[-75.152213,40.000289]},"properties":{"year":1960,"period":"1960","kind":"FHA"}},{"type":"Feature","geometry":{"type":"Point","coordinates":[-75.161218,40.048648]},"properties":{"year":1960,"period":"1960","kind":"FHA"}},{"type":"Feature","geometry":{"type":"Point","coordinates":[-75.180835,39.981642]},"properties":{"year":1960,"period":"1960","kind":"VA"}},{"type":"Feature","geometry":{"type":"Point","coordinates":[-75.063198,40.014652]},"properties":{"year":1960,"period":"1960","kind":"FHA"}},{"type":"Feature","geometry":{"type":"Point","coordinates":[-75.204654,40.017432]},"properties":{"year":1960,"period":"1960","kind":"FHA"}},{"type":"Feature","geometry":{"type":"Point","coordinates":[-75.055448,40.039263]},"properties":{"year":1960,"period":"1960","kind":"FHA"}},{"type":"Feature","geometry":{"type":"Point","coordinates":[-75.106037,40.009277]},"properties":{"year":1960,"period":"1960","kind":"FHA"}},{"type":"Feature","geometry":{"type":"Point","coordinates":[-75.070967,40.012234]},"properties":{"year":1960,"period":"1960","kind":"FHA"}},{"type":"Feature","geometry":{"type":"Point","coordinates":[-75.04669,40.022186]},"properties":{"year":1960,"period":"1960","kind":"VA"}},{"type":"Feature","geometry":{"type":"Point","coordinates":[-75.003497,40.063539]},"properties":{"year":1960,"period":"1960","kind":"FHA"}},{"type":"Feature","geometry":{"type":"Point","coordinates":[-75.164192,39.975047]},"properties":{"year":1960,"period":"1960","kind":"VA"}},{"type":"Feature","geometry":{"type":"Point","coordinates":[-75.239509,39.953811]},"properties":{"year":1960,"period":"1960","kind":"FHA"}},{"type":"Feature","geometry":{"type":"Point","coordinates":[-75.23328,39.952281]},"properties":{"year":1960,"period":"1960","kind":"FHA"}},{"type":"Feature","geometry":{"type":"Point","coordinates":[-75.151178,39.994241]},"properties":{"year":1960,"period":"1960","kind":"FHA"}},{"type":"Feature","geometry":{"type":"Point","coordinates":[-75.23872,39.955471]},"properties":{"year":1960,"period":"1960","kind":"FHA"}},{"type":"Feature","geometry":{"type":"Point","coordinates":[-75.247749,39.956346]},"properties":{"year":1960,"period":"1960","kind":"FHA"}},{"type":"Feature","geometry":{"type":"Point","coordinates":[-75.152523,39.991063]},"properties":{"year":1960,"period":"1960","kind":"VA"}},{"type":"Feature","geometry":{"type":"Point","coordinates":[-75.026533,40.064315]},"properties":{"year":1960,"period":"1960","kind":"FHA"}},{"type":"Feature","geometry":{"type":"Point","coordinates":[-75.153865,39.907576]},"properties":{"year":1960,"period":"1960","kind":"FHA"}},{"type":"Feature","geometry":{"type":"Point","coordinates":[-75.168746,40.074489]},"properties":{"year":1960,"period":"1960","kind":"FHA"}},{"type":"Feature","geometry":{"type":"Point","coordinates":[-75.178982,39.997444]},"properties":{"year":1960,"period":"1960","kind":"VA"}},{"type":"Feature","geometry":{"type":"Point","coordinates":[-75.168947,40.001152]},"properties":{"year":1960,"period":"1960","kind":"VA"}},{"type":"Feature","geometry":{"type":"Point","coordinates":[-75.183888,39.994322]},"properties":{"year":1960,"period":"1960","kind":"VA"}},{"type":"Feature","geometry":{"type":"Point","coordinates":[-75.220141,39.957582]},"properties":{"year":1960,"period":"1960","kind":"FHA"}},{"type":"Feature","geometry":{"type":"Point","coordinates":[-75.232496,39.936644]},"properties":{"year":1960,"period":"1960","kind":"FHA"}},{"type":"Feature","geometry":{"type":"Point","coordinates":[-75.149961,39.996186]},"properties":{"year":1960,"period":"1960","kind":"FHA"}},{"type":"Feature","geometry":{"type":"Point","coordinates":[-75.171834,39.993211]},"properties":{"year":1960,"period":"1960","kind":"FHA"}},{"type":"Feature","geometry":{"type":"Point","coordinates":[-75.038484,40.104556]},"properties":{"year":1960,"period":"1960","kind":"FHA"}},{"type":"Feature","geometry":{"type":"Point","coordinates":[-75.184055,39.994578]},"properties":{"year":1960,"period":"1960","kind":"VA"}},{"type":"Feature","geometry":{"type":"Point","coordinates":[-75.240471,39.946334]},"properties":{"year":1960,"period":"1960","kind":"FHA"}},{"type":"Feature","geometry":{"type":"Point","coordinates":[-75.069723,40.015773]},"properties":{"year":1960,"period":"1960","kind":"FHA"}},{"type":"Feature","geometry":{"type":"Point","coordinates":[-75.142096,39.981661]},"properties":{"year":1960,"period":"1960","kind":"VA"}},{"type":"Feature","geometry":{"type":"Point","coordinates":[-75.14277,39.994695]},"properties":{"year":1960,"period":"1960","kind":"VA"}},{"type":"Feature","geometry":{"type":"Point","coordinates":[-75.154342,40.007389]},"properties":{"year":1960,"period":"1960","kind":"FHA"}},{"type":"Feature","geometry":{"type":"Point","coordinates":[-75.164684,40.070057]},"properties":{"year":1960,"period":"1960","kind":"FHA"}},{"type":"Feature","geometry":{"type":"Point","coordinates":[-75.150154,40.003069]},"properties":{"year":1960,"period":"1960","kind":"VA"}},{"type":"Feature","geometry":{"type":"Point","coordinates":[-75.242533,39.947513]},"properties":{"year":1960,"period":"1960","kind":"FHA"}},{"type":"Feature","geometry":{"type":"Point","coordinates":[-75.241027,39.955244]},"properties":{"year":1960,"period":"1960","kind":"FHA"}},{"type":"Feature","geometry":{"type":"Point","coordinates":[-75.199363,39.964603]},"properties":{"year":1960,"period":"1960","kind":"VA"}},{"type":"Feature","geometry":{"type":"Point","coordinates":[-75.196236,39.93613]},"properties":{"year":1960,"period":"1960","kind":"VA"}},{"type":"Feature","geometry":{"type":"Point","coordinates":[-75.069408,40.040697]},"properties":{"year":1960,"period":"1960","kind":"FHA"}},{"type":"Feature","geometry":{"type":"Point","coordinates":[-75.226597,39.924173]},"properties":{"year":1960,"period":"1960","kind":"FHA"}},{"type":"Feature","geometry":{"type":"Point","coordinates":[-75.241605,39.948962]},"properties":{"year":1960,"period":"1960","kind":"FHA"}},{"type":"Feature","geometry":{"type":"Point","coordinates":[-75.223245,39.951845]},"properties":{"year":1960,"period":"1960","kind":"FHA"}},{"type":"Feature","geometry":{"type":"Point","coordinates":[-75.246077,39.951074]},"properties":{"year":1960,"period":"1960","kind":"FHA"}},{"type":"Feature","geometry":{"type":"Point","coordinates":[-75.231971,39.952042]},"properties":{"year":1960,"period":"1960","kind":"FHA"}},{"type":"Feature","geometry":{"type":"Point","coordinates":[-75.243959,39.951291]},"properties":{"year":1960,"period":"1960","kind":"FHA"}},{"type":"Feature","geometry":{"type":"Point","coordinates":[-75.158694,39.926855]},"properties":{"year":1960,"period":"1960","kind":"FHA"}},{"type":"Feature","geometry":{"type":"Point","coordinates":[-75.236482,39.977705]},"properties":{"year":1960,"period":"1960","kind":"FHA"}},{"type":"Feature","geometry":{"type":"Point","coordinates":[-75.235959,39.948297]},"properties":{"year":1960,"period":"1960","kind":"FHA"}},{"type":"Feature","geometry":{"type":"Point","coordinates":[-75.182273,40.059053]},"properties":{"year":1960,"period":"1960","kind":"FHA"}},{"type":"Feature","geometry":{"type":"Point","coordinates":[-75.246921,39.95118]},"properties":{"year":1960,"period":"1960","kind":"FHA"}},{"type":"Feature","geometry":{"type":"Point","coordinates":[-75.235072,39.95753]},"properties":{"year":1960,"period":"1960","kind":"VA"}},{"type":"Feature","geometry":{"type":"Point","coordinates":[-75.227394,39.935945]},"properties":{"year":1960,"period":"1960","kind":"FHA"}},{"type":"Feature","geometry":{"type":"Point","coordinates":[-75.240075,39.948324]},"properties":{"year":1960,"period":"1960","kind":"FHA"}},{"type":"Feature","geometry":{"type":"Point","coordinates":[-75.22947,39.938123]},"properties":{"year":1960,"period":"1960","kind":"FHA"}},{"type":"Feature","geometry":{"type":"Point","coordinates":[-75.078417,40.026373]},"properties":{"year":1960,"period":"1960","kind":"FHA"}},{"type":"Feature","geometry":{"type":"Point","coordinates":[-75.002431,40.064375]},"properties":{"year":1960,"period":"1960","kind":"FHA"}},{"type":"Feature","geometry":{"type":"Point","coordinates":[-74.98713,40.068148]},"properties":{"year":1960,"period":"1960","kind":"FHA"}},{"type":"Feature","geometry":{"type":"Point","coordinates":[-75.049223,40.086507]},"properties":{"year":1960,"period":"1960","kind":"FHA"}},{"type":"Feature","geometry":{"type":"Point","coordinates":[-75.208532,40.029205]},"properties":{"year":1960,"period":"1960","kind":"FHA"}},{"type":"Feature","geometry":{"type":"Point","coordinates":[-75.047914,40.02412]},"properties":{"year":1960,"period":"1960","kind":"FHA"}},{"type":"Feature","geometry":{"type":"Point","coordinates":[-75.031265,40.06695]},"properties":{"year":1960,"period":"1960","kind":"FHA"}},{"type":"Feature","geometry":{"type":"Point","coordinates":[-75.031195,40.066907]},"properties":{"year":1960,"period":"1960","kind":"FHA"}},{"type":"Feature","geometry":{"type":"Point","coordinates":[-75.221899,40.001752]},"properties":{"year":1960,"period":"1960","kind":"FHA"}},{"type":"Feature","geometry":{"type":"Point","coordinates":[-75.03179,40.067266]},"properties":{"year":1960,"period":"1960","kind":"FHA"}},{"type":"Feature","geometry":{"type":"Point","coordinates":[-75.161011,39.988005]},"properties":{"year":1960,"period":"1960","kind":"VA"}},{"type":"Feature","geometry":{"type":"Point","coordinates":[-75.152365,40.046679]},"properties":{"year":1960,"period":"1960","kind":"FHA"}},{"type":"Feature","geometry":{"type":"Point","coordinates":[-75.225828,39.934032]},"properties":{"year":1960,"period":"1960","kind":"FHA"}},{"type":"Feature","geometry":{"type":"Point","coordinates":[-75.231294,39.920736]},"properties":{"year":1960,"period":"1960","kind":"FHA"}},{"type":"Feature","geometry":{"type":"Point","coordinates":[-75.244261,39.958302]},"properties":{"year":1960,"period":"1960","kind":"VA"}},{"type":"Feature","geometry":{"type":"Point","coordinates":[-75.150937,40.043884]},"properties":{"year":1960,"period":"1960","kind":"FHA"}},{"type":"Feature","geometry":{"type":"Point","coordinates":[-75.227535,39.976174]},"properties":{"year":1960,"period":"1960","kind":"VA"}},{"type":"Feature","geometry":{"type":"Point","coordinates":[-75.160343,39.992019]},"properties":{"year":1960,"period":"1960","kind":"VA"}},{"type":"Feature","geometry":{"type":"Point","coordinates":[-75.031337,40.066994]},"properties":{"year":1960,"period":"1960","kind":"FHA"}},{"type":"Feature","geometry":{"type":"Point","coordinates":[-75.071576,40.043635]},"properties":{"year":1960,"period":"1960","kind":"FHA"}},{"type":"Feature","geometry":{"type":"Point","coordinates":[-75.137678,40.020615]},"properties":{"year":1960,"period":"1960","kind":"FHA"}},{"type":"Feature","geometry":{"type":"Point","coordinates":[-75.031944,40.067356]},"properties":{"year":1960,"period":"1960","kind":"FHA"}},{"type":"Feature","geometry":{"type":"Point","coordinates":[-75.184433,39.984154]},"properties":{"year":1960,"period":"1960","kind":"VA"}},{"type":"Feature","geometry":{"type":"Point","coordinates":[-75.178925,39.975917]},"properties":{"year":1960,"period":"1960","kind":"VA"}},{"type":"Feature","geometry":{"type":"Point","coordinates":[-75.058323,40.038602]},"properties":{"year":1960,"period":"1960","kind":"FHA"}},{"type":"Feature","geometry":{"type":"Point","coordinates":[-75.0606,40.097871]},"properties":{"year":1960,"period":"1960","kind":"FHA"}},{"type":"Feature","geometry":{"type":"Point","coordinates":[-75.086272,40.048497]},"properties":{"year":1960,"period":"1960","kind":"FHA"}},{"type":"Feature","geometry":{"type":"Point","coordinates":[-75.067152,40.043405]},"properties":{"year":1960,"period":"1960","kind":"FHA"}},{"type":"Feature","geometry":{"type":"Point","coordinates":[-75.130266,40.023531]},"properties":{"year":1960,"period":"1960","kind":"FHA"}},{"type":"Feature","geometry":{"type":"Point","coordinates":[-74.980246,40.091831]},"properties":{"year":1960,"period":"1960","kind":"FHA"}},{"type":"Feature","geometry":{"type":"Point","coordinates":[-75.185459,39.997446]},"properties":{"year":1960,"period":"1960","kind":"FHA"}},{"type":"Feature","geometry":{"type":"Point","coordinates":[-75.084058,40.029385]},"properties":{"year":1960,"period":"1960","kind":"FHA"}},{"type":"Feature","geometry":{"type":"Point","coordinates":[-75.153707,39.928559]},"properties":{"year":1960,"period":"1960","kind":"VA"}},{"type":"Feature","geometry":{"type":"Point","coordinates":[-75.236092,39.912577]},"properties":{"year":1960,"period":"1960","kind":"FHA"}},{"type":"Feature","geometry":{"type":"Point","coordinates":[-75.114124,39.986259]},"properties":{"year":1960,"period":"1960","kind":"FHA"}},{"type":"Feature","geometry":{"type":"Point","coordinates":[-75.16361,39.97636]},"properties":{"year":1960,"period":"1960","kind":"VA"}},{"type":"Feature","geometry":{"type":"Point","coordinates":[-75.182522,39.984997]},"properties":{"year":1960,"period":"1960","kind":"VA"}},{"type":"Feature","geometry":{"type":"Point","coordinates":[-75.147607,39.91498]},"properties":{"year":1960,"period":"1960","kind":"VA"}},{"type":"Feature","geometry":{"type":"Point","coordinates":[-75.219686,39.938403]},"properties":{"year":1960,"period":"1960","kind":"FHA"}},{"type":"Feature","geometry":{"type":"Point","coordinates":[-75.177245,40.043998]},"properties":{"year":1960,"period":"1960","kind":"FHA"}},{"type":"Feature","geometry":{"type":"Point","coordinates":[-75.225558,39.951329]},"properties":{"year":1960,"period":"1960","kind":"FHA"}},{"type":"Feature","geometry":{"type":"Point","coordinates":[-75.239755,39.954809]},"properties":{"year":1960,"period":"1960","kind":"VA"}},{"type":"Feature","geometry":{"type":"Point","coordinates":[-75.079807,40.041616]},"properties":{"year":1960,"period":"1960","kind":"FHA"}},{"type":"Feature","geometry":{"type":"Point","coordinates":[-75.104093,40.050387]},"properties":{"year":1960,"period":"1960","kind":"FHA"}},{"type":"Feature","geometry":{"type":"Point","coordinates":[-75.157688,40.003572]},"properties":{"year":1960,"period":"1960","kind":"FHA"}},{"type":"Feature","geometry":{"type":"Point","coordinates":[-75.154021,39.999274]},"properties":{"year":1960,"period":"1960","kind":"VA"}},{"type":"Feature","geometry":{"type":"Point","coordinates":[-75.1636,39.996448]},"properties":{"year":1960,"period":"1960","kind":"VA"}},{"type":"Feature","geometry":{"type":"Point","coordinates":[-75.242803,39.915261]},"properties":{"year":1960,"period":"1960","kind":"FHA"}},{"type":"Feature","geometry":{"type":"Point","coordinates":[-75.230577,39.9245]},"properties":{"year":1960,"period":"1960","kind":"FHA"}},{"type":"Feature","geometry":{"type":"Point","coordinates":[-75.238143,39.949908]},"properties":{"year":1960,"period":"1960","kind":"FHA"}},{"type":"Feature","geometry":{"type":"Point","coordinates":[-75.153362,40.068627]},"properties":{"year":1960,"period":"1960","kind":"FHA"}},{"type":"Feature","geometry":{"type":"Point","coordinates":[-75.152814,40.013052]},"properties":{"year":1960,"period":"1960","kind":"FHA"}},{"type":"Feature","geometry":{"type":"Point","coordinates":[-75.243087,39.968734]},"properties":{"year":1960,"period":"1960","kind":"FHA"}},{"type":"Feature","geometry":{"type":"Point","coordinates":[-75.180638,39.977822]},"properties":{"year":1960,"period":"1960","kind":"VA"}},{"type":"Feature","geometry":{"type":"Point","coordinates":[-75.245076,39.945158]},"properties":{"year":1960,"period":"1960","kind":"FHA"}},{"type":"Feature","geometry":{"type":"Point","coordinates":[-75.241667,39.953353]},"properties":{"year":1960,"period":"1960","kind":"VA"}},{"type":"Feature","geometry":{"type":"Point","coordinates":[-75.139167,39.997953]},"properties":{"year":1960,"period":"1960","kind":"VA"}},{"type":"Feature","geometry":{"type":"Point","coordinates":[-75.175489,39.99848]},"properties":{"year":1960,"period":"1960","kind":"VA"}},{"type":"Feature","geometry":{"type":"Point","coordinates":[-75.216405,40.039951]},"properties":{"year":1960,"period":"1960","kind":"FHA"}},{"type":"Feature","geometry":{"type":"Point","coordinates":[-75.225182,39.956164]},"properties":{"year":1960,"period":"1960","kind":"VA"}},{"type":"Feature","geometry":{"type":"Point","coordinates":[-75.237067,39.951497]},"properties":{"year":1960,"period":"1960","kind":"VA"}},{"type":"Feature","geometry":{"type":"Point","coordinates":[-75.178697,40.026517]},"properties":{"year":1960,"period":"1960","kind":"FHA"}},{"type":"Feature","geometry":{"type":"Point","coordinates":[-75.109042,40.019636]},"properties":{"year":1960,"period":"1960","kind":"VA"}},{"type":"Feature","geometry":{"type":"Point","coordinates":[-75.159387,39.991241]},"properties":{"year":1960,"period":"1960","kind":"VA"}},{"type":"Feature","geometry":{"type":"Point","coordinates":[-75.247487,39.909359]},"properties":{"year":1960,"period":"1960","kind":"FHA"}},{"type":"Feature","geometry":{"type":"Point","coordinates":[-75.026066,40.064039]},"properties":{"year":1960,"period":"1960","kind":"FHA"}},{"type":"Feature","geometry":{"type":"Point","coordinates":[-75.238187,39.947977]},"properties":{"year":1960,"period":"1960","kind":"VA"}},{"type":"Feature","geometry":{"type":"Point","coordinates":[-75.24078,39.949289]},"properties":{"year":1960,"period":"1960","kind":"VA"}},{"type":"Feature","geometry":{"type":"Point","coordinates":[-75.184748,39.985846]},"properties":{"year":1960,"period":"1960","kind":"VA"}},{"type":"Feature","geometry":{"type":"Point","coordinates":[-75.184535,39.975073]},"properties":{"year":1960,"period":"1960","kind":"VA"}},{"type":"Feature","geometry":{"type":"Point","coordinates":[-75.031087,40.107107]},"properties":{"year":1960,"period":"1960","kind":"FHA"}},{"type":"Feature","geometry":{"type":"Point","coordinates":[-75.229872,39.970499]},"properties":{"year":1960,"period":"1960","kind":"VA"}},{"type":"Feature","geometry":{"type":"Point","coordinates":[-75.045862,40.024048]},"properties":{"year":1960,"period":"1960","kind":"FHA"}},{"type":"Feature","geometry":{"type":"Point","coordinates":[-75.055227,40.018061]},"properties":{"year":1960,"period":"1960","kind":"FHA"}},{"type":"Feature","geometry":{"type":"Point","coordinates":[-75.048793,40.038028]},"properties":{"year":1960,"period":"1960","kind":"FHA"}},{"type":"Feature","geometry":{"type":"Point","coordinates":[-75.155394,40.042636]},"properties":{"year":1960,"period":"1960","kind":"FHA"}},{"type":"Feature","geometry":{"type":"Point","coordinates":[-75.076075,40.01902]},"properties":{"year":1960,"period":"1960","kind":"FHA"}},{"type":"Feature","geometry":{"type":"Point","coordinates":[-75.235768,39.97621]},"properties":{"year":1960,"period":"1960","kind":"FHA"}},{"type":"Feature","geometry":{"type":"Point","coordinates":[-75.243152,39.976725]},"properties":{"year":1960,"period":"1960","kind":"FHA"}},{"type":"Feature","geometry":{"type":"Point","coordinates":[-75.172279,39.998448]},"properties":{"year":1960,"period":"1960","kind":"VA"}},{"type":"Feature","geometry":{"type":"Point","coordinates":[-75.143629,40.009787]},"properties":{"year":1960,"period":"1960","kind":"VA"}},{"type":"Feature","geometry":{"type":"Point","coordinates":[-75.172848,39.963923]},"properties":{"year":1960,"period":"1960","kind":"VA"}},{"type":"Feature","geometry":{"type":"Point","coordinates":[-75.215293,39.934696]},"properties":{"year":1960,"period":"1960","kind":"FHA"}},{"type":"Feature","geometry":{"type":"Point","coordinates":[-75.006452,40.050633]},"properties":{"year":1960,"period":"1960","kind":"FHA"}},{"type":"Feature","geometry":{"type":"Point","coordinates":[-75.006831,40.051068]},"properties":{"year":1960,"period":"1960","kind":"FHA"}},{"type":"Feature","geometry":{"type":"Point","coordinates":[-75.006326,40.050488]},"properties":{"year":1960,"period":"1960","kind":"FHA"}},{"type":"Feature","geometry":{"type":"Point","coordinates":[-75.00661,40.050814]},"properties":{"year":1960,"period":"1960","kind":"FHA"}},{"type":"Feature","geometry":{"type":"Point","coordinates":[-75.006799,40.051032]},"properties":{"year":1960,"period":"1960","kind":"FHA"}},{"type":"Feature","geometry":{"type":"Point","coordinates":[-75.006484,40.050669]},"properties":{"year":1960,"period":"1960","kind":"FHA"}},{"type":"Feature","geometry":{"type":"Point","coordinates":[-75.006389,40.05056]},"properties":{"year":1960,"period":"1960","kind":"FHA"}},{"type":"Feature","geometry":{"type":"Point","coordinates":[-75.032018,40.067403]},"properties":{"year":1960,"period":"1960","kind":"FHA"}},{"type":"Feature","geometry":{"type":"Point","coordinates":[-75.032094,40.067448]},"properties":{"year":1960,"period":"1960","kind":"FHA"}},{"type":"Feature","geometry":{"type":"Point","coordinates":[-75.032168,40.067493]},"properties":{"year":1960,"period":"1960","kind":"FHA"}},{"type":"Feature","geometry":{"type":"Point","coordinates":[-75.032247,40.06754]},"properties":{"year":1960,"period":"1960","kind":"FHA"}},{"type":"Feature","geometry":{"type":"Point","coordinates":[-75.229047,39.952971]},"properties":{"year":1960,"period":"1960","kind":"VA"}},{"type":"Feature","geometry":{"type":"Point","coordinates":[-75.24405,39.976496]},"properties":{"year":1960,"period":"1960","kind":"FHA"}},{"type":"Feature","geometry":{"type":"Point","coordinates":[-75.180833,40.05989]},"properties":{"year":1960,"period":"1960","kind":"FHA"}},{"type":"Feature","geometry":{"type":"Point","coordinates":[-75.184068,39.98813]},"properties":{"year":1960,"period":"1960","kind":"VA"}},{"type":"Feature","geometry":{"type":"Point","coordinates":[-75.232478,39.947323]},"properties":{"year":1960,"period":"1960","kind":"FHA"}},{"type":"Feature","geometry":{"type":"Point","coordinates":[-75.17886,39.982386]},"properties":{"year":1960,"period":"1960","kind":"VA"}},{"type":"Feature","geometry":{"type":"Point","coordinates":[-75.165127,39.917324]},"properties":{"year":1960,"period":"1960","kind":"VA"}},{"type":"Feature","geometry":{"type":"Point","coordinates":[-75.158023,39.924318]},"properties":{"year":1960,"period":"1960","kind":"FHA"}},{"type":"Feature","geometry":{"type":"Point","coordinates":[-75.141676,39.983608]},"properties":{"year":1960,"period":"1960","kind":"VA"}},{"type":"Feature","geometry":{"type":"Point","coordinates":[-75.193912,39.966266]},"properties":{"year":1960,"period":"1960","kind":"FHA"}},{"type":"Feature","geometry":{"type":"Point","coordinates":[-75.223607,39.952202]},"properties":{"year":1960,"period":"1960","kind":"FHA"}},{"type":"Feature","geometry":{"type":"Point","coordinates":[-75.232801,39.95454]},"properties":{"year":1960,"period":"1960","kind":"FHA"}},{"type":"Feature","geometry":{"type":"Point","coordinates":[-75.125403,40.053959]},"properties":{"year":1960,"period":"1960","kind":"FHA"}},{"type":"Feature","geometry":{"type":"Point","coordinates":[-75.140524,39.987271]},"properties":{"year":1960,"period":"1960","kind":"VA"}},{"type":"Feature","geometry":{"type":"Point","coordinates":[-75.060878,40.098364]},"properties":{"year":1960,"period":"1960","kind":"FHA"}},{"type":"Feature","geometry":{"type":"Point","coordinates":[-74.998945,40.07244]},"properties":{"year":1960,"period":"1960","kind":"FHA"}},{"type":"Feature","geometry":{"type":"Point","coordinates":[-75.236347,39.951216]},"properties":{"year":1960,"period":"1960","kind":"FHA"}},{"type":"Feature","geometry":{"type":"Point","coordinates":[-75.184851,39.98006]},"properties":{"year":1960,"period":"1960","kind":"VA"}},{"type":"Feature","geometry":{"type":"Point","coordinates":[-75.156019,39.940955]},"properties":{"year":1960,"period":"1960","kind":"FHA"}},{"type":"Feature","geometry":{"type":"Point","coordinates":[-75.236267,39.980301]},"properties":{"year":1960,"period":"1960","kind":"FHA"}},{"type":"Feature","geometry":{"type":"Point","coordinates":[-75.155801,40.021567]},"properties":{"year":1960,"period":"1960","kind":"VA"}},{"type":"Feature","geometry":{"type":"Point","coordinates":[-75.042843,40.033942]},"properties":{"year":1960,"period":"1960","kind":"FHA"}},{"type":"Feature","geometry":{"type":"Point","coordinates":[-75.146956,40.05408]},"properties":{"year":1960,"period":"1960","kind":"FHA"}},{"type":"Feature","geometry":{"type":"Point","coordinates":[-74.981346,40.098873]},"properties":{"year":1960,"period":"1960","kind":"FHA"}},{"type":"Feature","geometry":{"type":"Point","coordinates":[-75.146924,39.991499]},"properties":{"year":1960,"period":"1960","kind":"VA"}},{"type":"Feature","geometry":{"type":"Point","coordinates":[-75.232291,39.957304]},"properties":{"year":1960,"period":"1960","kind":"FHA"}},{"type":"Feature","geometry":{"type":"Point","coordinates":[-75.235352,39.954466]},"properties":{"year":1960,"period":"1960","kind":"VA"}},{"type":"Feature","geometry":{"type":"Point","coordinates":[-75.004217,40.065828]},"properties":{"year":1960,"period":"1960","kind":"FHA"}},{"type":"Feature","geometry":{"type":"Point","coordinates":[-75.002523,40.064309]},"properties":{"year":1960,"period":"1960","kind":"FHA"}},{"type":"Feature","geometry":{"type":"Point","coordinates":[-75.069304,40.041112]},"properties":{"year":1960,"period":"1960","kind":"FHA"}},{"type":"Feature","geometry":{"type":"Point","coordinates":[-75.174413,40.041397]},"properties":{"year":1960,"period":"1960","kind":"VA"}},{"type":"Feature","geometry":{"type":"Point","coordinates":[-75.178677,39.910099]},"properties":{"year":1960,"period":"1960","kind":"VA"}},{"type":"Feature","geometry":{"type":"Point","coordinates":[-75.224567,39.951764]},"properties":{"year":1960,"period":"1960","kind":"VA"}},{"type":"Feature","geometry":{"type":"Point","coordinates":[-75.239783,39.953845]},"properties":{"year":1960,"period":"1960","kind":"VA"}},{"type":"Feature","geometry":{"type":"Point","coordinates":[-75.231611,39.954588]},"properties":{"year":1960,"period":"1960","kind":"FHA"}},{"type":"Feature","geometry":{"type":"Point","coordinates":[-75.217927,39.940412]},"properties":{"year":1960,"period":"1960","kind":"FHA"}},{"type":"Feature","geometry":{"type":"Point","coordinates":[-75.056048,40.021847]},"properties":{"year":1960,"period":"1960","kind":"FHA"}},{"type":"Feature","geometry":{"type":"Point","coordinates":[-75.099873,39.998338]},"properties":{"year":1960,"period":"1960","kind":"FHA"}},{"type":"Feature","geometry":{"type":"Point","coordinates":[-75.083119,40.01971]},"properties":{"year":1960,"period":"1960","kind":"FHA"}},{"type":"Feature","geometry":{"type":"Point","coordinates":[-75.072379,40.013516]},"properties":{"year":1960,"period":"1960","kind":"FHA"}},{"type":"Feature","geometry":{"type":"Point","coordinates":[-75.130189,39.985957]},"properties":{"year":1960,"period":"1960","kind":"VA"}},{"type":"Feature","geometry":{"type":"Point","coordinates":[-75.127305,40.003792]},"properties":{"year":1960,"period":"1960","kind":"FHA"}},{"type":"Feature","geometry":{"type":"Point","coordinates":[-75.175965,39.99709]},"properties":{"year":1960,"period":"1960","kind":"VA"}},{"type":"Feature","geometry":{"type":"Point","coordinates":[-75.188127,39.982076]},"properties":{"year":1960,"period":"1960","kind":"VA"}},{"type":"Feature","geometry":{"type":"Point","coordinates":[-75.17132,39.993482]},"properties":{"year":1960,"period":"1960","kind":"FHA"}},{"type":"Feature","geometry":{"type":"Point","coordinates":[-75.140816,40.034437]},"properties":{"year":1960,"period":"1960","kind":"FHA"}},{"type":"Feature","geometry":{"type":"Point","coordinates":[-75.162469,40.005395]},"properties":{"year":1960,"period":"1960","kind":"VA"}},{"type":"Feature","geometry":{"type":"Point","coordinates":[-75.151755,40.058186]},"properties":{"year":1960,"period":"1960","kind":"FHA"}},{"type":"Feature","geometry":{"type":"Point","coordinates":[-75.223698,40.043754]},"properties":{"year":1960,"period":"1960","kind":"FHA"}},{"type":"Feature","geometry":{"type":"Point","coordinates":[-75.134016,40.002887]},"properties":{"year":1960,"period":"1960","kind":"FHA"}},{"type":"Feature","geometry":{"type":"Point","coordinates":[-75.24288,39.960236]},"properties":{"year":1960,"period":"1960","kind":"FHA"}},{"type":"Feature","geometry":{"type":"Point","coordinates":[-75.24244,39.951833]},"properties":{"year":1960,"period":"1960","kind":"FHA"}},{"type":"Feature","geometry":{"type":"Point","coordinates":[-75.159937,40.008195]},"properties":{"year":1960,"period":"1960","kind":"FHA"}},{"type":"Feature","geometry":{"type":"Point","coordinates":[-75.003721,40.065921]},"properties":{"year":1960,"period":"1960","kind":"FHA"}},{"type":"Feature","geometry":{"type":"Point","coordinates":[-75.00671,40.062521]},"properties":{"year":1960,"period":"1960","kind":"FHA"}},{"type":"Feature","geometry":{"type":"Point","coordinates":[-75.143524,39.994634]},"properties":{"year":1960,"period":"1960","kind":"VA"}},{"type":"Feature","geometry":{"type":"Point","coordinates":[-75.146721,40.055639]},"properties":{"year":1960,"period":"1960","kind":"FHA"}},{"type":"Feature","geometry":{"type":"Point","coordinates":[-75.062649,40.099]},"properties":{"year":1960,"period":"1960","kind":"FHA"}},{"type":"Feature","geometry":{"type":"Point","coordinates":[-75.118801,40.024523]},"properties":{"year":1960,"period":"1960","kind":"FHA"}},{"type":"Feature","geometry":{"type":"Point","coordinates":[-75.17291,39.99926]},"properties":{"year":1960,"period":"1960","kind":"VA"}},{"type":"Feature","geometry":{"type":"Point","coordinates":[-75.155002,40.050286]},"properties":{"year":1960,"period":"1960","kind":"FHA"}},{"type":"Feature","geometry":{"type":"Point","coordinates":[-75.055621,40.024605]},"properties":{"year":1960,"period":"1960","kind":"FHA"}},{"type":"Feature","geometry":{"type":"Point","coordinates":[-75.176638,39.993474]},"properties":{"year":1960,"period":"1960","kind":"VA"}},{"type":"Feature","geometry":{"type":"Point","coordinates":[-75.172407,40.048781]},"properties":{"year":1960,"period":"1960","kind":"FHA"}},{"type":"Feature","geometry":{"type":"Point","coordinates":[-75.194254,39.967342]},"properties":{"year":1960,"period":"1960","kind":"VA"}},{"type":"Feature","geometry":{"type":"Point","coordinates":[-75.164542,39.989797]},"properties":{"year":1960,"period":"1960","kind":"VA"}},{"type":"Feature","geometry":{"type":"Point","coordinates":[-75.049421,40.063096]},"properties":{"year":1960,"period":"1960","kind":"FHA"}},{"type":"Feature","geometry":{"type":"Point","coordinates":[-75.059473,40.066764]},"properties":{"year":1960,"period":"1960","kind":"FHA"}},{"type":"Feature","geometry":{"type":"Point","coordinates":[-75.226497,39.948257]},"properties":{"year":1960,"period":"1960","kind":"FHA"}},{"type":"Feature","geometry":{"type":"Point","coordinates":[-75.238139,39.978699]},"properties":{"year":1960,"period":"1960","kind":"FHA"}},{"type":"Feature","geometry":{"type":"Point","coordinates":[-75.24428,39.913239]},"properties":{"year":1960,"period":"1960","kind":"FHA"}},{"type":"Feature","geometry":{"type":"Point","coordinates":[-75.007567,40.063128]},"properties":{"year":1960,"period":"1960","kind":"FHA"}},{"type":"Feature","geometry":{"type":"Point","coordinates":[-75.186436,39.975204]},"properties":{"year":1960,"period":"1960","kind":"VA"}},{"type":"Feature","geometry":{"type":"Point","coordinates":[-75.174938,40.044577]},"properties":{"year":1960,"period":"1960","kind":"FHA"}},{"type":"Feature","geometry":{"type":"Point","coordinates":[-75.227773,39.952553]},"properties":{"year":1960,"period":"1960","kind":"FHA"}},{"type":"Feature","geometry":{"type":"Point","coordinates":[-75.147741,40.041259]},"properties":{"year":1960,"period":"1960","kind":"FHA"}},{"type":"Feature","geometry":{"type":"Point","coordinates":[-75.177844,39.996365]},"properties":{"year":1960,"period":"1960","kind":"FHA"}},{"type":"Feature","geometry":{"type":"Point","coordinates":[-75.119248,39.981269]},"properties":{"year":1960,"period":"1960","kind":"VA"}},{"type":"Feature","geometry":{"type":"Point","coordinates":[-75.232567,39.953519]},"properties":{"year":1960,"period":"1960","kind":"FHA"}},{"type":"Feature","geometry":{"type":"Point","coordinates":[-75.219488,39.955313]},"properties":{"year":1960,"period":"1960","kind":"VA"}},{"type":"Feature","geometry":{"type":"Point","coordinates":[-75.221369,39.968391]},"properties":{"year":1960,"period":"1960","kind":"VA"}},{"type":"Feature","geometry":{"type":"Point","coordinates":[-75.177961,39.980613]},"properties":{"year":1960,"period":"1960","kind":"VA"}},{"type":"Feature","geometry":{"type":"Point","coordinates":[-75.151986,40.000523]},"properties":{"year":1960,"period":"1960","kind":"VA"}},{"type":"Feature","geometry":{"type":"Point","coordinates":[-75.016753,40.061522]},"properties":{"year":1960,"period":"1960","kind":"FHA"}},{"type":"Feature","geometry":{"type":"Point","coordinates":[-75.23206,39.948707]},"properties":{"year":1960,"period":"1960","kind":"VA"}},{"type":"Feature","geometry":{"type":"Point","coordinates":[-75.243235,39.957768]},"properties":{"year":1960,"period":"1960","kind":"VA"}},{"type":"Feature","geometry":{"type":"Point","coordinates":[-75.141094,40.008948]},"properties":{"year":1960,"period":"1960","kind":"FHA"}},{"type":"Feature","geometry":{"type":"Point","coordinates":[-75.048274,40.086146]},"properties":{"year":1960,"period":"1960","kind":"FHA"}},{"type":"Feature","geometry":{"type":"Point","coordinates":[-75.067525,40.064775]},"properties":{"year":1960,"period":"1960","kind":"FHA"}},{"type":"Feature","geometry":{"type":"Point","coordinates":[-74.976567,40.075077]},"properties":{"year":1960,"period":"1960","kind":"VA"}},{"type":"Feature","geometry":{"type":"Point","coordinates":[-74.976518,40.075142]},"properties":{"year":1960,"period":"1960","kind":"VA"}},{"type":"Feature","geometry":{"type":"Point","coordinates":[-75.151233,39.994766]},"properties":{"year":1960,"period":"1960","kind":"FHA"}},{"type":"Feature","geometry":{"type":"Point","coordinates":[-75.179533,39.996119]},"properties":{"year":1960,"period":"1960","kind":"VA"}},{"type":"Feature","geometry":{"type":"Point","coordinates":[-75.163117,40.066177]},"properties":{"year":1960,"period":"1960","kind":"FHA"}},{"type":"Feature","geometry":{"type":"Point","coordinates":[-75.158108,40.022701]},"properties":{"year":1960,"period":"1960","kind":"FHA"}},{"type":"Feature","geometry":{"type":"Point","coordinates":[-75.242252,39.956843]},"properties":{"year":1960,"period":"1960","kind":"FHA"}},{"type":"Feature","geometry":{"type":"Point","coordinates":[-75.215185,39.941956]},"properties":{"year":1960,"period":"1960","kind":"VA"}},{"type":"Feature","geometry":{"type":"Point","coordinates":[-75.245204,39.945888]},"properties":{"year":1960,"period":"1960","kind":"FHA"}},{"type":"Feature","geometry":{"type":"Point","coordinates":[-75.235873,39.940107]},"properties":{"year":1960,"period":"1960","kind":"FHA"}},{"type":"Feature","geometry":{"type":"Point","coordinates":[-75.159599,39.991562]},"properties":{"year":1960,"period":"1960","kind":"VA"}},{"type":"Feature","geometry":{"type":"Point","coordinates":[-75.228959,39.960013]},"properties":{"year":1960,"period":"1960","kind":"FHA"}},{"type":"Feature","geometry":{"type":"Point","coordinates":[-75.176033,39.996922]},"properties":{"year":1960,"period":"1960","kind":"FHA"}},{"type":"Feature","geometry":{"type":"Point","coordinates":[-75.18404,39.936637]},"properties":{"year":1960,"period":"1960","kind":"FHA"}},{"type":"Feature","geometry":{"type":"Point","coordinates":[-75.198709,40.051636]},"properties":{"year":1960,"period":"1960","kind":"FHA"}},{"type":"Feature","geometry":{"type":"Point","coordinates":[-75.170862,39.998938]},"properties":{"year":1960,"period":"1960","kind":"FHA"}},{"type":"Feature","geometry":{"type":"Point","coordinates":[-75.146299,39.994205]},"properties":{"year":1960,"period":"1960","kind":"VA"}},{"type":"Feature","geometry":{"type":"Point","coordinates":[-74.995104,40.121381]},"properties":{"year":1960,"period":"1960","kind":"FHA"}},{"type":"Feature","geometry":{"type":"Point","coordinates":[-75.177568,39.93025]},"properties":{"year":1960,"period":"1960","kind":"FHA"}},{"type":"Feature","geometry":{"type":"Point","coordinates":[-75.227876,39.963151]},"properties":{"year":1960,"period":"1960","kind":"FHA"}},{"type":"Feature","geometry":{"type":"Point","coordinates":[-75.239111,39.97744]},"properties":{"year":1960,"period":"1960","kind":"FHA"}},{"type":"Feature","geometry":{"type":"Point","coordinates":[-75.229028,39.930653]},"properties":{"year":1960,"period":"1960","kind":"FHA"}},{"type":"Feature","geometry":{"type":"Point","coordinates":[-75.150934,40.053485]},"properties":{"year":1960,"period":"1960","kind":"FHA"}},{"type":"Feature","geometry":{"type":"Point","coordinates":[-75.182806,39.99476]},"properties":{"year":1960,"period":"1960","kind":"VA"}},{"type":"Feature","geometry":{"type":"Point","coordinates":[-75.17373,39.990807]},"properties":{"year":1960,"period":"1960","kind":"VA"}},{"type":"Feature","geometry":{"type":"Point","coordinates":[-75.244718,39.913727]},"properties":{"year":1960,"period":"1960","kind":"FHA"}},{"type":"Feature","geometry":{"type":"Point","coordinates":[-75.13772,40.010313]},"properties":{"year":1960,"period":"1960","kind":"FHA"}},{"type":"Feature","geometry":{"type":"Point","coordinates":[-75.1514,39.994477]},"properties":{"year":1960,"period":"1960","kind":"VA"}},{"type":"Feature","geometry":{"type":"Point","coordinates":[-75.151191,40.065701]},"properties":{"year":1960,"period":"1960","kind":"FHA"}},{"type":"Feature","geometry":{"type":"Point","coordinates":[-75.222409,39.923075]},"properties":{"year":1960,"period":"1960","kind":"FHA"}},{"type":"Feature","geometry":{"type":"Point","coordinates":[-75.215287,39.942043]},"properties":{"year":1960,"period":"1960","kind":"VA"}},{"type":"Feature","geometry":{"type":"Point","coordinates":[-75.110517,40.018442]},"properties":{"year":1960,"period":"1960","kind":"FHA"}},{"type":"Feature","geometry":{"type":"Point","coordinates":[-75.068568,40.066345]},"properties":{"year":1960,"period":"1960","kind":"FHA"}},{"type":"Feature","geometry":{"type":"Point","coordinates":[-75.002974,40.063948]},"properties":{"year":1960,"period":"1960","kind":"FHA"}},{"type":"Feature","geometry":{"type":"Point","coordinates":[-75.124652,40.030715]},"properties":{"year":1960,"period":"1960","kind":"VA"}},{"type":"Feature","geometry":{"type":"Point","coordinates":[-75.028752,40.034077]},"properties":{"year":1960,"period":"1960","kind":"FHA"}},{"type":"Feature","geometry":{"type":"Point","coordinates":[-75.002778,40.064101]},"properties":{"year":1960,"period":"1960","kind":"FHA"}},{"type":"Feature","geometry":{"type":"Point","coordinates":[-74.980591,40.092375]},"properties":{"year":1960,"period":"1960","kind":"FHA"}},{"type":"Feature","geometry":{"type":"Point","coordinates":[-75.241716,39.948975]},"properties":{"year":1960,"period":"1960","kind":"FHA"}},{"type":"Feature","geometry":{"type":"Point","coordinates":[-75.132385,40.023052]},"properties":{"year":1960,"period":"1960","kind":"VA"}},{"type":"Feature","geometry":{"type":"Point","coordinates":[-75.184148,39.985666]},"properties":{"year":1960,"period":"1960","kind":"VA"}},{"type":"Feature","geometry":{"type":"Point","coordinates":[-75.17645,39.993421]},"properties":{"year":1960,"period":"1960","kind":"VA"}},{"type":"Feature","geometry":{"type":"Point","coordinates":[-75.194689,39.928033]},"properties":{"year":1960,"period":"1960","kind":"FHA"}},{"type":"Feature","geometry":{"type":"Point","coordinates":[-75.187059,40.051196]},"properties":{"year":1960,"period":"1960","kind":"FHA"}},{"type":"Feature","geometry":{"type":"Point","coordinates":[-75.247044,39.909531]},"properties":{"year":1960,"period":"1960","kind":"FHA"}},{"type":"Feature","geometry":{"type":"Point","coordinates":[-75.185278,39.987968]},"properties":{"year":1960,"period":"1960","kind":"VA"}},{"type":"Feature","geometry":{"type":"Point","coordinates":[-75.053414,40.021288]},"properties":{"year":1960,"period":"1960","kind":"FHA"}},{"type":"Feature","geometry":{"type":"Point","coordinates":[-75.24134,39.947412]},"properties":{"year":1960,"period":"1960","kind":"FHA"}},{"type":"Feature","geometry":{"type":"Point","coordinates":[-75.148104,40.039885]},"properties":{"year":1960,"period":"1960","kind":"FHA"}},{"type":"Feature","geometry":{"type":"Point","coordinates":[-75.227371,39.973918]},"properties":{"year":1960,"period":"1960","kind":"VA"}},{"type":"Feature","geometry":{"type":"Point","coordinates":[-75.180915,39.973008]},"properties":{"year":1960,"period":"1960","kind":"VA"}},{"type":"Feature","geometry":{"type":"Point","coordinates":[-75.159073,39.987583]},"properties":{"year":1960,"period":"1960","kind":"VA"}},{"type":"Feature","geometry":{"type":"Point","coordinates":[-75.151979,40.040679]},"properties":{"year":1960,"period":"1960","kind":"FHA"}},{"type":"Feature","geometry":{"type":"Point","coordinates":[-75.151746,39.995512]},"properties":{"year":1960,"period":"1960","kind":"FHA"}},{"type":"Feature","geometry":{"type":"Point","coordinates":[-75.180976,39.988517]},"properties":{"year":1960,"period":"1960","kind":"VA"}},{"type":"Feature","geometry":{"type":"Point","coordinates":[-75.190368,40.009064]},"properties":{"year":1960,"period":"1960","kind":"FHA"}},{"type":"Feature","geometry":{"type":"Point","coordinates":[-75.154069,40.000528]},"properties":{"year":1960,"period":"1960","kind":"VA"}},{"type":"Feature","geometry":{"type":"Point","coordinates":[-75.164793,39.999436]},"properties":{"year":1960,"period":"1960","kind":"FHA"}},{"type":"Feature","geometry":{"type":"Point","coordinates":[-75.062752,40.020146]},"properties":{"year":1960,"period":"1960","kind":"FHA"}},{"type":"Feature","geometry":{"type":"Point","coordinates":[-75.096358,40.04428]},"properties":{"year":1960,"period":"1960","kind":"FHA"}},{"type":"Feature","geometry":{"type":"Point","coordinates":[-75.153674,40.064744]},"properties":{"year":1960,"period":"1960","kind":"FHA"}},{"type":"Feature","geometry":{"type":"Point","coordinates":[-75.236308,39.977724]},"properties":{"year":1960,"period":"1960","kind":"VA"}},{"type":"Feature","geometry":{"type":"Point","coordinates":[-75.229895,39.953079]},"properties":{"year":1960,"period":"1960","kind":"FHA"}},{"type":"Feature","geometry":{"type":"Point","coordinates":[-74.975224,40.07617]},"properties":{"year":1960,"period":"1960","kind":"VA"}},{"type":"Feature","geometry":{"type":"Point","coordinates":[-75.09879,39.998142]},"properties":{"year":1960,"period":"1960","kind":"FHA"}},{"type":"Feature","geometry":{"type":"Point","coordinates":[-75.181987,39.977068]},"properties":{"year":1960,"period":"1960","kind":"VA"}},{"type":"Feature","geometry":{"type":"Point","coordinates":[-74.980995,40.092499]},"properties":{"year":1960,"period":"1960","kind":"FHA"}},{"type":"Feature","geometry":{"type":"Point","coordinates":[-75.247321,39.951236]},"properties":{"year":1960,"period":"1960","kind":"FHA"}},{"type":"Feature","geometry":{"type":"Point","coordinates":[-75.144101,39.990068]},"properties":{"year":1960,"period":"1960","kind":"VA"}},{"type":"Feature","geometry":{"type":"Point","coordinates":[-75.031868,40.067313]},"properties":{"year":1960,"period":"1960","kind":"FHA"}},{"type":"Feature","geometry":{"type":"Point","coordinates":[-75.069763,40.015142]},"properties":{"year":1960,"period":"1960","kind":"FHA"}},{"type":"Feature","geometry":{"type":"Point","coordinates":[-75.062755,40.018724]},"properties":{"year":1960,"period":"1960","kind":"FHA"}},{"type":"Feature","geometry":{"type":"Point","coordinates":[-75.239062,39.946582]},"properties":{"year":1960,"period":"1960","kind":"FHA"}},{"type":"Feature","geometry":{"type":"Point","coordinates":[-75.237929,39.976653]},"properties":{"year":1960,"period":"1960","kind":"FHA"}},{"type":"Feature","geometry":{"type":"Point","coordinates":[-75.159785,39.988533]},"properties":{"year":1960,"period":"1960","kind":"VA"}},{"type":"Feature","geometry":{"type":"Point","coordinates":[-75.151632,40.060558]},"properties":{"year":1960,"period":"1960","kind":"FHA"}},{"type":"Feature","geometry":{"type":"Point","coordinates":[-75.06239,40.014815]},"properties":{"year":1960,"period":"1960","kind":"FHA"}},{"type":"Feature","geometry":{"type":"Point","coordinates":[-75.225276,39.980304]},"properties":{"year":1960,"period":"1960","kind":"VA"}},{"type":"Feature","geometry":{"type":"Point","coordinates":[-75.228822,39.953425]},"properties":{"year":1960,"period":"1960","kind":"FHA"}},{"type":"Feature","geometry":{"type":"Point","coordinates":[-75.242596,39.947522]},"properties":{"year":1960,"period":"1960","kind":"FHA"}},{"type":"Feature","geometry":{"type":"Point","coordinates":[-75.234302,39.977617]},"properties":{"year":1960,"period":"1960","kind":"VA"}},{"type":"Feature","geometry":{"type":"Point","coordinates":[-75.183944,39.988109]},"properties":{"year":1960,"period":"1960","kind":"VA"}},{"type":"Feature","geometry":{"type":"Point","coordinates":[-75.234473,39.961747]},"properties":{"year":1960,"period":"1960","kind":"VA"}},{"type":"Feature","geometry":{"type":"Point","coordinates":[-75.237848,39.94836]},"properties":{"year":1960,"period":"1960","kind":"VA"}},{"type":"Feature","geometry":{"type":"Point","coordinates":[-75.229383,39.919829]},"properties":{"year":1960,"period":"1960","kind":"FHA"}},{"type":"Feature","geometry":{"type":"Point","coordinates":[-75.184674,39.97286]},"properties":{"year":1960,"period":"1960","kind":"FHA"}},{"type":"Feature","geometry":{"type":"Point","coordinates":[-75.173419,40.049591]},"properties":{"year":1960,"period":"1960","kind":"VA"}},{"type":"Feature","geometry":{"type":"Point","coordinates":[-75.176591,40.049319]},"properties":{"year":1960,"period":"1960","kind":"FHA"}},{"type":"Feature","geometry":{"type":"Point","coordinates":[-75.159188,40.047919]},"properties":{"year":1960,"period":"1960","kind":"VA"}},{"type":"Feature","geometry":{"type":"Point","coordinates":[-75.146127,40.05632]},"properties":{"year":1960,"period":"1960","kind":"FHA"}},{"type":"Feature","geometry":{"type":"Point","coordinates":[-75.064989,40.016708]},"properties":{"year":1960,"period":"1960","kind":"FHA"}},{"type":"Feature","geometry":{"type":"Point","coordinates":[-75.180416,39.982962]},"properties":{"year":1960,"period":"1960","kind":"VA"}},{"type":"Feature","geometry":{"type":"Point","coordinates":[-75.185089,39.993037]},"properties":{"year":1960,"period":"1960","kind":"VA"}},{"type":"Feature","geometry":{"type":"Point","coordinates":[-75.118974,39.999789]},"properties":{"year":1960,"period":"1960","kind":"FHA"}},{"type":"Feature","geometry":{"type":"Point","coordinates":[-75.175939,39.99744]},"properties":{"year":1960,"period":"1960","kind":"VA"}},{"type":"Feature","geometry":{"type":"Point","coordinates":[-75.134,39.985292]},"properties":{"year":1960,"period":"1960","kind":"VA"}},{"type":"Feature","geometry":{"type":"Point","coordinates":[-75.144415,39.99085]},"properties":{"year":1960,"period":"1960","kind":"VA"}},{"type":"Feature","geometry":{"type":"Point","coordinates":[-75.236425,39.976137]},"properties":{"year":1960,"period":"1960","kind":"VA"}},{"type":"Feature","geometry":{"type":"Point","coordinates":[-75.223406,39.973032]},"properties":{"year":1960,"period":"1960","kind":"VA"}},{"type":"Feature","geometry":{"type":"Point","coordinates":[-75.163987,40.037466]},"properties":{"year":1960,"period":"1960","kind":"VA"}},{"type":"Feature","geometry":{"type":"Point","coordinates":[-75.220295,40.02883]},"properties":{"year":1960,"period":"1960","kind":"FHA"}},{"type":"Feature","geometry":{"type":"Point","coordinates":[-75.183258,39.987266]},"properties":{"year":1960,"period":"1960","kind":"VA"}},{"type":"Feature","geometry":{"type":"Point","coordinates":[-75.183903,39.988682]},"properties":{"year":1960,"period":"1960","kind":"VA"}},{"type":"Feature","geometry":{"type":"Point","coordinates":[-75.221058,39.937186]},"properties":{"year":1960,"period":"1960","kind":"FHA"}},{"type":"Feature","geometry":{"type":"Point","coordinates":[-75.235051,39.91644]},"properties":{"year":1960,"period":"1960","kind":"FHA"}},{"type":"Feature","geometry":{"type":"Point","coordinates":[-75.148034,40.040935]},"properties":{"year":1960,"period":"1960","kind":"FHA"}},{"type":"Feature","geometry":{"type":"Point","coordinates":[-75.184231,40.006281]},"properties":{"year":1960,"period":"1960","kind":"FHA"}},{"type":"Feature","geometry":{"type":"Point","coordinates":[-75.187331,40.061888]},"properties":{"year":1960,"period":"1960","kind":"FHA"}},{"type":"Feature","geometry":{"type":"Point","coordinates":[-75.062518,40.043492]},"properties":{"year":1960,"period":"1960","kind":"FHA"}},{"type":"Feature","geometry":{"type":"Point","coordinates":[-75.050883,40.096328]},"properties":{"year":1960,"period":"1960","kind":"FHA"}},{"type":"Feature","geometry":{"type":"Point","coordinates":[-75.216406,40.029283]},"properties":{"year":1960,"period":"1960","kind":"FHA"}},{"type":"Feature","geometry":{"type":"Point","coordinates":[-75.180623,39.983672]},"properties":{"year":1960,"period":"1960","kind":"FHA"}},{"type":"Feature","geometry":{"type":"Point","coordinates":[-75.138136,39.996352]},"properties":{"year":1960,"period":"1960","kind":"FHA"}},{"type":"Feature","geometry":{"type":"Point","coordinates":[-75.218603,39.939172]},"properties":{"year":1960,"period":"1960","kind":"FHA"}},{"type":"Feature","geometry":{"type":"Point","coordinates":[-75.237636,39.978391]},"properties":{"year":1960,"period":"1960","kind":"FHA"}},{"type":"Feature","geometry":{"type":"Point","coordinates":[-75.245263,39.919612]},"properties":{"year":1960,"period":"1960","kind":"FHA"}},{"type":"Feature","geometry":{"type":"Point","coordinates":[-75.237373,39.947915]},"properties":{"year":1960,"period":"1960","kind":"FHA"}},{"type":"Feature","geometry":{"type":"Point","coordinates":[-75.241455,39.976969]},"properties":{"year":1960,"period":"1960","kind":"VA"}},{"type":"Feature","geometry":{"type":"Point","coordinates":[-75.232983,39.944511]},"properties":{"year":1960,"period":"1960","kind":"FHA"}},{"type":"Feature","geometry":{"type":"Point","coordinates":[-75.184969,39.994562]},"properties":{"year":1960,"period":"1960","kind":"VA"}},{"type":"Feature","geometry":{"type":"Point","coordinates":[-75.121426,40.03886]},"properties":{"year":1960,"period":"1960","kind":"FHA"}},{"type":"Feature","geometry":{"type":"Point","coordinates":[-75.148598,40.049974]},"properties":{"year":1960,"period":"1960","kind":"FHA"}},{"type":"Feature","geometry":{"type":"Point","coordinates":[-75.172895,40.049532]},"properties":{"year":1960,"period":"1960","kind":"FHA"}},{"type":"Feature","geometry":{"type":"Point","coordinates":[-75.021722,40.111061]},"properties":{"year":1960,"period":"1960","kind":"FHA"}},{"type":"Feature","geometry":{"type":"Point","coordinates":[-75.221569,40.04646]},"properties":{"year":1960,"period":"1960","kind":"FHA"}},{"type":"Feature","geometry":{"type":"Point","coordinates":[-75.05578,40.022151]},"properties":{"year":1960,"period":"1960","kind":"FHA"}},{"type":"Feature","geometry":{"type":"Point","coordinates":[-75.006957,40.051213]},"properties":{"year":1960,"period":"1960","kind":"FHA"}},{"type":"Feature","geometry":{"type":"Point","coordinates":[-75.068901,40.015656]},"properties":{"year":1960,"period":"1960","kind":"FHA"}},{"type":"Feature","geometry":{"type":"Point","coordinates":[-75.006894,40.051141]},"properties":{"year":1960,"period":"1960","kind":"FHA"}},{"type":"Feature","geometry":{"type":"Point","coordinates":[-75.169414,40.066554]},"properties":{"year":1960,"period":"1960","kind":"FHA"}},{"type":"Feature","geometry":{"type":"Point","coordinates":[-75.068605,40.059475]},"properties":{"year":1960,"period":"1960","kind":"FHA"}},{"type":"Feature","geometry":{"type":"Point","coordinates":[-74.981374,40.092074]},"properties":{"year":1960,"period":"1960","kind":"FHA"}},{"type":"Feature","geometry":{"type":"Point","coordinates":[-75.233482,39.97706]},"properties":{"year":1960,"period":"1960","kind":"VA"}},{"type":"Feature","geometry":{"type":"Point","coordinates":[-75.217198,39.957254]},"properties":{"year":1960,"period":"1960","kind":"VA"}},{"type":"Feature","geometry":{"type":"Point","coordinates":[-75.178558,39.911106]},"properties":{"year":1960,"period":"1960","kind":"FHA"}},{"type":"Feature","geometry":{"type":"Point","coordinates":[-75.177948,39.910152]},"properties":{"year":1960,"period":"1960","kind":"FHA"}},{"type":"Feature","geometry":{"type":"Point","coordinates":[-75.1778,39.910844]},"properties":{"year":1960,"period":"1960","kind":"FHA"}},{"type":"Feature","geometry":{"type":"Point","coordinates":[-75.177636,39.911619]},"properties":{"year":1960,"period":"1960","kind":"FHA"}},{"type":"Feature","geometry":{"type":"Point","coordinates":[-75.177607,39.911752]},"properties":{"year":1960,"period":"1960","kind":"FHA"}},{"type":"Feature","geometry":{"type":"Point","coordinates":[-75.152837,39.987631]},"properties":{"year":1960,"period":"1960","kind":"VA"}},{"type":"Feature","geometry":{"type":"Point","coordinates":[-75.184834,39.997191]},"properties":{"year":1960,"period":"1960","kind":"FHA"}},{"type":"Feature","geometry":{"type":"Point","coordinates":[-75.178269,40.042586]},"properties":{"year":1960,"period":"1960","kind":"FHA"}},{"type":"Feature","geometry":{"type":"Point","coordinates":[-75.1851,40.05602]},"properties":{"year":1960,"period":"1960","kind":"VA"}},{"type":"Feature","geometry":{"type":"Point","coordinates":[-75.176754,39.930588]},"properties":{"year":1960,"period":"1960","kind":"VA"}},{"type":"Feature","geometry":{"type":"Point","coordinates":[-75.144949,40.05193]},"properties":{"year":1960,"period":"1960","kind":"FHA"}},{"type":"Feature","geometry":{"type":"Point","coordinates":[-75.253023,39.977691]},"properties":{"year":1960,"period":"1960","kind":"FHA"}},{"type":"Feature","geometry":{"type":"Point","coordinates":[-74.968176,40.081029]},"properties":{"year":1960,"period":"1960","kind":"FHA"}},{"type":"Feature","geometry":{"type":"Point","coordinates":[-74.968279,40.080961]},"properties":{"year":1960,"period":"1960","kind":"FHA"}},{"type":"Feature","geometry":{"type":"Point","coordinates":[-75.147137,39.981066]},"properties":{"year":1960,"period":"1960","kind":"VA"}},{"type":"Feature","geometry":{"type":"Point","coordinates":[-75.18501,39.940787]},"properties":{"year":1960,"period":"1960","kind":"VA"}},{"type":"Feature","geometry":{"type":"Point","coordinates":[-74.968655,40.080781]},"properties":{"year":1960,"period":"1960","kind":"FHA"}},{"type":"Feature","geometry":{"type":"Point","coordinates":[-74.968713,40.080759]},"properties":{"year":1960,"period":"1960","kind":"FHA"}},{"type":"Feature","geometry":{"type":"Point","coordinates":[-75.235783,39.977361]},"properties":{"year":1960,"period":"1960","kind":"VA"}},{"type":"Feature","geometry":{"type":"Point","coordinates":[-75.244316,39.958309]},"properties":{"year":1960,"period":"1960","kind":"VA"}},{"type":"Feature","geometry":{"type":"Point","coordinates":[-75.242654,39.957468]},"properties":{"year":1960,"period":"1960","kind":"VA"}},{"type":"Feature","geometry":{"type":"Point","coordinates":[-75.147097,40.04157]},"properties":{"year":1960,"period":"1960","kind":"FHA"}},{"type":"Feature","geometry":{"type":"Point","coordinates":[-75.255397,39.976865]},"properties":{"year":1960,"period":"1960","kind":"FHA"}},{"type":"Feature","geometry":{"type":"Point","coordinates":[-75.180975,39.934183]},"properties":{"year":1960,"period":"1960","kind":"FHA"}},{"type":"Feature","geometry":{"type":"Point","coordinates":[-75.123668,40.026884]},"properties":{"year":1960,"period":"1960","kind":"FHA"}},{"type":"Feature","geometry":{"type":"Point","coordinates":[-75.069862,40.014225]},"properties":{"year":1960,"period":"1960","kind":"FHA"}},{"type":"Feature","geometry":{"type":"Point","coordinates":[-75.212744,39.954413]},"properties":{"year":1960,"period":"1960","kind":"FHA"}},{"type":"Feature","geometry":{"type":"Point","coordinates":[-75.232776,39.941868]},"properties":{"year":1960,"period":"1960","kind":"VA"}},{"type":"Feature","geometry":{"type":"Point","coordinates":[-75.053366,40.048275]},"properties":{"year":1960,"period":"1960","kind":"FHA"}},{"type":"Feature","geometry":{"type":"Point","coordinates":[-75.151452,39.994484]},"properties":{"year":1960,"period":"1960","kind":"FHA"}},{"type":"Feature","geometry":{"type":"Point","coordinates":[-75.079124,40.036047]},"properties":{"year":1960,"period":"1960","kind":"FHA"}},{"type":"Feature","geometry":{"type":"Point","coordinates":[-75.084681,40.037067]},"properties":{"year":1960,"period":"1960","kind":"FHA"}},{"type":"Feature","geometry":{"type":"Point","coordinates":[-75.078061,40.016899]},"properties":{"year":1960,"period":"1960","kind":"VA"}},{"type":"Feature","geometry":{"type":"Point","coordinates":[-75.110191,39.99724]},"properties":{"year":1960,"period":"1960","kind":"FHA"}},{"type":"Feature","geometry":{"type":"Point","coordinates":[-75.108517,39.997293]},"properties":{"year":1960,"period":"1960","kind":"FHA"}},{"type":"Feature","geometry":{"type":"Point","coordinates":[-75.146625,40.041953]},"properties":{"year":1960,"period":"1960","kind":"FHA"}},{"type":"Feature","geometry":{"type":"Point","coordinates":[-74.986032,40.070324]},"properties":{"year":1960,"period":"1960","kind":"FHA"}},{"type":"Feature","geometry":{"type":"Point","coordinates":[-75.224439,39.922814]},"properties":{"year":1960,"period":"1960","kind":"FHA"}},{"type":"Feature","geometry":{"type":"Point","coordinates":[-75.018494,40.065283]},"properties":{"year":1960,"period":"1960","kind":"FHA"}},{"type":"Feature","geometry":{"type":"Point","coordinates":[-74.986069,40.070364]},"properties":{"year":1960,"period":"1960","kind":"FHA"}},{"type":"Feature","geometry":{"type":"Point","coordinates":[-75.230363,39.950323]},"properties":{"year":1960,"period":"1960","kind":"FHA"}},{"type":"Feature","geometry":{"type":"Point","coordinates":[-74.986372,40.070705]},"properties":{"year":1960,"period":"1960","kind":"FHA"}},{"type":"Feature","geometry":{"type":"Point","coordinates":[-75.230734,39.939317]},"properties":{"year":1960,"period":"1960","kind":"VA"}},{"type":"Feature","geometry":{"type":"Point","coordinates":[-74.986179,40.070488]},"properties":{"year":1960,"period":"1960","kind":"FHA"}},{"type":"Feature","geometry":{"type":"Point","coordinates":[-75.263695,39.974265]},"properties":{"year":1960,"period":"1960","kind":"FHA"}},{"type":"Feature","geometry":{"type":"Point","coordinates":[-75.184859,39.997095]},"properties":{"year":1960,"period":"1960","kind":"VA"}},{"type":"Feature","geometry":{"type":"Point","coordinates":[-74.982624,40.097545]},"properties":{"year":1960,"period":"1960","kind":"FHA"}},{"type":"Feature","geometry":{"type":"Point","coordinates":[-75.185645,39.989336]},"properties":{"year":1960,"period":"1960","kind":"FHA"}},{"type":"Feature","geometry":{"type":"Point","coordinates":[-74.968329,40.08093]},"properties":{"year":1960,"period":"1960","kind":"FHA"}},{"type":"Feature","geometry":{"type":"Point","coordinates":[-75.215565,39.937207]},"properties":{"year":1960,"period":"1960","kind":"VA"}},{"type":"Feature","geometry":{"type":"Point","coordinates":[-75.241709,39.949427]},"properties":{"year":1960,"period":"1960","kind":"VA"}},{"type":"Feature","geometry":{"type":"Point","coordinates":[-75.105538,40.032617]},"properties":{"year":1960,"period":"1960","kind":"FHA"}},{"type":"Feature","geometry":{"type":"Point","coordinates":[-75.148062,40.041471]},"properties":{"year":1960,"period":"1960","kind":"FHA"}},{"type":"Feature","geometry":{"type":"Point","coordinates":[-75.179725,40.045839]},"properties":{"year":1960,"period":"1960","kind":"VA"}},{"type":"Feature","geometry":{"type":"Point","coordinates":[-75.153887,40.013478]},"properties":{"year":1960,"period":"1960","kind":"FHA"}},{"type":"Feature","geometry":{"type":"Point","coordinates":[-75.182916,39.988997]},"properties":{"year":1960,"period":"1960","kind":"VA"}},{"type":"Feature","geometry":{"type":"Point","coordinates":[-75.231089,39.960334]},"properties":{"year":1960,"period":"1960","kind":"FHA"}},{"type":"Feature","geometry":{"type":"Point","coordinates":[-75.173281,39.983544]},"properties":{"year":1960,"period":"1960","kind":"VA"}},{"type":"Feature","geometry":{"type":"Point","coordinates":[-75.213692,40.032135]},"properties":{"year":1960,"period":"1960","kind":"FHA"}},{"type":"Feature","geometry":{"type":"Point","coordinates":[-75.230499,39.954445]},"properties":{"year":1960,"period":"1960","kind":"FHA"}},{"type":"Feature","geometry":{"type":"Point","coordinates":[-75.238746,39.949849]},"properties":{"year":1960,"period":"1960","kind":"FHA"}},{"type":"Feature","geometry":{"type":"Point","coordinates":[-75.243238,39.920928]},"properties":{"year":1960,"period":"1960","kind":"FHA"}},{"type":"Feature","geometry":{"type":"Point","coordinates":[-75.236431,39.978526]},"properties":{"year":1960,"period":"1960","kind":"FHA"}},{"type":"Feature","geometry":{"type":"Point","coordinates":[-75.231459,39.928334]},"properties":{"year":1960,"period":"1960","kind":"FHA"}},{"type":"Feature","geometry":{"type":"Point","coordinates":[-75.14583,39.977463]},"properties":{"year":1960,"period":"1960","kind":"VA"}},{"type":"Feature","geometry":{"type":"Point","coordinates":[-75.182347,39.97565]},"properties":{"year":1960,"period":"1960","kind":"VA"}},{"type":"Feature","geometry":{"type":"Point","coordinates":[-75.163852,39.997326]},"properties":{"year":1960,"period":"1960","kind":"FHA"}},{"type":"Feature","geometry":{"type":"Point","coordinates":[-75.186833,40.012137]},"properties":{"year":1960,"period":"1960","kind":"FHA"}},{"type":"Feature","geometry":{"type":"Point","coordinates":[-75.233569,39.916598]},"properties":{"year":1960,"period":"1960","kind":"FHA"}},{"type":"Feature","geometry":{"type":"Point","coordinates":[-75.1443,39.989272]},"properties":{"year":1960,"period":"1960","kind":"VA"}},{"type":"Feature","geometry":{"type":"Point","coordinates":[-75.168145,40.071733]},"properties":{"year":1960,"period":"1960","kind":"FHA"}},{"type":"Feature","geometry":{"type":"Point","coordinates":[-75.169229,39.935447]},"properties":{"year":1960,"period":"1960","kind":"FHA"}},{"type":"Feature","geometry":{"type":"Point","coordinates":[-75.192212,40.058997]},"properties":{"year":1960,"period":"1960","kind":"FHA"}},{"type":"Feature","geometry":{"type":"Point","coordinates":[-75.146478,40.056259]},"properties":{"year":1960,"period":"1960","kind":"FHA"}},{"type":"Feature","geometry":{"type":"Point","coordinates":[-75.02895,40.08957]},"properties":{"year":1960,"period":"1960","kind":"FHA"}},{"type":"Feature","geometry":{"type":"Point","coordinates":[-75.029292,40.089714]},"properties":{"year":1960,"period":"1960","kind":"FHA"}},{"type":"Feature","geometry":{"type":"Point","coordinates":[-75.127038,40.020615]},"properties":{"year":1960,"period":"1960","kind":"FHA"}},{"type":"Feature","geometry":{"type":"Point","coordinates":[-75.175594,40.080062]},"properties":{"year":1960,"period":"1960","kind":"FHA"}},{"type":"Feature","geometry":{"type":"Point","coordinates":[-75.017167,40.132494]},"properties":{"year":1960,"period":"1960","kind":"FHA"}},{"type":"Feature","geometry":{"type":"Point","coordinates":[-75.229064,39.917809]},"properties":{"year":1960,"period":"1960","kind":"FHA"}},{"type":"Feature","geometry":{"type":"Point","coordinates":[-75.148794,40.011342]},"properties":{"year":1960,"period":"1960","kind":"FHA"}},{"type":"Feature","geometry":{"type":"Point","coordinates":[-75.228012,39.924842]},"properties":{"year":1960,"period":"1960","kind":"FHA"}},{"type":"Feature","geometry":{"type":"Point","coordinates":[-75.110075,39.99876]},"properties":{"year":1960,"period":"1960","kind":"FHA"}},{"type":"Feature","geometry":{"type":"Point","coordinates":[-75.100603,39.99803]},"properties":{"year":1960,"period":"1960","kind":"FHA"}},{"type":"Feature","geometry":{"type":"Point","coordinates":[-75.16125,40.003915]},"properties":{"year":1960,"period":"1960","kind":"FHA"}},{"type":"Feature","geometry":{"type":"Point","coordinates":[-75.0537,40.028701]},"properties":{"year":1960,"period":"1960","kind":"FHA"}},{"type":"Feature","geometry":{"type":"Point","coordinates":[-75.054088,40.022116]},"properties":{"year":1960,"period":"1960","kind":"FHA"}},{"type":"Feature","geometry":{"type":"Point","coordinates":[-75.165457,40.006611]},"properties":{"year":1960,"period":"1960","kind":"VA"}},{"type":"Feature","geometry":{"type":"Point","coordinates":[-75.1838,39.993731]},"properties":{"year":1960,"period":"1960","kind":"FHA"}},{"type":"Feature","geometry":{"type":"Point","coordinates":[-75.144753,39.983015]},"properties":{"year":1960,"period":"1960","kind":"VA"}},{"type":"Feature","geometry":{"type":"Point","coordinates":[-75.138065,40.00555]},"properties":{"year":1960,"period":"1960","kind":"VA"}},{"type":"Feature","geometry":{"type":"Point","coordinates":[-74.981629,40.099076]},"properties":{"year":1960,"period":"1960","kind":"FHA"}},{"type":"Feature","geometry":{"type":"Point","coordinates":[-75.163863,40.00409]},"properties":{"year":1960,"period":"1960","kind":"FHA"}},{"type":"Feature","geometry":{"type":"Point","coordinates":[-75.026962,40.043703]},"properties":{"year":1960,"period":"1960","kind":"FHA"}},{"type":"Feature","geometry":{"type":"Point","coordinates":[-75.06789,40.064388]},"properties":{"year":1960,"period":"1960","kind":"FHA"}},{"type":"Feature","geometry":{"type":"Point","coordinates":[-75.136783,39.995173]},"properties":{"year":1960,"period":"1960","kind":"FHA"}},{"type":"Feature","geometry":{"type":"Point","coordinates":[-75.162819,39.996977]},"properties":{"year":1960,"period":"1960","kind":"VA"}},{"type":"Feature","geometry":{"type":"Point","coordinates":[-75.163288,39.995569]},"properties":{"year":1960,"period":"1960","kind":"VA"}},{"type":"Feature","geometry":{"type":"Point","coordinates":[-75.157845,40.043467]},"properties":{"year":1960,"period":"1960","kind":"VA"}},{"type":"Feature","geometry":{"type":"Point","coordinates":[-75.148838,39.975039]},"properties":{"year":1960,"period":"1960","kind":"VA"}},{"type":"Feature","geometry":{"type":"Point","coordinates":[-75.16402,39.913413]},"properties":{"year":1960,"period":"1960","kind":"FHA"}},{"type":"Feature","geometry":{"type":"Point","coordinates":[-75.181871,39.979772]},"properties":{"year":1960,"period":"1960","kind":"VA"}},{"type":"Feature","geometry":{"type":"Point","coordinates":[-75.237363,39.956234]},"properties":{"year":1960,"period":"1960","kind":"FHA"}},{"type":"Feature","geometry":{"type":"Point","coordinates":[-75.160673,40.048748]},"properties":{"year":1960,"period":"1960","kind":"FHA"}},{"type":"Feature","geometry":{"type":"Point","coordinates":[-75.165919,40.008829]},"properties":{"year":1960,"period":"1960","kind":"VA"}},{"type":"Feature","geometry":{"type":"Point","coordinates":[-75.165142,39.968353]},"properties":{"year":1960,"period":"1960","kind":"VA"}},{"type":"Feature","geometry":{"type":"Point","coordinates":[-75.159428,39.96336]},"properties":{"year":1960,"period":"1960","kind":"VA"}},{"type":"Feature","geometry":{"type":"Point","coordinates":[-75.227602,39.979786]},"properties":{"year":1960,"period":"1960","kind":"VA"}},{"type":"Feature","geometry":{"type":"Point","coordinates":[-75.16085,40.005266]},"properties":{"year":1960,"period":"1960","kind":"VA"}},{"type":"Feature","geometry":{"type":"Point","coordinates":[-75.220734,39.964268]},"properties":{"year":1960,"period":"1960","kind":"FHA"}},{"type":"Feature","geometry":{"type":"Point","coordinates":[-75.162883,39.983602]},"properties":{"year":1960,"period":"1960","kind":"VA"}},{"type":"Feature","geometry":{"type":"Point","coordinates":[-75.109042,40.019636]},"properties":{"year":1960,"period":"1960","kind":"VA"}},{"type":"Feature","geometry":{"type":"Point","coordinates":[-75.054196,40.048738]},"properties":{"year":1960,"period":"1960","kind":"FHA"}},{"type":"Feature","geometry":{"type":"Point","coordinates":[-75.163339,40.071435]},"properties":{"year":1960,"period":"1960","kind":"FHA"}},{"type":"Feature","geometry":{"type":"Point","coordinates":[-75.244784,39.950131]},"properties":{"year":1960,"period":"1960","kind":"FHA"}},{"type":"Feature","geometry":{"type":"Point","coordinates":[-75.233276,39.947943]},"properties":{"year":1960,"period":"1960","kind":"FHA"}},{"type":"Feature","geometry":{"type":"Point","coordinates":[-75.242804,39.948335]},"properties":{"year":1960,"period":"1960","kind":"FHA"}},{"type":"Feature","geometry":{"type":"Point","coordinates":[-75.029497,40.107433]},"properties":{"year":1960,"period":"1960","kind":"FHA"}},{"type":"Feature","geometry":{"type":"Point","coordinates":[-75.055781,40.035661]},"properties":{"year":1960,"period":"1960","kind":"FHA"}},{"type":"Feature","geometry":{"type":"Point","coordinates":[-75.017999,40.0617]},"properties":{"year":1960,"period":"1960","kind":"FHA"}},{"type":"Feature","geometry":{"type":"Point","coordinates":[-75.024053,40.043709]},"properties":{"year":1960,"period":"1960","kind":"FHA"}},{"type":"Feature","geometry":{"type":"Point","coordinates":[-75.119113,40.019683]},"properties":{"year":1960,"period":"1960","kind":"FHA"}},{"type":"Feature","geometry":{"type":"Point","coordinates":[-75.178394,39.995916]},"properties":{"year":1960,"period":"1960","kind":"VA"}},{"type":"Feature","geometry":{"type":"Point","coordinates":[-75.228312,39.950384]},"properties":{"year":1960,"period":"1960","kind":"VA"}},{"type":"Feature","geometry":{"type":"Point","coordinates":[-75.245628,39.956606]},"properties":{"year":1960,"period":"1960","kind":"VA"}},{"type":"Feature","geometry":{"type":"Point","coordinates":[-75.031477,40.067606]},"properties":{"year":1960,"period":"1960","kind":"FHA"}},{"type":"Feature","geometry":{"type":"Point","coordinates":[-74.972593,40.083327]},"properties":{"year":1960,"period":"1960","kind":"FHA"}},{"type":"Feature","geometry":{"type":"Point","coordinates":[-75.182618,39.973285]},"properties":{"year":1960,"period":"1960","kind":"VA"}},{"type":"Feature","geometry":{"type":"Point","coordinates":[-75.232974,40.067206]},"properties":{"year":1960,"period":"1960","kind":"FHA"}},{"type":"Feature","geometry":{"type":"Point","coordinates":[-75.179952,39.980566]},"properties":{"year":1960,"period":"1960","kind":"VA"}},{"type":"Feature","geometry":{"type":"Point","coordinates":[-75.165732,39.989907]},"properties":{"year":1960,"period":"1960","kind":"VA"}},{"type":"Feature","geometry":{"type":"Point","coordinates":[-75.148586,40.040888]},"properties":{"year":1960,"period":"1960","kind":"FHA"}},{"type":"Feature","geometry":{"type":"Point","coordinates":[-75.065252,40.032103]},"properties":{"year":1960,"period":"1960","kind":"FHA"}},{"type":"Feature","geometry":{"type":"Point","coordinates":[-75.168688,40.034383]},"properties":{"year":1960,"period":"1960","kind":"FHA"}},{"type":"Feature","geometry":{"type":"Point","coordinates":[-75.148533,40.062876]},"properties":{"year":1960,"period":"1960","kind":"FHA"}},{"type":"Feature","geometry":{"type":"Point","coordinates":[-75.248494,39.948252]},"properties":{"year":1960,"period":"1960","kind":"FHA"}},{"type":"Feature","geometry":{"type":"Point","coordinates":[-75.241013,39.979358]},"properties":{"year":1960,"period":"1960","kind":"FHA"}},{"type":"Feature","geometry":{"type":"Point","coordinates":[-75.245338,39.911576]},"properties":{"year":1960,"period":"1960","kind":"FHA"}},{"type":"Feature","geometry":{"type":"Point","coordinates":[-75.241851,39.912465]},"properties":{"year":1960,"period":"1960","kind":"FHA"}},{"type":"Feature","geometry":{"type":"Point","coordinates":[-75.232879,39.978672]},"properties":{"year":1960,"period":"1960","kind":"FHA"}},{"type":"Feature","geometry":{"type":"Point","coordinates":[-75.233889,39.953319]},"properties":{"year":1960,"period":"1960","kind":"VA"}},{"type":"Feature","geometry":{"type":"Point","coordinates":[-75.224554,39.932946]},"properties":{"year":1960,"period":"1960","kind":"FHA"}},{"type":"Feature","geometry":{"type":"Point","coordinates":[-75.23211,39.971892]},"properties":{"year":1960,"period":"1960","kind":"VA"}},{"type":"Feature","geometry":{"type":"Point","coordinates":[-75.088357,40.050379]},"properties":{"year":1960,"period":"1960","kind":"FHA"}},{"type":"Feature","geometry":{"type":"Point","coordinates":[-75.174573,40.05524]},"properties":{"year":1960,"period":"1960","kind":"FHA"}},{"type":"Feature","geometry":{"type":"Point","coordinates":[-75.175516,40.053342]},"properties":{"year":1960,"period":"1960","kind":"VA"}},{"type":"Feature","geometry":{"type":"Point","coordinates":[-75.121402,39.982563]},"properties":{"year":1960,"period":"1960","kind":"FHA"}},{"type":"Feature","geometry":{"type":"Point","coordinates":[-75.173873,40.077743]},"properties":{"year":1960,"period":"1960","kind":"FHA"}},{"type":"Feature","geometry":{"type":"Point","coordinates":[-75.2394,39.986175]},"properties":{"year":1960,"period":"1960","kind":"FHA"}},{"type":"Feature","geometry":{"type":"Point","coordinates":[-75.161141,39.992809]},"properties":{"year":1960,"period":"1960","kind":"FHA"}},{"type":"Feature","geometry":{"type":"Point","coordinates":[-75.177305,39.974714]},"properties":{"year":1960,"period":"1960","kind":"VA"}},{"type":"Feature","geometry":{"type":"Point","coordinates":[-75.170864,40.004949]},"properties":{"year":1960,"period":"1960","kind":"FHA"}},{"type":"Feature","geometry":{"type":"Point","coordinates":[-75.239397,39.95029]},"properties":{"year":1960,"period":"1960","kind":"FHA"}},{"type":"Feature","geometry":{"type":"Point","coordinates":[-75.241635,39.973327]},"properties":{"year":1960,"period":"1960","kind":"VA"}},{"type":"Feature","geometry":{"type":"Point","coordinates":[-75.148319,40.047068]},"properties":{"year":1960,"period":"1960","kind":"FHA"}},{"type":"Feature","geometry":{"type":"Point","coordinates":[-75.178655,39.910206]},"properties":{"year":1960,"period":"1960","kind":"FHA"}},{"type":"Feature","geometry":{"type":"Point","coordinates":[-75.177899,39.910373]},"properties":{"year":1960,"period":"1960","kind":"FHA"}},{"type":"Feature","geometry":{"type":"Point","coordinates":[-75.177792,39.910888]},"properties":{"year":1960,"period":"1960","kind":"FHA"}},{"type":"Feature","geometry":{"type":"Point","coordinates":[-75.177724,39.911217]},"properties":{"year":1960,"period":"1960","kind":"FHA"}},{"type":"Feature","geometry":{"type":"Point","coordinates":[-75.180446,39.996929]},"properties":{"year":1960,"period":"1960","kind":"FHA"}},{"type":"Feature","geometry":{"type":"Point","coordinates":[-75.235756,39.978784]},"properties":{"year":1960,"period":"1960","kind":"FHA"}},{"type":"Feature","geometry":{"type":"Point","coordinates":[-75.029221,40.067158]},"properties":{"year":1960,"period":"1960","kind":"FHA"}},{"type":"Feature","geometry":{"type":"Point","coordinates":[-75.028814,40.06692]},"properties":{"year":1960,"period":"1960","kind":"FHA"}},{"type":"Feature","geometry":{"type":"Point","coordinates":[-75.213226,40.023543]},"properties":{"year":1960,"period":"1960","kind":"FHA"}},{"type":"Feature","geometry":{"type":"Point","coordinates":[-75.240286,39.987789]},"properties":{"year":1960,"period":"1960","kind":"FHA"}},{"type":"Feature","geometry":{"type":"Point","coordinates":[-75.154812,40.04293]},"properties":{"year":1960,"period":"1960","kind":"VA"}},{"type":"Feature","geometry":{"type":"Point","coordinates":[-75.228221,39.945043]},"properties":{"year":1960,"period":"1960","kind":"VA"}},{"type":"Feature","geometry":{"type":"Point","coordinates":[-75.085548,40.04938]},"properties":{"year":1960,"period":"1960","kind":"VA"}},{"type":"Feature","geometry":{"type":"Point","coordinates":[-75.065735,40.023044]},"properties":{"year":1960,"period":"1960","kind":"FHA"}},{"type":"Feature","geometry":{"type":"Point","coordinates":[-75.168584,40.0381]},"properties":{"year":1960,"period":"1960","kind":"FHA"}},{"type":"Feature","geometry":{"type":"Point","coordinates":[-75.212141,39.947686]},"properties":{"year":1960,"period":"1960","kind":"FHA"}},{"type":"Feature","geometry":{"type":"Point","coordinates":[-75.245204,39.966134]},"properties":{"year":1960,"period":"1960","kind":"FHA"}},{"type":"Feature","geometry":{"type":"Point","coordinates":[-75.226535,39.949848]},"properties":{"year":1960,"period":"1960","kind":"FHA"}},{"type":"Feature","geometry":{"type":"Point","coordinates":[-75.23809,39.952567]},"properties":{"year":1960,"period":"1960","kind":"VA"}},{"type":"Feature","geometry":{"type":"Point","coordinates":[-75.232274,39.948734]},"properties":{"year":1960,"period":"1960","kind":"VA"}},{"type":"Feature","geometry":{"type":"Point","coordinates":[-75.227559,39.952527]},"properties":{"year":1960,"period":"1960","kind":"VA"}},{"type":"Feature","geometry":{"type":"Point","coordinates":[-75.145203,39.995065]},"properties":{"year":1960,"period":"1960","kind":"FHA"}},{"type":"Feature","geometry":{"type":"Point","coordinates":[-75.241694,39.95174]},"properties":{"year":1960,"period":"1960","kind":"FHA"}},{"type":"Feature","geometry":{"type":"Point","coordinates":[-75.115454,40.023126]},"properties":{"year":1960,"period":"1960","kind":"FHA"}},{"type":"Feature","geometry":{"type":"Point","coordinates":[-75.152288,40.008959]},"properties":{"year":1960,"period":"1960","kind":"FHA"}},{"type":"Feature","geometry":{"type":"Point","coordinates":[-75.039093,40.029108]},"properties":{"year":1960,"period":"1960","kind":"FHA"}},{"type":"Feature","geometry":{"type":"Point","coordinates":[-75.105568,40.006802]},"properties":{"year":1960,"period":"1960","kind":"FHA"}},{"type":"Feature","geometry":{"type":"Point","coordinates":[-75.184359,40.05531]},"properties":{"year":1960,"period":"1960","kind":"FHA"}},{"type":"Feature","geometry":{"type":"Point","coordinates":[-75.16105,40.03819]},"properties":{"year":1960,"period":"1960","kind":"FHA"}},{"type":"Feature","geometry":{"type":"Point","coordinates":[-75.055947,40.065828]},"properties":{"year":1960,"period":"1960","kind":"FHA"}},{"type":"Feature","geometry":{"type":"Point","coordinates":[-75.23096,39.943771]},"properties":{"year":1960,"period":"1960","kind":"FHA"}},{"type":"Feature","geometry":{"type":"Point","coordinates":[-75.128547,39.977816]},"properties":{"year":1960,"period":"1960","kind":"VA"}},{"type":"Feature","geometry":{"type":"Point","coordinates":[-75.136995,40.044428]},"properties":{"year":1960,"period":"1960","kind":"FHA"}},{"type":"Feature","geometry":{"type":"Point","coordinates":[-75.236544,39.978201]},"properties":{"year":1960,"period":"1960","kind":"FHA"}},{"type":"Feature","geometry":{"type":"Point","coordinates":[-75.241448,39.976929]},"properties":{"year":1960,"period":"1960","kind":"VA"}},{"type":"Feature","geometry":{"type":"Point","coordinates":[-75.214852,39.955905]},"properties":{"year":1960,"period":"1960","kind":"VA"}},{"type":"Feature","geometry":{"type":"Point","coordinates":[-75.223661,39.954868]},"properties":{"year":1960,"period":"1960","kind":"VA"}},{"type":"Feature","geometry":{"type":"Point","coordinates":[-75.234909,39.955456]},"properties":{"year":1960,"period":"1960","kind":"FHA"}},{"type":"Feature","geometry":{"type":"Point","coordinates":[-75.069342,40.015559]},"properties":{"year":1960,"period":"1960","kind":"FHA"}},{"type":"Feature","geometry":{"type":"Point","coordinates":[-75.031249,40.031538]},"properties":{"year":1960,"period":"1960","kind":"FHA"}},{"type":"Feature","geometry":{"type":"Point","coordinates":[-75.152274,40.009838]},"properties":{"year":1960,"period":"1960","kind":"VA"}},{"type":"Feature","geometry":{"type":"Point","coordinates":[-75.155731,39.999204]},"properties":{"year":1960,"period":"1960","kind":"VA"}},{"type":"Feature","geometry":{"type":"Point","coordinates":[-75.240689,39.968046]},"properties":{"year":1960,"period":"1960","kind":"FHA"}},{"type":"Feature","geometry":{"type":"Point","coordinates":[-75.239437,39.952739]},"properties":{"year":1960,"period":"1960","kind":"VA"}},{"type":"Feature","geometry":{"type":"Point","coordinates":[-75.027072,40.064306]},"properties":{"year":1960,"period":"1960","kind":"FHA"}},{"type":"Feature","geometry":{"type":"Point","coordinates":[-75.155194,40.049867]},"properties":{"year":1960,"period":"1960","kind":"FHA"}},{"type":"Feature","geometry":{"type":"Point","coordinates":[-75.246323,39.956689]},"properties":{"year":1960,"period":"1960","kind":"FHA"}},{"type":"Feature","geometry":{"type":"Point","coordinates":[-75.247806,39.952808]},"properties":{"year":1960,"period":"1960","kind":"FHA"}},{"type":"Feature","geometry":{"type":"Point","coordinates":[-75.25331,39.976761]},"properties":{"year":1960,"period":"1960","kind":"FHA"}},{"type":"Feature","geometry":{"type":"Point","coordinates":[-75.177926,39.910239]},"properties":{"year":1960,"period":"1960","kind":"FHA"}},{"type":"Feature","geometry":{"type":"Point","coordinates":[-75.177683,39.9114]},"properties":{"year":1960,"period":"1960","kind":"FHA"}},{"type":"Feature","geometry":{"type":"Point","coordinates":[-75.239671,39.944561]},"properties":{"year":1960,"period":"1960","kind":"FHA"}},{"type":"Feature","geometry":{"type":"Point","coordinates":[-75.049539,40.086519]},"properties":{"year":1960,"period":"1960","kind":"FHA"}},{"type":"Feature","geometry":{"type":"Point","coordinates":[-75.137002,40.044383]},"properties":{"year":1960,"period":"1960","kind":"FHA"}},{"type":"Feature","geometry":{"type":"Point","coordinates":[-75.160364,40.045059]},"properties":{"year":1960,"period":"1960","kind":"FHA"}},{"type":"Feature","geometry":{"type":"Point","coordinates":[-75.148422,40.047955]},"properties":{"year":1960,"period":"1960","kind":"FHA"}},{"type":"Feature","geometry":{"type":"Point","coordinates":[-75.153895,40.067106]},"properties":{"year":1960,"period":"1960","kind":"FHA"}},{"type":"Feature","geometry":{"type":"Point","coordinates":[-75.226017,39.980759]},"properties":{"year":1960,"period":"1960","kind":"FHA"}},{"type":"Feature","geometry":{"type":"Point","coordinates":[-75.238059,39.953241]},"properties":{"year":1960,"period":"1960","kind":"VA"}},{"type":"Feature","geometry":{"type":"Point","coordinates":[-75.061647,40.030654]},"properties":{"year":1960,"period":"1960","kind":"FHA"}},{"type":"Feature","geometry":{"type":"Point","coordinates":[-75.168554,40.034301]},"properties":{"year":1960,"period":"1960","kind":"VA"}},{"type":"Feature","geometry":{"type":"Point","coordinates":[-75.238037,39.950493]},"properties":{"year":1960,"period":"1960","kind":"VA"}},{"type":"Feature","geometry":{"type":"Point","coordinates":[-75.181469,39.978094]},"properties":{"year":1960,"period":"1960","kind":"VA"}},{"type":"Feature","geometry":{"type":"Point","coordinates":[-75.18228,39.975951]},"properties":{"year":1960,"period":"1960","kind":"VA"}},{"type":"Feature","geometry":{"type":"Point","coordinates":[-75.235348,39.975104]},"properties":{"year":1960,"period":"1960","kind":"FHA"}},{"type":"Feature","geometry":{"type":"Point","coordinates":[-75.163492,40.043676]},"properties":{"year":1960,"period":"1960","kind":"FHA"}},{"type":"Feature","geometry":{"type":"Point","coordinates":[-75.052508,40.038202]},"properties":{"year":1960,"period":"1960","kind":"FHA"}},{"type":"Feature","geometry":{"type":"Point","coordinates":[-75.049967,40.050945]},"properties":{"year":1960,"period":"1960","kind":"FHA"}},{"type":"Feature","geometry":{"type":"Point","coordinates":[-75.228754,40.045906]},"properties":{"year":1960,"period":"1960","kind":"FHA"}},{"type":"Feature","geometry":{"type":"Point","coordinates":[-75.080701,40.043999]},"properties":{"year":1960,"period":"1960","kind":"FHA"}},{"type":"Feature","geometry":{"type":"Point","coordinates":[-75.176723,39.975322]},"properties":{"year":1960,"period":"1960","kind":"VA"}},{"type":"Feature","geometry":{"type":"Point","coordinates":[-75.0839,40.040109]},"properties":{"year":1960,"period":"1960","kind":"FHA"}},{"type":"Feature","geometry":{"type":"Point","coordinates":[-75.007131,40.057542]},"properties":{"year":1960,"period":"1960","kind":"FHA"}},{"type":"Feature","geometry":{"type":"Point","coordinates":[-75.006971,40.057629]},"properties":{"year":1960,"period":"1960","kind":"FHA"}},{"type":"Feature","geometry":{"type":"Point","coordinates":[-75.006783,40.05772]},"properties":{"year":1960,"period":"1960","kind":"FHA"}},{"type":"Feature","geometry":{"type":"Point","coordinates":[-75.056392,40.045312]},"properties":{"year":1960,"period":"1960","kind":"FHA"}},{"type":"Feature","geometry":{"type":"Point","coordinates":[-75.07922,40.036099]},"properties":{"year":1960,"period":"1960","kind":"FHA"}},{"type":"Feature","geometry":{"type":"Point","coordinates":[-75.091669,40.051612]},"properties":{"year":1960,"period":"1960","kind":"VA"}},{"type":"Feature","geometry":{"type":"Point","coordinates":[-75.066788,40.032286]},"properties":{"year":1960,"period":"1960","kind":"FHA"}},{"type":"Feature","geometry":{"type":"Point","coordinates":[-75.181256,40.05675]},"properties":{"year":1960,"period":"1960","kind":"FHA"}},{"type":"Feature","geometry":{"type":"Point","coordinates":[-75.164458,40.020373]},"properties":{"year":1960,"period":"1960","kind":"FHA"}},{"type":"Feature","geometry":{"type":"Point","coordinates":[-75.184902,39.987644]},"properties":{"year":1960,"period":"1960","kind":"FHA"}},{"type":"Feature","geometry":{"type":"Point","coordinates":[-75.22643,39.949411]},"properties":{"year":1960,"period":"1960","kind":"FHA"}},{"type":"Feature","geometry":{"type":"Point","coordinates":[-75.159856,40.051939]},"properties":{"year":1960,"period":"1960","kind":"VA"}},{"type":"Feature","geometry":{"type":"Point","coordinates":[-75.228265,40.046193]},"properties":{"year":1960,"period":"1960","kind":"FHA"}},{"type":"Feature","geometry":{"type":"Point","coordinates":[-75.155889,40.070445]},"properties":{"year":1960,"period":"1960","kind":"FHA"}},{"type":"Feature","geometry":{"type":"Point","coordinates":[-75.147903,40.010652]},"properties":{"year":1960,"period":"1960","kind":"VA"}},{"type":"Feature","geometry":{"type":"Point","coordinates":[-75.143922,39.989544]},"properties":{"year":1960,"period":"1960","kind":"VA"}},{"type":"Feature","geometry":{"type":"Point","coordinates":[-75.18491,40.044546]},"properties":{"year":1960,"period":"1960","kind":"VA"}},{"type":"Feature","geometry":{"type":"Point","coordinates":[-75.17311,40.049323]},"properties":{"year":1960,"period":"1960","kind":"FHA"}},{"type":"Feature","geometry":{"type":"Point","coordinates":[-75.183367,40.060329]},"properties":{"year":1960,"period":"1960","kind":"FHA"}},{"type":"Feature","geometry":{"type":"Point","coordinates":[-75.171232,39.969507]},"properties":{"year":1960,"period":"1960","kind":"VA"}},{"type":"Feature","geometry":{"type":"Point","coordinates":[-75.24275,39.977381]},"properties":{"year":1960,"period":"1960","kind":"FHA"}},{"type":"Feature","geometry":{"type":"Point","coordinates":[-75.236912,39.925441]},"properties":{"year":1960,"period":"1960","kind":"FHA"}},{"type":"Feature","geometry":{"type":"Point","coordinates":[-75.231167,39.952984]},"properties":{"year":1960,"period":"1960","kind":"FHA"}},{"type":"Feature","geometry":{"type":"Point","coordinates":[-75.23568,39.949829]},"properties":{"year":1960,"period":"1960","kind":"VA"}},{"type":"Feature","geometry":{"type":"Point","coordinates":[-75.186103,39.995009]},"properties":{"year":1960,"period":"1960","kind":"VA"}},{"type":"Feature","geometry":{"type":"Point","coordinates":[-75.024964,40.040726]},"properties":{"year":1960,"period":"1960","kind":"VA"}},{"type":"Feature","geometry":{"type":"Point","coordinates":[-75.056203,40.027886]},"properties":{"year":1960,"period":"1960","kind":"FHA"}},{"type":"Feature","geometry":{"type":"Point","coordinates":[-75.147632,40.042062]},"properties":{"year":1960,"period":"1960","kind":"FHA"}},{"type":"Feature","geometry":{"type":"Point","coordinates":[-75.068097,40.029081]},"properties":{"year":1960,"period":"1960","kind":"FHA"}},{"type":"Feature","geometry":{"type":"Point","coordinates":[-75.180591,39.982152]},"properties":{"year":1960,"period":"1960","kind":"VA"}},{"type":"Feature","geometry":{"type":"Point","coordinates":[-75.178206,40.07944]},"properties":{"year":1960,"period":"1960","kind":"FHA"}},{"type":"Feature","geometry":{"type":"Point","coordinates":[-75.157257,40.047433]},"properties":{"year":1960,"period":"1960","kind":"FHA"}},{"type":"Feature","geometry":{"type":"Point","coordinates":[-75.246223,39.944301]},"properties":{"year":1960,"period":"1960","kind":"FHA"}},{"type":"Feature","geometry":{"type":"Point","coordinates":[-75.232186,39.948904]},"properties":{"year":1960,"period":"1960","kind":"FHA"}},{"type":"Feature","geometry":{"type":"Point","coordinates":[-75.217757,39.940269]},"properties":{"year":1960,"period":"1960","kind":"VA"}},{"type":"Feature","geometry":{"type":"Point","coordinates":[-75.231502,39.954855]},"properties":{"year":1960,"period":"1960","kind":"FHA"}},{"type":"Feature","geometry":{"type":"Point","coordinates":[-75.230514,39.943665]},"properties":{"year":1960,"period":"1960","kind":"FHA"}},{"type":"Feature","geometry":{"type":"Point","coordinates":[-75.246286,39.951577]},"properties":{"year":1960,"period":"1960","kind":"FHA"}},{"type":"Feature","geometry":{"type":"Point","coordinates":[-75.028521,40.034155]},"properties":{"year":1960,"period":"1960","kind":"FHA"}},{"type":"Feature","geometry":{"type":"Point","coordinates":[-75.160107,39.979508]},"properties":{"year":1960,"period":"1960","kind":"VA"}},{"type":"Feature","geometry":{"type":"Point","coordinates":[-75.186792,39.982568]},"properties":{"year":1960,"period":"1960","kind":"VA"}},{"type":"Feature","geometry":{"type":"Point","coordinates":[-75.181646,39.991599]},"properties":{"year":1960,"period":"1960","kind":"VA"}},{"type":"Feature","geometry":{"type":"Point","coordinates":[-75.239275,39.953396]},"properties":{"year":1960,"period":"1960","kind":"FHA"}},{"type":"Feature","geometry":{"type":"Point","coordinates":[-75.240066,39.976498]},"properties":{"year":1960,"period":"1960","kind":"FHA"}},{"type":"Feature","geometry":{"type":"Point","coordinates":[-75.236934,39.968642]},"properties":{"year":1960,"period":"1960","kind":"FHA"}},{"type":"Feature","geometry":{"type":"Point","coordinates":[-75.232227,39.973398]},"properties":{"year":1960,"period":"1960","kind":"VA"}},{"type":"Feature","geometry":{"type":"Point","coordinates":[-75.172609,40.047852]},"properties":{"year":1960,"period":"1960","kind":"FHA"}},{"type":"Feature","geometry":{"type":"Point","coordinates":[-75.221188,39.955028]},"properties":{"year":1960,"period":"1960","kind":"FHA"}},{"type":"Feature","geometry":{"type":"Point","coordinates":[-75.222664,39.923943]},"properties":{"year":1960,"period":"1960","kind":"FHA"}},{"type":"Feature","geometry":{"type":"Point","coordinates":[-75.17714,40.081333]},"properties":{"year":1960,"period":"1960","kind":"FHA"}},{"type":"Feature","geometry":{"type":"Point","coordinates":[-75.034698,40.040634]},"properties":{"year":1960,"period":"1960","kind":"FHA"}},{"type":"Feature","geometry":{"type":"Point","coordinates":[-75.157105,40.041594]},"properties":{"year":1960,"period":"1960","kind":"VA"}},{"type":"Feature","geometry":{"type":"Point","coordinates":[-75.023184,40.059798]},"properties":{"year":1960,"period":"1960","kind":"FHA"}},{"type":"Feature","geometry":{"type":"Point","coordinates":[-75.063229,40.024387]},"properties":{"year":1960,"period":"1960","kind":"FHA"}},{"type":"Feature","geometry":{"type":"Point","coordinates":[-75.067814,40.064461]},"properties":{"year":1960,"period":"1960","kind":"FHA"}},{"type":"Feature","geometry":{"type":"Point","coordinates":[-75.124907,40.030775]},"properties":{"year":1960,"period":"1960","kind":"FHA"}},{"type":"Feature","geometry":{"type":"Point","coordinates":[-75.004677,40.062618]},"properties":{"year":1960,"period":"1960","kind":"FHA"}},{"type":"Feature","geometry":{"type":"Point","coordinates":[-75.007351,40.058137]},"properties":{"year":1960,"period":"1960","kind":"FHA"}},{"type":"Feature","geometry":{"type":"Point","coordinates":[-75.007114,40.051395]},"properties":{"year":1960,"period":"1960","kind":"FHA"}},{"type":"Feature","geometry":{"type":"Point","coordinates":[-75.023556,40.059889]},"properties":{"year":1960,"period":"1960","kind":"FHA"}},{"type":"Feature","geometry":{"type":"Point","coordinates":[-75.229769,40.045748]},"properties":{"year":1960,"period":"1960","kind":"FHA"}},{"type":"Feature","geometry":{"type":"Point","coordinates":[-75.002584,40.064254]},"properties":{"year":1960,"period":"1960","kind":"FHA"}},{"type":"Feature","geometry":{"type":"Point","coordinates":[-75.024059,40.060682]},"properties":{"year":1960,"period":"1960","kind":"FHA"}},{"type":"Feature","geometry":{"type":"Point","coordinates":[-75.209295,39.957484]},"properties":{"year":1960,"period":"1960","kind":"VA"}},{"type":"Feature","geometry":{"type":"Point","coordinates":[-75.186747,39.996634]},"properties":{"year":1960,"period":"1960","kind":"VA"}},{"type":"Feature","geometry":{"type":"Point","coordinates":[-75.17855,39.91115]},"properties":{"year":1960,"period":"1960","kind":"FHA"}},{"type":"Feature","geometry":{"type":"Point","coordinates":[-75.178567,39.911063]},"properties":{"year":1960,"period":"1960","kind":"FHA"}},{"type":"Feature","geometry":{"type":"Point","coordinates":[-75.226656,39.919923]},"properties":{"year":1960,"period":"1960","kind":"FHA"}},{"type":"Feature","geometry":{"type":"Point","coordinates":[-74.980123,40.09189]},"properties":{"year":1960,"period":"1960","kind":"FHA"}},{"type":"Feature","geometry":{"type":"Point","coordinates":[-75.164787,40.027838]},"properties":{"year":1960,"period":"1960","kind":"VA"}},{"type":"Feature","geometry":{"type":"Point","coordinates":[-75.22285,39.951666]},"properties":{"year":1960,"period":"1960","kind":"FHA"}},{"type":"Feature","geometry":{"type":"Point","coordinates":[-75.227948,39.948182]},"properties":{"year":1960,"period":"1960","kind":"FHA"}},{"type":"Feature","geometry":{"type":"Point","coordinates":[-75.141175,40.008581]},"properties":{"year":1960,"period":"1960","kind":"FHA"}},{"type":"Feature","geometry":{"type":"Point","coordinates":[-75.053383,40.042428]},"properties":{"year":1960,"period":"1960","kind":"FHA"}},{"type":"Feature","geometry":{"type":"Point","coordinates":[-75.158984,39.918347]},"properties":{"year":1960,"period":"1960","kind":"FHA"}},{"type":"Feature","geometry":{"type":"Point","coordinates":[-75.05423,40.032532]},"properties":{"year":1960,"period":"1960","kind":"FHA"}},{"type":"Feature","geometry":{"type":"Point","coordinates":[-75.185999,39.988524]},"properties":{"year":1960,"period":"1960","kind":"VA"}},{"type":"Feature","geometry":{"type":"Point","coordinates":[-74.982681,40.099704]},"properties":{"year":1960,"period":"1960","kind":"FHA"}},{"type":"Feature","geometry":{"type":"Point","coordinates":[-75.168255,39.972027]},"properties":{"year":1960,"period":"1960","kind":"VA"}},{"type":"Feature","geometry":{"type":"Point","coordinates":[-75.022233,40.111755]},"properties":{"year":1960,"period":"1960","kind":"FHA"}},{"type":"Feature","geometry":{"type":"Point","coordinates":[-75.022142,40.111682]},"properties":{"year":1960,"period":"1960","kind":"FHA"}},{"type":"Feature","geometry":{"type":"Point","coordinates":[-75.107922,40.025606]},"properties":{"year":1960,"period":"1960","kind":"FHA"}},{"type":"Feature","geometry":{"type":"Point","coordinates":[-75.07036,40.015151]},"properties":{"year":1960,"period":"1960","kind":"FHA"}},{"type":"Feature","geometry":{"type":"Point","coordinates":[-75.243069,39.945212]},"properties":{"year":1960,"period":"1960","kind":"FHA"}},{"type":"Feature","geometry":{"type":"Point","coordinates":[-75.221435,39.950368]},"properties":{"year":1960,"period":"1960","kind":"FHA"}},{"type":"Feature","geometry":{"type":"Point","coordinates":[-75.240552,39.98094]},"properties":{"year":1960,"period":"1960","kind":"FHA"}},{"type":"Feature","geometry":{"type":"Point","coordinates":[-75.206624,39.973204]},"properties":{"year":1960,"period":"1960","kind":"VA"}},{"type":"Feature","geometry":{"type":"Point","coordinates":[-75.145446,40.064728]},"properties":{"year":1960,"period":"1960","kind":"FHA"}},{"type":"Feature","geometry":{"type":"Point","coordinates":[-75.156016,40.045071]},"properties":{"year":1960,"period":"1960","kind":"FHA"}},{"type":"Feature","geometry":{"type":"Point","coordinates":[-75.065961,40.057771]},"properties":{"year":1960,"period":"1960","kind":"FHA"}},{"type":"Feature","geometry":{"type":"Point","coordinates":[-75.06806,40.05917]},"properties":{"year":1960,"period":"1960","kind":"FHA"}},{"type":"Feature","geometry":{"type":"Point","coordinates":[-75.148652,40.042518]},"properties":{"year":1960,"period":"1960","kind":"FHA"}},{"type":"Feature","geometry":{"type":"Point","coordinates":[-75.1781,40.082579]},"properties":{"year":1960,"period":"1960","kind":"FHA"}},{"type":"Feature","geometry":{"type":"Point","coordinates":[-75.034696,40.079172]},"properties":{"year":1960,"period":"1960","kind":"FHA"}},{"type":"Feature","geometry":{"type":"Point","coordinates":[-75.181874,39.992582]},"properties":{"year":1960,"period":"1960","kind":"VA"}},{"type":"Feature","geometry":{"type":"Point","coordinates":[-75.233207,39.963147]},"properties":{"year":1960,"period":"1960","kind":"VA"}},{"type":"Feature","geometry":{"type":"Point","coordinates":[-75.163305,39.995486]},"properties":{"year":1960,"period":"1960","kind":"VA"}},{"type":"Feature","geometry":{"type":"Point","coordinates":[-75.154862,40.050681]},"properties":{"year":1960,"period":"1960","kind":"FHA"}},{"type":"Feature","geometry":{"type":"Point","coordinates":[-75.146066,39.982585]},"properties":{"year":1960,"period":"1960","kind":"VA"}},{"type":"Feature","geometry":{"type":"Point","coordinates":[-75.148643,40.045809]},"properties":{"year":1960,"period":"1960","kind":"FHA"}},{"type":"Feature","geometry":{"type":"Point","coordinates":[-75.236648,39.977356]},"properties":{"year":1960,"period":"1960","kind":"FHA"}},{"type":"Feature","geometry":{"type":"Point","coordinates":[-75.170695,40.075612]},"properties":{"year":1960,"period":"1960","kind":"FHA"}},{"type":"Feature","geometry":{"type":"Point","coordinates":[-75.136193,40.017853]},"properties":{"year":1960,"period":"1960","kind":"FHA"}},{"type":"Feature","geometry":{"type":"Point","coordinates":[-75.168186,39.99447]},"properties":{"year":1960,"period":"1960","kind":"VA"}},{"type":"Feature","geometry":{"type":"Point","coordinates":[-75.132959,40.041059]},"properties":{"year":1960,"period":"1960","kind":"FHA"}},{"type":"Feature","geometry":{"type":"Point","coordinates":[-75.003165,40.065244]},"properties":{"year":1960,"period":"1960","kind":"FHA"}},{"type":"Feature","geometry":{"type":"Point","coordinates":[-75.161939,40.060626]},"properties":{"year":1960,"period":"1960","kind":"FHA"}},{"type":"Feature","geometry":{"type":"Point","coordinates":[-75.241717,39.947649]},"properties":{"year":1960,"period":"1960","kind":"FHA"}},{"type":"Feature","geometry":{"type":"Point","coordinates":[-75.235868,39.947863]},"properties":{"year":1960,"period":"1960","kind":"FHA"}},{"type":"Feature","geometry":{"type":"Point","coordinates":[-75.170264,40.003149]},"properties":{"year":1960,"period":"1960","kind":"FHA"}},{"type":"Feature","geometry":{"type":"Point","coordinates":[-75.125384,40.002168]},"properties":{"year":1960,"period":"1960","kind":"FHA"}},{"type":"Feature","geometry":{"type":"Point","coordinates":[-75.185146,39.987198]},"properties":{"year":1960,"period":"1960","kind":"VA"}},{"type":"Feature","geometry":{"type":"Point","coordinates":[-75.203132,39.973155]},"properties":{"year":1960,"period":"1960","kind":"VA"}},{"type":"Feature","geometry":{"type":"Point","coordinates":[-75.136985,40.044472]},"properties":{"year":1960,"period":"1960","kind":"FHA"}},{"type":"Feature","geometry":{"type":"Point","coordinates":[-75.183945,40.040943]},"properties":{"year":1960,"period":"1960","kind":"FHA"}},{"type":"Feature","geometry":{"type":"Point","coordinates":[-75.104016,40.04911]},"properties":{"year":1960,"period":"1960","kind":"FHA"}},{"type":"Feature","geometry":{"type":"Point","coordinates":[-75.242706,39.948787]},"properties":{"year":1960,"period":"1960","kind":"FHA"}},{"type":"Feature","geometry":{"type":"Point","coordinates":[-75.239403,39.977239]},"properties":{"year":1960,"period":"1960","kind":"VA"}},{"type":"Feature","geometry":{"type":"Point","coordinates":[-75.246097,39.97394]},"properties":{"year":1960,"period":"1960","kind":"FHA"}},{"type":"Feature","geometry":{"type":"Point","coordinates":[-75.241432,39.976848]},"properties":{"year":1960,"period":"1960","kind":"VA"}},{"type":"Feature","geometry":{"type":"Point","coordinates":[-75.241655,39.97798]},"properties":{"year":1960,"period":"1960","kind":"FHA"}},{"type":"Feature","geometry":{"type":"Point","coordinates":[-75.227481,39.973908]},"properties":{"year":1960,"period":"1960","kind":"VA"}},{"type":"Feature","geometry":{"type":"Point","coordinates":[-75.220515,39.953365]},"properties":{"year":1960,"period":"1960","kind":"FHA"}},{"type":"Feature","geometry":{"type":"Point","coordinates":[-75.210914,40.023208]},"properties":{"year":1960,"period":"1960","kind":"FHA"}},{"type":"Feature","geometry":{"type":"Point","coordinates":[-75.142292,39.986467]},"properties":{"year":1960,"period":"1960","kind":"VA"}},{"type":"Feature","geometry":{"type":"Point","coordinates":[-75.134447,40.030662]},"properties":{"year":1960,"period":"1960","kind":"FHA"}},{"type":"Feature","geometry":{"type":"Point","coordinates":[-75.136069,40.013311]},"properties":{"year":1960,"period":"1960","kind":"FHA"}},{"type":"Feature","geometry":{"type":"Point","coordinates":[-75.03254,40.079302]},"properties":{"year":1960,"period":"1960","kind":"FHA"}},{"type":"Feature","geometry":{"type":"Point","coordinates":[-75.149036,39.995426]},"properties":{"year":1960,"period":"1960","kind":"VA"}},{"type":"Feature","geometry":{"type":"Point","coordinates":[-75.151394,39.991766]},"properties":{"year":1960,"period":"1960","kind":"VA"}},{"type":"Feature","geometry":{"type":"Point","coordinates":[-75.139454,39.988364]},"properties":{"year":1960,"period":"1960","kind":"VA"}},{"type":"Feature","geometry":{"type":"Point","coordinates":[-75.168038,40.035213]},"properties":{"year":1960,"period":"1960","kind":"FHA"}},{"type":"Feature","geometry":{"type":"Point","coordinates":[-75.162289,39.993489]},"properties":{"year":1960,"period":"1960","kind":"VA"}},{"type":"Feature","geometry":{"type":"Point","coordinates":[-75.243116,39.971066]},"properties":{"year":1960,"period":"1960","kind":"FHA"}},{"type":"Feature","geometry":{"type":"Point","coordinates":[-75.268658,39.972906]},"properties":{"year":1960,"period":"1960","kind":"FHA"}},{"type":"Feature","geometry":{"type":"Point","coordinates":[-75.160029,40.053761]},"properties":{"year":1960,"period":"1960","kind":"FHA"}},{"type":"Feature","geometry":{"type":"Point","coordinates":[-75.177061,39.996372]},"properties":{"year":1960,"period":"1960","kind":"VA"}},{"type":"Feature","geometry":{"type":"Point","coordinates":[-75.180854,39.976166]},"properties":{"year":1960,"period":"1960","kind":"VA"}},{"type":"Feature","geometry":{"type":"Point","coordinates":[-75.185205,39.991455]},"properties":{"year":1960,"period":"1960","kind":"VA"}},{"type":"Feature","geometry":{"type":"Point","coordinates":[-75.14562,40.023457]},"properties":{"year":1960,"period":"1960","kind":"FHA"}},{"type":"Feature","geometry":{"type":"Point","coordinates":[-75.183419,39.987286]},"properties":{"year":1960,"period":"1960","kind":"VA"}},{"type":"Feature","geometry":{"type":"Point","coordinates":[-75.232353,39.96456]},"properties":{"year":1960,"period":"1960","kind":"VA"}},{"type":"Feature","geometry":{"type":"Point","coordinates":[-75.127635,40.051247]},"properties":{"year":1960,"period":"1960","kind":"FHA"}},{"type":"Feature","geometry":{"type":"Point","coordinates":[-75.030512,40.033148]},"properties":{"year":1960,"period":"1960","kind":"FHA"}},{"type":"Feature","geometry":{"type":"Point","coordinates":[-75.227959,39.951321]},"properties":{"year":1960,"period":"1960","kind":"FHA"}},{"type":"Feature","geometry":{"type":"Point","coordinates":[-75.2436,39.973356]},"properties":{"year":1960,"period":"1960","kind":"VA"}},{"type":"Feature","geometry":{"type":"Point","coordinates":[-75.247527,39.954802]},"properties":{"year":1960,"period":"1960","kind":"VA"}},{"type":"Feature","geometry":{"type":"Point","coordinates":[-75.244659,39.977768]},"properties":{"year":1960,"period":"1960","kind":"FHA"}},{"type":"Feature","geometry":{"type":"Point","coordinates":[-75.241045,39.97715]},"properties":{"year":1960,"period":"1960","kind":"FHA"}},{"type":"Feature","geometry":{"type":"Point","coordinates":[-75.202777,39.972497]},"properties":{"year":1960,"period":"1960","kind":"FHA"}},{"type":"Feature","geometry":{"type":"Point","coordinates":[-75.231866,39.934568]},"properties":{"year":1960,"period":"1960","kind":"FHA"}},{"type":"Feature","geometry":{"type":"Point","coordinates":[-75.195612,40.012721]},"properties":{"year":1960,"period":"1960","kind":"FHA"}},{"type":"Feature","geometry":{"type":"Point","coordinates":[-75.126102,40.000092]},"properties":{"year":1960,"period":"1960","kind":"FHA"}},{"type":"Feature","geometry":{"type":"Point","coordinates":[-75.032558,40.079466]},"properties":{"year":1960,"period":"1960","kind":"FHA"}},{"type":"Feature","geometry":{"type":"Point","coordinates":[-75.222771,40.04613]},"properties":{"year":1960,"period":"1960","kind":"VA"}},{"type":"Feature","geometry":{"type":"Point","coordinates":[-75.03255,40.079383]},"properties":{"year":1960,"period":"1960","kind":"FHA"}},{"type":"Feature","geometry":{"type":"Point","coordinates":[-75.189707,39.964107]},"properties":{"year":1960,"period":"1960","kind":"VA"}},{"type":"Feature","geometry":{"type":"Point","coordinates":[-75.078948,40.042413]},"properties":{"year":1960,"period":"1960","kind":"FHA"}},{"type":"Feature","geometry":{"type":"Point","coordinates":[-75.031496,40.06672]},"properties":{"year":1960,"period":"1960","kind":"FHA"}},{"type":"Feature","geometry":{"type":"Point","coordinates":[-75.208584,40.018788]},"properties":{"year":1960,"period":"1960","kind":"FHA"}},{"type":"Feature","geometry":{"type":"Point","coordinates":[-75.161736,39.972415]},"properties":{"year":1960,"period":"1960","kind":"VA"}},{"type":"Feature","geometry":{"type":"Point","coordinates":[-75.180691,39.983071]},"properties":{"year":1960,"period":"1960","kind":"VA"}},{"type":"Feature","geometry":{"type":"Point","coordinates":[-75.168896,39.995563]},"properties":{"year":1960,"period":"1960","kind":"FHA"}},{"type":"Feature","geometry":{"type":"Point","coordinates":[-75.231449,39.954848]},"properties":{"year":1960,"period":"1960","kind":"FHA"}},{"type":"Feature","geometry":{"type":"Point","coordinates":[-75.242383,39.968101]},"properties":{"year":1960,"period":"1960","kind":"VA"}},{"type":"Feature","geometry":{"type":"Point","coordinates":[-75.23591,39.984782]},"properties":{"year":1960,"period":"1960","kind":"FHA"}},{"type":"Feature","geometry":{"type":"Point","coordinates":[-75.211824,39.947108]},"properties":{"year":1960,"period":"1960","kind":"VA"}},{"type":"Feature","geometry":{"type":"Point","coordinates":[-75.233701,39.919722]},"properties":{"year":1960,"period":"1960","kind":"FHA"}},{"type":"Feature","geometry":{"type":"Point","coordinates":[-75.218262,39.940652]},"properties":{"year":1960,"period":"1960","kind":"FHA"}},{"type":"Feature","geometry":{"type":"Point","coordinates":[-75.242793,39.972856]},"properties":{"year":1960,"period":"1960","kind":"FHA"}},{"type":"Feature","geometry":{"type":"Point","coordinates":[-75.144442,39.996579]},"properties":{"year":1960,"period":"1960","kind":"VA"}},{"type":"Feature","geometry":{"type":"Point","coordinates":[-75.162953,39.996196]},"properties":{"year":1960,"period":"1960","kind":"VA"}},{"type":"Feature","geometry":{"type":"Point","coordinates":[-75.151508,40.06403]},"properties":{"year":1960,"period":"1960","kind":"FHA"}},{"type":"Feature","geometry":{"type":"Point","coordinates":[-75.073826,40.036698]},"properties":{"year":1960,"period":"1960","kind":"FHA"}},{"type":"Feature","geometry":{"type":"Point","coordinates":[-75.13755,40.012404]},"properties":{"year":1960,"period":"1960","kind":"FHA"}},{"type":"Feature","geometry":{"type":"Point","coordinates":[-75.171889,39.993218]},"properties":{"year":1960,"period":"1960","kind":"FHA"}},{"type":"Feature","geometry":{"type":"Point","coordinates":[-75.174292,40.045795]},"properties":{"year":1960,"period":"1960","kind":"FHA"}},{"type":"Feature","geometry":{"type":"Point","coordinates":[-75.181182,40.035778]},"properties":{"year":1960,"period":"1960","kind":"FHA"}},{"type":"Feature","geometry":{"type":"Point","coordinates":[-75.180976,40.056288]},"properties":{"year":1960,"period":"1960","kind":"FHA"}},{"type":"Feature","geometry":{"type":"Point","coordinates":[-75.235564,40.06777]},"properties":{"year":1960,"period":"1960","kind":"FHA"}},{"type":"Feature","geometry":{"type":"Point","coordinates":[-75.149304,40.064778]},"properties":{"year":1960,"period":"1960","kind":"FHA"}},{"type":"Feature","geometry":{"type":"Point","coordinates":[-75.068609,40.020768]},"properties":{"year":1960,"period":"1960","kind":"FHA"}},{"type":"Feature","geometry":{"type":"Point","coordinates":[-75.02415,40.060188]},"properties":{"year":1960,"period":"1960","kind":"FHA"}},{"type":"Feature","geometry":{"type":"Point","coordinates":[-75.020533,40.094994]},"properties":{"year":1960,"period":"1960","kind":"FHA"}},{"type":"Feature","geometry":{"type":"Point","coordinates":[-75.18566,39.986233]},"properties":{"year":1960,"period":"1960","kind":"VA"}},{"type":"Feature","geometry":{"type":"Point","coordinates":[-75.152325,40.049808]},"properties":{"year":1960,"period":"1960","kind":"FHA"}},{"type":"Feature","geometry":{"type":"Point","coordinates":[-75.180165,39.992546]},"properties":{"year":1960,"period":"1960","kind":"VA"}},{"type":"Feature","geometry":{"type":"Point","coordinates":[-75.149751,39.995736]},"properties":{"year":1960,"period":"1960","kind":"FHA"}},{"type":"Feature","geometry":{"type":"Point","coordinates":[-75.158818,40.049006]},"properties":{"year":1960,"period":"1960","kind":"FHA"}},{"type":"Feature","geometry":{"type":"Point","coordinates":[-75.225018,39.942629]},"properties":{"year":1960,"period":"1960","kind":"FHA"}},{"type":"Feature","geometry":{"type":"Point","coordinates":[-75.242923,39.957501]},"properties":{"year":1960,"period":"1960","kind":"VA"}},{"type":"Feature","geometry":{"type":"Point","coordinates":[-75.234329,39.985639]},"properties":{"year":1960,"period":"1960","kind":"FHA"}},{"type":"Feature","geometry":{"type":"Point","coordinates":[-75.108422,40.034614]},"properties":{"year":1960,"period":"1960","kind":"FHA"}},{"type":"Feature","geometry":{"type":"Point","coordinates":[-75.068201,40.070721]},"properties":{"year":1960,"period":"1960","kind":"FHA"}},{"type":"Feature","geometry":{"type":"Point","coordinates":[-75.067824,40.069634]},"properties":{"year":1960,"period":"1960","kind":"FHA"}},{"type":"Feature","geometry":{"type":"Point","coordinates":[-75.048489,40.086249]},"properties":{"year":1960,"period":"1960","kind":"FHA"}},{"type":"Feature","geometry":{"type":"Point","coordinates":[-75.174719,39.99135]},"properties":{"year":1960,"period":"1960","kind":"VA"}},{"type":"Feature","geometry":{"type":"Point","coordinates":[-75.160225,40.065388]},"properties":{"year":1960,"period":"1960","kind":"FHA"}},{"type":"Feature","geometry":{"type":"Point","coordinates":[-75.149064,40.043009]},"properties":{"year":1960,"period":"1960","kind":"FHA"}},{"type":"Feature","geometry":{"type":"Point","coordinates":[-75.167759,40.000177]},"properties":{"year":1960,"period":"1960","kind":"FHA"}},{"type":"Feature","geometry":{"type":"Point","coordinates":[-75.245472,39.968835]},"properties":{"year":1960,"period":"1960","kind":"VA"}},{"type":"Feature","geometry":{"type":"Point","coordinates":[-75.236709,39.948391]},"properties":{"year":1960,"period":"1960","kind":"VA"}},{"type":"Feature","geometry":{"type":"Point","coordinates":[-75.232921,39.915808]},"properties":{"year":1960,"period":"1960","kind":"FHA"}},{"type":"Feature","geometry":{"type":"Point","coordinates":[-75.113916,40.000102]},"properties":{"year":1960,"period":"1960","kind":"FHA"}},{"type":"Feature","geometry":{"type":"Point","coordinates":[-75.112653,40.017755]},"properties":{"year":1960,"period":"1960","kind":"FHA"}},{"type":"Feature","geometry":{"type":"Point","coordinates":[-75.107572,39.98617]},"properties":{"year":1960,"period":"1960","kind":"FHA"}},{"type":"Feature","geometry":{"type":"Point","coordinates":[-75.143871,39.989537]},"properties":{"year":1960,"period":"1960","kind":"FHA"}},{"type":"Feature","geometry":{"type":"Point","coordinates":[-75.180099,39.974473]},"properties":{"year":1960,"period":"1960","kind":"VA"}},{"type":"Feature","geometry":{"type":"Point","coordinates":[-75.24396,39.944998]},"properties":{"year":1960,"period":"1960","kind":"VA"}},{"type":"Feature","geometry":{"type":"Point","coordinates":[-75.137013,40.044338]},"properties":{"year":1960,"period":"1960","kind":"FHA"}},{"type":"Feature","geometry":{"type":"Point","coordinates":[-75.137023,40.044295]},"properties":{"year":1960,"period":"1960","kind":"FHA"}},{"type":"Feature","geometry":{"type":"Point","coordinates":[-75.145215,40.0426]},"properties":{"year":1960,"period":"1960","kind":"FHA"}},{"type":"Feature","geometry":{"type":"Point","coordinates":[-75.067813,40.013075]},"properties":{"year":1960,"period":"1960","kind":"FHA"}},{"type":"Feature","geometry":{"type":"Point","coordinates":[-75.222163,39.94152]},"properties":{"year":1960,"period":"1960","kind":"FHA"}},{"type":"Feature","geometry":{"type":"Point","coordinates":[-75.231594,39.936191]},"properties":{"year":1960,"period":"1960","kind":"FHA"}},{"type":"Feature","geometry":{"type":"Point","coordinates":[-75.220295,40.02883]},"properties":{"year":1960,"period":"1960","kind":"FHA"}},{"type":"Feature","geometry":{"type":"Point","coordinates":[-75.186721,40.062838]},"properties":{"year":1960,"period":"1960","kind":"FHA"}},{"type":"Feature","geometry":{"type":"Point","coordinates":[-75.080323,40.038343]},"properties":{"year":1960,"period":"1960","kind":"FHA"}},{"type":"Feature","geometry":{"type":"Point","coordinates":[-75.09092,40.032486]},"properties":{"year":1960,"period":"1960","kind":"FHA"}},{"type":"Feature","geometry":{"type":"Point","coordinates":[-75.007858,40.057849]},"properties":{"year":1960,"period":"1960","kind":"FHA"}},{"type":"Feature","geometry":{"type":"Point","coordinates":[-75.180734,40.060448]},"properties":{"year":1960,"period":"1960","kind":"FHA"}},{"type":"Feature","geometry":{"type":"Point","coordinates":[-75.037033,40.038963]},"properties":{"year":1960,"period":"1960","kind":"FHA"}},{"type":"Feature","geometry":{"type":"Point","coordinates":[-75.177086,39.99865]},"properties":{"year":1960,"period":"1960","kind":"FHA"}},{"type":"Feature","geometry":{"type":"Point","coordinates":[-75.163205,40.060379]},"properties":{"year":1960,"period":"1960","kind":"FHA"}},{"type":"Feature","geometry":{"type":"Point","coordinates":[-75.242581,39.968641]},"properties":{"year":1960,"period":"1960","kind":"VA"}},{"type":"Feature","geometry":{"type":"Point","coordinates":[-75.223531,39.959582]},"properties":{"year":1960,"period":"1960","kind":"VA"}},{"type":"Feature","geometry":{"type":"Point","coordinates":[-75.151987,40.049764]},"properties":{"year":1960,"period":"1960","kind":"FHA"}},{"type":"Feature","geometry":{"type":"Point","coordinates":[-75.16735,39.926579]},"properties":{"year":1960,"period":"1960","kind":"VA"}},{"type":"Feature","geometry":{"type":"Point","coordinates":[-75.147958,39.997472]},"properties":{"year":1960,"period":"1960","kind":"FHA"}},{"type":"Feature","geometry":{"type":"Point","coordinates":[-75.180276,39.981578]},"properties":{"year":1960,"period":"1960","kind":"VA"}},{"type":"Feature","geometry":{"type":"Point","coordinates":[-75.227019,39.979826]},"properties":{"year":1960,"period":"1960","kind":"VA"}},{"type":"Feature","geometry":{"type":"Point","coordinates":[-75.229868,39.9317]},"properties":{"year":1960,"period":"1960","kind":"VA"}},{"type":"Feature","geometry":{"type":"Point","coordinates":[-75.197384,40.051974]},"properties":{"year":1960,"period":"1960","kind":"FHA"}},{"type":"Feature","geometry":{"type":"Point","coordinates":[-75.169356,39.997231]},"properties":{"year":1960,"period":"1960","kind":"FHA"}},{"type":"Feature","geometry":{"type":"Point","coordinates":[-75.244891,39.956715]},"properties":{"year":1960,"period":"1960","kind":"FHA"}},{"type":"Feature","geometry":{"type":"Point","coordinates":[-75.241894,39.948221]},"properties":{"year":1960,"period":"1960","kind":"FHA"}},{"type":"Feature","geometry":{"type":"Point","coordinates":[-75.145583,39.940744]},"properties":{"year":1960,"period":"1960","kind":"VA"}},{"type":"Feature","geometry":{"type":"Point","coordinates":[-75.241357,39.912546]},"properties":{"year":1960,"period":"1960","kind":"FHA"}},{"type":"Feature","geometry":{"type":"Point","coordinates":[-75.154081,39.934729]},"properties":{"year":1960,"period":"1960","kind":"VA"}},{"type":"Feature","geometry":{"type":"Point","coordinates":[-75.244588,39.958342]},"properties":{"year":1960,"period":"1960","kind":"VA"}},{"type":"Feature","geometry":{"type":"Point","coordinates":[-75.244115,39.962894]},"properties":{"year":1960,"period":"1960","kind":"VA"}},{"type":"Feature","geometry":{"type":"Point","coordinates":[-75.195573,40.052031]},"properties":{"year":1960,"period":"1960","kind":"FHA"}},{"type":"Feature","geometry":{"type":"Point","coordinates":[-75.13688,40.044951]},"properties":{"year":1960,"period":"1960","kind":"FHA"}},{"type":"Feature","geometry":{"type":"Point","coordinates":[-75.146654,39.979651]},"properties":{"year":1960,"period":"1960","kind":"VA"}},{"type":"Feature","geometry":{"type":"Point","coordinates":[-75.177253,40.048032]},"properties":{"year":1960,"period":"1960","kind":"FHA"}},{"type":"Feature","geometry":{"type":"Point","coordinates":[-75.100038,40.008137]},"properties":{"year":1960,"period":"1960","kind":"FHA"}},{"type":"Feature","geometry":{"type":"Point","coordinates":[-75.225887,39.935625]},"properties":{"year":1960,"period":"1960","kind":"VA"}},{"type":"Feature","geometry":{"type":"Point","coordinates":[-75.239527,39.949605]},"properties":{"year":1960,"period":"1960","kind":"FHA"}},{"type":"Feature","geometry":{"type":"Point","coordinates":[-75.242781,39.953528]},"properties":{"year":1960,"period":"1960","kind":"VA"}},{"type":"Feature","geometry":{"type":"Point","coordinates":[-75.247126,39.960141]},"properties":{"year":1960,"period":"1960","kind":"FHA"}},{"type":"Feature","geometry":{"type":"Point","coordinates":[-75.241523,39.928934]},"properties":{"year":1960,"period":"1960","kind":"FHA"}},{"type":"Feature","geometry":{"type":"Point","coordinates":[-75.218832,39.937297]},"properties":{"year":1960,"period":"1960","kind":"FHA"}},{"type":"Feature","geometry":{"type":"Point","coordinates":[-75.228851,39.932573]},"properties":{"year":1960,"period":"1960","kind":"VA"}},{"type":"Feature","geometry":{"type":"Point","coordinates":[-75.23176,39.95011]},"properties":{"year":1960,"period":"1960","kind":"FHA"}},{"type":"Feature","geometry":{"type":"Point","coordinates":[-75.152503,40.060286]},"properties":{"year":1960,"period":"1960","kind":"FHA"}},{"type":"Feature","geometry":{"type":"Point","coordinates":[-75.160799,40.048824]},"properties":{"year":1960,"period":"1960","kind":"FHA"}},{"type":"Feature","geometry":{"type":"Point","coordinates":[-75.163623,40.0378]},"properties":{"year":1960,"period":"1960","kind":"FHA"}},{"type":"Feature","geometry":{"type":"Point","coordinates":[-75.007051,40.051322]},"properties":{"year":1960,"period":"1960","kind":"FHA"}},{"type":"Feature","geometry":{"type":"Point","coordinates":[-75.078308,40.035849]},"properties":{"year":1960,"period":"1960","kind":"FHA"}},{"type":"Feature","geometry":{"type":"Point","coordinates":[-75.236583,39.947416]},"properties":{"year":1960,"period":"1960","kind":"VA"}},{"type":"Feature","geometry":{"type":"Point","coordinates":[-75.239169,39.951113]},"properties":{"year":1960,"period":"1960","kind":"FHA"}},{"type":"Feature","geometry":{"type":"Point","coordinates":[-75.232783,39.978141]},"properties":{"year":1960,"period":"1960","kind":"VA"}},{"type":"Feature","geometry":{"type":"Point","coordinates":[-75.233762,39.979441]},"properties":{"year":1960,"period":"1960","kind":"VA"}},{"type":"Feature","geometry":{"type":"Point","coordinates":[-75.161446,40.070073]},"properties":{"year":1960,"period":"1960","kind":"FHA"}},{"type":"Feature","geometry":{"type":"Point","coordinates":[-75.158432,40.049804]},"properties":{"year":1960,"period":"1960","kind":"VA"}},{"type":"Feature","geometry":{"type":"Point","coordinates":[-75.24217,39.967277]},"properties":{"year":1960,"period":"1960","kind":"VA"}},{"type":"Feature","geometry":{"type":"Point","coordinates":[-75.144606,39.988142]},"properties":{"year":1960,"period":"1960","kind":"VA"}},{"type":"Feature","geometry":{"type":"Point","coordinates":[-75.176812,39.996593]},"properties":{"year":1960,"period":"1960","kind":"VA"}},{"type":"Feature","geometry":{"type":"Point","coordinates":[-75.146405,40.044291]},"properties":{"year":1960,"period":"1960","kind":"FHA"}},{"type":"Feature","geometry":{"type":"Point","coordinates":[-75.209527,40.024046]},"properties":{"year":1960,"period":"1960","kind":"FHA"}},{"type":"Feature","geometry":{"type":"Point","coordinates":[-75.176336,39.931505]},"properties":{"year":1960,"period":"1960","kind":"FHA"}},{"type":"Feature","geometry":{"type":"Point","coordinates":[-75.039512,40.033362]},"properties":{"year":1960,"period":"1960","kind":"FHA"}},{"type":"Feature","geometry":{"type":"Point","coordinates":[-75.097007,40.027765]},"properties":{"year":1960,"period":"1960","kind":"FHA"}},{"type":"Feature","geometry":{"type":"Point","coordinates":[-75.15911,40.05704]},"properties":{"year":1960,"period":"1960","kind":"FHA"}},{"type":"Feature","geometry":{"type":"Point","coordinates":[-75.141323,40.009064]},"properties":{"year":1960,"period":"1960","kind":"FHA"}},{"type":"Feature","geometry":{"type":"Point","coordinates":[-75.142883,39.999035]},"properties":{"year":1960,"period":"1960","kind":"FHA"}},{"type":"Feature","geometry":{"type":"Point","coordinates":[-75.13364,40.040511]},"properties":{"year":1960,"period":"1960","kind":"VA"}},{"type":"Feature","geometry":{"type":"Point","coordinates":[-75.076073,40.048499]},"properties":{"year":1960,"period":"1960","kind":"FHA"}},{"type":"Feature","geometry":{"type":"Point","coordinates":[-75.16839,39.9939]},"properties":{"year":1960,"period":"1960","kind":"VA"}},{"type":"Feature","geometry":{"type":"Point","coordinates":[-75.065077,40.010616]},"properties":{"year":1960,"period":"1960","kind":"FHA"}},{"type":"Feature","geometry":{"type":"Point","coordinates":[-75.144543,39.989331]},"properties":{"year":1960,"period":"1960","kind":"VA"}},{"type":"Feature","geometry":{"type":"Point","coordinates":[-75.069765,40.021871]},"properties":{"year":1960,"period":"1960","kind":"FHA"}},{"type":"Feature","geometry":{"type":"Point","coordinates":[-75.084516,40.037247]},"properties":{"year":1960,"period":"1960","kind":"FHA"}},{"type":"Feature","geometry":{"type":"Point","coordinates":[-75.089142,40.03693]},"properties":{"year":1960,"period":"1960","kind":"FHA"}},{"type":"Feature","geometry":{"type":"Point","coordinates":[-75.148336,40.046894]},"properties":{"year":1960,"period":"1960","kind":"FHA"}},{"type":"Feature","geometry":{"type":"Point","coordinates":[-75.025855,40.04558]},"properties":{"year":1960,"period":"1960","kind":"FHA"}},{"type":"Feature","geometry":{"type":"Point","coordinates":[-75.023853,40.060347]},"properties":{"year":1960,"period":"1960","kind":"FHA"}},{"type":"Feature","geometry":{"type":"Point","coordinates":[-75.054937,40.023456]},"properties":{"year":1960,"period":"1960","kind":"FHA"}},{"type":"Feature","geometry":{"type":"Point","coordinates":[-75.008067,40.058095]},"properties":{"year":1960,"period":"1960","kind":"FHA"}},{"type":"Feature","geometry":{"type":"Point","coordinates":[-74.978244,40.097554]},"properties":{"year":1960,"period":"1960","kind":"FHA"}},{"type":"Feature","geometry":{"type":"Point","coordinates":[-75.114803,40.020747]},"properties":{"year":1960,"period":"1960","kind":"FHA"}},{"type":"Feature","geometry":{"type":"Point","coordinates":[-75.166294,39.963946]},"properties":{"year":1960,"period":"1960","kind":"VA"}},{"type":"Feature","geometry":{"type":"Point","coordinates":[-75.207295,40.020058]},"properties":{"year":1960,"period":"1960","kind":"FHA"}},{"type":"Feature","geometry":{"type":"Point","coordinates":[-75.141474,40.023593]},"properties":{"year":1960,"period":"1960","kind":"FHA"}},{"type":"Feature","geometry":{"type":"Point","coordinates":[-75.178585,39.910975]},"properties":{"year":1960,"period":"1960","kind":"FHA"}},{"type":"Feature","geometry":{"type":"Point","coordinates":[-75.17822,39.911196]},"properties":{"year":1960,"period":"1960","kind":"FHA"}},{"type":"Feature","geometry":{"type":"Point","coordinates":[-75.177693,39.911357]},"properties":{"year":1960,"period":"1960","kind":"FHA"}},{"type":"Feature","geometry":{"type":"Point","coordinates":[-75.244919,39.967577]},"properties":{"year":1960,"period":"1960","kind":"VA"}},{"type":"Feature","geometry":{"type":"Point","coordinates":[-75.177693,39.911357]},"properties":{"year":1960,"period":"1960","kind":"FHA"}},{"type":"Feature","geometry":{"type":"Point","coordinates":[-75.162694,40.075393]},"properties":{"year":1960,"period":"1960","kind":"FHA"}},{"type":"Feature","geometry":{"type":"Point","coordinates":[-75.165464,40.029277]},"properties":{"year":1960,"period":"1960","kind":"FHA"}},{"type":"Feature","geometry":{"type":"Point","coordinates":[-75.099512,40.000616]},"properties":{"year":1960,"period":"1960","kind":"FHA"}},{"type":"Feature","geometry":{"type":"Point","coordinates":[-75.178663,40.044175]},"properties":{"year":1960,"period":"1960","kind":"FHA"}},{"type":"Feature","geometry":{"type":"Point","coordinates":[-75.241799,39.95273]},"properties":{"year":1960,"period":"1960","kind":"FHA"}},{"type":"Feature","geometry":{"type":"Point","coordinates":[-75.199792,39.960748]},"properties":{"year":1960,"period":"1960","kind":"VA"}},{"type":"Feature","geometry":{"type":"Point","coordinates":[-75.247705,39.950966]},"properties":{"year":1960,"period":"1960","kind":"FHA"}},{"type":"Feature","geometry":{"type":"Point","coordinates":[-74.982189,40.097843]},"properties":{"year":1960,"period":"1960","kind":"FHA"}},{"type":"Feature","geometry":{"type":"Point","coordinates":[-75.031426,40.066677]},"properties":{"year":1960,"period":"1960","kind":"FHA"}},{"type":"Feature","geometry":{"type":"Point","coordinates":[-75.03164,40.066805]},"properties":{"year":1960,"period":"1960","kind":"FHA"}},{"type":"Feature","geometry":{"type":"Point","coordinates":[-75.165553,40.006267]},"properties":{"year":1960,"period":"1960","kind":"FHA"}},{"type":"Feature","geometry":{"type":"Point","coordinates":[-75.145302,40.04287]},"properties":{"year":1960,"period":"1960","kind":"FHA"}},{"type":"Feature","geometry":{"type":"Point","coordinates":[-75.241209,39.954988]},"properties":{"year":1960,"period":"1960","kind":"FHA"}},{"type":"Feature","geometry":{"type":"Point","coordinates":[-75.228535,39.936307]},"properties":{"year":1960,"period":"1960","kind":"FHA"}},{"type":"Feature","geometry":{"type":"Point","coordinates":[-75.246302,39.951102]},"properties":{"year":1960,"period":"1960","kind":"FHA"}},{"type":"Feature","geometry":{"type":"Point","coordinates":[-75.174319,40.054526]},"properties":{"year":1960,"period":"1960","kind":"FHA"}},{"type":"Feature","geometry":{"type":"Point","coordinates":[-75.063852,40.097879]},"properties":{"year":1960,"period":"1960","kind":"FHA"}},{"type":"Feature","geometry":{"type":"Point","coordinates":[-75.229298,40.045509]},"properties":{"year":1960,"period":"1960","kind":"FHA"}},{"type":"Feature","geometry":{"type":"Point","coordinates":[-75.15256,39.99599]},"properties":{"year":1960,"period":"1960","kind":"VA"}},{"type":"Feature","geometry":{"type":"Point","coordinates":[-75.171316,39.999035]},"properties":{"year":1960,"period":"1960","kind":"FHA"}},{"type":"Feature","geometry":{"type":"Point","coordinates":[-75.152715,39.999573]},"properties":{"year":1960,"period":"1960","kind":"VA"}},{"type":"Feature","geometry":{"type":"Point","coordinates":[-75.170416,39.996203]},"properties":{"year":1960,"period":"1960","kind":"VA"}},{"type":"Feature","geometry":{"type":"Point","coordinates":[-75.21661,39.956476]},"properties":{"year":1960,"period":"1960","kind":"VA"}},{"type":"Feature","geometry":{"type":"Point","coordinates":[-75.225346,39.970568]},"properties":{"year":1960,"period":"1960","kind":"VA"}},{"type":"Feature","geometry":{"type":"Point","coordinates":[-75.127533,40.00287]},"properties":{"year":1960,"period":"1960","kind":"FHA"}},{"type":"Feature","geometry":{"type":"Point","coordinates":[-75.054793,40.029415]},"properties":{"year":1960,"period":"1960","kind":"FHA"}},{"type":"Feature","geometry":{"type":"Point","coordinates":[-75.148142,40.039754]},"properties":{"year":1960,"period":"1960","kind":"FHA"}},{"type":"Feature","geometry":{"type":"Point","coordinates":[-75.182661,40.058799]},"properties":{"year":1960,"period":"1960","kind":"FHA"}},{"type":"Feature","geometry":{"type":"Point","coordinates":[-75.141166,39.994865]},"properties":{"year":1960,"period":"1960","kind":"FHA"}},{"type":"Feature","geometry":{"type":"Point","coordinates":[-75.141825,39.994838]},"properties":{"year":1960,"period":"1960","kind":"VA"}},{"type":"Feature","geometry":{"type":"Point","coordinates":[-75.142346,39.994167]},"properties":{"year":1960,"period":"1960","kind":"VA"}},{"type":"Feature","geometry":{"type":"Point","coordinates":[-75.144273,39.987756]},"properties":{"year":1960,"period":"1960","kind":"FHA"}},{"type":"Feature","geometry":{"type":"Point","coordinates":[-75.187142,39.983426]},"properties":{"year":1960,"period":"1960","kind":"VA"}},{"type":"Feature","geometry":{"type":"Point","coordinates":[-75.242397,39.947497]},"properties":{"year":1960,"period":"1960","kind":"FHA"}},{"type":"Feature","geometry":{"type":"Point","coordinates":[-75.15082,40.048518]},"properties":{"year":1960,"period":"1960","kind":"VA"}},{"type":"Feature","geometry":{"type":"Point","coordinates":[-75.136717,40.030097]},"properties":{"year":1960,"period":"1960","kind":"FHA"}},{"type":"Feature","geometry":{"type":"Point","coordinates":[-75.192949,40.054999]},"properties":{"year":1960,"period":"1960","kind":"FHA"}},{"type":"Feature","geometry":{"type":"Point","coordinates":[-75.171308,40.048366]},"properties":{"year":1960,"period":"1960","kind":"FHA"}},{"type":"Feature","geometry":{"type":"Point","coordinates":[-75.235637,39.927224]},"properties":{"year":1960,"period":"1960","kind":"FHA"}},{"type":"Feature","geometry":{"type":"Point","coordinates":[-75.231856,39.954419]},"properties":{"year":1960,"period":"1960","kind":"FHA"}},{"type":"Feature","geometry":{"type":"Point","coordinates":[-75.237901,39.948108]},"properties":{"year":1960,"period":"1960","kind":"FHA"}},{"type":"Feature","geometry":{"type":"Point","coordinates":[-75.236703,39.956773]},"properties":{"year":1960,"period":"1960","kind":"FHA"}},{"type":"Feature","geometry":{"type":"Point","coordinates":[-75.156298,39.939328]},"properties":{"year":1960,"period":"1960","kind":"FHA"}},{"type":"Feature","geometry":{"type":"Point","coordinates":[-75.147173,39.984174]},"properties":{"year":1960,"period":"1960","kind":"VA"}},{"type":"Feature","geometry":{"type":"Point","coordinates":[-75.126934,40.00158]},"properties":{"year":1960,"period":"1960","kind":"FHA"}},{"type":"Feature","geometry":{"type":"Point","coordinates":[-75.052556,40.061037]},"properties":{"year":1960,"period":"1960","kind":"FHA"}},{"type":"Feature","geometry":{"type":"Point","coordinates":[-75.168149,39.994919]},"properties":{"year":1960,"period":"1960","kind":"FHA"}},{"type":"Feature","geometry":{"type":"Point","coordinates":[-75.019273,40.065198]},"properties":{"year":1960,"period":"1960","kind":"FHA"}},{"type":"Feature","geometry":{"type":"Point","coordinates":[-75.012085,40.065826]},"properties":{"year":1960,"period":"1960","kind":"FHA"}},{"type":"Feature","geometry":{"type":"Point","coordinates":[-75.155137,39.995809]},"properties":{"year":1960,"period":"1960","kind":"VA"}},{"type":"Feature","geometry":{"type":"Point","coordinates":[-75.161182,39.990367]},"properties":{"year":1960,"period":"1960","kind":"VA"}},{"type":"Feature","geometry":{"type":"Point","coordinates":[-75.183021,39.930417]},"properties":{"year":1960,"period":"1960","kind":"FHA"}},{"type":"Feature","geometry":{"type":"Point","coordinates":[-75.176236,39.997479]},"properties":{"year":1960,"period":"1960","kind":"VA"}},{"type":"Feature","geometry":{"type":"Point","coordinates":[-75.145763,39.990249]},"properties":{"year":1960,"period":"1960","kind":"VA"}},{"type":"Feature","geometry":{"type":"Point","coordinates":[-75.07508,40.015491]},"properties":{"year":1960,"period":"1960","kind":"FHA"}},{"type":"Feature","geometry":{"type":"Point","coordinates":[-75.074863,40.019733]},"properties":{"year":1960,"period":"1960","kind":"FHA"}},{"type":"Feature","geometry":{"type":"Point","coordinates":[-75.090631,40.03365]},"properties":{"year":1960,"period":"1960","kind":"FHA"}},{"type":"Feature","geometry":{"type":"Point","coordinates":[-75.160516,39.913284]},"properties":{"year":1960,"period":"1960","kind":"VA"}},{"type":"Feature","geometry":{"type":"Point","coordinates":[-75.181776,39.995508]},"properties":{"year":1960,"period":"1960","kind":"VA"}},{"type":"Feature","geometry":{"type":"Point","coordinates":[-75.185662,39.983585]},"properties":{"year":1960,"period":"1960","kind":"VA"}},{"type":"Feature","geometry":{"type":"Point","coordinates":[-75.234139,39.97797]},"properties":{"year":1960,"period":"1960","kind":"VA"}},{"type":"Feature","geometry":{"type":"Point","coordinates":[-75.241365,39.946447]},"properties":{"year":1960,"period":"1960","kind":"VA"}},{"type":"Feature","geometry":{"type":"Point","coordinates":[-75.158108,40.022701]},"properties":{"year":1960,"period":"1960","kind":"VA"}},{"type":"Feature","geometry":{"type":"Point","coordinates":[-75.148216,40.063621]},"properties":{"year":1960,"period":"1960","kind":"FHA"}},{"type":"Feature","geometry":{"type":"Point","coordinates":[-75.150027,40.040596]},"properties":{"year":1960,"period":"1960","kind":"FHA"}},{"type":"Feature","geometry":{"type":"Point","coordinates":[-75.182411,39.986354]},"properties":{"year":1960,"period":"1960","kind":"VA"}},{"type":"Feature","geometry":{"type":"Point","coordinates":[-75.178613,39.993339]},"properties":{"year":1960,"period":"1960","kind":"VA"}},{"type":"Feature","geometry":{"type":"Point","coordinates":[-75.185829,39.973816]},"properties":{"year":1960,"period":"1960","kind":"VA"}},{"type":"Feature","geometry":{"type":"Point","coordinates":[-75.177361,39.998247]},"properties":{"year":1960,"period":"1960","kind":"FHA"}},{"type":"Feature","geometry":{"type":"Point","coordinates":[-75.16226,40.006217]},"properties":{"year":1960,"period":"1960","kind":"FHA"}},{"type":"Feature","geometry":{"type":"Point","coordinates":[-75.171697,40.077305]},"properties":{"year":1960,"period":"1960","kind":"FHA"}},{"type":"Feature","geometry":{"type":"Point","coordinates":[-75.036304,40.037327]},"properties":{"year":1960,"period":"1960","kind":"FHA"}},{"type":"Feature","geometry":{"type":"Point","coordinates":[-75.14922,40.04956]},"properties":{"year":1960,"period":"1960","kind":"VA"}},{"type":"Feature","geometry":{"type":"Point","coordinates":[-75.154467,40.049649]},"properties":{"year":1960,"period":"1960","kind":"VA"}},{"type":"Feature","geometry":{"type":"Point","coordinates":[-75.216629,39.941768]},"properties":{"year":1960,"period":"1960","kind":"FHA"}},{"type":"Feature","geometry":{"type":"Point","coordinates":[-75.239325,39.952909]},"properties":{"year":1960,"period":"1960","kind":"FHA"}},{"type":"Feature","geometry":{"type":"Point","coordinates":[-75.248577,39.95224]},"properties":{"year":1960,"period":"1960","kind":"VA"}},{"type":"Feature","geometry":{"type":"Point","coordinates":[-75.230431,39.94178]},"properties":{"year":1960,"period":"1960","kind":"FHA"}},{"type":"Feature","geometry":{"type":"Point","coordinates":[-75.225894,39.939113]},"properties":{"year":1960,"period":"1960","kind":"FHA"}},{"type":"Feature","geometry":{"type":"Point","coordinates":[-75.241929,39.977809]},"properties":{"year":1960,"period":"1960","kind":"VA"}},{"type":"Feature","geometry":{"type":"Point","coordinates":[-75.200753,39.973287]},"properties":{"year":1960,"period":"1960","kind":"VA"}},{"type":"Feature","geometry":{"type":"Point","coordinates":[-75.165663,39.974158]},"properties":{"year":1960,"period":"1960","kind":"VA"}},{"type":"Feature","geometry":{"type":"Point","coordinates":[-75.032024,40.067035]},"properties":{"year":1960,"period":"1960","kind":"FHA"}},{"type":"Feature","geometry":{"type":"Point","coordinates":[-75.165293,39.992054]},"properties":{"year":1960,"period":"1960","kind":"VA"}},{"type":"Feature","geometry":{"type":"Point","coordinates":[-75.032328,40.067217]},"properties":{"year":1960,"period":"1960","kind":"FHA"}},{"type":"Feature","geometry":{"type":"Point","coordinates":[-75.140158,39.981962]},"properties":{"year":1960,"period":"1960","kind":"VA"}},{"type":"Feature","geometry":{"type":"Point","coordinates":[-75.242683,39.976993]},"properties":{"year":1960,"period":"1960","kind":"FHA"}},{"type":"Feature","geometry":{"type":"Point","coordinates":[-75.04081,40.033752]},"properties":{"year":1960,"period":"1960","kind":"FHA"}},{"type":"Feature","geometry":{"type":"Point","coordinates":[-75.229286,39.988663]},"properties":{"year":1960,"period":"1960","kind":"FHA"}},{"type":"Feature","geometry":{"type":"Point","coordinates":[-75.067193,40.032293]},"properties":{"year":1960,"period":"1960","kind":"FHA"}},{"type":"Feature","geometry":{"type":"Point","coordinates":[-75.236698,39.948181]},"properties":{"year":1960,"period":"1960","kind":"FHA"}},{"type":"Feature","geometry":{"type":"Point","coordinates":[-75.239855,39.949175]},"properties":{"year":1960,"period":"1960","kind":"VA"}},{"type":"Feature","geometry":{"type":"Point","coordinates":[-75.240385,39.947293]},"properties":{"year":1960,"period":"1960","kind":"FHA"}},{"type":"Feature","geometry":{"type":"Point","coordinates":[-75.241029,39.964688]},"properties":{"year":1960,"period":"1960","kind":"VA"}},{"type":"Feature","geometry":{"type":"Point","coordinates":[-75.163428,39.996554]},"properties":{"year":1960,"period":"1960","kind":"FHA"}},{"type":"Feature","geometry":{"type":"Point","coordinates":[-75.134118,40.003283]},"properties":{"year":1960,"period":"1960","kind":"FHA"}},{"type":"Feature","geometry":{"type":"Point","coordinates":[-75.160688,39.99174]},"properties":{"year":1960,"period":"1960","kind":"VA"}},{"type":"Feature","geometry":{"type":"Point","coordinates":[-75.15088,39.992273]},"properties":{"year":1960,"period":"1960","kind":"VA"}},{"type":"Feature","geometry":{"type":"Point","coordinates":[-75.02154,40.110711]},"properties":{"year":1960,"period":"1960","kind":"FHA"}},{"type":"Feature","geometry":{"type":"Point","coordinates":[-75.043999,40.092415]},"properties":{"year":1960,"period":"1960","kind":"FHA"}},{"type":"Feature","geometry":{"type":"Point","coordinates":[-75.1631,40.060698]},"properties":{"year":1960,"period":"1960","kind":"FHA"}},{"type":"Feature","geometry":{"type":"Point","coordinates":[-75.236369,39.949738]},"properties":{"year":1960,"period":"1960","kind":"FHA"}},{"type":"Feature","geometry":{"type":"Point","coordinates":[-75.238356,39.94998]},"properties":{"year":1960,"period":"1960","kind":"FHA"}},{"type":"Feature","geometry":{"type":"Point","coordinates":[-75.236695,39.978179]},"properties":{"year":1960,"period":"1960","kind":"FHA"}},{"type":"Feature","geometry":{"type":"Point","coordinates":[-75.230804,39.953413]},"properties":{"year":1960,"period":"1960","kind":"FHA"}},{"type":"Feature","geometry":{"type":"Point","coordinates":[-75.219156,39.931112]},"properties":{"year":1960,"period":"1960","kind":"FHA"}},{"type":"Feature","geometry":{"type":"Point","coordinates":[-75.237455,39.942724]},"properties":{"year":1960,"period":"1960","kind":"FHA"}},{"type":"Feature","geometry":{"type":"Point","coordinates":[-75.232442,39.933466]},"properties":{"year":1960,"period":"1960","kind":"VA"}},{"type":"Feature","geometry":{"type":"Point","coordinates":[-75.213649,39.95409]},"properties":{"year":1960,"period":"1960","kind":"VA"}},{"type":"Feature","geometry":{"type":"Point","coordinates":[-75.080736,40.036923]},"properties":{"year":1960,"period":"1960","kind":"FHA"}},{"type":"Feature","geometry":{"type":"Point","coordinates":[-75.019479,40.065316]},"properties":{"year":1960,"period":"1960","kind":"FHA"}},{"type":"Feature","geometry":{"type":"Point","coordinates":[-75.125693,40.000944]},"properties":{"year":1960,"period":"1960","kind":"FHA"}},{"type":"Feature","geometry":{"type":"Point","coordinates":[-75.019222,40.065169]},"properties":{"year":1960,"period":"1960","kind":"FHA"}},{"type":"Feature","geometry":{"type":"Point","coordinates":[-75.005772,40.049928]},"properties":{"year":1960,"period":"1960","kind":"FHA"}},{"type":"Feature","geometry":{"type":"Point","coordinates":[-75.184683,39.975092]},"properties":{"year":1960,"period":"1960","kind":"FHA"}},{"type":"Feature","geometry":{"type":"Point","coordinates":[-75.149462,39.998285]},"properties":{"year":1960,"period":"1960","kind":"FHA"}},{"type":"Feature","geometry":{"type":"Point","coordinates":[-75.177074,39.998208]},"properties":{"year":1960,"period":"1960","kind":"VA"}},{"type":"Feature","geometry":{"type":"Point","coordinates":[-75.13689,40.044904]},"properties":{"year":1960,"period":"1960","kind":"FHA"}},{"type":"Feature","geometry":{"type":"Point","coordinates":[-75.201443,39.974145]},"properties":{"year":1960,"period":"1960","kind":"VA"}},{"type":"Feature","geometry":{"type":"Point","coordinates":[-75.183566,39.99249]},"properties":{"year":1960,"period":"1960","kind":"VA"}},{"type":"Feature","geometry":{"type":"Point","coordinates":[-75.144473,39.990593]},"properties":{"year":1960,"period":"1960","kind":"VA"}},{"type":"Feature","geometry":{"type":"Point","coordinates":[-75.155985,39.999829]},"properties":{"year":1960,"period":"1960","kind":"VA"}},{"type":"Feature","geometry":{"type":"Point","coordinates":[-75.160869,39.918772]},"properties":{"year":1960,"period":"1960","kind":"FHA"}},{"type":"Feature","geometry":{"type":"Point","coordinates":[-75.24474,39.960623]},"properties":{"year":1960,"period":"1960","kind":"VA"}},{"type":"Feature","geometry":{"type":"Point","coordinates":[-75.24255,39.976292]},"properties":{"year":1960,"period":"1960","kind":"VA"}},{"type":"Feature","geometry":{"type":"Point","coordinates":[-75.176554,39.929611]},"properties":{"year":1960,"period":"1960","kind":"VA"}},{"type":"Feature","geometry":{"type":"Point","coordinates":[-75.235752,39.923172]},"properties":{"year":1960,"period":"1960","kind":"VA"}},{"type":"Feature","geometry":{"type":"Point","coordinates":[-75.068758,40.020043]},"properties":{"year":1960,"period":"1960","kind":"FHA"}},{"type":"Feature","geometry":{"type":"Point","coordinates":[-75.153683,40.042258]},"properties":{"year":1960,"period":"1960","kind":"FHA"}},{"type":"Feature","geometry":{"type":"Point","coordinates":[-75.182833,39.930533]},"properties":{"year":1960,"period":"1960","kind":"FHA"}},{"type":"Feature","geometry":{"type":"Point","coordinates":[-75.242701,39.972291]},"properties":{"year":1960,"period":"1960","kind":"FHA"}},{"type":"Feature","geometry":{"type":"Point","coordinates":[-75.252921,39.976871]},"properties":{"year":1960,"period":"1960","kind":"FHA"}},{"type":"Feature","geometry":{"type":"Point","coordinates":[-75.167288,39.985419]},"properties":{"year":1960,"period":"1960","kind":"FHA"}},{"type":"Feature","geometry":{"type":"Point","coordinates":[-75.229617,39.953233]},"properties":{"year":1960,"period":"1960","kind":"FHA"}},{"type":"Feature","geometry":{"type":"Point","coordinates":[-75.143978,39.989229]},"properties":{"year":1960,"period":"1960","kind":"VA"}},{"type":"Feature","geometry":{"type":"Point","coordinates":[-75.227412,40.046633]},"properties":{"year":1960,"period":"1960","kind":"FHA"}},{"type":"Feature","geometry":{"type":"Point","coordinates":[-75.136337,39.997209]},"properties":{"year":1960,"period":"1960","kind":"VA"}},{"type":"Feature","geometry":{"type":"Point","coordinates":[-75.029342,40.10751]},"properties":{"year":1960,"period":"1960","kind":"FHA"}},{"type":"Feature","geometry":{"type":"Point","coordinates":[-75.114243,39.989638]},"properties":{"year":1960,"period":"1960","kind":"FHA"}},{"type":"Feature","geometry":{"type":"Point","coordinates":[-75.237743,39.955827]},"properties":{"year":1960,"period":"1960","kind":"FHA"}},{"type":"Feature","geometry":{"type":"Point","coordinates":[-75.228508,40.046048]},"properties":{"year":1960,"period":"1960","kind":"FHA"}},{"type":"Feature","geometry":{"type":"Point","coordinates":[-75.14676,39.964805]},"properties":{"year":1960,"period":"1960","kind":"VA"}},{"type":"Feature","geometry":{"type":"Point","coordinates":[-75.177752,39.91107]},"properties":{"year":1960,"period":"1960","kind":"FHA"}},{"type":"Feature","geometry":{"type":"Point","coordinates":[-75.177706,39.911295]},"properties":{"year":1960,"period":"1960","kind":"VA"}},{"type":"Feature","geometry":{"type":"Point","coordinates":[-75.232016,39.951837]},"properties":{"year":1960,"period":"1960","kind":"VA"}},{"type":"Feature","geometry":{"type":"Point","coordinates":[-75.143342,40.022901]},"properties":{"year":1960,"period":"1960","kind":"FHA"}},{"type":"Feature","geometry":{"type":"Point","coordinates":[-75.151758,40.043108]},"properties":{"year":1960,"period":"1960","kind":"FHA"}},{"type":"Feature","geometry":{"type":"Point","coordinates":[-75.228652,39.924814]},"properties":{"year":1960,"period":"1960","kind":"FHA"}},{"type":"Feature","geometry":{"type":"Point","coordinates":[-75.163731,39.972829]},"properties":{"year":1960,"period":"1960","kind":"VA"}},{"type":"Feature","geometry":{"type":"Point","coordinates":[-75.145335,39.971628]},"properties":{"year":1960,"period":"1960","kind":"VA"}},{"type":"Feature","geometry":{"type":"Point","coordinates":[-75.165854,39.928897]},"properties":{"year":1960,"period":"1960","kind":"VA"}},{"type":"Feature","geometry":{"type":"Point","coordinates":[-75.184521,39.935586]},"properties":{"year":1960,"period":"1960","kind":"VA"}},{"type":"Feature","geometry":{"type":"Point","coordinates":[-75.243931,39.948336]},"properties":{"year":1960,"period":"1960","kind":"FHA"}},{"type":"Feature","geometry":{"type":"Point","coordinates":[-75.217634,39.940565]},"properties":{"year":1960,"period":"1960","kind":"FHA"}},{"type":"Feature","geometry":{"type":"Point","coordinates":[-75.218691,39.93158]},"properties":{"year":1960,"period":"1960","kind":"VA"}},{"type":"Feature","geometry":{"type":"Point","coordinates":[-75.221086,39.929928]},"properties":{"year":1960,"period":"1960","kind":"FHA"}},{"type":"Feature","geometry":{"type":"Point","coordinates":[-75.048624,40.085773]},"properties":{"year":1960,"period":"1960","kind":"FHA"}},{"type":"Feature","geometry":{"type":"Point","coordinates":[-75.162427,40.006238]},"properties":{"year":1960,"period":"1960","kind":"FHA"}},{"type":"Feature","geometry":{"type":"Point","coordinates":[-75.082022,40.012736]},"properties":{"year":1960,"period":"1960","kind":"FHA"}},{"type":"Feature","geometry":{"type":"Point","coordinates":[-75.224956,39.940583]},"properties":{"year":1960,"period":"1960","kind":"FHA"}},{"type":"Feature","geometry":{"type":"Point","coordinates":[-75.15278,39.927344]},"properties":{"year":1960,"period":"1960","kind":"FHA"}},{"type":"Feature","geometry":{"type":"Point","coordinates":[-75.155184,40.050694]},"properties":{"year":1960,"period":"1960","kind":"VA"}},{"type":"Feature","geometry":{"type":"Point","coordinates":[-75.153689,39.936462]},"properties":{"year":1960,"period":"1960","kind":"FHA"}},{"type":"Feature","geometry":{"type":"Point","coordinates":[-75.018785,40.06492]},"properties":{"year":1960,"period":"1960","kind":"FHA"}},{"type":"Feature","geometry":{"type":"Point","coordinates":[-74.986965,40.069556]},"properties":{"year":1960,"period":"1960","kind":"FHA"}},{"type":"Feature","geometry":{"type":"Point","coordinates":[-75.243729,39.97457]},"properties":{"year":1960,"period":"1960","kind":"FHA"}},{"type":"Feature","geometry":{"type":"Point","coordinates":[-75.038032,40.038846]},"properties":{"year":1960,"period":"1960","kind":"VA"}},{"type":"Feature","geometry":{"type":"Point","coordinates":[-74.980622,40.092784]},"properties":{"year":1960,"period":"1960","kind":"FHA"}},{"type":"Feature","geometry":{"type":"Point","coordinates":[-75.149725,40.050394]},"properties":{"year":1960,"period":"1960","kind":"VA"}},{"type":"Feature","geometry":{"type":"Point","coordinates":[-75.240272,39.947278]},"properties":{"year":1960,"period":"1960","kind":"VA"}},{"type":"Feature","geometry":{"type":"Point","coordinates":[-75.246474,39.960128]},"properties":{"year":1960,"period":"1960","kind":"FHA"}},{"type":"Feature","geometry":{"type":"Point","coordinates":[-75.102447,39.999889]},"properties":{"year":1960,"period":"1960","kind":"VA"}},{"type":"Feature","geometry":{"type":"Point","coordinates":[-75.151955,39.996352]},"properties":{"year":1960,"period":"1960","kind":"FHA"}},{"type":"Feature","geometry":{"type":"Point","coordinates":[-75.147099,39.955635]},"properties":{"year":1960,"period":"1960","kind":"VA"}},{"type":"Feature","geometry":{"type":"Point","coordinates":[-75.236309,39.977161]},"properties":{"year":1960,"period":"1960","kind":"FHA"}},{"type":"Feature","geometry":{"type":"Point","coordinates":[-75.225304,39.953622]},"properties":{"year":1960,"period":"1960","kind":"FHA"}},{"type":"Feature","geometry":{"type":"Point","coordinates":[-75.225463,39.950563]},"properties":{"year":1960,"period":"1960","kind":"FHA"}},{"type":"Feature","geometry":{"type":"Point","coordinates":[-75.24064,39.944188]},"properties":{"year":1960,"period":"1960","kind":"FHA"}},{"type":"Feature","geometry":{"type":"Point","coordinates":[-75.227853,40.046435]},"properties":{"year":1960,"period":"1960","kind":"FHA"}},{"type":"Feature","geometry":{"type":"Point","coordinates":[-75.02568,40.033401]},"properties":{"year":1960,"period":"1960","kind":"FHA"}},{"type":"Feature","geometry":{"type":"Point","coordinates":[-75.117822,40.001196]},"properties":{"year":1960,"period":"1960","kind":"FHA"}},{"type":"Feature","geometry":{"type":"Point","coordinates":[-75.118329,40.002117]},"properties":{"year":1960,"period":"1960","kind":"FHA"}},{"type":"Feature","geometry":{"type":"Point","coordinates":[-75.108847,40.006449]},"properties":{"year":1960,"period":"1960","kind":"FHA"}},{"type":"Feature","geometry":{"type":"Point","coordinates":[-75.128323,40.000753]},"properties":{"year":1960,"period":"1960","kind":"VA"}},{"type":"Feature","geometry":{"type":"Point","coordinates":[-75.16305,39.997973]},"properties":{"year":1960,"period":"1960","kind":"VA"}},{"type":"Feature","geometry":{"type":"Point","coordinates":[-75.23914,39.946345]},"properties":{"year":1960,"period":"1960","kind":"VA"}},{"type":"Feature","geometry":{"type":"Point","coordinates":[-75.232194,39.977796]},"properties":{"year":1960,"period":"1960","kind":"VA"}},{"type":"Feature","geometry":{"type":"Point","coordinates":[-75.148603,40.065759]},"properties":{"year":1960,"period":"1960","kind":"FHA"}},{"type":"Feature","geometry":{"type":"Point","coordinates":[-75.137337,40.015655]},"properties":{"year":1960,"period":"1960","kind":"FHA"}},{"type":"Feature","geometry":{"type":"Point","coordinates":[-75.195294,39.928367]},"properties":{"year":1960,"period":"1960","kind":"FHA"}},{"type":"Feature","geometry":{"type":"Point","coordinates":[-75.162527,39.986438]},"properties":{"year":1960,"period":"1960","kind":"VA"}},{"type":"Feature","geometry":{"type":"Point","coordinates":[-75.151941,39.994622]},"properties":{"year":1960,"period":"1960","kind":"VA"}},{"type":"Feature","geometry":{"type":"Point","coordinates":[-75.225529,39.965076]},"properties":{"year":1960,"period":"1960","kind":"FHA"}},{"type":"Feature","geometry":{"type":"Point","coordinates":[-75.145077,39.993814]},"properties":{"year":1960,"period":"1960","kind":"VA"}},{"type":"Feature","geometry":{"type":"Point","coordinates":[-75.153423,40.028223]},"properties":{"year":1960,"period":"1960","kind":"FHA"}},{"type":"Feature","geometry":{"type":"Point","coordinates":[-75.172472,40.074196]},"properties":{"year":1960,"period":"1960","kind":"FHA"}},{"type":"Feature","geometry":{"type":"Point","coordinates":[-75.232002,39.95087]},"properties":{"year":1960,"period":"1960","kind":"FHA"}},{"type":"Feature","geometry":{"type":"Point","coordinates":[-75.126741,39.993969]},"properties":{"year":1960,"period":"1960","kind":"FHA"}},{"type":"Feature","geometry":{"type":"Point","coordinates":[-75.118083,40.020438]},"properties":{"year":1960,"period":"1960","kind":"VA"}},{"type":"Feature","geometry":{"type":"Point","coordinates":[-75.067833,40.031174]},"properties":{"year":1960,"period":"1960","kind":"FHA"}},{"type":"Feature","geometry":{"type":"Point","coordinates":[-75.006358,40.050524]},"properties":{"year":1960,"period":"1960","kind":"FHA"}},{"type":"Feature","geometry":{"type":"Point","coordinates":[-75.006641,40.05085]},"properties":{"year":1960,"period":"1960","kind":"FHA"}},{"type":"Feature","geometry":{"type":"Point","coordinates":[-75.007433,40.051321]},"properties":{"year":1960,"period":"1960","kind":"FHA"}},{"type":"Feature","geometry":{"type":"Point","coordinates":[-75.006736,40.050959]},"properties":{"year":1960,"period":"1960","kind":"FHA"}},{"type":"Feature","geometry":{"type":"Point","coordinates":[-75.006768,40.050996]},"properties":{"year":1960,"period":"1960","kind":"FHA"}},{"type":"Feature","geometry":{"type":"Point","coordinates":[-75.006515,40.050705]},"properties":{"year":1960,"period":"1960","kind":"FHA"}},{"type":"Feature","geometry":{"type":"Point","coordinates":[-75.187472,40.014104]},"properties":{"year":1960,"period":"1960","kind":"FHA"}},{"type":"Feature","geometry":{"type":"Point","coordinates":[-75.110941,40.000481]},"properties":{"year":1960,"period":"1960","kind":"FHA"}},{"type":"Feature","geometry":{"type":"Point","coordinates":[-75.064466,40.025665]},"properties":{"year":1960,"period":"1960","kind":"FHA"}},{"type":"Feature","geometry":{"type":"Point","coordinates":[-75.072479,40.020831]},"properties":{"year":1960,"period":"1960","kind":"FHA"}},{"type":"Feature","geometry":{"type":"Point","coordinates":[-75.2476,39.953021]},"properties":{"year":1960,"period":"1960","kind":"FHA"}},{"type":"Feature","geometry":{"type":"Point","coordinates":[-75.243833,39.951275]},"properties":{"year":1960,"period":"1960","kind":"FHA"}},{"type":"Feature","geometry":{"type":"Point","coordinates":[-75.226428,39.949836]},"properties":{"year":1960,"period":"1960","kind":"VA"}},{"type":"Feature","geometry":{"type":"Point","coordinates":[-75.148872,40.046091]},"properties":{"year":1960,"period":"1960","kind":"VA"}},{"type":"Feature","geometry":{"type":"Point","coordinates":[-75.18633,39.986151]},"properties":{"year":1960,"period":"1960","kind":"VA"}},{"type":"Feature","geometry":{"type":"Point","coordinates":[-75.0798,40.044095]},"properties":{"year":1960,"period":"1960","kind":"FHA"}},{"type":"Feature","geometry":{"type":"Point","coordinates":[-75.055165,40.021818]},"properties":{"year":1960,"period":"1960","kind":"FHA"}},{"type":"Feature","geometry":{"type":"Point","coordinates":[-75.049721,40.023608]},"properties":{"year":1960,"period":"1960","kind":"FHA"}},{"type":"Feature","geometry":{"type":"Point","coordinates":[-75.154907,40.041841]},"properties":{"year":1960,"period":"1960","kind":"FHA"}},{"type":"Feature","geometry":{"type":"Point","coordinates":[-75.010359,40.133015]},"properties":{"year":1960,"period":"1960","kind":"FHA"}},{"type":"Feature","geometry":{"type":"Point","coordinates":[-74.970945,40.083816]},"properties":{"year":1960,"period":"1960","kind":"VA"}},{"type":"Feature","geometry":{"type":"Point","coordinates":[-75.057085,40.045283]},"properties":{"year":1960,"period":"1960","kind":"FHA"}},{"type":"Feature","geometry":{"type":"Point","coordinates":[-75.104329,40.012498]},"properties":{"year":1960,"period":"1960","kind":"FHA"}},{"type":"Feature","geometry":{"type":"Point","coordinates":[-75.158168,40.04099]},"properties":{"year":1960,"period":"1960","kind":"VA"}},{"type":"Feature","geometry":{"type":"Point","coordinates":[-75.149453,40.067634]},"properties":{"year":1960,"period":"1960","kind":"VA"}},{"type":"Feature","geometry":{"type":"Point","coordinates":[-75.144492,39.962509]},"properties":{"year":1960,"period":"1960","kind":"VA"}},{"type":"Feature","geometry":{"type":"Point","coordinates":[-75.103459,39.999087]},"properties":{"year":1960,"period":"1960","kind":"FHA"}},{"type":"Feature","geometry":{"type":"Point","coordinates":[-75.007555,40.063425]},"properties":{"year":1960,"period":"1960","kind":"FHA"}},{"type":"Feature","geometry":{"type":"Point","coordinates":[-75.029019,40.044495]},"properties":{"year":1960,"period":"1960","kind":"FHA"}},{"type":"Feature","geometry":{"type":"Point","coordinates":[-75.05728,40.043149]},"properties":{"year":1960,"period":"1960","kind":"VA"}},{"type":"Feature","geometry":{"type":"Point","coordinates":[-75.03393,40.065042]},"properties":{"year":1960,"period":"1960","kind":"FHA"}},{"type":"Feature","geometry":{"type":"Point","coordinates":[-75.034028,40.065049]},"properties":{"year":1960,"period":"1960","kind":"FHA"}},{"type":"Feature","geometry":{"type":"Point","coordinates":[-75.136919,40.044773]},"properties":{"year":1960,"period":"1960","kind":"FHA"}},{"type":"Feature","geometry":{"type":"Point","coordinates":[-75.03383,40.065038]},"properties":{"year":1960,"period":"1960","kind":"FHA"}},{"type":"Feature","geometry":{"type":"Point","coordinates":[-75.034221,40.065067]},"properties":{"year":1960,"period":"1960","kind":"FHA"}},{"type":"Feature","geometry":{"type":"Point","coordinates":[-75.117723,40.025901]},"properties":{"year":1960,"period":"1960","kind":"FHA"}},{"type":"Feature","geometry":{"type":"Point","coordinates":[-75.03985,40.105748]},"properties":{"year":1960,"period":"1960","kind":"FHA"}},{"type":"Feature","geometry":{"type":"Point","coordinates":[-75.243458,39.943236]},"properties":{"year":1960,"period":"1960","kind":"FHA"}},{"type":"Feature","geometry":{"type":"Point","coordinates":[-75.235516,39.949809]},"properties":{"year":1960,"period":"1960","kind":"FHA"}},{"type":"Feature","geometry":{"type":"Point","coordinates":[-75.241675,39.979286]},"properties":{"year":1960,"period":"1960","kind":"FHA"}},{"type":"Feature","geometry":{"type":"Point","coordinates":[-75.083674,40.027585]},"properties":{"year":1960,"period":"1960","kind":"FHA"}},{"type":"Feature","geometry":{"type":"Point","coordinates":[-75.034032,40.041171]},"properties":{"year":1960,"period":"1960","kind":"FHA"}},{"type":"Feature","geometry":{"type":"Point","coordinates":[-75.156417,39.924045]},"properties":{"year":1960,"period":"1960","kind":"VA"}},{"type":"Feature","geometry":{"type":"Point","coordinates":[-75.146394,39.972103]},"properties":{"year":1960,"period":"1960","kind":"VA"}},{"type":"Feature","geometry":{"type":"Point","coordinates":[-75.246815,39.910291]},"properties":{"year":1960,"period":"1960","kind":"FHA"}},{"type":"Feature","geometry":{"type":"Point","coordinates":[-75.235383,40.068073]},"properties":{"year":1960,"period":"1960","kind":"FHA"}},{"type":"Feature","geometry":{"type":"Point","coordinates":[-75.079394,40.029356]},"properties":{"year":1960,"period":"1960","kind":"FHA"}},{"type":"Feature","geometry":{"type":"Point","coordinates":[-75.192981,40.056973]},"properties":{"year":1960,"period":"1960","kind":"FHA"}},{"type":"Feature","geometry":{"type":"Point","coordinates":[-75.152612,39.995486]},"properties":{"year":1960,"period":"1960","kind":"FHA"}},{"type":"Feature","geometry":{"type":"Point","coordinates":[-75.243394,39.976069]},"properties":{"year":1960,"period":"1960","kind":"FHA"}},{"type":"Feature","geometry":{"type":"Point","coordinates":[-75.174485,40.054996]},"properties":{"year":1960,"period":"1960","kind":"FHA"}},{"type":"Feature","geometry":{"type":"Point","coordinates":[-75.09581,40.007118]},"properties":{"year":1960,"period":"1960","kind":"FHA"}},{"type":"Feature","geometry":{"type":"Point","coordinates":[-75.006988,40.05125]},"properties":{"year":1960,"period":"1960","kind":"FHA"}},{"type":"Feature","geometry":{"type":"Point","coordinates":[-75.007419,40.051275]},"properties":{"year":1960,"period":"1960","kind":"FHA"}},{"type":"Feature","geometry":{"type":"Point","coordinates":[-75.006673,40.050887]},"properties":{"year":1960,"period":"1960","kind":"FHA"}},{"type":"Feature","geometry":{"type":"Point","coordinates":[-75.006925,40.051177]},"properties":{"year":1960,"period":"1960","kind":"FHA"}},{"type":"Feature","geometry":{"type":"Point","coordinates":[-75.0062,40.050342]},"properties":{"year":1960,"period":"1960","kind":"FHA"}},{"type":"Feature","geometry":{"type":"Point","coordinates":[-75.006862,40.051104]},"properties":{"year":1960,"period":"1960","kind":"FHA"}},{"type":"Feature","geometry":{"type":"Point","coordinates":[-75.007454,40.051243]},"properties":{"year":1960,"period":"1960","kind":"FHA"}},{"type":"Feature","geometry":{"type":"Point","coordinates":[-75.006547,40.050742]},"properties":{"year":1960,"period":"1960","kind":"FHA"}},{"type":"Feature","geometry":{"type":"Point","coordinates":[-75.176705,40.046677]},"properties":{"year":1960,"period":"1960","kind":"FHA"}},{"type":"Feature","geometry":{"type":"Point","coordinates":[-75.0075,40.05139]},"properties":{"year":1960,"period":"1960","kind":"FHA"}},{"type":"Feature","geometry":{"type":"Point","coordinates":[-75.00544,40.049474]},"properties":{"year":1960,"period":"1960","kind":"FHA"}},{"type":"Feature","geometry":{"type":"Point","coordinates":[-75.006578,40.050778]},"properties":{"year":1960,"period":"1960","kind":"FHA"}},{"type":"Feature","geometry":{"type":"Point","coordinates":[-75.180331,39.938151]},"properties":{"year":1960,"period":"1960","kind":"FHA"}},{"type":"Feature","geometry":{"type":"Point","coordinates":[-75.059269,40.021932]},"properties":{"year":1960,"period":"1960","kind":"FHA"}},{"type":"Feature","geometry":{"type":"Point","coordinates":[-75.007465,40.051182]},"properties":{"year":1960,"period":"1960","kind":"FHA"}},{"type":"Feature","geometry":{"type":"Point","coordinates":[-75.051269,40.027614]},"properties":{"year":1960,"period":"1960","kind":"FHA"}},{"type":"Feature","geometry":{"type":"Point","coordinates":[-75.184274,39.991995]},"properties":{"year":1960,"period":"1960","kind":"FHA"}},{"type":"Feature","geometry":{"type":"Point","coordinates":[-75.186793,39.996973]},"properties":{"year":1960,"period":"1960","kind":"VA"}},{"type":"Feature","geometry":{"type":"Point","coordinates":[-75.1586,40.005497]},"properties":{"year":1960,"period":"1960","kind":"VA"}},{"type":"Feature","geometry":{"type":"Point","coordinates":[-75.184313,39.974111]},"properties":{"year":1960,"period":"1960","kind":"VA"}},{"type":"Feature","geometry":{"type":"Point","coordinates":[-75.181673,39.994658]},"properties":{"year":1960,"period":"1960","kind":"FHA"}},{"type":"Feature","geometry":{"type":"Point","coordinates":[-75.230552,39.954453]},"properties":{"year":1960,"period":"1960","kind":"FHA"}},{"type":"Feature","geometry":{"type":"Point","coordinates":[-75.086318,40.007764]},"properties":{"year":1960,"period":"1960","kind":"VA"}},{"type":"Feature","geometry":{"type":"Point","coordinates":[-75.229083,40.045711]},"properties":{"year":1960,"period":"1960","kind":"FHA"}},{"type":"Feature","geometry":{"type":"Point","coordinates":[-75.085803,40.034144]},"properties":{"year":1960,"period":"1960","kind":"FHA"}},{"type":"Feature","geometry":{"type":"Point","coordinates":[-75.227708,40.046535]},"properties":{"year":1960,"period":"1960","kind":"FHA"}},{"type":"Feature","geometry":{"type":"Point","coordinates":[-75.018894,40.065486]},"properties":{"year":1960,"period":"1960","kind":"FHA"}},{"type":"Feature","geometry":{"type":"Point","coordinates":[-75.018898,40.064984]},"properties":{"year":1960,"period":"1960","kind":"FHA"}},{"type":"Feature","geometry":{"type":"Point","coordinates":[-75.086765,40.034009]},"properties":{"year":1960,"period":"1960","kind":"FHA"}},{"type":"Feature","geometry":{"type":"Point","coordinates":[-75.174431,40.054841]},"properties":{"year":1960,"period":"1960","kind":"FHA"}},{"type":"Feature","geometry":{"type":"Point","coordinates":[-75.23624,39.984716]},"properties":{"year":1960,"period":"1960","kind":"FHA"}},{"type":"Feature","geometry":{"type":"Point","coordinates":[-75.245461,39.950997]},"properties":{"year":1960,"period":"1960","kind":"FHA"}},{"type":"Feature","geometry":{"type":"Point","coordinates":[-75.216377,39.941518]},"properties":{"year":1960,"period":"1960","kind":"VA"}},{"type":"Feature","geometry":{"type":"Point","coordinates":[-75.235066,39.953938]},"properties":{"year":1960,"period":"1960","kind":"FHA"}},{"type":"Feature","geometry":{"type":"Point","coordinates":[-75.155495,39.923456]},"properties":{"year":1960,"period":"1960","kind":"VA"}},{"type":"Feature","geometry":{"type":"Point","coordinates":[-75.163627,39.996325]},"properties":{"year":1960,"period":"1960","kind":"FHA"}},{"type":"Feature","geometry":{"type":"Point","coordinates":[-75.23557,39.922415]},"properties":{"year":1960,"period":"1960","kind":"FHA"}},{"type":"Feature","geometry":{"type":"Point","coordinates":[-75.228822,39.953425]},"properties":{"year":1960,"period":"1960","kind":"VA"}},{"type":"Feature","geometry":{"type":"Point","coordinates":[-75.207875,39.969801]},"properties":{"year":1960,"period":"1960","kind":"VA"}},{"type":"Feature","geometry":{"type":"Point","coordinates":[-75.080009,40.016684]},"properties":{"year":1960,"period":"1960","kind":"FHA"}},{"type":"Feature","geometry":{"type":"Point","coordinates":[-75.169172,39.939566]},"properties":{"year":1960,"period":"1960","kind":"VA"}},{"type":"Feature","geometry":{"type":"Point","coordinates":[-75.026168,40.033409]},"properties":{"year":1960,"period":"1960","kind":"FHA"}},{"type":"Feature","geometry":{"type":"Point","coordinates":[-75.078166,40.049076]},"properties":{"year":1960,"period":"1960","kind":"FHA"}},{"type":"Feature","geometry":{"type":"Point","coordinates":[-75.065841,40.045813]},"properties":{"year":1960,"period":"1960","kind":"FHA"}},{"type":"Feature","geometry":{"type":"Point","coordinates":[-75.179144,40.045763]},"properties":{"year":1960,"period":"1960","kind":"VA"}},{"type":"Feature","geometry":{"type":"Point","coordinates":[-75.183219,39.98744]},"properties":{"year":1960,"period":"1960","kind":"VA"}},{"type":"Feature","geometry":{"type":"Point","coordinates":[-75.146341,39.990484]},"properties":{"year":1960,"period":"1960","kind":"VA"}},{"type":"Feature","geometry":{"type":"Point","coordinates":[-75.247609,39.980516]},"properties":{"year":1960,"period":"1960","kind":"FHA"}},{"type":"Feature","geometry":{"type":"Point","coordinates":[-75.177943,39.993219]},"properties":{"year":1960,"period":"1960","kind":"VA"}},{"type":"Feature","geometry":{"type":"Point","coordinates":[-75.236484,39.97852]},"properties":{"year":1960,"period":"1960","kind":"FHA"}},{"type":"Feature","geometry":{"type":"Point","coordinates":[-75.237696,39.951097]},"properties":{"year":1960,"period":"1960","kind":"FHA"}},{"type":"Feature","geometry":{"type":"Point","coordinates":[-75.146755,40.042757]},"properties":{"year":1960,"period":"1960","kind":"FHA"}},{"type":"Feature","geometry":{"type":"Point","coordinates":[-75.149939,40.062946]},"properties":{"year":1960,"period":"1960","kind":"FHA"}},{"type":"Feature","geometry":{"type":"Point","coordinates":[-75.147293,40.063252]},"properties":{"year":1960,"period":"1960","kind":"FHA"}},{"type":"Feature","geometry":{"type":"Point","coordinates":[-75.154421,40.043183]},"properties":{"year":1960,"period":"1960","kind":"FHA"}},{"type":"Feature","geometry":{"type":"Point","coordinates":[-75.183317,40.060392]},"properties":{"year":1960,"period":"1960","kind":"FHA"}},{"type":"Feature","geometry":{"type":"Point","coordinates":[-75.157137,39.94289]},"properties":{"year":1960,"period":"1960","kind":"FHA"}},{"type":"Feature","geometry":{"type":"Point","coordinates":[-75.24247,39.946717]},"properties":{"year":1960,"period":"1960","kind":"FHA"}},{"type":"Feature","geometry":{"type":"Point","coordinates":[-75.149239,40.049433]},"properties":{"year":1960,"period":"1960","kind":"FHA"}},{"type":"Feature","geometry":{"type":"Point","coordinates":[-75.160306,40.052908]},"properties":{"year":1960,"period":"1960","kind":"FHA"}},{"type":"Feature","geometry":{"type":"Point","coordinates":[-75.168984,40.027772]},"properties":{"year":1960,"period":"1960","kind":"FHA"}},{"type":"Feature","geometry":{"type":"Point","coordinates":[-75.162816,40.030388]},"properties":{"year":1960,"period":"1960","kind":"FHA"}},{"type":"Feature","geometry":{"type":"Point","coordinates":[-75.115269,40.025838]},"properties":{"year":1960,"period":"1960","kind":"FHA"}},{"type":"Feature","geometry":{"type":"Point","coordinates":[-75.22028,39.93777]},"properties":{"year":1960,"period":"1960","kind":"FHA"}},{"type":"Feature","geometry":{"type":"Point","coordinates":[-75.233817,39.927616]},"properties":{"year":1960,"period":"1960","kind":"FHA"}},{"type":"Feature","geometry":{"type":"Point","coordinates":[-75.231525,39.949313]},"properties":{"year":1960,"period":"1960","kind":"FHA"}},{"type":"Feature","geometry":{"type":"Point","coordinates":[-75.176568,39.980272]},"properties":{"year":1960,"period":"1960","kind":"VA"}},{"type":"Feature","geometry":{"type":"Point","coordinates":[-75.209767,40.02196]},"properties":{"year":1960,"period":"1960","kind":"FHA"}},{"type":"Feature","geometry":{"type":"Point","coordinates":[-75.158042,40.010756]},"properties":{"year":1960,"period":"1960","kind":"FHA"}},{"type":"Feature","geometry":{"type":"Point","coordinates":[-74.985402,40.069413]},"properties":{"year":1960,"period":"1960","kind":"FHA"}},{"type":"Feature","geometry":{"type":"Point","coordinates":[-74.985404,40.069263]},"properties":{"year":1960,"period":"1960","kind":"FHA"}},{"type":"Feature","geometry":{"type":"Point","coordinates":[-74.985396,40.069313]},"properties":{"year":1960,"period":"1960","kind":"FHA"}},{"type":"Feature","geometry":{"type":"Point","coordinates":[-74.985395,40.069363]},"properties":{"year":1960,"period":"1960","kind":"FHA"}},{"type":"Feature","geometry":{"type":"Point","coordinates":[-74.985409,40.069461]},"properties":{"year":1960,"period":"1960","kind":"FHA"}},{"type":"Feature","geometry":{"type":"Point","coordinates":[-75.056928,40.036295]},"properties":{"year":1960,"period":"1960","kind":"FHA"}},{"type":"Feature","geometry":{"type":"Point","coordinates":[-74.986841,40.069972]},"properties":{"year":1960,"period":"1960","kind":"FHA"}},{"type":"Feature","geometry":{"type":"Point","coordinates":[-74.986704,40.069805]},"properties":{"year":1960,"period":"1960","kind":"FHA"}},{"type":"Feature","geometry":{"type":"Point","coordinates":[-74.985965,40.069375]},"properties":{"year":1960,"period":"1960","kind":"FHA"}},{"type":"Feature","geometry":{"type":"Point","coordinates":[-74.986281,40.069837]},"properties":{"year":1960,"period":"1960","kind":"FHA"}},{"type":"Feature","geometry":{"type":"Point","coordinates":[-74.986761,40.069876]},"properties":{"year":1960,"period":"1960","kind":"FHA"}},{"type":"Feature","geometry":{"type":"Point","coordinates":[-74.986094,40.069404]},"properties":{"year":1960,"period":"1960","kind":"FHA"}},{"type":"Feature","geometry":{"type":"Point","coordinates":[-74.986266,40.069425]},"properties":{"year":1960,"period":"1960","kind":"FHA"}},{"type":"Feature","geometry":{"type":"Point","coordinates":[-75.024121,40.060147]},"properties":{"year":1960,"period":"1960","kind":"FHA"}},{"type":"Feature","geometry":{"type":"Point","coordinates":[-74.985634,40.069334]},"properties":{"year":1960,"period":"1960","kind":"FHA"}},{"type":"Feature","geometry":{"type":"Point","coordinates":[-74.985406,40.069549]},"properties":{"year":1960,"period":"1960","kind":"FHA"}},{"type":"Feature","geometry":{"type":"Point","coordinates":[-74.986418,40.069471]},"properties":{"year":1960,"period":"1960","kind":"FHA"}},{"type":"Feature","geometry":{"type":"Point","coordinates":[-74.986031,40.069389]},"properties":{"year":1960,"period":"1960","kind":"FHA"}},{"type":"Feature","geometry":{"type":"Point","coordinates":[-74.986508,40.069585]},"properties":{"year":1960,"period":"1960","kind":"FHA"}},{"type":"Feature","geometry":{"type":"Point","coordinates":[-74.986623,40.069708]},"properties":{"year":1960,"period":"1960","kind":"FHA"}},{"type":"Feature","geometry":{"type":"Point","coordinates":[-74.985711,40.069347]},"properties":{"year":1960,"period":"1960","kind":"FHA"}},{"type":"Feature","geometry":{"type":"Point","coordinates":[-75.218337,39.936126]},"properties":{"year":1960,"period":"1960","kind":"VA"}},{"type":"Feature","geometry":{"type":"Point","coordinates":[-75.171384,39.995154]},"properties":{"year":1960,"period":"1960","kind":"VA"}},{"type":"Feature","geometry":{"type":"Point","coordinates":[-75.2404,39.947685]},"properties":{"year":1960,"period":"1960","kind":"FHA"}},{"type":"Feature","geometry":{"type":"Point","coordinates":[-75.182926,40.052811]},"properties":{"year":1960,"period":"1960","kind":"VA"}},{"type":"Feature","geometry":{"type":"Point","coordinates":[-75.160498,39.918725]},"properties":{"year":1960,"period":"1960","kind":"FHA"}},{"type":"Feature","geometry":{"type":"Point","coordinates":[-75.136948,40.044646]},"properties":{"year":1960,"period":"1960","kind":"FHA"}},{"type":"Feature","geometry":{"type":"Point","coordinates":[-75.169001,39.969961]},"properties":{"year":1960,"period":"1960","kind":"VA"}},{"type":"Feature","geometry":{"type":"Point","coordinates":[-75.079467,40.014457]},"properties":{"year":1960,"period":"1960","kind":"VA"}},{"type":"Feature","geometry":{"type":"Point","coordinates":[-75.179212,40.050912]},"properties":{"year":1960,"period":"1960","kind":"FHA"}},{"type":"Feature","geometry":{"type":"Point","coordinates":[-75.209472,39.974129]},"properties":{"year":1960,"period":"1960","kind":"VA"}},{"type":"Feature","geometry":{"type":"Point","coordinates":[-75.054445,40.039642]},"properties":{"year":1960,"period":"1960","kind":"FHA"}},{"type":"Feature","geometry":{"type":"Point","coordinates":[-75.16321,39.995937]},"properties":{"year":1960,"period":"1960","kind":"VA"}},{"type":"Feature","geometry":{"type":"Point","coordinates":[-75.183663,39.97587]},"properties":{"year":1960,"period":"1960","kind":"VA"}},{"type":"Feature","geometry":{"type":"Point","coordinates":[-75.238737,39.975554]},"properties":{"year":1960,"period":"1960","kind":"FHA"}},{"type":"Feature","geometry":{"type":"Point","coordinates":[-75.031866,40.06694]},"properties":{"year":1960,"period":"1960","kind":"FHA"}},{"type":"Feature","geometry":{"type":"Point","coordinates":[-75.137136,40.043774]},"properties":{"year":1960,"period":"1960","kind":"FHA"}},{"type":"Feature","geometry":{"type":"Point","coordinates":[-75.032252,40.067172]},"properties":{"year":1960,"period":"1960","kind":"FHA"}},{"type":"Feature","geometry":{"type":"Point","coordinates":[-75.168698,40.035345]},"properties":{"year":1960,"period":"1960","kind":"VA"}},{"type":"Feature","geometry":{"type":"Point","coordinates":[-75.171371,39.924593]},"properties":{"year":1960,"period":"1960","kind":"VA"}},{"type":"Feature","geometry":{"type":"Point","coordinates":[-75.183556,40.055856]},"properties":{"year":1960,"period":"1960","kind":"FHA"}},{"type":"Feature","geometry":{"type":"Point","coordinates":[-75.18482,40.061993]},"properties":{"year":1960,"period":"1960","kind":"FHA"}},{"type":"Feature","geometry":{"type":"Point","coordinates":[-75.152287,39.999518]},"properties":{"year":1960,"period":"1960","kind":"FHA"}},{"type":"Feature","geometry":{"type":"Point","coordinates":[-75.242671,39.948318]},"properties":{"year":1960,"period":"1960","kind":"FHA"}},{"type":"Feature","geometry":{"type":"Point","coordinates":[-75.245571,39.945511]},"properties":{"year":1960,"period":"1960","kind":"FHA"}},{"type":"Feature","geometry":{"type":"Point","coordinates":[-75.153437,40.043469]},"properties":{"year":1960,"period":"1960","kind":"VA"}},{"type":"Feature","geometry":{"type":"Point","coordinates":[-75.012974,40.065972]},"properties":{"year":1960,"period":"1960","kind":"FHA"}},{"type":"Feature","geometry":{"type":"Point","coordinates":[-75.073593,40.02021]},"properties":{"year":1960,"period":"1960","kind":"VA"}},{"type":"Feature","geometry":{"type":"Point","coordinates":[-75.018843,40.064953]},"properties":{"year":1960,"period":"1960","kind":"FHA"}},{"type":"Feature","geometry":{"type":"Point","coordinates":[-75.066792,40.069926]},"properties":{"year":1960,"period":"1960","kind":"FHA"}},{"type":"Feature","geometry":{"type":"Point","coordinates":[-75.01906,40.065569]},"properties":{"year":1960,"period":"1960","kind":"FHA"}},{"type":"Feature","geometry":{"type":"Point","coordinates":[-75.013036,40.064996]},"properties":{"year":1960,"period":"1960","kind":"FHA"}},{"type":"Feature","geometry":{"type":"Point","coordinates":[-75.023648,40.060871]},"properties":{"year":1960,"period":"1960","kind":"FHA"}},{"type":"Feature","geometry":{"type":"Point","coordinates":[-75.01884,40.065458]},"properties":{"year":1960,"period":"1960","kind":"FHA"}},{"type":"Feature","geometry":{"type":"Point","coordinates":[-75.155854,40.068166]},"properties":{"year":1960,"period":"1960","kind":"FHA"}},{"type":"Feature","geometry":{"type":"Point","coordinates":[-75.238402,39.949761]},"properties":{"year":1960,"period":"1960","kind":"FHA"}},{"type":"Feature","geometry":{"type":"Point","coordinates":[-75.046968,40.025002]},"properties":{"year":1960,"period":"1960","kind":"FHA"}},{"type":"Feature","geometry":{"type":"Point","coordinates":[-75.139991,40.003881]},"properties":{"year":1960,"period":"1960","kind":"VA"}},{"type":"Feature","geometry":{"type":"Point","coordinates":[-75.179213,39.911394]},"properties":{"year":1960,"period":"1960","kind":"FHA"}},{"type":"Feature","geometry":{"type":"Point","coordinates":[-75.225769,39.948622]},"properties":{"year":1960,"period":"1960","kind":"FHA"}},{"type":"Feature","geometry":{"type":"Point","coordinates":[-75.199368,39.973928]},"properties":{"year":1960,"period":"1960","kind":"VA"}},{"type":"Feature","geometry":{"type":"Point","coordinates":[-75.222036,39.923616]},"properties":{"year":1960,"period":"1960","kind":"FHA"}},{"type":"Feature","geometry":{"type":"Point","coordinates":[-75.160715,40.046661]},"properties":{"year":1960,"period":"1960","kind":"VA"}},{"type":"Feature","geometry":{"type":"Point","coordinates":[-75.155286,40.003046]},"properties":{"year":1960,"period":"1960","kind":"VA"}},{"type":"Feature","geometry":{"type":"Point","coordinates":[-75.065463,40.010529]},"properties":{"year":1960,"period":"1960","kind":"VA"}},{"type":"Feature","geometry":{"type":"Point","coordinates":[-75.187264,39.982651]},"properties":{"year":1960,"period":"1960","kind":"VA"}},{"type":"Feature","geometry":{"type":"Point","coordinates":[-74.981442,40.091449]},"properties":{"year":1960,"period":"1960","kind":"FHA"}},{"type":"Feature","geometry":{"type":"Point","coordinates":[-75.12641,40.023531]},"properties":{"year":1960,"period":"1960","kind":"FHA"}},{"type":"Feature","geometry":{"type":"Point","coordinates":[-75.055014,40.028838]},"properties":{"year":1960,"period":"1960","kind":"FHA"}},{"type":"Feature","geometry":{"type":"Point","coordinates":[-75.204885,40.022614]},"properties":{"year":1960,"period":"1960","kind":"FHA"}},{"type":"Feature","geometry":{"type":"Point","coordinates":[-75.162154,39.986676]},"properties":{"year":1960,"period":"1960","kind":"VA"}},{"type":"Feature","geometry":{"type":"Point","coordinates":[-75.146821,40.045771]},"properties":{"year":1960,"period":"1960","kind":"FHA"}},{"type":"Feature","geometry":{"type":"Point","coordinates":[-75.238755,39.949805]},"properties":{"year":1960,"period":"1960","kind":"FHA"}},{"type":"Feature","geometry":{"type":"Point","coordinates":[-75.231096,39.955002]},"properties":{"year":1960,"period":"1960","kind":"VA"}},{"type":"Feature","geometry":{"type":"Point","coordinates":[-75.24776,39.950973]},"properties":{"year":1960,"period":"1960","kind":"FHA"}},{"type":"Feature","geometry":{"type":"Point","coordinates":[-75.22667,39.954235]},"properties":{"year":1960,"period":"1960","kind":"VA"}},{"type":"Feature","geometry":{"type":"Point","coordinates":[-75.189307,40.012252]},"properties":{"year":1960,"period":"1960","kind":"FHA"}},{"type":"Feature","geometry":{"type":"Point","coordinates":[-75.178617,40.035945]},"properties":{"year":1960,"period":"1960","kind":"VA"}},{"type":"Feature","geometry":{"type":"Point","coordinates":[-75.078725,40.030147]},"properties":{"year":1960,"period":"1960","kind":"FHA"}},{"type":"Feature","geometry":{"type":"Point","coordinates":[-75.151705,40.048094]},"properties":{"year":1960,"period":"1960","kind":"FHA"}},{"type":"Feature","geometry":{"type":"Point","coordinates":[-75.000562,40.064142]},"properties":{"year":1960,"period":"1960","kind":"FHA"}},{"type":"Feature","geometry":{"type":"Point","coordinates":[-75.152142,40.028926]},"properties":{"year":1960,"period":"1960","kind":"VA"}},{"type":"Feature","geometry":{"type":"Point","coordinates":[-75.235048,39.987433]},"properties":{"year":1960,"period":"1960","kind":"FHA"}},{"type":"Feature","geometry":{"type":"Point","coordinates":[-75.246057,39.910744]},"properties":{"year":1960,"period":"1960","kind":"FHA"}},{"type":"Feature","geometry":{"type":"Point","coordinates":[-75.222389,39.959085]},"properties":{"year":1960,"period":"1960","kind":"VA"}},{"type":"Feature","geometry":{"type":"Point","coordinates":[-75.106164,40.013225]},"properties":{"year":1960,"period":"1960","kind":"FHA"}},{"type":"Feature","geometry":{"type":"Point","coordinates":[-75.162629,39.921495]},"properties":{"year":1960,"period":"1960","kind":"FHA"}},{"type":"Feature","geometry":{"type":"Point","coordinates":[-75.155092,39.923576]},"properties":{"year":1960,"period":"1960","kind":"FHA"}},{"type":"Feature","geometry":{"type":"Point","coordinates":[-75.210764,40.021516]},"properties":{"year":1960,"period":"1960","kind":"FHA"}},{"type":"Feature","geometry":{"type":"Point","coordinates":[-75.040304,40.105842]},"properties":{"year":1960,"period":"1960","kind":"FHA"}},{"type":"Feature","geometry":{"type":"Point","coordinates":[-75.040058,40.106078]},"properties":{"year":1960,"period":"1960","kind":"FHA"}},{"type":"Feature","geometry":{"type":"Point","coordinates":[-75.039818,40.10631]},"properties":{"year":1960,"period":"1960","kind":"FHA"}},{"type":"Feature","geometry":{"type":"Point","coordinates":[-75.161741,40.066073]},"properties":{"year":1960,"period":"1960","kind":"FHA"}},{"type":"Feature","geometry":{"type":"Point","coordinates":[-75.17297,39.914392]},"properties":{"year":1960,"period":"1960","kind":"FHA"}},{"type":"Feature","geometry":{"type":"Point","coordinates":[-75.152396,39.994339]},"properties":{"year":1960,"period":"1960","kind":"FHA"}},{"type":"Feature","geometry":{"type":"Point","coordinates":[-75.177033,39.928278]},"properties":{"year":1960,"period":"1960","kind":"FHA"}},{"type":"Feature","geometry":{"type":"Point","coordinates":[-74.981891,40.098195]},"properties":{"year":1960,"period":"1960","kind":"FHA"}},{"type":"Feature","geometry":{"type":"Point","coordinates":[-74.984615,40.099703]},"properties":{"year":1960,"period":"1960","kind":"FHA"}},{"type":"Feature","geometry":{"type":"Point","coordinates":[-75.18061,40.050485]},"properties":{"year":1960,"period":"1960","kind":"FHA"}},{"type":"Feature","geometry":{"type":"Point","coordinates":[-75.021862,40.111334]},"properties":{"year":1960,"period":"1960","kind":"FHA"}},{"type":"Feature","geometry":{"type":"Point","coordinates":[-75.263147,39.973337]},"properties":{"year":1960,"period":"1960","kind":"FHA"}},{"type":"Feature","geometry":{"type":"Point","coordinates":[-75.235642,39.952736]},"properties":{"year":1960,"period":"1960","kind":"FHA"}},{"type":"Feature","geometry":{"type":"Point","coordinates":[-75.080964,40.061506]},"properties":{"year":1960,"period":"1960","kind":"FHA"}},{"type":"Feature","geometry":{"type":"Point","coordinates":[-75.028442,40.089371]},"properties":{"year":1960,"period":"1960","kind":"FHA"}},{"type":"Feature","geometry":{"type":"Point","coordinates":[-75.070295,40.04006]},"properties":{"year":1960,"period":"1960","kind":"FHA"}},{"type":"Feature","geometry":{"type":"Point","coordinates":[-75.004144,40.065787]},"properties":{"year":1960,"period":"1960","kind":"FHA"}},{"type":"Feature","geometry":{"type":"Point","coordinates":[-75.029062,40.089622]},"properties":{"year":1960,"period":"1960","kind":"FHA"}},{"type":"Feature","geometry":{"type":"Point","coordinates":[-75.029062,40.089622]},"properties":{"year":1960,"period":"1960","kind":"FHA"}},{"type":"Feature","geometry":{"type":"Point","coordinates":[-75.018949,40.065514]},"properties":{"year":1960,"period":"1960","kind":"FHA"}},{"type":"Feature","geometry":{"type":"Point","coordinates":[-75.029862,40.089903]},"properties":{"year":1960,"period":"1960","kind":"FHA"}},{"type":"Feature","geometry":{"type":"Point","coordinates":[-75.180217,40.079705]},"properties":{"year":1960,"period":"1960","kind":"FHA"}},{"type":"Feature","geometry":{"type":"Point","coordinates":[-75.141349,39.997159]},"properties":{"year":1960,"period":"1960","kind":"FHA"}},{"type":"Feature","geometry":{"type":"Point","coordinates":[-75.104261,39.995419]},"properties":{"year":1960,"period":"1960","kind":"FHA"}},{"type":"Feature","geometry":{"type":"Point","coordinates":[-74.967979,40.081162]},"properties":{"year":1960,"period":"1960","kind":"FHA"}},{"type":"Feature","geometry":{"type":"Point","coordinates":[-75.183086,39.932376]},"properties":{"year":1960,"period":"1960","kind":"FHA"}},{"type":"Feature","geometry":{"type":"Point","coordinates":[-75.108438,40.007172]},"properties":{"year":1960,"period":"1960","kind":"FHA"}},{"type":"Feature","geometry":{"type":"Point","coordinates":[-75.241551,39.960235]},"properties":{"year":1960,"period":"1960","kind":"FHA"}},{"type":"Feature","geometry":{"type":"Point","coordinates":[-75.153698,40.04435]},"properties":{"year":1960,"period":"1960","kind":"FHA"}},{"type":"Feature","geometry":{"type":"Point","coordinates":[-75.047233,40.072279]},"properties":{"year":1960,"period":"1960","kind":"FHA"}},{"type":"Feature","geometry":{"type":"Point","coordinates":[-75.004564,40.066024]},"properties":{"year":1960,"period":"1960","kind":"FHA"}},{"type":"Feature","geometry":{"type":"Point","coordinates":[-75.141787,40.024568]},"properties":{"year":1960,"period":"1960","kind":"FHA"}},{"type":"Feature","geometry":{"type":"Point","coordinates":[-75.181551,40.061901]},"properties":{"year":1960,"period":"1960","kind":"FHA"}},{"type":"Feature","geometry":{"type":"Point","coordinates":[-75.22358,39.945897]},"properties":{"year":1960,"period":"1960","kind":"FHA"}},{"type":"Feature","geometry":{"type":"Point","coordinates":[-75.232799,39.975618]},"properties":{"year":1960,"period":"1960","kind":"VA"}},{"type":"Feature","geometry":{"type":"Point","coordinates":[-75.231873,39.948193]},"properties":{"year":1960,"period":"1960","kind":"FHA"}},{"type":"Feature","geometry":{"type":"Point","coordinates":[-75.134005,39.985261]},"properties":{"year":1960,"period":"1960","kind":"FHA"}},{"type":"Feature","geometry":{"type":"Point","coordinates":[-75.146426,40.041241]},"properties":{"year":1960,"period":"1960","kind":"FHA"}},{"type":"Feature","geometry":{"type":"Point","coordinates":[-75.183634,40.061612]},"properties":{"year":1960,"period":"1960","kind":"FHA"}},{"type":"Feature","geometry":{"type":"Point","coordinates":[-75.160416,40.034075]},"properties":{"year":1960,"period":"1960","kind":"FHA"}},{"type":"Feature","geometry":{"type":"Point","coordinates":[-75.143001,40.023047]},"properties":{"year":1960,"period":"1960","kind":"FHA"}},{"type":"Feature","geometry":{"type":"Point","coordinates":[-75.156136,40.022245]},"properties":{"year":1960,"period":"1960","kind":"FHA"}},{"type":"Feature","geometry":{"type":"Point","coordinates":[-75.240732,39.959409]},"properties":{"year":1960,"period":"1960","kind":"VA"}},{"type":"Feature","geometry":{"type":"Point","coordinates":[-75.153243,39.995203]},"properties":{"year":1960,"period":"1960","kind":"VA"}},{"type":"Feature","geometry":{"type":"Point","coordinates":[-75.189152,40.059938]},"properties":{"year":1960,"period":"1960","kind":"FHA"}},{"type":"Feature","geometry":{"type":"Point","coordinates":[-75.158375,40.009169]},"properties":{"year":1960,"period":"1960","kind":"FHA"}},{"type":"Feature","geometry":{"type":"Point","coordinates":[-75.153963,39.922034]},"properties":{"year":1960,"period":"1960","kind":"VA"}},{"type":"Feature","geometry":{"type":"Point","coordinates":[-75.171072,39.91066]},"properties":{"year":1960,"period":"1960","kind":"FHA"}},{"type":"Feature","geometry":{"type":"Point","coordinates":[-75.225759,40.037825]},"properties":{"year":1960,"period":"1960","kind":"FHA"}},{"type":"Feature","geometry":{"type":"Point","coordinates":[-75.104594,40.013084]},"properties":{"year":1960,"period":"1960","kind":"FHA"}},{"type":"Feature","geometry":{"type":"Point","coordinates":[-75.246328,39.9519]},"properties":{"year":1960,"period":"1960","kind":"FHA"}},{"type":"Feature","geometry":{"type":"Point","coordinates":[-75.15334,39.929139]},"properties":{"year":1960,"period":"1960","kind":"FHA"}},{"type":"Feature","geometry":{"type":"Point","coordinates":[-75.219841,39.950154]},"properties":{"year":1960,"period":"1960","kind":"FHA"}},{"type":"Feature","geometry":{"type":"Point","coordinates":[-75.237112,39.947778]},"properties":{"year":1960,"period":"1960","kind":"FHA"}},{"type":"Feature","geometry":{"type":"Point","coordinates":[-75.163668,40.010192]},"properties":{"year":1960,"period":"1960","kind":"FHA"}},{"type":"Feature","geometry":{"type":"Point","coordinates":[-74.987129,40.070327]},"properties":{"year":1960,"period":"1960","kind":"FHA"}},{"type":"Feature","geometry":{"type":"Point","coordinates":[-74.986656,40.06975]},"properties":{"year":1960,"period":"1960","kind":"FHA"}},{"type":"Feature","geometry":{"type":"Point","coordinates":[-74.98691,40.070055]},"properties":{"year":1960,"period":"1960","kind":"FHA"}},{"type":"Feature","geometry":{"type":"Point","coordinates":[-74.986981,40.070136]},"properties":{"year":1960,"period":"1960","kind":"FHA"}},{"type":"Feature","geometry":{"type":"Point","coordinates":[-74.987099,40.070233]},"properties":{"year":1960,"period":"1960","kind":"FHA"}},{"type":"Feature","geometry":{"type":"Point","coordinates":[-74.986947,40.070095]},"properties":{"year":1960,"period":"1960","kind":"FHA"}},{"type":"Feature","geometry":{"type":"Point","coordinates":[-74.986875,40.070013]},"properties":{"year":1960,"period":"1960","kind":"FHA"}},{"type":"Feature","geometry":{"type":"Point","coordinates":[-74.986805,40.069931]},"properties":{"year":1960,"period":"1960","kind":"FHA"}},{"type":"Feature","geometry":{"type":"Point","coordinates":[-74.987093,40.070447]},"properties":{"year":1960,"period":"1960","kind":"FHA"}},{"type":"Feature","geometry":{"type":"Point","coordinates":[-75.031504,40.108322]},"properties":{"year":1960,"period":"1960","kind":"FHA"}},{"type":"Feature","geometry":{"type":"Point","coordinates":[-75.00702,40.051286]},"properties":{"year":1960,"period":"1960","kind":"FHA"}},{"type":"Feature","geometry":{"type":"Point","coordinates":[-75.139648,39.982096]},"properties":{"year":1960,"period":"1960","kind":"VA"}},{"type":"Feature","geometry":{"type":"Point","coordinates":[-75.162812,39.997815]},"properties":{"year":1960,"period":"1960","kind":"VA"}},{"type":"Feature","geometry":{"type":"Point","coordinates":[-75.017031,40.040165]},"properties":{"year":1960,"period":"1960","kind":"FHA"}},{"type":"Feature","geometry":{"type":"Point","coordinates":[-75.053574,40.026849]},"properties":{"year":1960,"period":"1960","kind":"FHA"}},{"type":"Feature","geometry":{"type":"Point","coordinates":[-75.186562,39.929707]},"properties":{"year":1960,"period":"1960","kind":"FHA"}},{"type":"Feature","geometry":{"type":"Point","coordinates":[-75.18967,39.935133]},"properties":{"year":1960,"period":"1960","kind":"FHA"}},{"type":"Feature","geometry":{"type":"Point","coordinates":[-75.231492,39.952062]},"properties":{"year":1960,"period":"1960","kind":"FHA"}},{"type":"Feature","geometry":{"type":"Point","coordinates":[-75.133322,39.983654]},"properties":{"year":1960,"period":"1960","kind":"VA"}},{"type":"Feature","geometry":{"type":"Point","coordinates":[-75.081716,40.02265]},"properties":{"year":1960,"period":"1960","kind":"FHA"}},{"type":"Feature","geometry":{"type":"Point","coordinates":[-75.112773,40.000715]},"properties":{"year":1960,"period":"1960","kind":"FHA"}},{"type":"Feature","geometry":{"type":"Point","coordinates":[-75.056761,40.017303]},"properties":{"year":1960,"period":"1960","kind":"FHA"}},{"type":"Feature","geometry":{"type":"Point","coordinates":[-75.091976,40.009331]},"properties":{"year":1960,"period":"1960","kind":"FHA"}},{"type":"Feature","geometry":{"type":"Point","coordinates":[-75.140753,40.001095]},"properties":{"year":1960,"period":"1960","kind":"VA"}},{"type":"Feature","geometry":{"type":"Point","coordinates":[-75.148483,40.042496]},"properties":{"year":1960,"period":"1960","kind":"FHA"}},{"type":"Feature","geometry":{"type":"Point","coordinates":[-75.237856,39.977553]},"properties":{"year":1960,"period":"1960","kind":"VA"}},{"type":"Feature","geometry":{"type":"Point","coordinates":[-75.17834,40.044515]},"properties":{"year":1960,"period":"1960","kind":"FHA"}},{"type":"Feature","geometry":{"type":"Point","coordinates":[-75.157589,40.04253]},"properties":{"year":1960,"period":"1960","kind":"FHA"}},{"type":"Feature","geometry":{"type":"Point","coordinates":[-75.155236,40.045099]},"properties":{"year":1960,"period":"1960","kind":"FHA"}},{"type":"Feature","geometry":{"type":"Point","coordinates":[-75.111471,40.017084]},"properties":{"year":1960,"period":"1960","kind":"FHA"}},{"type":"Feature","geometry":{"type":"Point","coordinates":[-75.223234,39.959336]},"properties":{"year":1960,"period":"1960","kind":"FHA"}},{"type":"Feature","geometry":{"type":"Point","coordinates":[-75.151163,39.990851]},"properties":{"year":1960,"period":"1960","kind":"VA"}},{"type":"Feature","geometry":{"type":"Point","coordinates":[-75.176335,39.929]},"properties":{"year":1960,"period":"1960","kind":"FHA"}},{"type":"Feature","geometry":{"type":"Point","coordinates":[-75.126635,40.000568]},"properties":{"year":1960,"period":"1960","kind":"FHA"}},{"type":"Feature","geometry":{"type":"Point","coordinates":[-75.165567,40.045922]},"properties":{"year":1960,"period":"1960","kind":"VA"}},{"type":"Feature","geometry":{"type":"Point","coordinates":[-75.238522,39.948104]},"properties":{"year":1960,"period":"1960","kind":"FHA"}},{"type":"Feature","geometry":{"type":"Point","coordinates":[-75.229909,39.931671]},"properties":{"year":1960,"period":"1960","kind":"FHA"}},{"type":"Feature","geometry":{"type":"Point","coordinates":[-75.154493,40.042276]},"properties":{"year":1960,"period":"1960","kind":"FHA"}},{"type":"Feature","geometry":{"type":"Point","coordinates":[-75.079313,40.036152]},"properties":{"year":1960,"period":"1960","kind":"FHA"}},{"type":"Feature","geometry":{"type":"Point","coordinates":[-75.125784,40.043463]},"properties":{"year":1960,"period":"1960","kind":"FHA"}},{"type":"Feature","geometry":{"type":"Point","coordinates":[-75.01844,40.065255]},"properties":{"year":1960,"period":"1960","kind":"FHA"}},{"type":"Feature","geometry":{"type":"Point","coordinates":[-75.053494,40.095539]},"properties":{"year":1960,"period":"1960","kind":"FHA"}},{"type":"Feature","geometry":{"type":"Point","coordinates":[-75.018549,40.06531]},"properties":{"year":1960,"period":"1960","kind":"FHA"}},{"type":"Feature","geometry":{"type":"Point","coordinates":[-75.018622,40.064663]},"properties":{"year":1960,"period":"1960","kind":"FHA"}},{"type":"Feature","geometry":{"type":"Point","coordinates":[-75.018338,40.065204]},"properties":{"year":1960,"period":"1960","kind":"FHA"}},{"type":"Feature","geometry":{"type":"Point","coordinates":[-75.019114,40.065598]},"properties":{"year":1960,"period":"1960","kind":"FHA"}},{"type":"Feature","geometry":{"type":"Point","coordinates":[-75.055292,40.091929]},"properties":{"year":1960,"period":"1960","kind":"FHA"}},{"type":"Feature","geometry":{"type":"Point","coordinates":[-75.068156,40.059499]},"properties":{"year":1960,"period":"1960","kind":"FHA"}},{"type":"Feature","geometry":{"type":"Point","coordinates":[-75.166013,40.068414]},"properties":{"year":1960,"period":"1960","kind":"FHA"}},{"type":"Feature","geometry":{"type":"Point","coordinates":[-75.09212,40.031216]},"properties":{"year":1960,"period":"1960","kind":"FHA"}},{"type":"Feature","geometry":{"type":"Point","coordinates":[-75.233692,39.980046]},"properties":{"year":1960,"period":"1960","kind":"VA"}},{"type":"Feature","geometry":{"type":"Point","coordinates":[-75.162878,39.991306]},"properties":{"year":1960,"period":"1960","kind":"VA"}},{"type":"Feature","geometry":{"type":"Point","coordinates":[-75.242926,39.963525]},"properties":{"year":1960,"period":"1960","kind":"FHA"}},{"type":"Feature","geometry":{"type":"Point","coordinates":[-75.138207,40.025576]},"properties":{"year":1960,"period":"1960","kind":"FHA"}},{"type":"Feature","geometry":{"type":"Point","coordinates":[-75.113672,39.986052]},"properties":{"year":1960,"period":"1960","kind":"FHA"}},{"type":"Feature","geometry":{"type":"Point","coordinates":[-75.184906,40.054967]},"properties":{"year":1960,"period":"1960","kind":"FHA"}},{"type":"Feature","geometry":{"type":"Point","coordinates":[-75.148122,40.048403]},"properties":{"year":1960,"period":"1960","kind":"FHA"}},{"type":"Feature","geometry":{"type":"Point","coordinates":[-75.084536,40.05356]},"properties":{"year":1960,"period":"1960","kind":"FHA"}},{"type":"Feature","geometry":{"type":"Point","coordinates":[-75.238375,39.949892]},"properties":{"year":1960,"period":"1960","kind":"FHA"}},{"type":"Feature","geometry":{"type":"Point","coordinates":[-75.2421,39.962536]},"properties":{"year":1960,"period":"1960","kind":"FHA"}},{"type":"Feature","geometry":{"type":"Point","coordinates":[-75.240912,39.952787]},"properties":{"year":1960,"period":"1960","kind":"FHA"}},{"type":"Feature","geometry":{"type":"Point","coordinates":[-75.201959,39.973177]},"properties":{"year":1960,"period":"1960","kind":"VA"}},{"type":"Feature","geometry":{"type":"Point","coordinates":[-75.235682,39.922759]},"properties":{"year":1960,"period":"1960","kind":"FHA"}},{"type":"Feature","geometry":{"type":"Point","coordinates":[-75.243783,39.978156]},"properties":{"year":1960,"period":"1960","kind":"FHA"}},{"type":"Feature","geometry":{"type":"Point","coordinates":[-75.23812,39.961034]},"properties":{"year":1960,"period":"1960","kind":"FHA"}},{"type":"Feature","geometry":{"type":"Point","coordinates":[-75.122931,39.997318]},"properties":{"year":1960,"period":"1960","kind":"FHA"}},{"type":"Feature","geometry":{"type":"Point","coordinates":[-75.152387,39.994987]},"properties":{"year":1960,"period":"1960","kind":"VA"}},{"type":"Feature","geometry":{"type":"Point","coordinates":[-75.156989,40.004113]},"properties":{"year":1960,"period":"1960","kind":"VA"}},{"type":"Feature","geometry":{"type":"Point","coordinates":[-75.176521,39.995806]},"properties":{"year":1960,"period":"1960","kind":"VA"}},{"type":"Feature","geometry":{"type":"Point","coordinates":[-75.154154,39.99914]},"properties":{"year":1960,"period":"1960","kind":"VA"}},{"type":"Feature","geometry":{"type":"Point","coordinates":[-75.237717,39.950453]},"properties":{"year":1960,"period":"1960","kind":"VA"}},{"type":"Feature","geometry":{"type":"Point","coordinates":[-75.149802,40.041627]},"properties":{"year":1960,"period":"1960","kind":"FHA"}},{"type":"Feature","geometry":{"type":"Point","coordinates":[-75.180999,40.039349]},"properties":{"year":1960,"period":"1960","kind":"FHA"}},{"type":"Feature","geometry":{"type":"Point","coordinates":[-75.160895,40.071264]},"properties":{"year":1960,"period":"1960","kind":"FHA"}},{"type":"Feature","geometry":{"type":"Point","coordinates":[-75.066137,40.049754]},"properties":{"year":1960,"period":"1960","kind":"FHA"}},{"type":"Feature","geometry":{"type":"Point","coordinates":[-75.18358,39.979082]},"properties":{"year":1960,"period":"1960","kind":"VA"}},{"type":"Feature","geometry":{"type":"Point","coordinates":[-75.238804,39.96527]},"properties":{"year":1960,"period":"1960","kind":"FHA"}},{"type":"Feature","geometry":{"type":"Point","coordinates":[-75.231377,39.958884]},"properties":{"year":1960,"period":"1960","kind":"FHA"}},{"type":"Feature","geometry":{"type":"Point","coordinates":[-75.053597,40.095603]},"properties":{"year":1960,"period":"1960","kind":"FHA"}},{"type":"Feature","geometry":{"type":"Point","coordinates":[-75.157946,40.042539]},"properties":{"year":1960,"period":"1960","kind":"FHA"}},{"type":"Feature","geometry":{"type":"Point","coordinates":[-75.144229,39.989583]},"properties":{"year":1960,"period":"1960","kind":"VA"}},{"type":"Feature","geometry":{"type":"Point","coordinates":[-75.156502,40.020526]},"properties":{"year":1960,"period":"1960","kind":"VA"}},{"type":"Feature","geometry":{"type":"Point","coordinates":[-75.145382,40.042621]},"properties":{"year":1960,"period":"1960","kind":"FHA"}},{"type":"Feature","geometry":{"type":"Point","coordinates":[-75.15323,40.05072]},"properties":{"year":1960,"period":"1960","kind":"VA"}},{"type":"Feature","geometry":{"type":"Point","coordinates":[-75.177573,39.998191]},"properties":{"year":1960,"period":"1960","kind":"VA"}},{"type":"Feature","geometry":{"type":"Point","coordinates":[-75.158662,39.99236]},"properties":{"year":1960,"period":"1960","kind":"VA"}},{"type":"Feature","geometry":{"type":"Point","coordinates":[-75.229031,39.956009]},"properties":{"year":1960,"period":"1960","kind":"FHA"}},{"type":"Feature","geometry":{"type":"Point","coordinates":[-75.215723,39.949654]},"properties":{"year":1960,"period":"1960","kind":"FHA"}},{"type":"Feature","geometry":{"type":"Point","coordinates":[-75.237364,39.973023]},"properties":{"year":1960,"period":"1960","kind":"FHA"}},{"type":"Feature","geometry":{"type":"Point","coordinates":[-75.231741,39.948669]},"properties":{"year":1960,"period":"1960","kind":"FHA"}},{"type":"Feature","geometry":{"type":"Point","coordinates":[-75.125914,40.026076]},"properties":{"year":1960,"period":"1960","kind":"FHA"}},{"type":"Feature","geometry":{"type":"Point","coordinates":[-75.066204,40.049685]},"properties":{"year":1960,"period":"1960","kind":"FHA"}},{"type":"Feature","geometry":{"type":"Point","coordinates":[-75.163458,40.029801]},"properties":{"year":1960,"period":"1960","kind":"FHA"}},{"type":"Feature","geometry":{"type":"Point","coordinates":[-75.083993,40.039809]},"properties":{"year":1960,"period":"1960","kind":"FHA"}},{"type":"Feature","geometry":{"type":"Point","coordinates":[-75.107693,39.98883]},"properties":{"year":1960,"period":"1960","kind":"FHA"}},{"type":"Feature","geometry":{"type":"Point","coordinates":[-75.147375,40.06375]},"properties":{"year":1960,"period":"1960","kind":"FHA"}},{"type":"Feature","geometry":{"type":"Point","coordinates":[-74.987048,40.070775]},"properties":{"year":1960,"period":"1960","kind":"FHA"}},{"type":"Feature","geometry":{"type":"Point","coordinates":[-74.986465,40.069548]},"properties":{"year":1960,"period":"1960","kind":"FHA"}},{"type":"Feature","geometry":{"type":"Point","coordinates":[-75.031235,40.107688]},"properties":{"year":1960,"period":"1960","kind":"FHA"}},{"type":"Feature","geometry":{"type":"Point","coordinates":[-75.002648,40.064203]},"properties":{"year":1960,"period":"1960","kind":"FHA"}},{"type":"Feature","geometry":{"type":"Point","coordinates":[-74.987031,40.070825]},"properties":{"year":1960,"period":"1960","kind":"FHA"}},{"type":"Feature","geometry":{"type":"Point","coordinates":[-75.174605,40.055321]},"properties":{"year":1960,"period":"1960","kind":"FHA"}},{"type":"Feature","geometry":{"type":"Point","coordinates":[-74.986991,40.07092]},"properties":{"year":1960,"period":"1960","kind":"FHA"}},{"type":"Feature","geometry":{"type":"Point","coordinates":[-74.986588,40.069665]},"properties":{"year":1960,"period":"1960","kind":"FHA"}},{"type":"Feature","geometry":{"type":"Point","coordinates":[-74.987062,40.070723]},"properties":{"year":1960,"period":"1960","kind":"FHA"}},{"type":"Feature","geometry":{"type":"Point","coordinates":[-75.007525,40.058062]},"properties":{"year":1960,"period":"1960","kind":"FHA"}},{"type":"Feature","geometry":{"type":"Point","coordinates":[-75.143129309393,39.9528018027726]},"properties":{"year":1960,"period":"1960","kind":"VA"}},{"type":"Feature","geometry":{"type":"Point","coordinates":[-75.230457,39.957837]},"properties":{"year":1960,"period":"1960","kind":"FHA"}},{"type":"Feature","geometry":{"type":"Point","coordinates":[-75.226686,39.981254]},"properties":{"year":1960,"period":"1960","kind":"FHA"}},{"type":"Feature","geometry":{"type":"Point","coordinates":[-75.235101,39.953471]},"properties":{"year":1960,"period":"1960","kind":"VA"}},{"type":"Feature","geometry":{"type":"Point","coordinates":[-75.233506,39.919509]},"properties":{"year":1960,"period":"1960","kind":"FHA"}},{"type":"Feature","geometry":{"type":"Point","coordinates":[-75.241417,39.953402]},"properties":{"year":1960,"period":"1960","kind":"VA"}},{"type":"Feature","geometry":{"type":"Point","coordinates":[-75.146712,40.063178]},"properties":{"year":1960,"period":"1960","kind":"FHA"}},{"type":"Feature","geometry":{"type":"Point","coordinates":[-75.158214,40.048427]},"properties":{"year":1960,"period":"1960","kind":"FHA"}},{"type":"Feature","geometry":{"type":"Point","coordinates":[-75.151592,40.049713]},"properties":{"year":1960,"period":"1960","kind":"FHA"}},{"type":"Feature","geometry":{"type":"Point","coordinates":[-75.171374,40.075955]},"properties":{"year":1960,"period":"1960","kind":"FHA"}},{"type":"Feature","geometry":{"type":"Point","coordinates":[-75.198675,40.047458]},"properties":{"year":1960,"period":"1960","kind":"FHA"}},{"type":"Feature","geometry":{"type":"Point","coordinates":[-75.148537,40.042504]},"properties":{"year":1960,"period":"1960","kind":"FHA"}},{"type":"Feature","geometry":{"type":"Point","coordinates":[-75.033915,40.064735]},"properties":{"year":1960,"period":"1960","kind":"FHA"}},{"type":"Feature","geometry":{"type":"Point","coordinates":[-75.033943,40.064814]},"properties":{"year":1960,"period":"1960","kind":"FHA"}},{"type":"Feature","geometry":{"type":"Point","coordinates":[-75.199,40.043051]},"properties":{"year":1960,"period":"1960","kind":"FHA"}},{"type":"Feature","geometry":{"type":"Point","coordinates":[-75.154248,40.042007]},"properties":{"year":1960,"period":"1960","kind":"VA"}},{"type":"Feature","geometry":{"type":"Point","coordinates":[-75.236399,39.976834]},"properties":{"year":1960,"period":"1960","kind":"FHA"}},{"type":"Feature","geometry":{"type":"Point","coordinates":[-75.078619,40.020382]},"properties":{"year":1960,"period":"1960","kind":"FHA"}},{"type":"Feature","geometry":{"type":"Point","coordinates":[-75.018675,40.06457]},"properties":{"year":1960,"period":"1960","kind":"FHA"}},{"type":"Feature","geometry":{"type":"Point","coordinates":[-75.054507,40.071751]},"properties":{"year":1960,"period":"1960","kind":"VA"}},{"type":"Feature","geometry":{"type":"Point","coordinates":[-75.148323,40.04118]},"properties":{"year":1960,"period":"1960","kind":"VA"}},{"type":"Feature","geometry":{"type":"Point","coordinates":[-75.232948,39.937003]},"properties":{"year":1960,"period":"1960","kind":"FHA"}},{"type":"Feature","geometry":{"type":"Point","coordinates":[-75.239159,39.949071]},"properties":{"year":1960,"period":"1960","kind":"FHA"}},{"type":"Feature","geometry":{"type":"Point","coordinates":[-75.232372,39.989415]},"properties":{"year":1960,"period":"1960","kind":"FHA"}},{"type":"Feature","geometry":{"type":"Point","coordinates":[-75.16537,39.976609]},"properties":{"year":1960,"period":"1960","kind":"VA"}},{"type":"Feature","geometry":{"type":"Point","coordinates":[-75.18669,39.996627]},"properties":{"year":1960,"period":"1960","kind":"VA"}},{"type":"Feature","geometry":{"type":"Point","coordinates":[-75.147707,40.039843]},"properties":{"year":1960,"period":"1960","kind":"FHA"}},{"type":"Feature","geometry":{"type":"Point","coordinates":[-75.147229,40.06281]},"properties":{"year":1960,"period":"1960","kind":"FHA"}},{"type":"Feature","geometry":{"type":"Point","coordinates":[-75.061365,40.046822]},"properties":{"year":1960,"period":"1960","kind":"FHA"}},{"type":"Feature","geometry":{"type":"Point","coordinates":[-75.234425,39.949625]},"properties":{"year":1960,"period":"1960","kind":"FHA"}},{"type":"Feature","geometry":{"type":"Point","coordinates":[-75.163242,39.997075]},"properties":{"year":1960,"period":"1960","kind":"VA"}},{"type":"Feature","geometry":{"type":"Point","coordinates":[-75.162743,40.008768]},"properties":{"year":1960,"period":"1960","kind":"VA"}},{"type":"Feature","geometry":{"type":"Point","coordinates":[-75.183105,39.986955]},"properties":{"year":1960,"period":"1960","kind":"VA"}},{"type":"Feature","geometry":{"type":"Point","coordinates":[-75.176605,39.930285]},"properties":{"year":1960,"period":"1960","kind":"FHA"}},{"type":"Feature","geometry":{"type":"Point","coordinates":[-75.182647,39.980827]},"properties":{"year":1960,"period":"1960","kind":"FHA"}},{"type":"Feature","geometry":{"type":"Point","coordinates":[-75.145483,39.978831]},"properties":{"year":1960,"period":"1960","kind":"VA"}},{"type":"Feature","geometry":{"type":"Point","coordinates":[-75.139371,40.011798]},"properties":{"year":1960,"period":"1960","kind":"FHA"}},{"type":"Feature","geometry":{"type":"Point","coordinates":[-75.186057,40.054141]},"properties":{"year":1960,"period":"1960","kind":"FHA"}},{"type":"Feature","geometry":{"type":"Point","coordinates":[-75.18441,40.055243]},"properties":{"year":1960,"period":"1960","kind":"FHA"}},{"type":"Feature","geometry":{"type":"Point","coordinates":[-75.155978,40.046352]},"properties":{"year":1960,"period":"1960","kind":"FHA"}},{"type":"Feature","geometry":{"type":"Point","coordinates":[-75.199643,39.973409]},"properties":{"year":1960,"period":"1960","kind":"VA"}},{"type":"Feature","geometry":{"type":"Point","coordinates":[-75.224455,39.936136]},"properties":{"year":1960,"period":"1960","kind":"FHA"}},{"type":"Feature","geometry":{"type":"Point","coordinates":[-75.244147,39.943902]},"properties":{"year":1960,"period":"1960","kind":"FHA"}},{"type":"Feature","geometry":{"type":"Point","coordinates":[-75.231328,39.935295]},"properties":{"year":1960,"period":"1960","kind":"VA"}},{"type":"Feature","geometry":{"type":"Point","coordinates":[-75.156121,39.938684]},"properties":{"year":1960,"period":"1960","kind":"FHA"}},{"type":"Feature","geometry":{"type":"Point","coordinates":[-75.069382,40.017293]},"properties":{"year":1960,"period":"1960","kind":"FHA"}},{"type":"Feature","geometry":{"type":"Point","coordinates":[-75.007467,40.051355]},"properties":{"year":1960,"period":"1960","kind":"FHA"}},{"type":"Feature","geometry":{"type":"Point","coordinates":[-75.139341,40.000063]},"properties":{"year":1960,"period":"1960","kind":"FHA"}},{"type":"Feature","geometry":{"type":"Point","coordinates":[-75.242175,39.974259]},"properties":{"year":1960,"period":"1960","kind":"VA"}},{"type":"Feature","geometry":{"type":"Point","coordinates":[-75.130087,40.000649]},"properties":{"year":1960,"period":"1960","kind":"FHA"}},{"type":"Feature","geometry":{"type":"Point","coordinates":[-75.14884,40.042776]},"properties":{"year":1960,"period":"1960","kind":"FHA"}},{"type":"Feature","geometry":{"type":"Point","coordinates":[-75.151297,39.996291]},"properties":{"year":1960,"period":"1960","kind":"VA"}},{"type":"Feature","geometry":{"type":"Point","coordinates":[-75.230968,39.942741]},"properties":{"year":1960,"period":"1960","kind":"FHA"}},{"type":"Feature","geometry":{"type":"Point","coordinates":[-75.163176,39.996099]},"properties":{"year":1960,"period":"1960","kind":"VA"}},{"type":"Feature","geometry":{"type":"Point","coordinates":[-75.169794,39.994661]},"properties":{"year":1960,"period":"1960","kind":"FHA"}},{"type":"Feature","geometry":{"type":"Point","coordinates":[-75.240967,39.97673]},"properties":{"year":1960,"period":"1960","kind":"FHA"}},{"type":"Feature","geometry":{"type":"Point","coordinates":[-75.240347,39.978027]},"properties":{"year":1960,"period":"1960","kind":"VA"}},{"type":"Feature","geometry":{"type":"Point","coordinates":[-75.235351,39.977496]},"properties":{"year":1960,"period":"1960","kind":"FHA"}},{"type":"Feature","geometry":{"type":"Point","coordinates":[-75.021819,40.111242]},"properties":{"year":1960,"period":"1960","kind":"FHA"}},{"type":"Feature","geometry":{"type":"Point","coordinates":[-75.054259,40.027637]},"properties":{"year":1960,"period":"1960","kind":"FHA"}},{"type":"Feature","geometry":{"type":"Point","coordinates":[-75.156492,39.994926]},"properties":{"year":1960,"period":"1960","kind":"FHA"}},{"type":"Feature","geometry":{"type":"Point","coordinates":[-75.210044,40.031594]},"properties":{"year":1960,"period":"1960","kind":"FHA"}},{"type":"Feature","geometry":{"type":"Point","coordinates":[-75.064823,40.0138]},"properties":{"year":1960,"period":"1960","kind":"FHA"}},{"type":"Feature","geometry":{"type":"Point","coordinates":[-75.124733,40.030121]},"properties":{"year":1960,"period":"1960","kind":"FHA"}},{"type":"Feature","geometry":{"type":"Point","coordinates":[-75.182336,39.933863]},"properties":{"year":1960,"period":"1960","kind":"VA"}},{"type":"Feature","geometry":{"type":"Point","coordinates":[-75.149596,39.990673]},"properties":{"year":1960,"period":"1960","kind":"VA"}},{"type":"Feature","geometry":{"type":"Point","coordinates":[-75.149548,40.049291]},"properties":{"year":1960,"period":"1960","kind":"VA"}},{"type":"Feature","geometry":{"type":"Point","coordinates":[-75.136595,40.0109]},"properties":{"year":1960,"period":"1960","kind":"FHA"}},{"type":"Feature","geometry":{"type":"Point","coordinates":[-75.211377,39.946534]},"properties":{"year":1960,"period":"1960","kind":"FHA"}},{"type":"Feature","geometry":{"type":"Point","coordinates":[-75.111042,40.000494]},"properties":{"year":1960,"period":"1960","kind":"FHA"}},{"type":"Feature","geometry":{"type":"Point","coordinates":[-75.111117,39.987331]},"properties":{"year":1960,"period":"1960","kind":"FHA"}},{"type":"Feature","geometry":{"type":"Point","coordinates":[-75.175945,39.997666]},"properties":{"year":1960,"period":"1960","kind":"VA"}},{"type":"Feature","geometry":{"type":"Point","coordinates":[-75.146933,40.045157]},"properties":{"year":1960,"period":"1960","kind":"FHA"}},{"type":"Feature","geometry":{"type":"Point","coordinates":[-75.175671,39.997051]},"properties":{"year":1960,"period":"1960","kind":"VA"}},{"type":"Feature","geometry":{"type":"Point","coordinates":[-75.184687,39.993649]},"properties":{"year":1960,"period":"1960","kind":"FHA"}},{"type":"Feature","geometry":{"type":"Point","coordinates":[-75.1911,39.935111]},"properties":{"year":1960,"period":"1960","kind":"FHA"}},{"type":"Feature","geometry":{"type":"Point","coordinates":[-75.229673,39.948779]},"properties":{"year":1960,"period":"1960","kind":"FHA"}},{"type":"Feature","geometry":{"type":"Point","coordinates":[-75.2404,39.949243]},"properties":{"year":1960,"period":"1960","kind":"FHA"}},{"type":"Feature","geometry":{"type":"Point","coordinates":[-75.006263,40.050415]},"properties":{"year":1960,"period":"1960","kind":"FHA"}},{"type":"Feature","geometry":{"type":"Point","coordinates":[-75.227202,40.046657]},"properties":{"year":1960,"period":"1960","kind":"FHA"}},{"type":"Feature","geometry":{"type":"Point","coordinates":[-75.086268,40.052252]},"properties":{"year":1960,"period":"1960","kind":"FHA"}},{"type":"Feature","geometry":{"type":"Point","coordinates":[-75.227307,40.046648]},"properties":{"year":1960,"period":"1960","kind":"FHA"}},{"type":"Feature","geometry":{"type":"Point","coordinates":[-75.028211,40.065787]},"properties":{"year":1960,"period":"1960","kind":"FHA"}},{"type":"Feature","geometry":{"type":"Point","coordinates":[-75.006295,40.050451]},"properties":{"year":1960,"period":"1960","kind":"FHA"}},{"type":"Feature","geometry":{"type":"Point","coordinates":[-75.060955,40.023339]},"properties":{"year":1960,"period":"1960","kind":"FHA"}},{"type":"Feature","geometry":{"type":"Point","coordinates":[-75.15488,40.042283]},"properties":{"year":1960,"period":"1960","kind":"FHA"}},{"type":"Feature","geometry":{"type":"Point","coordinates":[-75.141015,40.015287]},"properties":{"year":1960,"period":"1960","kind":"FHA"}},{"type":"Feature","geometry":{"type":"Point","coordinates":[-75.038259,40.105968]},"properties":{"year":1960,"period":"1960","kind":"FHA"}},{"type":"Feature","geometry":{"type":"Point","coordinates":[-75.234664,39.976747]},"properties":{"year":1960,"period":"1960","kind":"VA"}},{"type":"Feature","geometry":{"type":"Point","coordinates":[-75.177872,39.994575]},"properties":{"year":1960,"period":"1960","kind":"VA"}},{"type":"Feature","geometry":{"type":"Point","coordinates":[-75.173482,40.001087]},"properties":{"year":1960,"period":"1960","kind":"FHA"}},{"type":"Feature","geometry":{"type":"Point","coordinates":[-75.140121,40.011669]},"properties":{"year":1960,"period":"1960","kind":"FHA"}},{"type":"Feature","geometry":{"type":"Point","coordinates":[-75.14911,40.042579]},"properties":{"year":1960,"period":"1960","kind":"VA"}},{"type":"Feature","geometry":{"type":"Point","coordinates":[-75.220781,39.951956]},"properties":{"year":1960,"period":"1960","kind":"FHA"}},{"type":"Feature","geometry":{"type":"Point","coordinates":[-75.226331,39.961542]},"properties":{"year":1960,"period":"1960","kind":"VA"}},{"type":"Feature","geometry":{"type":"Point","coordinates":[-75.049472,40.086607]},"properties":{"year":1960,"period":"1960","kind":"FHA"}},{"type":"Feature","geometry":{"type":"Point","coordinates":[-75.023748,40.060938]},"properties":{"year":1960,"period":"1960","kind":"FHA"}},{"type":"Feature","geometry":{"type":"Point","coordinates":[-74.986547,40.069625]},"properties":{"year":1960,"period":"1960","kind":"FHA"}},{"type":"Feature","geometry":{"type":"Point","coordinates":[-74.987012,40.070872]},"properties":{"year":1960,"period":"1960","kind":"FHA"}},{"type":"Feature","geometry":{"type":"Point","coordinates":[-75.243363,39.946517]},"properties":{"year":1960,"period":"1960","kind":"VA"}},{"type":"Feature","geometry":{"type":"Point","coordinates":[-75.235507,39.961809]},"properties":{"year":1960,"period":"1960","kind":"VA"}},{"type":"Feature","geometry":{"type":"Point","coordinates":[-75.218034,39.939298]},"properties":{"year":1960,"period":"1960","kind":"VA"}},{"type":"Feature","geometry":{"type":"Point","coordinates":[-75.2236,39.951889]},"properties":{"year":1960,"period":"1960","kind":"FHA"}},{"type":"Feature","geometry":{"type":"Point","coordinates":[-75.226783,39.956366]},"properties":{"year":1960,"period":"1960","kind":"VA"}},{"type":"Feature","geometry":{"type":"Point","coordinates":[-75.228403,39.955695]},"properties":{"year":1960,"period":"1960","kind":"VA"}},{"type":"Feature","geometry":{"type":"Point","coordinates":[-75.224461,40.03388]},"properties":{"year":1960,"period":"1960","kind":"FHA"}},{"type":"Feature","geometry":{"type":"Point","coordinates":[-75.224264,40.033967]},"properties":{"year":1960,"period":"1960","kind":"FHA"}},{"type":"Feature","geometry":{"type":"Point","coordinates":[-75.144077,39.995331]},"properties":{"year":1960,"period":"1960","kind":"FHA"}},{"type":"Feature","geometry":{"type":"Point","coordinates":[-75.239762,39.976656]},"properties":{"year":1960,"period":"1960","kind":"FHA"}},{"type":"Feature","geometry":{"type":"Point","coordinates":[-75.235052,39.944752]},"properties":{"year":1960,"period":"1960","kind":"FHA"}},{"type":"Feature","geometry":{"type":"Point","coordinates":[-75.184305,39.995322]},"properties":{"year":1960,"period":"1960","kind":"VA"}},{"type":"Feature","geometry":{"type":"Point","coordinates":[-75.214919,39.954831]},"properties":{"year":1960,"period":"1960","kind":"FHA"}},{"type":"Feature","geometry":{"type":"Point","coordinates":[-75.194626,40.042931]},"properties":{"year":1960,"period":"1960","kind":"FHA"}},{"type":"Feature","geometry":{"type":"Point","coordinates":[-75.214528,40.038962]},"properties":{"year":1960,"period":"1960","kind":"FHA"}},{"type":"Feature","geometry":{"type":"Point","coordinates":[-75.245685,39.951024]},"properties":{"year":1960,"period":"1960","kind":"FHA"}},{"type":"Feature","geometry":{"type":"Point","coordinates":[-75.086537,40.007537]},"properties":{"year":1960,"period":"1960","kind":"FHA"}},{"type":"Feature","geometry":{"type":"Point","coordinates":[-75.14797,40.052658]},"properties":{"year":1960,"period":"1960","kind":"FHA"}},{"type":"Feature","geometry":{"type":"Point","coordinates":[-75.125411,39.99733]},"properties":{"year":1960,"period":"1960","kind":"FHA"}},{"type":"Feature","geometry":{"type":"Point","coordinates":[-75.1813,39.98171]},"properties":{"year":1960,"period":"1960","kind":"VA"}},{"type":"Feature","geometry":{"type":"Point","coordinates":[-75.136421,40.016489]},"properties":{"year":1960,"period":"1960","kind":"FHA"}},{"type":"Feature","geometry":{"type":"Point","coordinates":[-75.17398,40.0017]},"properties":{"year":1960,"period":"1960","kind":"FHA"}},{"type":"Feature","geometry":{"type":"Point","coordinates":[-75.172042,40.001815]},"properties":{"year":1960,"period":"1960","kind":"FHA"}},{"type":"Feature","geometry":{"type":"Point","coordinates":[-75.091698,40.010483]},"properties":{"year":1960,"period":"1960","kind":"VA"}},{"type":"Feature","geometry":{"type":"Point","coordinates":[-75.103923,40.007651]},"properties":{"year":1960,"period":"1960","kind":"FHA"}},{"type":"Feature","geometry":{"type":"Point","coordinates":[-75.018736,40.064463]},"properties":{"year":1960,"period":"1960","kind":"FHA"}},{"type":"Feature","geometry":{"type":"Point","coordinates":[-75.106493,40.007181]},"properties":{"year":1960,"period":"1960","kind":"FHA"}},{"type":"Feature","geometry":{"type":"Point","coordinates":[-75.069072,40.020889]},"properties":{"year":1960,"period":"1960","kind":"FHA"}},{"type":"Feature","geometry":{"type":"Point","coordinates":[-75.117893,40.025359]},"properties":{"year":1960,"period":"1960","kind":"FHA"}},{"type":"Feature","geometry":{"type":"Point","coordinates":[-75.071358,40.042885]},"properties":{"year":1960,"period":"1960","kind":"FHA"}},{"type":"Feature","geometry":{"type":"Point","coordinates":[-75.045367,40.022134]},"properties":{"year":1960,"period":"1960","kind":"FHA"}},{"type":"Feature","geometry":{"type":"Point","coordinates":[-75.183969,40.051909]},"properties":{"year":1960,"period":"1960","kind":"VA"}},{"type":"Feature","geometry":{"type":"Point","coordinates":[-75.16988,40.039965]},"properties":{"year":1960,"period":"1960","kind":"VA"}},{"type":"Feature","geometry":{"type":"Point","coordinates":[-75.165861,40.048038]},"properties":{"year":1960,"period":"1960","kind":"FHA"}},{"type":"Feature","geometry":{"type":"Point","coordinates":[-75.192525,40.057425]},"properties":{"year":1960,"period":"1960","kind":"FHA"}},{"type":"Feature","geometry":{"type":"Point","coordinates":[-75.19148,40.057668]},"properties":{"year":1960,"period":"1960","kind":"FHA"}},{"type":"Feature","geometry":{"type":"Point","coordinates":[-75.174581,39.99594]},"properties":{"year":1960,"period":"1960","kind":"VA"}},{"type":"Feature","geometry":{"type":"Point","coordinates":[-75.165537,40.012032]},"properties":{"year":1960,"period":"1960","kind":"VA"}},{"type":"Feature","geometry":{"type":"Point","coordinates":[-75.148554,40.040924]},"properties":{"year":1960,"period":"1960","kind":"FHA"}},{"type":"Feature","geometry":{"type":"Point","coordinates":[-75.033825,40.06451]},"properties":{"year":1960,"period":"1960","kind":"FHA"}},{"type":"Feature","geometry":{"type":"Point","coordinates":[-75.237503,39.978771]},"properties":{"year":1960,"period":"1960","kind":"FHA"}},{"type":"Feature","geometry":{"type":"Point","coordinates":[-75.242859,39.950329]},"properties":{"year":1960,"period":"1960","kind":"FHA"}},{"type":"Feature","geometry":{"type":"Point","coordinates":[-75.23408,39.97357]},"properties":{"year":1960,"period":"1960","kind":"VA"}},{"type":"Feature","geometry":{"type":"Point","coordinates":[-75.229148,39.98782]},"properties":{"year":1960,"period":"1960","kind":"FHA"}},{"type":"Feature","geometry":{"type":"Point","coordinates":[-75.245153,39.943528]},"properties":{"year":1960,"period":"1960","kind":"FHA"}},{"type":"Feature","geometry":{"type":"Point","coordinates":[-75.189795,39.964096]},"properties":{"year":1960,"period":"1960","kind":"VA"}},{"type":"Feature","geometry":{"type":"Point","coordinates":[-75.114376,40.046694]},"properties":{"year":1960,"period":"1960","kind":"FHA"}},{"type":"Feature","geometry":{"type":"Point","coordinates":[-75.153444,40.049697]},"properties":{"year":1960,"period":"1960","kind":"FHA"}},{"type":"Feature","geometry":{"type":"Point","coordinates":[-75.146885,40.045554]},"properties":{"year":1960,"period":"1960","kind":"VA"}},{"type":"Feature","geometry":{"type":"Point","coordinates":[-75.156393,39.924041]},"properties":{"year":1960,"period":"1960","kind":"VA"}},{"type":"Feature","geometry":{"type":"Point","coordinates":[-75.155735,40.042238]},"properties":{"year":1960,"period":"1960","kind":"FHA"}},{"type":"Feature","geometry":{"type":"Point","coordinates":[-75.162045,40.00535]},"properties":{"year":1960,"period":"1960","kind":"VA"}},{"type":"Feature","geometry":{"type":"Point","coordinates":[-75.13904,39.993942]},"properties":{"year":1960,"period":"1960","kind":"FHA"}},{"type":"Feature","geometry":{"type":"Point","coordinates":[-75.152033,40.026031]},"properties":{"year":1960,"period":"1960","kind":"FHA"}},{"type":"Feature","geometry":{"type":"Point","coordinates":[-75.131172,40.019392]},"properties":{"year":1960,"period":"1960","kind":"VA"}},{"type":"Feature","geometry":{"type":"Point","coordinates":[-75.081744,40.058669]},"properties":{"year":1960,"period":"1960","kind":"FHA"}},{"type":"Feature","geometry":{"type":"Point","coordinates":[-75.074216,39.998456]},"properties":{"year":1960,"period":"1960","kind":"VA"}},{"type":"Feature","geometry":{"type":"Point","coordinates":[-75.150707,40.022733]},"properties":{"year":1960,"period":"1960","kind":"FHA"}},{"type":"Feature","geometry":{"type":"Point","coordinates":[-74.981893,40.10013]},"properties":{"year":1960,"period":"1960","kind":"FHA"}},{"type":"Feature","geometry":{"type":"Point","coordinates":[-74.982445,40.099643]},"properties":{"year":1960,"period":"1960","kind":"FHA"}},{"type":"Feature","geometry":{"type":"Point","coordinates":[-75.160625,39.91719]},"properties":{"year":1960,"period":"1960","kind":"FHA"}},{"type":"Feature","geometry":{"type":"Point","coordinates":[-75.240288,39.912325]},"properties":{"year":1960,"period":"1960","kind":"FHA"}},{"type":"Feature","geometry":{"type":"Point","coordinates":[-75.033849,40.064585]},"properties":{"year":1960,"period":"1960","kind":"FHA"}},{"type":"Feature","geometry":{"type":"Point","coordinates":[-75.194112,39.967424]},"properties":{"year":1960,"period":"1960","kind":"VA"}},{"type":"Feature","geometry":{"type":"Point","coordinates":[-75.033791,40.064434]},"properties":{"year":1960,"period":"1960","kind":"FHA"}},{"type":"Feature","geometry":{"type":"Point","coordinates":[-75.154658,40.047722]},"properties":{"year":1960,"period":"1960","kind":"VA"}},{"type":"Feature","geometry":{"type":"Point","coordinates":[-75.235144,39.957163]},"properties":{"year":1960,"period":"1960","kind":"FHA"}},{"type":"Feature","geometry":{"type":"Point","coordinates":[-75.229229,39.988675]},"properties":{"year":1960,"period":"1960","kind":"FHA"}},{"type":"Feature","geometry":{"type":"Point","coordinates":[-75.219095,39.930812]},"properties":{"year":1960,"period":"1960","kind":"FHA"}},{"type":"Feature","geometry":{"type":"Point","coordinates":[-75.103188,40.048433]},"properties":{"year":1960,"period":"1960","kind":"FHA"}},{"type":"Feature","geometry":{"type":"Point","coordinates":[-75.018648,40.064616]},"properties":{"year":1960,"period":"1960","kind":"FHA"}},{"type":"Feature","geometry":{"type":"Point","coordinates":[-75.121378,39.989804]},"properties":{"year":1960,"period":"1960","kind":"VA"}},{"type":"Feature","geometry":{"type":"Point","coordinates":[-75.173478,40.001797]},"properties":{"year":1960,"period":"1960","kind":"VA"}},{"type":"Feature","geometry":{"type":"Point","coordinates":[-75.240068,39.978279]},"properties":{"year":1960,"period":"1960","kind":"FHA"}},{"type":"Feature","geometry":{"type":"Point","coordinates":[-75.225227,39.949786]},"properties":{"year":1960,"period":"1960","kind":"VA"}},{"type":"Feature","geometry":{"type":"Point","coordinates":[-75.229594,39.972847]},"properties":{"year":1960,"period":"1960","kind":"VA"}},{"type":"Feature","geometry":{"type":"Point","coordinates":[-75.159798,39.98416]},"properties":{"year":1960,"period":"1960","kind":"VA"}},{"type":"Feature","geometry":{"type":"Point","coordinates":[-75.168836,39.937424]},"properties":{"year":1960,"period":"1960","kind":"VA"}},{"type":"Feature","geometry":{"type":"Point","coordinates":[-75.240168,39.948146]},"properties":{"year":1960,"period":"1960","kind":"FHA"}},{"type":"Feature","geometry":{"type":"Point","coordinates":[-75.029832,40.058802]},"properties":{"year":1960,"period":"1960","kind":"FHA"}},{"type":"Feature","geometry":{"type":"Point","coordinates":[-74.980994,40.090547]},"properties":{"year":1960,"period":"1960","kind":"FHA"}},{"type":"Feature","geometry":{"type":"Point","coordinates":[-74.980825,40.090167]},"properties":{"year":1960,"period":"1960","kind":"FHA"}},{"type":"Feature","geometry":{"type":"Point","coordinates":[-74.980803,40.090115]},"properties":{"year":1960,"period":"1960","kind":"FHA"}},{"type":"Feature","geometry":{"type":"Point","coordinates":[-75.180836,40.079631]},"properties":{"year":1960,"period":"1960","kind":"FHA"}},{"type":"Feature","geometry":{"type":"Point","coordinates":[-75.183244,40.060487]},"properties":{"year":1960,"period":"1960","kind":"FHA"}},{"type":"Feature","geometry":{"type":"Point","coordinates":[-75.147212,40.048997]},"properties":{"year":1960,"period":"1960","kind":"VA"}},{"type":"Feature","geometry":{"type":"Point","coordinates":[-75.202654,39.972091]},"properties":{"year":1960,"period":"1960","kind":"VA"}},{"type":"Feature","geometry":{"type":"Point","coordinates":[-75.232251,39.941854]},"properties":{"year":1960,"period":"1960","kind":"FHA"}},{"type":"Feature","geometry":{"type":"Point","coordinates":[-75.229234,39.93799]},"properties":{"year":1960,"period":"1960","kind":"FHA"}},{"type":"Feature","geometry":{"type":"Point","coordinates":[-75.238778,39.92765]},"properties":{"year":1960,"period":"1960","kind":"FHA"}},{"type":"Feature","geometry":{"type":"Point","coordinates":[-75.216558,39.93738]},"properties":{"year":1960,"period":"1960","kind":"FHA"}},{"type":"Feature","geometry":{"type":"Point","coordinates":[-75.230293,39.941354]},"properties":{"year":1960,"period":"1960","kind":"VA"}},{"type":"Feature","geometry":{"type":"Point","coordinates":[-75.228034,39.972186]},"properties":{"year":1960,"period":"1960","kind":"FHA"}},{"type":"Feature","geometry":{"type":"Point","coordinates":[-75.148128,40.041398]},"properties":{"year":1960,"period":"1960","kind":"FHA"}},{"type":"Feature","geometry":{"type":"Point","coordinates":[-75.161593,40.04689]},"properties":{"year":1960,"period":"1960","kind":"FHA"}},{"type":"Feature","geometry":{"type":"Point","coordinates":[-75.185946,39.974485]},"properties":{"year":1960,"period":"1960","kind":"VA"}},{"type":"Feature","geometry":{"type":"Point","coordinates":[-75.147621,40.047157]},"properties":{"year":1960,"period":"1960","kind":"FHA"}},{"type":"Feature","geometry":{"type":"Point","coordinates":[-75.057797,40.02272]},"properties":{"year":1960,"period":"1960","kind":"FHA"}},{"type":"Feature","geometry":{"type":"Point","coordinates":[-75.089098,40.036668]},"properties":{"year":1960,"period":"1960","kind":"FHA"}},{"type":"Feature","geometry":{"type":"Point","coordinates":[-75.089535,40.033645]},"properties":{"year":1960,"period":"1960","kind":"FHA"}},{"type":"Feature","geometry":{"type":"Point","coordinates":[-75.121505,40.001681]},"properties":{"year":1960,"period":"1960","kind":"FHA"}},{"type":"Feature","geometry":{"type":"Point","coordinates":[-75.114691,40.021315]},"properties":{"year":1960,"period":"1960","kind":"FHA"}},{"type":"Feature","geometry":{"type":"Point","coordinates":[-75.189009,40.059635]},"properties":{"year":1960,"period":"1960","kind":"FHA"}},{"type":"Feature","geometry":{"type":"Point","coordinates":[-75.240999,39.949316]},"properties":{"year":1960,"period":"1960","kind":"VA"}},{"type":"Feature","geometry":{"type":"Point","coordinates":[-75.152923,39.996492]},"properties":{"year":1960,"period":"1960","kind":"FHA"}},{"type":"Feature","geometry":{"type":"Point","coordinates":[-75.143076,39.982057]},"properties":{"year":1960,"period":"1960","kind":"VA"}},{"type":"Feature","geometry":{"type":"Point","coordinates":[-75.138693,39.990261]},"properties":{"year":1960,"period":"1960","kind":"VA"}},{"type":"Feature","geometry":{"type":"Point","coordinates":[-75.163336,40.071895]},"properties":{"year":1960,"period":"1960","kind":"FHA"}},{"type":"Feature","geometry":{"type":"Point","coordinates":[-75.028656,40.033031]},"properties":{"year":1960,"period":"1960","kind":"FHA"}},{"type":"Feature","geometry":{"type":"Point","coordinates":[-75.161197,39.924749]},"properties":{"year":1960,"period":"1960","kind":"FHA"}},{"type":"Feature","geometry":{"type":"Point","coordinates":[-75.180748,39.992844]},"properties":{"year":1960,"period":"1960","kind":"VA"}},{"type":"Feature","geometry":{"type":"Point","coordinates":[-75.157925,39.915839]},"properties":{"year":1960,"period":"1960","kind":"FHA"}},{"type":"Feature","geometry":{"type":"Point","coordinates":[-75.186301,40.056934]},"properties":{"year":1960,"period":"1960","kind":"FHA"}},{"type":"Feature","geometry":{"type":"Point","coordinates":[-75.182433,39.996476]},"properties":{"year":1960,"period":"1960","kind":"VA"}},{"type":"Feature","geometry":{"type":"Point","coordinates":[-75.16865,39.995289]},"properties":{"year":1960,"period":"1960","kind":"FHA"}},{"type":"Feature","geometry":{"type":"Point","coordinates":[-75.162502,39.99702]},"properties":{"year":1960,"period":"1960","kind":"VA"}},{"type":"Feature","geometry":{"type":"Point","coordinates":[-75.168894,40.025331]},"properties":{"year":1960,"period":"1960","kind":"FHA"}},{"type":"Feature","geometry":{"type":"Point","coordinates":[-75.165803,40.048095]},"properties":{"year":1960,"period":"1960","kind":"FHA"}},{"type":"Feature","geometry":{"type":"Point","coordinates":[-75.113709,39.992479]},"properties":{"year":1960,"period":"1960","kind":"FHA"}},{"type":"Feature","geometry":{"type":"Point","coordinates":[-75.115038,40.029822]},"properties":{"year":1960,"period":"1960","kind":"FHA"}},{"type":"Feature","geometry":{"type":"Point","coordinates":[-75.239663,39.959887]},"properties":{"year":1960,"period":"1960","kind":"VA"}},{"type":"Feature","geometry":{"type":"Point","coordinates":[-75.146644,40.041869]},"properties":{"year":1960,"period":"1960","kind":"FHA"}},{"type":"Feature","geometry":{"type":"Point","coordinates":[-75.14492,40.043279]},"properties":{"year":1960,"period":"1960","kind":"FHA"}},{"type":"Feature","geometry":{"type":"Point","coordinates":[-75.113842,40.02974]},"properties":{"year":1960,"period":"1960","kind":"FHA"}},{"type":"Feature","geometry":{"type":"Point","coordinates":[-75.145596,40.056418]},"properties":{"year":1960,"period":"1960","kind":"FHA"}},{"type":"Feature","geometry":{"type":"Point","coordinates":[-75.108191,40.034303]},"properties":{"year":1960,"period":"1960","kind":"FHA"}},{"type":"Feature","geometry":{"type":"Point","coordinates":[-75.067554,40.022103]},"properties":{"year":1960,"period":"1960","kind":"FHA"}},{"type":"Feature","geometry":{"type":"Point","coordinates":[-75.031294,40.043042]},"properties":{"year":1960,"period":"1960","kind":"FHA"}},{"type":"Feature","geometry":{"type":"Point","coordinates":[-75.013353,40.063291]},"properties":{"year":1960,"period":"1960","kind":"FHA"}},{"type":"Feature","geometry":{"type":"Point","coordinates":[-75.174376,40.054685]},"properties":{"year":1960,"period":"1960","kind":"FHA"}},{"type":"Feature","geometry":{"type":"Point","coordinates":[-75.055767,40.071846]},"properties":{"year":1960,"period":"1960","kind":"VA"}},{"type":"Feature","geometry":{"type":"Point","coordinates":[-75.038498,40.101285]},"properties":{"year":1960,"period":"1960","kind":"FHA"}},{"type":"Feature","geometry":{"type":"Point","coordinates":[-75.160524,40.057387]},"properties":{"year":1960,"period":"1960","kind":"FHA"}},{"type":"Feature","geometry":{"type":"Point","coordinates":[-75.241409,39.95344]},"properties":{"year":1960,"period":"1960","kind":"FHA"}},{"type":"Feature","geometry":{"type":"Point","coordinates":[-75.199591,39.973415]},"properties":{"year":1960,"period":"1960","kind":"VA"}},{"type":"Feature","geometry":{"type":"Point","coordinates":[-75.222538,39.924416]},"properties":{"year":1960,"period":"1960","kind":"FHA"}},{"type":"Feature","geometry":{"type":"Point","coordinates":[-75.24619,39.949229]},"properties":{"year":1960,"period":"1960","kind":"VA"}},{"type":"Feature","geometry":{"type":"Point","coordinates":[-75.105179,39.994502]},"properties":{"year":1960,"period":"1960","kind":"FHA"}},{"type":"Feature","geometry":{"type":"Point","coordinates":[-75.223206,39.951051]},"properties":{"year":1960,"period":"1960","kind":"FHA"}},{"type":"Feature","geometry":{"type":"Point","coordinates":[-75.165716,39.986538]},"properties":{"year":1960,"period":"1960","kind":"VA"}},{"type":"Feature","geometry":{"type":"Point","coordinates":[-75.194042,39.962115]},"properties":{"year":1960,"period":"1960","kind":"FHA"}},{"type":"Feature","geometry":{"type":"Point","coordinates":[-75.244576,39.943316]},"properties":{"year":1960,"period":"1960","kind":"FHA"}},{"type":"Feature","geometry":{"type":"Point","coordinates":[-75.183465,40.060202]},"properties":{"year":1960,"period":"1960","kind":"FHA"}},{"type":"Feature","geometry":{"type":"Point","coordinates":[-75.12361,40.042241]},"properties":{"year":1960,"period":"1960","kind":"FHA"}},{"type":"Feature","geometry":{"type":"Point","coordinates":[-75.001823,40.064851]},"properties":{"year":1960,"period":"1960","kind":"FHA"}},{"type":"Feature","geometry":{"type":"Point","coordinates":[-74.987314,40.070009]},"properties":{"year":1960,"period":"1960","kind":"FHA"}},{"type":"Feature","geometry":{"type":"Point","coordinates":[-75.179404,40.060246]},"properties":{"year":1960,"period":"1960","kind":"FHA"}},{"type":"Feature","geometry":{"type":"Point","coordinates":[-75.213075,40.036016]},"properties":{"year":1960,"period":"1960","kind":"FHA"}},{"type":"Feature","geometry":{"type":"Point","coordinates":[-75.031356,40.066634]},"properties":{"year":1960,"period":"1960","kind":"FHA"}},{"type":"Feature","geometry":{"type":"Point","coordinates":[-74.981015,40.090601]},"properties":{"year":1960,"period":"1960","kind":"FHA"}},{"type":"Feature","geometry":{"type":"Point","coordinates":[-75.246165,39.950777]},"properties":{"year":1960,"period":"1960","kind":"VA"}},{"type":"Feature","geometry":{"type":"Point","coordinates":[-75.111843,40.00081]},"properties":{"year":1960,"period":"1960","kind":"FHA"}},{"type":"Feature","geometry":{"type":"Point","coordinates":[-75.136777,39.997281]},"properties":{"year":1960,"period":"1960","kind":"VA"}},{"type":"Feature","geometry":{"type":"Point","coordinates":[-75.064972,40.015296]},"properties":{"year":1960,"period":"1960","kind":"FHA"}},{"type":"Feature","geometry":{"type":"Point","coordinates":[-75.058961,40.014298]},"properties":{"year":1960,"period":"1960","kind":"FHA"}},{"type":"Feature","geometry":{"type":"Point","coordinates":[-75.141203,39.988645]},"properties":{"year":1960,"period":"1960","kind":"VA"}},{"type":"Feature","geometry":{"type":"Point","coordinates":[-75.149767,39.99569]},"properties":{"year":1960,"period":"1960","kind":"VA"}},{"type":"Feature","geometry":{"type":"Point","coordinates":[-75.131775,40.015262]},"properties":{"year":1960,"period":"1960","kind":"FHA"}},{"type":"Feature","geometry":{"type":"Point","coordinates":[-75.134721,40.002821]},"properties":{"year":1960,"period":"1960","kind":"FHA"}},{"type":"Feature","geometry":{"type":"Point","coordinates":[-75.145209,39.997892]},"properties":{"year":1960,"period":"1960","kind":"VA"}},{"type":"Feature","geometry":{"type":"Point","coordinates":[-75.15352,39.918141]},"properties":{"year":1960,"period":"1960","kind":"FHA"}},{"type":"Feature","geometry":{"type":"Point","coordinates":[-75.063137,40.025588]},"properties":{"year":1960,"period":"1960","kind":"FHA"}},{"type":"Feature","geometry":{"type":"Point","coordinates":[-75.044576,40.022647]},"properties":{"year":1960,"period":"1960","kind":"FHA"}},{"type":"Feature","geometry":{"type":"Point","coordinates":[-75.153643,40.040626]},"properties":{"year":1960,"period":"1960","kind":"FHA"}},{"type":"Feature","geometry":{"type":"Point","coordinates":[-75.167826,39.995868]},"properties":{"year":1960,"period":"1960","kind":"VA"}},{"type":"Feature","geometry":{"type":"Point","coordinates":[-75.236397,39.976576]},"properties":{"year":1960,"period":"1960","kind":"VA"}},{"type":"Feature","geometry":{"type":"Point","coordinates":[-75.145461,40.052085]},"properties":{"year":1960,"period":"1960","kind":"FHA"}},{"type":"Feature","geometry":{"type":"Point","coordinates":[-75.182468,39.993426]},"properties":{"year":1960,"period":"1960","kind":"VA"}},{"type":"Feature","geometry":{"type":"Point","coordinates":[-75.184715,40.055497]},"properties":{"year":1960,"period":"1960","kind":"FHA"}},{"type":"Feature","geometry":{"type":"Point","coordinates":[-75.146475,39.97638]},"properties":{"year":1960,"period":"1960","kind":"VA"}},{"type":"Feature","geometry":{"type":"Point","coordinates":[-75.148677,40.041521]},"properties":{"year":1960,"period":"1960","kind":"FHA"}},{"type":"Feature","geometry":{"type":"Point","coordinates":[-75.254409,39.981334]},"properties":{"year":1960,"period":"1960","kind":"FHA"}},{"type":"Feature","geometry":{"type":"Point","coordinates":[-75.143879,40.053166]},"properties":{"year":1960,"period":"1960","kind":"FHA"}},{"type":"Feature","geometry":{"type":"Point","coordinates":[-75.157762,40.023039]},"properties":{"year":1960,"period":"1960","kind":"FHA"}},{"type":"Feature","geometry":{"type":"Point","coordinates":[-75.116648,39.991859]},"properties":{"year":1960,"period":"1960","kind":"VA"}},{"type":"Feature","geometry":{"type":"Point","coordinates":[-75.145471,39.997717]},"properties":{"year":1960,"period":"1960","kind":"FHA"}},{"type":"Feature","geometry":{"type":"Point","coordinates":[-75.237806,39.951587]},"properties":{"year":1960,"period":"1960","kind":"VA"}},{"type":"Feature","geometry":{"type":"Point","coordinates":[-75.220928,39.941869]},"properties":{"year":1960,"period":"1960","kind":"VA"}},{"type":"Feature","geometry":{"type":"Point","coordinates":[-75.154388,39.9248]},"properties":{"year":1960,"period":"1960","kind":"FHA"}},{"type":"Feature","geometry":{"type":"Point","coordinates":[-75.242971,39.930939]},"properties":{"year":1960,"period":"1960","kind":"FHA"}},{"type":"Feature","geometry":{"type":"Point","coordinates":[-75.224274,39.937646]},"properties":{"year":1960,"period":"1960","kind":"FHA"}},{"type":"Feature","geometry":{"type":"Point","coordinates":[-75.222673,39.955623]},"properties":{"year":1960,"period":"1960","kind":"FHA"}},{"type":"Feature","geometry":{"type":"Point","coordinates":[-75.232096,39.932754]},"properties":{"year":1960,"period":"1960","kind":"FHA"}},{"type":"Feature","geometry":{"type":"Point","coordinates":[-75.240689,39.976896]},"properties":{"year":1960,"period":"1960","kind":"VA"}},{"type":"Feature","geometry":{"type":"Point","coordinates":[-75.162268,40.006532]},"properties":{"year":1960,"period":"1960","kind":"FHA"}},{"type":"Feature","geometry":{"type":"Point","coordinates":[-75.179255,39.911188]},"properties":{"year":1960,"period":"1960","kind":"VA"}},{"type":"Feature","geometry":{"type":"Point","coordinates":[-75.177646,39.911574]},"properties":{"year":1960,"period":"1960","kind":"FHA"}},{"type":"Feature","geometry":{"type":"Point","coordinates":[-75.225176,39.944653]},"properties":{"year":1960,"period":"1960","kind":"FHA"}},{"type":"Feature","geometry":{"type":"Point","coordinates":[-75.179304,39.912478]},"properties":{"year":1960,"period":"1960","kind":"FHA"}},{"type":"Feature","geometry":{"type":"Point","coordinates":[-75.179001,39.912436]},"properties":{"year":1960,"period":"1960","kind":"FHA"}},{"type":"Feature","geometry":{"type":"Point","coordinates":[-75.001895,40.064892]},"properties":{"year":1960,"period":"1960","kind":"FHA"}},{"type":"Feature","geometry":{"type":"Point","coordinates":[-74.986854,40.071166]},"properties":{"year":1960,"period":"1960","kind":"FHA"}},{"type":"Feature","geometry":{"type":"Point","coordinates":[-74.986635,40.07102]},"properties":{"year":1960,"period":"1960","kind":"FHA"}},{"type":"Feature","geometry":{"type":"Point","coordinates":[-74.986796,40.071141]},"properties":{"year":1960,"period":"1960","kind":"FHA"}},{"type":"Feature","geometry":{"type":"Point","coordinates":[-74.986977,40.071209]},"properties":{"year":1960,"period":"1960","kind":"FHA"}},{"type":"Feature","geometry":{"type":"Point","coordinates":[-74.987087,40.071324]},"properties":{"year":1960,"period":"1960","kind":"FHA"}},{"type":"Feature","geometry":{"type":"Point","coordinates":[-74.986785,40.06827]},"properties":{"year":1960,"period":"1960","kind":"FHA"}},{"type":"Feature","geometry":{"type":"Point","coordinates":[-74.986705,40.071071]},"properties":{"year":1960,"period":"1960","kind":"FHA"}},{"type":"Feature","geometry":{"type":"Point","coordinates":[-74.986916,40.071187]},"properties":{"year":1960,"period":"1960","kind":"FHA"}},{"type":"Feature","geometry":{"type":"Point","coordinates":[-74.985411,40.069214]},"properties":{"year":1960,"period":"1960","kind":"FHA"}},{"type":"Feature","geometry":{"type":"Point","coordinates":[-74.986969,40.070989]},"properties":{"year":1960,"period":"1960","kind":"FHA"}},{"type":"Feature","geometry":{"type":"Point","coordinates":[-75.001239,40.064521]},"properties":{"year":1960,"period":"1960","kind":"FHA"}},{"type":"Feature","geometry":{"type":"Point","coordinates":[-75.046457,40.020775]},"properties":{"year":1960,"period":"1960","kind":"FHA"}},{"type":"Feature","geometry":{"type":"Point","coordinates":[-75.153448,39.98612]},"properties":{"year":1960,"period":"1960","kind":"VA"}},{"type":"Feature","geometry":{"type":"Point","coordinates":[-74.980849,40.090219]},"properties":{"year":1960,"period":"1960","kind":"FHA"}},{"type":"Feature","geometry":{"type":"Point","coordinates":[-75.227301,39.944177]},"properties":{"year":1960,"period":"1960","kind":"VA"}},{"type":"Feature","geometry":{"type":"Point","coordinates":[-75.229048,39.953453]},"properties":{"year":1960,"period":"1960","kind":"FHA"}},{"type":"Feature","geometry":{"type":"Point","coordinates":[-75.124396,40.020234]},"properties":{"year":1960,"period":"1960","kind":"FHA"}},{"type":"Feature","geometry":{"type":"Point","coordinates":[-75.137439,40.001717]},"properties":{"year":1960,"period":"1960","kind":"FHA"}},{"type":"Feature","geometry":{"type":"Point","coordinates":[-75.244588,39.977397]},"properties":{"year":1960,"period":"1960","kind":"FHA"}},{"type":"Feature","geometry":{"type":"Point","coordinates":[-75.1572,40.044774]},"properties":{"year":1960,"period":"1960","kind":"FHA"}},{"type":"Feature","geometry":{"type":"Point","coordinates":[-75.15093,40.022506]},"properties":{"year":1960,"period":"1960","kind":"FHA"}},{"type":"Feature","geometry":{"type":"Point","coordinates":[-75.243705,39.956091]},"properties":{"year":1960,"period":"1960","kind":"VA"}},{"type":"Feature","geometry":{"type":"Point","coordinates":[-75.152803,40.018792]},"properties":{"year":1960,"period":"1960","kind":"FHA"}},{"type":"Feature","geometry":{"type":"Point","coordinates":[-75.186658,39.98667]},"properties":{"year":1960,"period":"1960","kind":"VA"}},{"type":"Feature","geometry":{"type":"Point","coordinates":[-75.181262,39.988937]},"properties":{"year":1960,"period":"1960","kind":"FHA"}},{"type":"Feature","geometry":{"type":"Point","coordinates":[-75.176167,39.997326]},"properties":{"year":1960,"period":"1960","kind":"VA"}},{"type":"Feature","geometry":{"type":"Point","coordinates":[-75.033203,40.065011]},"properties":{"year":1960,"period":"1960","kind":"FHA"}},{"type":"Feature","geometry":{"type":"Point","coordinates":[-75.041454,40.105522]},"properties":{"year":1960,"period":"1960","kind":"FHA"}},{"type":"Feature","geometry":{"type":"Point","coordinates":[-75.040521,40.106407]},"properties":{"year":1960,"period":"1960","kind":"FHA"}},{"type":"Feature","geometry":{"type":"Point","coordinates":[-75.041207,40.105754]},"properties":{"year":1960,"period":"1960","kind":"FHA"}},{"type":"Feature","geometry":{"type":"Point","coordinates":[-75.041338,40.105649]},"properties":{"year":1960,"period":"1960","kind":"FHA"}},{"type":"Feature","geometry":{"type":"Point","coordinates":[-75.127738,40.019553]},"properties":{"year":1960,"period":"1960","kind":"FHA"}},{"type":"Feature","geometry":{"type":"Point","coordinates":[-75.154392,40.050661]},"properties":{"year":1960,"period":"1960","kind":"FHA"}},{"type":"Feature","geometry":{"type":"Point","coordinates":[-75.231799,39.930735]},"properties":{"year":1960,"period":"1960","kind":"VA"}},{"type":"Feature","geometry":{"type":"Point","coordinates":[-75.064726,40.049913]},"properties":{"year":1960,"period":"1960","kind":"FHA"}},{"type":"Feature","geometry":{"type":"Point","coordinates":[-75.108393,40.027489]},"properties":{"year":1960,"period":"1960","kind":"FHA"}},{"type":"Feature","geometry":{"type":"Point","coordinates":[-75.122675,39.996413]},"properties":{"year":1960,"period":"1960","kind":"FHA"}},{"type":"Feature","geometry":{"type":"Point","coordinates":[-75.109551,39.997787]},"properties":{"year":1960,"period":"1960","kind":"VA"}},{"type":"Feature","geometry":{"type":"Point","coordinates":[-74.987036,40.071231]},"properties":{"year":1960,"period":"1960","kind":"FHA"}},{"type":"Feature","geometry":{"type":"Point","coordinates":[-75.153448,40.049655]},"properties":{"year":1960,"period":"1960","kind":"VA"}},{"type":"Feature","geometry":{"type":"Point","coordinates":[-75.023695,40.060906]},"properties":{"year":1960,"period":"1960","kind":"FHA"}},{"type":"Feature","geometry":{"type":"Point","coordinates":[-75.001749,40.064809]},"properties":{"year":1960,"period":"1960","kind":"FHA"}},{"type":"Feature","geometry":{"type":"Point","coordinates":[-75.100211,40.042855]},"properties":{"year":1960,"period":"1960","kind":"FHA"}},{"type":"Feature","geometry":{"type":"Point","coordinates":[-75.136586,39.980402]},"properties":{"year":1960,"period":"1960","kind":"VA"}},{"type":"Feature","geometry":{"type":"Point","coordinates":[-75.166285,39.991507]},"properties":{"year":1960,"period":"1960","kind":"VA"}},{"type":"Feature","geometry":{"type":"Point","coordinates":[-75.243031,39.976069]},"properties":{"year":1960,"period":"1960","kind":"FHA"}},{"type":"Feature","geometry":{"type":"Point","coordinates":[-75.070009,40.02099]},"properties":{"year":1960,"period":"1960","kind":"VA"}},{"type":"Feature","geometry":{"type":"Point","coordinates":[-75.125975,40.041763]},"properties":{"year":1960,"period":"1960","kind":"FHA"}},{"type":"Feature","geometry":{"type":"Point","coordinates":[-75.163196,39.992808]},"properties":{"year":1960,"period":"1960","kind":"VA"}},{"type":"Feature","geometry":{"type":"Point","coordinates":[-75.172726,39.934226]},"properties":{"year":1960,"period":"1960","kind":"FHA"}},{"type":"Feature","geometry":{"type":"Point","coordinates":[-75.181775,39.930516]},"properties":{"year":1960,"period":"1960","kind":"VA"}},{"type":"Feature","geometry":{"type":"Point","coordinates":[-75.14502,39.981769]},"properties":{"year":1960,"period":"1960","kind":"VA"}},{"type":"Feature","geometry":{"type":"Point","coordinates":[-75.220036,40.028019]},"properties":{"year":1960,"period":"1960","kind":"VA"}},{"type":"Feature","geometry":{"type":"Point","coordinates":[-75.132217,39.995254]},"properties":{"year":1960,"period":"1960","kind":"FHA"}},{"type":"Feature","geometry":{"type":"Point","coordinates":[-75.243632,39.965189]},"properties":{"year":1960,"period":"1960","kind":"FHA"}},{"type":"Feature","geometry":{"type":"Point","coordinates":[-75.219371,39.938809]},"properties":{"year":1960,"period":"1960","kind":"FHA"}},{"type":"Feature","geometry":{"type":"Point","coordinates":[-75.233184,39.945237]},"properties":{"year":1960,"period":"1960","kind":"FHA"}},{"type":"Feature","geometry":{"type":"Point","coordinates":[-75.228753,39.939297]},"properties":{"year":1960,"period":"1960","kind":"FHA"}},{"type":"Feature","geometry":{"type":"Point","coordinates":[-75.226229,39.948491]},"properties":{"year":1960,"period":"1960","kind":"VA"}},{"type":"Feature","geometry":{"type":"Point","coordinates":[-75.001095,40.064442]},"properties":{"year":1960,"period":"1960","kind":"FHA"}},{"type":"Feature","geometry":{"type":"Point","coordinates":[-75.023482,40.060721]},"properties":{"year":1960,"period":"1960","kind":"FHA"}},{"type":"Feature","geometry":{"type":"Point","coordinates":[-75.143083,40.01092]},"properties":{"year":1960,"period":"1960","kind":"FHA"}},{"type":"Feature","geometry":{"type":"Point","coordinates":[-75.061956,40.036247]},"properties":{"year":1960,"period":"1960","kind":"FHA"}},{"type":"Feature","geometry":{"type":"Point","coordinates":[-75.068987,40.040864]},"properties":{"year":1960,"period":"1960","kind":"FHA"}},{"type":"Feature","geometry":{"type":"Point","coordinates":[-75.040979,40.105972]},"properties":{"year":1960,"period":"1960","kind":"FHA"}},{"type":"Feature","geometry":{"type":"Point","coordinates":[-75.040745,40.106191]},"properties":{"year":1960,"period":"1960","kind":"FHA"}},{"type":"Feature","geometry":{"type":"Point","coordinates":[-75.040919,40.106028]},"properties":{"year":1960,"period":"1960","kind":"FHA"}},{"type":"Feature","geometry":{"type":"Point","coordinates":[-75.233396,39.983869]},"properties":{"year":1960,"period":"1960","kind":"FHA"}},{"type":"Feature","geometry":{"type":"Point","coordinates":[-75.241859,39.965089]},"properties":{"year":1960,"period":"1960","kind":"FHA"}},{"type":"Feature","geometry":{"type":"Point","coordinates":[-75.246233,39.944258]},"properties":{"year":1960,"period":"1960","kind":"VA"}},{"type":"Feature","geometry":{"type":"Point","coordinates":[-75.151616,39.992248]},"properties":{"year":1960,"period":"1960","kind":"VA"}},{"type":"Feature","geometry":{"type":"Point","coordinates":[-75.155006,40.042623]},"properties":{"year":1960,"period":"1960","kind":"FHA"}},{"type":"Feature","geometry":{"type":"Point","coordinates":[-75.147864,40.046051]},"properties":{"year":1960,"period":"1960","kind":"FHA"}},{"type":"Feature","geometry":{"type":"Point","coordinates":[-75.144437,40.027409]},"properties":{"year":1960,"period":"1960","kind":"FHA"}},{"type":"Feature","geometry":{"type":"Point","coordinates":[-75.154259,40.041849]},"properties":{"year":1960,"period":"1960","kind":"FHA"}},{"type":"Feature","geometry":{"type":"Point","coordinates":[-75.161958,40.073158]},"properties":{"year":1960,"period":"1960","kind":"FHA"}},{"type":"Feature","geometry":{"type":"Point","coordinates":[-75.152761,40.041674]},"properties":{"year":1960,"period":"1960","kind":"FHA"}},{"type":"Feature","geometry":{"type":"Point","coordinates":[-75.154353,39.925685]},"properties":{"year":1960,"period":"1960","kind":"FHA"}},{"type":"Feature","geometry":{"type":"Point","coordinates":[-75.136938,40.044688]},"properties":{"year":1960,"period":"1960","kind":"FHA"}},{"type":"Feature","geometry":{"type":"Point","coordinates":[-75.181136,40.053758]},"properties":{"year":1960,"period":"1960","kind":"FHA"}},{"type":"Feature","geometry":{"type":"Point","coordinates":[-75.186852,40.010211]},"properties":{"year":1960,"period":"1960","kind":"VA"}},{"type":"Feature","geometry":{"type":"Point","coordinates":[-75.100715,40.04394]},"properties":{"year":1960,"period":"1960","kind":"FHA"}},{"type":"Feature","geometry":{"type":"Point","coordinates":[-75.008026,40.064339]},"properties":{"year":1960,"period":"1960","kind":"FHA"}},{"type":"Feature","geometry":{"type":"Point","coordinates":[-75.027669,40.039583]},"properties":{"year":1960,"period":"1960","kind":"FHA"}},{"type":"Feature","geometry":{"type":"Point","coordinates":[-75.064073,40.043018]},"properties":{"year":1960,"period":"1960","kind":"FHA"}},{"type":"Feature","geometry":{"type":"Point","coordinates":[-75.058031,40.06566]},"properties":{"year":1960,"period":"1960","kind":"FHA"}},{"type":"Feature","geometry":{"type":"Point","coordinates":[-75.145081,39.971899]},"properties":{"year":1960,"period":"1960","kind":"FHA"}},{"type":"Feature","geometry":{"type":"Point","coordinates":[-75.227151,39.935511]},"properties":{"year":1960,"period":"1960","kind":"FHA"}},{"type":"Feature","geometry":{"type":"Point","coordinates":[-75.234428,39.924452]},"properties":{"year":1960,"period":"1960","kind":"FHA"}},{"type":"Feature","geometry":{"type":"Point","coordinates":[-75.241691,39.925492]},"properties":{"year":1960,"period":"1960","kind":"FHA"}},{"type":"Feature","geometry":{"type":"Point","coordinates":[-75.234067,39.949264]},"properties":{"year":1960,"period":"1960","kind":"FHA"}},{"type":"Feature","geometry":{"type":"Point","coordinates":[-74.987942,40.068187]},"properties":{"year":1960,"period":"1960","kind":"FHA"}},{"type":"Feature","geometry":{"type":"Point","coordinates":[-74.985563,40.069797]},"properties":{"year":1960,"period":"1960","kind":"FHA"}},{"type":"Feature","geometry":{"type":"Point","coordinates":[-74.985773,40.06935]},"properties":{"year":1960,"period":"1960","kind":"FHA"}},{"type":"Feature","geometry":{"type":"Point","coordinates":[-74.98717,40.069849]},"properties":{"year":1960,"period":"1960","kind":"FHA"}},{"type":"Feature","geometry":{"type":"Point","coordinates":[-75.02325,40.060371]},"properties":{"year":1960,"period":"1960","kind":"FHA"}},{"type":"Feature","geometry":{"type":"Point","coordinates":[-74.987077,40.068422]},"properties":{"year":1960,"period":"1960","kind":"FHA"}},{"type":"Feature","geometry":{"type":"Point","coordinates":[-74.987424,40.070131]},"properties":{"year":1960,"period":"1960","kind":"FHA"}},{"type":"Feature","geometry":{"type":"Point","coordinates":[-74.987278,40.069969]},"properties":{"year":1960,"period":"1960","kind":"FHA"}},{"type":"Feature","geometry":{"type":"Point","coordinates":[-74.985912,40.07019]},"properties":{"year":1960,"period":"1960","kind":"FHA"}},{"type":"Feature","geometry":{"type":"Point","coordinates":[-74.987207,40.069888]},"properties":{"year":1960,"period":"1960","kind":"FHA"}},{"type":"Feature","geometry":{"type":"Point","coordinates":[-75.028204,40.065715]},"properties":{"year":1960,"period":"1960","kind":"FHA"}},{"type":"Feature","geometry":{"type":"Point","coordinates":[-75.04962,40.086434]},"properties":{"year":1960,"period":"1960","kind":"FHA"}},{"type":"Feature","geometry":{"type":"Point","coordinates":[-75.028198,40.065641]},"properties":{"year":1960,"period":"1960","kind":"FHA"}},{"type":"Feature","geometry":{"type":"Point","coordinates":[-75.040408,40.106518]},"properties":{"year":1960,"period":"1960","kind":"FHA"}},{"type":"Feature","geometry":{"type":"Point","coordinates":[-75.234029,39.952375]},"properties":{"year":1960,"period":"1960","kind":"FHA"}},{"type":"Feature","geometry":{"type":"Point","coordinates":[-75.245478,39.947571]},"properties":{"year":1960,"period":"1960","kind":"FHA"}},{"type":"Feature","geometry":{"type":"Point","coordinates":[-75.2196,39.943517]},"properties":{"year":1960,"period":"1960","kind":"VA"}},{"type":"Feature","geometry":{"type":"Point","coordinates":[-75.219497,39.955271]},"properties":{"year":1960,"period":"1960","kind":"VA"}},{"type":"Feature","geometry":{"type":"Point","coordinates":[-75.134945,39.99188]},"properties":{"year":1960,"period":"1960","kind":"FHA"}},{"type":"Feature","geometry":{"type":"Point","coordinates":[-75.17588,39.938147]},"properties":{"year":1960,"period":"1960","kind":"VA"}},{"type":"Feature","geometry":{"type":"Point","coordinates":[-75.227233,39.953517]},"properties":{"year":1960,"period":"1960","kind":"FHA"}},{"type":"Feature","geometry":{"type":"Point","coordinates":[-75.165702,39.932648]},"properties":{"year":1960,"period":"1960","kind":"VA"}},{"type":"Feature","geometry":{"type":"Point","coordinates":[-75.181322,39.997187]},"properties":{"year":1960,"period":"1960","kind":"FHA"}},{"type":"Feature","geometry":{"type":"Point","coordinates":[-75.133201,39.993344]},"properties":{"year":1960,"period":"1960","kind":"VA"}},{"type":"Feature","geometry":{"type":"Point","coordinates":[-75.181326,40.056661]},"properties":{"year":1960,"period":"1960","kind":"FHA"}},{"type":"Feature","geometry":{"type":"Point","coordinates":[-75.2073,40.021081]},"properties":{"year":1960,"period":"1960","kind":"FHA"}},{"type":"Feature","geometry":{"type":"Point","coordinates":[-75.118978,40.02771]},"properties":{"year":1960,"period":"1960","kind":"FHA"}},{"type":"Feature","geometry":{"type":"Point","coordinates":[-75.127679,40.028873]},"properties":{"year":1960,"period":"1960","kind":"FHA"}},{"type":"Feature","geometry":{"type":"Point","coordinates":[-75.053861,40.04855]},"properties":{"year":1960,"period":"1960","kind":"FHA"}},{"type":"Feature","geometry":{"type":"Point","coordinates":[-75.065957,40.042275]},"properties":{"year":1960,"period":"1960","kind":"FHA"}},{"type":"Feature","geometry":{"type":"Point","coordinates":[-75.0359,40.037368]},"properties":{"year":1960,"period":"1960","kind":"FHA"}},{"type":"Feature","geometry":{"type":"Point","coordinates":[-75.170923,39.971049]},"properties":{"year":1960,"period":"1960","kind":"FHA"}},{"type":"Feature","geometry":{"type":"Point","coordinates":[-75.236178,39.978917]},"properties":{"year":1960,"period":"1960","kind":"FHA"}},{"type":"Feature","geometry":{"type":"Point","coordinates":[-74.985624,40.069863]},"properties":{"year":1960,"period":"1960","kind":"FHA"}},{"type":"Feature","geometry":{"type":"Point","coordinates":[-74.985695,40.069944]},"properties":{"year":1960,"period":"1960","kind":"FHA"}},{"type":"Feature","geometry":{"type":"Point","coordinates":[-75.04073,40.033035]},"properties":{"year":1960,"period":"1960","kind":"FHA"}},{"type":"Feature","geometry":{"type":"Point","coordinates":[-74.986265,40.070584]},"properties":{"year":1960,"period":"1960","kind":"FHA"}},{"type":"Feature","geometry":{"type":"Point","coordinates":[-75.02823,40.066001]},"properties":{"year":1960,"period":"1960","kind":"FHA"}},{"type":"Feature","geometry":{"type":"Point","coordinates":[-74.985659,40.069904]},"properties":{"year":1960,"period":"1960","kind":"FHA"}},{"type":"Feature","geometry":{"type":"Point","coordinates":[-74.985766,40.070025]},"properties":{"year":1960,"period":"1960","kind":"FHA"}},{"type":"Feature","geometry":{"type":"Point","coordinates":[-74.98596,40.070243]},"properties":{"year":1960,"period":"1960","kind":"FHA"}},{"type":"Feature","geometry":{"type":"Point","coordinates":[-74.985801,40.070064]},"properties":{"year":1960,"period":"1960","kind":"FHA"}},{"type":"Feature","geometry":{"type":"Point","coordinates":[-75.163537,39.995726]},"properties":{"year":1960,"period":"1960","kind":"VA"}},{"type":"Feature","geometry":{"type":"Point","coordinates":[-75.144505,39.987786]},"properties":{"year":1960,"period":"1960","kind":"VA"}},{"type":"Feature","geometry":{"type":"Point","coordinates":[-75.24723,39.955263]},"properties":{"year":1960,"period":"1960","kind":"FHA"}},{"type":"Feature","geometry":{"type":"Point","coordinates":[-75.241255,39.978325]},"properties":{"year":1960,"period":"1960","kind":"VA"}},{"type":"Feature","geometry":{"type":"Point","coordinates":[-75.24353,39.961023]},"properties":{"year":1960,"period":"1960","kind":"VA"}},{"type":"Feature","geometry":{"type":"Point","coordinates":[-75.21796,39.940441]},"properties":{"year":1960,"period":"1960","kind":"FHA"}},{"type":"Feature","geometry":{"type":"Point","coordinates":[-75.122035,39.98029]},"properties":{"year":1960,"period":"1960","kind":"FHA"}},{"type":"Feature","geometry":{"type":"Point","coordinates":[-75.15105,39.996259]},"properties":{"year":1960,"period":"1960","kind":"VA"}},{"type":"Feature","geometry":{"type":"Point","coordinates":[-75.059809,40.019248]},"properties":{"year":1960,"period":"1960","kind":"FHA"}},{"type":"Feature","geometry":{"type":"Point","coordinates":[-74.968227,40.080993]},"properties":{"year":1960,"period":"1960","kind":"FHA"}},{"type":"Feature","geometry":{"type":"Point","coordinates":[-75.159123,39.988288]},"properties":{"year":1960,"period":"1960","kind":"VA"}},{"type":"Feature","geometry":{"type":"Point","coordinates":[-74.968889,40.080709]},"properties":{"year":1960,"period":"1960","kind":"FHA"}},{"type":"Feature","geometry":{"type":"Point","coordinates":[-74.969457,40.080591]},"properties":{"year":1960,"period":"1960","kind":"FHA"}},{"type":"Feature","geometry":{"type":"Point","coordinates":[-74.968771,40.080741]},"properties":{"year":1960,"period":"1960","kind":"FHA"}},{"type":"Feature","geometry":{"type":"Point","coordinates":[-74.968397,40.080879]},"properties":{"year":1960,"period":"1960","kind":"FHA"}},{"type":"Feature","geometry":{"type":"Point","coordinates":[-74.969391,40.080609]},"properties":{"year":1960,"period":"1960","kind":"FHA"}},{"type":"Feature","geometry":{"type":"Point","coordinates":[-75.178058,39.972061]},"properties":{"year":1960,"period":"1960","kind":"VA"}},{"type":"Feature","geometry":{"type":"Point","coordinates":[-75.140726,40.038436]},"properties":{"year":1960,"period":"1960","kind":"FHA"}},{"type":"Feature","geometry":{"type":"Point","coordinates":[-75.182922,39.936498]},"properties":{"year":1960,"period":"1960","kind":"FHA"}},{"type":"Feature","geometry":{"type":"Point","coordinates":[-74.981667,40.099277]},"properties":{"year":1960,"period":"1960","kind":"FHA"}},{"type":"Feature","geometry":{"type":"Point","coordinates":[-75.15516,40.041464]},"properties":{"year":1960,"period":"1960","kind":"FHA"}},{"type":"Feature","geometry":{"type":"Point","coordinates":[-75.105515,40.011773]},"properties":{"year":1960,"period":"1960","kind":"FHA"}},{"type":"Feature","geometry":{"type":"Point","coordinates":[-75.229364,39.940574]},"properties":{"year":1960,"period":"1960","kind":"VA"}},{"type":"Feature","geometry":{"type":"Point","coordinates":[-75.229533,39.97683]},"properties":{"year":1960,"period":"1960","kind":"FHA"}},{"type":"Feature","geometry":{"type":"Point","coordinates":[-75.055371,40.023682]},"properties":{"year":1960,"period":"1960","kind":"FHA"}},{"type":"Feature","geometry":{"type":"Point","coordinates":[-75.010728,40.057277]},"properties":{"year":1960,"period":"1960","kind":"FHA"}},{"type":"Feature","geometry":{"type":"Point","coordinates":[-74.986337,40.070665]},"properties":{"year":1960,"period":"1960","kind":"FHA"}},{"type":"Feature","geometry":{"type":"Point","coordinates":[-75.018601,40.065339]},"properties":{"year":1960,"period":"1960","kind":"FHA"}},{"type":"Feature","geometry":{"type":"Point","coordinates":[-75.025779,40.033511]},"properties":{"year":1960,"period":"1960","kind":"FHA"}},{"type":"Feature","geometry":{"type":"Point","coordinates":[-74.986228,40.070543]},"properties":{"year":1960,"period":"1960","kind":"FHA"}},{"type":"Feature","geometry":{"type":"Point","coordinates":[-75.019004,40.065542]},"properties":{"year":1960,"period":"1960","kind":"FHA"}},{"type":"Feature","geometry":{"type":"Point","coordinates":[-75.018918,40.064143]},"properties":{"year":1960,"period":"1960","kind":"FHA"}},{"type":"Feature","geometry":{"type":"Point","coordinates":[-74.986408,40.070744]},"properties":{"year":1960,"period":"1960","kind":"FHA"}},{"type":"Feature","geometry":{"type":"Point","coordinates":[-75.149536,40.041138]},"properties":{"year":1960,"period":"1960","kind":"FHA"}},{"type":"Feature","geometry":{"type":"Point","coordinates":[-75.027021,40.043952]},"properties":{"year":1960,"period":"1960","kind":"FHA"}},{"type":"Feature","geometry":{"type":"Point","coordinates":[-75.126532,39.99376]},"properties":{"year":1960,"period":"1960","kind":"FHA"}},{"type":"Feature","geometry":{"type":"Point","coordinates":[-75.040803,40.106136]},"properties":{"year":1960,"period":"1960","kind":"FHA"}},{"type":"Feature","geometry":{"type":"Point","coordinates":[-75.041533,40.105379]},"properties":{"year":1960,"period":"1960","kind":"FHA"}},{"type":"Feature","geometry":{"type":"Point","coordinates":[-75.239544,39.979271]},"properties":{"year":1960,"period":"1960","kind":"FHA"}},{"type":"Feature","geometry":{"type":"Point","coordinates":[-75.23627,39.978543]},"properties":{"year":1960,"period":"1960","kind":"FHA"}},{"type":"Feature","geometry":{"type":"Point","coordinates":[-75.234122,39.975625]},"properties":{"year":1960,"period":"1960","kind":"FHA"}},{"type":"Feature","geometry":{"type":"Point","coordinates":[-75.227835,39.988151]},"properties":{"year":1960,"period":"1960","kind":"FHA"}},{"type":"Feature","geometry":{"type":"Point","coordinates":[-75.120709,40.001173]},"properties":{"year":1960,"period":"1960","kind":"VA"}},{"type":"Feature","geometry":{"type":"Point","coordinates":[-75.145454,39.99483]},"properties":{"year":1960,"period":"1960","kind":"VA"}},{"type":"Feature","geometry":{"type":"Point","coordinates":[-75.136031,39.996891]},"properties":{"year":1960,"period":"1960","kind":"VA"}},{"type":"Feature","geometry":{"type":"Point","coordinates":[-75.086996,40.008142]},"properties":{"year":1960,"period":"1960","kind":"FHA"}},{"type":"Feature","geometry":{"type":"Point","coordinates":[-75.219639,40.04049]},"properties":{"year":1960,"period":"1960","kind":"FHA"}},{"type":"Feature","geometry":{"type":"Point","coordinates":[-75.17852,39.911297]},"properties":{"year":1960,"period":"1960","kind":"FHA"}},{"type":"Feature","geometry":{"type":"Point","coordinates":[-75.179511,39.91251]},"properties":{"year":1960,"period":"1960","kind":"FHA"}},{"type":"Feature","geometry":{"type":"Point","coordinates":[-75.177499,39.912256]},"properties":{"year":1960,"period":"1960","kind":"VA"}},{"type":"Feature","geometry":{"type":"Point","coordinates":[-75.22141,39.922725]},"properties":{"year":1960,"period":"1960","kind":"VA"}},{"type":"Feature","geometry":{"type":"Point","coordinates":[-75.234212,40.066868]},"properties":{"year":1960,"period":"1960","kind":"FHA"}},{"type":"Feature","geometry":{"type":"Point","coordinates":[-75.193983,40.058196]},"properties":{"year":1960,"period":"1960","kind":"FHA"}},{"type":"Feature","geometry":{"type":"Point","coordinates":[-75.156158,39.989909]},"properties":{"year":1960,"period":"1960","kind":"VA"}},{"type":"Feature","geometry":{"type":"Point","coordinates":[-75.148677,40.049486]},"properties":{"year":1960,"period":"1960","kind":"FHA"}},{"type":"Feature","geometry":{"type":"Point","coordinates":[-75.126522,40.034794]},"properties":{"year":1960,"period":"1960","kind":"FHA"}},{"type":"Feature","geometry":{"type":"Point","coordinates":[-75.096473,40.00708]},"properties":{"year":1960,"period":"1960","kind":"FHA"}},{"type":"Feature","geometry":{"type":"Point","coordinates":[-75.152756,39.994667]},"properties":{"year":1960,"period":"1960","kind":"FHA"}},{"type":"Feature","geometry":{"type":"Point","coordinates":[-75.203274,39.972442]},"properties":{"year":1960,"period":"1960","kind":"VA"}},{"type":"Feature","geometry":{"type":"Point","coordinates":[-75.234754,39.94935]},"properties":{"year":1960,"period":"1960","kind":"VA"}},{"type":"Feature","geometry":{"type":"Point","coordinates":[-75.232188,39.935576]},"properties":{"year":1960,"period":"1960","kind":"FHA"}},{"type":"Feature","geometry":{"type":"Point","coordinates":[-75.228879,39.968781]},"properties":{"year":1960,"period":"1960","kind":"FHA"}},{"type":"Feature","geometry":{"type":"Point","coordinates":[-75.221897,39.941707]},"properties":{"year":1960,"period":"1960","kind":"FHA"}},{"type":"Feature","geometry":{"type":"Point","coordinates":[-75.237009,39.959329]},"properties":{"year":1960,"period":"1960","kind":"VA"}},{"type":"Feature","geometry":{"type":"Point","coordinates":[-75.240455,39.969646]},"properties":{"year":1960,"period":"1960","kind":"FHA"}},{"type":"Feature","geometry":{"type":"Point","coordinates":[-75.21794,39.932292]},"properties":{"year":1960,"period":"1960","kind":"VA"}},{"type":"Feature","geometry":{"type":"Point","coordinates":[-75.231074,39.974562]},"properties":{"year":1960,"period":"1960","kind":"VA"}},{"type":"Feature","geometry":{"type":"Point","coordinates":[-75.100718,40.04866]},"properties":{"year":1960,"period":"1960","kind":"FHA"}},{"type":"Feature","geometry":{"type":"Point","coordinates":[-74.976638,40.074939]},"properties":{"year":1960,"period":"1960","kind":"VA"}},{"type":"Feature","geometry":{"type":"Point","coordinates":[-75.133245,40.029846]},"properties":{"year":1960,"period":"1960","kind":"FHA"}},{"type":"Feature","geometry":{"type":"Point","coordinates":[-75.066854,40.049557]},"properties":{"year":1960,"period":"1960","kind":"FHA"}},{"type":"Feature","geometry":{"type":"Point","coordinates":[-75.052076,40.027184]},"properties":{"year":1960,"period":"1960","kind":"FHA"}},{"type":"Feature","geometry":{"type":"Point","coordinates":[-75.195407,39.961497]},"properties":{"year":1960,"period":"1960","kind":"FHA"}},{"type":"Feature","geometry":{"type":"Point","coordinates":[-74.981668,40.09103]},"properties":{"year":1960,"period":"1960","kind":"FHA"}},{"type":"Feature","geometry":{"type":"Point","coordinates":[-74.981721,40.090577]},"properties":{"year":1960,"period":"1960","kind":"FHA"}},{"type":"Feature","geometry":{"type":"Point","coordinates":[-75.050877,40.028553]},"properties":{"year":1960,"period":"1960","kind":"FHA"}},{"type":"Feature","geometry":{"type":"Point","coordinates":[-75.247162,39.949662]},"properties":{"year":1960,"period":"1960","kind":"VA"}},{"type":"Feature","geometry":{"type":"Point","coordinates":[-75.229292,39.960763]},"properties":{"year":1960,"period":"1960","kind":"VA"}},{"type":"Feature","geometry":{"type":"Point","coordinates":[-75.22943,39.918507]},"properties":{"year":1960,"period":"1960","kind":"FHA"}},{"type":"Feature","geometry":{"type":"Point","coordinates":[-75.242404,39.958395]},"properties":{"year":1960,"period":"1960","kind":"VA"}},{"type":"Feature","geometry":{"type":"Point","coordinates":[-75.165049,40.042806]},"properties":{"year":1960,"period":"1960","kind":"FHA"}},{"type":"Feature","geometry":{"type":"Point","coordinates":[-75.061655,40.026018]},"properties":{"year":1960,"period":"1960","kind":"FHA"}},{"type":"Feature","geometry":{"type":"Point","coordinates":[-75.184864,40.061503]},"properties":{"year":1960,"period":"1960","kind":"FHA"}},{"type":"Feature","geometry":{"type":"Point","coordinates":[-75.184895,39.994819]},"properties":{"year":1960,"period":"1960","kind":"VA"}},{"type":"Feature","geometry":{"type":"Point","coordinates":[-75.231337,39.9488]},"properties":{"year":1960,"period":"1960","kind":"VA"}},{"type":"Feature","geometry":{"type":"Point","coordinates":[-75.169399,39.992499]},"properties":{"year":1960,"period":"1960","kind":"FHA"}},{"type":"Feature","geometry":{"type":"Point","coordinates":[-75.219976,39.942886]},"properties":{"year":1960,"period":"1960","kind":"FHA"}},{"type":"Feature","geometry":{"type":"Point","coordinates":[-75.243903,39.957868]},"properties":{"year":1960,"period":"1960","kind":"VA"}},{"type":"Feature","geometry":{"type":"Point","coordinates":[-75.238952,39.96817]},"properties":{"year":1960,"period":"1960","kind":"VA"}},{"type":"Feature","geometry":{"type":"Point","coordinates":[-75.165606,39.916539]},"properties":{"year":1960,"period":"1960","kind":"FHA"}},{"type":"Feature","geometry":{"type":"Point","coordinates":[-75.191442,39.927803]},"properties":{"year":1960,"period":"1960","kind":"FHA"}},{"type":"Feature","geometry":{"type":"Point","coordinates":[-75.060755,40.015303]},"properties":{"year":1960,"period":"1960","kind":"FHA"}},{"type":"Feature","geometry":{"type":"Point","coordinates":[-75.076419,40.028105]},"properties":{"year":1960,"period":"1960","kind":"FHA"}},{"type":"Feature","geometry":{"type":"Point","coordinates":[-75.17886,39.997292]},"properties":{"year":1960,"period":"1960","kind":"FHA"}},{"type":"Feature","geometry":{"type":"Point","coordinates":[-75.228808,39.953646]},"properties":{"year":1960,"period":"1960","kind":"VA"}},{"type":"Feature","geometry":{"type":"Point","coordinates":[-75.149184,40.043023]},"properties":{"year":1960,"period":"1960","kind":"FHA"}},{"type":"Feature","geometry":{"type":"Point","coordinates":[-75.228221,39.921999]},"properties":{"year":1960,"period":"1960","kind":"FHA"}},{"type":"Feature","geometry":{"type":"Point","coordinates":[-75.230152,39.948419]},"properties":{"year":1960,"period":"1960","kind":"FHA"}},{"type":"Feature","geometry":{"type":"Point","coordinates":[-75.242759,39.977427]},"properties":{"year":1960,"period":"1960","kind":"FHA"}},{"type":"Feature","geometry":{"type":"Point","coordinates":[-75.227308,39.922693]},"properties":{"year":1960,"period":"1960","kind":"FHA"}},{"type":"Feature","geometry":{"type":"Point","coordinates":[-75.191123,40.009269]},"properties":{"year":1960,"period":"1960","kind":"FHA"}},{"type":"Feature","geometry":{"type":"Point","coordinates":[-75.206657,40.074355]},"properties":{"year":1960,"period":"1960","kind":"FHA"}},{"type":"Feature","geometry":{"type":"Point","coordinates":[-74.995738,40.099878]},"properties":{"year":1960,"period":"1960","kind":"FHA"}},{"type":"Feature","geometry":{"type":"Point","coordinates":[-75.057481,40.036232]},"properties":{"year":1960,"period":"1960","kind":"FHA"}},{"type":"Feature","geometry":{"type":"Point","coordinates":[-75.029178,40.108075]},"properties":{"year":1960,"period":"1960","kind":"FHA"}},{"type":"Feature","geometry":{"type":"Point","coordinates":[-75.056435,40.026102]},"properties":{"year":1960,"period":"1960","kind":"FHA"}},{"type":"Feature","geometry":{"type":"Point","coordinates":[-75.109956,40.001008]},"properties":{"year":1960,"period":"1960","kind":"FHA"}},{"type":"Feature","geometry":{"type":"Point","coordinates":[-75.032154,40.041987]},"properties":{"year":1960,"period":"1960","kind":"FHA"}},{"type":"Feature","geometry":{"type":"Point","coordinates":[-75.024517,40.059819]},"properties":{"year":1960,"period":"1960","kind":"FHA"}},{"type":"Feature","geometry":{"type":"Point","coordinates":[-75.081844,40.031117]},"properties":{"year":1960,"period":"1960","kind":"FHA"}},{"type":"Feature","geometry":{"type":"Point","coordinates":[-75.14536,39.999481]},"properties":{"year":1960,"period":"1960","kind":"FHA"}},{"type":"Feature","geometry":{"type":"Point","coordinates":[-75.152206,39.996237]},"properties":{"year":1960,"period":"1960","kind":"VA"}},{"type":"Feature","geometry":{"type":"Point","coordinates":[-75.073434,40.060363]},"properties":{"year":1960,"period":"1960","kind":"FHA"}},{"type":"Feature","geometry":{"type":"Point","coordinates":[-75.127416,40.002078]},"properties":{"year":1960,"period":"1960","kind":"FHA"}},{"type":"Feature","geometry":{"type":"Point","coordinates":[-75.171382,40.049069]},"properties":{"year":1960,"period":"1960","kind":"FHA"}},{"type":"Feature","geometry":{"type":"Point","coordinates":[-75.127185,40.043509]},"properties":{"year":1960,"period":"1960","kind":"FHA"}},{"type":"Feature","geometry":{"type":"Point","coordinates":[-75.139151,40.004358]},"properties":{"year":1960,"period":"1960","kind":"FHA"}},{"type":"Feature","geometry":{"type":"Point","coordinates":[-75.148317,40.065721]},"properties":{"year":1960,"period":"1960","kind":"FHA"}},{"type":"Feature","geometry":{"type":"Point","coordinates":[-75.248857,39.978488]},"properties":{"year":1960,"period":"1960","kind":"FHA"}},{"type":"Feature","geometry":{"type":"Point","coordinates":[-75.147593,39.997584]},"properties":{"year":1960,"period":"1960","kind":"VA"}},{"type":"Feature","geometry":{"type":"Point","coordinates":[-75.15499,39.931055]},"properties":{"year":1960,"period":"1960","kind":"VA"}},{"type":"Feature","geometry":{"type":"Point","coordinates":[-75.08031,40.027008]},"properties":{"year":1960,"period":"1960","kind":"FHA"}},{"type":"Feature","geometry":{"type":"Point","coordinates":[-75.233975,39.952364]},"properties":{"year":1960,"period":"1960","kind":"FHA"}},{"type":"Feature","geometry":{"type":"Point","coordinates":[-75.267925,39.974728]},"properties":{"year":1960,"period":"1960","kind":"FHA"}},{"type":"Feature","geometry":{"type":"Point","coordinates":[-75.183817,39.977348]},"properties":{"year":1960,"period":"1960","kind":"VA"}},{"type":"Feature","geometry":{"type":"Point","coordinates":[-75.042822,40.023779]},"properties":{"year":1960,"period":"1960","kind":"FHA"}},{"type":"Feature","geometry":{"type":"Point","coordinates":[-75.142503,40.021232]},"properties":{"year":1960,"period":"1960","kind":"FHA"}},{"type":"Feature","geometry":{"type":"Point","coordinates":[-75.067699,40.044787]},"properties":{"year":1960,"period":"1960","kind":"FHA"}},{"type":"Feature","geometry":{"type":"Point","coordinates":[-75.108235,40.025748]},"properties":{"year":1960,"period":"1960","kind":"FHA"}},{"type":"Feature","geometry":{"type":"Point","coordinates":[-75.172854,40.047326]},"properties":{"year":1960,"period":"1960","kind":"FHA"}},{"type":"Feature","geometry":{"type":"Point","coordinates":[-75.151217,40.057762]},"properties":{"year":1960,"period":"1960","kind":"FHA"}},{"type":"Feature","geometry":{"type":"Point","coordinates":[-75.228651,39.930514]},"properties":{"year":1960,"period":"1960","kind":"FHA"}},{"type":"Feature","geometry":{"type":"Point","coordinates":[-75.156812,40.045823]},"properties":{"year":1960,"period":"1960","kind":"FHA"}},{"type":"Feature","geometry":{"type":"Point","coordinates":[-75.119502,40.027076]},"properties":{"year":1960,"period":"1960","kind":"FHA"}},{"type":"Feature","geometry":{"type":"Point","coordinates":[-75.13226,40.034915]},"properties":{"year":1960,"period":"1960","kind":"FHA"}},{"type":"Feature","geometry":{"type":"Point","coordinates":[-75.152697,40.043454]},"properties":{"year":1960,"period":"1960","kind":"FHA"}},{"type":"Feature","geometry":{"type":"Point","coordinates":[-75.056587,40.030986]},"properties":{"year":1960,"period":"1960","kind":"FHA"}},{"type":"Feature","geometry":{"type":"Point","coordinates":[-75.072515,40.020862]},"properties":{"year":1960,"period":"1960","kind":"VA"}},{"type":"Feature","geometry":{"type":"Point","coordinates":[-75.026261,40.034058]},"properties":{"year":1960,"period":"1960","kind":"FHA"}},{"type":"Feature","geometry":{"type":"Point","coordinates":[-75.168617,39.994521]},"properties":{"year":1960,"period":"1960","kind":"FHA"}},{"type":"Feature","geometry":{"type":"Point","coordinates":[-75.209569,40.018717]},"properties":{"year":1960,"period":"1960","kind":"FHA"}},{"type":"Feature","geometry":{"type":"Point","coordinates":[-75.007558,40.119309]},"properties":{"year":1960,"period":"1960","kind":"FHA"}},{"type":"Feature","geometry":{"type":"Point","coordinates":[-75.245492,39.958085]},"properties":{"year":1960,"period":"1960","kind":"FHA"}},{"type":"Feature","geometry":{"type":"Point","coordinates":[-75.201475,39.972986]},"properties":{"year":1960,"period":"1960","kind":"VA"}},{"type":"Feature","geometry":{"type":"Point","coordinates":[-75.237555,39.978764]},"properties":{"year":1960,"period":"1960","kind":"VA"}},{"type":"Feature","geometry":{"type":"Point","coordinates":[-75.152171,40.008537]},"properties":{"year":1960,"period":"1960","kind":"VA"}},{"type":"Feature","geometry":{"type":"Point","coordinates":[-75.238872,39.953137]},"properties":{"year":1960,"period":"1960","kind":"FHA"}},{"type":"Feature","geometry":{"type":"Point","coordinates":[-75.220796,39.946098]},"properties":{"year":1960,"period":"1960","kind":"VA"}},{"type":"Feature","geometry":{"type":"Point","coordinates":[-75.220265,39.969454]},"properties":{"year":1960,"period":"1960","kind":"FHA"}},{"type":"Feature","geometry":{"type":"Point","coordinates":[-75.182296,39.994225]},"properties":{"year":1960,"period":"1960","kind":"FHA"}},{"type":"Feature","geometry":{"type":"Point","coordinates":[-75.217418,39.939984]},"properties":{"year":1960,"period":"1960","kind":"FHA"}},{"type":"Feature","geometry":{"type":"Point","coordinates":[-75.089457,40.033235]},"properties":{"year":1960,"period":"1960","kind":"FHA"}},{"type":"Feature","geometry":{"type":"Point","coordinates":[-75.14008,39.980101]},"properties":{"year":1960,"period":"1960","kind":"FHA"}},{"type":"Feature","geometry":{"type":"Point","coordinates":[-75.196799,40.042521]},"properties":{"year":1960,"period":"1960","kind":"FHA"}},{"type":"Feature","geometry":{"type":"Point","coordinates":[-75.162949,40.04954]},"properties":{"year":1960,"period":"1960","kind":"FHA"}},{"type":"Feature","geometry":{"type":"Point","coordinates":[-75.165539,40.074141]},"properties":{"year":1960,"period":"1960","kind":"FHA"}},{"type":"Feature","geometry":{"type":"Point","coordinates":[-75.13905,40.013276]},"properties":{"year":1960,"period":"1960","kind":"FHA"}},{"type":"Feature","geometry":{"type":"Point","coordinates":[-75.136564,40.030788]},"properties":{"year":1960,"period":"1960","kind":"FHA"}},{"type":"Feature","geometry":{"type":"Point","coordinates":[-75.147771,40.048846]},"properties":{"year":1960,"period":"1960","kind":"FHA"}},{"type":"Feature","geometry":{"type":"Point","coordinates":[-75.153646,40.04268]},"properties":{"year":1960,"period":"1960","kind":"FHA"}},{"type":"Feature","geometry":{"type":"Point","coordinates":[-75.165709,40.06824]},"properties":{"year":1960,"period":"1960","kind":"FHA"}},{"type":"Feature","geometry":{"type":"Point","coordinates":[-75.22708,39.97177]},"properties":{"year":1960,"period":"1960","kind":"FHA"}},{"type":"Feature","geometry":{"type":"Point","coordinates":[-75.06338,40.028658]},"properties":{"year":1960,"period":"1960","kind":"FHA"}},{"type":"Feature","geometry":{"type":"Point","coordinates":[-75.15291,40.042624]},"properties":{"year":1960,"period":"1960","kind":"FHA"}},{"type":"Feature","geometry":{"type":"Point","coordinates":[-75.14949,39.998119]},"properties":{"year":1960,"period":"1960","kind":"FHA"}},{"type":"Feature","geometry":{"type":"Point","coordinates":[-75.175683,39.986587]},"properties":{"year":1960,"period":"1960","kind":"VA"}},{"type":"Feature","geometry":{"type":"Point","coordinates":[-75.156547,40.021411]},"properties":{"year":1960,"period":"1960","kind":"VA"}},{"type":"Feature","geometry":{"type":"Point","coordinates":[-75.138514,40.010271]},"properties":{"year":1960,"period":"1960","kind":"FHA"}},{"type":"Feature","geometry":{"type":"Point","coordinates":[-75.075883,40.079724]},"properties":{"year":1960,"period":"1960","kind":"FHA"}},{"type":"Feature","geometry":{"type":"Point","coordinates":[-75.03251,40.039214]},"properties":{"year":1960,"period":"1960","kind":"FHA"}},{"type":"Feature","geometry":{"type":"Point","coordinates":[-75.161398,40.05993]},"properties":{"year":1960,"period":"1960","kind":"FHA"}},{"type":"Feature","geometry":{"type":"Point","coordinates":[-75.062323,40.023042]},"properties":{"year":1960,"period":"1960","kind":"FHA"}},{"type":"Feature","geometry":{"type":"Point","coordinates":[-75.074786,40.077205]},"properties":{"year":1960,"period":"1960","kind":"FHA"}},{"type":"Feature","geometry":{"type":"Point","coordinates":[-75.233886,39.941086]},"properties":{"year":1960,"period":"1960","kind":"FHA"}},{"type":"Feature","geometry":{"type":"Point","coordinates":[-75.24545,39.961557]},"properties":{"year":1960,"period":"1960","kind":"FHA"}},{"type":"Feature","geometry":{"type":"Point","coordinates":[-75.079527,40.026852]},"properties":{"year":1960,"period":"1960","kind":"FHA"}},{"type":"Feature","geometry":{"type":"Point","coordinates":[-75.243632,39.966668]},"properties":{"year":1960,"period":"1960","kind":"FHA"}},{"type":"Feature","geometry":{"type":"Point","coordinates":[-75.16336,39.997513]},"properties":{"year":1960,"period":"1960","kind":"FHA"}},{"type":"Feature","geometry":{"type":"Point","coordinates":[-75.236166,39.946455]},"properties":{"year":1960,"period":"1960","kind":"VA"}},{"type":"Feature","geometry":{"type":"Point","coordinates":[-75.243287,39.977415]},"properties":{"year":1960,"period":"1960","kind":"FHA"}},{"type":"Feature","geometry":{"type":"Point","coordinates":[-75.23453,39.957256]},"properties":{"year":1960,"period":"1960","kind":"FHA"}},{"type":"Feature","geometry":{"type":"Point","coordinates":[-75.14337,40.008762]},"properties":{"year":1960,"period":"1960","kind":"VA"}},{"type":"Feature","geometry":{"type":"Point","coordinates":[-75.08909,40.03619]},"properties":{"year":1960,"period":"1960","kind":"FHA"}},{"type":"Feature","geometry":{"type":"Point","coordinates":[-75.143215,39.983378]},"properties":{"year":1960,"period":"1960","kind":"VA"}},{"type":"Feature","geometry":{"type":"Point","coordinates":[-75.117307,40.019319]},"properties":{"year":1960,"period":"1960","kind":"FHA"}},{"type":"Feature","geometry":{"type":"Point","coordinates":[-75.027074,40.043934]},"properties":{"year":1960,"period":"1960","kind":"FHA"}},{"type":"Feature","geometry":{"type":"Point","coordinates":[-75.024059,40.060682]},"properties":{"year":1960,"period":"1960","kind":"FHA"}},{"type":"Feature","geometry":{"type":"Point","coordinates":[-75.185844,39.991178]},"properties":{"year":1960,"period":"1960","kind":"VA"}},{"type":"Feature","geometry":{"type":"Point","coordinates":[-75.178082,39.9817]},"properties":{"year":1960,"period":"1960","kind":"FHA"}},{"type":"Feature","geometry":{"type":"Point","coordinates":[-75.218331,39.953311]},"properties":{"year":1960,"period":"1960","kind":"FHA"}},{"type":"Feature","geometry":{"type":"Point","coordinates":[-75.143116,39.999808]},"properties":{"year":1960,"period":"1960","kind":"VA"}},{"type":"Feature","geometry":{"type":"Point","coordinates":[-75.164091,40.070008]},"properties":{"year":1960,"period":"1960","kind":"FHA"}},{"type":"Feature","geometry":{"type":"Point","coordinates":[-74.981589,40.09038]},"properties":{"year":1960,"period":"1960","kind":"FHA"}},{"type":"Feature","geometry":{"type":"Point","coordinates":[-75.227512,39.980008]},"properties":{"year":1960,"period":"1960","kind":"FHA"}},{"type":"Feature","geometry":{"type":"Point","coordinates":[-75.207985,39.962929]},"properties":{"year":1960,"period":"1960","kind":"VA"}},{"type":"Feature","geometry":{"type":"Point","coordinates":[-75.210123,39.975066]},"properties":{"year":1960,"period":"1960","kind":"VA"}},{"type":"Feature","geometry":{"type":"Point","coordinates":[-75.243804,39.944027]},"properties":{"year":1960,"period":"1960","kind":"VA"}},{"type":"Feature","geometry":{"type":"Point","coordinates":[-75.209557,39.950962]},"properties":{"year":1960,"period":"1960","kind":"VA"}},{"type":"Feature","geometry":{"type":"Point","coordinates":[-75.13856,39.975307]},"properties":{"year":1960,"period":"1960","kind":"FHA"}},{"type":"Feature","geometry":{"type":"Point","coordinates":[-75.168617,40.067369]},"properties":{"year":1960,"period":"1960","kind":"FHA"}},{"type":"Feature","geometry":{"type":"Point","coordinates":[-75.146539,40.041256]},"properties":{"year":1960,"period":"1960","kind":"FHA"}},{"type":"Feature","geometry":{"type":"Point","coordinates":[-75.077531,40.017489]},"properties":{"year":1960,"period":"1960","kind":"FHA"}},{"type":"Feature","geometry":{"type":"Point","coordinates":[-75.127118,40.003446]},"properties":{"year":1960,"period":"1960","kind":"FHA"}},{"type":"Feature","geometry":{"type":"Point","coordinates":[-75.075398,40.020393]},"properties":{"year":1960,"period":"1960","kind":"FHA"}},{"type":"Feature","geometry":{"type":"Point","coordinates":[-75.137088,39.993734]},"properties":{"year":1960,"period":"1960","kind":"VA"}},{"type":"Feature","geometry":{"type":"Point","coordinates":[-75.176241,39.997705]},"properties":{"year":1960,"period":"1960","kind":"VA"}},{"type":"Feature","geometry":{"type":"Point","coordinates":[-75.186689,40.047402]},"properties":{"year":1960,"period":"1960","kind":"FHA"}},{"type":"Feature","geometry":{"type":"Point","coordinates":[-75.157775,40.009231]},"properties":{"year":1960,"period":"1960","kind":"VA"}},{"type":"Feature","geometry":{"type":"Point","coordinates":[-75.029942,40.058603]},"properties":{"year":1960,"period":"1960","kind":"FHA"}},{"type":"Feature","geometry":{"type":"Point","coordinates":[-75.145848,39.990608]},"properties":{"year":1960,"period":"1960","kind":"FHA"}},{"type":"Feature","geometry":{"type":"Point","coordinates":[-75.173803,40.077392]},"properties":{"year":1960,"period":"1960","kind":"FHA"}},{"type":"Feature","geometry":{"type":"Point","coordinates":[-75.234471,39.950978]},"properties":{"year":1960,"period":"1960","kind":"FHA"}},{"type":"Feature","geometry":{"type":"Point","coordinates":[-75.222358,39.948906]},"properties":{"year":1960,"period":"1960","kind":"FHA"}},{"type":"Feature","geometry":{"type":"Point","coordinates":[-75.152635,40.046702]},"properties":{"year":1960,"period":"1960","kind":"FHA"}},{"type":"Feature","geometry":{"type":"Point","coordinates":[-75.055948,40.021734]},"properties":{"year":1960,"period":"1960","kind":"FHA"}},{"type":"Feature","geometry":{"type":"Point","coordinates":[-75.012661,40.062886]},"properties":{"year":1960,"period":"1960","kind":"FHA"}},{"type":"Feature","geometry":{"type":"Point","coordinates":[-75.086788,40.033618]},"properties":{"year":1960,"period":"1960","kind":"FHA"}},{"type":"Feature","geometry":{"type":"Point","coordinates":[-74.985626,40.067865]},"properties":{"year":1960,"period":"1960","kind":"FHA"}},{"type":"Feature","geometry":{"type":"Point","coordinates":[-75.029439,40.107948]},"properties":{"year":1960,"period":"1960","kind":"FHA"}},{"type":"Feature","geometry":{"type":"Point","coordinates":[-75.057282,40.017762]},"properties":{"year":1960,"period":"1960","kind":"FHA"}},{"type":"Feature","geometry":{"type":"Point","coordinates":[-74.985028,40.068146]},"properties":{"year":1960,"period":"1960","kind":"FHA"}},{"type":"Feature","geometry":{"type":"Point","coordinates":[-75.028552,40.089956]},"properties":{"year":1960,"period":"1960","kind":"FHA"}},{"type":"Feature","geometry":{"type":"Point","coordinates":[-75.019112,40.063832]},"properties":{"year":1960,"period":"1960","kind":"FHA"}},{"type":"Feature","geometry":{"type":"Point","coordinates":[-75.139251,40.025298]},"properties":{"year":1960,"period":"1960","kind":"VA"}},{"type":"Feature","geometry":{"type":"Point","coordinates":[-75.009808,40.058922]},"properties":{"year":1960,"period":"1960","kind":"FHA"}},{"type":"Feature","geometry":{"type":"Point","coordinates":[-74.985123,40.068115]},"properties":{"year":1960,"period":"1960","kind":"FHA"}},{"type":"Feature","geometry":{"type":"Point","coordinates":[-75.16203,40.059168]},"properties":{"year":1960,"period":"1960","kind":"FHA"}},{"type":"Feature","geometry":{"type":"Point","coordinates":[-75.092273,40.033476]},"properties":{"year":1960,"period":"1960","kind":"FHA"}},{"type":"Feature","geometry":{"type":"Point","coordinates":[-75.11404,40.019279]},"properties":{"year":1960,"period":"1960","kind":"FHA"}},{"type":"Feature","geometry":{"type":"Point","coordinates":[-74.985222,40.068053]},"properties":{"year":1960,"period":"1960","kind":"FHA"}},{"type":"Feature","geometry":{"type":"Point","coordinates":[-75.033255,40.036285]},"properties":{"year":1960,"period":"1960","kind":"FHA"}},{"type":"Feature","geometry":{"type":"Point","coordinates":[-75.160453,40.03363]},"properties":{"year":1960,"period":"1960","kind":"FHA"}},{"type":"Feature","geometry":{"type":"Point","coordinates":[-75.225759,40.037825]},"properties":{"year":1960,"period":"1960","kind":"FHA"}},{"type":"Feature","geometry":{"type":"Point","coordinates":[-75.230486,39.978355]},"properties":{"year":1960,"period":"1960","kind":"VA"}},{"type":"Feature","geometry":{"type":"Point","coordinates":[-75.230771,39.955402]},"properties":{"year":1960,"period":"1960","kind":"VA"}},{"type":"Feature","geometry":{"type":"Point","coordinates":[-75.228932,39.984411]},"properties":{"year":1960,"period":"1960","kind":"FHA"}},{"type":"Feature","geometry":{"type":"Point","coordinates":[-75.232123,39.957001]},"properties":{"year":1960,"period":"1960","kind":"VA"}},{"type":"Feature","geometry":{"type":"Point","coordinates":[-75.17439,39.990518]},"properties":{"year":1960,"period":"1960","kind":"VA"}},{"type":"Feature","geometry":{"type":"Point","coordinates":[-75.09613,40.028104]},"properties":{"year":1960,"period":"1960","kind":"FHA"}},{"type":"Feature","geometry":{"type":"Point","coordinates":[-75.139038,40.018432]},"properties":{"year":1960,"period":"1960","kind":"FHA"}},{"type":"Feature","geometry":{"type":"Point","coordinates":[-75.194263,40.052717]},"properties":{"year":1960,"period":"1960","kind":"VA"}},{"type":"Feature","geometry":{"type":"Point","coordinates":[-75.14939,40.042307]},"properties":{"year":1960,"period":"1960","kind":"FHA"}},{"type":"Feature","geometry":{"type":"Point","coordinates":[-75.162001,39.991888]},"properties":{"year":1960,"period":"1960","kind":"VA"}},{"type":"Feature","geometry":{"type":"Point","coordinates":[-75.136975,40.044514]},"properties":{"year":1960,"period":"1960","kind":"FHA"}},{"type":"Feature","geometry":{"type":"Point","coordinates":[-74.982271,40.097767]},"properties":{"year":1960,"period":"1960","kind":"FHA"}},{"type":"Feature","geometry":{"type":"Point","coordinates":[-74.981344,40.089978]},"properties":{"year":1960,"period":"1960","kind":"FHA"}},{"type":"Feature","geometry":{"type":"Point","coordinates":[-74.981619,40.09043]},"properties":{"year":1960,"period":"1960","kind":"FHA"}},{"type":"Feature","geometry":{"type":"Point","coordinates":[-74.981321,40.089925]},"properties":{"year":1960,"period":"1960","kind":"FHA"}},{"type":"Feature","geometry":{"type":"Point","coordinates":[-74.979232,40.090198]},"properties":{"year":1960,"period":"1960","kind":"FHA"}},{"type":"Feature","geometry":{"type":"Point","coordinates":[-75.145935,40.045614]},"properties":{"year":1960,"period":"1960","kind":"FHA"}},{"type":"Feature","geometry":{"type":"Point","coordinates":[-75.155849,40.061405]},"properties":{"year":1960,"period":"1960","kind":"FHA"}},{"type":"Feature","geometry":{"type":"Point","coordinates":[-75.236228,39.953364]},"properties":{"year":1960,"period":"1960","kind":"FHA"}},{"type":"Feature","geometry":{"type":"Point","coordinates":[-75.182339,40.059458]},"properties":{"year":1960,"period":"1960","kind":"FHA"}},{"type":"Feature","geometry":{"type":"Point","coordinates":[-75.247126,39.958182]},"properties":{"year":1960,"period":"1960","kind":"FHA"}},{"type":"Feature","geometry":{"type":"Point","coordinates":[-75.028258,40.066287]},"properties":{"year":1960,"period":"1960","kind":"FHA"}},{"type":"Feature","geometry":{"type":"Point","coordinates":[-75.005984,40.06272]},"properties":{"year":1960,"period":"1960","kind":"FHA"}},{"type":"Feature","geometry":{"type":"Point","coordinates":[-75.10469,40.013772]},"properties":{"year":1960,"period":"1960","kind":"FHA"}},{"type":"Feature","geometry":{"type":"Point","coordinates":[-75.000488,40.064101]},"properties":{"year":1960,"period":"1960","kind":"FHA"}},{"type":"Feature","geometry":{"type":"Point","coordinates":[-75.018866,40.064234]},"properties":{"year":1960,"period":"1960","kind":"FHA"}},{"type":"Feature","geometry":{"type":"Point","coordinates":[-75.116993,39.994935]},"properties":{"year":1960,"period":"1960","kind":"VA"}},{"type":"Feature","geometry":{"type":"Point","coordinates":[-75.005827,40.062636]},"properties":{"year":1960,"period":"1960","kind":"FHA"}},{"type":"Feature","geometry":{"type":"Point","coordinates":[-75.043605,40.036048]},"properties":{"year":1960,"period":"1960","kind":"FHA"}},{"type":"Feature","geometry":{"type":"Point","coordinates":[-75.22096,39.927812]},"properties":{"year":1960,"period":"1960","kind":"VA"}},{"type":"Feature","geometry":{"type":"Point","coordinates":[-75.17696,39.997732]},"properties":{"year":1960,"period":"1960","kind":"VA"}},{"type":"Feature","geometry":{"type":"Point","coordinates":[-75.145718,40.042666]},"properties":{"year":1960,"period":"1960","kind":"FHA"}},{"type":"Feature","geometry":{"type":"Point","coordinates":[-75.033761,40.064358]},"properties":{"year":1960,"period":"1960","kind":"FHA"}},{"type":"Feature","geometry":{"type":"Point","coordinates":[-75.178624,39.910358]},"properties":{"year":1960,"period":"1960","kind":"FHA"}},{"type":"Feature","geometry":{"type":"Point","coordinates":[-75.178191,39.91233]},"properties":{"year":1960,"period":"1960","kind":"VA"}},{"type":"Feature","geometry":{"type":"Point","coordinates":[-75.232844,39.935115]},"properties":{"year":1960,"period":"1960","kind":"FHA"}},{"type":"Feature","geometry":{"type":"Point","coordinates":[-75.232484,39.942707]},"properties":{"year":1960,"period":"1960","kind":"FHA"}},{"type":"Feature","geometry":{"type":"Point","coordinates":[-75.128806,39.996725]},"properties":{"year":1960,"period":"1960","kind":"FHA"}},{"type":"Feature","geometry":{"type":"Point","coordinates":[-75.178483,40.044332]},"properties":{"year":1960,"period":"1960","kind":"FHA"}},{"type":"Feature","geometry":{"type":"Point","coordinates":[-75.14804,40.015268]},"properties":{"year":1960,"period":"1960","kind":"FHA"}},{"type":"Feature","geometry":{"type":"Point","coordinates":[-75.244091,39.959519]},"properties":{"year":1960,"period":"1960","kind":"VA"}},{"type":"Feature","geometry":{"type":"Point","coordinates":[-75.226575,39.980473]},"properties":{"year":1960,"period":"1960","kind":"VA"}},{"type":"Feature","geometry":{"type":"Point","coordinates":[-75.185786,39.996712]},"properties":{"year":1960,"period":"1960","kind":"VA"}},{"type":"Feature","geometry":{"type":"Point","coordinates":[-75.183474,39.987001]},"properties":{"year":1960,"period":"1960","kind":"VA"}},{"type":"Feature","geometry":{"type":"Point","coordinates":[-75.140467,39.989627]},"properties":{"year":1960,"period":"1960","kind":"VA"}},{"type":"Feature","geometry":{"type":"Point","coordinates":[-75.187459,40.046649]},"properties":{"year":1960,"period":"1960","kind":"FHA"}},{"type":"Feature","geometry":{"type":"Point","coordinates":[-75.14382,39.98953]},"properties":{"year":1960,"period":"1960","kind":"VA"}},{"type":"Feature","geometry":{"type":"Point","coordinates":[-75.033594,40.063805]},"properties":{"year":1960,"period":"1960","kind":"FHA"}},{"type":"Feature","geometry":{"type":"Point","coordinates":[-75.03362,40.063998]},"properties":{"year":1960,"period":"1960","kind":"FHA"}},{"type":"Feature","geometry":{"type":"Point","coordinates":[-75.148395,40.048893]},"properties":{"year":1960,"period":"1960","kind":"FHA"}},{"type":"Feature","geometry":{"type":"Point","coordinates":[-75.07221,40.040921]},"properties":{"year":1960,"period":"1960","kind":"FHA"}},{"type":"Feature","geometry":{"type":"Point","coordinates":[-75.053189,40.048144]},"properties":{"year":1960,"period":"1960","kind":"FHA"}},{"type":"Feature","geometry":{"type":"Point","coordinates":[-75.141897,40.040635]},"properties":{"year":1960,"period":"1960","kind":"FHA"}},{"type":"Feature","geometry":{"type":"Point","coordinates":[-75.166378,40.028979]},"properties":{"year":1960,"period":"1960","kind":"FHA"}},{"type":"Feature","geometry":{"type":"Point","coordinates":[-75.152898,40.059905]},"properties":{"year":1960,"period":"1960","kind":"FHA"}},{"type":"Feature","geometry":{"type":"Point","coordinates":[-75.214847,39.939618]},"properties":{"year":1960,"period":"1960","kind":"VA"}},{"type":"Feature","geometry":{"type":"Point","coordinates":[-75.153934,39.995292]},"properties":{"year":1960,"period":"1960","kind":"VA"}},{"type":"Feature","geometry":{"type":"Point","coordinates":[-75.228825,39.949418]},"properties":{"year":1960,"period":"1960","kind":"FHA"}},{"type":"Feature","geometry":{"type":"Point","coordinates":[-75.232714,39.949255]},"properties":{"year":1960,"period":"1960","kind":"VA"}},{"type":"Feature","geometry":{"type":"Point","coordinates":[-75.223832,39.935912]},"properties":{"year":1960,"period":"1960","kind":"VA"}},{"type":"Feature","geometry":{"type":"Point","coordinates":[-75.028264,40.066359]},"properties":{"year":1960,"period":"1960","kind":"FHA"}},{"type":"Feature","geometry":{"type":"Point","coordinates":[-74.986375,40.07022]},"properties":{"year":1960,"period":"1960","kind":"FHA"}},{"type":"Feature","geometry":{"type":"Point","coordinates":[-75.053539,40.028864]},"properties":{"year":1960,"period":"1960","kind":"FHA"}},{"type":"Feature","geometry":{"type":"Point","coordinates":[-74.985996,40.070283]},"properties":{"year":1960,"period":"1960","kind":"FHA"}},{"type":"Feature","geometry":{"type":"Point","coordinates":[-74.986587,40.070486]},"properties":{"year":1960,"period":"1960","kind":"FHA"}},{"type":"Feature","geometry":{"type":"Point","coordinates":[-74.986497,40.070356]},"properties":{"year":1960,"period":"1960","kind":"FHA"}},{"type":"Feature","geometry":{"type":"Point","coordinates":[-74.98653,40.070399]},"properties":{"year":1960,"period":"1960","kind":"FHA"}},{"type":"Feature","geometry":{"type":"Point","coordinates":[-74.98711,40.070607]},"properties":{"year":1960,"period":"1960","kind":"FHA"}},{"type":"Feature","geometry":{"type":"Point","coordinates":[-74.988005,40.06791]},"properties":{"year":1960,"period":"1960","kind":"FHA"}},{"type":"Feature","geometry":{"type":"Point","coordinates":[-74.986264,40.070097]},"properties":{"year":1960,"period":"1960","kind":"FHA"}},{"type":"Feature","geometry":{"type":"Point","coordinates":[-74.986314,40.070151]},"properties":{"year":1960,"period":"1960","kind":"FHA"}},{"type":"Feature","geometry":{"type":"Point","coordinates":[-74.978563,40.095664]},"properties":{"year":1960,"period":"1960","kind":"FHA"}},{"type":"Feature","geometry":{"type":"Point","coordinates":[-75.031259,40.107744]},"properties":{"year":1960,"period":"1960","kind":"FHA"}},{"type":"Feature","geometry":{"type":"Point","coordinates":[-75.007533,40.051424]},"properties":{"year":1960,"period":"1960","kind":"FHA"}},{"type":"Feature","geometry":{"type":"Point","coordinates":[-74.986627,40.070597]},"properties":{"year":1960,"period":"1960","kind":"FHA"}},{"type":"Feature","geometry":{"type":"Point","coordinates":[-74.968128,40.081063]},"properties":{"year":1960,"period":"1960","kind":"FHA"}},{"type":"Feature","geometry":{"type":"Point","coordinates":[-75.159023,40.055022]},"properties":{"year":1960,"period":"1960","kind":"VA"}},{"type":"Feature","geometry":{"type":"Point","coordinates":[-75.235901,39.95023]},"properties":{"year":1960,"period":"1960","kind":"FHA"}},{"type":"Feature","geometry":{"type":"Point","coordinates":[-75.103964,40.006726]},"properties":{"year":1960,"period":"1960","kind":"VA"}},{"type":"Feature","geometry":{"type":"Point","coordinates":[-75.033106,40.034517]},"properties":{"year":1960,"period":"1960","kind":"FHA"}},{"type":"Feature","geometry":{"type":"Point","coordinates":[-75.1462,40.024888]},"properties":{"year":1960,"period":"1960","kind":"FHA"}},{"type":"Feature","geometry":{"type":"Point","coordinates":[-75.160605,40.044251]},"properties":{"year":1960,"period":"1960","kind":"FHA"}},{"type":"Feature","geometry":{"type":"Point","coordinates":[-75.231778,40.065493]},"properties":{"year":1960,"period":"1960","kind":"FHA"}},{"type":"Feature","geometry":{"type":"Point","coordinates":[-75.196209,40.05393]},"properties":{"year":1960,"period":"1960","kind":"FHA"}},{"type":"Feature","geometry":{"type":"Point","coordinates":[-75.196792,40.013449]},"properties":{"year":1960,"period":"1960","kind":"FHA"}},{"type":"Feature","geometry":{"type":"Point","coordinates":[-75.17909,40.051991]},"properties":{"year":1960,"period":"1960","kind":"FHA"}},{"type":"Feature","geometry":{"type":"Point","coordinates":[-75.173537,40.042423]},"properties":{"year":1960,"period":"1960","kind":"FHA"}},{"type":"Feature","geometry":{"type":"Point","coordinates":[-75.236708,39.978859]},"properties":{"year":1960,"period":"1960","kind":"FHA"}},{"type":"Feature","geometry":{"type":"Point","coordinates":[-75.245781,39.951833]},"properties":{"year":1960,"period":"1960","kind":"VA"}},{"type":"Feature","geometry":{"type":"Point","coordinates":[-75.226839,39.957688]},"properties":{"year":1960,"period":"1960","kind":"FHA"}},{"type":"Feature","geometry":{"type":"Point","coordinates":[-75.240729,39.92386]},"properties":{"year":1960,"period":"1960","kind":"VA"}},{"type":"Feature","geometry":{"type":"Point","coordinates":[-75.24268,39.958225]},"properties":{"year":1960,"period":"1960","kind":"VA"}},{"type":"Feature","geometry":{"type":"Point","coordinates":[-75.139665,39.970673]},"properties":{"year":1960,"period":"1960","kind":"FHA"}},{"type":"Feature","geometry":{"type":"Point","coordinates":[-75.048389,40.019771]},"properties":{"year":1960,"period":"1960","kind":"FHA"}},{"type":"Feature","geometry":{"type":"Point","coordinates":[-74.986423,40.070274]},"properties":{"year":1960,"period":"1960","kind":"FHA"}},{"type":"Feature","geometry":{"type":"Point","coordinates":[-75.0745,40.022637]},"properties":{"year":1960,"period":"1960","kind":"FHA"}},{"type":"Feature","geometry":{"type":"Point","coordinates":[-75.169834,39.994954]},"properties":{"year":1960,"period":"1960","kind":"FHA"}},{"type":"Feature","geometry":{"type":"Point","coordinates":[-75.235544,39.984859]},"properties":{"year":1960,"period":"1960","kind":"FHA"}},{"type":"Feature","geometry":{"type":"Point","coordinates":[-75.1009,40.044348]},"properties":{"year":1960,"period":"1960","kind":"FHA"}},{"type":"Feature","geometry":{"type":"Point","coordinates":[-74.981688,40.090527]},"properties":{"year":1960,"period":"1960","kind":"FHA"}},{"type":"Feature","geometry":{"type":"Point","coordinates":[-74.981131,40.090803]},"properties":{"year":1960,"period":"1960","kind":"FHA"}},{"type":"Feature","geometry":{"type":"Point","coordinates":[-75.15745,39.917942]},"properties":{"year":1960,"period":"1960","kind":"FHA"}},{"type":"Feature","geometry":{"type":"Point","coordinates":[-75.154296,40.041261]},"properties":{"year":1960,"period":"1960","kind":"VA"}},{"type":"Feature","geometry":{"type":"Point","coordinates":[-75.086369,40.00872]},"properties":{"year":1960,"period":"1960","kind":"FHA"}},{"type":"Feature","geometry":{"type":"Point","coordinates":[-75.246526,39.95113]},"properties":{"year":1960,"period":"1960","kind":"FHA"}},{"type":"Feature","geometry":{"type":"Point","coordinates":[-75.232735,39.977896]},"properties":{"year":1960,"period":"1960","kind":"VA"}},{"type":"Feature","geometry":{"type":"Point","coordinates":[-75.21313,39.954845]},"properties":{"year":1960,"period":"1960","kind":"VA"}},{"type":"Feature","geometry":{"type":"Point","coordinates":[-75.244142,39.951629]},"properties":{"year":1960,"period":"1960","kind":"VA"}},{"type":"Feature","geometry":{"type":"Point","coordinates":[-75.031632,40.067171]},"properties":{"year":1960,"period":"1960","kind":"FHA"}},{"type":"Feature","geometry":{"type":"Point","coordinates":[-75.177611,39.94496]},"properties":{"year":1960,"period":"1960","kind":"VA"}},{"type":"Feature","geometry":{"type":"Point","coordinates":[-75.235805,39.952967]},"properties":{"year":1960,"period":"1960","kind":"FHA"}},{"type":"Feature","geometry":{"type":"Point","coordinates":[-75.181602,39.980994]},"properties":{"year":1960,"period":"1960","kind":"VA"}},{"type":"Feature","geometry":{"type":"Point","coordinates":[-75.07649,40.082563]},"properties":{"year":1960,"period":"1960","kind":"FHA"}},{"type":"Feature","geometry":{"type":"Point","coordinates":[-75.184016,39.978791]},"properties":{"year":1960,"period":"1960","kind":"VA"}},{"type":"Feature","geometry":{"type":"Point","coordinates":[-75.139006,40.044893]},"properties":{"year":1960,"period":"1960","kind":"FHA"}},{"type":"Feature","geometry":{"type":"Point","coordinates":[-75.1473,40.043879]},"properties":{"year":1960,"period":"1960","kind":"FHA"}},{"type":"Feature","geometry":{"type":"Point","coordinates":[-75.131744,40.023124]},"properties":{"year":1960,"period":"1960","kind":"FHA"}},{"type":"Feature","geometry":{"type":"Point","coordinates":[-75.086441,40.068184]},"properties":{"year":1960,"period":"1960","kind":"FHA"}},{"type":"Feature","geometry":{"type":"Point","coordinates":[-75.155216,40.050294]},"properties":{"year":1960,"period":"1960","kind":"FHA"}},{"type":"Feature","geometry":{"type":"Point","coordinates":[-75.148344,40.048204]},"properties":{"year":1960,"period":"1960","kind":"FHA"}},{"type":"Feature","geometry":{"type":"Point","coordinates":[-75.153687,39.99526]},"properties":{"year":1960,"period":"1960","kind":"VA"}},{"type":"Feature","geometry":{"type":"Point","coordinates":[-75.23474,39.944491]},"properties":{"year":1960,"period":"1960","kind":"FHA"}},{"type":"Feature","geometry":{"type":"Point","coordinates":[-75.237869,39.955382]},"properties":{"year":1960,"period":"1960","kind":"VA"}},{"type":"Feature","geometry":{"type":"Point","coordinates":[-75.245167,39.949097]},"properties":{"year":1960,"period":"1960","kind":"FHA"}},{"type":"Feature","geometry":{"type":"Point","coordinates":[-75.246232,39.95157]},"properties":{"year":1960,"period":"1960","kind":"FHA"}},{"type":"Feature","geometry":{"type":"Point","coordinates":[-75.247923,39.950991]},"properties":{"year":1960,"period":"1960","kind":"FHA"}},{"type":"Feature","geometry":{"type":"Point","coordinates":[-75.242673,39.956227]},"properties":{"year":1960,"period":"1960","kind":"VA"}},{"type":"Feature","geometry":{"type":"Point","coordinates":[-75.152531,39.995006]},"properties":{"year":1960,"period":"1960","kind":"FHA"}},{"type":"Feature","geometry":{"type":"Point","coordinates":[-75.03069,40.030596]},"properties":{"year":1960,"period":"1960","kind":"FHA"}},{"type":"Feature","geometry":{"type":"Point","coordinates":[-75.029421,40.107472]},"properties":{"year":1960,"period":"1960","kind":"FHA"}},{"type":"Feature","geometry":{"type":"Point","coordinates":[-75.069266,40.041153]},"properties":{"year":1960,"period":"1960","kind":"FHA"}},{"type":"Feature","geometry":{"type":"Point","coordinates":[-75.027599,40.032763]},"properties":{"year":1960,"period":"1960","kind":"FHA"}},{"type":"Feature","geometry":{"type":"Point","coordinates":[-75.064536,40.031413]},"properties":{"year":1960,"period":"1960","kind":"FHA"}},{"type":"Feature","geometry":{"type":"Point","coordinates":[-75.032134,40.067978]},"properties":{"year":1960,"period":"1960","kind":"FHA"}},{"type":"Feature","geometry":{"type":"Point","coordinates":[-75.179109,39.995776]},"properties":{"year":1960,"period":"1960","kind":"VA"}},{"type":"Feature","geometry":{"type":"Point","coordinates":[-75.189114,39.964172]},"properties":{"year":1960,"period":"1960","kind":"VA"}},{"type":"Feature","geometry":{"type":"Point","coordinates":[-75.229806,39.989317]},"properties":{"year":1960,"period":"1960","kind":"FHA"}},{"type":"Feature","geometry":{"type":"Point","coordinates":[-75.242376,39.912943]},"properties":{"year":1960,"period":"1960","kind":"FHA"}},{"type":"Feature","geometry":{"type":"Point","coordinates":[-75.142001,40.005682]},"properties":{"year":1960,"period":"1960","kind":"FHA"}},{"type":"Feature","geometry":{"type":"Point","coordinates":[-75.233809,39.917305]},"properties":{"year":1960,"period":"1960","kind":"FHA"}},{"type":"Feature","geometry":{"type":"Point","coordinates":[-75.231574,39.952627]},"properties":{"year":1960,"period":"1960","kind":"VA"}},{"type":"Feature","geometry":{"type":"Point","coordinates":[-75.070201,40.008788]},"properties":{"year":1960,"period":"1960","kind":"FHA"}},{"type":"Feature","geometry":{"type":"Point","coordinates":[-75.076477,40.021616]},"properties":{"year":1960,"period":"1960","kind":"VA"}},{"type":"Feature","geometry":{"type":"Point","coordinates":[-75.143622,39.988572]},"properties":{"year":1960,"period":"1960","kind":"VA"}},{"type":"Feature","geometry":{"type":"Point","coordinates":[-75.148236,40.047637]},"properties":{"year":1960,"period":"1960","kind":"FHA"}},{"type":"Feature","geometry":{"type":"Point","coordinates":[-75.171469,39.978843]},"properties":{"year":1960,"period":"1960","kind":"VA"}},{"type":"Feature","geometry":{"type":"Point","coordinates":[-75.148311,40.015629]},"properties":{"year":1960,"period":"1960","kind":"FHA"}},{"type":"Feature","geometry":{"type":"Point","coordinates":[-75.164314,40.004565]},"properties":{"year":1960,"period":"1960","kind":"VA"}},{"type":"Feature","geometry":{"type":"Point","coordinates":[-75.164433,40.035669]},"properties":{"year":1960,"period":"1960","kind":"FHA"}},{"type":"Feature","geometry":{"type":"Point","coordinates":[-75.083386,40.024926]},"properties":{"year":1960,"period":"1960","kind":"FHA"}},{"type":"Feature","geometry":{"type":"Point","coordinates":[-75.183951,40.044755]},"properties":{"year":1960,"period":"1960","kind":"FHA"}},{"type":"Feature","geometry":{"type":"Point","coordinates":[-75.08851,40.059273]},"properties":{"year":1960,"period":"1960","kind":"FHA"}},{"type":"Feature","geometry":{"type":"Point","coordinates":[-75.107191,39.996973]},"properties":{"year":1960,"period":"1960","kind":"FHA"}},{"type":"Feature","geometry":{"type":"Point","coordinates":[-75.231885,39.953361]},"properties":{"year":1960,"period":"1960","kind":"VA"}},{"type":"Feature","geometry":{"type":"Point","coordinates":[-75.031272,40.107807]},"properties":{"year":1960,"period":"1960","kind":"FHA"}},{"type":"Feature","geometry":{"type":"Point","coordinates":[-75.028636,40.10725]},"properties":{"year":1960,"period":"1960","kind":"FHA"}},{"type":"Feature","geometry":{"type":"Point","coordinates":[-75.149395,39.995266]},"properties":{"year":1960,"period":"1960","kind":"VA"}},{"type":"Feature","geometry":{"type":"Point","coordinates":[-75.066036,40.038064]},"properties":{"year":1960,"period":"1960","kind":"FHA"}},{"type":"Feature","geometry":{"type":"Point","coordinates":[-75.039935,40.106198]},"properties":{"year":1960,"period":"1960","kind":"FHA"}},{"type":"Feature","geometry":{"type":"Point","coordinates":[-75.041545,40.105299]},"properties":{"year":1960,"period":"1960","kind":"FHA"}},{"type":"Feature","geometry":{"type":"Point","coordinates":[-75.183251,39.994015]},"properties":{"year":1960,"period":"1960","kind":"VA"}},{"type":"Feature","geometry":{"type":"Point","coordinates":[-75.243534,39.943523]},"properties":{"year":1960,"period":"1960","kind":"VA"}},{"type":"Feature","geometry":{"type":"Point","coordinates":[-75.245707,39.957701]},"properties":{"year":1960,"period":"1960","kind":"VA"}},{"type":"Feature","geometry":{"type":"Point","coordinates":[-75.239369,39.946831]},"properties":{"year":1960,"period":"1960","kind":"FHA"}},{"type":"Feature","geometry":{"type":"Point","coordinates":[-75.155971,40.046485]},"properties":{"year":1960,"period":"1960","kind":"FHA"}},{"type":"Feature","geometry":{"type":"Point","coordinates":[-75.176599,40.044797]},"properties":{"year":1960,"period":"1960","kind":"VA"}},{"type":"Feature","geometry":{"type":"Point","coordinates":[-75.215967,39.939274]},"properties":{"year":1960,"period":"1960","kind":"FHA"}},{"type":"Feature","geometry":{"type":"Point","coordinates":[-75.183968,39.977578]},"properties":{"year":1960,"period":"1960","kind":"VA"}},{"type":"Feature","geometry":{"type":"Point","coordinates":[-75.197918,40.052883]},"properties":{"year":1960,"period":"1960","kind":"FHA"}},{"type":"Feature","geometry":{"type":"Point","coordinates":[-75.148825,39.967634]},"properties":{"year":1960,"period":"1960","kind":"FHA"}},{"type":"Feature","geometry":{"type":"Point","coordinates":[-75.117138,40.017078]},"properties":{"year":1960,"period":"1960","kind":"FHA"}},{"type":"Feature","geometry":{"type":"Point","coordinates":[-75.142966,39.991082]},"properties":{"year":1960,"period":"1960","kind":"VA"}},{"type":"Feature","geometry":{"type":"Point","coordinates":[-74.986458,40.070315]},"properties":{"year":1960,"period":"1960","kind":"FHA"}},{"type":"Feature","geometry":{"type":"Point","coordinates":[-75.165908,40.068354]},"properties":{"year":1960,"period":"1960","kind":"FHA"}},{"type":"Feature","geometry":{"type":"Point","coordinates":[-74.974485,40.076028]},"properties":{"year":1960,"period":"1960","kind":"VA"}},{"type":"Feature","geometry":{"type":"Point","coordinates":[-75.137349,40.00214]},"properties":{"year":1960,"period":"1960","kind":"VA"}},{"type":"Feature","geometry":{"type":"Point","coordinates":[-75.15017,40.04176]},"properties":{"year":1960,"period":"1960","kind":"FHA"}},{"type":"Feature","geometry":{"type":"Point","coordinates":[-75.059465,40.044365]},"properties":{"year":1960,"period":"1960","kind":"FHA"}},{"type":"Feature","geometry":{"type":"Point","coordinates":[-75.268161,39.976825]},"properties":{"year":1960,"period":"1960","kind":"FHA"}},{"type":"Feature","geometry":{"type":"Point","coordinates":[-75.147237,39.982171]},"properties":{"year":1960,"period":"1960","kind":"FHA"}},{"type":"Feature","geometry":{"type":"Point","coordinates":[-75.155186,40.049998]},"properties":{"year":1960,"period":"1960","kind":"FHA"}},{"type":"Feature","geometry":{"type":"Point","coordinates":[-75.228513,39.954481]},"properties":{"year":1960,"period":"1960","kind":"FHA"}},{"type":"Feature","geometry":{"type":"Point","coordinates":[-75.242456,39.960348]},"properties":{"year":1960,"period":"1960","kind":"VA"}},{"type":"Feature","geometry":{"type":"Point","coordinates":[-75.247144,39.958095]},"properties":{"year":1960,"period":"1960","kind":"FHA"}},{"type":"Feature","geometry":{"type":"Point","coordinates":[-75.234212,39.954521]},"properties":{"year":1960,"period":"1960","kind":"VA"}},{"type":"Feature","geometry":{"type":"Point","coordinates":[-75.166932,40.00729]},"properties":{"year":1960,"period":"1960","kind":"VA"}},{"type":"Feature","geometry":{"type":"Point","coordinates":[-75.163439,39.997145]},"properties":{"year":1960,"period":"1960","kind":"FHA"}},{"type":"Feature","geometry":{"type":"Point","coordinates":[-75.110725,39.987243]},"properties":{"year":1960,"period":"1960","kind":"FHA"}},{"type":"Feature","geometry":{"type":"Point","coordinates":[-75.183268,40.060455]},"properties":{"year":1960,"period":"1960","kind":"FHA"}},{"type":"Feature","geometry":{"type":"Point","coordinates":[-75.149003,40.043]},"properties":{"year":1960,"period":"1960","kind":"FHA"}},{"type":"Feature","geometry":{"type":"Point","coordinates":[-74.982384,40.100268]},"properties":{"year":1960,"period":"1960","kind":"FHA"}},{"type":"Feature","geometry":{"type":"Point","coordinates":[-75.173196,40.019531]},"properties":{"year":1960,"period":"1960","kind":"FHA"}},{"type":"Feature","geometry":{"type":"Point","coordinates":[-75.155006,40.044188]},"properties":{"year":1960,"period":"1960","kind":"FHA"}},{"type":"Feature","geometry":{"type":"Point","coordinates":[-75.113462,39.992194]},"properties":{"year":1960,"period":"1960","kind":"FHA"}},{"type":"Feature","geometry":{"type":"Point","coordinates":[-75.10725,39.99704]},"properties":{"year":1960,"period":"1960","kind":"FHA"}},{"type":"Feature","geometry":{"type":"Point","coordinates":[-75.149413,39.995185]},"properties":{"year":1960,"period":"1960","kind":"FHA"}},{"type":"Feature","geometry":{"type":"Point","coordinates":[-75.081494,40.030458]},"properties":{"year":1960,"period":"1960","kind":"FHA"}},{"type":"Feature","geometry":{"type":"Point","coordinates":[-75.010225,40.057496]},"properties":{"year":1960,"period":"1960","kind":"FHA"}},{"type":"Feature","geometry":{"type":"Point","coordinates":[-75.095667,40.044679]},"properties":{"year":1960,"period":"1960","kind":"FHA"}},{"type":"Feature","geometry":{"type":"Point","coordinates":[-75.06481,40.026058]},"properties":{"year":1960,"period":"1960","kind":"FHA"}},{"type":"Feature","geometry":{"type":"Point","coordinates":[-75.242875,39.950242]},"properties":{"year":1960,"period":"1960","kind":"FHA"}},{"type":"Feature","geometry":{"type":"Point","coordinates":[-75.243622,39.949853]},"properties":{"year":1960,"period":"1960","kind":"FHA"}},{"type":"Feature","geometry":{"type":"Point","coordinates":[-75.11277,40.046774]},"properties":{"year":1960,"period":"1960","kind":"FHA"}},{"type":"Feature","geometry":{"type":"Point","coordinates":[-75.148562,39.995639]},"properties":{"year":1960,"period":"1960","kind":"VA"}},{"type":"Feature","geometry":{"type":"Point","coordinates":[-75.184656,39.995021]},"properties":{"year":1960,"period":"1960","kind":"VA"}},{"type":"Feature","geometry":{"type":"Point","coordinates":[-75.209834,39.973504]},"properties":{"year":1960,"period":"1960","kind":"VA"}},{"type":"Feature","geometry":{"type":"Point","coordinates":[-75.204801,40.077272]},"properties":{"year":1960,"period":"1960","kind":"FHA"}},{"type":"Feature","geometry":{"type":"Point","coordinates":[-74.976402,40.075264]},"properties":{"year":1960,"period":"1960","kind":"VA"}},{"type":"Feature","geometry":{"type":"Point","coordinates":[-74.976041,40.07547]},"properties":{"year":1960,"period":"1960","kind":"VA"}},{"type":"Feature","geometry":{"type":"Point","coordinates":[-75.108963,40.018887]},"properties":{"year":1960,"period":"1960","kind":"FHA"}},{"type":"Feature","geometry":{"type":"Point","coordinates":[-75.028903,40.090063]},"properties":{"year":1960,"period":"1960","kind":"FHA"}},{"type":"Feature","geometry":{"type":"Point","coordinates":[-74.985684,40.067845]},"properties":{"year":1960,"period":"1960","kind":"FHA"}},{"type":"Feature","geometry":{"type":"Point","coordinates":[-74.979044,40.090359]},"properties":{"year":1960,"period":"1960","kind":"FHA"}},{"type":"Feature","geometry":{"type":"Point","coordinates":[-75.137023,40.037101]},"properties":{"year":1960,"period":"1960","kind":"FHA"}},{"type":"Feature","geometry":{"type":"Point","coordinates":[-75.145844,40.05388]},"properties":{"year":1960,"period":"1960","kind":"FHA"}},{"type":"Feature","geometry":{"type":"Point","coordinates":[-75.152814,40.052059]},"properties":{"year":1960,"period":"1960","kind":"FHA"}},{"type":"Feature","geometry":{"type":"Point","coordinates":[-75.135325,40.002493]},"properties":{"year":1960,"period":"1960","kind":"VA"}},{"type":"Feature","geometry":{"type":"Point","coordinates":[-75.146265,40.053335]},"properties":{"year":1960,"period":"1960","kind":"FHA"}},{"type":"Feature","geometry":{"type":"Point","coordinates":[-75.227501,39.970054]},"properties":{"year":1960,"period":"1960","kind":"VA"}},{"type":"Feature","geometry":{"type":"Point","coordinates":[-75.237317,39.978428]},"properties":{"year":1960,"period":"1960","kind":"FHA"}},{"type":"Feature","geometry":{"type":"Point","coordinates":[-75.234653,39.914543]},"properties":{"year":1960,"period":"1960","kind":"FHA"}},{"type":"Feature","geometry":{"type":"Point","coordinates":[-75.241345,39.979058]},"properties":{"year":1960,"period":"1960","kind":"FHA"}},{"type":"Feature","geometry":{"type":"Point","coordinates":[-75.233018,39.948758]},"properties":{"year":1960,"period":"1960","kind":"VA"}},{"type":"Feature","geometry":{"type":"Point","coordinates":[-75.227391,39.943179]},"properties":{"year":1960,"period":"1960","kind":"VA"}},{"type":"Feature","geometry":{"type":"Point","coordinates":[-75.155866,40.056956]},"properties":{"year":1960,"period":"1960","kind":"FHA"}},{"type":"Feature","geometry":{"type":"Point","coordinates":[-75.239304,39.978545]},"properties":{"year":1960,"period":"1960","kind":"FHA"}},{"type":"Feature","geometry":{"type":"Point","coordinates":[-75.170792,39.994199]},"properties":{"year":1960,"period":"1960","kind":"FHA"}},{"type":"Feature","geometry":{"type":"Point","coordinates":[-75.185066,39.978238]},"properties":{"year":1960,"period":"1960","kind":"VA"}},{"type":"Feature","geometry":{"type":"Point","coordinates":[-75.193589,40.056055]},"properties":{"year":1960,"period":"1960","kind":"FHA"}},{"type":"Feature","geometry":{"type":"Point","coordinates":[-74.986044,40.067732]},"properties":{"year":1960,"period":"1960","kind":"FHA"}},{"type":"Feature","geometry":{"type":"Point","coordinates":[-74.987511,40.070178]},"properties":{"year":1960,"period":"1960","kind":"FHA"}},{"type":"Feature","geometry":{"type":"Point","coordinates":[-74.987384,40.070091]},"properties":{"year":1960,"period":"1960","kind":"FHA"}},{"type":"Feature","geometry":{"type":"Point","coordinates":[-74.987348,40.07005]},"properties":{"year":1960,"period":"1960","kind":"FHA"}},{"type":"Feature","geometry":{"type":"Point","coordinates":[-74.986117,40.070419]},"properties":{"year":1960,"period":"1960","kind":"FHA"}},{"type":"Feature","geometry":{"type":"Point","coordinates":[-74.986156,40.069422]},"properties":{"year":1960,"period":"1960","kind":"FHA"}},{"type":"Feature","geometry":{"type":"Point","coordinates":[-74.987243,40.069929]},"properties":{"year":1960,"period":"1960","kind":"FHA"}},{"type":"Feature","geometry":{"type":"Point","coordinates":[-74.987106,40.069798]},"properties":{"year":1960,"period":"1960","kind":"FHA"}},{"type":"Feature","geometry":{"type":"Point","coordinates":[-74.98585,40.07012]},"properties":{"year":1960,"period":"1960","kind":"FHA"}},{"type":"Feature","geometry":{"type":"Point","coordinates":[-75.042236,40.023744]},"properties":{"year":1960,"period":"1960","kind":"FHA"}},{"type":"Feature","geometry":{"type":"Point","coordinates":[-75.119377,39.996513]},"properties":{"year":1960,"period":"1960","kind":"FHA"}},{"type":"Feature","geometry":{"type":"Point","coordinates":[-74.986227,40.070056]},"properties":{"year":1960,"period":"1960","kind":"FHA"}},{"type":"Feature","geometry":{"type":"Point","coordinates":[-74.986119,40.069936]},"properties":{"year":1960,"period":"1960","kind":"FHA"}},{"type":"Feature","geometry":{"type":"Point","coordinates":[-74.985993,40.069824]},"properties":{"year":1960,"period":"1960","kind":"FHA"}},{"type":"Feature","geometry":{"type":"Point","coordinates":[-75.056906,40.021857]},"properties":{"year":1960,"period":"1960","kind":"FHA"}},{"type":"Feature","geometry":{"type":"Point","coordinates":[-74.986036,40.06986]},"properties":{"year":1960,"period":"1960","kind":"FHA"}},{"type":"Feature","geometry":{"type":"Point","coordinates":[-75.210296,39.956357]},"properties":{"year":1960,"period":"1960","kind":"VA"}},{"type":"Feature","geometry":{"type":"Point","coordinates":[-75.163378,40.071919]},"properties":{"year":1960,"period":"1960","kind":"FHA"}},{"type":"Feature","geometry":{"type":"Point","coordinates":[-75.14834,40.049268]},"properties":{"year":1960,"period":"1960","kind":"FHA"}},{"type":"Feature","geometry":{"type":"Point","coordinates":[-75.14805,40.048729]},"properties":{"year":1960,"period":"1960","kind":"FHA"}},{"type":"Feature","geometry":{"type":"Point","coordinates":[-75.178879,40.080301]},"properties":{"year":1960,"period":"1960","kind":"FHA"}},{"type":"Feature","geometry":{"type":"Point","coordinates":[-75.129169,39.992757]},"properties":{"year":1960,"period":"1960","kind":"FHA"}},{"type":"Feature","geometry":{"type":"Point","coordinates":[-75.23798,39.946331]},"properties":{"year":1960,"period":"1960","kind":"FHA"}},{"type":"Feature","geometry":{"type":"Point","coordinates":[-75.238346,39.950024]},"properties":{"year":1960,"period":"1960","kind":"VA"}},{"type":"Feature","geometry":{"type":"Point","coordinates":[-75.236497,39.978882]},"properties":{"year":1960,"period":"1960","kind":"FHA"}},{"type":"Feature","geometry":{"type":"Point","coordinates":[-75.249726,39.980031]},"properties":{"year":1960,"period":"1960","kind":"FHA"}},{"type":"Feature","geometry":{"type":"Point","coordinates":[-75.228596,39.953396]},"properties":{"year":1960,"period":"1960","kind":"VA"}},{"type":"Feature","geometry":{"type":"Point","coordinates":[-75.247004,39.955234]},"properties":{"year":1960,"period":"1960","kind":"VA"}},{"type":"Feature","geometry":{"type":"Point","coordinates":[-75.232703,39.944992]},"properties":{"year":1960,"period":"1960","kind":"VA"}},{"type":"Feature","geometry":{"type":"Point","coordinates":[-75.186897,39.985717]},"properties":{"year":1960,"period":"1960","kind":"VA"}},{"type":"Feature","geometry":{"type":"Point","coordinates":[-75.159687,39.98373]},"properties":{"year":1960,"period":"1960","kind":"VA"}},{"type":"Feature","geometry":{"type":"Point","coordinates":[-75.182282,39.997179]},"properties":{"year":1960,"period":"1960","kind":"VA"}},{"type":"Feature","geometry":{"type":"Point","coordinates":[-75.196608,40.051084]},"properties":{"year":1960,"period":"1960","kind":"FHA"}},{"type":"Feature","geometry":{"type":"Point","coordinates":[-75.176605,39.930285]},"properties":{"year":1960,"period":"1960","kind":"FHA"}},{"type":"Feature","geometry":{"type":"Point","coordinates":[-75.148656,40.049609]},"properties":{"year":1960,"period":"1960","kind":"FHA"}},{"type":"Feature","geometry":{"type":"Point","coordinates":[-75.153245,40.047472]},"properties":{"year":1960,"period":"1960","kind":"FHA"}},{"type":"Feature","geometry":{"type":"Point","coordinates":[-75.014193,40.059707]},"properties":{"year":1960,"period":"1960","kind":"FHA"}},{"type":"Feature","geometry":{"type":"Point","coordinates":[-75.143304,40.007676]},"properties":{"year":1960,"period":"1960","kind":"FHA"}},{"type":"Feature","geometry":{"type":"Point","coordinates":[-75.205991,40.017621]},"properties":{"year":1960,"period":"1960","kind":"FHA"}},{"type":"Feature","geometry":{"type":"Point","coordinates":[-75.240168,39.977028]},"properties":{"year":1960,"period":"1960","kind":"FHA"}},{"type":"Feature","geometry":{"type":"Point","coordinates":[-75.227117,39.957757]},"properties":{"year":1960,"period":"1960","kind":"FHA"}},{"type":"Feature","geometry":{"type":"Point","coordinates":[-75.225251,39.942585]},"properties":{"year":1960,"period":"1960","kind":"VA"}},{"type":"Feature","geometry":{"type":"Point","coordinates":[-75.224113,39.939542]},"properties":{"year":1960,"period":"1960","kind":"FHA"}},{"type":"Feature","geometry":{"type":"Point","coordinates":[-75.232816,39.953186]},"properties":{"year":1960,"period":"1960","kind":"VA"}},{"type":"Feature","geometry":{"type":"Point","coordinates":[-75.181081,40.054351]},"properties":{"year":1960,"period":"1960","kind":"VA"}},{"type":"Feature","geometry":{"type":"Point","coordinates":[-75.023471,40.110602]},"properties":{"year":1960,"period":"1960","kind":"FHA"}},{"type":"Feature","geometry":{"type":"Point","coordinates":[-75.023244,40.110516]},"properties":{"year":1960,"period":"1960","kind":"FHA"}},{"type":"Feature","geometry":{"type":"Point","coordinates":[-75.021567,40.110397]},"properties":{"year":1960,"period":"1960","kind":"FHA"}},{"type":"Feature","geometry":{"type":"Point","coordinates":[-75.022919,40.110393]},"properties":{"year":1960,"period":"1960","kind":"FHA"}},{"type":"Feature","geometry":{"type":"Point","coordinates":[-75.022677,40.110318]},"properties":{"year":1960,"period":"1960","kind":"FHA"}},{"type":"Feature","geometry":{"type":"Point","coordinates":[-75.184675,39.986191]},"properties":{"year":1960,"period":"1960","kind":"VA"}},{"type":"Feature","geometry":{"type":"Point","coordinates":[-75.170577,40.028615]},"properties":{"year":1960,"period":"1960","kind":"FHA"}},{"type":"Feature","geometry":{"type":"Point","coordinates":[-75.067471,40.070362]},"properties":{"year":1960,"period":"1960","kind":"FHA"}},{"type":"Feature","geometry":{"type":"Point","coordinates":[-75.028435,40.089921]},"properties":{"year":1960,"period":"1960","kind":"FHA"}},{"type":"Feature","geometry":{"type":"Point","coordinates":[-75.141473,39.99987]},"properties":{"year":1960,"period":"1960","kind":"VA"}},{"type":"Feature","geometry":{"type":"Point","coordinates":[-75.000415,40.064061]},"properties":{"year":1960,"period":"1960","kind":"FHA"}},{"type":"Feature","geometry":{"type":"Point","coordinates":[-75.000194,40.063934]},"properties":{"year":1960,"period":"1960","kind":"FHA"}},{"type":"Feature","geometry":{"type":"Point","coordinates":[-75.159197,40.070207]},"properties":{"year":1960,"period":"1960","kind":"FHA"}},{"type":"Feature","geometry":{"type":"Point","coordinates":[-75.074365,40.027138]},"properties":{"year":1960,"period":"1960","kind":"FHA"}},{"type":"Feature","geometry":{"type":"Point","coordinates":[-75.108993,40.018753]},"properties":{"year":1960,"period":"1960","kind":"FHA"}},{"type":"Feature","geometry":{"type":"Point","coordinates":[-75.03647,40.03752]},"properties":{"year":1960,"period":"1960","kind":"FHA"}},{"type":"Feature","geometry":{"type":"Point","coordinates":[-75.083862,40.026059]},"properties":{"year":1960,"period":"1960","kind":"FHA"}},{"type":"Feature","geometry":{"type":"Point","coordinates":[-75.152334,39.917507]},"properties":{"year":1960,"period":"1960","kind":"FHA"}},{"type":"Feature","geometry":{"type":"Point","coordinates":[-75.01275,40.063213]},"properties":{"year":1960,"period":"1960","kind":"FHA"}},{"type":"Feature","geometry":{"type":"Point","coordinates":[-75.23208,39.944119]},"properties":{"year":1960,"period":"1960","kind":"FHA"}},{"type":"Feature","geometry":{"type":"Point","coordinates":[-75.148436,40.043709]},"properties":{"year":1960,"period":"1960","kind":"FHA"}},{"type":"Feature","geometry":{"type":"Point","coordinates":[-75.092225,40.030915]},"properties":{"year":1960,"period":"1960","kind":"FHA"}},{"type":"Feature","geometry":{"type":"Point","coordinates":[-75.154476,39.918927]},"properties":{"year":1960,"period":"1960","kind":"FHA"}},{"type":"Feature","geometry":{"type":"Point","coordinates":[-75.181819,39.976496]},"properties":{"year":1960,"period":"1960","kind":"FHA"}},{"type":"Feature","geometry":{"type":"Point","coordinates":[-75.033733,40.064277]},"properties":{"year":1960,"period":"1960","kind":"FHA"}},{"type":"Feature","geometry":{"type":"Point","coordinates":[-75.18208,39.985316]},"properties":{"year":1960,"period":"1960","kind":"VA"}},{"type":"Feature","geometry":{"type":"Point","coordinates":[-74.981346,40.098873]},"properties":{"year":1960,"period":"1960","kind":"VA"}},{"type":"Feature","geometry":{"type":"Point","coordinates":[-75.217771,39.940679]},"properties":{"year":1960,"period":"1960","kind":"FHA"}},{"type":"Feature","geometry":{"type":"Point","coordinates":[-75.068435,40.069933]},"properties":{"year":1960,"period":"1960","kind":"FHA"}},{"type":"Feature","geometry":{"type":"Point","coordinates":[-75.183155,39.987253]},"properties":{"year":1960,"period":"1960","kind":"VA"}},{"type":"Feature","geometry":{"type":"Point","coordinates":[-75.069492,40.045269]},"properties":{"year":1960,"period":"1960","kind":"FHA"}},{"type":"Feature","geometry":{"type":"Point","coordinates":[-75.071463,40.033426]},"properties":{"year":1960,"period":"1960","kind":"FHA"}},{"type":"Feature","geometry":{"type":"Point","coordinates":[-75.126937,39.995372]},"properties":{"year":1960,"period":"1960","kind":"FHA"}},{"type":"Feature","geometry":{"type":"Point","coordinates":[-75.030252,40.068078]},"properties":{"year":1960,"period":"1960","kind":"FHA"}},{"type":"Feature","geometry":{"type":"Point","coordinates":[-75.148354,40.066269]},"properties":{"year":1960,"period":"1960","kind":"FHA"}},{"type":"Feature","geometry":{"type":"Point","coordinates":[-75.229575,39.98217]},"properties":{"year":1960,"period":"1960","kind":"FHA"}},{"type":"Feature","geometry":{"type":"Point","coordinates":[-75.228066,39.950049]},"properties":{"year":1960,"period":"1960","kind":"VA"}},{"type":"Feature","geometry":{"type":"Point","coordinates":[-75.173482,40.001087]},"properties":{"year":1960,"period":"1960","kind":"FHA"}},{"type":"Feature","geometry":{"type":"Point","coordinates":[-75.150198,40.065398]},"properties":{"year":1960,"period":"1960","kind":"FHA"}},{"type":"Feature","geometry":{"type":"Point","coordinates":[-75.085183,40.017545]},"properties":{"year":1960,"period":"1960","kind":"FHA"}},{"type":"Feature","geometry":{"type":"Point","coordinates":[-75.124108,39.994344]},"properties":{"year":1960,"period":"1960","kind":"VA"}},{"type":"Feature","geometry":{"type":"Point","coordinates":[-75.111024,39.985569]},"properties":{"year":1960,"period":"1960","kind":"FHA"}},{"type":"Feature","geometry":{"type":"Point","coordinates":[-75.142521,39.999565]},"properties":{"year":1960,"period":"1960","kind":"VA"}},{"type":"Feature","geometry":{"type":"Point","coordinates":[-75.115031,40.000912]},"properties":{"year":1960,"period":"1960","kind":"FHA"}},{"type":"Feature","geometry":{"type":"Point","coordinates":[-75.122114,40.019995]},"properties":{"year":1960,"period":"1960","kind":"FHA"}},{"type":"Feature","geometry":{"type":"Point","coordinates":[-75.158012,39.994173]},"properties":{"year":1960,"period":"1960","kind":"VA"}},{"type":"Feature","geometry":{"type":"Point","coordinates":[-75.239002,39.953362]},"properties":{"year":1960,"period":"1960","kind":"VA"}},{"type":"Feature","geometry":{"type":"Point","coordinates":[-75.153868,39.918345]},"properties":{"year":1960,"period":"1960","kind":"FHA"}},{"type":"Feature","geometry":{"type":"Point","coordinates":[-75.063344,40.028632]},"properties":{"year":1960,"period":"1960","kind":"FHA"}},{"type":"Feature","geometry":{"type":"Point","coordinates":[-75.079908,40.062036]},"properties":{"year":1960,"period":"1960","kind":"FHA"}},{"type":"Feature","geometry":{"type":"Point","coordinates":[-75.233385,39.952292]},"properties":{"year":1960,"period":"1960","kind":"VA"}},{"type":"Feature","geometry":{"type":"Point","coordinates":[-75.235772,39.958025]},"properties":{"year":1960,"period":"1960","kind":"VA"}},{"type":"Feature","geometry":{"type":"Point","coordinates":[-75.242708,39.946434]},"properties":{"year":1960,"period":"1960","kind":"FHA"}},{"type":"Feature","geometry":{"type":"Point","coordinates":[-75.244336,39.963092]},"properties":{"year":1960,"period":"1960","kind":"VA"}},{"type":"Feature","geometry":{"type":"Point","coordinates":[-75.246636,39.957765]},"properties":{"year":1960,"period":"1960","kind":"FHA"}},{"type":"Feature","geometry":{"type":"Point","coordinates":[-75.242674,39.965965]},"properties":{"year":1960,"period":"1960","kind":"VA"}},{"type":"Feature","geometry":{"type":"Point","coordinates":[-75.063518,40.097071]},"properties":{"year":1960,"period":"1960","kind":"FHA"}},{"type":"Feature","geometry":{"type":"Point","coordinates":[-75.062251,40.0983]},"properties":{"year":1960,"period":"1960","kind":"FHA"}},{"type":"Feature","geometry":{"type":"Point","coordinates":[-75.062477,40.098089]},"properties":{"year":1960,"period":"1960","kind":"FHA"}},{"type":"Feature","geometry":{"type":"Point","coordinates":[-75.062015,40.097827]},"properties":{"year":1960,"period":"1960","kind":"FHA"}},{"type":"Feature","geometry":{"type":"Point","coordinates":[-75.062213,40.097055]},"properties":{"year":1960,"period":"1960","kind":"FHA"}},{"type":"Feature","geometry":{"type":"Point","coordinates":[-75.062027,40.097306]},"properties":{"year":1960,"period":"1960","kind":"FHA"}},{"type":"Feature","geometry":{"type":"Point","coordinates":[-75.00146,40.064646]},"properties":{"year":1960,"period":"1960","kind":"FHA"}},{"type":"Feature","geometry":{"type":"Point","coordinates":[-75.081689,40.03653]},"properties":{"year":1960,"period":"1960","kind":"FHA"}},{"type":"Feature","geometry":{"type":"Point","coordinates":[-75.040804,40.031208]},"properties":{"year":1960,"period":"1960","kind":"FHA"}},{"type":"Feature","geometry":{"type":"Point","coordinates":[-74.986386,40.06772]},"properties":{"year":1960,"period":"1960","kind":"FHA"}},{"type":"Feature","geometry":{"type":"Point","coordinates":[-75.250904,39.980514]},"properties":{"year":1960,"period":"1960","kind":"FHA"}},{"type":"Feature","geometry":{"type":"Point","coordinates":[-75.234642,39.953722]},"properties":{"year":1960,"period":"1960","kind":"VA"}},{"type":"Feature","geometry":{"type":"Point","coordinates":[-75.174967,40.046205]},"properties":{"year":1960,"period":"1960","kind":"FHA"}},{"type":"Feature","geometry":{"type":"Point","coordinates":[-75.146475,40.013342]},"properties":{"year":1960,"period":"1960","kind":"FHA"}},{"type":"Feature","geometry":{"type":"Point","coordinates":[-75.146873,40.063506]},"properties":{"year":1960,"period":"1960","kind":"FHA"}},{"type":"Feature","geometry":{"type":"Point","coordinates":[-75.151905,40.057938]},"properties":{"year":1960,"period":"1960","kind":"FHA"}},{"type":"Feature","geometry":{"type":"Point","coordinates":[-75.152591,40.046201]},"properties":{"year":1960,"period":"1960","kind":"FHA"}},{"type":"Feature","geometry":{"type":"Point","coordinates":[-75.23201,39.957269]},"properties":{"year":1960,"period":"1960","kind":"FHA"}},{"type":"Feature","geometry":{"type":"Point","coordinates":[-75.184508,39.993201]},"properties":{"year":1960,"period":"1960","kind":"FHA"}},{"type":"Feature","geometry":{"type":"Point","coordinates":[-75.114366,40.000165]},"properties":{"year":1960,"period":"1960","kind":"FHA"}},{"type":"Feature","geometry":{"type":"Point","coordinates":[-75.184092,40.066526]},"properties":{"year":1960,"period":"1960","kind":"FHA"}},{"type":"Feature","geometry":{"type":"Point","coordinates":[-75.16048,40.031481]},"properties":{"year":1960,"period":"1960","kind":"FHA"}},{"type":"Feature","geometry":{"type":"Point","coordinates":[-75.241805,39.948675]},"properties":{"year":1960,"period":"1960","kind":"FHA"}},{"type":"Feature","geometry":{"type":"Point","coordinates":[-74.986411,40.067765]},"properties":{"year":1960,"period":"1960","kind":"FHA"}},{"type":"Feature","geometry":{"type":"Point","coordinates":[-75.123008,39.979293]},"properties":{"year":1960,"period":"1960","kind":"FHA"}},{"type":"Feature","geometry":{"type":"Point","coordinates":[-75.062517,40.032014]},"properties":{"year":1960,"period":"1960","kind":"FHA"}},{"type":"Feature","geometry":{"type":"Point","coordinates":[-75.093211,40.033142]},"properties":{"year":1960,"period":"1960","kind":"FHA"}},{"type":"Feature","geometry":{"type":"Point","coordinates":[-74.986284,40.067599]},"properties":{"year":1960,"period":"1960","kind":"FHA"}},{"type":"Feature","geometry":{"type":"Point","coordinates":[-75.114493,39.997243]},"properties":{"year":1960,"period":"1960","kind":"FHA"}},{"type":"Feature","geometry":{"type":"Point","coordinates":[-74.988555,40.068433]},"properties":{"year":1960,"period":"1960","kind":"FHA"}},{"type":"Feature","geometry":{"type":"Point","coordinates":[-75.148022,39.973839]},"properties":{"year":1960,"period":"1960","kind":"VA"}},{"type":"Feature","geometry":{"type":"Point","coordinates":[-75.033663,40.064132]},"properties":{"year":1960,"period":"1960","kind":"FHA"}},{"type":"Feature","geometry":{"type":"Point","coordinates":[-75.177161,40.076884]},"properties":{"year":1960,"period":"1960","kind":"FHA"}},{"type":"Feature","geometry":{"type":"Point","coordinates":[-75.173437,40.000613]},"properties":{"year":1960,"period":"1960","kind":"VA"}},{"type":"Feature","geometry":{"type":"Point","coordinates":[-75.199817,39.972495]},"properties":{"year":1960,"period":"1960","kind":"VA"}},{"type":"Feature","geometry":{"type":"Point","coordinates":[-75.233857,39.934959]},"properties":{"year":1960,"period":"1960","kind":"FHA"}},{"type":"Feature","geometry":{"type":"Point","coordinates":[-75.244241,39.911853]},"properties":{"year":1960,"period":"1960","kind":"FHA"}},{"type":"Feature","geometry":{"type":"Point","coordinates":[-75.227096,39.971852]},"properties":{"year":1960,"period":"1960","kind":"VA"}},{"type":"Feature","geometry":{"type":"Point","coordinates":[-75.242249,39.972083]},"properties":{"year":1960,"period":"1960","kind":"VA"}},{"type":"Feature","geometry":{"type":"Point","coordinates":[-75.241562,39.951323]},"properties":{"year":1960,"period":"1960","kind":"FHA"}},{"type":"Feature","geometry":{"type":"Point","coordinates":[-75.068922,40.015164]},"properties":{"year":1960,"period":"1960","kind":"FHA"}},{"type":"Feature","geometry":{"type":"Point","coordinates":[-75.151498,40.059418]},"properties":{"year":1960,"period":"1960","kind":"FHA"}},{"type":"Feature","geometry":{"type":"Point","coordinates":[-75.1782,40.080712]},"properties":{"year":1960,"period":"1960","kind":"FHA"}},{"type":"Feature","geometry":{"type":"Point","coordinates":[-75.148065,40.05676]},"properties":{"year":1960,"period":"1960","kind":"FHA"}},{"type":"Feature","geometry":{"type":"Point","coordinates":[-75.06655,40.013445]},"properties":{"year":1960,"period":"1960","kind":"FHA"}},{"type":"Feature","geometry":{"type":"Point","coordinates":[-75.149624,39.925509]},"properties":{"year":1960,"period":"1960","kind":"FHA"}},{"type":"Feature","geometry":{"type":"Point","coordinates":[-75.142928,40.043007]},"properties":{"year":1960,"period":"1960","kind":"FHA"}},{"type":"Feature","geometry":{"type":"Point","coordinates":[-75.129437,39.996805]},"properties":{"year":1960,"period":"1960","kind":"FHA"}},{"type":"Feature","geometry":{"type":"Point","coordinates":[-75.089263,39.988311]},"properties":{"year":1960,"period":"1960","kind":"FHA"}},{"type":"Feature","geometry":{"type":"Point","coordinates":[-75.126085,40.000168]},"properties":{"year":1960,"period":"1960","kind":"VA"}},{"type":"Feature","geometry":{"type":"Point","coordinates":[-75.082046,40.035573]},"properties":{"year":1960,"period":"1960","kind":"FHA"}},{"type":"Feature","geometry":{"type":"Point","coordinates":[-75.186948,40.051606]},"properties":{"year":1960,"period":"1960","kind":"FHA"}},{"type":"Feature","geometry":{"type":"Point","coordinates":[-75.082072,40.024261]},"properties":{"year":1960,"period":"1960","kind":"FHA"}},{"type":"Feature","geometry":{"type":"Point","coordinates":[-75.233197,39.961916]},"properties":{"year":1960,"period":"1960","kind":"VA"}},{"type":"Feature","geometry":{"type":"Point","coordinates":[-75.243149,39.943351]},"properties":{"year":1960,"period":"1960","kind":"VA"}},{"type":"Feature","geometry":{"type":"Point","coordinates":[-75.233107,39.924912]},"properties":{"year":1960,"period":"1960","kind":"FHA"}},{"type":"Feature","geometry":{"type":"Point","coordinates":[-75.067979,40.070613]},"properties":{"year":1960,"period":"1960","kind":"FHA"}},{"type":"Feature","geometry":{"type":"Point","coordinates":[-75.053245,40.021786]},"properties":{"year":1960,"period":"1960","kind":"FHA"}},{"type":"Feature","geometry":{"type":"Point","coordinates":[-75.100571,40.000044]},"properties":{"year":1960,"period":"1960","kind":"FHA"}},{"type":"Feature","geometry":{"type":"Point","coordinates":[-75.233651,40.069678]},"properties":{"year":1960,"period":"1960","kind":"FHA"}},{"type":"Feature","geometry":{"type":"Point","coordinates":[-75.223629,39.935438]},"properties":{"year":1960,"period":"1960","kind":"FHA"}},{"type":"Feature","geometry":{"type":"Point","coordinates":[-75.239635,39.970876]},"properties":{"year":1960,"period":"1960","kind":"VA"}},{"type":"Feature","geometry":{"type":"Point","coordinates":[-75.176319,40.048287]},"properties":{"year":1960,"period":"1960","kind":"FHA"}},{"type":"Feature","geometry":{"type":"Point","coordinates":[-75.113402,39.992458]},"properties":{"year":1960,"period":"1960","kind":"FHA"}},{"type":"Feature","geometry":{"type":"Point","coordinates":[-75.075142,40.015525]},"properties":{"year":1960,"period":"1960","kind":"FHA"}},{"type":"Feature","geometry":{"type":"Point","coordinates":[-75.06744,40.017194]},"properties":{"year":1960,"period":"1960","kind":"FHA"}},{"type":"Feature","geometry":{"type":"Point","coordinates":[-75.23957,39.98594]},"properties":{"year":1960,"period":"1960","kind":"FHA"}},{"type":"Feature","geometry":{"type":"Point","coordinates":[-75.157524,39.941868]},"properties":{"year":1960,"period":"1960","kind":"VA"}},{"type":"Feature","geometry":{"type":"Point","coordinates":[-75.148104,40.014889]},"properties":{"year":1960,"period":"1960","kind":"FHA"}},{"type":"Feature","geometry":{"type":"Point","coordinates":[-75.154411,40.046914]},"properties":{"year":1960,"period":"1960","kind":"FHA"}},{"type":"Feature","geometry":{"type":"Point","coordinates":[-75.086381,40.035238]},"properties":{"year":1960,"period":"1960","kind":"FHA"}},{"type":"Feature","geometry":{"type":"Point","coordinates":[-75.163667,39.991657]},"properties":{"year":1960,"period":"1960","kind":"VA"}},{"type":"Feature","geometry":{"type":"Point","coordinates":[-75.231265,39.97561]},"properties":{"year":1960,"period":"1960","kind":"FHA"}},{"type":"Feature","geometry":{"type":"Point","coordinates":[-75.239808,39.948264]},"properties":{"year":1960,"period":"1960","kind":"FHA"}},{"type":"Feature","geometry":{"type":"Point","coordinates":[-75.242136,39.967441]},"properties":{"year":1960,"period":"1960","kind":"FHA"}},{"type":"Feature","geometry":{"type":"Point","coordinates":[-75.231544,39.971016]},"properties":{"year":1960,"period":"1960","kind":"FHA"}},{"type":"Feature","geometry":{"type":"Point","coordinates":[-75.067058,40.049342]},"properties":{"year":1960,"period":"1960","kind":"FHA"}},{"type":"Feature","geometry":{"type":"Point","coordinates":[-75.13079,40.031098]},"properties":{"year":1960,"period":"1960","kind":"FHA"}},{"type":"Feature","geometry":{"type":"Point","coordinates":[-75.027894,40.039331]},"properties":{"year":1960,"period":"1960","kind":"FHA"}},{"type":"Feature","geometry":{"type":"Point","coordinates":[-75.023981,40.05992]},"properties":{"year":1960,"period":"1960","kind":"FHA"}},{"type":"Feature","geometry":{"type":"Point","coordinates":[-75.168494,40.034718]},"properties":{"year":1960,"period":"1960","kind":"FHA"}},{"type":"Feature","geometry":{"type":"Point","coordinates":[-75.115463,40.017443]},"properties":{"year":1960,"period":"1960","kind":"FHA"}},{"type":"Feature","geometry":{"type":"Point","coordinates":[-75.063371,40.097668]},"properties":{"year":1960,"period":"1960","kind":"FHA"}},{"type":"Feature","geometry":{"type":"Point","coordinates":[-75.030392,40.068417]},"properties":{"year":1960,"period":"1960","kind":"FHA"}},{"type":"Feature","geometry":{"type":"Point","coordinates":[-75.180069,39.912508]},"properties":{"year":1960,"period":"1960","kind":"FHA"}},{"type":"Feature","geometry":{"type":"Point","coordinates":[-75.178552,39.912378]},"properties":{"year":1960,"period":"1960","kind":"VA"}},{"type":"Feature","geometry":{"type":"Point","coordinates":[-75.227835,39.952359]},"properties":{"year":1960,"period":"1960","kind":"VA"}},{"type":"Feature","geometry":{"type":"Point","coordinates":[-75.23895,39.91376]},"properties":{"year":1960,"period":"1960","kind":"FHA"}},{"type":"Feature","geometry":{"type":"Point","coordinates":[-75.232332,39.936029]},"properties":{"year":1960,"period":"1960","kind":"FHA"}},{"type":"Feature","geometry":{"type":"Point","coordinates":[-75.15368,40.01967]},"properties":{"year":1960,"period":"1960","kind":"FHA"}},{"type":"Feature","geometry":{"type":"Point","coordinates":[-75.221505,39.922765]},"properties":{"year":1960,"period":"1960","kind":"FHA"}},{"type":"Feature","geometry":{"type":"Point","coordinates":[-75.236523,39.952104]},"properties":{"year":1960,"period":"1960","kind":"VA"}},{"type":"Feature","geometry":{"type":"Point","coordinates":[-75.169885,39.99343]},"properties":{"year":1960,"period":"1960","kind":"VA"}},{"type":"Feature","geometry":{"type":"Point","coordinates":[-75.18296,39.995367]},"properties":{"year":1960,"period":"1960","kind":"VA"}},{"type":"Feature","geometry":{"type":"Point","coordinates":[-74.98178,40.098127]},"properties":{"year":1960,"period":"1960","kind":"FHA"}},{"type":"Feature","geometry":{"type":"Point","coordinates":[-75.16821,39.995481]},"properties":{"year":1960,"period":"1960","kind":"FHA"}},{"type":"Feature","geometry":{"type":"Point","coordinates":[-75.235684,39.98004]},"properties":{"year":1960,"period":"1960","kind":"FHA"}},{"type":"Feature","geometry":{"type":"Point","coordinates":[-75.144552,39.990212]},"properties":{"year":1960,"period":"1960","kind":"FHA"}},{"type":"Feature","geometry":{"type":"Point","coordinates":[-75.140353,40.007304]},"properties":{"year":1960,"period":"1960","kind":"FHA"}},{"type":"Feature","geometry":{"type":"Point","coordinates":[-75.23371,40.066683]},"properties":{"year":1960,"period":"1960","kind":"FHA"}},{"type":"Feature","geometry":{"type":"Point","coordinates":[-75.153986,40.052201]},"properties":{"year":1960,"period":"1960","kind":"FHA"}},{"type":"Feature","geometry":{"type":"Point","coordinates":[-74.986762,40.071665]},"properties":{"year":1960,"period":"1960","kind":"FHA"}},{"type":"Feature","geometry":{"type":"Point","coordinates":[-74.986702,40.071646]},"properties":{"year":1960,"period":"1960","kind":"FHA"}},{"type":"Feature","geometry":{"type":"Point","coordinates":[-74.986136,40.071225]},"properties":{"year":1960,"period":"1960","kind":"FHA"}},{"type":"Feature","geometry":{"type":"Point","coordinates":[-74.986635,40.07102]},"properties":{"year":1960,"period":"1960","kind":"FHA"}},{"type":"Feature","geometry":{"type":"Point","coordinates":[-74.986051,40.071129]},"properties":{"year":1960,"period":"1960","kind":"FHA"}},{"type":"Feature","geometry":{"type":"Point","coordinates":[-74.986285,40.071386]},"properties":{"year":1960,"period":"1960","kind":"FHA"}},{"type":"Feature","geometry":{"type":"Point","coordinates":[-75.005785,40.049741]},"properties":{"year":1960,"period":"1960","kind":"FHA"}},{"type":"Feature","geometry":{"type":"Point","coordinates":[-75.062247,40.035404]},"properties":{"year":1960,"period":"1960","kind":"FHA"}},{"type":"Feature","geometry":{"type":"Point","coordinates":[-75.184669,39.997384]},"properties":{"year":1960,"period":"1960","kind":"VA"}},{"type":"Feature","geometry":{"type":"Point","coordinates":[-75.157611,40.012691]},"properties":{"year":1960,"period":"1960","kind":"FHA"}},{"type":"Feature","geometry":{"type":"Point","coordinates":[-75.064925,40.016634]},"properties":{"year":1960,"period":"1960","kind":"FHA"}},{"type":"Feature","geometry":{"type":"Point","coordinates":[-75.03129,40.107873]},"properties":{"year":1960,"period":"1960","kind":"FHA"}},{"type":"Feature","geometry":{"type":"Point","coordinates":[-75.151787,39.921483]},"properties":{"year":1960,"period":"1960","kind":"VA"}},{"type":"Feature","geometry":{"type":"Point","coordinates":[-75.128717,40.029012]},"properties":{"year":1960,"period":"1960","kind":"FHA"}},{"type":"Feature","geometry":{"type":"Point","coordinates":[-75.086207,40.036733]},"properties":{"year":1960,"period":"1960","kind":"FHA"}},{"type":"Feature","geometry":{"type":"Point","coordinates":[-75.092256,40.032611]},"properties":{"year":1960,"period":"1960","kind":"FHA"}},{"type":"Feature","geometry":{"type":"Point","coordinates":[-75.223729,39.952676]},"properties":{"year":1960,"period":"1960","kind":"VA"}},{"type":"Feature","geometry":{"type":"Point","coordinates":[-75.236958,39.979799]},"properties":{"year":1960,"period":"1960","kind":"FHA"}},{"type":"Feature","geometry":{"type":"Point","coordinates":[-75.219977,39.931144]},"properties":{"year":1960,"period":"1960","kind":"FHA"}},{"type":"Feature","geometry":{"type":"Point","coordinates":[-75.230298,39.916704]},"properties":{"year":1960,"period":"1960","kind":"FHA"}},{"type":"Feature","geometry":{"type":"Point","coordinates":[-75.148695,40.039253]},"properties":{"year":1960,"period":"1960","kind":"FHA"}},{"type":"Feature","geometry":{"type":"Point","coordinates":[-75.196649,40.050359]},"properties":{"year":1960,"period":"1960","kind":"FHA"}},{"type":"Feature","geometry":{"type":"Point","coordinates":[-75.154137,40.052833]},"properties":{"year":1960,"period":"1960","kind":"FHA"}},{"type":"Feature","geometry":{"type":"Point","coordinates":[-75.148251,40.047933]},"properties":{"year":1960,"period":"1960","kind":"FHA"}},{"type":"Feature","geometry":{"type":"Point","coordinates":[-75.154193,39.933648]},"properties":{"year":1960,"period":"1960","kind":"VA"}},{"type":"Feature","geometry":{"type":"Point","coordinates":[-75.18291,40.04237]},"properties":{"year":1960,"period":"1960","kind":"FHA"}},{"type":"Feature","geometry":{"type":"Point","coordinates":[-75.163501,40.005556]},"properties":{"year":1960,"period":"1960","kind":"FHA"}},{"type":"Feature","geometry":{"type":"Point","coordinates":[-75.192615,40.03689]},"properties":{"year":1960,"period":"1960","kind":"FHA"}},{"type":"Feature","geometry":{"type":"Point","coordinates":[-75.233232,39.942181]},"properties":{"year":1960,"period":"1960","kind":"FHA"}},{"type":"Feature","geometry":{"type":"Point","coordinates":[-75.243182,39.9749]},"properties":{"year":1960,"period":"1960","kind":"VA"}},{"type":"Feature","geometry":{"type":"Point","coordinates":[-75.221839,39.95243]},"properties":{"year":1960,"period":"1960","kind":"FHA"}},{"type":"Feature","geometry":{"type":"Point","coordinates":[-75.243736,39.961695]},"properties":{"year":1960,"period":"1960","kind":"VA"}},{"type":"Feature","geometry":{"type":"Point","coordinates":[-75.228821,39.932045]},"properties":{"year":1960,"period":"1960","kind":"FHA"}},{"type":"Feature","geometry":{"type":"Point","coordinates":[-75.243243,39.96097]},"properties":{"year":1960,"period":"1960","kind":"VA"}},{"type":"Feature","geometry":{"type":"Point","coordinates":[-75.232179,39.936574]},"properties":{"year":1960,"period":"1960","kind":"VA"}},{"type":"Feature","geometry":{"type":"Point","coordinates":[-75.020462,40.094057]},"properties":{"year":1960,"period":"1960","kind":"FHA"}},{"type":"Feature","geometry":{"type":"Point","coordinates":[-75.033091,40.079055]},"properties":{"year":1960,"period":"1960","kind":"FHA"}},{"type":"Feature","geometry":{"type":"Point","coordinates":[-75.028251,40.066215]},"properties":{"year":1960,"period":"1960","kind":"FHA"}},{"type":"Feature","geometry":{"type":"Point","coordinates":[-75.22224,40.047244]},"properties":{"year":1960,"period":"1960","kind":"FHA"}},{"type":"Feature","geometry":{"type":"Point","coordinates":[-75.021517,40.093519]},"properties":{"year":1960,"period":"1960","kind":"FHA"}},{"type":"Feature","geometry":{"type":"Point","coordinates":[-75.020357,40.094121]},"properties":{"year":1960,"period":"1960","kind":"FHA"}},{"type":"Feature","geometry":{"type":"Point","coordinates":[-75.03108,40.034695]},"properties":{"year":1960,"period":"1960","kind":"FHA"}},{"type":"Feature","geometry":{"type":"Point","coordinates":[-75.131154,39.997983]},"properties":{"year":1960,"period":"1960","kind":"FHA"}},{"type":"Feature","geometry":{"type":"Point","coordinates":[-75.178905,39.993351]},"properties":{"year":1960,"period":"1960","kind":"VA"}},{"type":"Feature","geometry":{"type":"Point","coordinates":[-75.136956,40.044602]},"properties":{"year":1960,"period":"1960","kind":"FHA"}},{"type":"Feature","geometry":{"type":"Point","coordinates":[-75.23975,39.988513]},"properties":{"year":1960,"period":"1960","kind":"FHA"}},{"type":"Feature","geometry":{"type":"Point","coordinates":[-75.183423,39.989312]},"properties":{"year":1960,"period":"1960","kind":"VA"}},{"type":"Feature","geometry":{"type":"Point","coordinates":[-75.175528,39.997244]},"properties":{"year":1960,"period":"1960","kind":"VA"}},{"type":"Feature","geometry":{"type":"Point","coordinates":[-75.15926,40.064177]},"properties":{"year":1960,"period":"1960","kind":"FHA"}},{"type":"Feature","geometry":{"type":"Point","coordinates":[-75.152325,40.043955]},"properties":{"year":1960,"period":"1960","kind":"FHA"}},{"type":"Feature","geometry":{"type":"Point","coordinates":[-75.124271,39.993343]},"properties":{"year":1960,"period":"1960","kind":"VA"}},{"type":"Feature","geometry":{"type":"Point","coordinates":[-75.092987,40.004028]},"properties":{"year":1960,"period":"1960","kind":"FHA"}},{"type":"Feature","geometry":{"type":"Point","coordinates":[-75.199078,40.047406]},"properties":{"year":1960,"period":"1960","kind":"FHA"}},{"type":"Feature","geometry":{"type":"Point","coordinates":[-75.239262,39.976506]},"properties":{"year":1960,"period":"1960","kind":"VA"}},{"type":"Feature","geometry":{"type":"Point","coordinates":[-75.219446,39.939575]},"properties":{"year":1960,"period":"1960","kind":"VA"}},{"type":"Feature","geometry":{"type":"Point","coordinates":[-75.24168,39.978108]},"properties":{"year":1960,"period":"1960","kind":"FHA"}},{"type":"Feature","geometry":{"type":"Point","coordinates":[-75.239806,39.950909]},"properties":{"year":1960,"period":"1960","kind":"VA"}},{"type":"Feature","geometry":{"type":"Point","coordinates":[-75.235549,39.950376]},"properties":{"year":1960,"period":"1960","kind":"VA"}},{"type":"Feature","geometry":{"type":"Point","coordinates":[-75.163767,39.997732]},"properties":{"year":1960,"period":"1960","kind":"VA"}},{"type":"Feature","geometry":{"type":"Point","coordinates":[-75.115966,40.02005]},"properties":{"year":1960,"period":"1960","kind":"FHA"}},{"type":"Feature","geometry":{"type":"Point","coordinates":[-75.146297,40.042725]},"properties":{"year":1960,"period":"1960","kind":"FHA"}},{"type":"Feature","geometry":{"type":"Point","coordinates":[-75.149904,40.049559]},"properties":{"year":1960,"period":"1960","kind":"FHA"}},{"type":"Feature","geometry":{"type":"Point","coordinates":[-75.143296,40.023104]},"properties":{"year":1960,"period":"1960","kind":"FHA"}},{"type":"Feature","geometry":{"type":"Point","coordinates":[-75.211236,40.03227]},"properties":{"year":1960,"period":"1960","kind":"VA"}},{"type":"Feature","geometry":{"type":"Point","coordinates":[-75.245202,39.957452]},"properties":{"year":1960,"period":"1960","kind":"FHA"}},{"type":"Feature","geometry":{"type":"Point","coordinates":[-75.224892,39.950213]},"properties":{"year":1960,"period":"1960","kind":"FHA"}},{"type":"Feature","geometry":{"type":"Point","coordinates":[-75.225125,39.934413]},"properties":{"year":1960,"period":"1960","kind":"VA"}},{"type":"Feature","geometry":{"type":"Point","coordinates":[-75.231195,39.934558]},"properties":{"year":1960,"period":"1960","kind":"FHA"}},{"type":"Feature","geometry":{"type":"Point","coordinates":[-75.239965,39.94919]},"properties":{"year":1960,"period":"1960","kind":"FHA"}},{"type":"Feature","geometry":{"type":"Point","coordinates":[-75.235885,39.951361]},"properties":{"year":1960,"period":"1960","kind":"FHA"}},{"type":"Feature","geometry":{"type":"Point","coordinates":[-75.218785,39.937748]},"properties":{"year":1960,"period":"1960","kind":"FHA"}},{"type":"Feature","geometry":{"type":"Point","coordinates":[-75.246085,39.947949]},"properties":{"year":1960,"period":"1960","kind":"FHA"}},{"type":"Feature","geometry":{"type":"Point","coordinates":[-75.214613,39.942279]},"properties":{"year":1960,"period":"1960","kind":"FHA"}},{"type":"Feature","geometry":{"type":"Point","coordinates":[-75.228155,39.944421]},"properties":{"year":1960,"period":"1960","kind":"FHA"}},{"type":"Feature","geometry":{"type":"Point","coordinates":[-75.178556,40.051788]},"properties":{"year":1960,"period":"1960","kind":"FHA"}},{"type":"Feature","geometry":{"type":"Point","coordinates":[-75.162706,40.06046]},"properties":{"year":1960,"period":"1960","kind":"FHA"}},{"type":"Feature","geometry":{"type":"Point","coordinates":[-75.020803,40.112767]},"properties":{"year":1960,"period":"1960","kind":"FHA"}},{"type":"Feature","geometry":{"type":"Point","coordinates":[-75.036652,40.031438]},"properties":{"year":1960,"period":"1960","kind":"FHA"}},{"type":"Feature","geometry":{"type":"Point","coordinates":[-75.081763,40.042712]},"properties":{"year":1960,"period":"1960","kind":"FHA"}},{"type":"Feature","geometry":{"type":"Point","coordinates":[-75.224264,40.033967]},"properties":{"year":1960,"period":"1960","kind":"FHA"}},{"type":"Feature","geometry":{"type":"Point","coordinates":[-75.185912,39.990872]},"properties":{"year":1960,"period":"1960","kind":"FHA"}},{"type":"Feature","geometry":{"type":"Point","coordinates":[-75.161085,39.992082]},"properties":{"year":1960,"period":"1960","kind":"VA"}},{"type":"Feature","geometry":{"type":"Point","coordinates":[-75.148389,40.041107]},"properties":{"year":1960,"period":"1960","kind":"FHA"}},{"type":"Feature","geometry":{"type":"Point","coordinates":[-75.14795,40.045131]},"properties":{"year":1960,"period":"1960","kind":"FHA"}},{"type":"Feature","geometry":{"type":"Point","coordinates":[-75.231864,39.949761]},"properties":{"year":1960,"period":"1960","kind":"VA"}},{"type":"Feature","geometry":{"type":"Point","coordinates":[-75.22704,39.952947]},"properties":{"year":1960,"period":"1960","kind":"FHA"}},{"type":"Feature","geometry":{"type":"Point","coordinates":[-75.220684,39.954969]},"properties":{"year":1960,"period":"1960","kind":"FHA"}},{"type":"Feature","geometry":{"type":"Point","coordinates":[-75.082152,40.016565]},"properties":{"year":1960,"period":"1960","kind":"FHA"}},{"type":"Feature","geometry":{"type":"Point","coordinates":[-75.112782,40.018915]},"properties":{"year":1960,"period":"1960","kind":"FHA"}},{"type":"Feature","geometry":{"type":"Point","coordinates":[-75.030908,40.068442]},"properties":{"year":1960,"period":"1960","kind":"FHA"}},{"type":"Feature","geometry":{"type":"Point","coordinates":[-75.181775,39.930516]},"properties":{"year":1960,"period":"1960","kind":"FHA"}},{"type":"Feature","geometry":{"type":"Point","coordinates":[-75.225524,39.953824]},"properties":{"year":1960,"period":"1960","kind":"FHA"}},{"type":"Feature","geometry":{"type":"Point","coordinates":[-75.211618,39.94167]},"properties":{"year":1960,"period":"1960","kind":"VA"}},{"type":"Feature","geometry":{"type":"Point","coordinates":[-75.149028,39.950792]},"properties":{"year":1960,"period":"1960","kind":"VA"}},{"type":"Feature","geometry":{"type":"Point","coordinates":[-75.154508,40.067123]},"properties":{"year":1960,"period":"1960","kind":"FHA"}},{"type":"Feature","geometry":{"type":"Point","coordinates":[-75.160605,40.048354]},"properties":{"year":1960,"period":"1960","kind":"FHA"}},{"type":"Feature","geometry":{"type":"Point","coordinates":[-75.122926,39.977521]},"properties":{"year":1960,"period":"1960","kind":"FHA"}},{"type":"Feature","geometry":{"type":"Point","coordinates":[-74.985743,40.067827]},"properties":{"year":1960,"period":"1960","kind":"FHA"}},{"type":"Feature","geometry":{"type":"Point","coordinates":[-75.120338,40.027504]},"properties":{"year":1960,"period":"1960","kind":"FHA"}},{"type":"Feature","geometry":{"type":"Point","coordinates":[-75.09938,40.041285]},"properties":{"year":1960,"period":"1960","kind":"FHA"}},{"type":"Feature","geometry":{"type":"Point","coordinates":[-74.986522,40.067973]},"properties":{"year":1960,"period":"1960","kind":"FHA"}},{"type":"Feature","geometry":{"type":"Point","coordinates":[-75.131907,40.025458]},"properties":{"year":1960,"period":"1960","kind":"FHA"}},{"type":"Feature","geometry":{"type":"Point","coordinates":[-75.039243,40.105602]},"properties":{"year":1960,"period":"1960","kind":"FHA"}},{"type":"Feature","geometry":{"type":"Point","coordinates":[-75.232262,39.949402]},"properties":{"year":1960,"period":"1960","kind":"VA"}},{"type":"Feature","geometry":{"type":"Point","coordinates":[-75.127693,40.000895]},"properties":{"year":1960,"period":"1960","kind":"FHA"}},{"type":"Feature","geometry":{"type":"Point","coordinates":[-75.166392,40.06802]},"properties":{"year":1960,"period":"1960","kind":"FHA"}},{"type":"Feature","geometry":{"type":"Point","coordinates":[-75.163901,39.99058]},"properties":{"year":1960,"period":"1960","kind":"VA"}},{"type":"Feature","geometry":{"type":"Point","coordinates":[-75.078386,40.017767]},"properties":{"year":1960,"period":"1960","kind":"FHA"}},{"type":"Feature","geometry":{"type":"Point","coordinates":[-75.111206,39.998694]},"properties":{"year":1960,"period":"1960","kind":"FHA"}},{"type":"Feature","geometry":{"type":"Point","coordinates":[-75.102326,40.045064]},"properties":{"year":1960,"period":"1960","kind":"FHA"}},{"type":"Feature","geometry":{"type":"Point","coordinates":[-75.23902,39.946788]},"properties":{"year":1960,"period":"1960","kind":"FHA"}},{"type":"Feature","geometry":{"type":"Point","coordinates":[-75.236274,39.946429]},"properties":{"year":1960,"period":"1960","kind":"VA"}},{"type":"Feature","geometry":{"type":"Point","coordinates":[-75.23655,39.978877]},"properties":{"year":1960,"period":"1960","kind":"FHA"}},{"type":"Feature","geometry":{"type":"Point","coordinates":[-75.032647,40.063662]},"properties":{"year":1960,"period":"1960","kind":"FHA"}},{"type":"Feature","geometry":{"type":"Point","coordinates":[-75.172141,39.983216]},"properties":{"year":1960,"period":"1960","kind":"FHA"}},{"type":"Feature","geometry":{"type":"Point","coordinates":[-75.219961,39.930884]},"properties":{"year":1960,"period":"1960","kind":"FHA"}},{"type":"Feature","geometry":{"type":"Point","coordinates":[-75.243975,39.961382]},"properties":{"year":1960,"period":"1960","kind":"VA"}},{"type":"Feature","geometry":{"type":"Point","coordinates":[-75.247275,39.947787]},"properties":{"year":1960,"period":"1960","kind":"VA"}},{"type":"Feature","geometry":{"type":"Point","coordinates":[-75.171748,39.997002]},"properties":{"year":1960,"period":"1960","kind":"FHA"}},{"type":"Feature","geometry":{"type":"Point","coordinates":[-75.15245,40.008754]},"properties":{"year":1960,"period":"1960","kind":"FHA"}},{"type":"Feature","geometry":{"type":"Point","coordinates":[-75.148014,40.048892]},"properties":{"year":1960,"period":"1960","kind":"FHA"}},{"type":"Feature","geometry":{"type":"Point","coordinates":[-75.101153,40.039982]},"properties":{"year":1960,"period":"1960","kind":"FHA"}},{"type":"Feature","geometry":{"type":"Point","coordinates":[-75.048095,40.045306]},"properties":{"year":1960,"period":"1960","kind":"FHA"}},{"type":"Feature","geometry":{"type":"Point","coordinates":[-75.062278,40.09743]},"properties":{"year":1960,"period":"1960","kind":"FHA"}},{"type":"Feature","geometry":{"type":"Point","coordinates":[-74.985327,40.067993]},"properties":{"year":1960,"period":"1960","kind":"FHA"}},{"type":"Feature","geometry":{"type":"Point","coordinates":[-75.176814,39.969303]},"properties":{"year":1960,"period":"1960","kind":"FHA"}},{"type":"Feature","geometry":{"type":"Point","coordinates":[-75.095124,40.004473]},"properties":{"year":1960,"period":"1960","kind":"FHA"}},{"type":"Feature","geometry":{"type":"Point","coordinates":[-75.228482,39.945103]},"properties":{"year":1960,"period":"1960","kind":"FHA"}},{"type":"Feature","geometry":{"type":"Point","coordinates":[-75.041551,40.105205]},"properties":{"year":1960,"period":"1960","kind":"FHA"}},{"type":"Feature","geometry":{"type":"Point","coordinates":[-75.241822,39.968952]},"properties":{"year":1960,"period":"1960","kind":"VA"}},{"type":"Feature","geometry":{"type":"Point","coordinates":[-75.147774,40.041224]},"properties":{"year":1960,"period":"1960","kind":"FHA"}},{"type":"Feature","geometry":{"type":"Point","coordinates":[-75.175362,39.993222]},"properties":{"year":1960,"period":"1960","kind":"FHA"}},{"type":"Feature","geometry":{"type":"Point","coordinates":[-75.242619,39.958082]},"properties":{"year":1960,"period":"1960","kind":"VA"}},{"type":"Feature","geometry":{"type":"Point","coordinates":[-75.030699,40.042272]},"properties":{"year":1960,"period":"1960","kind":"FHA"}},{"type":"Feature","geometry":{"type":"Point","coordinates":[-75.022178,40.110296]},"properties":{"year":1960,"period":"1960","kind":"FHA"}},{"type":"Feature","geometry":{"type":"Point","coordinates":[-75.09783,40.045971]},"properties":{"year":1960,"period":"1960","kind":"FHA"}},{"type":"Feature","geometry":{"type":"Point","coordinates":[-75.022308,40.110207]},"properties":{"year":1960,"period":"1960","kind":"FHA"}},{"type":"Feature","geometry":{"type":"Point","coordinates":[-75.022439,40.110248]},"properties":{"year":1960,"period":"1960","kind":"FHA"}},{"type":"Feature","geometry":{"type":"Point","coordinates":[-75.022561,40.11028]},"properties":{"year":1960,"period":"1960","kind":"FHA"}},{"type":"Feature","geometry":{"type":"Point","coordinates":[-75.022047,40.110297]},"properties":{"year":1960,"period":"1960","kind":"FHA"}},{"type":"Feature","geometry":{"type":"Point","coordinates":[-75.234244,39.944721]},"properties":{"year":1960,"period":"1960","kind":"FHA"}},{"type":"Feature","geometry":{"type":"Point","coordinates":[-75.238254,39.952296]},"properties":{"year":1960,"period":"1960","kind":"FHA"}},{"type":"Feature","geometry":{"type":"Point","coordinates":[-75.163224,39.997158]},"properties":{"year":1960,"period":"1960","kind":"VA"}},{"type":"Feature","geometry":{"type":"Point","coordinates":[-75.145654,40.045608]},"properties":{"year":1960,"period":"1960","kind":"FHA"}},{"type":"Feature","geometry":{"type":"Point","coordinates":[-75.16382,40.03501]},"properties":{"year":1960,"period":"1960","kind":"FHA"}},{"type":"Feature","geometry":{"type":"Point","coordinates":[-75.227569,39.954094]},"properties":{"year":1960,"period":"1960","kind":"VA"}},{"type":"Feature","geometry":{"type":"Point","coordinates":[-75.242556,39.92469]},"properties":{"year":1960,"period":"1960","kind":"FHA"}},{"type":"Feature","geometry":{"type":"Point","coordinates":[-75.105145,39.996798]},"properties":{"year":1960,"period":"1960","kind":"VA"}},{"type":"Feature","geometry":{"type":"Point","coordinates":[-75.20071,39.974227]},"properties":{"year":1960,"period":"1960","kind":"VA"}},{"type":"Feature","geometry":{"type":"Point","coordinates":[-75.159452,40.011326]},"properties":{"year":1960,"period":"1960","kind":"FHA"}},{"type":"Feature","geometry":{"type":"Point","coordinates":[-75.14116,40.027548]},"properties":{"year":1960,"period":"1960","kind":"FHA"}},{"type":"Feature","geometry":{"type":"Point","coordinates":[-75.182605,39.99272]},"properties":{"year":1960,"period":"1960","kind":"VA"}},{"type":"Feature","geometry":{"type":"Point","coordinates":[-75.164525,40.072875]},"properties":{"year":1960,"period":"1960","kind":"FHA"}},{"type":"Feature","geometry":{"type":"Point","coordinates":[-74.990035,40.122546]},"properties":{"year":1960,"period":"1960","kind":"FHA"}},{"type":"Feature","geometry":{"type":"Point","coordinates":[-75.24241,39.953056]},"properties":{"year":1960,"period":"1960","kind":"VA"}},{"type":"Feature","geometry":{"type":"Point","coordinates":[-75.230499,39.935277]},"properties":{"year":1960,"period":"1960","kind":"VA"}},{"type":"Feature","geometry":{"type":"Point","coordinates":[-75.0228,40.110353]},"properties":{"year":1960,"period":"1960","kind":"FHA"}},{"type":"Feature","geometry":{"type":"Point","coordinates":[-75.021681,40.110975]},"properties":{"year":1960,"period":"1960","kind":"FHA"}},{"type":"Feature","geometry":{"type":"Point","coordinates":[-75.033094,40.079123]},"properties":{"year":1960,"period":"1960","kind":"FHA"}},{"type":"Feature","geometry":{"type":"Point","coordinates":[-75.198981,40.043715]},"properties":{"year":1960,"period":"1960","kind":"FHA"}},{"type":"Feature","geometry":{"type":"Point","coordinates":[-75.165653,39.974204]},"properties":{"year":1960,"period":"1960","kind":"VA"}},{"type":"Feature","geometry":{"type":"Point","coordinates":[-75.030761,40.068869]},"properties":{"year":1960,"period":"1960","kind":"FHA"}},{"type":"Feature","geometry":{"type":"Point","coordinates":[-75.030322,40.068026]},"properties":{"year":1960,"period":"1960","kind":"FHA"}},{"type":"Feature","geometry":{"type":"Point","coordinates":[-75.031048,40.068628]},"properties":{"year":1960,"period":"1960","kind":"FHA"}},{"type":"Feature","geometry":{"type":"Point","coordinates":[-75.09171,40.032547]},"properties":{"year":1960,"period":"1960","kind":"FHA"}},{"type":"Feature","geometry":{"type":"Point","coordinates":[-75.24034,39.917645]},"properties":{"year":1960,"period":"1960","kind":"VA"}},{"type":"Feature","geometry":{"type":"Point","coordinates":[-75.242289,39.976828]},"properties":{"year":1960,"period":"1960","kind":"FHA"}},{"type":"Feature","geometry":{"type":"Point","coordinates":[-75.246116,39.949221]},"properties":{"year":1960,"period":"1960","kind":"FHA"}},{"type":"Feature","geometry":{"type":"Point","coordinates":[-75.151977,40.057121]},"properties":{"year":1960,"period":"1960","kind":"FHA"}},{"type":"Feature","geometry":{"type":"Point","coordinates":[-75.154543,40.041533]},"properties":{"year":1960,"period":"1960","kind":"FHA"}},{"type":"Feature","geometry":{"type":"Point","coordinates":[-75.223351,40.030715]},"properties":{"year":1960,"period":"1960","kind":"FHA"}},{"type":"Feature","geometry":{"type":"Point","coordinates":[-75.164039,39.975845]},"properties":{"year":1960,"period":"1960","kind":"VA"}},{"type":"Feature","geometry":{"type":"Point","coordinates":[-75.181486,39.980469]},"properties":{"year":1960,"period":"1960","kind":"VA"}},{"type":"Feature","geometry":{"type":"Point","coordinates":[-75.182843,40.042037]},"properties":{"year":1960,"period":"1960","kind":"FHA"}},{"type":"Feature","geometry":{"type":"Point","coordinates":[-75.162639,40.07343]},"properties":{"year":1960,"period":"1960","kind":"FHA"}},{"type":"Feature","geometry":{"type":"Point","coordinates":[-75.218717,39.964604]},"properties":{"year":1960,"period":"1960","kind":"VA"}},{"type":"Feature","geometry":{"type":"Point","coordinates":[-75.235355,39.952228]},"properties":{"year":1960,"period":"1960","kind":"VA"}},{"type":"Feature","geometry":{"type":"Point","coordinates":[-75.219433,39.951673]},"properties":{"year":1960,"period":"1960","kind":"FHA"}},{"type":"Feature","geometry":{"type":"Point","coordinates":[-75.237364,39.97671]},"properties":{"year":1960,"period":"1960","kind":"VA"}},{"type":"Feature","geometry":{"type":"Point","coordinates":[-75.24717,39.957964]},"properties":{"year":1960,"period":"1960","kind":"FHA"}},{"type":"Feature","geometry":{"type":"Point","coordinates":[-75.237276,39.948378]},"properties":{"year":1960,"period":"1960","kind":"VA"}},{"type":"Feature","geometry":{"type":"Point","coordinates":[-75.228852,39.963956]},"properties":{"year":1960,"period":"1960","kind":"FHA"}},{"type":"Feature","geometry":{"type":"Point","coordinates":[-75.133709,39.998716]},"properties":{"year":1960,"period":"1960","kind":"FHA"}},{"type":"Feature","geometry":{"type":"Point","coordinates":[-75.148065,40.045135]},"properties":{"year":1960,"period":"1960","kind":"FHA"}},{"type":"Feature","geometry":{"type":"Point","coordinates":[-75.148086,40.048566]},"properties":{"year":1960,"period":"1960","kind":"FHA"}},{"type":"Feature","geometry":{"type":"Point","coordinates":[-75.176039,39.997454]},"properties":{"year":1960,"period":"1960","kind":"VA"}},{"type":"Feature","geometry":{"type":"Point","coordinates":[-74.986011,40.070936]},"properties":{"year":1960,"period":"1960","kind":"FHA"}},{"type":"Feature","geometry":{"type":"Point","coordinates":[-75.106787,39.997155]},"properties":{"year":1960,"period":"1960","kind":"VA"}},{"type":"Feature","geometry":{"type":"Point","coordinates":[-75.001678,40.064767]},"properties":{"year":1960,"period":"1960","kind":"FHA"}},{"type":"Feature","geometry":{"type":"Point","coordinates":[-75.095353,40.008065]},"properties":{"year":1960,"period":"1960","kind":"FHA"}},{"type":"Feature","geometry":{"type":"Point","coordinates":[-74.98656,40.070441]},"properties":{"year":1960,"period":"1960","kind":"FHA"}},{"type":"Feature","geometry":{"type":"Point","coordinates":[-74.986324,40.071446]},"properties":{"year":1960,"period":"1960","kind":"FHA"}},{"type":"Feature","geometry":{"type":"Point","coordinates":[-75.231551,39.92048]},"properties":{"year":1960,"period":"1960","kind":"FHA"}},{"type":"Feature","geometry":{"type":"Point","coordinates":[-74.985866,40.071012]},"properties":{"year":1960,"period":"1960","kind":"FHA"}},{"type":"Feature","geometry":{"type":"Point","coordinates":[-74.985811,40.07104]},"properties":{"year":1960,"period":"1960","kind":"FHA"}},{"type":"Feature","geometry":{"type":"Point","coordinates":[-74.986208,40.071306]},"properties":{"year":1960,"period":"1960","kind":"FHA"}},{"type":"Feature","geometry":{"type":"Point","coordinates":[-74.986401,40.071509]},"properties":{"year":1960,"period":"1960","kind":"FHA"}},{"type":"Feature","geometry":{"type":"Point","coordinates":[-75.204821,40.022535]},"properties":{"year":1960,"period":"1960","kind":"FHA"}},{"type":"Feature","geometry":{"type":"Point","coordinates":[-74.979707,40.09044]},"properties":{"year":1960,"period":"1960","kind":"FHA"}},{"type":"Feature","geometry":{"type":"Point","coordinates":[-74.9817,40.090925]},"properties":{"year":1960,"period":"1960","kind":"FHA"}},{"type":"Feature","geometry":{"type":"Point","coordinates":[-75.119124,39.996482]},"properties":{"year":1960,"period":"1960","kind":"FHA"}},{"type":"Feature","geometry":{"type":"Point","coordinates":[-75.102532,39.999989]},"properties":{"year":1960,"period":"1960","kind":"FHA"}},{"type":"Feature","geometry":{"type":"Point","coordinates":[-75.134095,40.031614]},"properties":{"year":1960,"period":"1960","kind":"VA"}},{"type":"Feature","geometry":{"type":"Point","coordinates":[-75.142325,39.99495]},"properties":{"year":1960,"period":"1960","kind":"FHA"}},{"type":"Feature","geometry":{"type":"Point","coordinates":[-75.182445,40.058833]},"properties":{"year":1960,"period":"1960","kind":"FHA"}},{"type":"Feature","geometry":{"type":"Point","coordinates":[-75.185059,39.985768]},"properties":{"year":1960,"period":"1960","kind":"VA"}},{"type":"Feature","geometry":{"type":"Point","coordinates":[-75.243409,39.971414]},"properties":{"year":1960,"period":"1960","kind":"VA"}},{"type":"Feature","geometry":{"type":"Point","coordinates":[-75.241378,39.951988]},"properties":{"year":1960,"period":"1960","kind":"FHA"}},{"type":"Feature","geometry":{"type":"Point","coordinates":[-75.223169,39.949448]},"properties":{"year":1960,"period":"1960","kind":"FHA"}},{"type":"Feature","geometry":{"type":"Point","coordinates":[-75.120178,40.027528]},"properties":{"year":1960,"period":"1960","kind":"FHA"}},{"type":"Feature","geometry":{"type":"Point","coordinates":[-75.196786,39.936024]},"properties":{"year":1960,"period":"1960","kind":"FHA"}},{"type":"Feature","geometry":{"type":"Point","coordinates":[-75.221178,39.954683]},"properties":{"year":1960,"period":"1960","kind":"VA"}},{"type":"Feature","geometry":{"type":"Point","coordinates":[-75.021896,40.1103]},"properties":{"year":1960,"period":"1960","kind":"FHA"}},{"type":"Feature","geometry":{"type":"Point","coordinates":[-75.082785,40.044053]},"properties":{"year":1960,"period":"1960","kind":"FHA"}},{"type":"Feature","geometry":{"type":"Point","coordinates":[-75.18282,40.057606]},"properties":{"year":1960,"period":"1960","kind":"FHA"}},{"type":"Feature","geometry":{"type":"Point","coordinates":[-75.178889,39.912422]},"properties":{"year":1960,"period":"1960","kind":"VA"}},{"type":"Feature","geometry":{"type":"Point","coordinates":[-75.228296,39.953977]},"properties":{"year":1960,"period":"1960","kind":"FHA"}},{"type":"Feature","geometry":{"type":"Point","coordinates":[-75.180293,39.911922]},"properties":{"year":1960,"period":"1960","kind":"FHA"}},{"type":"Feature","geometry":{"type":"Point","coordinates":[-75.239506,39.912813]},"properties":{"year":1960,"period":"1960","kind":"FHA"}},{"type":"Feature","geometry":{"type":"Point","coordinates":[-75.119978,40.027006]},"properties":{"year":1960,"period":"1960","kind":"FHA"}},{"type":"Feature","geometry":{"type":"Point","coordinates":[-75.017469,40.065161]},"properties":{"year":1960,"period":"1960","kind":"FHA"}},{"type":"Feature","geometry":{"type":"Point","coordinates":[-74.985653,40.071126]},"properties":{"year":1960,"period":"1960","kind":"FHA"}},{"type":"Feature","geometry":{"type":"Point","coordinates":[-75.138153,40.024022]},"properties":{"year":1960,"period":"1960","kind":"FHA"}},{"type":"Feature","geometry":{"type":"Point","coordinates":[-75.017427,40.065198]},"properties":{"year":1960,"period":"1960","kind":"FHA"}},{"type":"Feature","geometry":{"type":"Point","coordinates":[-75.06675,40.049669]},"properties":{"year":1960,"period":"1960","kind":"FHA"}},{"type":"Feature","geometry":{"type":"Point","coordinates":[-75.100467,40.044203]},"properties":{"year":1960,"period":"1960","kind":"FHA"}},{"type":"Feature","geometry":{"type":"Point","coordinates":[-75.121936,39.984778]},"properties":{"year":1960,"period":"1960","kind":"VA"}},{"type":"Feature","geometry":{"type":"Point","coordinates":[-75.100332,40.040269]},"properties":{"year":1960,"period":"1960","kind":"FHA"}},{"type":"Feature","geometry":{"type":"Point","coordinates":[-74.974658,40.076414]},"properties":{"year":1960,"period":"1960","kind":"VA"}},{"type":"Feature","geometry":{"type":"Point","coordinates":[-75.127164,40.034622]},"properties":{"year":1960,"period":"1960","kind":"FHA"}},{"type":"Feature","geometry":{"type":"Point","coordinates":[-74.985862,40.067788]},"properties":{"year":1960,"period":"1960","kind":"FHA"}},{"type":"Feature","geometry":{"type":"Point","coordinates":[-74.985705,40.071096]},"properties":{"year":1960,"period":"1960","kind":"FHA"}},{"type":"Feature","geometry":{"type":"Point","coordinates":[-75.237287,39.959192]},"properties":{"year":1960,"period":"1960","kind":"FHA"}},{"type":"Feature","geometry":{"type":"Point","coordinates":[-75.163251,39.997034]},"properties":{"year":1960,"period":"1960","kind":"FHA"}},{"type":"Feature","geometry":{"type":"Point","coordinates":[-75.178552,39.992746]},"properties":{"year":1960,"period":"1960","kind":"VA"}},{"type":"Feature","geometry":{"type":"Point","coordinates":[-75.181268,39.973051]},"properties":{"year":1960,"period":"1960","kind":"VA"}},{"type":"Feature","geometry":{"type":"Point","coordinates":[-75.183026,39.995065]},"properties":{"year":1960,"period":"1960","kind":"VA"}},{"type":"Feature","geometry":{"type":"Point","coordinates":[-75.155947,39.990796]},"properties":{"year":1960,"period":"1960","kind":"FHA"}},{"type":"Feature","geometry":{"type":"Point","coordinates":[-75.147436,39.997562]},"properties":{"year":1960,"period":"1960","kind":"FHA"}},{"type":"Feature","geometry":{"type":"Point","coordinates":[-75.202766,39.972669]},"properties":{"year":1960,"period":"1960","kind":"VA"}},{"type":"Feature","geometry":{"type":"Point","coordinates":[-75.240657,39.95492]},"properties":{"year":1960,"period":"1960","kind":"VA"}},{"type":"Feature","geometry":{"type":"Point","coordinates":[-75.23842,39.949672]},"properties":{"year":1960,"period":"1960","kind":"VA"}},{"type":"Feature","geometry":{"type":"Point","coordinates":[-75.170213,39.996764]},"properties":{"year":1960,"period":"1960","kind":"VA"}},{"type":"Feature","geometry":{"type":"Point","coordinates":[-75.030786,40.042388]},"properties":{"year":1960,"period":"1960","kind":"FHA"}},{"type":"Feature","geometry":{"type":"Point","coordinates":[-75.171601,40.073694]},"properties":{"year":1960,"period":"1960","kind":"FHA"}},{"type":"Feature","geometry":{"type":"Point","coordinates":[-75.226868,39.953246]},"properties":{"year":1960,"period":"1960","kind":"VA"}},{"type":"Feature","geometry":{"type":"Point","coordinates":[-75.226804,39.93813]},"properties":{"year":1960,"period":"1960","kind":"FHA"}},{"type":"Feature","geometry":{"type":"Point","coordinates":[-75.040863,40.106082]},"properties":{"year":1960,"period":"1960","kind":"FHA"}},{"type":"Feature","geometry":{"type":"Point","coordinates":[-74.978682,40.095912]},"properties":{"year":1960,"period":"1960","kind":"FHA"}},{"type":"Feature","geometry":{"type":"Point","coordinates":[-75.029608,40.10784]},"properties":{"year":1960,"period":"1960","kind":"FHA"}},{"type":"Feature","geometry":{"type":"Point","coordinates":[-75.162246,39.987834]},"properties":{"year":1960,"period":"1960","kind":"VA"}},{"type":"Feature","geometry":{"type":"Point","coordinates":[-75.144354,39.989279]},"properties":{"year":1960,"period":"1960","kind":"VA"}},{"type":"Feature","geometry":{"type":"Point","coordinates":[-75.242302,39.946696]},"properties":{"year":1960,"period":"1960","kind":"VA"}},{"type":"Feature","geometry":{"type":"Point","coordinates":[-75.169898,40.055773]},"properties":{"year":1960,"period":"1960","kind":"FHA"}},{"type":"Feature","geometry":{"type":"Point","coordinates":[-75.184401,40.030045]},"properties":{"year":1960,"period":"1960","kind":"FHA"}},{"type":"Feature","geometry":{"type":"Point","coordinates":[-75.228708,39.947926]},"properties":{"year":1960,"period":"1960","kind":"VA"}},{"type":"Feature","geometry":{"type":"Point","coordinates":[-75.270353,39.977657]},"properties":{"year":1960,"period":"1960","kind":"FHA"}},{"type":"Feature","geometry":{"type":"Point","coordinates":[-75.240431,39.964656]},"properties":{"year":1960,"period":"1960","kind":"VA"}},{"type":"Feature","geometry":{"type":"Point","coordinates":[-75.205614,40.022616]},"properties":{"year":1960,"period":"1960","kind":"FHA"}},{"type":"Feature","geometry":{"type":"Point","coordinates":[-75.205614,40.022616]},"properties":{"year":1960,"period":"1960","kind":"FHA"}},{"type":"Feature","geometry":{"type":"Point","coordinates":[-75.20542,40.023298]},"properties":{"year":1960,"period":"1960","kind":"FHA"}},{"type":"Feature","geometry":{"type":"Point","coordinates":[-75.263711,39.976149]},"properties":{"year":1960,"period":"1960","kind":"FHA"}},{"type":"Feature","geometry":{"type":"Point","coordinates":[-75.02827,40.066428]},"properties":{"year":1960,"period":"1960","kind":"FHA"}},{"type":"Feature","geometry":{"type":"Point","coordinates":[-75.005726,40.06302]},"properties":{"year":1960,"period":"1960","kind":"FHA"}},{"type":"Feature","geometry":{"type":"Point","coordinates":[-75.055224,40.023759]},"properties":{"year":1960,"period":"1960","kind":"FHA"}},{"type":"Feature","geometry":{"type":"Point","coordinates":[-75.061049,40.096615]},"properties":{"year":1960,"period":"1960","kind":"FHA"}},{"type":"Feature","geometry":{"type":"Point","coordinates":[-75.017607,40.065055]},"properties":{"year":1960,"period":"1960","kind":"FHA"}},{"type":"Feature","geometry":{"type":"Point","coordinates":[-75.199409,39.973025]},"properties":{"year":1960,"period":"1960","kind":"VA"}},{"type":"Feature","geometry":{"type":"Point","coordinates":[-75.064352,40.029088]},"properties":{"year":1960,"period":"1960","kind":"FHA"}},{"type":"Feature","geometry":{"type":"Point","coordinates":[-74.975768,40.076014]},"properties":{"year":1960,"period":"1960","kind":"VA"}},{"type":"Feature","geometry":{"type":"Point","coordinates":[-75.033309,40.089173]},"properties":{"year":1960,"period":"1960","kind":"VA"}},{"type":"Feature","geometry":{"type":"Point","coordinates":[-75.145244,40.042862]},"properties":{"year":1960,"period":"1960","kind":"FHA"}},{"type":"Feature","geometry":{"type":"Point","coordinates":[-75.146233,40.04239]},"properties":{"year":1960,"period":"1960","kind":"FHA"}},{"type":"Feature","geometry":{"type":"Point","coordinates":[-75.227316,39.980748]},"properties":{"year":1960,"period":"1960","kind":"FHA"}},{"type":"Feature","geometry":{"type":"Point","coordinates":[-75.244735,39.959598]},"properties":{"year":1960,"period":"1960","kind":"FHA"}},{"type":"Feature","geometry":{"type":"Point","coordinates":[-75.046342,40.021632]},"properties":{"year":1960,"period":"1960","kind":"FHA"}},{"type":"Feature","geometry":{"type":"Point","coordinates":[-75.176069,39.998033]},"properties":{"year":1960,"period":"1960","kind":"VA"}},{"type":"Feature","geometry":{"type":"Point","coordinates":[-75.177646,39.996339]},"properties":{"year":1960,"period":"1960","kind":"VA"}},{"type":"Feature","geometry":{"type":"Point","coordinates":[-75.239125,39.967527]},"properties":{"year":1960,"period":"1960","kind":"FHA"}},{"type":"Feature","geometry":{"type":"Point","coordinates":[-75.099674,40.009845]},"properties":{"year":1960,"period":"1960","kind":"FHA"}},{"type":"Feature","geometry":{"type":"Point","coordinates":[-75.255439,39.977113]},"properties":{"year":1960,"period":"1960","kind":"FHA"}},{"type":"Feature","geometry":{"type":"Point","coordinates":[-75.032571,40.079552]},"properties":{"year":1960,"period":"1960","kind":"FHA"}},{"type":"Feature","geometry":{"type":"Point","coordinates":[-75.019428,40.065285]},"properties":{"year":1960,"period":"1960","kind":"FHA"}},{"type":"Feature","geometry":{"type":"Point","coordinates":[-75.063123,40.097517]},"properties":{"year":1960,"period":"1960","kind":"FHA"}},{"type":"Feature","geometry":{"type":"Point","coordinates":[-74.976713,40.074767]},"properties":{"year":1960,"period":"1960","kind":"VA"}},{"type":"Feature","geometry":{"type":"Point","coordinates":[-75.091336,40.030776]},"properties":{"year":1960,"period":"1960","kind":"FHA"}},{"type":"Feature","geometry":{"type":"Point","coordinates":[-75.058235,40.037167]},"properties":{"year":1960,"period":"1960","kind":"FHA"}},{"type":"Feature","geometry":{"type":"Point","coordinates":[-75.034967,40.069612]},"properties":{"year":1960,"period":"1960","kind":"FHA"}},{"type":"Feature","geometry":{"type":"Point","coordinates":[-75.100202,40.000185]},"properties":{"year":1960,"period":"1960","kind":"FHA"}},{"type":"Feature","geometry":{"type":"Point","coordinates":[-75.131475,39.992343]},"properties":{"year":1960,"period":"1960","kind":"VA"}},{"type":"Feature","geometry":{"type":"Point","coordinates":[-75.017514,40.065123]},"properties":{"year":1960,"period":"1960","kind":"FHA"}},{"type":"Feature","geometry":{"type":"Point","coordinates":[-75.065096,40.033265]},"properties":{"year":1960,"period":"1960","kind":"FHA"}},{"type":"Feature","geometry":{"type":"Point","coordinates":[-75.105863,40.0072]},"properties":{"year":1960,"period":"1960","kind":"FHA"}},{"type":"Feature","geometry":{"type":"Point","coordinates":[-74.985831,40.071384]},"properties":{"year":1960,"period":"1960","kind":"FHA"}},{"type":"Feature","geometry":{"type":"Point","coordinates":[-75.147853,40.052392]},"properties":{"year":1960,"period":"1960","kind":"FHA"}},{"type":"Feature","geometry":{"type":"Point","coordinates":[-75.179377,40.061084]},"properties":{"year":1960,"period":"1960","kind":"FHA"}},{"type":"Feature","geometry":{"type":"Point","coordinates":[-75.183331,40.047251]},"properties":{"year":1960,"period":"1960","kind":"VA"}},{"type":"Feature","geometry":{"type":"Point","coordinates":[-75.178906,39.997803]},"properties":{"year":1960,"period":"1960","kind":"FHA"}},{"type":"Feature","geometry":{"type":"Point","coordinates":[-75.123054,39.997481]},"properties":{"year":1960,"period":"1960","kind":"FHA"}},{"type":"Feature","geometry":{"type":"Point","coordinates":[-75.041394,40.105584]},"properties":{"year":1960,"period":"1960","kind":"FHA"}},{"type":"Feature","geometry":{"type":"Point","coordinates":[-75.071437,39.996542]},"properties":{"year":1960,"period":"1960","kind":"VA"}},{"type":"Feature","geometry":{"type":"Point","coordinates":[-75.17807,39.99499]},"properties":{"year":1960,"period":"1960","kind":"VA"}},{"type":"Feature","geometry":{"type":"Point","coordinates":[-75.149721,40.03014]},"properties":{"year":1960,"period":"1960","kind":"FHA"}},{"type":"Feature","geometry":{"type":"Point","coordinates":[-75.175688,40.078788]},"properties":{"year":1960,"period":"1960","kind":"FHA"}},{"type":"Feature","geometry":{"type":"Point","coordinates":[-75.148113,40.048444]},"properties":{"year":1960,"period":"1960","kind":"FHA"}},{"type":"Feature","geometry":{"type":"Point","coordinates":[-75.148376,40.049018]},"properties":{"year":1960,"period":"1960","kind":"FHA"}},{"type":"Feature","geometry":{"type":"Point","coordinates":[-75.210657,39.9557]},"properties":{"year":1960,"period":"1960","kind":"VA"}},{"type":"Feature","geometry":{"type":"Point","coordinates":[-75.236163,39.978556]},"properties":{"year":1960,"period":"1960","kind":"FHA"}},{"type":"Feature","geometry":{"type":"Point","coordinates":[-75.225242,39.941054]},"properties":{"year":1960,"period":"1960","kind":"FHA"}},{"type":"Feature","geometry":{"type":"Point","coordinates":[-75.162232,40.046705]},"properties":{"year":1960,"period":"1960","kind":"VA"}},{"type":"Feature","geometry":{"type":"Point","coordinates":[-74.970715,40.082485]},"properties":{"year":1960,"period":"1960","kind":"FHA"}},{"type":"Feature","geometry":{"type":"Point","coordinates":[-75.178833,39.912414]},"properties":{"year":1960,"period":"1960","kind":"VA"}},{"type":"Feature","geometry":{"type":"Point","coordinates":[-74.978583,40.095714]},"properties":{"year":1960,"period":"1960","kind":"FHA"}},{"type":"Feature","geometry":{"type":"Point","coordinates":[-75.066312,40.04959]},"properties":{"year":1960,"period":"1960","kind":"FHA"}},{"type":"Feature","geometry":{"type":"Point","coordinates":[-75.232945,39.985433]},"properties":{"year":1960,"period":"1960","kind":"FHA"}},{"type":"Feature","geometry":{"type":"Point","coordinates":[-74.985795,40.071343]},"properties":{"year":1960,"period":"1960","kind":"FHA"}},{"type":"Feature","geometry":{"type":"Point","coordinates":[-74.985865,40.071426]},"properties":{"year":1960,"period":"1960","kind":"FHA"}},{"type":"Feature","geometry":{"type":"Point","coordinates":[-74.985902,40.071466]},"properties":{"year":1960,"period":"1960","kind":"FHA"}},{"type":"Feature","geometry":{"type":"Point","coordinates":[-74.98601,40.071586]},"properties":{"year":1960,"period":"1960","kind":"FHA"}},{"type":"Feature","geometry":{"type":"Point","coordinates":[-74.986064,40.071638]},"properties":{"year":1960,"period":"1960","kind":"FHA"}},{"type":"Feature","geometry":{"type":"Point","coordinates":[-74.986225,40.071796]},"properties":{"year":1960,"period":"1960","kind":"FHA"}},{"type":"Feature","geometry":{"type":"Point","coordinates":[-74.986264,40.071837]},"properties":{"year":1960,"period":"1960","kind":"FHA"}},{"type":"Feature","geometry":{"type":"Point","coordinates":[-75.20133,40.070561]},"properties":{"year":1960,"period":"1960","kind":"FHA"}},{"type":"Feature","geometry":{"type":"Point","coordinates":[-75.243807,39.948928]},"properties":{"year":1960,"period":"1960","kind":"FHA"}},{"type":"Feature","geometry":{"type":"Point","coordinates":[-75.151784,39.989094]},"properties":{"year":1960,"period":"1960","kind":"VA"}},{"type":"Feature","geometry":{"type":"Point","coordinates":[-75.059381,40.066713]},"properties":{"year":1960,"period":"1960","kind":"FHA"}},{"type":"Feature","geometry":{"type":"Point","coordinates":[-75.101628,40.041714]},"properties":{"year":1960,"period":"1960","kind":"FHA"}},{"type":"Feature","geometry":{"type":"Point","coordinates":[-75.135732,40.014869]},"properties":{"year":1960,"period":"1960","kind":"FHA"}},{"type":"Feature","geometry":{"type":"Point","coordinates":[-75.242411,39.948286]},"properties":{"year":1960,"period":"1960","kind":"FHA"}},{"type":"Feature","geometry":{"type":"Point","coordinates":[-75.215843,39.941465]},"properties":{"year":1960,"period":"1960","kind":"FHA"}},{"type":"Feature","geometry":{"type":"Point","coordinates":[-75.238348,39.978676]},"properties":{"year":1960,"period":"1960","kind":"FHA"}},{"type":"Feature","geometry":{"type":"Point","coordinates":[-75.238027,39.950125]},"properties":{"year":1960,"period":"1960","kind":"FHA"}},{"type":"Feature","geometry":{"type":"Point","coordinates":[-75.243084,39.944122]},"properties":{"year":1960,"period":"1960","kind":"FHA"}},{"type":"Feature","geometry":{"type":"Point","coordinates":[-75.232131,39.941938]},"properties":{"year":1960,"period":"1960","kind":"VA"}},{"type":"Feature","geometry":{"type":"Point","coordinates":[-75.2309,39.951978]},"properties":{"year":1960,"period":"1960","kind":"FHA"}},{"type":"Feature","geometry":{"type":"Point","coordinates":[-75.150475,40.05007]},"properties":{"year":1960,"period":"1960","kind":"FHA"}},{"type":"Feature","geometry":{"type":"Point","coordinates":[-75.160987,40.074956]},"properties":{"year":1960,"period":"1960","kind":"FHA"}},{"type":"Feature","geometry":{"type":"Point","coordinates":[-75.155667,40.043169]},"properties":{"year":1960,"period":"1960","kind":"VA"}},{"type":"Feature","geometry":{"type":"Point","coordinates":[-75.149943,40.049384]},"properties":{"year":1960,"period":"1960","kind":"FHA"}},{"type":"Feature","geometry":{"type":"Point","coordinates":[-75.181775,39.930516]},"properties":{"year":1960,"period":"1960","kind":"VA"}},{"type":"Feature","geometry":{"type":"Point","coordinates":[-75.030688,40.068921]},"properties":{"year":1960,"period":"1960","kind":"FHA"}},{"type":"Feature","geometry":{"type":"Point","coordinates":[-75.159475,40.057251]},"properties":{"year":1960,"period":"1960","kind":"FHA"}},{"type":"Feature","geometry":{"type":"Point","coordinates":[-75.128095,40.031058]},"properties":{"year":1960,"period":"1960","kind":"FHA"}},{"type":"Feature","geometry":{"type":"Point","coordinates":[-75.120269,39.994067]},"properties":{"year":1960,"period":"1960","kind":"FHA"}},{"type":"Feature","geometry":{"type":"Point","coordinates":[-75.233397,39.94358]},"properties":{"year":1960,"period":"1960","kind":"VA"}},{"type":"Feature","geometry":{"type":"Point","coordinates":[-75.218547,39.968374]},"properties":{"year":1960,"period":"1960","kind":"VA"}},{"type":"Feature","geometry":{"type":"Point","coordinates":[-75.24255,39.954634]},"properties":{"year":1960,"period":"1960","kind":"VA"}},{"type":"Feature","geometry":{"type":"Point","coordinates":[-75.244622,39.961159]},"properties":{"year":1960,"period":"1960","kind":"VA"}},{"type":"Feature","geometry":{"type":"Point","coordinates":[-75.153383,40.027223]},"properties":{"year":1960,"period":"1960","kind":"FHA"}},{"type":"Feature","geometry":{"type":"Point","coordinates":[-75.105726,40.008927]},"properties":{"year":1960,"period":"1960","kind":"FHA"}},{"type":"Feature","geometry":{"type":"Point","coordinates":[-75.056222,40.022509]},"properties":{"year":1960,"period":"1960","kind":"FHA"}},{"type":"Feature","geometry":{"type":"Point","coordinates":[-75.127982,40.003386]},"properties":{"year":1960,"period":"1960","kind":"FHA"}},{"type":"Feature","geometry":{"type":"Point","coordinates":[-75.065348,40.016575]},"properties":{"year":1960,"period":"1960","kind":"FHA"}},{"type":"Feature","geometry":{"type":"Point","coordinates":[-75.109098,40.027265]},"properties":{"year":1960,"period":"1960","kind":"FHA"}},{"type":"Feature","geometry":{"type":"Point","coordinates":[-75.03242,40.03373]},"properties":{"year":1960,"period":"1960","kind":"FHA"}},{"type":"Feature","geometry":{"type":"Point","coordinates":[-74.994452,40.122196]},"properties":{"year":1960,"period":"1960","kind":"FHA"}},{"type":"Feature","geometry":{"type":"Point","coordinates":[-75.087196,40.03291]},"properties":{"year":1960,"period":"1960","kind":"FHA"}},{"type":"Feature","geometry":{"type":"Point","coordinates":[-75.182783,39.987204]},"properties":{"year":1960,"period":"1960","kind":"FHA"}},{"type":"Feature","geometry":{"type":"Point","coordinates":[-75.054226,40.026538]},"properties":{"year":1960,"period":"1960","kind":"FHA"}},{"type":"Feature","geometry":{"type":"Point","coordinates":[-75.044154,40.038294]},"properties":{"year":1960,"period":"1960","kind":"FHA"}},{"type":"Feature","geometry":{"type":"Point","coordinates":[-75.111927,40.018888]},"properties":{"year":1960,"period":"1960","kind":"FHA"}},{"type":"Feature","geometry":{"type":"Point","coordinates":[-75.23942,39.911199]},"properties":{"year":1960,"period":"1960","kind":"FHA"}},{"type":"Feature","geometry":{"type":"Point","coordinates":[-75.102298,40.039488]},"properties":{"year":1960,"period":"1960","kind":"FHA"}},{"type":"Feature","geometry":{"type":"Point","coordinates":[-75.073787,40.019018]},"properties":{"year":1960,"period":"1960","kind":"FHA"}},{"type":"Feature","geometry":{"type":"Point","coordinates":[-75.1856,39.974203]},"properties":{"year":1960,"period":"1960","kind":"VA"}},{"type":"Feature","geometry":{"type":"Point","coordinates":[-75.103555,40.04953]},"properties":{"year":1960,"period":"1960","kind":"FHA"}},{"type":"Feature","geometry":{"type":"Point","coordinates":[-75.148389,40.048934]},"properties":{"year":1960,"period":"1960","kind":"FHA"}},{"type":"Feature","geometry":{"type":"Point","coordinates":[-75.091385,40.018643]},"properties":{"year":1960,"period":"1960","kind":"FHA"}},{"type":"Feature","geometry":{"type":"Point","coordinates":[-75.049092,40.037633]},"properties":{"year":1960,"period":"1960","kind":"FHA"}},{"type":"Feature","geometry":{"type":"Point","coordinates":[-75.233544,39.935637]},"properties":{"year":1960,"period":"1960","kind":"FHA"}},{"type":"Feature","geometry":{"type":"Point","coordinates":[-75.239707,39.958459]},"properties":{"year":1960,"period":"1960","kind":"VA"}},{"type":"Feature","geometry":{"type":"Point","coordinates":[-75.163506,40.010172]},"properties":{"year":1960,"period":"1960","kind":"FHA"}},{"type":"Feature","geometry":{"type":"Point","coordinates":[-75.232938,40.066357]},"properties":{"year":1960,"period":"1960","kind":"FHA"}},{"type":"Feature","geometry":{"type":"Point","coordinates":[-75.152695,39.995183]},"properties":{"year":1960,"period":"1960","kind":"VA"}},{"type":"Feature","geometry":{"type":"Point","coordinates":[-75.242013,39.953479]},"properties":{"year":1960,"period":"1960","kind":"FHA"}},{"type":"Feature","geometry":{"type":"Point","coordinates":[-75.222162,39.949311]},"properties":{"year":1960,"period":"1960","kind":"FHA"}},{"type":"Feature","geometry":{"type":"Point","coordinates":[-75.244466,39.964776]},"properties":{"year":1960,"period":"1960","kind":"FHA"}},{"type":"Feature","geometry":{"type":"Point","coordinates":[-75.233684,39.943633]},"properties":{"year":1960,"period":"1960","kind":"VA"}},{"type":"Feature","geometry":{"type":"Point","coordinates":[-75.236139,39.956554]},"properties":{"year":1960,"period":"1960","kind":"VA"}},{"type":"Feature","geometry":{"type":"Point","coordinates":[-75.17823,40.04514]},"properties":{"year":1960,"period":"1960","kind":"FHA"}},{"type":"Feature","geometry":{"type":"Point","coordinates":[-74.985939,40.071507]},"properties":{"year":1960,"period":"1960","kind":"FHA"}},{"type":"Feature","geometry":{"type":"Point","coordinates":[-75.15135,40.028607]},"properties":{"year":1960,"period":"1960","kind":"FHA"}},{"type":"Feature","geometry":{"type":"Point","coordinates":[-75.168002,40.034415]},"properties":{"year":1960,"period":"1960","kind":"VA"}},{"type":"Feature","geometry":{"type":"Point","coordinates":[-75.108801,39.997905]},"properties":{"year":1960,"period":"1960","kind":"FHA"}},{"type":"Feature","geometry":{"type":"Point","coordinates":[-75.183905,39.976932]},"properties":{"year":1960,"period":"1960","kind":"VA"}},{"type":"Feature","geometry":{"type":"Point","coordinates":[-75.145354,39.989752]},"properties":{"year":1960,"period":"1960","kind":"VA"}},{"type":"Feature","geometry":{"type":"Point","coordinates":[-74.971232,40.081264]},"properties":{"year":1960,"period":"1960","kind":"FHA"}},{"type":"Feature","geometry":{"type":"Point","coordinates":[-74.971139,40.081332]},"properties":{"year":1960,"period":"1960","kind":"FHA"}},{"type":"Feature","geometry":{"type":"Point","coordinates":[-75.234127,39.953849]},"properties":{"year":1960,"period":"1960","kind":"VA"}},{"type":"Feature","geometry":{"type":"Point","coordinates":[-75.147906,39.946697]},"properties":{"year":1960,"period":"1960","kind":"VA"}},{"type":"Feature","geometry":{"type":"Point","coordinates":[-75.236822,39.946298]},"properties":{"year":1960,"period":"1960","kind":"VA"}},{"type":"Feature","geometry":{"type":"Point","coordinates":[-74.971093,40.081366]},"properties":{"year":1960,"period":"1960","kind":"FHA"}},{"type":"Feature","geometry":{"type":"Point","coordinates":[-75.156912,40.050355]},"properties":{"year":1960,"period":"1960","kind":"FHA"}},{"type":"Feature","geometry":{"type":"Point","coordinates":[-75.182661,40.058799]},"properties":{"year":1960,"period":"1960","kind":"FHA"}},{"type":"Feature","geometry":{"type":"Point","coordinates":[-75.032938,40.08279]},"properties":{"year":1960,"period":"1960","kind":"FHA"}},{"type":"Feature","geometry":{"type":"Point","coordinates":[-75.154518,39.93871]},"properties":{"year":1960,"period":"1960","kind":"FHA"}},{"type":"Feature","geometry":{"type":"Point","coordinates":[-75.029519,40.090256]},"properties":{"year":1960,"period":"1960","kind":"FHA"}},{"type":"Feature","geometry":{"type":"Point","coordinates":[-75.08103,40.01291]},"properties":{"year":1960,"period":"1960","kind":"FHA"}},{"type":"Feature","geometry":{"type":"Point","coordinates":[-75.073679,40.021208]},"properties":{"year":1960,"period":"1960","kind":"FHA"}},{"type":"Feature","geometry":{"type":"Point","coordinates":[-75.018863,40.063641]},"properties":{"year":1960,"period":"1960","kind":"FHA"}},{"type":"Feature","geometry":{"type":"Point","coordinates":[-75.006645,40.063092]},"properties":{"year":1960,"period":"1960","kind":"FHA"}},{"type":"Feature","geometry":{"type":"Point","coordinates":[-74.986373,40.072078]},"properties":{"year":1960,"period":"1960","kind":"FHA"}},{"type":"Feature","geometry":{"type":"Point","coordinates":[-74.985708,40.070594]},"properties":{"year":1960,"period":"1960","kind":"FHA"}},{"type":"Feature","geometry":{"type":"Point","coordinates":[-74.985708,40.070594]},"properties":{"year":1960,"period":"1960","kind":"FHA"}},{"type":"Feature","geometry":{"type":"Point","coordinates":[-74.985708,40.070594]},"properties":{"year":1960,"period":"1960","kind":"FHA"}},{"type":"Feature","geometry":{"type":"Point","coordinates":[-75.018863,40.063641]},"properties":{"year":1960,"period":"1960","kind":"FHA"}},{"type":"Feature","geometry":{"type":"Point","coordinates":[-75.058099,40.026933]},"properties":{"year":1960,"period":"1960","kind":"FHA"}},{"type":"Feature","geometry":{"type":"Point","coordinates":[-75.163372,39.996547]},"properties":{"year":1960,"period":"1960","kind":"FHA"}},{"type":"Feature","geometry":{"type":"Point","coordinates":[-75.174909,39.998494]},"properties":{"year":1960,"period":"1960","kind":"VA"}},{"type":"Feature","geometry":{"type":"Point","coordinates":[-75.232075,39.949982]},"properties":{"year":1960,"period":"1960","kind":"FHA"}},{"type":"Feature","geometry":{"type":"Point","coordinates":[-75.241988,39.973285]},"properties":{"year":1960,"period":"1960","kind":"VA"}},{"type":"Feature","geometry":{"type":"Point","coordinates":[-75.20618,39.959578]},"properties":{"year":1960,"period":"1960","kind":"FHA"}},{"type":"Feature","geometry":{"type":"Point","coordinates":[-75.176881,40.043927]},"properties":{"year":1960,"period":"1960","kind":"VA"}},{"type":"Feature","geometry":{"type":"Point","coordinates":[-75.182898,40.041585]},"properties":{"year":1960,"period":"1960","kind":"FHA"}},{"type":"Feature","geometry":{"type":"Point","coordinates":[-75.178158,39.976274]},"properties":{"year":1960,"period":"1960","kind":"VA"}},{"type":"Feature","geometry":{"type":"Point","coordinates":[-75.242173,39.951799]},"properties":{"year":1960,"period":"1960","kind":"FHA"}},{"type":"Feature","geometry":{"type":"Point","coordinates":[-75.151121,40.023041]},"properties":{"year":1960,"period":"1960","kind":"VA"}},{"type":"Feature","geometry":{"type":"Point","coordinates":[-75.113345,39.99948]},"properties":{"year":1960,"period":"1960","kind":"FHA"}},{"type":"Feature","geometry":{"type":"Point","coordinates":[-75.232836,40.067712]},"properties":{"year":1960,"period":"1960","kind":"FHA"}},{"type":"Feature","geometry":{"type":"Point","coordinates":[-75.06551,40.049081]},"properties":{"year":1960,"period":"1960","kind":"FHA"}},{"type":"Feature","geometry":{"type":"Point","coordinates":[-74.974554,40.076179]},"properties":{"year":1960,"period":"1960","kind":"VA"}},{"type":"Feature","geometry":{"type":"Point","coordinates":[-75.12414,40.026816]},"properties":{"year":1960,"period":"1960","kind":"FHA"}},{"type":"Feature","geometry":{"type":"Point","coordinates":[-75.117619,39.993726]},"properties":{"year":1960,"period":"1960","kind":"VA"}},{"type":"Feature","geometry":{"type":"Point","coordinates":[-75.082345,40.048584]},"properties":{"year":1960,"period":"1960","kind":"FHA"}},{"type":"Feature","geometry":{"type":"Point","coordinates":[-75.029519,40.089807]},"properties":{"year":1960,"period":"1960","kind":"FHA"}},{"type":"Feature","geometry":{"type":"Point","coordinates":[-75.061136,40.044357]},"properties":{"year":1960,"period":"1960","kind":"FHA"}},{"type":"Feature","geometry":{"type":"Point","coordinates":[-74.974622,40.076337]},"properties":{"year":1960,"period":"1960","kind":"VA"}},{"type":"Feature","geometry":{"type":"Point","coordinates":[-75.060786,40.013999]},"properties":{"year":1960,"period":"1960","kind":"VA"}},{"type":"Feature","geometry":{"type":"Point","coordinates":[-75.222835,39.949395]},"properties":{"year":1960,"period":"1960","kind":"FHA"}},{"type":"Feature","geometry":{"type":"Point","coordinates":[-75.225637,39.947308]},"properties":{"year":1960,"period":"1960","kind":"FHA"}},{"type":"Feature","geometry":{"type":"Point","coordinates":[-75.230849,39.931584]},"properties":{"year":1960,"period":"1960","kind":"VA"}},{"type":"Feature","geometry":{"type":"Point","coordinates":[-75.242275,39.955891]},"properties":{"year":1960,"period":"1960","kind":"FHA"}},{"type":"Feature","geometry":{"type":"Point","coordinates":[-75.218933,39.951465]},"properties":{"year":1960,"period":"1960","kind":"FHA"}},{"type":"Feature","geometry":{"type":"Point","coordinates":[-75.226152,39.956585]},"properties":{"year":1960,"period":"1960","kind":"FHA"}},{"type":"Feature","geometry":{"type":"Point","coordinates":[-75.190111,40.013523]},"properties":{"year":1960,"period":"1960","kind":"FHA"}},{"type":"Feature","geometry":{"type":"Point","coordinates":[-75.108517,39.995503]},"properties":{"year":1960,"period":"1960","kind":"FHA"}},{"type":"Feature","geometry":{"type":"Point","coordinates":[-75.183378,39.926656]},"properties":{"year":1960,"period":"1960","kind":"FHA"}},{"type":"Feature","geometry":{"type":"Point","coordinates":[-75.080272,40.027042]},"properties":{"year":1960,"period":"1960","kind":"FHA"}},{"type":"Feature","geometry":{"type":"Point","coordinates":[-75.234882,39.984992]},"properties":{"year":1960,"period":"1960","kind":"FHA"}},{"type":"Feature","geometry":{"type":"Point","coordinates":[-75.156739,40.041721]},"properties":{"year":1960,"period":"1960","kind":"FHA"}},{"type":"Feature","geometry":{"type":"Point","coordinates":[-75.091594,40.033476]},"properties":{"year":1960,"period":"1960","kind":"FHA"}},{"type":"Feature","geometry":{"type":"Point","coordinates":[-75.184744,39.980045]},"properties":{"year":1960,"period":"1960","kind":"VA"}},{"type":"Feature","geometry":{"type":"Point","coordinates":[-75.217723,39.940241]},"properties":{"year":1960,"period":"1960","kind":"FHA"}},{"type":"Feature","geometry":{"type":"Point","coordinates":[-75.163163,40.071795]},"properties":{"year":1960,"period":"1960","kind":"FHA"}},{"type":"Feature","geometry":{"type":"Point","coordinates":[-75.182813,40.056272]},"properties":{"year":1960,"period":"1960","kind":"VA"}},{"type":"Feature","geometry":{"type":"Point","coordinates":[-75.186579,40.051228]},"properties":{"year":1960,"period":"1960","kind":"FHA"}},{"type":"Feature","geometry":{"type":"Point","coordinates":[-75.222253,39.957157]},"properties":{"year":1960,"period":"1960","kind":"FHA"}},{"type":"Feature","geometry":{"type":"Point","coordinates":[-75.180494,40.045317]},"properties":{"year":1960,"period":"1960","kind":"FHA"}},{"type":"Feature","geometry":{"type":"Point","coordinates":[-75.059409,40.097519]},"properties":{"year":1960,"period":"1960","kind":"FHA"}},{"type":"Feature","geometry":{"type":"Point","coordinates":[-74.978815,40.096296]},"properties":{"year":1960,"period":"1960","kind":"FHA"}},{"type":"Feature","geometry":{"type":"Point","coordinates":[-74.978738,40.096107]},"properties":{"year":1960,"period":"1960","kind":"FHA"}},{"type":"Feature","geometry":{"type":"Point","coordinates":[-75.047725,40.035909]},"properties":{"year":1960,"period":"1960","kind":"FHA"}},{"type":"Feature","geometry":{"type":"Point","coordinates":[-75.062425,40.044937]},"properties":{"year":1960,"period":"1960","kind":"FHA"}},{"type":"Feature","geometry":{"type":"Point","coordinates":[-75.0859,40.037358]},"properties":{"year":1960,"period":"1960","kind":"VA"}},{"type":"Feature","geometry":{"type":"Point","coordinates":[-74.976114,40.075916]},"properties":{"year":1960,"period":"1960","kind":"VA"}},{"type":"Feature","geometry":{"type":"Point","coordinates":[-75.178945,39.912429]},"properties":{"year":1960,"period":"1960","kind":"FHA"}},{"type":"Feature","geometry":{"type":"Point","coordinates":[-75.217802,39.951474]},"properties":{"year":1960,"period":"1960","kind":"FHA"}},{"type":"Feature","geometry":{"type":"Point","coordinates":[-75.230003,39.987329]},"properties":{"year":1960,"period":"1960","kind":"FHA"}},{"type":"Feature","geometry":{"type":"Point","coordinates":[-75.241433,39.955224]},"properties":{"year":1960,"period":"1960","kind":"VA"}},{"type":"Feature","geometry":{"type":"Point","coordinates":[-75.23741,39.954044]},"properties":{"year":1960,"period":"1960","kind":"FHA"}},{"type":"Feature","geometry":{"type":"Point","coordinates":[-75.244045,39.949264]},"properties":{"year":1960,"period":"1960","kind":"FHA"}},{"type":"Feature","geometry":{"type":"Point","coordinates":[-75.239836,39.957753]},"properties":{"year":1960,"period":"1960","kind":"FHA"}},{"type":"Feature","geometry":{"type":"Point","coordinates":[-75.14917,40.066536]},"properties":{"year":1960,"period":"1960","kind":"FHA"}},{"type":"Feature","geometry":{"type":"Point","coordinates":[-75.228683,39.930932]},"properties":{"year":1960,"period":"1960","kind":"FHA"}},{"type":"Feature","geometry":{"type":"Point","coordinates":[-75.180656,39.980781]},"properties":{"year":1960,"period":"1960","kind":"VA"}},{"type":"Feature","geometry":{"type":"Point","coordinates":[-75.179304,39.921043]},"properties":{"year":1960,"period":"1960","kind":"FHA"}},{"type":"Feature","geometry":{"type":"Point","coordinates":[-75.147466,39.997063]},"properties":{"year":1960,"period":"1960","kind":"VA"}},{"type":"Feature","geometry":{"type":"Point","coordinates":[-75.232098,39.947396]},"properties":{"year":1960,"period":"1960","kind":"VA"}},{"type":"Feature","geometry":{"type":"Point","coordinates":[-75.226695,39.966002]},"properties":{"year":1960,"period":"1960","kind":"VA"}},{"type":"Feature","geometry":{"type":"Point","coordinates":[-75.245541,39.963895]},"properties":{"year":1960,"period":"1960","kind":"FHA"}},{"type":"Feature","geometry":{"type":"Point","coordinates":[-75.226413,39.949108]},"properties":{"year":1960,"period":"1960","kind":"FHA"}},{"type":"Feature","geometry":{"type":"Point","coordinates":[-75.246381,39.951908]},"properties":{"year":1960,"period":"1960","kind":"VA"}},{"type":"Feature","geometry":{"type":"Point","coordinates":[-75.244478,39.976799]},"properties":{"year":1960,"period":"1960","kind":"FHA"}},{"type":"Feature","geometry":{"type":"Point","coordinates":[-75.246946,39.948545]},"properties":{"year":1960,"period":"1960","kind":"FHA"}},{"type":"Feature","geometry":{"type":"Point","coordinates":[-75.22872,39.936842]},"properties":{"year":1960,"period":"1960","kind":"FHA"}},{"type":"Feature","geometry":{"type":"Point","coordinates":[-75.234769,39.940332]},"properties":{"year":1960,"period":"1960","kind":"FHA"}},{"type":"Feature","geometry":{"type":"Point","coordinates":[-75.24498,39.957425]},"properties":{"year":1960,"period":"1960","kind":"FHA"}},{"type":"Feature","geometry":{"type":"Point","coordinates":[-75.151772,40.049409]},"properties":{"year":1960,"period":"1960","kind":"FHA"}},{"type":"Feature","geometry":{"type":"Point","coordinates":[-75.173554,40.07756]},"properties":{"year":1960,"period":"1960","kind":"FHA"}},{"type":"Feature","geometry":{"type":"Point","coordinates":[-74.985708,40.070594]},"properties":{"year":1960,"period":"1960","kind":"FHA"}},{"type":"Feature","geometry":{"type":"Point","coordinates":[-75.023281,40.060414]},"properties":{"year":1960,"period":"1960","kind":"FHA"}},{"type":"Feature","geometry":{"type":"Point","coordinates":[-74.985708,40.070594]},"properties":{"year":1960,"period":"1960","kind":"FHA"}},{"type":"Feature","geometry":{"type":"Point","coordinates":[-74.986366,40.071964]},"properties":{"year":1960,"period":"1960","kind":"FHA"}},{"type":"Feature","geometry":{"type":"Point","coordinates":[-75.07484,40.00696]},"properties":{"year":1960,"period":"1960","kind":"VA"}},{"type":"Feature","geometry":{"type":"Point","coordinates":[-75.21598,39.95094]},"properties":{"year":1960,"period":"1960","kind":"FHA"}},{"type":"Feature","geometry":{"type":"Point","coordinates":[-75.243105,39.978852]},"properties":{"year":1960,"period":"1960","kind":"FHA"}},{"type":"Feature","geometry":{"type":"Point","coordinates":[-75.146123,40.066129]},"properties":{"year":1960,"period":"1960","kind":"FHA"}},{"type":"Feature","geometry":{"type":"Point","coordinates":[-75.149167,40.045174]},"properties":{"year":1960,"period":"1960","kind":"FHA"}},{"type":"Feature","geometry":{"type":"Point","coordinates":[-75.155189,40.049954]},"properties":{"year":1960,"period":"1960","kind":"FHA"}},{"type":"Feature","geometry":{"type":"Point","coordinates":[-75.104305,40.009239]},"properties":{"year":1960,"period":"1960","kind":"FHA"}},{"type":"Feature","geometry":{"type":"Point","coordinates":[-75.034452,40.038502]},"properties":{"year":1960,"period":"1960","kind":"FHA"}},{"type":"Feature","geometry":{"type":"Point","coordinates":[-75.149814,40.067111]},"properties":{"year":1960,"period":"1960","kind":"FHA"}},{"type":"Feature","geometry":{"type":"Point","coordinates":[-75.055656,40.025043]},"properties":{"year":1960,"period":"1960","kind":"FHA"}},{"type":"Feature","geometry":{"type":"Point","coordinates":[-75.231833,39.950849]},"properties":{"year":1960,"period":"1960","kind":"VA"}},{"type":"Feature","geometry":{"type":"Point","coordinates":[-75.238897,39.916746]},"properties":{"year":1960,"period":"1960","kind":"FHA"}},{"type":"Feature","geometry":{"type":"Point","coordinates":[-75.238492,39.951195]},"properties":{"year":1960,"period":"1960","kind":"VA"}},{"type":"Feature","geometry":{"type":"Point","coordinates":[-75.234881,39.91656]},"properties":{"year":1960,"period":"1960","kind":"FHA"}},{"type":"Feature","geometry":{"type":"Point","coordinates":[-75.237442,39.947588]},"properties":{"year":1960,"period":"1960","kind":"FHA"}},{"type":"Feature","geometry":{"type":"Point","coordinates":[-75.11048,40.017293]},"properties":{"year":1960,"period":"1960","kind":"FHA"}},{"type":"Feature","geometry":{"type":"Point","coordinates":[-75.177347,40.025397]},"properties":{"year":1960,"period":"1960","kind":"VA"}},{"type":"Feature","geometry":{"type":"Point","coordinates":[-75.146848,40.045727]},"properties":{"year":1960,"period":"1960","kind":"FHA"}},{"type":"Feature","geometry":{"type":"Point","coordinates":[-75.182193,39.989072]},"properties":{"year":1960,"period":"1960","kind":"VA"}},{"type":"Feature","geometry":{"type":"Point","coordinates":[-75.231129,39.954809]},"properties":{"year":1960,"period":"1960","kind":"FHA"}},{"type":"Feature","geometry":{"type":"Point","coordinates":[-75.23611,39.947837]},"properties":{"year":1960,"period":"1960","kind":"FHA"}},{"type":"Feature","geometry":{"type":"Point","coordinates":[-75.212301,39.953712]},"properties":{"year":1960,"period":"1960","kind":"FHA"}},{"type":"Feature","geometry":{"type":"Point","coordinates":[-75.223597,39.949055]},"properties":{"year":1960,"period":"1960","kind":"VA"}},{"type":"Feature","geometry":{"type":"Point","coordinates":[-75.170737,40.075928]},"properties":{"year":1960,"period":"1960","kind":"FHA"}},{"type":"Feature","geometry":{"type":"Point","coordinates":[-75.192768,40.058739]},"properties":{"year":1960,"period":"1960","kind":"FHA"}},{"type":"Feature","geometry":{"type":"Point","coordinates":[-75.187129,40.054289]},"properties":{"year":1960,"period":"1960","kind":"VA"}},{"type":"Feature","geometry":{"type":"Point","coordinates":[-75.239836,39.957753]},"properties":{"year":1960,"period":"1960","kind":"FHA"}},{"type":"Feature","geometry":{"type":"Point","coordinates":[-75.148715,40.040802]},"properties":{"year":1960,"period":"1960","kind":"FHA"}},{"type":"Feature","geometry":{"type":"Point","coordinates":[-75.1586,40.005497]},"properties":{"year":1960,"period":"1960","kind":"VA"}},{"type":"Feature","geometry":{"type":"Point","coordinates":[-75.145009,39.992185]},"properties":{"year":1960,"period":"1960","kind":"VA"}},{"type":"Feature","geometry":{"type":"Point","coordinates":[-75.166658,39.988349]},"properties":{"year":1960,"period":"1960","kind":"VA"}},{"type":"Feature","geometry":{"type":"Point","coordinates":[-74.971367,40.081162]},"properties":{"year":1960,"period":"1960","kind":"FHA"}},{"type":"Feature","geometry":{"type":"Point","coordinates":[-74.971778,40.080685]},"properties":{"year":1960,"period":"1960","kind":"FHA"}},{"type":"Feature","geometry":{"type":"Point","coordinates":[-75.172777,40.075439]},"properties":{"year":1960,"period":"1960","kind":"FHA"}},{"type":"Feature","geometry":{"type":"Point","coordinates":[-74.971788,40.080638]},"properties":{"year":1960,"period":"1960","kind":"FHA"}},{"type":"Feature","geometry":{"type":"Point","coordinates":[-75.205614,40.022616]},"properties":{"year":1960,"period":"1960","kind":"FHA"}},{"type":"Feature","geometry":{"type":"Point","coordinates":[-75.231141,39.943011]},"properties":{"year":1960,"period":"1960","kind":"FHA"}},{"type":"Feature","geometry":{"type":"Point","coordinates":[-75.244345,39.959854]},"properties":{"year":1960,"period":"1960","kind":"VA"}},{"type":"Feature","geometry":{"type":"Point","coordinates":[-75.230918,39.92421]},"properties":{"year":1960,"period":"1960","kind":"FHA"}},{"type":"Feature","geometry":{"type":"Point","coordinates":[-75.215817,39.940353]},"properties":{"year":1960,"period":"1960","kind":"FHA"}},{"type":"Feature","geometry":{"type":"Point","coordinates":[-75.000065,40.074053]},"properties":{"year":1960,"period":"1960","kind":"FHA"}},{"type":"Feature","geometry":{"type":"Point","coordinates":[-75.180852,39.995168]},"properties":{"year":1960,"period":"1960","kind":"VA"}},{"type":"Feature","geometry":{"type":"Point","coordinates":[-75.152249,40.009961]},"properties":{"year":1960,"period":"1960","kind":"FHA"}},{"type":"Feature","geometry":{"type":"Point","coordinates":[-74.986712,40.071898]},"properties":{"year":1960,"period":"1960","kind":"FHA"}},{"type":"Feature","geometry":{"type":"Point","coordinates":[-74.985708,40.070594]},"properties":{"year":1960,"period":"1960","kind":"FHA"}},{"type":"Feature","geometry":{"type":"Point","coordinates":[-74.984956,40.071072]},"properties":{"year":1960,"period":"1960","kind":"FHA"}},{"type":"Feature","geometry":{"type":"Point","coordinates":[-74.985708,40.070594]},"properties":{"year":1960,"period":"1960","kind":"FHA"}},{"type":"Feature","geometry":{"type":"Point","coordinates":[-74.986676,40.071992]},"properties":{"year":1960,"period":"1960","kind":"FHA"}},{"type":"Feature","geometry":{"type":"Point","coordinates":[-75.018307,40.064076]},"properties":{"year":1960,"period":"1960","kind":"FHA"}},{"type":"Feature","geometry":{"type":"Point","coordinates":[-75.169481,40.066482]},"properties":{"year":1960,"period":"1960","kind":"FHA"}},{"type":"Feature","geometry":{"type":"Point","coordinates":[-75.018421,40.063698]},"properties":{"year":1960,"period":"1960","kind":"FHA"}},{"type":"Feature","geometry":{"type":"Point","coordinates":[-75.018279,40.06412]},"properties":{"year":1960,"period":"1960","kind":"FHA"}},{"type":"Feature","geometry":{"type":"Point","coordinates":[-74.985449,40.067922]},"properties":{"year":1960,"period":"1960","kind":"FHA"}},{"type":"Feature","geometry":{"type":"Point","coordinates":[-75.00621,40.062843]},"properties":{"year":1960,"period":"1960","kind":"FHA"}},{"type":"Feature","geometry":{"type":"Point","coordinates":[-75.006566,40.063049]},"properties":{"year":1960,"period":"1960","kind":"FHA"}},{"type":"Feature","geometry":{"type":"Point","coordinates":[-75.069689,40.031676]},"properties":{"year":1960,"period":"1960","kind":"FHA"}},{"type":"Feature","geometry":{"type":"Point","coordinates":[-75.072719,40.039817]},"properties":{"year":1960,"period":"1960","kind":"FHA"}},{"type":"Feature","geometry":{"type":"Point","coordinates":[-74.986188,40.067983]},"properties":{"year":1960,"period":"1960","kind":"FHA"}},{"type":"Feature","geometry":{"type":"Point","coordinates":[-75.149733,40.040922]},"properties":{"year":1960,"period":"1960","kind":"FHA"}},{"type":"Feature","geometry":{"type":"Point","coordinates":[-75.158274,40.051492]},"properties":{"year":1960,"period":"1960","kind":"VA"}},{"type":"Feature","geometry":{"type":"Point","coordinates":[-75.147638,40.044674]},"properties":{"year":1960,"period":"1960","kind":"FHA"}},{"type":"Feature","geometry":{"type":"Point","coordinates":[-75.030988,40.033695]},"properties":{"year":1960,"period":"1960","kind":"FHA"}},{"type":"Feature","geometry":{"type":"Point","coordinates":[-75.227537,39.951441]},"properties":{"year":1960,"period":"1960","kind":"VA"}},{"type":"Feature","geometry":{"type":"Point","coordinates":[-75.237165,39.947784]},"properties":{"year":1960,"period":"1960","kind":"VA"}},{"type":"Feature","geometry":{"type":"Point","coordinates":[-75.078555,40.026449]},"properties":{"year":1960,"period":"1960","kind":"FHA"}},{"type":"Feature","geometry":{"type":"Point","coordinates":[-74.986568,40.07217]},"properties":{"year":1960,"period":"1960","kind":"FHA"}},{"type":"Feature","geometry":{"type":"Point","coordinates":[-75.118437,40.000558]},"properties":{"year":1960,"period":"1960","kind":"FHA"}},{"type":"Feature","geometry":{"type":"Point","coordinates":[-75.181159,39.979505]},"properties":{"year":1960,"period":"1960","kind":"VA"}},{"type":"Feature","geometry":{"type":"Point","coordinates":[-75.183925,40.043535]},"properties":{"year":1960,"period":"1960","kind":"FHA"}},{"type":"Feature","geometry":{"type":"Point","coordinates":[-75.1567,40.003874]},"properties":{"year":1960,"period":"1960","kind":"FHA"}},{"type":"Feature","geometry":{"type":"Point","coordinates":[-75.131333,40.025029]},"properties":{"year":1960,"period":"1960","kind":"FHA"}},{"type":"Feature","geometry":{"type":"Point","coordinates":[-75.149986,40.028894]},"properties":{"year":1960,"period":"1960","kind":"FHA"}},{"type":"Feature","geometry":{"type":"Point","coordinates":[-75.176428,40.075452]},"properties":{"year":1960,"period":"1960","kind":"FHA"}},{"type":"Feature","geometry":{"type":"Point","coordinates":[-75.063901,40.014615]},"properties":{"year":1960,"period":"1960","kind":"FHA"}},{"type":"Feature","geometry":{"type":"Point","coordinates":[-75.239075,39.951557]},"properties":{"year":1960,"period":"1960","kind":"FHA"}},{"type":"Feature","geometry":{"type":"Point","coordinates":[-75.225485,39.942782]},"properties":{"year":1960,"period":"1960","kind":"VA"}},{"type":"Feature","geometry":{"type":"Point","coordinates":[-75.235073,39.951701]},"properties":{"year":1960,"period":"1960","kind":"FHA"}},{"type":"Feature","geometry":{"type":"Point","coordinates":[-75.230706,39.930779]},"properties":{"year":1960,"period":"1960","kind":"VA"}},{"type":"Feature","geometry":{"type":"Point","coordinates":[-75.031935,40.031231]},"properties":{"year":1960,"period":"1960","kind":"FHA"}},{"type":"Feature","geometry":{"type":"Point","coordinates":[-75.080998,40.042506]},"properties":{"year":1960,"period":"1960","kind":"FHA"}},{"type":"Feature","geometry":{"type":"Point","coordinates":[-75.232869,39.974994]},"properties":{"year":1960,"period":"1960","kind":"VA"}},{"type":"Feature","geometry":{"type":"Point","coordinates":[-75.218993,39.951181]},"properties":{"year":1960,"period":"1960","kind":"FHA"}},{"type":"Feature","geometry":{"type":"Point","coordinates":[-75.10196,40.003708]},"properties":{"year":1960,"period":"1960","kind":"FHA"}},{"type":"Feature","geometry":{"type":"Point","coordinates":[-75.236613,39.9733]},"properties":{"year":1960,"period":"1960","kind":"FHA"}},{"type":"Feature","geometry":{"type":"Point","coordinates":[-75.241457,39.979045]},"properties":{"year":1960,"period":"1960","kind":"FHA"}},{"type":"Feature","geometry":{"type":"Point","coordinates":[-75.243984,39.958999]},"properties":{"year":1960,"period":"1960","kind":"VA"}},{"type":"Feature","geometry":{"type":"Point","coordinates":[-75.240786,39.977435]},"properties":{"year":1960,"period":"1960","kind":"VA"}},{"type":"Feature","geometry":{"type":"Point","coordinates":[-75.240642,39.981112]},"properties":{"year":1960,"period":"1960","kind":"FHA"}},{"type":"Feature","geometry":{"type":"Point","coordinates":[-75.235453,39.959521]},"properties":{"year":1960,"period":"1960","kind":"VA"}},{"type":"Feature","geometry":{"type":"Point","coordinates":[-75.244491,39.947757]},"properties":{"year":1960,"period":"1960","kind":"FHA"}},{"type":"Feature","geometry":{"type":"Point","coordinates":[-75.246269,39.944082]},"properties":{"year":1960,"period":"1960","kind":"FHA"}},{"type":"Feature","geometry":{"type":"Point","coordinates":[-75.18217,39.996673]},"properties":{"year":1960,"period":"1960","kind":"VA"}},{"type":"Feature","geometry":{"type":"Point","coordinates":[-75.217744,39.951467]},"properties":{"year":1960,"period":"1960","kind":"FHA"}},{"type":"Feature","geometry":{"type":"Point","coordinates":[-75.246436,39.951914]},"properties":{"year":1960,"period":"1960","kind":"FHA"}},{"type":"Feature","geometry":{"type":"Point","coordinates":[-75.182806,39.933602]},"properties":{"year":1960,"period":"1960","kind":"VA"}},{"type":"Feature","geometry":{"type":"Point","coordinates":[-75.240147,39.957304]},"properties":{"year":1960,"period":"1960","kind":"VA"}},{"type":"Feature","geometry":{"type":"Point","coordinates":[-75.220647,39.940404]},"properties":{"year":1960,"period":"1960","kind":"VA"}},{"type":"Feature","geometry":{"type":"Point","coordinates":[-75.164273,40.004937]},"properties":{"year":1960,"period":"1960","kind":"VA"}},{"type":"Feature","geometry":{"type":"Point","coordinates":[-75.240275,39.948159]},"properties":{"year":1960,"period":"1960","kind":"FHA"}},{"type":"Feature","geometry":{"type":"Point","coordinates":[-75.171208,40.048464]},"properties":{"year":1960,"period":"1960","kind":"FHA"}},{"type":"Feature","geometry":{"type":"Point","coordinates":[-75.196874,40.053584]},"properties":{"year":1960,"period":"1960","kind":"FHA"}},{"type":"Feature","geometry":{"type":"Point","coordinates":[-75.14871,40.041484]},"properties":{"year":1960,"period":"1960","kind":"FHA"}},{"type":"Feature","geometry":{"type":"Point","coordinates":[-75.153462,40.013156]},"properties":{"year":1960,"period":"1960","kind":"FHA"}},{"type":"Feature","geometry":{"type":"Point","coordinates":[-75.076576,40.043848]},"properties":{"year":1960,"period":"1960","kind":"FHA"}},{"type":"Feature","geometry":{"type":"Point","coordinates":[-75.023229,40.060325]},"properties":{"year":1960,"period":"1960","kind":"FHA"}},{"type":"Feature","geometry":{"type":"Point","coordinates":[-75.230895,39.941645]},"properties":{"year":1960,"period":"1960","kind":"FHA"}},{"type":"Feature","geometry":{"type":"Point","coordinates":[-75.147082,40.048181]},"properties":{"year":1960,"period":"1960","kind":"FHA"}},{"type":"Feature","geometry":{"type":"Point","coordinates":[-75.190274,39.963274]},"properties":{"year":1960,"period":"1960","kind":"VA"}},{"type":"Feature","geometry":{"type":"Point","coordinates":[-75.148418,40.048729]},"properties":{"year":1960,"period":"1960","kind":"FHA"}},{"type":"Feature","geometry":{"type":"Point","coordinates":[-75.048655,40.037949]},"properties":{"year":1960,"period":"1960","kind":"FHA"}},{"type":"Feature","geometry":{"type":"Point","coordinates":[-75.184741,40.055464]},"properties":{"year":1960,"period":"1960","kind":"FHA"}},{"type":"Feature","geometry":{"type":"Point","coordinates":[-75.165557,40.068153]},"properties":{"year":1960,"period":"1960","kind":"FHA"}},{"type":"Feature","geometry":{"type":"Point","coordinates":[-75.172557,40.050541]},"properties":{"year":1960,"period":"1960","kind":"FHA"}},{"type":"Feature","geometry":{"type":"Point","coordinates":[-75.167418,40.06676]},"properties":{"year":1960,"period":"1960","kind":"FHA"}},{"type":"Feature","geometry":{"type":"Point","coordinates":[-75.15093,40.024648]},"properties":{"year":1960,"period":"1960","kind":"FHA"}},{"type":"Feature","geometry":{"type":"Point","coordinates":[-75.156555,40.049998]},"properties":{"year":1960,"period":"1960","kind":"FHA"}},{"type":"Feature","geometry":{"type":"Point","coordinates":[-75.240081,39.976579]},"properties":{"year":1960,"period":"1960","kind":"FHA"}},{"type":"Feature","geometry":{"type":"Point","coordinates":[-75.245032,39.976892]},"properties":{"year":1960,"period":"1960","kind":"FHA"}},{"type":"Feature","geometry":{"type":"Point","coordinates":[-75.226176,39.948484]},"properties":{"year":1960,"period":"1960","kind":"VA"}},{"type":"Feature","geometry":{"type":"Point","coordinates":[-75.013554,40.066254]},"properties":{"year":1960,"period":"1960","kind":"FHA"}},{"type":"Feature","geometry":{"type":"Point","coordinates":[-75.055011,40.017866]},"properties":{"year":1960,"period":"1960","kind":"FHA"}},{"type":"Feature","geometry":{"type":"Point","coordinates":[-75.23046,39.933262]},"properties":{"year":1960,"period":"1960","kind":"FHA"}},{"type":"Feature","geometry":{"type":"Point","coordinates":[-75.175545,39.918413]},"properties":{"year":1960,"period":"1960","kind":"FHA"}},{"type":"Feature","geometry":{"type":"Point","coordinates":[-75.188703,39.933592]},"properties":{"year":1960,"period":"1960","kind":"FHA"}},{"type":"Feature","geometry":{"type":"Point","coordinates":[-75.141057,39.9995]},"properties":{"year":1960,"period":"1960","kind":"FHA"}},{"type":"Feature","geometry":{"type":"Point","coordinates":[-75.136648,40.012485]},"properties":{"year":1960,"period":"1960","kind":"FHA"}},{"type":"Feature","geometry":{"type":"Point","coordinates":[-75.237515,39.95297]},"properties":{"year":1960,"period":"1960","kind":"FHA"}},{"type":"Feature","geometry":{"type":"Point","coordinates":[-75.20067,40.074254]},"properties":{"year":1960,"period":"1960","kind":"FHA"}},{"type":"Feature","geometry":{"type":"Point","coordinates":[-75.067658,40.040325]},"properties":{"year":1960,"period":"1960","kind":"FHA"}},{"type":"Feature","geometry":{"type":"Point","coordinates":[-75.064688,40.030744]},"properties":{"year":1960,"period":"1960","kind":"FHA"}},{"type":"Feature","geometry":{"type":"Point","coordinates":[-75.188587,39.935452]},"properties":{"year":1960,"period":"1960","kind":"FHA"}},{"type":"Feature","geometry":{"type":"Point","coordinates":[-74.978619,40.095809]},"properties":{"year":1960,"period":"1960","kind":"FHA"}},{"type":"Feature","geometry":{"type":"Point","coordinates":[-74.977249,40.084078]},"properties":{"year":1960,"period":"1960","kind":"FHA"}},{"type":"Feature","geometry":{"type":"Point","coordinates":[-74.979763,40.085719]},"properties":{"year":1960,"period":"1960","kind":"FHA"}},{"type":"Feature","geometry":{"type":"Point","coordinates":[-74.977652,40.084261]},"properties":{"year":1960,"period":"1960","kind":"FHA"}},{"type":"Feature","geometry":{"type":"Point","coordinates":[-74.976838,40.083426]},"properties":{"year":1960,"period":"1960","kind":"FHA"}},{"type":"Feature","geometry":{"type":"Point","coordinates":[-75.246504,39.951604]},"properties":{"year":1960,"period":"1960","kind":"FHA"}},{"type":"Feature","geometry":{"type":"Point","coordinates":[-75.122121,40.0436]},"properties":{"year":1960,"period":"1960","kind":"FHA"}},{"type":"Feature","geometry":{"type":"Point","coordinates":[-75.238666,39.948492]},"properties":{"year":1960,"period":"1960","kind":"FHA"}},{"type":"Feature","geometry":{"type":"Point","coordinates":[-75.182661,40.058799]},"properties":{"year":1960,"period":"1960","kind":"FHA"}},{"type":"Feature","geometry":{"type":"Point","coordinates":[-75.101604,40.004313]},"properties":{"year":1960,"period":"1960","kind":"FHA"}},{"type":"Feature","geometry":{"type":"Point","coordinates":[-75.120656,39.997258]},"properties":{"year":1960,"period":"1960","kind":"FHA"}},{"type":"Feature","geometry":{"type":"Point","coordinates":[-75.141739,39.983365]},"properties":{"year":1960,"period":"1960","kind":"VA"}},{"type":"Feature","geometry":{"type":"Point","coordinates":[-75.078406,40.017287]},"properties":{"year":1960,"period":"1960","kind":"FHA"}},{"type":"Feature","geometry":{"type":"Point","coordinates":[-75.112364,40.017718]},"properties":{"year":1960,"period":"1960","kind":"FHA"}},{"type":"Feature","geometry":{"type":"Point","coordinates":[-75.153234,40.012579]},"properties":{"year":1960,"period":"1960","kind":"FHA"}},{"type":"Feature","geometry":{"type":"Point","coordinates":[-75.214758,40.030668]},"properties":{"year":1960,"period":"1960","kind":"FHA"}},{"type":"Feature","geometry":{"type":"Point","coordinates":[-75.141925,39.988231]},"properties":{"year":1960,"period":"1960","kind":"FHA"}},{"type":"Feature","geometry":{"type":"Point","coordinates":[-75.185801,40.046422]},"properties":{"year":1960,"period":"1960","kind":"FHA"}},{"type":"Feature","geometry":{"type":"Point","coordinates":[-75.230079,39.989261]},"properties":{"year":1960,"period":"1960","kind":"FHA"}},{"type":"Feature","geometry":{"type":"Point","coordinates":[-75.230014,39.933304]},"properties":{"year":1960,"period":"1960","kind":"FHA"}},{"type":"Feature","geometry":{"type":"Point","coordinates":[-75.215936,39.947309]},"properties":{"year":1960,"period":"1960","kind":"FHA"}},{"type":"Feature","geometry":{"type":"Point","coordinates":[-75.065603,40.050321]},"properties":{"year":1960,"period":"1960","kind":"FHA"}},{"type":"Feature","geometry":{"type":"Point","coordinates":[-75.089812,40.035983]},"properties":{"year":1960,"period":"1960","kind":"FHA"}},{"type":"Feature","geometry":{"type":"Point","coordinates":[-75.089724,40.035933]},"properties":{"year":1960,"period":"1960","kind":"FHA"}},{"type":"Feature","geometry":{"type":"Point","coordinates":[-74.979658,40.09068]},"properties":{"year":1960,"period":"1960","kind":"FHA"}},{"type":"Feature","geometry":{"type":"Point","coordinates":[-75.179389,40.081391]},"properties":{"year":1960,"period":"1960","kind":"FHA"}},{"type":"Feature","geometry":{"type":"Point","coordinates":[-75.1176,40.019383]},"properties":{"year":1960,"period":"1960","kind":"FHA"}},{"type":"Feature","geometry":{"type":"Point","coordinates":[-75.031347,40.108078]},"properties":{"year":1960,"period":"1960","kind":"FHA"}},{"type":"Feature","geometry":{"type":"Point","coordinates":[-75.231585,39.945373]},"properties":{"year":1960,"period":"1960","kind":"FHA"}},{"type":"Feature","geometry":{"type":"Point","coordinates":[-75.102379,40.042723]},"properties":{"year":1960,"period":"1960","kind":"FHA"}},{"type":"Feature","geometry":{"type":"Point","coordinates":[-74.985172,40.071394]},"properties":{"year":1960,"period":"1960","kind":"FHA"}},{"type":"Feature","geometry":{"type":"Point","coordinates":[-74.985757,40.071068]},"properties":{"year":1960,"period":"1960","kind":"FHA"}},{"type":"Feature","geometry":{"type":"Point","coordinates":[-74.986343,40.071915]},"properties":{"year":1960,"period":"1960","kind":"FHA"}},{"type":"Feature","geometry":{"type":"Point","coordinates":[-75.10544,40.028126]},"properties":{"year":1960,"period":"1960","kind":"FHA"}},{"type":"Feature","geometry":{"type":"Point","coordinates":[-74.985434,40.071695]},"properties":{"year":1960,"period":"1960","kind":"FHA"}},{"type":"Feature","geometry":{"type":"Point","coordinates":[-75.069365,40.017249]},"properties":{"year":1960,"period":"1960","kind":"FHA"}},{"type":"Feature","geometry":{"type":"Point","coordinates":[-75.045799,40.045848]},"properties":{"year":1960,"period":"1960","kind":"FHA"}},{"type":"Feature","geometry":{"type":"Point","coordinates":[-75.162464,40.07178]},"properties":{"year":1960,"period":"1960","kind":"FHA"}},{"type":"Feature","geometry":{"type":"Point","coordinates":[-75.056666,40.092108]},"properties":{"year":1960,"period":"1960","kind":"FHA"}},{"type":"Feature","geometry":{"type":"Point","coordinates":[-75.063943,40.01718]},"properties":{"year":1960,"period":"1960","kind":"FHA"}},{"type":"Feature","geometry":{"type":"Point","coordinates":[-75.064586,40.042446]},"properties":{"year":1960,"period":"1960","kind":"FHA"}},{"type":"Feature","geometry":{"type":"Point","coordinates":[-75.137737,40.027698]},"properties":{"year":1960,"period":"1960","kind":"FHA"}},{"type":"Feature","geometry":{"type":"Point","coordinates":[-75.185144,39.976433]},"properties":{"year":1960,"period":"1960","kind":"VA"}},{"type":"Feature","geometry":{"type":"Point","coordinates":[-75.153885,39.995286]},"properties":{"year":1960,"period":"1960","kind":"VA"}},{"type":"Feature","geometry":{"type":"Point","coordinates":[-75.236891,39.956963]},"properties":{"year":1960,"period":"1960","kind":"FHA"}},{"type":"Feature","geometry":{"type":"Point","coordinates":[-75.237313,39.956597]},"properties":{"year":1960,"period":"1960","kind":"FHA"}},{"type":"Feature","geometry":{"type":"Point","coordinates":[-75.160167,39.927515]},"properties":{"year":1960,"period":"1960","kind":"FHA"}},{"type":"Feature","geometry":{"type":"Point","coordinates":[-75.247352,39.953939]},"properties":{"year":1960,"period":"1960","kind":"FHA"}},{"type":"Feature","geometry":{"type":"Point","coordinates":[-75.229109,39.953168]},"properties":{"year":1960,"period":"1960","kind":"VA"}},{"type":"Feature","geometry":{"type":"Point","coordinates":[-75.048871,40.027189]},"properties":{"year":1960,"period":"1960","kind":"FHA"}},{"type":"Feature","geometry":{"type":"Point","coordinates":[-75.162917,39.996818]},"properties":{"year":1960,"period":"1960","kind":"FHA"}},{"type":"Feature","geometry":{"type":"Point","coordinates":[-75.156184,40.003267]},"properties":{"year":1960,"period":"1960","kind":"FHA"}},{"type":"Feature","geometry":{"type":"Point","coordinates":[-75.150582,40.05321]},"properties":{"year":1960,"period":"1960","kind":"FHA"}},{"type":"Feature","geometry":{"type":"Point","coordinates":[-75.161872,40.006469]},"properties":{"year":1960,"period":"1960","kind":"FHA"}},{"type":"Feature","geometry":{"type":"Point","coordinates":[-75.188462,39.933321]},"properties":{"year":1960,"period":"1960","kind":"FHA"}},{"type":"Feature","geometry":{"type":"Point","coordinates":[-75.242296,39.945824]},"properties":{"year":1960,"period":"1960","kind":"FHA"}},{"type":"Feature","geometry":{"type":"Point","coordinates":[-75.172082,39.932852]},"properties":{"year":1960,"period":"1960","kind":"FHA"}},{"type":"Feature","geometry":{"type":"Point","coordinates":[-75.145367,39.990542]},"properties":{"year":1960,"period":"1960","kind":"FHA"}},{"type":"Feature","geometry":{"type":"Point","coordinates":[-75.185932,39.996535]},"properties":{"year":1960,"period":"1960","kind":"VA"}},{"type":"Feature","geometry":{"type":"Point","coordinates":[-75.147334,40.048431]},"properties":{"year":1960,"period":"1960","kind":"VA"}},{"type":"Feature","geometry":{"type":"Point","coordinates":[-75.154847,40.044666]},"properties":{"year":1960,"period":"1960","kind":"VA"}},{"type":"Feature","geometry":{"type":"Point","coordinates":[-75.155527,40.041818]},"properties":{"year":1960,"period":"1960","kind":"FHA"}},{"type":"Feature","geometry":{"type":"Point","coordinates":[-75.142276,40.000678]},"properties":{"year":1960,"period":"1960","kind":"VA"}},{"type":"Feature","geometry":{"type":"Point","coordinates":[-75.144243,39.998412]},"properties":{"year":1960,"period":"1960","kind":"FHA"}},{"type":"Feature","geometry":{"type":"Point","coordinates":[-75.226356,40.061846]},"properties":{"year":1960,"period":"1960","kind":"FHA"}},{"type":"Feature","geometry":{"type":"Point","coordinates":[-75.247744,39.954829]},"properties":{"year":1960,"period":"1960","kind":"VA"}},{"type":"Feature","geometry":{"type":"Point","coordinates":[-75.232811,39.925974]},"properties":{"year":1960,"period":"1960","kind":"FHA"}},{"type":"Feature","geometry":{"type":"Point","coordinates":[-75.225783,39.938147]},"properties":{"year":1960,"period":"1960","kind":"FHA"}},{"type":"Feature","geometry":{"type":"Point","coordinates":[-75.176558,40.003703]},"properties":{"year":1960,"period":"1960","kind":"FHA"}},{"type":"Feature","geometry":{"type":"Point","coordinates":[-75.038758,40.104814]},"properties":{"year":1960,"period":"1960","kind":"FHA"}},{"type":"Feature","geometry":{"type":"Point","coordinates":[-75.029884,40.107244]},"properties":{"year":1960,"period":"1960","kind":"FHA"}},{"type":"Feature","geometry":{"type":"Point","coordinates":[-75.107268,39.998647]},"properties":{"year":1960,"period":"1960","kind":"VA"}},{"type":"Feature","geometry":{"type":"Point","coordinates":[-75.030453,40.031121]},"properties":{"year":1960,"period":"1960","kind":"FHA"}},{"type":"Feature","geometry":{"type":"Point","coordinates":[-75.174296,40.03892]},"properties":{"year":1960,"period":"1960","kind":"FHA"}},{"type":"Feature","geometry":{"type":"Point","coordinates":[-75.074709,40.022528]},"properties":{"year":1960,"period":"1960","kind":"FHA"}},{"type":"Feature","geometry":{"type":"Point","coordinates":[-75.018097,40.064459]},"properties":{"year":1960,"period":"1960","kind":"FHA"}},{"type":"Feature","geometry":{"type":"Point","coordinates":[-75.018255,40.064167]},"properties":{"year":1960,"period":"1960","kind":"FHA"}},{"type":"Feature","geometry":{"type":"Point","coordinates":[-75.118143,40.024316]},"properties":{"year":1960,"period":"1960","kind":"FHA"}},{"type":"Feature","geometry":{"type":"Point","coordinates":[-75.102379,40.042723]},"properties":{"year":1960,"period":"1960","kind":"FHA"}},{"type":"Feature","geometry":{"type":"Point","coordinates":[-75.196844,39.929801]},"properties":{"year":1960,"period":"1960","kind":"FHA"}},{"type":"Feature","geometry":{"type":"Point","coordinates":[-75.238062,39.978342]},"properties":{"year":1960,"period":"1960","kind":"FHA"}},{"type":"Feature","geometry":{"type":"Point","coordinates":[-75.088356,40.036252]},"properties":{"year":1960,"period":"1960","kind":"FHA"}},{"type":"Feature","geometry":{"type":"Point","coordinates":[-75.148218,39.998755]},"properties":{"year":1960,"period":"1960","kind":"VA"}},{"type":"Feature","geometry":{"type":"Point","coordinates":[-75.226445,39.938132]},"properties":{"year":1960,"period":"1960","kind":"FHA"}},{"type":"Feature","geometry":{"type":"Point","coordinates":[-75.242604,39.960064]},"properties":{"year":1960,"period":"1960","kind":"VA"}},{"type":"Feature","geometry":{"type":"Point","coordinates":[-75.153265,40.042172]},"properties":{"year":1960,"period":"1960","kind":"FHA"}},{"type":"Feature","geometry":{"type":"Point","coordinates":[-75.14803,40.041507]},"properties":{"year":1960,"period":"1960","kind":"FHA"}},{"type":"Feature","geometry":{"type":"Point","coordinates":[-75.086715,40.033307]},"properties":{"year":1960,"period":"1960","kind":"FHA"}},{"type":"Feature","geometry":{"type":"Point","coordinates":[-75.03199,40.063992]},"properties":{"year":1960,"period":"1960","kind":"FHA"}},{"type":"Feature","geometry":{"type":"Point","coordinates":[-75.146295,39.990959]},"properties":{"year":1960,"period":"1960","kind":"FHA"}},{"type":"Feature","geometry":{"type":"Point","coordinates":[-75.036958,40.080621]},"properties":{"year":1960,"period":"1960","kind":"VA"}},{"type":"Feature","geometry":{"type":"Point","coordinates":[-75.053821,40.028839]},"properties":{"year":1960,"period":"1960","kind":"VA"}},{"type":"Feature","geometry":{"type":"Point","coordinates":[-75.168954,40.05967]},"properties":{"year":1960,"period":"1960","kind":"FHA"}},{"type":"Feature","geometry":{"type":"Point","coordinates":[-75.13854,39.996091]},"properties":{"year":1960,"period":"1960","kind":"FHA"}},{"type":"Feature","geometry":{"type":"Point","coordinates":[-75.229432,39.988313]},"properties":{"year":1960,"period":"1960","kind":"FHA"}},{"type":"Feature","geometry":{"type":"Point","coordinates":[-75.228231,39.952408]},"properties":{"year":1960,"period":"1960","kind":"FHA"}},{"type":"Feature","geometry":{"type":"Point","coordinates":[-75.233359,39.955291]},"properties":{"year":1960,"period":"1960","kind":"VA"}},{"type":"Feature","geometry":{"type":"Point","coordinates":[-75.224235,39.923789]},"properties":{"year":1960,"period":"1960","kind":"FHA"}},{"type":"Feature","geometry":{"type":"Point","coordinates":[-75.08223,40.028439]},"properties":{"year":1960,"period":"1960","kind":"FHA"}},{"type":"Feature","geometry":{"type":"Point","coordinates":[-75.238175,39.927258]},"properties":{"year":1960,"period":"1960","kind":"FHA"}},{"type":"Feature","geometry":{"type":"Point","coordinates":[-75.086278,40.033289]},"properties":{"year":1960,"period":"1960","kind":"FHA"}},{"type":"Feature","geometry":{"type":"Point","coordinates":[-75.018803,40.063621]},"properties":{"year":1960,"period":"1960","kind":"FHA"}},{"type":"Feature","geometry":{"type":"Point","coordinates":[-75.066133,40.030753]},"properties":{"year":1960,"period":"1960","kind":"FHA"}},{"type":"Feature","geometry":{"type":"Point","coordinates":[-75.108882,40.026673]},"properties":{"year":1960,"period":"1960","kind":"FHA"}},{"type":"Feature","geometry":{"type":"Point","coordinates":[-75.113391,40.000507]},"properties":{"year":1960,"period":"1960","kind":"FHA"}},{"type":"Feature","geometry":{"type":"Point","coordinates":[-75.15095,40.024555]},"properties":{"year":1960,"period":"1960","kind":"FHA"}},{"type":"Feature","geometry":{"type":"Point","coordinates":[-75.212696,40.032927]},"properties":{"year":1960,"period":"1960","kind":"FHA"}},{"type":"Feature","geometry":{"type":"Point","coordinates":[-75.147814,40.065874]},"properties":{"year":1960,"period":"1960","kind":"FHA"}},{"type":"Feature","geometry":{"type":"Point","coordinates":[-75.031828,40.064289]},"properties":{"year":1960,"period":"1960","kind":"FHA"}},{"type":"Feature","geometry":{"type":"Point","coordinates":[-75.242117,39.922996]},"properties":{"year":1960,"period":"1960","kind":"FHA"}},{"type":"Feature","geometry":{"type":"Point","coordinates":[-75.175088,39.985739]},"properties":{"year":1960,"period":"1960","kind":"VA"}},{"type":"Feature","geometry":{"type":"Point","coordinates":[-75.13856,40.000562]},"properties":{"year":1960,"period":"1960","kind":"FHA"}},{"type":"Feature","geometry":{"type":"Point","coordinates":[-75.141408,39.994039]},"properties":{"year":1960,"period":"1960","kind":"FHA"}},{"type":"Feature","geometry":{"type":"Point","coordinates":[-75.179476,39.972052]},"properties":{"year":1960,"period":"1960","kind":"VA"}},{"type":"Feature","geometry":{"type":"Point","coordinates":[-75.248127,39.954588]},"properties":{"year":1960,"period":"1960","kind":"FHA"}},{"type":"Feature","geometry":{"type":"Point","coordinates":[-75.238993,39.946912]},"properties":{"year":1960,"period":"1960","kind":"FHA"}},{"type":"Feature","geometry":{"type":"Point","coordinates":[-75.233372,39.959645]},"properties":{"year":1960,"period":"1960","kind":"FHA"}},{"type":"Feature","geometry":{"type":"Point","coordinates":[-75.231093,39.932856]},"properties":{"year":1960,"period":"1960","kind":"FHA"}},{"type":"Feature","geometry":{"type":"Point","coordinates":[-75.177851,39.99827]},"properties":{"year":1960,"period":"1960","kind":"VA"}},{"type":"Feature","geometry":{"type":"Point","coordinates":[-75.146043,40.042368]},"properties":{"year":1960,"period":"1960","kind":"FHA"}},{"type":"Feature","geometry":{"type":"Point","coordinates":[-75.243146,39.94902]},"properties":{"year":1960,"period":"1960","kind":"FHA"}},{"type":"Feature","geometry":{"type":"Point","coordinates":[-75.246043,39.960487]},"properties":{"year":1960,"period":"1960","kind":"VA"}},{"type":"Feature","geometry":{"type":"Point","coordinates":[-75.263366,39.977965]},"properties":{"year":1960,"period":"1960","kind":"FHA"}},{"type":"Feature","geometry":{"type":"Point","coordinates":[-75.183033,40.058361]},"properties":{"year":1960,"period":"1960","kind":"FHA"}},{"type":"Feature","geometry":{"type":"Point","coordinates":[-75.172155,40.047848]},"properties":{"year":1960,"period":"1960","kind":"FHA"}},{"type":"Feature","geometry":{"type":"Point","coordinates":[-75.197421,40.053347]},"properties":{"year":1960,"period":"1960","kind":"FHA"}},{"type":"Feature","geometry":{"type":"Point","coordinates":[-75.145251,40.056497]},"properties":{"year":1960,"period":"1960","kind":"FHA"}},{"type":"Feature","geometry":{"type":"Point","coordinates":[-75.198939,40.013756]},"properties":{"year":1960,"period":"1960","kind":"FHA"}},{"type":"Feature","geometry":{"type":"Point","coordinates":[-75.155421,40.046913]},"properties":{"year":1960,"period":"1960","kind":"FHA"}},{"type":"Feature","geometry":{"type":"Point","coordinates":[-75.118964,40.028047]},"properties":{"year":1960,"period":"1960","kind":"FHA"}},{"type":"Feature","geometry":{"type":"Point","coordinates":[-75.148708,40.049167]},"properties":{"year":1960,"period":"1960","kind":"FHA"}},{"type":"Feature","geometry":{"type":"Point","coordinates":[-75.149169,40.06582]},"properties":{"year":1960,"period":"1960","kind":"FHA"}},{"type":"Feature","geometry":{"type":"Point","coordinates":[-75.178371,40.044881]},"properties":{"year":1960,"period":"1960","kind":"FHA"}},{"type":"Feature","geometry":{"type":"Point","coordinates":[-75.243084,39.944122]},"properties":{"year":1960,"period":"1960","kind":"FHA"}},{"type":"Feature","geometry":{"type":"Point","coordinates":[-75.229283,39.918058]},"properties":{"year":1960,"period":"1960","kind":"FHA"}},{"type":"Feature","geometry":{"type":"Point","coordinates":[-75.224498,39.921605]},"properties":{"year":1960,"period":"1960","kind":"FHA"}},{"type":"Feature","geometry":{"type":"Point","coordinates":[-75.235064,39.945162]},"properties":{"year":1960,"period":"1960","kind":"FHA"}},{"type":"Feature","geometry":{"type":"Point","coordinates":[-75.242167,39.974218]},"properties":{"year":1960,"period":"1960","kind":"FHA"}},{"type":"Feature","geometry":{"type":"Point","coordinates":[-75.040963,40.02918]},"properties":{"year":1960,"period":"1960","kind":"FHA"}},{"type":"Feature","geometry":{"type":"Point","coordinates":[-74.97872,40.096059]},"properties":{"year":1960,"period":"1960","kind":"FHA"}},{"type":"Feature","geometry":{"type":"Point","coordinates":[-74.986304,40.071875]},"properties":{"year":1960,"period":"1960","kind":"FHA"}},{"type":"Feature","geometry":{"type":"Point","coordinates":[-74.985991,40.072325]},"properties":{"year":1960,"period":"1960","kind":"FHA"}},{"type":"Feature","geometry":{"type":"Point","coordinates":[-74.986695,40.071945]},"properties":{"year":1960,"period":"1960","kind":"FHA"}},{"type":"Feature","geometry":{"type":"Point","coordinates":[-74.98535,40.071601]},"properties":{"year":1960,"period":"1960","kind":"FHA"}},{"type":"Feature","geometry":{"type":"Point","coordinates":[-75.005788,40.049869]},"properties":{"year":1960,"period":"1960","kind":"FHA"}},{"type":"Feature","geometry":{"type":"Point","coordinates":[-74.977391,40.083502]},"properties":{"year":1960,"period":"1960","kind":"FHA"}},{"type":"Feature","geometry":{"type":"Point","coordinates":[-74.985314,40.07156]},"properties":{"year":1960,"period":"1960","kind":"FHA"}},{"type":"Feature","geometry":{"type":"Point","coordinates":[-74.985143,40.07135]},"properties":{"year":1960,"period":"1960","kind":"FHA"}},{"type":"Feature","geometry":{"type":"Point","coordinates":[-75.174436,39.995936]},"properties":{"year":1960,"period":"1960","kind":"VA"}},{"type":"Feature","geometry":{"type":"Point","coordinates":[-75.141644,39.929454]},"properties":{"year":1960,"period":"1960","kind":"FHA"}},{"type":"Feature","geometry":{"type":"Point","coordinates":[-74.979328,40.090119]},"properties":{"year":1960,"period":"1960","kind":"FHA"}},{"type":"Feature","geometry":{"type":"Point","coordinates":[-74.980824,40.089458]},"properties":{"year":1960,"period":"1960","kind":"FHA"}},{"type":"Feature","geometry":{"type":"Point","coordinates":[-74.981421,40.092116]},"properties":{"year":1960,"period":"1960","kind":"FHA"}},{"type":"Feature","geometry":{"type":"Point","coordinates":[-74.979282,40.090159]},"properties":{"year":1960,"period":"1960","kind":"FHA"}},{"type":"Feature","geometry":{"type":"Point","coordinates":[-75.0127945187842,40.0623427742794]},"properties":{"year":1960,"period":"1960","kind":"FHA"}},{"type":"Feature","geometry":{"type":"Point","coordinates":[-75.142308,40.012216]},"properties":{"year":1960,"period":"1960","kind":"FHA"}},{"type":"Feature","geometry":{"type":"Point","coordinates":[-75.057441,40.020693]},"properties":{"year":1960,"period":"1960","kind":"FHA"}},{"type":"Feature","geometry":{"type":"Point","coordinates":[-75.240613,39.957798]},"properties":{"year":1960,"period":"1960","kind":"VA"}},{"type":"Feature","geometry":{"type":"Point","coordinates":[-75.160719,40.048184]},"properties":{"year":1960,"period":"1960","kind":"FHA"}},{"type":"Feature","geometry":{"type":"Point","coordinates":[-75.237222,39.977623]},"properties":{"year":1960,"period":"1960","kind":"FHA"}},{"type":"Feature","geometry":{"type":"Point","coordinates":[-75.160244,39.927208]},"properties":{"year":1960,"period":"1960","kind":"FHA"}},{"type":"Feature","geometry":{"type":"Point","coordinates":[-75.214785,39.954115]},"properties":{"year":1960,"period":"1960","kind":"FHA"}},{"type":"Feature","geometry":{"type":"Point","coordinates":[-75.232754,39.956066]},"properties":{"year":1960,"period":"1960","kind":"FHA"}},{"type":"Feature","geometry":{"type":"Point","coordinates":[-75.045304,40.037818]},"properties":{"year":1960,"period":"1960","kind":"FHA"}},{"type":"Feature","geometry":{"type":"Point","coordinates":[-75.182519,40.05483]},"properties":{"year":1960,"period":"1960","kind":"FHA"}},{"type":"Feature","geometry":{"type":"Point","coordinates":[-75.254945,39.980301]},"properties":{"year":1960,"period":"1960","kind":"FHA"}},{"type":"Feature","geometry":{"type":"Point","coordinates":[-75.215763,40.031036]},"properties":{"year":1960,"period":"1960","kind":"FHA"}},{"type":"Feature","geometry":{"type":"Point","coordinates":[-75.196385,39.938799]},"properties":{"year":1960,"period":"1960","kind":"VA"}},{"type":"Feature","geometry":{"type":"Point","coordinates":[-75.218953,39.937211]},"properties":{"year":1960,"period":"1960","kind":"FHA"}},{"type":"Feature","geometry":{"type":"Point","coordinates":[-75.238109,39.975944]},"properties":{"year":1960,"period":"1960","kind":"FHA"}},{"type":"Feature","geometry":{"type":"Point","coordinates":[-75.120245,40.024371]},"properties":{"year":1960,"period":"1960","kind":"FHA"}},{"type":"Feature","geometry":{"type":"Point","coordinates":[-75.154641,40.047478]},"properties":{"year":1960,"period":"1960","kind":"FHA"}},{"type":"Feature","geometry":{"type":"Point","coordinates":[-75.18367,40.059719]},"properties":{"year":1960,"period":"1960","kind":"FHA"}},{"type":"Feature","geometry":{"type":"Point","coordinates":[-75.147923,40.042423]},"properties":{"year":1960,"period":"1960","kind":"FHA"}},{"type":"Feature","geometry":{"type":"Point","coordinates":[-75.134435,39.987503]},"properties":{"year":1960,"period":"1960","kind":"FHA"}},{"type":"Feature","geometry":{"type":"Point","coordinates":[-75.029527,40.107907]},"properties":{"year":1960,"period":"1960","kind":"FHA"}},{"type":"Feature","geometry":{"type":"Point","coordinates":[-75.018116,40.064413]},"properties":{"year":1960,"period":"1960","kind":"FHA"}},{"type":"Feature","geometry":{"type":"Point","coordinates":[-75.018085,40.064508]},"properties":{"year":1960,"period":"1960","kind":"FHA"}},{"type":"Feature","geometry":{"type":"Point","coordinates":[-75.064901,40.031009]},"properties":{"year":1960,"period":"1960","kind":"FHA"}},{"type":"Feature","geometry":{"type":"Point","coordinates":[-75.05912,40.035612]},"properties":{"year":1960,"period":"1960","kind":"FHA"}},{"type":"Feature","geometry":{"type":"Point","coordinates":[-75.114965,40.018137]},"properties":{"year":1960,"period":"1960","kind":"FHA"}},{"type":"Feature","geometry":{"type":"Point","coordinates":[-75.11589,40.019733]},"properties":{"year":1960,"period":"1960","kind":"FHA"}},{"type":"Feature","geometry":{"type":"Point","coordinates":[-75.235693,39.980083]},"properties":{"year":1960,"period":"1960","kind":"FHA"}},{"type":"Feature","geometry":{"type":"Point","coordinates":[-75.071947,40.06081]},"properties":{"year":1960,"period":"1960","kind":"FHA"}},{"type":"Feature","geometry":{"type":"Point","coordinates":[-75.067361,40.022203]},"properties":{"year":1960,"period":"1960","kind":"FHA"}},{"type":"Feature","geometry":{"type":"Point","coordinates":[-75.031161,40.038]},"properties":{"year":1960,"period":"1960","kind":"FHA"}},{"type":"Feature","geometry":{"type":"Point","coordinates":[-75.236173,39.948324]},"properties":{"year":1960,"period":"1960","kind":"FHA"}},{"type":"Feature","geometry":{"type":"Point","coordinates":[-75.234747,39.957325]},"properties":{"year":1960,"period":"1960","kind":"FHA"}},{"type":"Feature","geometry":{"type":"Point","coordinates":[-75.139499,40.017439]},"properties":{"year":1960,"period":"1960","kind":"FHA"}},{"type":"Feature","geometry":{"type":"Point","coordinates":[-75.090014,40.021384]},"properties":{"year":1960,"period":"1960","kind":"FHA"}},{"type":"Feature","geometry":{"type":"Point","coordinates":[-75.158332,40.063607]},"properties":{"year":1960,"period":"1960","kind":"FHA"}},{"type":"Feature","geometry":{"type":"Point","coordinates":[-75.139879,40.024508]},"properties":{"year":1960,"period":"1960","kind":"FHA"}},{"type":"Feature","geometry":{"type":"Point","coordinates":[-75.151569,40.022011]},"properties":{"year":1960,"period":"1960","kind":"FHA"}},{"type":"Feature","geometry":{"type":"Point","coordinates":[-75.166519,39.987949]},"properties":{"year":1960,"period":"1960","kind":"VA"}},{"type":"Feature","geometry":{"type":"Point","coordinates":[-75.170589,40.048585]},"properties":{"year":1960,"period":"1960","kind":"FHA"}},{"type":"Feature","geometry":{"type":"Point","coordinates":[-75.147964,40.041581]},"properties":{"year":1960,"period":"1960","kind":"FHA"}},{"type":"Feature","geometry":{"type":"Point","coordinates":[-75.210782,40.033095]},"properties":{"year":1960,"period":"1960","kind":"FHA"}},{"type":"Feature","geometry":{"type":"Point","coordinates":[-75.185802,40.053911]},"properties":{"year":1960,"period":"1960","kind":"FHA"}},{"type":"Feature","geometry":{"type":"Point","coordinates":[-75.2291065322811,39.9450328776894]},"properties":{"year":1960,"period":"1960","kind":"FHA"}},{"type":"Feature","geometry":{"type":"Point","coordinates":[-75.176985,40.04869]},"properties":{"year":1960,"period":"1960","kind":"FHA"}},{"type":"Feature","geometry":{"type":"Point","coordinates":[-75.188006,40.051421]},"properties":{"year":1960,"period":"1960","kind":"FHA"}},{"type":"Feature","geometry":{"type":"Point","coordinates":[-75.183971,40.056448]},"properties":{"year":1960,"period":"1960","kind":"FHA"}},{"type":"Feature","geometry":{"type":"Point","coordinates":[-75.227282,39.943363]},"properties":{"year":1960,"period":"1960","kind":"VA"}},{"type":"Feature","geometry":{"type":"Point","coordinates":[-75.217127,39.940137]},"properties":{"year":1960,"period":"1960","kind":"VA"}},{"type":"Feature","geometry":{"type":"Point","coordinates":[-75.226602,39.94827]},"properties":{"year":1960,"period":"1960","kind":"VA"}},{"type":"Feature","geometry":{"type":"Point","coordinates":[-75.245683,39.945526]},"properties":{"year":1960,"period":"1960","kind":"FHA"}},{"type":"Feature","geometry":{"type":"Point","coordinates":[-75.247486,39.955003]},"properties":{"year":1960,"period":"1960","kind":"VA"}},{"type":"Feature","geometry":{"type":"Point","coordinates":[-75.231919,39.952289]},"properties":{"year":1960,"period":"1960","kind":"VA"}},{"type":"Feature","geometry":{"type":"Point","coordinates":[-75.234139,39.948112]},"properties":{"year":1960,"period":"1960","kind":"FHA"}},{"type":"Feature","geometry":{"type":"Point","coordinates":[-75.146022,40.004557]},"properties":{"year":1960,"period":"1960","kind":"FHA"}},{"type":"Feature","geometry":{"type":"Point","coordinates":[-75.029722,40.059004]},"properties":{"year":1960,"period":"1960","kind":"FHA"}},{"type":"Feature","geometry":{"type":"Point","coordinates":[-74.972378,40.082981]},"properties":{"year":1960,"period":"1960","kind":"FHA"}},{"type":"Feature","geometry":{"type":"Point","coordinates":[-75.17772,39.996206]},"properties":{"year":1960,"period":"1960","kind":"FHA"}},{"type":"Feature","geometry":{"type":"Point","coordinates":[-75.093002,40.055327]},"properties":{"year":1960,"period":"1960","kind":"FHA"}},{"type":"Feature","geometry":{"type":"Point","coordinates":[-75.244389,39.976333]},"properties":{"year":1960,"period":"1960","kind":"VA"}},{"type":"Feature","geometry":{"type":"Point","coordinates":[-75.238732,39.969187]},"properties":{"year":1960,"period":"1960","kind":"FHA"}},{"type":"Feature","geometry":{"type":"Point","coordinates":[-75.227675,39.980695]},"properties":{"year":1960,"period":"1960","kind":"VA"}},{"type":"Feature","geometry":{"type":"Point","coordinates":[-75.243896,39.951283]},"properties":{"year":1960,"period":"1960","kind":"FHA"}},{"type":"Feature","geometry":{"type":"Point","coordinates":[-75.236766,39.946311]},"properties":{"year":1960,"period":"1960","kind":"VA"}},{"type":"Feature","geometry":{"type":"Point","coordinates":[-75.237321,39.956556]},"properties":{"year":1960,"period":"1960","kind":"VA"}},{"type":"Feature","geometry":{"type":"Point","coordinates":[-75.241203,39.952659]},"properties":{"year":1960,"period":"1960","kind":"FHA"}},{"type":"Feature","geometry":{"type":"Point","coordinates":[-75.15711,39.918607]},"properties":{"year":1960,"period":"1960","kind":"FHA"}},{"type":"Feature","geometry":{"type":"Point","coordinates":[-75.037424,40.033989]},"properties":{"year":1960,"period":"1960","kind":"FHA"}},{"type":"Feature","geometry":{"type":"Point","coordinates":[-75.147863,40.04959]},"properties":{"year":1960,"period":"1960","kind":"FHA"}},{"type":"Feature","geometry":{"type":"Point","coordinates":[-75.172173,40.050949]},"properties":{"year":1960,"period":"1960","kind":"FHA"}},{"type":"Feature","geometry":{"type":"Point","coordinates":[-75.149255,40.060527]},"properties":{"year":1960,"period":"1960","kind":"FHA"}},{"type":"Feature","geometry":{"type":"Point","coordinates":[-75.148366,40.006434]},"properties":{"year":1960,"period":"1960","kind":"FHA"}},{"type":"Feature","geometry":{"type":"Point","coordinates":[-75.155259,40.043877]},"properties":{"year":1960,"period":"1960","kind":"FHA"}},{"type":"Feature","geometry":{"type":"Point","coordinates":[-74.979004,40.10159]},"properties":{"year":1960,"period":"1960","kind":"VA"}},{"type":"Feature","geometry":{"type":"Point","coordinates":[-75.16135,40.059979]},"properties":{"year":1960,"period":"1960","kind":"FHA"}},{"type":"Feature","geometry":{"type":"Point","coordinates":[-75.047668,40.027963]},"properties":{"year":1960,"period":"1960","kind":"FHA"}},{"type":"Feature","geometry":{"type":"Point","coordinates":[-75.018246,40.11071]},"properties":{"year":1960,"period":"1960","kind":"FHA"}},{"type":"Feature","geometry":{"type":"Point","coordinates":[-75.13898,39.962704]},"properties":{"year":1960,"period":"1960","kind":"VA"}},{"type":"Feature","geometry":{"type":"Point","coordinates":[-75.235013,39.94472]},"properties":{"year":1960,"period":"1960","kind":"FHA"}},{"type":"Feature","geometry":{"type":"Point","coordinates":[-75.238003,39.927969]},"properties":{"year":1960,"period":"1960","kind":"FHA"}},{"type":"Feature","geometry":{"type":"Point","coordinates":[-75.241745,39.982288]},"properties":{"year":1960,"period":"1960","kind":"FHA"}},{"type":"Feature","geometry":{"type":"Point","coordinates":[-75.22177,39.952421]},"properties":{"year":1960,"period":"1960","kind":"FHA"}},{"type":"Feature","geometry":{"type":"Point","coordinates":[-75.243189,39.948806]},"properties":{"year":1960,"period":"1960","kind":"FHA"}},{"type":"Feature","geometry":{"type":"Point","coordinates":[-74.985761,40.072064]},"properties":{"year":1960,"period":"1960","kind":"FHA"}},{"type":"Feature","geometry":{"type":"Point","coordinates":[-75.018396,40.063744]},"properties":{"year":1960,"period":"1960","kind":"FHA"}},{"type":"Feature","geometry":{"type":"Point","coordinates":[-74.985652,40.071941]},"properties":{"year":1960,"period":"1960","kind":"FHA"}},{"type":"Feature","geometry":{"type":"Point","coordinates":[-75.104095,40.007268]},"properties":{"year":1960,"period":"1960","kind":"FHA"}},{"type":"Feature","geometry":{"type":"Point","coordinates":[-74.985845,40.07216]},"properties":{"year":1960,"period":"1960","kind":"FHA"}},{"type":"Feature","geometry":{"type":"Point","coordinates":[-75.018143,40.064366]},"properties":{"year":1960,"period":"1960","kind":"FHA"}},{"type":"Feature","geometry":{"type":"Point","coordinates":[-75.092384,40.030739]},"properties":{"year":1960,"period":"1960","kind":"FHA"}},{"type":"Feature","geometry":{"type":"Point","coordinates":[-74.985708,40.070594]},"properties":{"year":1960,"period":"1960","kind":"FHA"}},{"type":"Feature","geometry":{"type":"Point","coordinates":[-75.10626,39.997797]},"properties":{"year":1960,"period":"1960","kind":"FHA"}},{"type":"Feature","geometry":{"type":"Point","coordinates":[-74.973261,40.079367]},"properties":{"year":1960,"period":"1960","kind":"FHA"}},{"type":"Feature","geometry":{"type":"Point","coordinates":[-74.985688,40.071983]},"properties":{"year":1960,"period":"1960","kind":"FHA"}},{"type":"Feature","geometry":{"type":"Point","coordinates":[-74.985723,40.072023]},"properties":{"year":1960,"period":"1960","kind":"FHA"}},{"type":"Feature","geometry":{"type":"Point","coordinates":[-75.024279,40.060464]},"properties":{"year":1960,"period":"1960","kind":"FHA"}},{"type":"Feature","geometry":{"type":"Point","coordinates":[-74.985872,40.069755]},"properties":{"year":1960,"period":"1960","kind":"FHA"}},{"type":"Feature","geometry":{"type":"Point","coordinates":[-75.180785,40.055038]},"properties":{"year":1960,"period":"1960","kind":"FHA"}},{"type":"Feature","geometry":{"type":"Point","coordinates":[-75.041265,40.1057]},"properties":{"year":1960,"period":"1960","kind":"FHA"}},{"type":"Feature","geometry":{"type":"Point","coordinates":[-75.089404,40.037262]},"properties":{"year":1960,"period":"1960","kind":"FHA"}},{"type":"Feature","geometry":{"type":"Point","coordinates":[-75.033552,40.037479]},"properties":{"year":1960,"period":"1960","kind":"FHA"}},{"type":"Feature","geometry":{"type":"Point","coordinates":[-75.115974,40.031369]},"properties":{"year":1960,"period":"1960","kind":"FHA"}},{"type":"Feature","geometry":{"type":"Point","coordinates":[-75.03984,40.104939]},"properties":{"year":1960,"period":"1960","kind":"FHA"}},{"type":"Feature","geometry":{"type":"Point","coordinates":[-75.226424,39.934957]},"properties":{"year":1960,"period":"1960","kind":"FHA"}},{"type":"Feature","geometry":{"type":"Point","coordinates":[-75.152596,39.917048]},"properties":{"year":1960,"period":"1960","kind":"VA"}},{"type":"Feature","geometry":{"type":"Point","coordinates":[-75.232329,39.955162]},"properties":{"year":1960,"period":"1960","kind":"FHA"}},{"type":"Feature","geometry":{"type":"Point","coordinates":[-75.162189,39.997528]},"properties":{"year":1960,"period":"1960","kind":"FHA"}},{"type":"Feature","geometry":{"type":"Point","coordinates":[-75.104093,39.987387]},"properties":{"year":1960,"period":"1960","kind":"FHA"}},{"type":"Feature","geometry":{"type":"Point","coordinates":[-75.184474,39.927953]},"properties":{"year":1960,"period":"1960","kind":"FHA"}},{"type":"Feature","geometry":{"type":"Point","coordinates":[-75.238037,39.980106]},"properties":{"year":1960,"period":"1960","kind":"FHA"}},{"type":"Feature","geometry":{"type":"Point","coordinates":[-75.240193,39.977149]},"properties":{"year":1960,"period":"1960","kind":"VA"}},{"type":"Feature","geometry":{"type":"Point","coordinates":[-75.227271,39.952288]},"properties":{"year":1960,"period":"1960","kind":"VA"}},{"type":"Feature","geometry":{"type":"Point","coordinates":[-75.176211,39.993572]},"properties":{"year":1960,"period":"1960","kind":"VA"}},{"type":"Feature","geometry":{"type":"Point","coordinates":[-75.178607,39.994746]},"properties":{"year":1960,"period":"1960","kind":"VA"}},{"type":"Feature","geometry":{"type":"Point","coordinates":[-75.149615,40.049949]},"properties":{"year":1960,"period":"1960","kind":"FHA"}},{"type":"Feature","geometry":{"type":"Point","coordinates":[-75.152063,40.000979]},"properties":{"year":1960,"period":"1960","kind":"VA"}},{"type":"Feature","geometry":{"type":"Point","coordinates":[-75.127711,40.000816]},"properties":{"year":1960,"period":"1960","kind":"FHA"}},{"type":"Feature","geometry":{"type":"Point","coordinates":[-75.144335,39.989138]},"properties":{"year":1960,"period":"1960","kind":"VA"}},{"type":"Feature","geometry":{"type":"Point","coordinates":[-75.168386,39.987053]},"properties":{"year":1960,"period":"1960","kind":"VA"}},{"type":"Feature","geometry":{"type":"Point","coordinates":[-75.229169,39.938105]},"properties":{"year":1960,"period":"1960","kind":"FHA"}},{"type":"Feature","geometry":{"type":"Point","coordinates":[-75.231382,39.952427]},"properties":{"year":1960,"period":"1960","kind":"VA"}},{"type":"Feature","geometry":{"type":"Point","coordinates":[-75.243745,39.944993]},"properties":{"year":1960,"period":"1960","kind":"FHA"}},{"type":"Feature","geometry":{"type":"Point","coordinates":[-75.240517,39.946628]},"properties":{"year":1960,"period":"1960","kind":"FHA"}},{"type":"Feature","geometry":{"type":"Point","coordinates":[-75.161321,40.051104]},"properties":{"year":1960,"period":"1960","kind":"FHA"}},{"type":"Feature","geometry":{"type":"Point","coordinates":[-75.179667,40.037398]},"properties":{"year":1960,"period":"1960","kind":"FHA"}},{"type":"Feature","geometry":{"type":"Point","coordinates":[-75.165814,39.997192]},"properties":{"year":1960,"period":"1960","kind":"VA"}},{"type":"Feature","geometry":{"type":"Point","coordinates":[-74.976221,40.075361]},"properties":{"year":1960,"period":"1960","kind":"VA"}},{"type":"Feature","geometry":{"type":"Point","coordinates":[-74.986873,40.071707]},"properties":{"year":1960,"period":"1960","kind":"FHA"}},{"type":"Feature","geometry":{"type":"Point","coordinates":[-75.108973,40.026725]},"properties":{"year":1960,"period":"1960","kind":"FHA"}},{"type":"Feature","geometry":{"type":"Point","coordinates":[-75.107447,40.011838]},"properties":{"year":1960,"period":"1960","kind":"FHA"}},{"type":"Feature","geometry":{"type":"Point","coordinates":[-75.228422,40.046097]},"properties":{"year":1960,"period":"1960","kind":"FHA"}},{"type":"Feature","geometry":{"type":"Point","coordinates":[-75.147324,40.005113]},"properties":{"year":1960,"period":"1960","kind":"FHA"}},{"type":"Feature","geometry":{"type":"Point","coordinates":[-75.182106,39.975387]},"properties":{"year":1960,"period":"1960","kind":"VA"}},{"type":"Feature","geometry":{"type":"Point","coordinates":[-75.103915,40.000215]},"properties":{"year":1960,"period":"1960","kind":"FHA"}},{"type":"Feature","geometry":{"type":"Point","coordinates":[-75.069572,40.020266]},"properties":{"year":1960,"period":"1960","kind":"FHA"}},{"type":"Feature","geometry":{"type":"Point","coordinates":[-75.108387,40.00058]},"properties":{"year":1960,"period":"1960","kind":"FHA"}},{"type":"Feature","geometry":{"type":"Point","coordinates":[-75.03971,40.031767]},"properties":{"year":1960,"period":"1960","kind":"FHA"}},{"type":"Feature","geometry":{"type":"Point","coordinates":[-75.240653,39.951755]},"properties":{"year":1960,"period":"1960","kind":"VA"}},{"type":"Feature","geometry":{"type":"Point","coordinates":[-75.236675,39.925324]},"properties":{"year":1960,"period":"1960","kind":"FHA"}},{"type":"Feature","geometry":{"type":"Point","coordinates":[-75.240441,39.947894]},"properties":{"year":1960,"period":"1960","kind":"FHA"}},{"type":"Feature","geometry":{"type":"Point","coordinates":[-75.237996,39.974311]},"properties":{"year":1960,"period":"1960","kind":"VA"}},{"type":"Feature","geometry":{"type":"Point","coordinates":[-74.971696,40.080322]},"properties":{"year":1960,"period":"1960","kind":"FHA"}},{"type":"Feature","geometry":{"type":"Point","coordinates":[-75.186254,39.988085]},"properties":{"year":1960,"period":"1960","kind":"VA"}},{"type":"Feature","geometry":{"type":"Point","coordinates":[-75.122585,40.041521]},"properties":{"year":1960,"period":"1960","kind":"FHA"}},{"type":"Feature","geometry":{"type":"Point","coordinates":[-75.117493,40.017967]},"properties":{"year":1960,"period":"1960","kind":"FHA"}},{"type":"Feature","geometry":{"type":"Point","coordinates":[-75.1457,40.042331]},"properties":{"year":1960,"period":"1960","kind":"VA"}},{"type":"Feature","geometry":{"type":"Point","coordinates":[-75.154184,39.941647]},"properties":{"year":1960,"period":"1960","kind":"VA"}},{"type":"Feature","geometry":{"type":"Point","coordinates":[-75.235281,39.928699]},"properties":{"year":1960,"period":"1960","kind":"FHA"}},{"type":"Feature","geometry":{"type":"Point","coordinates":[-75.240553,39.951459]},"properties":{"year":1960,"period":"1960","kind":"FHA"}},{"type":"Feature","geometry":{"type":"Point","coordinates":[-75.240435,39.944268]},"properties":{"year":1960,"period":"1960","kind":"VA"}},{"type":"Feature","geometry":{"type":"Point","coordinates":[-75.19027,40.05598]},"properties":{"year":1960,"period":"1960","kind":"FHA"}},{"type":"Feature","geometry":{"type":"Point","coordinates":[-75.000952,40.064358]},"properties":{"year":1960,"period":"1960","kind":"FHA"}},{"type":"Feature","geometry":{"type":"Point","coordinates":[-74.993852,40.122514]},"properties":{"year":1960,"period":"1960","kind":"FHA"}},{"type":"Feature","geometry":{"type":"Point","coordinates":[-75.092693,40.030911]},"properties":{"year":1960,"period":"1960","kind":"FHA"}},{"type":"Feature","geometry":{"type":"Point","coordinates":[-75.212509,39.976448]},"properties":{"year":1960,"period":"1960","kind":"VA"}},{"type":"Feature","geometry":{"type":"Point","coordinates":[-75.115639,40.034736]},"properties":{"year":1960,"period":"1960","kind":"FHA"}},{"type":"Feature","geometry":{"type":"Point","coordinates":[-75.06645,40.028394]},"properties":{"year":1960,"period":"1960","kind":"FHA"}},{"type":"Feature","geometry":{"type":"Point","coordinates":[-75.153833,40.055871]},"properties":{"year":1960,"period":"1960","kind":"VA"}},{"type":"Feature","geometry":{"type":"Point","coordinates":[-75.177119,39.995443]},"properties":{"year":1960,"period":"1960","kind":"VA"}},{"type":"Feature","geometry":{"type":"Point","coordinates":[-75.183121,40.060645]},"properties":{"year":1960,"period":"1960","kind":"FHA"}},{"type":"Feature","geometry":{"type":"Point","coordinates":[-75.240967,39.974924]},"properties":{"year":1960,"period":"1960","kind":"VA"}},{"type":"Feature","geometry":{"type":"Point","coordinates":[-75.148379,40.015313]},"properties":{"year":1960,"period":"1960","kind":"FHA"}},{"type":"Feature","geometry":{"type":"Point","coordinates":[-75.181266,40.06074]},"properties":{"year":1960,"period":"1960","kind":"FHA"}},{"type":"Feature","geometry":{"type":"Point","coordinates":[-75.138779,40.027469]},"properties":{"year":1960,"period":"1960","kind":"FHA"}},{"type":"Feature","geometry":{"type":"Point","coordinates":[-75.161581,40.046349]},"properties":{"year":1960,"period":"1960","kind":"FHA"}},{"type":"Feature","geometry":{"type":"Point","coordinates":[-74.972268,40.082807]},"properties":{"year":1960,"period":"1960","kind":"FHA"}},{"type":"Feature","geometry":{"type":"Point","coordinates":[-75.144537,39.991458]},"properties":{"year":1960,"period":"1960","kind":"FHA"}},{"type":"Feature","geometry":{"type":"Point","coordinates":[-75.122306,40.023095]},"properties":{"year":1960,"period":"1960","kind":"FHA"}},{"type":"Feature","geometry":{"type":"Point","coordinates":[-75.103506,40.042716]},"properties":{"year":1960,"period":"1960","kind":"FHA"}},{"type":"Feature","geometry":{"type":"Point","coordinates":[-75.222974,39.955031]},"properties":{"year":1960,"period":"1960","kind":"VA"}},{"type":"Feature","geometry":{"type":"Point","coordinates":[-75.228616,39.933139]},"properties":{"year":1960,"period":"1960","kind":"FHA"}},{"type":"Feature","geometry":{"type":"Point","coordinates":[-75.231483,39.952103]},"properties":{"year":1960,"period":"1960","kind":"FHA"}},{"type":"Feature","geometry":{"type":"Point","coordinates":[-75.128031,40.026313]},"properties":{"year":1960,"period":"1960","kind":"FHA"}},{"type":"Feature","geometry":{"type":"Point","coordinates":[-75.184792,40.055398]},"properties":{"year":1960,"period":"1960","kind":"FHA"}},{"type":"Feature","geometry":{"type":"Point","coordinates":[-75.214691,39.950542]},"properties":{"year":1960,"period":"1960","kind":"FHA"}},{"type":"Feature","geometry":{"type":"Point","coordinates":[-75.160926,39.98077]},"properties":{"year":1960,"period":"1960","kind":"VA"}},{"type":"Feature","geometry":{"type":"Point","coordinates":[-74.971755,40.080732]},"properties":{"year":1960,"period":"1960","kind":"FHA"}},{"type":"Feature","geometry":{"type":"Point","coordinates":[-74.971718,40.080777]},"properties":{"year":1960,"period":"1960","kind":"FHA"}},{"type":"Feature","geometry":{"type":"Point","coordinates":[-74.972294,40.082851]},"properties":{"year":1960,"period":"1960","kind":"FHA"}},{"type":"Feature","geometry":{"type":"Point","coordinates":[-75.064154,40.014388]},"properties":{"year":1960,"period":"1960","kind":"FHA"}},{"type":"Feature","geometry":{"type":"Point","coordinates":[-75.148067,40.0409]},"properties":{"year":1960,"period":"1960","kind":"FHA"}},{"type":"Feature","geometry":{"type":"Point","coordinates":[-75.16078,40.068107]},"properties":{"year":1960,"period":"1960","kind":"FHA"}},{"type":"Feature","geometry":{"type":"Point","coordinates":[-75.156259,40.054654]},"properties":{"year":1960,"period":"1960","kind":"FHA"}},{"type":"Feature","geometry":{"type":"Point","coordinates":[-75.229173,39.940186]},"properties":{"year":1960,"period":"1960","kind":"FHA"}},{"type":"Feature","geometry":{"type":"Point","coordinates":[-75.231766,39.954887]},"properties":{"year":1960,"period":"1960","kind":"VA"}},{"type":"Feature","geometry":{"type":"Point","coordinates":[-75.16105,39.914482]},"properties":{"year":1960,"period":"1960","kind":"FHA"}},{"type":"Feature","geometry":{"type":"Point","coordinates":[-74.972442,40.083086]},"properties":{"year":1960,"period":"1960","kind":"FHA"}},{"type":"Feature","geometry":{"type":"Point","coordinates":[-75.145539,39.974539]},"properties":{"year":1960,"period":"1960","kind":"VA"}},{"type":"Feature","geometry":{"type":"Point","coordinates":[-75.242959,39.958709]},"properties":{"year":1960,"period":"1960","kind":"FHA"}},{"type":"Feature","geometry":{"type":"Point","coordinates":[-75.187073,40.03896]},"properties":{"year":1960,"period":"1960","kind":"FHA"}},{"type":"Feature","geometry":{"type":"Point","coordinates":[-75.022526,40.111359]},"properties":{"year":1960,"period":"1960","kind":"FHA"}},{"type":"Feature","geometry":{"type":"Point","coordinates":[-75.022472,40.11125]},"properties":{"year":1960,"period":"1960","kind":"FHA"}},{"type":"Feature","geometry":{"type":"Point","coordinates":[-75.02241,40.111176]},"properties":{"year":1960,"period":"1960","kind":"FHA"}},{"type":"Feature","geometry":{"type":"Point","coordinates":[-75.022183,40.110927]},"properties":{"year":1960,"period":"1960","kind":"FHA"}},{"type":"Feature","geometry":{"type":"Point","coordinates":[-75.022361,40.111095]},"properties":{"year":1960,"period":"1960","kind":"FHA"}},{"type":"Feature","geometry":{"type":"Point","coordinates":[-75.022655,40.110833]},"properties":{"year":1960,"period":"1960","kind":"FHA"}},{"type":"Feature","geometry":{"type":"Point","coordinates":[-75.022544,40.110792]},"properties":{"year":1960,"period":"1960","kind":"FHA"}},{"type":"Feature","geometry":{"type":"Point","coordinates":[-75.022432,40.110751]},"properties":{"year":1960,"period":"1960","kind":"FHA"}},{"type":"Feature","geometry":{"type":"Point","coordinates":[-75.022187,40.110719]},"properties":{"year":1960,"period":"1960","kind":"FHA"}},{"type":"Feature","geometry":{"type":"Point","coordinates":[-75.224101,39.937901]},"properties":{"year":1960,"period":"1960","kind":"FHA"}},{"type":"Feature","geometry":{"type":"Point","coordinates":[-75.269231,39.97307]},"properties":{"year":1960,"period":"1960","kind":"FHA"}},{"type":"Feature","geometry":{"type":"Point","coordinates":[-75.235268,39.946415]},"properties":{"year":1960,"period":"1960","kind":"FHA"}},{"type":"Feature","geometry":{"type":"Point","coordinates":[-75.14591,39.975546]},"properties":{"year":1960,"period":"1960","kind":"FHA"}},{"type":"Feature","geometry":{"type":"Point","coordinates":[-75.190628,40.056199]},"properties":{"year":1960,"period":"1960","kind":"FHA"}},{"type":"Feature","geometry":{"type":"Point","coordinates":[-75.018629,40.063548]},"properties":{"year":1960,"period":"1960","kind":"FHA"}},{"type":"Feature","geometry":{"type":"Point","coordinates":[-74.994685,40.1225]},"properties":{"year":1960,"period":"1960","kind":"FHA"}},{"type":"Feature","geometry":{"type":"Point","coordinates":[-75.11922,40.024407]},"properties":{"year":1960,"period":"1960","kind":"FHA"}},{"type":"Feature","geometry":{"type":"Point","coordinates":[-75.018451,40.063604]},"properties":{"year":1960,"period":"1960","kind":"FHA"}},{"type":"Feature","geometry":{"type":"Point","coordinates":[-74.985954,40.072284]},"properties":{"year":1960,"period":"1960","kind":"FHA"}},{"type":"Feature","geometry":{"type":"Point","coordinates":[-74.987309,40.071855]},"properties":{"year":1960,"period":"1960","kind":"FHA"}},{"type":"Feature","geometry":{"type":"Point","coordinates":[-74.986031,40.072363]},"properties":{"year":1960,"period":"1960","kind":"FHA"}},{"type":"Feature","geometry":{"type":"Point","coordinates":[-75.148347,40.049226]},"properties":{"year":1960,"period":"1960","kind":"FHA"}},{"type":"Feature","geometry":{"type":"Point","coordinates":[-74.986122,40.072436]},"properties":{"year":1960,"period":"1960","kind":"FHA"}},{"type":"Feature","geometry":{"type":"Point","coordinates":[-74.986073,40.072401]},"properties":{"year":1960,"period":"1960","kind":"FHA"}},{"type":"Feature","geometry":{"type":"Point","coordinates":[-75.183535,39.980041]},"properties":{"year":1960,"period":"1960","kind":"VA"}},{"type":"Feature","geometry":{"type":"Point","coordinates":[-75.153663,39.99466]},"properties":{"year":1960,"period":"1960","kind":"FHA"}},{"type":"Feature","geometry":{"type":"Point","coordinates":[-75.185617,39.988331]},"properties":{"year":1960,"period":"1960","kind":"VA"}},{"type":"Feature","geometry":{"type":"Point","coordinates":[-75.146018,39.976235]},"properties":{"year":1960,"period":"1960","kind":"VA"}},{"type":"Feature","geometry":{"type":"Point","coordinates":[-75.159325,39.912846]},"properties":{"year":1960,"period":"1960","kind":"VA"}},{"type":"Feature","geometry":{"type":"Point","coordinates":[-74.98162,40.09126]},"properties":{"year":1960,"period":"1960","kind":"FHA"}},{"type":"Feature","geometry":{"type":"Point","coordinates":[-74.9811,40.090753]},"properties":{"year":1960,"period":"1960","kind":"FHA"}},{"type":"Feature","geometry":{"type":"Point","coordinates":[-74.979811,40.090367]},"properties":{"year":1960,"period":"1960","kind":"FHA"}},{"type":"Feature","geometry":{"type":"Point","coordinates":[-74.980462,40.089537]},"properties":{"year":1960,"period":"1960","kind":"FHA"}},{"type":"Feature","geometry":{"type":"Point","coordinates":[-74.979902,40.090286]},"properties":{"year":1960,"period":"1960","kind":"FHA"}},{"type":"Feature","geometry":{"type":"Point","coordinates":[-74.981238,40.089778]},"properties":{"year":1960,"period":"1960","kind":"FHA"}},{"type":"Feature","geometry":{"type":"Point","coordinates":[-74.978978,40.090711]},"properties":{"year":1960,"period":"1960","kind":"FHA"}},{"type":"Feature","geometry":{"type":"Point","coordinates":[-74.981222,40.091955]},"properties":{"year":1960,"period":"1960","kind":"FHA"}},{"type":"Feature","geometry":{"type":"Point","coordinates":[-75.148697,40.010556]},"properties":{"year":1960,"period":"1960","kind":"VA"}},{"type":"Feature","geometry":{"type":"Point","coordinates":[-75.194692,39.967375]},"properties":{"year":1960,"period":"1960","kind":"VA"}},{"type":"Feature","geometry":{"type":"Point","coordinates":[-75.184693,39.984601]},"properties":{"year":1960,"period":"1960","kind":"FHA"}},{"type":"Feature","geometry":{"type":"Point","coordinates":[-75.239674,39.977466]},"properties":{"year":1960,"period":"1960","kind":"FHA"}},{"type":"Feature","geometry":{"type":"Point","coordinates":[-75.237659,39.978753]},"properties":{"year":1960,"period":"1960","kind":"VA"}},{"type":"Feature","geometry":{"type":"Point","coordinates":[-75.218117,39.93924]},"properties":{"year":1960,"period":"1960","kind":"FHA"}},{"type":"Feature","geometry":{"type":"Point","coordinates":[-75.236001,39.948094]},"properties":{"year":1960,"period":"1960","kind":"FHA"}},{"type":"Feature","geometry":{"type":"Point","coordinates":[-75.225623,39.946517]},"properties":{"year":1960,"period":"1960","kind":"VA"}},{"type":"Feature","geometry":{"type":"Point","coordinates":[-75.181658,39.927723]},"properties":{"year":1960,"period":"1960","kind":"FHA"}},{"type":"Feature","geometry":{"type":"Point","coordinates":[-75.244137,39.95787]},"properties":{"year":1960,"period":"1960","kind":"FHA"}},{"type":"Feature","geometry":{"type":"Point","coordinates":[-75.063438,40.023725]},"properties":{"year":1960,"period":"1960","kind":"FHA"}},{"type":"Feature","geometry":{"type":"Point","coordinates":[-75.150815,40.004104]},"properties":{"year":1960,"period":"1960","kind":"FHA"}},{"type":"Feature","geometry":{"type":"Point","coordinates":[-75.034717,40.023953]},"properties":{"year":1960,"period":"1960","kind":"VA"}},{"type":"Feature","geometry":{"type":"Point","coordinates":[-75.193051,39.963893]},"properties":{"year":1960,"period":"1960","kind":"FHA"}},{"type":"Feature","geometry":{"type":"Point","coordinates":[-75.156098,39.990186]},"properties":{"year":1960,"period":"1960","kind":"VA"}},{"type":"Feature","geometry":{"type":"Point","coordinates":[-75.014396,40.060747]},"properties":{"year":1960,"period":"1960","kind":"FHA"}},{"type":"Feature","geometry":{"type":"Point","coordinates":[-75.221169,39.954727]},"properties":{"year":1960,"period":"1960","kind":"FHA"}},{"type":"Feature","geometry":{"type":"Point","coordinates":[-75.232739,39.950302]},"properties":{"year":1960,"period":"1960","kind":"FHA"}},{"type":"Feature","geometry":{"type":"Point","coordinates":[-75.162309,40.029629]},"properties":{"year":1960,"period":"1960","kind":"VA"}},{"type":"Feature","geometry":{"type":"Point","coordinates":[-75.104766,39.998012]},"properties":{"year":1960,"period":"1960","kind":"FHA"}},{"type":"Feature","geometry":{"type":"Point","coordinates":[-75.106084,40.009061]},"properties":{"year":1960,"period":"1960","kind":"FHA"}},{"type":"Feature","geometry":{"type":"Point","coordinates":[-75.169523,40.040243]},"properties":{"year":1960,"period":"1960","kind":"FHA"}},{"type":"Feature","geometry":{"type":"Point","coordinates":[-75.179579,40.051731]},"properties":{"year":1960,"period":"1960","kind":"FHA"}},{"type":"Feature","geometry":{"type":"Point","coordinates":[-75.152151,40.046662]},"properties":{"year":1960,"period":"1960","kind":"FHA"}},{"type":"Feature","geometry":{"type":"Point","coordinates":[-75.136075,40.026839]},"properties":{"year":1960,"period":"1960","kind":"FHA"}},{"type":"Feature","geometry":{"type":"Point","coordinates":[-75.237942,39.968274]},"properties":{"year":1960,"period":"1960","kind":"FHA"}},{"type":"Feature","geometry":{"type":"Point","coordinates":[-75.044997,40.026346]},"properties":{"year":1960,"period":"1960","kind":"FHA"}},{"type":"Feature","geometry":{"type":"Point","coordinates":[-75.054196,40.063261]},"properties":{"year":1960,"period":"1960","kind":"FHA"}},{"type":"Feature","geometry":{"type":"Point","coordinates":[-75.077411,40.029633]},"properties":{"year":1960,"period":"1960","kind":"FHA"}},{"type":"Feature","geometry":{"type":"Point","coordinates":[-75.143101,40.010832]},"properties":{"year":1960,"period":"1960","kind":"FHA"}},{"type":"Feature","geometry":{"type":"Point","coordinates":[-75.238732,39.947091]},"properties":{"year":1960,"period":"1960","kind":"VA"}},{"type":"Feature","geometry":{"type":"Point","coordinates":[-75.236422,39.947396]},"properties":{"year":1960,"period":"1960","kind":"VA"}},{"type":"Feature","geometry":{"type":"Point","coordinates":[-75.156664,39.923784]},"properties":{"year":1960,"period":"1960","kind":"VA"}},{"type":"Feature","geometry":{"type":"Point","coordinates":[-75.216264,39.939192]},"properties":{"year":1960,"period":"1960","kind":"VA"}},{"type":"Feature","geometry":{"type":"Point","coordinates":[-75.240642,39.951298]},"properties":{"year":1960,"period":"1960","kind":"VA"}},{"type":"Feature","geometry":{"type":"Point","coordinates":[-75.229076,39.940636]},"properties":{"year":1960,"period":"1960","kind":"VA"}},{"type":"Feature","geometry":{"type":"Point","coordinates":[-75.170206,39.993627]},"properties":{"year":1960,"period":"1960","kind":"VA"}},{"type":"Feature","geometry":{"type":"Point","coordinates":[-75.244326,39.975993]},"properties":{"year":1960,"period":"1960","kind":"FHA"}},{"type":"Feature","geometry":{"type":"Point","coordinates":[-75.232957,39.929465]},"properties":{"year":1960,"period":"1960","kind":"FHA"}},{"type":"Feature","geometry":{"type":"Point","coordinates":[-74.971969,40.082335]},"properties":{"year":1960,"period":"1960","kind":"FHA"}},{"type":"Feature","geometry":{"type":"Point","coordinates":[-75.17904,39.984406]},"properties":{"year":1960,"period":"1960","kind":"VA"}},{"type":"Feature","geometry":{"type":"Point","coordinates":[-75.230079,39.93294]},"properties":{"year":1960,"period":"1960","kind":"FHA"}},{"type":"Feature","geometry":{"type":"Point","coordinates":[-74.972085,40.082518]},"properties":{"year":1960,"period":"1960","kind":"FHA"}},{"type":"Feature","geometry":{"type":"Point","coordinates":[-75.230555,39.926731]},"properties":{"year":1960,"period":"1960","kind":"VA"}},{"type":"Feature","geometry":{"type":"Point","coordinates":[-74.972348,40.082937]},"properties":{"year":1960,"period":"1960","kind":"FHA"}},{"type":"Feature","geometry":{"type":"Point","coordinates":[-75.240076,39.978323]},"properties":{"year":1960,"period":"1960","kind":"FHA"}},{"type":"Feature","geometry":{"type":"Point","coordinates":[-74.972,40.082381]},"properties":{"year":1960,"period":"1960","kind":"FHA"}},{"type":"Feature","geometry":{"type":"Point","coordinates":[-74.971942,40.082289]},"properties":{"year":1960,"period":"1960","kind":"FHA"}},{"type":"Feature","geometry":{"type":"Point","coordinates":[-74.972029,40.082428]},"properties":{"year":1960,"period":"1960","kind":"FHA"}},{"type":"Feature","geometry":{"type":"Point","coordinates":[-75.206776,39.969313]},"properties":{"year":1960,"period":"1960","kind":"VA"}},{"type":"Feature","geometry":{"type":"Point","coordinates":[-75.245715,39.963076]},"properties":{"year":1960,"period":"1960","kind":"VA"}},{"type":"Feature","geometry":{"type":"Point","coordinates":[-75.238627,39.924937]},"properties":{"year":1960,"period":"1960","kind":"FHA"}},{"type":"Feature","geometry":{"type":"Point","coordinates":[-75.216346,39.941352]},"properties":{"year":1960,"period":"1960","kind":"FHA"}},{"type":"Feature","geometry":{"type":"Point","coordinates":[-75.243507,39.963761]},"properties":{"year":1960,"period":"1960","kind":"VA"}},{"type":"Feature","geometry":{"type":"Point","coordinates":[-75.055627,40.015473]},"properties":{"year":1960,"period":"1960","kind":"FHA"}},{"type":"Feature","geometry":{"type":"Point","coordinates":[-75.149071,40.025708]},"properties":{"year":1960,"period":"1960","kind":"FHA"}},{"type":"Feature","geometry":{"type":"Point","coordinates":[-75.164199,40.026102]},"properties":{"year":1960,"period":"1960","kind":"FHA"}},{"type":"Feature","geometry":{"type":"Point","coordinates":[-75.145442,40.065836]},"properties":{"year":1960,"period":"1960","kind":"FHA"}},{"type":"Feature","geometry":{"type":"Point","coordinates":[-75.068711,40.020486]},"properties":{"year":1960,"period":"1960","kind":"FHA"}},{"type":"Feature","geometry":{"type":"Point","coordinates":[-75.18918,39.928279]},"properties":{"year":1960,"period":"1960","kind":"FHA"}},{"type":"Feature","geometry":{"type":"Point","coordinates":[-75.240284,39.94767]},"properties":{"year":1960,"period":"1960","kind":"VA"}},{"type":"Feature","geometry":{"type":"Point","coordinates":[-75.23101,39.931471]},"properties":{"year":1960,"period":"1960","kind":"FHA"}},{"type":"Feature","geometry":{"type":"Point","coordinates":[-75.141212,40.03334]},"properties":{"year":1960,"period":"1960","kind":"FHA"}},{"type":"Feature","geometry":{"type":"Point","coordinates":[-75.147545,40.04751]},"properties":{"year":1960,"period":"1960","kind":"FHA"}},{"type":"Feature","geometry":{"type":"Point","coordinates":[-75.019287,40.039443]},"properties":{"year":1960,"period":"1960","kind":"FHA"}},{"type":"Feature","geometry":{"type":"Point","coordinates":[-75.121956,40.040264]},"properties":{"year":1960,"period":"1960","kind":"FHA"}},{"type":"Feature","geometry":{"type":"Point","coordinates":[-74.987299,40.071904]},"properties":{"year":1960,"period":"1960","kind":"FHA"}},{"type":"Feature","geometry":{"type":"Point","coordinates":[-75.147747,39.930088]},"properties":{"year":1960,"period":"1960","kind":"FHA"}},{"type":"Feature","geometry":{"type":"Point","coordinates":[-74.984978,40.068339]},"properties":{"year":1960,"period":"1960","kind":"FHA"}},{"type":"Feature","geometry":{"type":"Point","coordinates":[-74.979316,40.095964]},"properties":{"year":1960,"period":"1960","kind":"FHA"}},{"type":"Feature","geometry":{"type":"Point","coordinates":[-75.123778,40.001957]},"properties":{"year":1960,"period":"1960","kind":"FHA"}},{"type":"Feature","geometry":{"type":"Point","coordinates":[-75.019173,40.06514]},"properties":{"year":1960,"period":"1960","kind":"FHA"}},{"type":"Feature","geometry":{"type":"Point","coordinates":[-74.985571,40.068199]},"properties":{"year":1960,"period":"1960","kind":"FHA"}},{"type":"Feature","geometry":{"type":"Point","coordinates":[-75.167857,39.997478]},"properties":{"year":1960,"period":"1960","kind":"FHA"}},{"type":"Feature","geometry":{"type":"Point","coordinates":[-75.156557,40.04996]},"properties":{"year":1960,"period":"1960","kind":"FHA"}},{"type":"Feature","geometry":{"type":"Point","coordinates":[-75.157749,39.925561]},"properties":{"year":1960,"period":"1960","kind":"FHA"}},{"type":"Feature","geometry":{"type":"Point","coordinates":[-75.184565,39.995438]},"properties":{"year":1960,"period":"1960","kind":"VA"}},{"type":"Feature","geometry":{"type":"Point","coordinates":[-75.184152,40.051407]},"properties":{"year":1960,"period":"1960","kind":"FHA"}},{"type":"Feature","geometry":{"type":"Point","coordinates":[-75.167486,39.997014]},"properties":{"year":1960,"period":"1960","kind":"VA"}},{"type":"Feature","geometry":{"type":"Point","coordinates":[-75.168027,39.972325]},"properties":{"year":1960,"period":"1960","kind":"VA"}},{"type":"Feature","geometry":{"type":"Point","coordinates":[-75.235683,39.953831]},"properties":{"year":1960,"period":"1960","kind":"FHA"}},{"type":"Feature","geometry":{"type":"Point","coordinates":[-75.241386,39.976595]},"properties":{"year":1960,"period":"1960","kind":"FHA"}},{"type":"Feature","geometry":{"type":"Point","coordinates":[-75.216095,39.96322]},"properties":{"year":1960,"period":"1960","kind":"VA"}},{"type":"Feature","geometry":{"type":"Point","coordinates":[-75.078542,40.045484]},"properties":{"year":1960,"period":"1960","kind":"FHA"}},{"type":"Feature","geometry":{"type":"Point","coordinates":[-75.162917,40.024329]},"properties":{"year":1960,"period":"1960","kind":"FHA"}},{"type":"Feature","geometry":{"type":"Point","coordinates":[-75.090963,40.031899]},"properties":{"year":1960,"period":"1960","kind":"FHA"}},{"type":"Feature","geometry":{"type":"Point","coordinates":[-75.018818,40.064138]},"properties":{"year":1960,"period":"1960","kind":"FHA"}},{"type":"Feature","geometry":{"type":"Point","coordinates":[-75.060164,40.096807]},"properties":{"year":1960,"period":"1960","kind":"FHA"}},{"type":"Feature","geometry":{"type":"Point","coordinates":[-75.156541,40.057922]},"properties":{"year":1960,"period":"1960","kind":"FHA"}},{"type":"Feature","geometry":{"type":"Point","coordinates":[-75.177987,39.988669]},"properties":{"year":1960,"period":"1960","kind":"FHA"}},{"type":"Feature","geometry":{"type":"Point","coordinates":[-74.972214,40.08272]},"properties":{"year":1960,"period":"1960","kind":"FHA"}},{"type":"Feature","geometry":{"type":"Point","coordinates":[-74.972174,40.082659]},"properties":{"year":1960,"period":"1960","kind":"FHA"}},{"type":"Feature","geometry":{"type":"Point","coordinates":[-75.080197,40.019616]},"properties":{"year":1960,"period":"1960","kind":"FHA"}},{"type":"Feature","geometry":{"type":"Point","coordinates":[-75.170537,39.993511]},"properties":{"year":1960,"period":"1960","kind":"FHA"}},{"type":"Feature","geometry":{"type":"Point","coordinates":[-75.075176,40.020575]},"properties":{"year":1960,"period":"1960","kind":"VA"}},{"type":"Feature","geometry":{"type":"Point","coordinates":[-75.107628,40.045514]},"properties":{"year":1960,"period":"1960","kind":"VA"}},{"type":"Feature","geometry":{"type":"Point","coordinates":[-75.183036,39.995026]},"properties":{"year":1960,"period":"1960","kind":"VA"}},{"type":"Feature","geometry":{"type":"Point","coordinates":[-75.148157,40.039711]},"properties":{"year":1960,"period":"1960","kind":"FHA"}},{"type":"Feature","geometry":{"type":"Point","coordinates":[-75.214874,39.955116]},"properties":{"year":1960,"period":"1960","kind":"FHA"}},{"type":"Feature","geometry":{"type":"Point","coordinates":[-75.246552,39.960549]},"properties":{"year":1960,"period":"1960","kind":"FHA"}},{"type":"Feature","geometry":{"type":"Point","coordinates":[-75.244187,39.948197]},"properties":{"year":1960,"period":"1960","kind":"FHA"}},{"type":"Feature","geometry":{"type":"Point","coordinates":[-75.18152,39.985672]},"properties":{"year":1960,"period":"1960","kind":"FHA"}},{"type":"Feature","geometry":{"type":"Point","coordinates":[-75.230394,39.970731]},"properties":{"year":1960,"period":"1960","kind":"VA"}},{"type":"Feature","geometry":{"type":"Point","coordinates":[-75.229394,39.940138]},"properties":{"year":1960,"period":"1960","kind":"VA"}},{"type":"Feature","geometry":{"type":"Point","coordinates":[-75.233852,39.941736]},"properties":{"year":1960,"period":"1960","kind":"FHA"}},{"type":"Feature","geometry":{"type":"Point","coordinates":[-75.12076,40.04168]},"properties":{"year":1960,"period":"1960","kind":"FHA"}},{"type":"Feature","geometry":{"type":"Point","coordinates":[-75.176341,40.045413]},"properties":{"year":1960,"period":"1960","kind":"FHA"}},{"type":"Feature","geometry":{"type":"Point","coordinates":[-75.183229,40.057414]},"properties":{"year":1960,"period":"1960","kind":"VA"}},{"type":"Feature","geometry":{"type":"Point","coordinates":[-75.193854,40.046876]},"properties":{"year":1960,"period":"1960","kind":"FHA"}},{"type":"Feature","geometry":{"type":"Point","coordinates":[-74.985905,40.072229]},"properties":{"year":1960,"period":"1960","kind":"FHA"}},{"type":"Feature","geometry":{"type":"Point","coordinates":[-74.98722,40.072145]},"properties":{"year":1960,"period":"1960","kind":"FHA"}},{"type":"Feature","geometry":{"type":"Point","coordinates":[-75.171769,40.047922]},"properties":{"year":1960,"period":"1960","kind":"FHA"}},{"type":"Feature","geometry":{"type":"Point","coordinates":[-74.987279,40.072001]},"properties":{"year":1960,"period":"1960","kind":"FHA"}},{"type":"Feature","geometry":{"type":"Point","coordinates":[-74.987266,40.072051]},"properties":{"year":1960,"period":"1960","kind":"FHA"}},{"type":"Feature","geometry":{"type":"Point","coordinates":[-74.987249,40.0721]},"properties":{"year":1960,"period":"1960","kind":"FHA"}},{"type":"Feature","geometry":{"type":"Point","coordinates":[-75.150935,39.940241]},"properties":{"year":1960,"period":"1960","kind":"FHA"}},{"type":"Feature","geometry":{"type":"Point","coordinates":[-74.97459,40.076258]},"properties":{"year":1960,"period":"1960","kind":"VA"}},{"type":"Feature","geometry":{"type":"Point","coordinates":[-75.062496,40.044865]},"properties":{"year":1960,"period":"1960","kind":"FHA"}},{"type":"Feature","geometry":{"type":"Point","coordinates":[-75.108279,40.007906]},"properties":{"year":1960,"period":"1960","kind":"FHA"}},{"type":"Feature","geometry":{"type":"Point","coordinates":[-75.148596,39.987848]},"properties":{"year":1960,"period":"1960","kind":"VA"}},{"type":"Feature","geometry":{"type":"Point","coordinates":[-75.148656,39.966017]},"properties":{"year":1960,"period":"1960","kind":"FHA"}},{"type":"Feature","geometry":{"type":"Point","coordinates":[-75.099616,40.043533]},"properties":{"year":1960,"period":"1960","kind":"FHA"}},{"type":"Feature","geometry":{"type":"Point","coordinates":[-75.124769,40.043451]},"properties":{"year":1960,"period":"1960","kind":"FHA"}},{"type":"Feature","geometry":{"type":"Point","coordinates":[-75.157398,40.053749]},"properties":{"year":1960,"period":"1960","kind":"FHA"}},{"type":"Feature","geometry":{"type":"Point","coordinates":[-75.226916,39.956668]},"properties":{"year":1960,"period":"1960","kind":"VA"}},{"type":"Feature","geometry":{"type":"Point","coordinates":[-75.233621,39.953286]},"properties":{"year":1960,"period":"1960","kind":"FHA"}},{"type":"Feature","geometry":{"type":"Point","coordinates":[-75.147092,39.923716]},"properties":{"year":1960,"period":"1960","kind":"VA"}},{"type":"Feature","geometry":{"type":"Point","coordinates":[-75.153008,39.920407]},"properties":{"year":1960,"period":"1960","kind":"VA"}},{"type":"Feature","geometry":{"type":"Point","coordinates":[-74.972057,40.082473]},"properties":{"year":1960,"period":"1960","kind":"FHA"}},{"type":"Feature","geometry":{"type":"Point","coordinates":[-75.176338,39.997718]},"properties":{"year":1960,"period":"1960","kind":"VA"}},{"type":"Feature","geometry":{"type":"Point","coordinates":[-75.244415,39.959052]},"properties":{"year":1960,"period":"1960","kind":"FHA"}},{"type":"Feature","geometry":{"type":"Point","coordinates":[-75.169756,40.074586]},"properties":{"year":1960,"period":"1960","kind":"FHA"}},{"type":"Feature","geometry":{"type":"Point","coordinates":[-75.163132,40.039081]},"properties":{"year":1960,"period":"1960","kind":"FHA"}},{"type":"Feature","geometry":{"type":"Point","coordinates":[-75.145754,40.041151]},"properties":{"year":1960,"period":"1960","kind":"FHA"}},{"type":"Feature","geometry":{"type":"Point","coordinates":[-75.149662,40.050679]},"properties":{"year":1960,"period":"1960","kind":"FHA"}},{"type":"Feature","geometry":{"type":"Point","coordinates":[-75.23335,39.940815]},"properties":{"year":1960,"period":"1960","kind":"VA"}},{"type":"Feature","geometry":{"type":"Point","coordinates":[-75.245243,39.955277]},"properties":{"year":1960,"period":"1960","kind":"FHA"}},{"type":"Feature","geometry":{"type":"Point","coordinates":[-75.239703,39.952772]},"properties":{"year":1960,"period":"1960","kind":"FHA"}},{"type":"Feature","geometry":{"type":"Point","coordinates":[-75.168855,40.025309]},"properties":{"year":1960,"period":"1960","kind":"FHA"}},{"type":"Feature","geometry":{"type":"Point","coordinates":[-74.986184,40.071757]},"properties":{"year":1960,"period":"1960","kind":"FHA"}},{"type":"Feature","geometry":{"type":"Point","coordinates":[-74.986576,40.072564]},"properties":{"year":1960,"period":"1960","kind":"FHA"}},{"type":"Feature","geometry":{"type":"Point","coordinates":[-74.986786,40.072486]},"properties":{"year":1960,"period":"1960","kind":"FHA"}},{"type":"Feature","geometry":{"type":"Point","coordinates":[-74.987018,40.072393]},"properties":{"year":1960,"period":"1960","kind":"FHA"}},{"type":"Feature","geometry":{"type":"Point","coordinates":[-74.987069,40.072363]},"properties":{"year":1960,"period":"1960","kind":"FHA"}},{"type":"Feature","geometry":{"type":"Point","coordinates":[-74.987161,40.072327]},"properties":{"year":1960,"period":"1960","kind":"FHA"}},{"type":"Feature","geometry":{"type":"Point","coordinates":[-74.986636,40.072086]},"properties":{"year":1960,"period":"1960","kind":"FHA"}},{"type":"Feature","geometry":{"type":"Point","coordinates":[-75.27001,39.975502]},"properties":{"year":1960,"period":"1960","kind":"FHA"}},{"type":"Feature","geometry":{"type":"Point","coordinates":[-75.185331,39.994221]},"properties":{"year":1960,"period":"1960","kind":"VA"}},{"type":"Feature","geometry":{"type":"Point","coordinates":[-75.140205,39.98851]},"properties":{"year":1960,"period":"1960","kind":"FHA"}},{"type":"Feature","geometry":{"type":"Point","coordinates":[-75.027188,40.034609]},"properties":{"year":1960,"period":"1960","kind":"FHA"}},{"type":"Feature","geometry":{"type":"Point","coordinates":[-75.145257,40.040107]},"properties":{"year":1960,"period":"1960","kind":"FHA"}},{"type":"Feature","geometry":{"type":"Point","coordinates":[-75.146165,40.023663]},"properties":{"year":1960,"period":"1960","kind":"FHA"}},{"type":"Feature","geometry":{"type":"Point","coordinates":[-75.161729,39.992137]},"properties":{"year":1960,"period":"1960","kind":"VA"}},{"type":"Feature","geometry":{"type":"Point","coordinates":[-75.068323,40.020019]},"properties":{"year":1960,"period":"1960","kind":"FHA"}},{"type":"Feature","geometry":{"type":"Point","coordinates":[-75.213692,40.032135]},"properties":{"year":1960,"period":"1960","kind":"FHA"}},{"type":"Feature","geometry":{"type":"Point","coordinates":[-75.088782,39.989271]},"properties":{"year":1960,"period":"1960","kind":"FHA"}},{"type":"Feature","geometry":{"type":"Point","coordinates":[-75.239015,39.952192]},"properties":{"year":1960,"period":"1960","kind":"FHA"}},{"type":"Feature","geometry":{"type":"Point","coordinates":[-75.231765,39.923092]},"properties":{"year":1960,"period":"1960","kind":"FHA"}},{"type":"Feature","geometry":{"type":"Point","coordinates":[-75.234987,39.942298]},"properties":{"year":1960,"period":"1960","kind":"VA"}},{"type":"Feature","geometry":{"type":"Point","coordinates":[-75.238537,39.98617]},"properties":{"year":1960,"period":"1960","kind":"FHA"}},{"type":"Feature","geometry":{"type":"Point","coordinates":[-75.238372,39.976348]},"properties":{"year":1960,"period":"1960","kind":"FHA"}},{"type":"Feature","geometry":{"type":"Point","coordinates":[-75.166012,39.9917]},"properties":{"year":1960,"period":"1960","kind":"VA"}},{"type":"Feature","geometry":{"type":"Point","coordinates":[-75.140214,40.045227]},"properties":{"year":1960,"period":"1960","kind":"FHA"}},{"type":"Feature","geometry":{"type":"Point","coordinates":[-75.078794,40.030074]},"properties":{"year":1960,"period":"1960","kind":"FHA"}},{"type":"Feature","geometry":{"type":"Point","coordinates":[-75.01332,40.057484]},"properties":{"year":1960,"period":"1960","kind":"FHA"}},{"type":"Feature","geometry":{"type":"Point","coordinates":[-75.08344,40.038374]},"properties":{"year":1960,"period":"1960","kind":"FHA"}},{"type":"Feature","geometry":{"type":"Point","coordinates":[-75.235323,39.952409]},"properties":{"year":1960,"period":"1960","kind":"VA"}},{"type":"Feature","geometry":{"type":"Point","coordinates":[-75.220329,39.930457]},"properties":{"year":1960,"period":"1960","kind":"FHA"}},{"type":"Feature","geometry":{"type":"Point","coordinates":[-75.23532,39.976459]},"properties":{"year":1960,"period":"1960","kind":"FHA"}},{"type":"Feature","geometry":{"type":"Point","coordinates":[-75.149903,39.998294]},"properties":{"year":1960,"period":"1960","kind":"FHA"}},{"type":"Feature","geometry":{"type":"Point","coordinates":[-75.170879,40.026101]},"properties":{"year":1960,"period":"1960","kind":"FHA"}},{"type":"Feature","geometry":{"type":"Point","coordinates":[-75.18133,40.050599]},"properties":{"year":1960,"period":"1960","kind":"FHA"}},{"type":"Feature","geometry":{"type":"Point","coordinates":[-75.178662,40.044591]},"properties":{"year":1960,"period":"1960","kind":"FHA"}},{"type":"Feature","geometry":{"type":"Point","coordinates":[-75.230553,39.952612]},"properties":{"year":1960,"period":"1960","kind":"FHA"}},{"type":"Feature","geometry":{"type":"Point","coordinates":[-75.111023,40.018837]},"properties":{"year":1960,"period":"1960","kind":"FHA"}},{"type":"Feature","geometry":{"type":"Point","coordinates":[-75.160274,40.011276]},"properties":{"year":1960,"period":"1960","kind":"FHA"}},{"type":"Feature","geometry":{"type":"Point","coordinates":[-75.097393,40.028583]},"properties":{"year":1960,"period":"1960","kind":"FHA"}},{"type":"Feature","geometry":{"type":"Point","coordinates":[-75.149725,39.99422]},"properties":{"year":1960,"period":"1960","kind":"VA"}},{"type":"Feature","geometry":{"type":"Point","coordinates":[-75.244084,39.955743]},"properties":{"year":1960,"period":"1960","kind":"VA"}},{"type":"Feature","geometry":{"type":"Point","coordinates":[-75.239731,39.976493]},"properties":{"year":1960,"period":"1960","kind":"VA"}},{"type":"Feature","geometry":{"type":"Point","coordinates":[-75.170411,40.015226]},"properties":{"year":1960,"period":"1960","kind":"FHA"}},{"type":"Feature","geometry":{"type":"Point","coordinates":[-75.163826,39.997449]},"properties":{"year":1960,"period":"1960","kind":"FHA"}},{"type":"Feature","geometry":{"type":"Point","coordinates":[-74.983024,40.097882]},"properties":{"year":1960,"period":"1960","kind":"FHA"}},{"type":"Feature","geometry":{"type":"Point","coordinates":[-75.156878,39.916153]},"properties":{"year":1960,"period":"1960","kind":"FHA"}},{"type":"Feature","geometry":{"type":"Point","coordinates":[-75.185637,39.99029]},"properties":{"year":1960,"period":"1960","kind":"VA"}},{"type":"Feature","geometry":{"type":"Point","coordinates":[-75.022838,40.041498]},"properties":{"year":1960,"period":"1960","kind":"VA"}},{"type":"Feature","geometry":{"type":"Point","coordinates":[-75.135718,40.002837]},"properties":{"year":1960,"period":"1960","kind":"FHA"}},{"type":"Feature","geometry":{"type":"Point","coordinates":[-75.163951,40.071964]},"properties":{"year":1960,"period":"1960","kind":"FHA"}},{"type":"Feature","geometry":{"type":"Point","coordinates":[-75.166033,40.037362]},"properties":{"year":1960,"period":"1960","kind":"FHA"}},{"type":"Feature","geometry":{"type":"Point","coordinates":[-75.193852,40.061973]},"properties":{"year":1960,"period":"1960","kind":"FHA"}},{"type":"Feature","geometry":{"type":"Point","coordinates":[-75.054406,40.04838]},"properties":{"year":1960,"period":"1960","kind":"FHA"}},{"type":"Feature","geometry":{"type":"Point","coordinates":[-75.150287,40.057146]},"properties":{"year":1960,"period":"1960","kind":"FHA"}},{"type":"Feature","geometry":{"type":"Point","coordinates":[-75.111796,40.01904]},"properties":{"year":1960,"period":"1960","kind":"FHA"}},{"type":"Feature","geometry":{"type":"Point","coordinates":[-75.13382,40.017883]},"properties":{"year":1960,"period":"1960","kind":"FHA"}},{"type":"Feature","geometry":{"type":"Point","coordinates":[-75.101488,40.040301]},"properties":{"year":1960,"period":"1960","kind":"FHA"}},{"type":"Feature","geometry":{"type":"Point","coordinates":[-75.006789,40.063174]},"properties":{"year":1960,"period":"1960","kind":"FHA"}},{"type":"Feature","geometry":{"type":"Point","coordinates":[-74.994234,40.122014]},"properties":{"year":1960,"period":"1960","kind":"FHA"}},{"type":"Feature","geometry":{"type":"Point","coordinates":[-75.148059,40.048688]},"properties":{"year":1960,"period":"1960","kind":"FHA"}},{"type":"Feature","geometry":{"type":"Point","coordinates":[-75.248307,39.947136]},"properties":{"year":1960,"period":"1960","kind":"FHA"}},{"type":"Feature","geometry":{"type":"Point","coordinates":[-75.163294,40.007645]},"properties":{"year":1960,"period":"1960","kind":"FHA"}},{"type":"Feature","geometry":{"type":"Point","coordinates":[-75.08864,40.014429]},"properties":{"year":1960,"period":"1960","kind":"VA"}},{"type":"Feature","geometry":{"type":"Point","coordinates":[-75.244627,39.977601]},"properties":{"year":1960,"period":"1960","kind":"FHA"}},{"type":"Feature","geometry":{"type":"Point","coordinates":[-75.240558,39.957792]},"properties":{"year":1960,"period":"1960","kind":"VA"}},{"type":"Feature","geometry":{"type":"Point","coordinates":[-75.237651,39.980411]},"properties":{"year":1960,"period":"1960","kind":"FHA"}},{"type":"Feature","geometry":{"type":"Point","coordinates":[-75.175046,39.919943]},"properties":{"year":1960,"period":"1960","kind":"FHA"}},{"type":"Feature","geometry":{"type":"Point","coordinates":[-75.163413,39.997268]},"properties":{"year":1960,"period":"1960","kind":"FHA"}},{"type":"Feature","geometry":{"type":"Point","coordinates":[-75.194833,40.052008]},"properties":{"year":1960,"period":"1960","kind":"FHA"}},{"type":"Feature","geometry":{"type":"Point","coordinates":[-75.15656,40.049921]},"properties":{"year":1960,"period":"1960","kind":"FHA"}},{"type":"Feature","geometry":{"type":"Point","coordinates":[-75.181986,40.058601]},"properties":{"year":1960,"period":"1960","kind":"FHA"}},{"type":"Feature","geometry":{"type":"Point","coordinates":[-75.222548,40.032852]},"properties":{"year":1960,"period":"1960","kind":"FHA"}},{"type":"Feature","geometry":{"type":"Point","coordinates":[-75.152793,39.995196]},"properties":{"year":1960,"period":"1960","kind":"VA"}},{"type":"Feature","geometry":{"type":"Point","coordinates":[-75.156534,40.004692]},"properties":{"year":1960,"period":"1960","kind":"FHA"}},{"type":"Feature","geometry":{"type":"Point","coordinates":[-75.02804,40.032709]},"properties":{"year":1960,"period":"1960","kind":"FHA"}},{"type":"Feature","geometry":{"type":"Point","coordinates":[-75.147979,40.049056]},"properties":{"year":1960,"period":"1960","kind":"FHA"}},{"type":"Feature","geometry":{"type":"Point","coordinates":[-75.117283,40.019581]},"properties":{"year":1960,"period":"1960","kind":"FHA"}},{"type":"Feature","geometry":{"type":"Point","coordinates":[-75.160457,40.050141]},"properties":{"year":1960,"period":"1960","kind":"FHA"}},{"type":"Feature","geometry":{"type":"Point","coordinates":[-75.16547,40.042605]},"properties":{"year":1960,"period":"1960","kind":"FHA"}},{"type":"Feature","geometry":{"type":"Point","coordinates":[-75.055206,40.066691]},"properties":{"year":1960,"period":"1960","kind":"FHA"}},{"type":"Feature","geometry":{"type":"Point","coordinates":[-75.006349,40.062923]},"properties":{"year":1960,"period":"1960","kind":"FHA"}},{"type":"Feature","geometry":{"type":"Point","coordinates":[-75.087728,40.050317]},"properties":{"year":1960,"period":"1960","kind":"FHA"}},{"type":"Feature","geometry":{"type":"Point","coordinates":[-75.138886,40.016158]},"properties":{"year":1960,"period":"1960","kind":"FHA"}},{"type":"Feature","geometry":{"type":"Point","coordinates":[-75.125524,39.981599]},"properties":{"year":1960,"period":"1960","kind":"VA"}},{"type":"Feature","geometry":{"type":"Point","coordinates":[-74.985145,40.068416]},"properties":{"year":1960,"period":"1960","kind":"FHA"}},{"type":"Feature","geometry":{"type":"Point","coordinates":[-75.173485,39.993956]},"properties":{"year":1960,"period":"1960","kind":"VA"}},{"type":"Feature","geometry":{"type":"Point","coordinates":[-75.128194,40.00242]},"properties":{"year":1960,"period":"1960","kind":"FHA"}},{"type":"Feature","geometry":{"type":"Point","coordinates":[-75.084137,40.035116]},"properties":{"year":1960,"period":"1960","kind":"FHA"}},{"type":"Feature","geometry":{"type":"Point","coordinates":[-75.228997,39.948969]},"properties":{"year":1960,"period":"1960","kind":"FHA"}},{"type":"Feature","geometry":{"type":"Point","coordinates":[-75.157081,40.042224]},"properties":{"year":1960,"period":"1960","kind":"FHA"}},{"type":"Feature","geometry":{"type":"Point","coordinates":[-75.159671,39.987781]},"properties":{"year":1960,"period":"1960","kind":"FHA"}},{"type":"Feature","geometry":{"type":"Point","coordinates":[-75.186064,40.052189]},"properties":{"year":1960,"period":"1960","kind":"FHA"}},{"type":"Feature","geometry":{"type":"Point","coordinates":[-75.185443,39.997485]},"properties":{"year":1960,"period":"1960","kind":"FHA"}},{"type":"Feature","geometry":{"type":"Point","coordinates":[-75.112977,40.000742]},"properties":{"year":1960,"period":"1960","kind":"FHA"}},{"type":"Feature","geometry":{"type":"Point","coordinates":[-75.240666,39.964685]},"properties":{"year":1960,"period":"1960","kind":"FHA"}},{"type":"Feature","geometry":{"type":"Point","coordinates":[-75.223593,39.935408]},"properties":{"year":1960,"period":"1960","kind":"FHA"}},{"type":"Feature","geometry":{"type":"Point","coordinates":[-75.241354,39.974836]},"properties":{"year":1960,"period":"1960","kind":"FHA"}},{"type":"Feature","geometry":{"type":"Point","coordinates":[-75.153888,39.948984]},"properties":{"year":1960,"period":"1960","kind":"FHA"}},{"type":"Feature","geometry":{"type":"Point","coordinates":[-75.153441,40.04974]},"properties":{"year":1960,"period":"1960","kind":"FHA"}},{"type":"Feature","geometry":{"type":"Point","coordinates":[-75.02276,40.110882]},"properties":{"year":1960,"period":"1960","kind":"FHA"}},{"type":"Feature","geometry":{"type":"Point","coordinates":[-75.164355,40.073951]},"properties":{"year":1960,"period":"1960","kind":"FHA"}},{"type":"Feature","geometry":{"type":"Point","coordinates":[-75.172812,40.0473]},"properties":{"year":1960,"period":"1960","kind":"FHA"}},{"type":"Feature","geometry":{"type":"Point","coordinates":[-75.087213,40.050836]},"properties":{"year":1960,"period":"1960","kind":"FHA"}},{"type":"Feature","geometry":{"type":"Point","coordinates":[-75.006492,40.063007]},"properties":{"year":1960,"period":"1960","kind":"FHA"}},{"type":"Feature","geometry":{"type":"Point","coordinates":[-75.144233,39.991704]},"properties":{"year":1960,"period":"1960","kind":"VA"}},{"type":"Feature","geometry":{"type":"Point","coordinates":[-75.236584,39.923236]},"properties":{"year":1960,"period":"1960","kind":"FHA"}},{"type":"Feature","geometry":{"type":"Point","coordinates":[-75.033957,40.080183]},"properties":{"year":1960,"period":"1960","kind":"FHA"}},{"type":"Feature","geometry":{"type":"Point","coordinates":[-74.978542,40.095615]},"properties":{"year":1960,"period":"1960","kind":"FHA"}},{"type":"Feature","geometry":{"type":"Point","coordinates":[-75.006099,40.063227]},"properties":{"year":1960,"period":"1960","kind":"FHA"}},{"type":"Feature","geometry":{"type":"Point","coordinates":[-74.987319,40.071805]},"properties":{"year":1960,"period":"1960","kind":"FHA"}},{"type":"Feature","geometry":{"type":"Point","coordinates":[-75.228255,39.93645]},"properties":{"year":1960,"period":"1960","kind":"VA"}},{"type":"Feature","geometry":{"type":"Point","coordinates":[-74.98107,40.090705]},"properties":{"year":1960,"period":"1960","kind":"FHA"}},{"type":"Feature","geometry":{"type":"Point","coordinates":[-75.178573,40.080927]},"properties":{"year":1960,"period":"1960","kind":"FHA"}},{"type":"Feature","geometry":{"type":"Point","coordinates":[-75.140693,39.998413]},"properties":{"year":1960,"period":"1960","kind":"FHA"}},{"type":"Feature","geometry":{"type":"Point","coordinates":[-75.244894,39.950145]},"properties":{"year":1960,"period":"1960","kind":"FHA"}},{"type":"Feature","geometry":{"type":"Point","coordinates":[-75.22409,39.952675]},"properties":{"year":1960,"period":"1960","kind":"FHA"}},{"type":"Feature","geometry":{"type":"Point","coordinates":[-75.245103,39.947833]},"properties":{"year":1960,"period":"1960","kind":"VA"}},{"type":"Feature","geometry":{"type":"Point","coordinates":[-75.129184,39.992687]},"properties":{"year":1960,"period":"1960","kind":"FHA"}},{"type":"Feature","geometry":{"type":"Point","coordinates":[-75.192135,40.05706]},"properties":{"year":1960,"period":"1960","kind":"VA"}},{"type":"Feature","geometry":{"type":"Point","coordinates":[-75.22334,39.925276]},"properties":{"year":1960,"period":"1960","kind":"FHA"}},{"type":"Feature","geometry":{"type":"Point","coordinates":[-75.018892,40.064189]},"properties":{"year":1960,"period":"1960","kind":"FHA"}},{"type":"Feature","geometry":{"type":"Point","coordinates":[-74.997055,40.102532]},"properties":{"year":1960,"period":"1960","kind":"FHA"}},{"type":"Feature","geometry":{"type":"Point","coordinates":[-75.017728,40.064624]},"properties":{"year":1960,"period":"1960","kind":"FHA"}},{"type":"Feature","geometry":{"type":"Point","coordinates":[-75.005878,40.063103]},"properties":{"year":1960,"period":"1960","kind":"FHA"}},{"type":"Feature","geometry":{"type":"Point","coordinates":[-75.172923,40.048047]},"properties":{"year":1960,"period":"1960","kind":"FHA"}},{"type":"Feature","geometry":{"type":"Point","coordinates":[-75.233366,39.941073]},"properties":{"year":1960,"period":"1960","kind":"FHA"}},{"type":"Feature","geometry":{"type":"Point","coordinates":[-75.078653,40.03604]},"properties":{"year":1960,"period":"1960","kind":"FHA"}},{"type":"Feature","geometry":{"type":"Point","coordinates":[-75.181265,40.058106]},"properties":{"year":1960,"period":"1960","kind":"FHA"}},{"type":"Feature","geometry":{"type":"Point","coordinates":[-75.195252,39.938336]},"properties":{"year":1960,"period":"1960","kind":"VA"}},{"type":"Feature","geometry":{"type":"Point","coordinates":[-75.157756,39.921018]},"properties":{"year":1960,"period":"1960","kind":"VA"}},{"type":"Feature","geometry":{"type":"Point","coordinates":[-75.144826,39.990084]},"properties":{"year":1960,"period":"1960","kind":"FHA"}},{"type":"Feature","geometry":{"type":"Point","coordinates":[-75.163683,40.075961]},"properties":{"year":1960,"period":"1960","kind":"FHA"}},{"type":"Feature","geometry":{"type":"Point","coordinates":[-75.230393,39.95338]},"properties":{"year":1960,"period":"1960","kind":"FHA"}},{"type":"Feature","geometry":{"type":"Point","coordinates":[-75.162315,40.006223]},"properties":{"year":1960,"period":"1960","kind":"FHA"}},{"type":"Feature","geometry":{"type":"Point","coordinates":[-75.237294,39.94829]},"properties":{"year":1960,"period":"1960","kind":"FHA"}},{"type":"Feature","geometry":{"type":"Point","coordinates":[-75.145128,39.977143]},"properties":{"year":1960,"period":"1960","kind":"VA"}},{"type":"Feature","geometry":{"type":"Point","coordinates":[-75.236796,39.947443]},"properties":{"year":1960,"period":"1960","kind":"VA"}},{"type":"Feature","geometry":{"type":"Point","coordinates":[-75.240078,39.973665]},"properties":{"year":1960,"period":"1960","kind":"FHA"}},{"type":"Feature","geometry":{"type":"Point","coordinates":[-75.24412,39.971173]},"properties":{"year":1960,"period":"1960","kind":"FHA"}},{"type":"Feature","geometry":{"type":"Point","coordinates":[-75.15023,39.94348]},"properties":{"year":1960,"period":"1960","kind":"VA"}},{"type":"Feature","geometry":{"type":"Point","coordinates":[-75.242824,39.924981]},"properties":{"year":1960,"period":"1960","kind":"FHA"}},{"type":"Feature","geometry":{"type":"Point","coordinates":[-75.219624,39.931258]},"properties":{"year":1960,"period":"1960","kind":"VA"}},{"type":"Feature","geometry":{"type":"Point","coordinates":[-75.234227,39.943922]},"properties":{"year":1960,"period":"1960","kind":"FHA"}},{"type":"Feature","geometry":{"type":"Point","coordinates":[-75.151515,39.992234]},"properties":{"year":1960,"period":"1960","kind":"FHA"}},{"type":"Feature","geometry":{"type":"Point","coordinates":[-75.14963,40.066595]},"properties":{"year":1960,"period":"1960","kind":"FHA"}},{"type":"Feature","geometry":{"type":"Point","coordinates":[-75.228908,39.949727]},"properties":{"year":1960,"period":"1960","kind":"FHA"}},{"type":"Feature","geometry":{"type":"Point","coordinates":[-75.168832,39.994547]},"properties":{"year":1960,"period":"1960","kind":"VA"}},{"type":"Feature","geometry":{"type":"Point","coordinates":[-75.17808,39.930918]},"properties":{"year":1960,"period":"1960","kind":"FHA"}},{"type":"Feature","geometry":{"type":"Point","coordinates":[-75.147549,40.053451]},"properties":{"year":1960,"period":"1960","kind":"FHA"}},{"type":"Feature","geometry":{"type":"Point","coordinates":[-74.981416,40.097835]},"properties":{"year":1960,"period":"1960","kind":"FHA"}},{"type":"Feature","geometry":{"type":"Point","coordinates":[-75.180453,40.079839]},"properties":{"year":1960,"period":"1960","kind":"FHA"}},{"type":"Feature","geometry":{"type":"Point","coordinates":[-75.13786,40.020956]},"properties":{"year":1960,"period":"1960","kind":"FHA"}},{"type":"Feature","geometry":{"type":"Point","coordinates":[-75.154213,40.042507]},"properties":{"year":1960,"period":"1960","kind":"VA"}},{"type":"Feature","geometry":{"type":"Point","coordinates":[-75.155118,40.042627]},"properties":{"year":1960,"period":"1960","kind":"FHA"}},{"type":"Feature","geometry":{"type":"Point","coordinates":[-75.160478,40.048276]},"properties":{"year":1960,"period":"1960","kind":"FHA"}},{"type":"Feature","geometry":{"type":"Point","coordinates":[-74.977405,40.084149]},"properties":{"year":1960,"period":"1960","kind":"FHA"}},{"type":"Feature","geometry":{"type":"Point","coordinates":[-75.170625,39.96975]},"properties":{"year":1960,"period":"1960","kind":"VA"}},{"type":"Feature","geometry":{"type":"Point","coordinates":[-75.215249,39.942492]},"properties":{"year":1960,"period":"1960","kind":"FHA"}},{"type":"Feature","geometry":{"type":"Point","coordinates":[-75.040577,40.106352]},"properties":{"year":1960,"period":"1960","kind":"FHA"}},{"type":"Feature","geometry":{"type":"Point","coordinates":[-75.180961,39.927687]},"properties":{"year":1960,"period":"1960","kind":"FHA"}},{"type":"Feature","geometry":{"type":"Point","coordinates":[-75.122079,40.039469]},"properties":{"year":1960,"period":"1960","kind":"FHA"}},{"type":"Feature","geometry":{"type":"Point","coordinates":[-75.150628,40.068265]},"properties":{"year":1960,"period":"1960","kind":"FHA"}},{"type":"Feature","geometry":{"type":"Point","coordinates":[-75.146224,40.044977]},"properties":{"year":1960,"period":"1960","kind":"VA"}},{"type":"Feature","geometry":{"type":"Point","coordinates":[-75.128352,40.041222]},"properties":{"year":1960,"period":"1960","kind":"FHA"}},{"type":"Feature","geometry":{"type":"Point","coordinates":[-75.056767,40.017506]},"properties":{"year":1960,"period":"1960","kind":"FHA"}},{"type":"Feature","geometry":{"type":"Point","coordinates":[-75.153676,40.04211]},"properties":{"year":1960,"period":"1960","kind":"FHA"}},{"type":"Feature","geometry":{"type":"Point","coordinates":[-75.223155,39.965898]},"properties":{"year":1960,"period":"1960","kind":"VA"}},{"type":"Feature","geometry":{"type":"Point","coordinates":[-75.239527,39.946261]},"properties":{"year":1960,"period":"1960","kind":"VA"}},{"type":"Feature","geometry":{"type":"Point","coordinates":[-75.23477,39.976735]},"properties":{"year":1960,"period":"1960","kind":"FHA"}},{"type":"Feature","geometry":{"type":"Point","coordinates":[-75.233787,39.961988]},"properties":{"year":1960,"period":"1960","kind":"VA"}},{"type":"Feature","geometry":{"type":"Point","coordinates":[-75.152802,39.9141]},"properties":{"year":1960,"period":"1960","kind":"FHA"}},{"type":"Feature","geometry":{"type":"Point","coordinates":[-75.186532,39.993899]},"properties":{"year":1960,"period":"1960","kind":"VA"}},{"type":"Feature","geometry":{"type":"Point","coordinates":[-75.1817808611152,39.9902282507898]},"properties":{"year":1960,"period":"1960","kind":"VA"}},{"type":"Feature","geometry":{"type":"Point","coordinates":[-75.158416,40.045533]},"properties":{"year":1960,"period":"1960","kind":"FHA"}},{"type":"Feature","geometry":{"type":"Point","coordinates":[-75.070498,40.037347]},"properties":{"year":1960,"period":"1960","kind":"FHA"}},{"type":"Feature","geometry":{"type":"Point","coordinates":[-75.15332,40.04225]},"properties":{"year":1960,"period":"1960","kind":"VA"}},{"type":"Feature","geometry":{"type":"Point","coordinates":[-75.130806,40.049601]},"properties":{"year":1960,"period":"1960","kind":"FHA"}},{"type":"Feature","geometry":{"type":"Point","coordinates":[-75.123615,40.026892]},"properties":{"year":1960,"period":"1960","kind":"FHA"}},{"type":"Feature","geometry":{"type":"Point","coordinates":[-75.245361,39.94345]},"properties":{"year":1960,"period":"1960","kind":"FHA"}},{"type":"Feature","geometry":{"type":"Point","coordinates":[-75.143081,40.012316]},"properties":{"year":1960,"period":"1960","kind":"FHA"}},{"type":"Feature","geometry":{"type":"Point","coordinates":[-75.033208,40.032666]},"properties":{"year":1960,"period":"1960","kind":"FHA"}},{"type":"Feature","geometry":{"type":"Point","coordinates":[-75.001387,40.064605]},"properties":{"year":1960,"period":"1960","kind":"FHA"}},{"type":"Feature","geometry":{"type":"Point","coordinates":[-75.204654,40.017432]},"properties":{"year":1960,"period":"1960","kind":"FHA"}},{"type":"Feature","geometry":{"type":"Point","coordinates":[-75.116635,40.019065]},"properties":{"year":1960,"period":"1960","kind":"VA"}},{"type":"Feature","geometry":{"type":"Point","coordinates":[-75.03152,40.031056]},"properties":{"year":1960,"period":"1960","kind":"FHA"}},{"type":"Feature","geometry":{"type":"Point","coordinates":[-75.018369,40.06379]},"properties":{"year":1960,"period":"1960","kind":"FHA"}},{"type":"Feature","geometry":{"type":"Point","coordinates":[-74.986247,40.071347]},"properties":{"year":1960,"period":"1960","kind":"FHA"}},{"type":"Feature","geometry":{"type":"Point","coordinates":[-75.053885,40.098798]},"properties":{"year":1960,"period":"1960","kind":"FHA"}},{"type":"Feature","geometry":{"type":"Point","coordinates":[-74.994693,40.122367]},"properties":{"year":1960,"period":"1960","kind":"FHA"}},{"type":"Feature","geometry":{"type":"Point","coordinates":[-75.07621,40.046094]},"properties":{"year":1960,"period":"1960","kind":"FHA"}},{"type":"Feature","geometry":{"type":"Point","coordinates":[-75.040465,40.106463]},"properties":{"year":1960,"period":"1960","kind":"FHA"}},{"type":"Feature","geometry":{"type":"Point","coordinates":[-75.17992,40.046836]},"properties":{"year":1960,"period":"1960","kind":"VA"}},{"type":"Feature","geometry":{"type":"Point","coordinates":[-75.151924,39.995777]},"properties":{"year":1960,"period":"1960","kind":"FHA"}},{"type":"Feature","geometry":{"type":"Point","coordinates":[-75.133198,40.001412]},"properties":{"year":1960,"period":"1960","kind":"FHA"}},{"type":"Feature","geometry":{"type":"Point","coordinates":[-75.236648,39.97413]},"properties":{"year":1960,"period":"1960","kind":"FHA"}},{"type":"Feature","geometry":{"type":"Point","coordinates":[-75.219953,39.943977]},"properties":{"year":1960,"period":"1960","kind":"FHA"}},{"type":"Feature","geometry":{"type":"Point","coordinates":[-75.233334,39.94766]},"properties":{"year":1960,"period":"1960","kind":"VA"}},{"type":"Feature","geometry":{"type":"Point","coordinates":[-75.179057,40.053093]},"properties":{"year":1960,"period":"1960","kind":"FHA"}},{"type":"Feature","geometry":{"type":"Point","coordinates":[-75.045921,40.043767]},"properties":{"year":1960,"period":"1960","kind":"VA"}},{"type":"Feature","geometry":{"type":"Point","coordinates":[-75.234095,39.917396]},"properties":{"year":1960,"period":"1960","kind":"FHA"}},{"type":"Feature","geometry":{"type":"Point","coordinates":[-75.153547,40.006389]},"properties":{"year":1960,"period":"1960","kind":"FHA"}},{"type":"Feature","geometry":{"type":"Point","coordinates":[-75.133251,40.042218]},"properties":{"year":1960,"period":"1960","kind":"FHA"}},{"type":"Feature","geometry":{"type":"Point","coordinates":[-75.149125,40.049696]},"properties":{"year":1960,"period":"1960","kind":"FHA"}},{"type":"Feature","geometry":{"type":"Point","coordinates":[-75.181198,39.98342]},"properties":{"year":1960,"period":"1960","kind":"VA"}},{"type":"Feature","geometry":{"type":"Point","coordinates":[-75.132597,40.021112]},"properties":{"year":1960,"period":"1960","kind":"FHA"}},{"type":"Feature","geometry":{"type":"Point","coordinates":[-75.138458,39.993847]},"properties":{"year":1960,"period":"1960","kind":"FHA"}},{"type":"Feature","geometry":{"type":"Point","coordinates":[-75.178317,40.04503]},"properties":{"year":1960,"period":"1960","kind":"FHA"}},{"type":"Feature","geometry":{"type":"Point","coordinates":[-75.163205,40.07182]},"properties":{"year":1960,"period":"1960","kind":"FHA"}},{"type":"Feature","geometry":{"type":"Point","coordinates":[-75.147522,40.015768]},"properties":{"year":1960,"period":"1960","kind":"FHA"}},{"type":"Feature","geometry":{"type":"Point","coordinates":[-75.163279,39.995609]},"properties":{"year":1960,"period":"1960","kind":"FHA"}},{"type":"Feature","geometry":{"type":"Point","coordinates":[-75.158593,40.051179]},"properties":{"year":1960,"period":"1960","kind":"FHA"}},{"type":"Feature","geometry":{"type":"Point","coordinates":[-75.151333,40.04589]},"properties":{"year":1960,"period":"1960","kind":"FHA"}},{"type":"Feature","geometry":{"type":"Point","coordinates":[-75.230327,39.987578]},"properties":{"year":1960,"period":"1960","kind":"FHA"}},{"type":"Feature","geometry":{"type":"Point","coordinates":[-75.231913,39.966127]},"properties":{"year":1960,"period":"1960","kind":"VA"}},{"type":"Feature","geometry":{"type":"Point","coordinates":[-75.236358,39.923046]},"properties":{"year":1960,"period":"1960","kind":"VA"}},{"type":"Feature","geometry":{"type":"Point","coordinates":[-75.231082,39.937392]},"properties":{"year":1960,"period":"1960","kind":"FHA"}},{"type":"Feature","geometry":{"type":"Point","coordinates":[-75.237825,39.949688]},"properties":{"year":1960,"period":"1960","kind":"FHA"}},{"type":"Feature","geometry":{"type":"Point","coordinates":[-75.242057,39.964148]},"properties":{"year":1960,"period":"1960","kind":"FHA"}},{"type":"Feature","geometry":{"type":"Point","coordinates":[-75.239986,39.980146]},"properties":{"year":1960,"period":"1960","kind":"FHA"}},{"type":"Feature","geometry":{"type":"Point","coordinates":[-75.219198,39.935041]},"properties":{"year":1960,"period":"1960","kind":"FHA"}},{"type":"Feature","geometry":{"type":"Point","coordinates":[-75.229828,39.94457]},"properties":{"year":1960,"period":"1960","kind":"FHA"}},{"type":"Feature","geometry":{"type":"Point","coordinates":[-75.233955,39.949992]},"properties":{"year":1960,"period":"1960","kind":"VA"}},{"type":"Feature","geometry":{"type":"Point","coordinates":[-75.235359,39.957483]},"properties":{"year":1960,"period":"1960","kind":"FHA"}},{"type":"Feature","geometry":{"type":"Point","coordinates":[-74.987897,40.068399]},"properties":{"year":1960,"period":"1960","kind":"FHA"}},{"type":"Feature","geometry":{"type":"Point","coordinates":[-74.987911,40.068334]},"properties":{"year":1960,"period":"1960","kind":"FHA"}},{"type":"Feature","geometry":{"type":"Point","coordinates":[-74.987972,40.068041]},"properties":{"year":1960,"period":"1960","kind":"FHA"}},{"type":"Feature","geometry":{"type":"Point","coordinates":[-75.108361,40.045572]},"properties":{"year":1960,"period":"1960","kind":"FHA"}},{"type":"Feature","geometry":{"type":"Point","coordinates":[-75.088972,39.98962]},"properties":{"year":1960,"period":"1960","kind":"FHA"}},{"type":"Feature","geometry":{"type":"Point","coordinates":[-75.248547,39.952369]},"properties":{"year":1960,"period":"1960","kind":"FHA"}},{"type":"Feature","geometry":{"type":"Point","coordinates":[-75.140269,40.02401]},"properties":{"year":1960,"period":"1960","kind":"FHA"}},{"type":"Feature","geometry":{"type":"Point","coordinates":[-75.206306,39.959831]},"properties":{"year":1960,"period":"1960","kind":"VA"}},{"type":"Feature","geometry":{"type":"Point","coordinates":[-75.217403,39.951117]},"properties":{"year":1960,"period":"1960","kind":"FHA"}},{"type":"Feature","geometry":{"type":"Point","coordinates":[-75.223465,39.981192]},"properties":{"year":1960,"period":"1960","kind":"FHA"}},{"type":"Feature","geometry":{"type":"Point","coordinates":[-75.242379,39.975345]},"properties":{"year":1960,"period":"1960","kind":"FHA"}},{"type":"Feature","geometry":{"type":"Point","coordinates":[-75.231974,39.974476]},"properties":{"year":1960,"period":"1960","kind":"VA"}},{"type":"Feature","geometry":{"type":"Point","coordinates":[-75.033524,40.027519]},"properties":{"year":1960,"period":"1960","kind":"VA"}},{"type":"Feature","geometry":{"type":"Point","coordinates":[-75.049302,40.02395]},"properties":{"year":1960,"period":"1960","kind":"FHA"}},{"type":"Feature","geometry":{"type":"Point","coordinates":[-75.125673,40.003845]},"properties":{"year":1960,"period":"1960","kind":"FHA"}},{"type":"Feature","geometry":{"type":"Point","coordinates":[-75.078292,40.027758]},"properties":{"year":1960,"period":"1960","kind":"FHA"}},{"type":"Feature","geometry":{"type":"Point","coordinates":[-75.077755,40.017908]},"properties":{"year":1960,"period":"1960","kind":"FHA"}},{"type":"Feature","geometry":{"type":"Point","coordinates":[-75.18129,40.058075]},"properties":{"year":1960,"period":"1960","kind":"FHA"}},{"type":"Feature","geometry":{"type":"Point","coordinates":[-75.14469,40.055818]},"properties":{"year":1960,"period":"1960","kind":"VA"}},{"type":"Feature","geometry":{"type":"Point","coordinates":[-75.180781,39.995487]},"properties":{"year":1960,"period":"1960","kind":"VA"}},{"type":"Feature","geometry":{"type":"Point","coordinates":[-75.227901,39.971801]},"properties":{"year":1960,"period":"1960","kind":"VA"}},{"type":"Feature","geometry":{"type":"Point","coordinates":[-75.152883,39.914818]},"properties":{"year":1960,"period":"1960","kind":"FHA"}},{"type":"Feature","geometry":{"type":"Point","coordinates":[-75.149913,40.068763]},"properties":{"year":1960,"period":"1960","kind":"FHA"}},{"type":"Feature","geometry":{"type":"Point","coordinates":[-75.210352,40.025126]},"properties":{"year":1960,"period":"1960","kind":"FHA"}},{"type":"Feature","geometry":{"type":"Point","coordinates":[-75.208483,40.024651]},"properties":{"year":1960,"period":"1960","kind":"FHA"}},{"type":"Feature","geometry":{"type":"Point","coordinates":[-75.050696,40.022672]},"properties":{"year":1960,"period":"1960","kind":"FHA"}},{"type":"Feature","geometry":{"type":"Point","coordinates":[-75.048484,40.019721]},"properties":{"year":1960,"period":"1960","kind":"FHA"}},{"type":"Feature","geometry":{"type":"Point","coordinates":[-75.240862,39.947741]},"properties":{"year":1960,"period":"1960","kind":"VA"}},{"type":"Feature","geometry":{"type":"Point","coordinates":[-75.234239,39.924583]},"properties":{"year":1960,"period":"1960","kind":"FHA"}},{"type":"Feature","geometry":{"type":"Point","coordinates":[-74.978995,40.090401]},"properties":{"year":1960,"period":"1960","kind":"FHA"}},{"type":"Feature","geometry":{"type":"Point","coordinates":[-74.981652,40.090479]},"properties":{"year":1960,"period":"1960","kind":"FHA"}},{"type":"Feature","geometry":{"type":"Point","coordinates":[-74.979474,40.090845]},"properties":{"year":1960,"period":"1960","kind":"FHA"}},{"type":"Feature","geometry":{"type":"Point","coordinates":[-74.98092,40.091194]},"properties":{"year":1960,"period":"1960","kind":"FHA"}},{"type":"Feature","geometry":{"type":"Point","coordinates":[-74.980849,40.090219]},"properties":{"year":1960,"period":"1960","kind":"FHA"}},{"type":"Feature","geometry":{"type":"Point","coordinates":[-75.141699,39.981393]},"properties":{"year":1960,"period":"1960","kind":"VA"}},{"type":"Feature","geometry":{"type":"Point","coordinates":[-75.17563,39.997975]},"properties":{"year":1960,"period":"1960","kind":"VA"}},{"type":"Feature","geometry":{"type":"Point","coordinates":[-75.242336,39.975115]},"properties":{"year":1960,"period":"1960","kind":"FHA"}},{"type":"Feature","geometry":{"type":"Point","coordinates":[-75.142936,40.009337]},"properties":{"year":1960,"period":"1960","kind":"FHA"}},{"type":"Feature","geometry":{"type":"Point","coordinates":[-75.177219,40.081771]},"properties":{"year":1960,"period":"1960","kind":"FHA"}},{"type":"Feature","geometry":{"type":"Point","coordinates":[-75.18311,40.051918]},"properties":{"year":1960,"period":"1960","kind":"FHA"}},{"type":"Feature","geometry":{"type":"Point","coordinates":[-75.162987,39.996034]},"properties":{"year":1960,"period":"1960","kind":"FHA"}},{"type":"Feature","geometry":{"type":"Point","coordinates":[-75.224037,39.944874]},"properties":{"year":1960,"period":"1960","kind":"FHA"}},{"type":"Feature","geometry":{"type":"Point","coordinates":[-75.231854,39.948394]},"properties":{"year":1960,"period":"1960","kind":"FHA"}},{"type":"Feature","geometry":{"type":"Point","coordinates":[-75.239518,39.94462]},"properties":{"year":1960,"period":"1960","kind":"VA"}},{"type":"Feature","geometry":{"type":"Point","coordinates":[-75.14678,39.992397]},"properties":{"year":1960,"period":"1960","kind":"FHA"}},{"type":"Feature","geometry":{"type":"Point","coordinates":[-75.078926,40.041129]},"properties":{"year":1960,"period":"1960","kind":"FHA"}},{"type":"Feature","geometry":{"type":"Point","coordinates":[-75.178376,39.976143]},"properties":{"year":1960,"period":"1960","kind":"VA"}},{"type":"Feature","geometry":{"type":"Point","coordinates":[-75.234702,40.065736]},"properties":{"year":1960,"period":"1960","kind":"FHA"}},{"type":"Feature","geometry":{"type":"Point","coordinates":[-75.227388,39.953543]},"properties":{"year":1960,"period":"1960","kind":"FHA"}},{"type":"Feature","geometry":{"type":"Point","coordinates":[-75.217041,39.957235]},"properties":{"year":1960,"period":"1960","kind":"VA"}},{"type":"Feature","geometry":{"type":"Point","coordinates":[-75.221701,39.950869]},"properties":{"year":1960,"period":"1960","kind":"FHA"}},{"type":"Feature","geometry":{"type":"Point","coordinates":[-75.23686,39.947931]},"properties":{"year":1960,"period":"1960","kind":"FHA"}},{"type":"Feature","geometry":{"type":"Point","coordinates":[-75.18416,39.995955]},"properties":{"year":1960,"period":"1960","kind":"VA"}},{"type":"Feature","geometry":{"type":"Point","coordinates":[-75.150839,39.992464]},"properties":{"year":1960,"period":"1960","kind":"VA"}},{"type":"Feature","geometry":{"type":"Point","coordinates":[-75.223868,40.034143]},"properties":{"year":1960,"period":"1960","kind":"FHA"}},{"type":"Feature","geometry":{"type":"Point","coordinates":[-74.972214,40.08272]},"properties":{"year":1960,"period":"1960","kind":"FHA"}},{"type":"Feature","geometry":{"type":"Point","coordinates":[-75.169196,40.035979]},"properties":{"year":1960,"period":"1960","kind":"VA"}},{"type":"Feature","geometry":{"type":"Point","coordinates":[-75.122124,40.039263]},"properties":{"year":1960,"period":"1960","kind":"FHA"}},{"type":"Feature","geometry":{"type":"Point","coordinates":[-75.206524,40.031151]},"properties":{"year":1960,"period":"1960","kind":"FHA"}},{"type":"Feature","geometry":{"type":"Point","coordinates":[-75.224629,39.942307]},"properties":{"year":1960,"period":"1960","kind":"FHA"}},{"type":"Feature","geometry":{"type":"Point","coordinates":[-75.223206,39.965889]},"properties":{"year":1960,"period":"1960","kind":"FHA"}},{"type":"Feature","geometry":{"type":"Point","coordinates":[-75.160839,40.047007]},"properties":{"year":1960,"period":"1960","kind":"VA"}},{"type":"Feature","geometry":{"type":"Point","coordinates":[-75.175889,40.047785]},"properties":{"year":1960,"period":"1960","kind":"FHA"}},{"type":"Feature","geometry":{"type":"Point","coordinates":[-75.173036,40.031403]},"properties":{"year":1960,"period":"1960","kind":"FHA"}},{"type":"Feature","geometry":{"type":"Point","coordinates":[-75.197868,40.053886]},"properties":{"year":1960,"period":"1960","kind":"FHA"}},{"type":"Feature","geometry":{"type":"Point","coordinates":[-75.191783,40.058004]},"properties":{"year":1960,"period":"1960","kind":"FHA"}},{"type":"Feature","geometry":{"type":"Point","coordinates":[-75.173687,40.048957]},"properties":{"year":1960,"period":"1960","kind":"FHA"}},{"type":"Feature","geometry":{"type":"Point","coordinates":[-75.221876,39.941277]},"properties":{"year":1960,"period":"1960","kind":"VA"}},{"type":"Feature","geometry":{"type":"Point","coordinates":[-75.240277,39.953907]},"properties":{"year":1960,"period":"1960","kind":"VA"}},{"type":"Feature","geometry":{"type":"Point","coordinates":[-75.225421,39.948904]},"properties":{"year":1960,"period":"1960","kind":"VA"}},{"type":"Feature","geometry":{"type":"Point","coordinates":[-75.230181,39.943026]},"properties":{"year":1960,"period":"1960","kind":"FHA"}},{"type":"Feature","geometry":{"type":"Point","coordinates":[-75.143482,39.993692]},"properties":{"year":1960,"period":"1960","kind":"FHA"}},{"type":"Feature","geometry":{"type":"Point","coordinates":[-75.137509,40.011539]},"properties":{"year":1960,"period":"1960","kind":"FHA"}},{"type":"Feature","geometry":{"type":"Point","coordinates":[-75.045759,40.037567]},"properties":{"year":1960,"period":"1960","kind":"FHA"}},{"type":"Feature","geometry":{"type":"Point","coordinates":[-75.005429,40.062855]},"properties":{"year":1960,"period":"1960","kind":"FHA"}},{"type":"Feature","geometry":{"type":"Point","coordinates":[-75.051363,40.097839]},"properties":{"year":1960,"period":"1960","kind":"FHA"}},{"type":"Feature","geometry":{"type":"Point","coordinates":[-75.005506,40.062892]},"properties":{"year":1960,"period":"1960","kind":"FHA"}},{"type":"Feature","geometry":{"type":"Point","coordinates":[-75.163198,39.996683]},"properties":{"year":1960,"period":"1960","kind":"VA"}},{"type":"Feature","geometry":{"type":"Point","coordinates":[-75.167809,39.971711]},"properties":{"year":1960,"period":"1960","kind":"VA"}},{"type":"Feature","geometry":{"type":"Point","coordinates":[-75.161515,39.996343]},"properties":{"year":1960,"period":"1960","kind":"FHA"}},{"type":"Feature","geometry":{"type":"Point","coordinates":[-75.148714,40.049086]},"properties":{"year":1960,"period":"1960","kind":"FHA"}},{"type":"Feature","geometry":{"type":"Point","coordinates":[-75.161901,40.046063]},"properties":{"year":1960,"period":"1960","kind":"FHA"}},{"type":"Feature","geometry":{"type":"Point","coordinates":[-75.147988,40.049015]},"properties":{"year":1960,"period":"1960","kind":"FHA"}},{"type":"Feature","geometry":{"type":"Point","coordinates":[-75.141932,40.032964]},"properties":{"year":1960,"period":"1960","kind":"FHA"}},{"type":"Feature","geometry":{"type":"Point","coordinates":[-75.145851,40.041634]},"properties":{"year":1960,"period":"1960","kind":"FHA"}},{"type":"Feature","geometry":{"type":"Point","coordinates":[-75.033244,40.063565]},"properties":{"year":1960,"period":"1960","kind":"FHA"}},{"type":"Feature","geometry":{"type":"Point","coordinates":[-75.145467,39.990055]},"properties":{"year":1960,"period":"1960","kind":"FHA"}},{"type":"Feature","geometry":{"type":"Point","coordinates":[-75.12418,40.001578]},"properties":{"year":1960,"period":"1960","kind":"FHA"}},{"type":"Feature","geometry":{"type":"Point","coordinates":[-75.174892,40.027659]},"properties":{"year":1960,"period":"1960","kind":"VA"}},{"type":"Feature","geometry":{"type":"Point","coordinates":[-75.168288,40.065872]},"properties":{"year":1960,"period":"1960","kind":"FHA"}},{"type":"Feature","geometry":{"type":"Point","coordinates":[-75.152187,40.039635]},"properties":{"year":1960,"period":"1960","kind":"FHA"}},{"type":"Feature","geometry":{"type":"Point","coordinates":[-75.164756,40.067126]},"properties":{"year":1960,"period":"1960","kind":"FHA"}},{"type":"Feature","geometry":{"type":"Point","coordinates":[-75.164091,40.075883]},"properties":{"year":1960,"period":"1960","kind":"FHA"}},{"type":"Feature","geometry":{"type":"Point","coordinates":[-75.125429,40.053837]},"properties":{"year":1960,"period":"1960","kind":"FHA"}},{"type":"Feature","geometry":{"type":"Point","coordinates":[-74.971757,40.081997]},"properties":{"year":1960,"period":"1960","kind":"FHA"}},{"type":"Feature","geometry":{"type":"Point","coordinates":[-74.971813,40.082055]},"properties":{"year":1960,"period":"1960","kind":"FHA"}},{"type":"Feature","geometry":{"type":"Point","coordinates":[-75.121594,40.032993]},"properties":{"year":1960,"period":"1960","kind":"FHA"}},{"type":"Feature","geometry":{"type":"Point","coordinates":[-75.147083,40.053477]},"properties":{"year":1960,"period":"1960","kind":"VA"}},{"type":"Feature","geometry":{"type":"Point","coordinates":[-75.182325,40.053401]},"properties":{"year":1960,"period":"1960","kind":"FHA"}},{"type":"Feature","geometry":{"type":"Point","coordinates":[-75.175384,40.043832]},"properties":{"year":1960,"period":"1960","kind":"FHA"}},{"type":"Feature","geometry":{"type":"Point","coordinates":[-75.221298,39.935938]},"properties":{"year":1960,"period":"1960","kind":"FHA"}},{"type":"Feature","geometry":{"type":"Point","coordinates":[-75.183563,40.051423]},"properties":{"year":1960,"period":"1960","kind":"FHA"}},{"type":"Feature","geometry":{"type":"Point","coordinates":[-75.246004,39.950755]},"properties":{"year":1960,"period":"1960","kind":"FHA"}},{"type":"Feature","geometry":{"type":"Point","coordinates":[-75.087569,40.03387]},"properties":{"year":1960,"period":"1960","kind":"VA"}},{"type":"Feature","geometry":{"type":"Point","coordinates":[-75.070651,40.044618]},"properties":{"year":1960,"period":"1960","kind":"FHA"}},{"type":"Feature","geometry":{"type":"Point","coordinates":[-75.108183,40.031104]},"properties":{"year":1960,"period":"1960","kind":"FHA"}},{"type":"Feature","geometry":{"type":"Point","coordinates":[-75.023185,40.060225]},"properties":{"year":1960,"period":"1960","kind":"FHA"}},{"type":"Feature","geometry":{"type":"Point","coordinates":[-74.988262,40.069919]},"properties":{"year":1960,"period":"1960","kind":"FHA"}},{"type":"Feature","geometry":{"type":"Point","coordinates":[-75.028802,40.044574]},"properties":{"year":1960,"period":"1960","kind":"FHA"}},{"type":"Feature","geometry":{"type":"Point","coordinates":[-74.988252,40.069967]},"properties":{"year":1960,"period":"1960","kind":"FHA"}},{"type":"Feature","geometry":{"type":"Point","coordinates":[-75.197441,40.052788]},"properties":{"year":1960,"period":"1960","kind":"FHA"}},{"type":"Feature","geometry":{"type":"Point","coordinates":[-75.190896,39.961703]},"properties":{"year":1960,"period":"1960","kind":"FHA"}},{"type":"Feature","geometry":{"type":"Point","coordinates":[-75.122193,39.994094]},"properties":{"year":1960,"period":"1960","kind":"FHA"}},{"type":"Feature","geometry":{"type":"Point","coordinates":[-75.153643,40.020164]},"properties":{"year":1960,"period":"1960","kind":"FHA"}},{"type":"Feature","geometry":{"type":"Point","coordinates":[-75.243974,39.95626]},"properties":{"year":1960,"period":"1960","kind":"VA"}},{"type":"Feature","geometry":{"type":"Point","coordinates":[-75.12155,40.044173]},"properties":{"year":1960,"period":"1960","kind":"FHA"}},{"type":"Feature","geometry":{"type":"Point","coordinates":[-75.159909,40.049087]},"properties":{"year":1960,"period":"1960","kind":"VA"}},{"type":"Feature","geometry":{"type":"Point","coordinates":[-75.066686,40.034152]},"properties":{"year":1960,"period":"1960","kind":"FHA"}},{"type":"Feature","geometry":{"type":"Point","coordinates":[-75.155778,40.049846]},"properties":{"year":1960,"period":"1960","kind":"FHA"}},{"type":"Feature","geometry":{"type":"Point","coordinates":[-75.229063,39.970876]},"properties":{"year":1960,"period":"1960","kind":"VA"}},{"type":"Feature","geometry":{"type":"Point","coordinates":[-75.234649,39.950078]},"properties":{"year":1960,"period":"1960","kind":"VA"}},{"type":"Feature","geometry":{"type":"Point","coordinates":[-75.227257,39.935601]},"properties":{"year":1960,"period":"1960","kind":"FHA"}},{"type":"Feature","geometry":{"type":"Point","coordinates":[-75.231755,39.932993]},"properties":{"year":1960,"period":"1960","kind":"FHA"}},{"type":"Feature","geometry":{"type":"Point","coordinates":[-75.234859,39.944352]},"properties":{"year":1960,"period":"1960","kind":"FHA"}},{"type":"Feature","geometry":{"type":"Point","coordinates":[-75.151431,40.060268]},"properties":{"year":1960,"period":"1960","kind":"FHA"}},{"type":"Feature","geometry":{"type":"Point","coordinates":[-75.167956,40.034388]},"properties":{"year":1960,"period":"1960","kind":"FHA"}},{"type":"Feature","geometry":{"type":"Point","coordinates":[-75.146991,40.008339]},"properties":{"year":1960,"period":"1960","kind":"FHA"}},{"type":"Feature","geometry":{"type":"Point","coordinates":[-75.017871,40.065024]},"properties":{"year":1960,"period":"1960","kind":"FHA"}},{"type":"Feature","geometry":{"type":"Point","coordinates":[-75.057249,40.036477]},"properties":{"year":1960,"period":"1960","kind":"FHA"}},{"type":"Feature","geometry":{"type":"Point","coordinates":[-75.160673,40.057116]},"properties":{"year":1960,"period":"1960","kind":"FHA"}},{"type":"Feature","geometry":{"type":"Point","coordinates":[-75.021635,40.093473]},"properties":{"year":1960,"period":"1960","kind":"FHA"}},{"type":"Feature","geometry":{"type":"Point","coordinates":[-75.182411,40.006348]},"properties":{"year":1960,"period":"1960","kind":"FHA"}},{"type":"Feature","geometry":{"type":"Point","coordinates":[-74.994434,40.122698]},"properties":{"year":1960,"period":"1960","kind":"FHA"}},{"type":"Feature","geometry":{"type":"Point","coordinates":[-75.115519,40.017369]},"properties":{"year":1960,"period":"1960","kind":"FHA"}},{"type":"Feature","geometry":{"type":"Point","coordinates":[-75.121515,40.001642]},"properties":{"year":1960,"period":"1960","kind":"FHA"}},{"type":"Feature","geometry":{"type":"Point","coordinates":[-75.187995,39.95615]},"properties":{"year":1960,"period":"1960","kind":"FHA"}},{"type":"Feature","geometry":{"type":"Point","coordinates":[-75.227269,39.979711]},"properties":{"year":1960,"period":"1960","kind":"VA"}},{"type":"Feature","geometry":{"type":"Point","coordinates":[-75.161226,39.989306]},"properties":{"year":1960,"period":"1960","kind":"VA"}},{"type":"Feature","geometry":{"type":"Point","coordinates":[-75.227141,39.981115]},"properties":{"year":1960,"period":"1960","kind":"FHA"}},{"type":"Feature","geometry":{"type":"Point","coordinates":[-75.162009,39.99636]},"properties":{"year":1960,"period":"1960","kind":"VA"}},{"type":"Feature","geometry":{"type":"Point","coordinates":[-75.167649,39.9846]},"properties":{"year":1960,"period":"1960","kind":"FHA"}},{"type":"Feature","geometry":{"type":"Point","coordinates":[-75.227184,39.956704]},"properties":{"year":1960,"period":"1960","kind":"FHA"}},{"type":"Feature","geometry":{"type":"Point","coordinates":[-75.241562,39.948405]},"properties":{"year":1960,"period":"1960","kind":"FHA"}},{"type":"Feature","geometry":{"type":"Point","coordinates":[-75.225754,39.920561]},"properties":{"year":1960,"period":"1960","kind":"FHA"}},{"type":"Feature","geometry":{"type":"Point","coordinates":[-75.183443,39.937535]},"properties":{"year":1960,"period":"1960","kind":"VA"}},{"type":"Feature","geometry":{"type":"Point","coordinates":[-75.164234,40.02169]},"properties":{"year":1960,"period":"1960","kind":"FHA"}},{"type":"Feature","geometry":{"type":"Point","coordinates":[-75.14336,40.051571]},"properties":{"year":1960,"period":"1960","kind":"FHA"}},{"type":"Feature","geometry":{"type":"Point","coordinates":[-75.181279,40.05672]},"properties":{"year":1960,"period":"1960","kind":"FHA"}},{"type":"Feature","geometry":{"type":"Point","coordinates":[-75.231101,39.943039]},"properties":{"year":1960,"period":"1960","kind":"FHA"}},{"type":"Feature","geometry":{"type":"Point","coordinates":[-75.245036,39.957432]},"properties":{"year":1960,"period":"1960","kind":"VA"}},{"type":"Feature","geometry":{"type":"Point","coordinates":[-75.142812,40.00905]},"properties":{"year":1960,"period":"1960","kind":"FHA"}},{"type":"Feature","geometry":{"type":"Point","coordinates":[-75.079923,40.030553]},"properties":{"year":1960,"period":"1960","kind":"FHA"}},{"type":"Feature","geometry":{"type":"Point","coordinates":[-75.144149,39.989841]},"properties":{"year":1960,"period":"1960","kind":"VA"}},{"type":"Feature","geometry":{"type":"Point","coordinates":[-75.109109,40.01822]},"properties":{"year":1960,"period":"1960","kind":"FHA"}},{"type":"Feature","geometry":{"type":"Point","coordinates":[-75.119854,39.989474]},"properties":{"year":1960,"period":"1960","kind":"FHA"}},{"type":"Feature","geometry":{"type":"Point","coordinates":[-75.148551,40.015335]},"properties":{"year":1960,"period":"1960","kind":"VA"}},{"type":"Feature","geometry":{"type":"Point","coordinates":[-74.988297,40.069757]},"properties":{"year":1960,"period":"1960","kind":"FHA"}},{"type":"Feature","geometry":{"type":"Point","coordinates":[-75.023982,40.059176]},"properties":{"year":1960,"period":"1960","kind":"FHA"}},{"type":"Feature","geometry":{"type":"Point","coordinates":[-74.988707,40.069769]},"properties":{"year":1960,"period":"1960","kind":"FHA"}},{"type":"Feature","geometry":{"type":"Point","coordinates":[-75.023361,40.059366]},"properties":{"year":1960,"period":"1960","kind":"FHA"}},{"type":"Feature","geometry":{"type":"Point","coordinates":[-75.024106,40.059204]},"properties":{"year":1960,"period":"1960","kind":"FHA"}},{"type":"Feature","geometry":{"type":"Point","coordinates":[-74.988649,40.069911]},"properties":{"year":1960,"period":"1960","kind":"FHA"}},{"type":"Feature","geometry":{"type":"Point","coordinates":[-75.023848,40.059172]},"properties":{"year":1960,"period":"1960","kind":"FHA"}},{"type":"Feature","geometry":{"type":"Point","coordinates":[-74.971705,40.080879]},"properties":{"year":1960,"period":"1960","kind":"FHA"}},{"type":"Feature","geometry":{"type":"Point","coordinates":[-75.162786,39.914902]},"properties":{"year":1960,"period":"1960","kind":"VA"}},{"type":"Feature","geometry":{"type":"Point","coordinates":[-75.205282,40.023587]},"properties":{"year":1960,"period":"1960","kind":"FHA"}},{"type":"Feature","geometry":{"type":"Point","coordinates":[-75.179552,39.996764]},"properties":{"year":1960,"period":"1960","kind":"VA"}},{"type":"Feature","geometry":{"type":"Point","coordinates":[-75.0185,40.109998]},"properties":{"year":1960,"period":"1960","kind":"FHA"}},{"type":"Feature","geometry":{"type":"Point","coordinates":[-75.24396,39.950815]},"properties":{"year":1960,"period":"1960","kind":"FHA"}},{"type":"Feature","geometry":{"type":"Point","coordinates":[-75.224225,39.951487]},"properties":{"year":1960,"period":"1960","kind":"FHA"}},{"type":"Feature","geometry":{"type":"Point","coordinates":[-75.2411,39.951862]},"properties":{"year":1960,"period":"1960","kind":"VA"}},{"type":"Feature","geometry":{"type":"Point","coordinates":[-75.246634,39.949287]},"properties":{"year":1960,"period":"1960","kind":"VA"}},{"type":"Feature","geometry":{"type":"Point","coordinates":[-75.241806,39.95955]},"properties":{"year":1960,"period":"1960","kind":"VA"}},{"type":"Feature","geometry":{"type":"Point","coordinates":[-75.145002,39.943462]},"properties":{"year":1960,"period":"1960","kind":"FHA"}},{"type":"Feature","geometry":{"type":"Point","coordinates":[-75.107876,40.000287]},"properties":{"year":1960,"period":"1960","kind":"FHA"}},{"type":"Feature","geometry":{"type":"Point","coordinates":[-75.182748,40.055025]},"properties":{"year":1960,"period":"1960","kind":"VA"}},{"type":"Feature","geometry":{"type":"Point","coordinates":[-75.224832,39.918347]},"properties":{"year":1960,"period":"1960","kind":"FHA"}},{"type":"Feature","geometry":{"type":"Point","coordinates":[-74.971386,40.080117]},"properties":{"year":1960,"period":"1960","kind":"FHA"}},{"type":"Feature","geometry":{"type":"Point","coordinates":[-74.97144,40.080093]},"properties":{"year":1960,"period":"1960","kind":"FHA"}},{"type":"Feature","geometry":{"type":"Point","coordinates":[-75.148211,40.014903]},"properties":{"year":1960,"period":"1960","kind":"FHA"}},{"type":"Feature","geometry":{"type":"Point","coordinates":[-75.149253,40.067038]},"properties":{"year":1960,"period":"1960","kind":"FHA"}},{"type":"Feature","geometry":{"type":"Point","coordinates":[-75.148041,40.048769]},"properties":{"year":1960,"period":"1960","kind":"FHA"}},{"type":"Feature","geometry":{"type":"Point","coordinates":[-75.136188,40.046882]},"properties":{"year":1960,"period":"1960","kind":"FHA"}},{"type":"Feature","geometry":{"type":"Point","coordinates":[-75.1620877746036,40.060136167527]},"properties":{"year":1960,"period":"1960","kind":"FHA"}},{"type":"Feature","geometry":{"type":"Point","coordinates":[-75.127103,40.028989]},"properties":{"year":1960,"period":"1960","kind":"FHA"}},{"type":"Feature","geometry":{"type":"Point","coordinates":[-75.138525,40.018968]},"properties":{"year":1960,"period":"1960","kind":"FHA"}},{"type":"Feature","geometry":{"type":"Point","coordinates":[-75.214419,40.022825]},"properties":{"year":1960,"period":"1960","kind":"FHA"}},{"type":"Feature","geometry":{"type":"Point","coordinates":[-75.231157,39.952399]},"properties":{"year":1960,"period":"1960","kind":"FHA"}},{"type":"Feature","geometry":{"type":"Point","coordinates":[-75.231071,39.953447]},"properties":{"year":1960,"period":"1960","kind":"VA"}},{"type":"Feature","geometry":{"type":"Point","coordinates":[-75.194081,40.054938]},"properties":{"year":1960,"period":"1960","kind":"FHA"}},{"type":"Feature","geometry":{"type":"Point","coordinates":[-75.17143,40.025102]},"properties":{"year":1960,"period":"1960","kind":"FHA"}},{"type":"Feature","geometry":{"type":"Point","coordinates":[-75.016947,40.057235]},"properties":{"year":1960,"period":"1960","kind":"FHA"}},{"type":"Feature","geometry":{"type":"Point","coordinates":[-75.226018,39.919315]},"properties":{"year":1960,"period":"1960","kind":"VA"}},{"type":"Feature","geometry":{"type":"Point","coordinates":[-75.130473,40.033419]},"properties":{"year":1960,"period":"1960","kind":"FHA"}},{"type":"Feature","geometry":{"type":"Point","coordinates":[-75.147126,40.043858]},"properties":{"year":1960,"period":"1960","kind":"FHA"}},{"type":"Feature","geometry":{"type":"Point","coordinates":[-75.006766,40.063606]},"properties":{"year":1960,"period":"1960","kind":"FHA"}},{"type":"Feature","geometry":{"type":"Point","coordinates":[-74.986658,40.07204]},"properties":{"year":1960,"period":"1960","kind":"FHA"}},{"type":"Feature","geometry":{"type":"Point","coordinates":[-74.985089,40.06839]},"properties":{"year":1960,"period":"1960","kind":"FHA"}},{"type":"Feature","geometry":{"type":"Point","coordinates":[-75.006247,40.06331]},"properties":{"year":1960,"period":"1960","kind":"FHA"}},{"type":"Feature","geometry":{"type":"Point","coordinates":[-75.143665,40.007731]},"properties":{"year":1960,"period":"1960","kind":"FHA"}},{"type":"Feature","geometry":{"type":"Point","coordinates":[-75.006931,40.06326]},"properties":{"year":1960,"period":"1960","kind":"FHA"}},{"type":"Feature","geometry":{"type":"Point","coordinates":[-74.977478,40.083455]},"properties":{"year":1960,"period":"1960","kind":"FHA"}},{"type":"Feature","geometry":{"type":"Point","coordinates":[-75.094254,40.047242]},"properties":{"year":1960,"period":"1960","kind":"FHA"}},{"type":"Feature","geometry":{"type":"Point","coordinates":[-74.977402,40.083703]},"properties":{"year":1960,"period":"1960","kind":"FHA"}},{"type":"Feature","geometry":{"type":"Point","coordinates":[-75.143133,39.981789]},"properties":{"year":1960,"period":"1960","kind":"VA"}},{"type":"Feature","geometry":{"type":"Point","coordinates":[-75.102607,39.998577]},"properties":{"year":1960,"period":"1960","kind":"FHA"}},{"type":"Feature","geometry":{"type":"Point","coordinates":[-75.074266,40.027246]},"properties":{"year":1960,"period":"1960","kind":"FHA"}},{"type":"Feature","geometry":{"type":"Point","coordinates":[-75.12781,39.995037]},"properties":{"year":1960,"period":"1960","kind":"FHA"}},{"type":"Feature","geometry":{"type":"Point","coordinates":[-75.231011,39.950387]},"properties":{"year":1960,"period":"1960","kind":"VA"}},{"type":"Feature","geometry":{"type":"Point","coordinates":[-75.235032,39.949386]},"properties":{"year":1960,"period":"1960","kind":"FHA"}},{"type":"Feature","geometry":{"type":"Point","coordinates":[-75.149433,39.998128]},"properties":{"year":1960,"period":"1960","kind":"FHA"}},{"type":"Feature","geometry":{"type":"Point","coordinates":[-75.16189,40.003722]},"properties":{"year":1960,"period":"1960","kind":"VA"}},{"type":"Feature","geometry":{"type":"Point","coordinates":[-75.237488,39.952]},"properties":{"year":1960,"period":"1960","kind":"FHA"}},{"type":"Feature","geometry":{"type":"Point","coordinates":[-75.159881,40.004304]},"properties":{"year":1960,"period":"1960","kind":"VA"}},{"type":"Feature","geometry":{"type":"Point","coordinates":[-75.160003,40.033855]},"properties":{"year":1960,"period":"1960","kind":"FHA"}},{"type":"Feature","geometry":{"type":"Point","coordinates":[-75.147026,40.048436]},"properties":{"year":1960,"period":"1960","kind":"FHA"}},{"type":"Feature","geometry":{"type":"Point","coordinates":[-75.147996,40.048975]},"properties":{"year":1960,"period":"1960","kind":"FHA"}},{"type":"Feature","geometry":{"type":"Point","coordinates":[-75.236106,39.963618]},"properties":{"year":1960,"period":"1960","kind":"FHA"}},{"type":"Feature","geometry":{"type":"Point","coordinates":[-75.169883,39.927486]},"properties":{"year":1960,"period":"1960","kind":"VA"}},{"type":"Feature","geometry":{"type":"Point","coordinates":[-75.146699,40.0471]},"properties":{"year":1960,"period":"1960","kind":"FHA"}},{"type":"Feature","geometry":{"type":"Point","coordinates":[-75.213712,40.035914]},"properties":{"year":1960,"period":"1960","kind":"FHA"}},{"type":"Feature","geometry":{"type":"Point","coordinates":[-75.160138,40.033932]},"properties":{"year":1960,"period":"1960","kind":"VA"}},{"type":"Feature","geometry":{"type":"Point","coordinates":[-75.085675,40.076568]},"properties":{"year":1960,"period":"1960","kind":"FHA"}},{"type":"Feature","geometry":{"type":"Point","coordinates":[-75.238728,39.928585]},"properties":{"year":1960,"period":"1960","kind":"FHA"}},{"type":"Feature","geometry":{"type":"Point","coordinates":[-75.231617,39.970789]},"properties":{"year":1960,"period":"1960","kind":"VA"}},{"type":"Feature","geometry":{"type":"Point","coordinates":[-75.222089,39.952618]},"properties":{"year":1960,"period":"1960","kind":"FHA"}},{"type":"Feature","geometry":{"type":"Point","coordinates":[-75.238729,39.973684]},"properties":{"year":1960,"period":"1960","kind":"FHA"}},{"type":"Feature","geometry":{"type":"Point","coordinates":[-75.14618,39.932801]},"properties":{"year":1960,"period":"1960","kind":"FHA"}},{"type":"Feature","geometry":{"type":"Point","coordinates":[-75.15333,40.02747]},"properties":{"year":1960,"period":"1960","kind":"FHA"}},{"type":"Feature","geometry":{"type":"Point","coordinates":[-75.026076,40.033846]},"properties":{"year":1960,"period":"1960","kind":"FHA"}},{"type":"Feature","geometry":{"type":"Point","coordinates":[-75.017006,40.064942]},"properties":{"year":1960,"period":"1960","kind":"FHA"}},{"type":"Feature","geometry":{"type":"Point","coordinates":[-74.995798,40.120647]},"properties":{"year":1960,"period":"1960","kind":"FHA"}},{"type":"Feature","geometry":{"type":"Point","coordinates":[-75.00662,40.063521]},"properties":{"year":1960,"period":"1960","kind":"FHA"}},{"type":"Feature","geometry":{"type":"Point","coordinates":[-75.054167,40.028714]},"properties":{"year":1960,"period":"1960","kind":"FHA"}},{"type":"Feature","geometry":{"type":"Point","coordinates":[-75.026627,40.052584]},"properties":{"year":1960,"period":"1960","kind":"FHA"}},{"type":"Feature","geometry":{"type":"Point","coordinates":[-75.007256,40.057288]},"properties":{"year":1960,"period":"1960","kind":"FHA"}},{"type":"Feature","geometry":{"type":"Point","coordinates":[-75.114744,40.028774]},"properties":{"year":1960,"period":"1960","kind":"FHA"}},{"type":"Feature","geometry":{"type":"Point","coordinates":[-74.977031,40.08322]},"properties":{"year":1960,"period":"1960","kind":"FHA"}},{"type":"Feature","geometry":{"type":"Point","coordinates":[-75.178689,39.997709]},"properties":{"year":1960,"period":"1960","kind":"FHA"}},{"type":"Feature","geometry":{"type":"Point","coordinates":[-75.160153,40.048657]},"properties":{"year":1960,"period":"1960","kind":"FHA"}},{"type":"Feature","geometry":{"type":"Point","coordinates":[-75.045427,40.027603]},"properties":{"year":1960,"period":"1960","kind":"FHA"}},{"type":"Feature","geometry":{"type":"Point","coordinates":[-75.148991,40.050566]},"properties":{"year":1960,"period":"1960","kind":"FHA"}},{"type":"Feature","geometry":{"type":"Point","coordinates":[-75.183745,39.992102]},"properties":{"year":1960,"period":"1960","kind":"VA"}},{"type":"Feature","geometry":{"type":"Point","coordinates":[-75.2321,39.935931]},"properties":{"year":1960,"period":"1960","kind":"FHA"}},{"type":"Feature","geometry":{"type":"Point","coordinates":[-75.209983,40.020512]},"properties":{"year":1960,"period":"1960","kind":"FHA"}},{"type":"Feature","geometry":{"type":"Point","coordinates":[-75.177713,40.083135]},"properties":{"year":1960,"period":"1960","kind":"FHA"}},{"type":"Feature","geometry":{"type":"Point","coordinates":[-75.185062,40.038725]},"properties":{"year":1960,"period":"1960","kind":"FHA"}},{"type":"Feature","geometry":{"type":"Point","coordinates":[-75.121801,40.02716]},"properties":{"year":1960,"period":"1960","kind":"FHA"}},{"type":"Feature","geometry":{"type":"Point","coordinates":[-75.130922,39.99267]},"properties":{"year":1960,"period":"1960","kind":"VA"}},{"type":"Feature","geometry":{"type":"Point","coordinates":[-75.217282,39.969107]},"properties":{"year":1960,"period":"1960","kind":"VA"}},{"type":"Feature","geometry":{"type":"Point","coordinates":[-75.236412,39.949508]},"properties":{"year":1960,"period":"1960","kind":"FHA"}},{"type":"Feature","geometry":{"type":"Point","coordinates":[-75.244847,39.967912]},"properties":{"year":1960,"period":"1960","kind":"FHA"}},{"type":"Feature","geometry":{"type":"Point","coordinates":[-74.979184,40.095572]},"properties":{"year":1960,"period":"1960","kind":"FHA"}},{"type":"Feature","geometry":{"type":"Point","coordinates":[-75.120036,40.027336]},"properties":{"year":1960,"period":"1960","kind":"FHA"}},{"type":"Feature","geometry":{"type":"Point","coordinates":[-74.979408,40.089813]},"properties":{"year":1960,"period":"1960","kind":"FHA"}},{"type":"Feature","geometry":{"type":"Point","coordinates":[-74.979455,40.089853]},"properties":{"year":1960,"period":"1960","kind":"FHA"}},{"type":"Feature","geometry":{"type":"Point","coordinates":[-75.231928,39.95225]},"properties":{"year":1960,"period":"1960","kind":"FHA"}},{"type":"Feature","geometry":{"type":"Point","coordinates":[-75.142018,40.007632]},"properties":{"year":1960,"period":"1960","kind":"FHA"}},{"type":"Feature","geometry":{"type":"Point","coordinates":[-75.234425,39.952417]},"properties":{"year":1960,"period":"1960","kind":"VA"}},{"type":"Feature","geometry":{"type":"Point","coordinates":[-75.220332,39.957605]},"properties":{"year":1960,"period":"1960","kind":"FHA"}},{"type":"Feature","geometry":{"type":"Point","coordinates":[-75.237973,39.976977]},"properties":{"year":1960,"period":"1960","kind":"VA"}},{"type":"Feature","geometry":{"type":"Point","coordinates":[-75.238942,39.950605]},"properties":{"year":1960,"period":"1960","kind":"FHA"}},{"type":"Feature","geometry":{"type":"Point","coordinates":[-74.981115,40.098383]},"properties":{"year":1960,"period":"1960","kind":"FHA"}},{"type":"Feature","geometry":{"type":"Point","coordinates":[-75.183524,40.057596]},"properties":{"year":1960,"period":"1960","kind":"FHA"}},{"type":"Feature","geometry":{"type":"Point","coordinates":[-75.103633,39.998455]},"properties":{"year":1960,"period":"1960","kind":"FHA"}},{"type":"Feature","geometry":{"type":"Point","coordinates":[-75.074565,40.026922]},"properties":{"year":1960,"period":"1960","kind":"FHA"}},{"type":"Feature","geometry":{"type":"Point","coordinates":[-75.252858,39.975362]},"properties":{"year":1960,"period":"1960","kind":"FHA"}},{"type":"Feature","geometry":{"type":"Point","coordinates":[-75.239037,39.977059]},"properties":{"year":1960,"period":"1960","kind":"FHA"}},{"type":"Feature","geometry":{"type":"Point","coordinates":[-75.114393,40.019443]},"properties":{"year":1960,"period":"1960","kind":"FHA"}},{"type":"Feature","geometry":{"type":"Point","coordinates":[-74.965049,40.092908]},"properties":{"year":1960,"period":"1960","kind":"FHA"}},{"type":"Feature","geometry":{"type":"Point","coordinates":[-74.965873,40.092724]},"properties":{"year":1960,"period":"1960","kind":"FHA"}},{"type":"Feature","geometry":{"type":"Point","coordinates":[-74.965291,40.093218]},"properties":{"year":1960,"period":"1960","kind":"FHA"}},{"type":"Feature","geometry":{"type":"Point","coordinates":[-75.121419,39.981483]},"properties":{"year":1960,"period":"1960","kind":"VA"}},{"type":"Feature","geometry":{"type":"Point","coordinates":[-75.146444,40.043018]},"properties":{"year":1960,"period":"1960","kind":"FHA"}},{"type":"Feature","geometry":{"type":"Point","coordinates":[-74.965148,40.093036]},"properties":{"year":1960,"period":"1960","kind":"FHA"}},{"type":"Feature","geometry":{"type":"Point","coordinates":[-75.14083,40.004098]},"properties":{"year":1960,"period":"1960","kind":"FHA"}},{"type":"Feature","geometry":{"type":"Point","coordinates":[-75.077767,40.043926]},"properties":{"year":1960,"period":"1960","kind":"FHA"}},{"type":"Feature","geometry":{"type":"Point","coordinates":[-75.146522,40.042743]},"properties":{"year":1960,"period":"1960","kind":"FHA"}},{"type":"Feature","geometry":{"type":"Point","coordinates":[-75.140978,40.039621]},"properties":{"year":1960,"period":"1960","kind":"FHA"}},{"type":"Feature","geometry":{"type":"Point","coordinates":[-75.1697,40.035974]},"properties":{"year":1960,"period":"1960","kind":"FHA"}},{"type":"Feature","geometry":{"type":"Point","coordinates":[-75.151551,40.049355]},"properties":{"year":1960,"period":"1960","kind":"FHA"}},{"type":"Feature","geometry":{"type":"Point","coordinates":[-75.163659,40.04882]},"properties":{"year":1960,"period":"1960","kind":"FHA"}},{"type":"Feature","geometry":{"type":"Point","coordinates":[-75.149913,39.920883]},"properties":{"year":1960,"period":"1960","kind":"FHA"}},{"type":"Feature","geometry":{"type":"Point","coordinates":[-75.236476,39.977375]},"properties":{"year":1960,"period":"1960","kind":"FHA"}},{"type":"Feature","geometry":{"type":"Point","coordinates":[-75.145737,39.993616]},"properties":{"year":1960,"period":"1960","kind":"VA"}},{"type":"Feature","geometry":{"type":"Point","coordinates":[-75.248957,39.950562]},"properties":{"year":1960,"period":"1960","kind":"VA"}},{"type":"Feature","geometry":{"type":"Point","coordinates":[-75.241122,39.95757]},"properties":{"year":1960,"period":"1960","kind":"FHA"}},{"type":"Feature","geometry":{"type":"Point","coordinates":[-75.22657,39.973699]},"properties":{"year":1960,"period":"1960","kind":"VA"}},{"type":"Feature","geometry":{"type":"Point","coordinates":[-75.238562,39.94371]},"properties":{"year":1960,"period":"1960","kind":"FHA"}},{"type":"Feature","geometry":{"type":"Point","coordinates":[-75.239012,39.98677]},"properties":{"year":1960,"period":"1960","kind":"FHA"}},{"type":"Feature","geometry":{"type":"Point","coordinates":[-75.178401,39.99437]},"properties":{"year":1960,"period":"1960","kind":"VA"}},{"type":"Feature","geometry":{"type":"Point","coordinates":[-75.146074,40.05656]},"properties":{"year":1960,"period":"1960","kind":"FHA"}},{"type":"Feature","geometry":{"type":"Point","coordinates":[-75.176024,39.993774]},"properties":{"year":1960,"period":"1960","kind":"VA"}},{"type":"Feature","geometry":{"type":"Point","coordinates":[-75.159298,40.065912]},"properties":{"year":1960,"period":"1960","kind":"FHA"}},{"type":"Feature","geometry":{"type":"Point","coordinates":[-75.127788,40.019559]},"properties":{"year":1960,"period":"1960","kind":"FHA"}},{"type":"Feature","geometry":{"type":"Point","coordinates":[-74.965247,40.093161]},"properties":{"year":1960,"period":"1960","kind":"FHA"}},{"type":"Feature","geometry":{"type":"Point","coordinates":[-75.224529,39.927602]},"properties":{"year":1960,"period":"1960","kind":"FHA"}},{"type":"Feature","geometry":{"type":"Point","coordinates":[-74.985274,40.068022]},"properties":{"year":1960,"period":"1960","kind":"FHA"}},{"type":"Feature","geometry":{"type":"Point","coordinates":[-74.965127,40.092271]},"properties":{"year":1960,"period":"1960","kind":"FHA"}},{"type":"Feature","geometry":{"type":"Point","coordinates":[-74.965768,40.092782]},"properties":{"year":1960,"period":"1960","kind":"FHA"}},{"type":"Feature","geometry":{"type":"Point","coordinates":[-75.023467,40.05931]},"properties":{"year":1960,"period":"1960","kind":"FHA"}},{"type":"Feature","geometry":{"type":"Point","coordinates":[-74.985886,40.068078]},"properties":{"year":1960,"period":"1960","kind":"FHA"}},{"type":"Feature","geometry":{"type":"Point","coordinates":[-75.019024,40.063957]},"properties":{"year":1960,"period":"1960","kind":"FHA"}},{"type":"Feature","geometry":{"type":"Point","coordinates":[-75.153306,40.027586]},"properties":{"year":1960,"period":"1960","kind":"FHA"}},{"type":"Feature","geometry":{"type":"Point","coordinates":[-75.113284,40.000997]},"properties":{"year":1960,"period":"1960","kind":"FHA"}},{"type":"Feature","geometry":{"type":"Point","coordinates":[-75.246834,39.955213]},"properties":{"year":1960,"period":"1960","kind":"FHA"}},{"type":"Feature","geometry":{"type":"Point","coordinates":[-75.030282,40.058749]},"properties":{"year":1960,"period":"1960","kind":"FHA"}},{"type":"Feature","geometry":{"type":"Point","coordinates":[-75.228739,40.036959]},"properties":{"year":1960,"period":"1960","kind":"FHA"}},{"type":"Feature","geometry":{"type":"Point","coordinates":[-75.228507,39.974991]},"properties":{"year":1960,"period":"1960","kind":"FHA"}},{"type":"Feature","geometry":{"type":"Point","coordinates":[-75.245198,39.961503]},"properties":{"year":1960,"period":"1960","kind":"VA"}},{"type":"Feature","geometry":{"type":"Point","coordinates":[-75.230196,39.958125]},"properties":{"year":1960,"period":"1960","kind":"FHA"}},{"type":"Feature","geometry":{"type":"Point","coordinates":[-75.170856,39.997486]},"properties":{"year":1960,"period":"1960","kind":"FHA"}},{"type":"Feature","geometry":{"type":"Point","coordinates":[-75.230881,40.066648]},"properties":{"year":1960,"period":"1960","kind":"FHA"}},{"type":"Feature","geometry":{"type":"Point","coordinates":[-75.128078,40.030758]},"properties":{"year":1960,"period":"1960","kind":"FHA"}},{"type":"Feature","geometry":{"type":"Point","coordinates":[-75.147923,40.015581]},"properties":{"year":1960,"period":"1960","kind":"FHA"}},{"type":"Feature","geometry":{"type":"Point","coordinates":[-75.15276,40.04055]},"properties":{"year":1960,"period":"1960","kind":"FHA"}},{"type":"Feature","geometry":{"type":"Point","coordinates":[-75.155113,40.042289]},"properties":{"year":1960,"period":"1960","kind":"FHA"}},{"type":"Feature","geometry":{"type":"Point","coordinates":[-75.144816,40.056544]},"properties":{"year":1960,"period":"1960","kind":"FHA"}},{"type":"Feature","geometry":{"type":"Point","coordinates":[-75.151264,40.046614]},"properties":{"year":1960,"period":"1960","kind":"FHA"}},{"type":"Feature","geometry":{"type":"Point","coordinates":[-75.187135,40.03734]},"properties":{"year":1960,"period":"1960","kind":"FHA"}},{"type":"Feature","geometry":{"type":"Point","coordinates":[-75.155767,40.055414]},"properties":{"year":1960,"period":"1960","kind":"FHA"}},{"type":"Feature","geometry":{"type":"Point","coordinates":[-75.14932,40.040801]},"properties":{"year":1960,"period":"1960","kind":"FHA"}},{"type":"Feature","geometry":{"type":"Point","coordinates":[-75.155996,40.050728]},"properties":{"year":1960,"period":"1960","kind":"FHA"}},{"type":"Feature","geometry":{"type":"Point","coordinates":[-75.113504,39.982445]},"properties":{"year":1960,"period":"1960","kind":"FHA"}},{"type":"Feature","geometry":{"type":"Point","coordinates":[-75.075966,40.044649]},"properties":{"year":1960,"period":"1960","kind":"FHA"}},{"type":"Feature","geometry":{"type":"Point","coordinates":[-75.096022,39.991032]},"properties":{"year":1960,"period":"1960","kind":"FHA"}},{"type":"Feature","geometry":{"type":"Point","coordinates":[-75.108485,40.027768]},"properties":{"year":1960,"period":"1960","kind":"FHA"}},{"type":"Feature","geometry":{"type":"Point","coordinates":[-75.034959,40.035476]},"properties":{"year":1960,"period":"1960","kind":"FHA"}},{"type":"Feature","geometry":{"type":"Point","coordinates":[-75.157105,40.009662]},"properties":{"year":1960,"period":"1960","kind":"FHA"}},{"type":"Feature","geometry":{"type":"Point","coordinates":[-75.177555,40.042174]},"properties":{"year":1960,"period":"1960","kind":"VA"}},{"type":"Feature","geometry":{"type":"Point","coordinates":[-75.171274,40.048399]},"properties":{"year":1960,"period":"1960","kind":"FHA"}},{"type":"Feature","geometry":{"type":"Point","coordinates":[-75.143014,40.012621]},"properties":{"year":1960,"period":"1960","kind":"FHA"}},{"type":"Feature","geometry":{"type":"Point","coordinates":[-75.082892,40.061548]},"properties":{"year":1960,"period":"1960","kind":"FHA"}},{"type":"Feature","geometry":{"type":"Point","coordinates":[-74.984919,40.068314]},"properties":{"year":1960,"period":"1960","kind":"FHA"}},{"type":"Feature","geometry":{"type":"Point","coordinates":[-75.067758,40.070505]},"properties":{"year":1960,"period":"1960","kind":"FHA"}},{"type":"Feature","geometry":{"type":"Point","coordinates":[-75.057404,40.026544]},"properties":{"year":1960,"period":"1960","kind":"FHA"}},{"type":"Feature","geometry":{"type":"Point","coordinates":[-75.236718,39.974499]},"properties":{"year":1960,"period":"1960","kind":"FHA"}},{"type":"Feature","geometry":{"type":"Point","coordinates":[-75.227779,39.952351]},"properties":{"year":1960,"period":"1960","kind":"FHA"}},{"type":"Feature","geometry":{"type":"Point","coordinates":[-75.226762,39.94829]},"properties":{"year":1960,"period":"1960","kind":"VA"}},{"type":"Feature","geometry":{"type":"Point","coordinates":[-75.059649,40.028699]},"properties":{"year":1960,"period":"1960","kind":"FHA"}},{"type":"Feature","geometry":{"type":"Point","coordinates":[-75.110153,40.000608]},"properties":{"year":1960,"period":"1960","kind":"FHA"}},{"type":"Feature","geometry":{"type":"Point","coordinates":[-75.174252,39.932734]},"properties":{"year":1960,"period":"1960","kind":"VA"}},{"type":"Feature","geometry":{"type":"Point","coordinates":[-74.97859,40.090288]},"properties":{"year":1960,"period":"1960","kind":"FHA"}},{"type":"Feature","geometry":{"type":"Point","coordinates":[-75.14909,40.007833]},"properties":{"year":1960,"period":"1960","kind":"FHA"}},{"type":"Feature","geometry":{"type":"Point","coordinates":[-75.148364,40.049102]},"properties":{"year":1960,"period":"1960","kind":"FHA"}},{"type":"Feature","geometry":{"type":"Point","coordinates":[-75.164062,40.070407]},"properties":{"year":1960,"period":"1960","kind":"FHA"}},{"type":"Feature","geometry":{"type":"Point","coordinates":[-75.155131,40.050692]},"properties":{"year":1960,"period":"1960","kind":"FHA"}},{"type":"Feature","geometry":{"type":"Point","coordinates":[-75.185731,40.060971]},"properties":{"year":1960,"period":"1960","kind":"FHA"}},{"type":"Feature","geometry":{"type":"Point","coordinates":[-74.981177,40.098239]},"properties":{"year":1960,"period":"1960","kind":"FHA"}},{"type":"Feature","geometry":{"type":"Point","coordinates":[-74.981839,40.097406]},"properties":{"year":1960,"period":"1960","kind":"FHA"}},{"type":"Feature","geometry":{"type":"Point","coordinates":[-75.147588,39.991242]},"properties":{"year":1960,"period":"1960","kind":"FHA"}},{"type":"Feature","geometry":{"type":"Point","coordinates":[-75.262898,39.974049]},"properties":{"year":1960,"period":"1960","kind":"FHA"}},{"type":"Feature","geometry":{"type":"Point","coordinates":[-75.215369,39.956273]},"properties":{"year":1960,"period":"1960","kind":"FHA"}},{"type":"Feature","geometry":{"type":"Point","coordinates":[-75.153652,40.043475]},"properties":{"year":1960,"period":"1960","kind":"VA"}},{"type":"Feature","geometry":{"type":"Point","coordinates":[-75.225904,39.960661]},"properties":{"year":1960,"period":"1960","kind":"VA"}},{"type":"Feature","geometry":{"type":"Point","coordinates":[-75.23067,39.939376]},"properties":{"year":1960,"period":"1960","kind":"VA"}},{"type":"Feature","geometry":{"type":"Point","coordinates":[-75.242571,39.912691]},"properties":{"year":1960,"period":"1960","kind":"FHA"}},{"type":"Feature","geometry":{"type":"Point","coordinates":[-75.264924,39.973245]},"properties":{"year":1960,"period":"1960","kind":"FHA"}},{"type":"Feature","geometry":{"type":"Point","coordinates":[-75.10459,40.028291]},"properties":{"year":1960,"period":"1960","kind":"FHA"}},{"type":"Feature","geometry":{"type":"Point","coordinates":[-75.178032,39.976227]},"properties":{"year":1960,"period":"1960","kind":"FHA"}},{"type":"Feature","geometry":{"type":"Point","coordinates":[-75.221398,40.03931]},"properties":{"year":1960,"period":"1960","kind":"FHA"}},{"type":"Feature","geometry":{"type":"Point","coordinates":[-75.144091,39.990106]},"properties":{"year":1960,"period":"1960","kind":"FHA"}},{"type":"Feature","geometry":{"type":"Point","coordinates":[-75.119707,39.999254]},"properties":{"year":1960,"period":"1960","kind":"FHA"}},{"type":"Feature","geometry":{"type":"Point","coordinates":[-75.184766,40.055431]},"properties":{"year":1960,"period":"1960","kind":"VA"}},{"type":"Feature","geometry":{"type":"Point","coordinates":[-75.183176,40.04171]},"properties":{"year":1960,"period":"1960","kind":"FHA"}},{"type":"Feature","geometry":{"type":"Point","coordinates":[-75.164865,40.01976]},"properties":{"year":1960,"period":"1960","kind":"FHA"}},{"type":"Feature","geometry":{"type":"Point","coordinates":[-75.143338,40.011989]},"properties":{"year":1960,"period":"1960","kind":"FHA"}},{"type":"Feature","geometry":{"type":"Point","coordinates":[-74.988329,40.069605]},"properties":{"year":1960,"period":"1960","kind":"FHA"}},{"type":"Feature","geometry":{"type":"Point","coordinates":[-75.023932,40.060516]},"properties":{"year":1960,"period":"1960","kind":"FHA"}},{"type":"Feature","geometry":{"type":"Point","coordinates":[-75.10752,40.042671]},"properties":{"year":1960,"period":"1960","kind":"VA"}},{"type":"Feature","geometry":{"type":"Point","coordinates":[-75.221598,39.962027]},"properties":{"year":1960,"period":"1960","kind":"VA"}},{"type":"Feature","geometry":{"type":"Point","coordinates":[-75.230558,39.917444]},"properties":{"year":1960,"period":"1960","kind":"FHA"}},{"type":"Feature","geometry":{"type":"Point","coordinates":[-75.233896,39.973409]},"properties":{"year":1960,"period":"1960","kind":"VA"}},{"type":"Feature","geometry":{"type":"Point","coordinates":[-75.177223,40.052918]},"properties":{"year":1960,"period":"1960","kind":"FHA"}},{"type":"Feature","geometry":{"type":"Point","coordinates":[-75.119163,40.000406]},"properties":{"year":1960,"period":"1960","kind":"VA"}},{"type":"Feature","geometry":{"type":"Point","coordinates":[-75.188715,40.063399]},"properties":{"year":1960,"period":"1960","kind":"FHA"}},{"type":"Feature","geometry":{"type":"Point","coordinates":[-75.065599,40.031734]},"properties":{"year":1960,"period":"1960","kind":"FHA"}},{"type":"Feature","geometry":{"type":"Point","coordinates":[-75.091626,40.031806]},"properties":{"year":1960,"period":"1960","kind":"FHA"}},{"type":"Feature","geometry":{"type":"Point","coordinates":[-75.179678,39.996336]},"properties":{"year":1960,"period":"1960","kind":"VA"}},{"type":"Feature","geometry":{"type":"Point","coordinates":[-75.241634,39.965861]},"properties":{"year":1960,"period":"1960","kind":"VA"}},{"type":"Feature","geometry":{"type":"Point","coordinates":[-74.979972,40.089634]},"properties":{"year":1960,"period":"1960","kind":"FHA"}},{"type":"Feature","geometry":{"type":"Point","coordinates":[-74.979394,40.0893]},"properties":{"year":1960,"period":"1960","kind":"FHA"}},{"type":"Feature","geometry":{"type":"Point","coordinates":[-74.979778,40.08947]},"properties":{"year":1960,"period":"1960","kind":"FHA"}},{"type":"Feature","geometry":{"type":"Point","coordinates":[-75.03225,40.044285]},"properties":{"year":1960,"period":"1960","kind":"FHA"}},{"type":"Feature","geometry":{"type":"Point","coordinates":[-75.161359,40.045728]},"properties":{"year":1960,"period":"1960","kind":"VA"}},{"type":"Feature","geometry":{"type":"Point","coordinates":[-75.205811,40.019004]},"properties":{"year":1960,"period":"1960","kind":"FHA"}},{"type":"Feature","geometry":{"type":"Point","coordinates":[-75.155917,39.998303]},"properties":{"year":1960,"period":"1960","kind":"VA"}},{"type":"Feature","geometry":{"type":"Point","coordinates":[-75.17647,40.046832]},"properties":{"year":1960,"period":"1960","kind":"FHA"}},{"type":"Feature","geometry":{"type":"Point","coordinates":[-75.20972,40.02473]},"properties":{"year":1960,"period":"1960","kind":"FHA"}},{"type":"Feature","geometry":{"type":"Point","coordinates":[-75.225073,39.95058]},"properties":{"year":1960,"period":"1960","kind":"FHA"}},{"type":"Feature","geometry":{"type":"Point","coordinates":[-75.246273,39.951894]},"properties":{"year":1960,"period":"1960","kind":"VA"}},{"type":"Feature","geometry":{"type":"Point","coordinates":[-75.227503,39.918264]},"properties":{"year":1960,"period":"1960","kind":"FHA"}},{"type":"Feature","geometry":{"type":"Point","coordinates":[-75.222475,39.936775]},"properties":{"year":1960,"period":"1960","kind":"FHA"}},{"type":"Feature","geometry":{"type":"Point","coordinates":[-75.227733,39.951465]},"properties":{"year":1960,"period":"1960","kind":"VA"}},{"type":"Feature","geometry":{"type":"Point","coordinates":[-75.244533,39.960294]},"properties":{"year":1960,"period":"1960","kind":"FHA"}},{"type":"Feature","geometry":{"type":"Point","coordinates":[-75.149691,39.932868]},"properties":{"year":1960,"period":"1960","kind":"FHA"}},{"type":"Feature","geometry":{"type":"Point","coordinates":[-75.117041,40.023965]},"properties":{"year":1960,"period":"1960","kind":"FHA"}},{"type":"Feature","geometry":{"type":"Point","coordinates":[-74.965182,40.093079]},"properties":{"year":1960,"period":"1960","kind":"FHA"}},{"type":"Feature","geometry":{"type":"Point","coordinates":[-75.031175,40.107429]},"properties":{"year":1960,"period":"1960","kind":"FHA"}},{"type":"Feature","geometry":{"type":"Point","coordinates":[-75.102387,40.038445]},"properties":{"year":1960,"period":"1960","kind":"FHA"}},{"type":"Feature","geometry":{"type":"Point","coordinates":[-75.223933,39.922693]},"properties":{"year":1960,"period":"1960","kind":"FHA"}},{"type":"Feature","geometry":{"type":"Point","coordinates":[-75.142738,39.98568]},"properties":{"year":1960,"period":"1960","kind":"FHA"}},{"type":"Feature","geometry":{"type":"Point","coordinates":[-75.150616,40.044533]},"properties":{"year":1960,"period":"1960","kind":"FHA"}},{"type":"Feature","geometry":{"type":"Point","coordinates":[-75.182371,40.058927]},"properties":{"year":1960,"period":"1960","kind":"FHA"}},{"type":"Feature","geometry":{"type":"Point","coordinates":[-75.182375,40.055935]},"properties":{"year":1960,"period":"1960","kind":"FHA"}},{"type":"Feature","geometry":{"type":"Point","coordinates":[-75.175344,40.005219]},"properties":{"year":1960,"period":"1960","kind":"FHA"}},{"type":"Feature","geometry":{"type":"Point","coordinates":[-75.153411,40.0271]},"properties":{"year":1960,"period":"1960","kind":"FHA"}},{"type":"Feature","geometry":{"type":"Point","coordinates":[-75.153791,40.002724]},"properties":{"year":1960,"period":"1960","kind":"FHA"}},{"type":"Feature","geometry":{"type":"Point","coordinates":[-75.135903,40.017135]},"properties":{"year":1960,"period":"1960","kind":"FHA"}},{"type":"Feature","geometry":{"type":"Point","coordinates":[-75.124453,40.040179]},"properties":{"year":1960,"period":"1960","kind":"FHA"}},{"type":"Feature","geometry":{"type":"Point","coordinates":[-75.148453,39.99442]},"properties":{"year":1960,"period":"1960","kind":"FHA"}},{"type":"Feature","geometry":{"type":"Point","coordinates":[-75.063006,40.033045]},"properties":{"year":1960,"period":"1960","kind":"FHA"}},{"type":"Feature","geometry":{"type":"Point","coordinates":[-74.965231,40.092214]},"properties":{"year":1960,"period":"1960","kind":"FHA"}},{"type":"Feature","geometry":{"type":"Point","coordinates":[-75.175955,39.912028]},"properties":{"year":1960,"period":"1960","kind":"FHA"}},{"type":"Feature","geometry":{"type":"Point","coordinates":[-74.965355,40.092148]},"properties":{"year":1960,"period":"1960","kind":"FHA"}},{"type":"Feature","geometry":{"type":"Point","coordinates":[-74.965072,40.092299]},"properties":{"year":1960,"period":"1960","kind":"FHA"}},{"type":"Feature","geometry":{"type":"Point","coordinates":[-74.965284,40.092185]},"properties":{"year":1960,"period":"1960","kind":"FHA"}},{"type":"Feature","geometry":{"type":"Point","coordinates":[-75.056601,40.018152]},"properties":{"year":1960,"period":"1960","kind":"FHA"}},{"type":"Feature","geometry":{"type":"Point","coordinates":[-75.060704,40.044113]},"properties":{"year":1960,"period":"1960","kind":"FHA"}},{"type":"Feature","geometry":{"type":"Point","coordinates":[-75.170464,40.067239]},"properties":{"year":1960,"period":"1960","kind":"FHA"}},{"type":"Feature","geometry":{"type":"Point","coordinates":[-75.11784,40.020327]},"properties":{"year":1960,"period":"1960","kind":"FHA"}},{"type":"Feature","geometry":{"type":"Point","coordinates":[-75.115039,40.018032]},"properties":{"year":1960,"period":"1960","kind":"FHA"}},{"type":"Feature","geometry":{"type":"Point","coordinates":[-75.113074,39.993684]},"properties":{"year":1960,"period":"1960","kind":"FHA"}},{"type":"Feature","geometry":{"type":"Point","coordinates":[-75.006999,40.063313]},"properties":{"year":1960,"period":"1960","kind":"FHA"}},{"type":"Feature","geometry":{"type":"Point","coordinates":[-74.965403,40.092484]},"properties":{"year":1960,"period":"1960","kind":"FHA"}},{"type":"Feature","geometry":{"type":"Point","coordinates":[-74.965688,40.092325]},"properties":{"year":1960,"period":"1960","kind":"FHA"}},{"type":"Feature","geometry":{"type":"Point","coordinates":[-74.965297,40.092541]},"properties":{"year":1960,"period":"1960","kind":"FHA"}},{"type":"Feature","geometry":{"type":"Point","coordinates":[-74.965456,40.092455]},"properties":{"year":1960,"period":"1960","kind":"FHA"}},{"type":"Feature","geometry":{"type":"Point","coordinates":[-74.965832,40.092234]},"properties":{"year":1960,"period":"1960","kind":"FHA"}},{"type":"Feature","geometry":{"type":"Point","coordinates":[-74.965822,40.092753]},"properties":{"year":1960,"period":"1960","kind":"FHA"}},{"type":"Feature","geometry":{"type":"Point","coordinates":[-74.96562,40.092367]},"properties":{"year":1960,"period":"1960","kind":"FHA"}},{"type":"Feature","geometry":{"type":"Point","coordinates":[-74.965741,40.092298]},"properties":{"year":1960,"period":"1960","kind":"FHA"}},{"type":"Feature","geometry":{"type":"Point","coordinates":[-74.981487,40.090233]},"properties":{"year":1960,"period":"1960","kind":"FHA"}},{"type":"Feature","geometry":{"type":"Point","coordinates":[-75.233415,39.949435]},"properties":{"year":1960,"period":"1960","kind":"VA"}},{"type":"Feature","geometry":{"type":"Point","coordinates":[-75.235875,39.951155]},"properties":{"year":1960,"period":"1960","kind":"FHA"}},{"type":"Feature","geometry":{"type":"Point","coordinates":[-75.242069,39.977201]},"properties":{"year":1960,"period":"1960","kind":"VA"}},{"type":"Feature","geometry":{"type":"Point","coordinates":[-75.225887,39.950616]},"properties":{"year":1960,"period":"1960","kind":"VA"}},{"type":"Feature","geometry":{"type":"Point","coordinates":[-75.158026,40.044082]},"properties":{"year":1960,"period":"1960","kind":"FHA"}},{"type":"Feature","geometry":{"type":"Point","coordinates":[-75.172045,40.050871]},"properties":{"year":1960,"period":"1960","kind":"VA"}},{"type":"Feature","geometry":{"type":"Point","coordinates":[-75.150008,40.041932]},"properties":{"year":1960,"period":"1960","kind":"FHA"}},{"type":"Feature","geometry":{"type":"Point","coordinates":[-74.981197,40.098191]},"properties":{"year":1960,"period":"1960","kind":"FHA"}},{"type":"Feature","geometry":{"type":"Point","coordinates":[-75.145149,39.991261]},"properties":{"year":1960,"period":"1960","kind":"FHA"}},{"type":"Feature","geometry":{"type":"Point","coordinates":[-75.242617,39.9718]},"properties":{"year":1960,"period":"1960","kind":"FHA"}},{"type":"Feature","geometry":{"type":"Point","coordinates":[-75.210915,40.024727]},"properties":{"year":1960,"period":"1960","kind":"FHA"}},{"type":"Feature","geometry":{"type":"Point","coordinates":[-75.181149,39.979546]},"properties":{"year":1960,"period":"1960","kind":"VA"}},{"type":"Feature","geometry":{"type":"Point","coordinates":[-75.099216,40.009206]},"properties":{"year":1960,"period":"1960","kind":"FHA"}},{"type":"Feature","geometry":{"type":"Point","coordinates":[-75.246574,39.947701]},"properties":{"year":1960,"period":"1960","kind":"FHA"}},{"type":"Feature","geometry":{"type":"Point","coordinates":[-75.154165,40.049934]},"properties":{"year":1960,"period":"1960","kind":"FHA"}},{"type":"Feature","geometry":{"type":"Point","coordinates":[-75.147629,40.004894]},"properties":{"year":1960,"period":"1960","kind":"FHA"}},{"type":"Feature","geometry":{"type":"Point","coordinates":[-75.031016,40.034622]},"properties":{"year":1960,"period":"1960","kind":"FHA"}},{"type":"Feature","geometry":{"type":"Point","coordinates":[-75.184105,40.058911]},"properties":{"year":1960,"period":"1960","kind":"FHA"}},{"type":"Feature","geometry":{"type":"Point","coordinates":[-75.162264,40.030487]},"properties":{"year":1960,"period":"1960","kind":"FHA"}},{"type":"Feature","geometry":{"type":"Point","coordinates":[-75.231249,39.941666]},"properties":{"year":1960,"period":"1960","kind":"VA"}},{"type":"Feature","geometry":{"type":"Point","coordinates":[-75.24412,39.971173]},"properties":{"year":1960,"period":"1960","kind":"FHA"}},{"type":"Feature","geometry":{"type":"Point","coordinates":[-75.236561,39.979846]},"properties":{"year":1960,"period":"1960","kind":"FHA"}},{"type":"Feature","geometry":{"type":"Point","coordinates":[-75.228597,39.944811]},"properties":{"year":1960,"period":"1960","kind":"FHA"}},{"type":"Feature","geometry":{"type":"Point","coordinates":[-75.237221,39.954702]},"properties":{"year":1960,"period":"1960","kind":"FHA"}},{"type":"Feature","geometry":{"type":"Point","coordinates":[-75.225541,39.946469]},"properties":{"year":1960,"period":"1960","kind":"VA"}},{"type":"Feature","geometry":{"type":"Point","coordinates":[-75.079533,40.028408]},"properties":{"year":1960,"period":"1960","kind":"FHA"}},{"type":"Feature","geometry":{"type":"Point","coordinates":[-75.016814,40.065176]},"properties":{"year":1960,"period":"1960","kind":"FHA"}},{"type":"Feature","geometry":{"type":"Point","coordinates":[-75.059556,40.026563]},"properties":{"year":1960,"period":"1960","kind":"FHA"}},{"type":"Feature","geometry":{"type":"Point","coordinates":[-75.0144,40.100357]},"properties":{"year":1960,"period":"1960","kind":"FHA"}},{"type":"Feature","geometry":{"type":"Point","coordinates":[-75.118671,39.996199]},"properties":{"year":1960,"period":"1960","kind":"VA"}},{"type":"Feature","geometry":{"type":"Point","coordinates":[-75.16282,39.997774]},"properties":{"year":1960,"period":"1960","kind":"VA"}},{"type":"Feature","geometry":{"type":"Point","coordinates":[-75.073056,40.013863]},"properties":{"year":1960,"period":"1960","kind":"FHA"}},{"type":"Feature","geometry":{"type":"Point","coordinates":[-75.14561,39.998349]},"properties":{"year":1960,"period":"1960","kind":"FHA"}},{"type":"Feature","geometry":{"type":"Point","coordinates":[-75.238712,39.951701]},"properties":{"year":1960,"period":"1960","kind":"FHA"}},{"type":"Feature","geometry":{"type":"Point","coordinates":[-75.223047,39.962753]},"properties":{"year":1960,"period":"1960","kind":"FHA"}},{"type":"Feature","geometry":{"type":"Point","coordinates":[-75.223314,39.963174]},"properties":{"year":1960,"period":"1960","kind":"FHA"}},{"type":"Feature","geometry":{"type":"Point","coordinates":[-75.245293,39.94376]},"properties":{"year":1960,"period":"1960","kind":"FHA"}},{"type":"Feature","geometry":{"type":"Point","coordinates":[-75.215457,39.940403]},"properties":{"year":1960,"period":"1960","kind":"VA"}},{"type":"Feature","geometry":{"type":"Point","coordinates":[-75.155532,39.995857]},"properties":{"year":1960,"period":"1960","kind":"FHA"}},{"type":"Feature","geometry":{"type":"Point","coordinates":[-75.165764,40.028315]},"properties":{"year":1960,"period":"1960","kind":"FHA"}},{"type":"Feature","geometry":{"type":"Point","coordinates":[-75.223391,39.94903]},"properties":{"year":1960,"period":"1960","kind":"FHA"}},{"type":"Feature","geometry":{"type":"Point","coordinates":[-75.144919,40.065873]},"properties":{"year":1960,"period":"1960","kind":"FHA"}},{"type":"Feature","geometry":{"type":"Point","coordinates":[-75.12469,39.999742]},"properties":{"year":1960,"period":"1960","kind":"FHA"}},{"type":"Feature","geometry":{"type":"Point","coordinates":[-75.022862,40.110932]},"properties":{"year":1960,"period":"1960","kind":"FHA"}},{"type":"Feature","geometry":{"type":"Point","coordinates":[-75.022022,40.110708]},"properties":{"year":1960,"period":"1960","kind":"FHA"}},{"type":"Feature","geometry":{"type":"Point","coordinates":[-75.022705,40.111536]},"properties":{"year":1960,"period":"1960","kind":"FHA"}},{"type":"Feature","geometry":{"type":"Point","coordinates":[-75.099065,40.041111]},"properties":{"year":1960,"period":"1960","kind":"FHA"}},{"type":"Feature","geometry":{"type":"Point","coordinates":[-75.160881,40.034195]},"properties":{"year":1960,"period":"1960","kind":"FHA"}},{"type":"Feature","geometry":{"type":"Point","coordinates":[-75.066523,40.043135]},"properties":{"year":1960,"period":"1960","kind":"FHA"}},{"type":"Feature","geometry":{"type":"Point","coordinates":[-75.164665,40.028643]},"properties":{"year":1960,"period":"1960","kind":"FHA"}},{"type":"Feature","geometry":{"type":"Point","coordinates":[-75.133654,40.007275]},"properties":{"year":1960,"period":"1960","kind":"FHA"}},{"type":"Feature","geometry":{"type":"Point","coordinates":[-75.218814,40.041073]},"properties":{"year":1960,"period":"1960","kind":"FHA"}},{"type":"Feature","geometry":{"type":"Point","coordinates":[-75.214556,40.036951]},"properties":{"year":1960,"period":"1960","kind":"FHA"}},{"type":"Feature","geometry":{"type":"Point","coordinates":[-75.052974,40.060707]},"properties":{"year":1960,"period":"1960","kind":"FHA"}},{"type":"Feature","geometry":{"type":"Point","coordinates":[-75.237468,39.977266]},"properties":{"year":1960,"period":"1960","kind":"FHA"}},{"type":"Feature","geometry":{"type":"Point","coordinates":[-75.240226,39.957752]},"properties":{"year":1960,"period":"1960","kind":"VA"}},{"type":"Feature","geometry":{"type":"Point","coordinates":[-75.239479,39.968097]},"properties":{"year":1960,"period":"1960","kind":"VA"}},{"type":"Feature","geometry":{"type":"Point","coordinates":[-75.144881,40.057434]},"properties":{"year":1960,"period":"1960","kind":"FHA"}},{"type":"Feature","geometry":{"type":"Point","coordinates":[-74.965244,40.09257]},"properties":{"year":1960,"period":"1960","kind":"FHA"}},{"type":"Feature","geometry":{"type":"Point","coordinates":[-74.965192,40.092598]},"properties":{"year":1960,"period":"1960","kind":"FHA"}},{"type":"Feature","geometry":{"type":"Point","coordinates":[-74.97876,40.096154]},"properties":{"year":1960,"period":"1960","kind":"FHA"}},{"type":"Feature","geometry":{"type":"Point","coordinates":[-75.227284,39.980382]},"properties":{"year":1960,"period":"1960","kind":"VA"}},{"type":"Feature","geometry":{"type":"Point","coordinates":[-75.179183,39.942423]},"properties":{"year":1960,"period":"1960","kind":"FHA"}},{"type":"Feature","geometry":{"type":"Point","coordinates":[-75.232287,39.942845]},"properties":{"year":1960,"period":"1960","kind":"VA"}},{"type":"Feature","geometry":{"type":"Point","coordinates":[-75.229333,39.975363]},"properties":{"year":1960,"period":"1960","kind":"VA"}},{"type":"Feature","geometry":{"type":"Point","coordinates":[-75.156095,39.925103]},"properties":{"year":1960,"period":"1960","kind":"VA"}},{"type":"Feature","geometry":{"type":"Point","coordinates":[-75.057297,40.020997]},"properties":{"year":1960,"period":"1960","kind":"FHA"}},{"type":"Feature","geometry":{"type":"Point","coordinates":[-75.088619,40.021242]},"properties":{"year":1960,"period":"1960","kind":"FHA"}},{"type":"Feature","geometry":{"type":"Point","coordinates":[-75.149864,40.040778]},"properties":{"year":1960,"period":"1960","kind":"FHA"}},{"type":"Feature","geometry":{"type":"Point","coordinates":[-75.167904,40.02982]},"properties":{"year":1960,"period":"1960","kind":"FHA"}},{"type":"Feature","geometry":{"type":"Point","coordinates":[-75.155149,40.041675]},"properties":{"year":1960,"period":"1960","kind":"FHA"}},{"type":"Feature","geometry":{"type":"Point","coordinates":[-75.247901,39.978896]},"properties":{"year":1960,"period":"1960","kind":"FHA"}},{"type":"Feature","geometry":{"type":"Point","coordinates":[-75.15734,39.990457]},"properties":{"year":1960,"period":"1960","kind":"FHA"}},{"type":"Feature","geometry":{"type":"Point","coordinates":[-75.18516,39.993667]},"properties":{"year":1960,"period":"1960","kind":"FHA"}},{"type":"Feature","geometry":{"type":"Point","coordinates":[-75.171626,40.050612]},"properties":{"year":1960,"period":"1960","kind":"FHA"}},{"type":"Feature","geometry":{"type":"Point","coordinates":[-75.155171,40.028673]},"properties":{"year":1960,"period":"1960","kind":"FHA"}},{"type":"Feature","geometry":{"type":"Point","coordinates":[-74.978965,40.090011]},"properties":{"year":1960,"period":"1960","kind":"FHA"}},{"type":"Feature","geometry":{"type":"Point","coordinates":[-74.979222,40.089766]},"properties":{"year":1960,"period":"1960","kind":"FHA"}},{"type":"Feature","geometry":{"type":"Point","coordinates":[-75.248672,39.909564]},"properties":{"year":1960,"period":"1960","kind":"FHA"}},{"type":"Feature","geometry":{"type":"Point","coordinates":[-75.006696,40.063561]},"properties":{"year":1960,"period":"1960","kind":"FHA"}},{"type":"Feature","geometry":{"type":"Point","coordinates":[-75.059628,40.036471]},"properties":{"year":1960,"period":"1960","kind":"FHA"}},{"type":"Feature","geometry":{"type":"Point","coordinates":[-75.145862,40.041592]},"properties":{"year":1960,"period":"1960","kind":"FHA"}},{"type":"Feature","geometry":{"type":"Point","coordinates":[-75.116849,40.019849]},"properties":{"year":1960,"period":"1960","kind":"FHA"}},{"type":"Feature","geometry":{"type":"Point","coordinates":[-74.985034,40.068365]},"properties":{"year":1960,"period":"1960","kind":"FHA"}},{"type":"Feature","geometry":{"type":"Point","coordinates":[-75.065351,40.029724]},"properties":{"year":1960,"period":"1960","kind":"FHA"}},{"type":"Feature","geometry":{"type":"Point","coordinates":[-74.985362,40.068286]},"properties":{"year":1960,"period":"1960","kind":"FHA"}},{"type":"Feature","geometry":{"type":"Point","coordinates":[-75.084055,40.042229]},"properties":{"year":1960,"period":"1960","kind":"FHA"}},{"type":"Feature","geometry":{"type":"Point","coordinates":[-74.96535,40.092513]},"properties":{"year":1960,"period":"1960","kind":"FHA"}},{"type":"Feature","geometry":{"type":"Point","coordinates":[-75.019189,40.038958]},"properties":{"year":1960,"period":"1960","kind":"FHA"}},{"type":"Feature","geometry":{"type":"Point","coordinates":[-75.046056,40.025476]},"properties":{"year":1960,"period":"1960","kind":"FHA"}},{"type":"Feature","geometry":{"type":"Point","coordinates":[-75.033192,40.036212]},"properties":{"year":1960,"period":"1960","kind":"FHA"}},{"type":"Feature","geometry":{"type":"Point","coordinates":[-75.125311,39.981358]},"properties":{"year":1960,"period":"1960","kind":"VA"}},{"type":"Feature","geometry":{"type":"Point","coordinates":[-75.061479,40.044163]},"properties":{"year":1960,"period":"1960","kind":"FHA"}},{"type":"Feature","geometry":{"type":"Point","coordinates":[-75.121107,40.041925]},"properties":{"year":1960,"period":"1960","kind":"FHA"}},{"type":"Feature","geometry":{"type":"Point","coordinates":[-75.242762,39.945597]},"properties":{"year":1960,"period":"1960","kind":"FHA"}},{"type":"Feature","geometry":{"type":"Point","coordinates":[-75.247,39.950104]},"properties":{"year":1960,"period":"1960","kind":"FHA"}},{"type":"Feature","geometry":{"type":"Point","coordinates":[-75.222936,39.96337]},"properties":{"year":1960,"period":"1960","kind":"VA"}},{"type":"Feature","geometry":{"type":"Point","coordinates":[-75.151091,40.000212]},"properties":{"year":1960,"period":"1960","kind":"FHA"}},{"type":"Feature","geometry":{"type":"Point","coordinates":[-75.139487,40.014603]},"properties":{"year":1960,"period":"1960","kind":"FHA"}},{"type":"Feature","geometry":{"type":"Point","coordinates":[-75.235696,39.954508]},"properties":{"year":1960,"period":"1960","kind":"FHA"}},{"type":"Feature","geometry":{"type":"Point","coordinates":[-75.229328,39.950189]},"properties":{"year":1960,"period":"1960","kind":"FHA"}},{"type":"Feature","geometry":{"type":"Point","coordinates":[-74.981795,40.097445]},"properties":{"year":1960,"period":"1960","kind":"FHA"}},{"type":"Feature","geometry":{"type":"Point","coordinates":[-75.018599,40.039622]},"properties":{"year":1960,"period":"1960","kind":"FHA"}},{"type":"Feature","geometry":{"type":"Point","coordinates":[-75.155191,40.04991]},"properties":{"year":1960,"period":"1960","kind":"FHA"}},{"type":"Feature","geometry":{"type":"Point","coordinates":[-75.244716,39.975198]},"properties":{"year":1960,"period":"1960","kind":"FHA"}},{"type":"Feature","geometry":{"type":"Point","coordinates":[-75.231444,39.978239]},"properties":{"year":1960,"period":"1960","kind":"FHA"}},{"type":"Feature","geometry":{"type":"Point","coordinates":[-75.15374,40.05009]},"properties":{"year":1960,"period":"1960","kind":"VA"}},{"type":"Feature","geometry":{"type":"Point","coordinates":[-75.218983,39.937609]},"properties":{"year":1960,"period":"1960","kind":"FHA"}},{"type":"Feature","geometry":{"type":"Point","coordinates":[-75.240074,39.976538]},"properties":{"year":1960,"period":"1960","kind":"VA"}},{"type":"Feature","geometry":{"type":"Point","coordinates":[-75.229623,39.917643]},"properties":{"year":1960,"period":"1960","kind":"FHA"}},{"type":"Feature","geometry":{"type":"Point","coordinates":[-75.244554,39.958841]},"properties":{"year":1960,"period":"1960","kind":"VA"}},{"type":"Feature","geometry":{"type":"Point","coordinates":[-74.971493,40.081699]},"properties":{"year":1960,"period":"1960","kind":"FHA"}},{"type":"Feature","geometry":{"type":"Point","coordinates":[-75.193305,40.009106]},"properties":{"year":1960,"period":"1960","kind":"FHA"}},{"type":"Feature","geometry":{"type":"Point","coordinates":[-75.146478,40.014495]},"properties":{"year":1960,"period":"1960","kind":"FHA"}},{"type":"Feature","geometry":{"type":"Point","coordinates":[-75.073413,40.03677]},"properties":{"year":1960,"period":"1960","kind":"FHA"}},{"type":"Feature","geometry":{"type":"Point","coordinates":[-75.051789,40.028078]},"properties":{"year":1960,"period":"1960","kind":"FHA"}},{"type":"Feature","geometry":{"type":"Point","coordinates":[-74.988672,40.069864]},"properties":{"year":1960,"period":"1960","kind":"FHA"}},{"type":"Feature","geometry":{"type":"Point","coordinates":[-74.965,40.092861]},"properties":{"year":1960,"period":"1960","kind":"FHA"}},{"type":"Feature","geometry":{"type":"Point","coordinates":[-74.986849,40.072466]},"properties":{"year":1960,"period":"1960","kind":"FHA"}},{"type":"Feature","geometry":{"type":"Point","coordinates":[-75.023515,40.059274]},"properties":{"year":1960,"period":"1960","kind":"FHA"}},{"type":"Feature","geometry":{"type":"Point","coordinates":[-75.176632,40.076579]},"properties":{"year":1960,"period":"1960","kind":"FHA"}},{"type":"Feature","geometry":{"type":"Point","coordinates":[-75.14742,40.043582]},"properties":{"year":1960,"period":"1960","kind":"FHA"}},{"type":"Feature","geometry":{"type":"Point","coordinates":[-75.247008,39.951423]},"properties":{"year":1960,"period":"1960","kind":"FHA"}},{"type":"Feature","geometry":{"type":"Point","coordinates":[-75.237757,39.976667]},"properties":{"year":1960,"period":"1960","kind":"FHA"}},{"type":"Feature","geometry":{"type":"Point","coordinates":[-75.240436,39.9785]},"properties":{"year":1960,"period":"1960","kind":"FHA"}},{"type":"Feature","geometry":{"type":"Point","coordinates":[-75.240512,39.979421]},"properties":{"year":1960,"period":"1960","kind":"FHA"}},{"type":"Feature","geometry":{"type":"Point","coordinates":[-75.238213,39.952763]},"properties":{"year":1960,"period":"1960","kind":"FHA"}},{"type":"Feature","geometry":{"type":"Point","coordinates":[-74.994183,40.105167]},"properties":{"year":1960,"period":"1960","kind":"FHA"}},{"type":"Feature","geometry":{"type":"Point","coordinates":[-74.977291,40.076882]},"properties":{"year":1960,"period":"1960","kind":"FHA"}},{"type":"Feature","geometry":{"type":"Point","coordinates":[-75.15362,39.928047]},"properties":{"year":1960,"period":"1960","kind":"VA"}},{"type":"Feature","geometry":{"type":"Point","coordinates":[-75.153351,39.923866]},"properties":{"year":1960,"period":"1960","kind":"FHA"}},{"type":"Feature","geometry":{"type":"Point","coordinates":[-74.971097,40.080914]},"properties":{"year":1960,"period":"1960","kind":"FHA"}},{"type":"Feature","geometry":{"type":"Point","coordinates":[-74.971709,40.082689]},"properties":{"year":1960,"period":"1960","kind":"FHA"}},{"type":"Feature","geometry":{"type":"Point","coordinates":[-74.971005,40.080835]},"properties":{"year":1960,"period":"1960","kind":"FHA"}},{"type":"Feature","geometry":{"type":"Point","coordinates":[-74.970915,40.080758]},"properties":{"year":1960,"period":"1960","kind":"FHA"}},{"type":"Feature","geometry":{"type":"Point","coordinates":[-74.970818,40.080675]},"properties":{"year":1960,"period":"1960","kind":"FHA"}},{"type":"Feature","geometry":{"type":"Point","coordinates":[-75.240252,39.959938]},"properties":{"year":1960,"period":"1960","kind":"VA"}},{"type":"Feature","geometry":{"type":"Point","coordinates":[-75.151002,40.049911]},"properties":{"year":1960,"period":"1960","kind":"FHA"}},{"type":"Feature","geometry":{"type":"Point","coordinates":[-75.241187,39.952741]},"properties":{"year":1960,"period":"1960","kind":"FHA"}},{"type":"Feature","geometry":{"type":"Point","coordinates":[-75.231875,39.94426]},"properties":{"year":1960,"period":"1960","kind":"FHA"}},{"type":"Feature","geometry":{"type":"Point","coordinates":[-75.239045,39.952874]},"properties":{"year":1960,"period":"1960","kind":"FHA"}},{"type":"Feature","geometry":{"type":"Point","coordinates":[-75.234756,39.957283]},"properties":{"year":1960,"period":"1960","kind":"FHA"}},{"type":"Feature","geometry":{"type":"Point","coordinates":[-75.226725,39.981562]},"properties":{"year":1960,"period":"1960","kind":"FHA"}},{"type":"Feature","geometry":{"type":"Point","coordinates":[-75.220987,39.94626]},"properties":{"year":1960,"period":"1960","kind":"VA"}},{"type":"Feature","geometry":{"type":"Point","coordinates":[-75.23244,39.955175]},"properties":{"year":1960,"period":"1960","kind":"VA"}},{"type":"Feature","geometry":{"type":"Point","coordinates":[-75.16969,40.028726]},"properties":{"year":1960,"period":"1960","kind":"VA"}},{"type":"Feature","geometry":{"type":"Point","coordinates":[-75.183439,40.057543]},"properties":{"year":1960,"period":"1960","kind":"FHA"}},{"type":"Feature","geometry":{"type":"Point","coordinates":[-75.163469,39.996054]},"properties":{"year":1960,"period":"1960","kind":"FHA"}},{"type":"Feature","geometry":{"type":"Point","coordinates":[-75.162083,40.00926]},"properties":{"year":1960,"period":"1960","kind":"FHA"}},{"type":"Feature","geometry":{"type":"Point","coordinates":[-75.006274,40.062887]},"properties":{"year":1960,"period":"1960","kind":"FHA"}},{"type":"Feature","geometry":{"type":"Point","coordinates":[-74.965079,40.092951]},"properties":{"year":1960,"period":"1960","kind":"FHA"}},{"type":"Feature","geometry":{"type":"Point","coordinates":[-75.16227,39.997156]},"properties":{"year":1960,"period":"1960","kind":"FHA"}},{"type":"Feature","geometry":{"type":"Point","coordinates":[-75.108801,40.029194]},"properties":{"year":1960,"period":"1960","kind":"FHA"}},{"type":"Feature","geometry":{"type":"Point","coordinates":[-75.124236,39.981121]},"properties":{"year":1960,"period":"1960","kind":"FHA"}},{"type":"Feature","geometry":{"type":"Point","coordinates":[-75.087781,40.02229]},"properties":{"year":1960,"period":"1960","kind":"FHA"}},{"type":"Feature","geometry":{"type":"Point","coordinates":[-75.162862,39.996811]},"properties":{"year":1960,"period":"1960","kind":"FHA"}},{"type":"Feature","geometry":{"type":"Point","coordinates":[-75.242511,39.97329]},"properties":{"year":1960,"period":"1960","kind":"VA"}},{"type":"Feature","geometry":{"type":"Point","coordinates":[-75.247981,39.95176]},"properties":{"year":1960,"period":"1960","kind":"FHA"}},{"type":"Feature","geometry":{"type":"Point","coordinates":[-75.220647,39.954659]},"properties":{"year":1960,"period":"1960","kind":"FHA"}},{"type":"Feature","geometry":{"type":"Point","coordinates":[-75.231937,39.952209]},"properties":{"year":1960,"period":"1960","kind":"VA"}},{"type":"Feature","geometry":{"type":"Point","coordinates":[-75.242283,39.963078]},"properties":{"year":1960,"period":"1960","kind":"VA"}},{"type":"Feature","geometry":{"type":"Point","coordinates":[-75.152496,39.991191]},"properties":{"year":1960,"period":"1960","kind":"VA"}},{"type":"Feature","geometry":{"type":"Point","coordinates":[-75.17241,40.050121]},"properties":{"year":1960,"period":"1960","kind":"VA"}},{"type":"Feature","geometry":{"type":"Point","coordinates":[-75.218572,39.950012]},"properties":{"year":1960,"period":"1960","kind":"VA"}},{"type":"Feature","geometry":{"type":"Point","coordinates":[-75.159931,40.012155]},"properties":{"year":1960,"period":"1960","kind":"FHA"}},{"type":"Feature","geometry":{"type":"Point","coordinates":[-75.182242,40.04166]},"properties":{"year":1960,"period":"1960","kind":"VA"}},{"type":"Feature","geometry":{"type":"Point","coordinates":[-75.183897,39.984524]},"properties":{"year":1960,"period":"1960","kind":"VA"}},{"type":"Feature","geometry":{"type":"Point","coordinates":[-75.240991,39.948722]},"properties":{"year":1960,"period":"1960","kind":"VA"}},{"type":"Feature","geometry":{"type":"Point","coordinates":[-75.227157,39.959875]},"properties":{"year":1960,"period":"1960","kind":"FHA"}},{"type":"Feature","geometry":{"type":"Point","coordinates":[-75.056576,40.030427]},"properties":{"year":1960,"period":"1960","kind":"FHA"}},{"type":"Feature","geometry":{"type":"Point","coordinates":[-75.163703,40.048203]},"properties":{"year":1960,"period":"1960","kind":"FHA"}},{"type":"Feature","geometry":{"type":"Point","coordinates":[-75.178371,39.987528]},"properties":{"year":1960,"period":"1960","kind":"VA"}},{"type":"Feature","geometry":{"type":"Point","coordinates":[-75.006848,40.06365]},"properties":{"year":1960,"period":"1960","kind":"FHA"}},{"type":"Feature","geometry":{"type":"Point","coordinates":[-74.996096,40.120865]},"properties":{"year":1960,"period":"1960","kind":"FHA"}},{"type":"Feature","geometry":{"type":"Point","coordinates":[-75.222953,39.96329]},"properties":{"year":1960,"period":"1960","kind":"VA"}},{"type":"Feature","geometry":{"type":"Point","coordinates":[-75.2217,39.922249]},"properties":{"year":1960,"period":"1960","kind":"FHA"}},{"type":"Feature","geometry":{"type":"Point","coordinates":[-75.168199,39.994925]},"properties":{"year":1960,"period":"1960","kind":"VA"}},{"type":"Feature","geometry":{"type":"Point","coordinates":[-75.234126,39.93961]},"properties":{"year":1960,"period":"1960","kind":"VA"}},{"type":"Feature","geometry":{"type":"Point","coordinates":[-75.152384,39.994762]},"properties":{"year":1960,"period":"1960","kind":"VA"}},{"type":"Feature","geometry":{"type":"Point","coordinates":[-75.145932,39.990351]},"properties":{"year":1960,"period":"1960","kind":"FHA"}},{"type":"Feature","geometry":{"type":"Point","coordinates":[-75.16575,39.914182]},"properties":{"year":1960,"period":"1960","kind":"FHA"}},{"type":"Feature","geometry":{"type":"Point","coordinates":[-75.035116,40.03226]},"properties":{"year":1960,"period":"1960","kind":"FHA"}},{"type":"Feature","geometry":{"type":"Point","coordinates":[-75.141675,40.01146]},"properties":{"year":1960,"period":"1960","kind":"FHA"}},{"type":"Feature","geometry":{"type":"Point","coordinates":[-75.232604,39.930351]},"properties":{"year":1960,"period":"1960","kind":"VA"}},{"type":"Feature","geometry":{"type":"Point","coordinates":[-75.184798,39.992651]},"properties":{"year":1960,"period":"1960","kind":"VA"}},{"type":"Feature","geometry":{"type":"Point","coordinates":[-75.185937,40.014894]},"properties":{"year":1960,"period":"1960","kind":"FHA"}},{"type":"Feature","geometry":{"type":"Point","coordinates":[-75.163235,40.010137]},"properties":{"year":1960,"period":"1960","kind":"VA"}},{"type":"Feature","geometry":{"type":"Point","coordinates":[-75.233843,40.066798]},"properties":{"year":1960,"period":"1960","kind":"FHA"}},{"type":"Feature","geometry":{"type":"Point","coordinates":[-75.148348,40.046791]},"properties":{"year":1960,"period":"1960","kind":"FHA"}},{"type":"Feature","geometry":{"type":"Point","coordinates":[-75.043789,40.039898]},"properties":{"year":1960,"period":"1960","kind":"FHA"}},{"type":"Feature","geometry":{"type":"Point","coordinates":[-75.235379,39.975267]},"properties":{"year":1960,"period":"1960","kind":"FHA"}},{"type":"Feature","geometry":{"type":"Point","coordinates":[-75.229388,39.973181]},"properties":{"year":1960,"period":"1960","kind":"FHA"}},{"type":"Feature","geometry":{"type":"Point","coordinates":[-75.227312,39.944446]},"properties":{"year":1960,"period":"1960","kind":"VA"}},{"type":"Feature","geometry":{"type":"Point","coordinates":[-75.016788,40.065608]},"properties":{"year":1960,"period":"1960","kind":"FHA"}},{"type":"Feature","geometry":{"type":"Point","coordinates":[-75.022803,40.059731]},"properties":{"year":1960,"period":"1960","kind":"FHA"}},{"type":"Feature","geometry":{"type":"Point","coordinates":[-74.965925,40.092696]},"properties":{"year":1960,"period":"1960","kind":"FHA"}},{"type":"Feature","geometry":{"type":"Point","coordinates":[-75.174363,39.968866]},"properties":{"year":1960,"period":"1960","kind":"FHA"}},{"type":"Feature","geometry":{"type":"Point","coordinates":[-75.131285,40.02542]},"properties":{"year":1960,"period":"1960","kind":"FHA"}},{"type":"Feature","geometry":{"type":"Point","coordinates":[-75.022319,40.060094]},"properties":{"year":1960,"period":"1960","kind":"FHA"}},{"type":"Feature","geometry":{"type":"Point","coordinates":[-75.172606,39.997001]},"properties":{"year":1960,"period":"1960","kind":"FHA"}},{"type":"Feature","geometry":{"type":"Point","coordinates":[-75.176516,39.912102]},"properties":{"year":1960,"period":"1960","kind":"FHA"}},{"type":"Feature","geometry":{"type":"Point","coordinates":[-75.17635,39.912079]},"properties":{"year":1960,"period":"1960","kind":"FHA"}},{"type":"Feature","geometry":{"type":"Point","coordinates":[-75.217316,39.939899]},"properties":{"year":1960,"period":"1960","kind":"FHA"}},{"type":"Feature","geometry":{"type":"Point","coordinates":[-75.150617,40.042771]},"properties":{"year":1960,"period":"1960","kind":"FHA"}},{"type":"Feature","geometry":{"type":"Point","coordinates":[-75.152565,40.049471]},"properties":{"year":1960,"period":"1960","kind":"FHA"}},{"type":"Feature","geometry":{"type":"Point","coordinates":[-75.186535,40.014745]},"properties":{"year":1960,"period":"1960","kind":"FHA"}},{"type":"Feature","geometry":{"type":"Point","coordinates":[-75.226254,39.956302]},"properties":{"year":1960,"period":"1960","kind":"FHA"}},{"type":"Feature","geometry":{"type":"Point","coordinates":[-75.20926,39.970102]},"properties":{"year":1960,"period":"1960","kind":"VA"}},{"type":"Feature","geometry":{"type":"Point","coordinates":[-75.238723,39.947132]},"properties":{"year":1960,"period":"1960","kind":"VA"}},{"type":"Feature","geometry":{"type":"Point","coordinates":[-75.240396,39.951439]},"properties":{"year":1960,"period":"1960","kind":"FHA"}},{"type":"Feature","geometry":{"type":"Point","coordinates":[-75.237355,39.948002]},"properties":{"year":1960,"period":"1960","kind":"FHA"}},{"type":"Feature","geometry":{"type":"Point","coordinates":[-75.057464,40.017711]},"properties":{"year":1960,"period":"1960","kind":"VA"}},{"type":"Feature","geometry":{"type":"Point","coordinates":[-74.981712,40.097517]},"properties":{"year":1960,"period":"1960","kind":"FHA"}},{"type":"Feature","geometry":{"type":"Point","coordinates":[-75.183425,39.990671]},"properties":{"year":1960,"period":"1960","kind":"VA"}},{"type":"Feature","geometry":{"type":"Point","coordinates":[-75.146271,40.042216]},"properties":{"year":1960,"period":"1960","kind":"VA"}},{"type":"Feature","geometry":{"type":"Point","coordinates":[-75.118538,40.025775]},"properties":{"year":1960,"period":"1960","kind":"FHA"}},{"type":"Feature","geometry":{"type":"Point","coordinates":[-75.115068,40.022674]},"properties":{"year":1960,"period":"1960","kind":"FHA"}},{"type":"Feature","geometry":{"type":"Point","coordinates":[-75.128038,40.025537]},"properties":{"year":1960,"period":"1960","kind":"VA"}},{"type":"Feature","geometry":{"type":"Point","coordinates":[-75.226217,40.063738]},"properties":{"year":1960,"period":"1960","kind":"FHA"}},{"type":"Feature","geometry":{"type":"Point","coordinates":[-75.132717,40.002642]},"properties":{"year":1960,"period":"1960","kind":"FHA"}},{"type":"Feature","geometry":{"type":"Point","coordinates":[-75.230343,39.935983]},"properties":{"year":1960,"period":"1960","kind":"FHA"}},{"type":"Feature","geometry":{"type":"Point","coordinates":[-75.227577,39.979825]},"properties":{"year":1960,"period":"1960","kind":"FHA"}},{"type":"Feature","geometry":{"type":"Point","coordinates":[-75.223756,39.925992]},"properties":{"year":1960,"period":"1960","kind":"VA"}},{"type":"Feature","geometry":{"type":"Point","coordinates":[-75.147755,39.979589]},"properties":{"year":1960,"period":"1960","kind":"FHA"}},{"type":"Feature","geometry":{"type":"Point","coordinates":[-75.160631,40.048722]},"properties":{"year":1960,"period":"1960","kind":"FHA"}},{"type":"Feature","geometry":{"type":"Point","coordinates":[-75.195373,40.054383]},"properties":{"year":1960,"period":"1960","kind":"FHA"}},{"type":"Feature","geometry":{"type":"Point","coordinates":[-75.073125,40.039246]},"properties":{"year":1960,"period":"1960","kind":"FHA"}},{"type":"Feature","geometry":{"type":"Point","coordinates":[-75.151743,39.919836]},"properties":{"year":1960,"period":"1960","kind":"FHA"}},{"type":"Feature","geometry":{"type":"Point","coordinates":[-75.148426,40.015644]},"properties":{"year":1960,"period":"1960","kind":"FHA"}},{"type":"Feature","geometry":{"type":"Point","coordinates":[-75.049514,40.096648]},"properties":{"year":1960,"period":"1960","kind":"FHA"}},{"type":"Feature","geometry":{"type":"Point","coordinates":[-75.172813,39.997027]},"properties":{"year":1960,"period":"1960","kind":"FHA"}},{"type":"Feature","geometry":{"type":"Point","coordinates":[-75.23102,39.957839]},"properties":{"year":1960,"period":"1960","kind":"VA"}},{"type":"Feature","geometry":{"type":"Point","coordinates":[-75.240881,39.912091]},"properties":{"year":1960,"period":"1960","kind":"FHA"}},{"type":"Feature","geometry":{"type":"Point","coordinates":[-75.251505,39.982105]},"properties":{"year":1960,"period":"1960","kind":"FHA"}},{"type":"Feature","geometry":{"type":"Point","coordinates":[-75.235658,39.946319]},"properties":{"year":1960,"period":"1960","kind":"VA"}},{"type":"Feature","geometry":{"type":"Point","coordinates":[-75.148351,40.049184]},"properties":{"year":1960,"period":"1960","kind":"FHA"}},{"type":"Feature","geometry":{"type":"Point","coordinates":[-75.142851,39.998829]},"properties":{"year":1960,"period":"1960","kind":"FHA"}},{"type":"Feature","geometry":{"type":"Point","coordinates":[-75.133367,40.053122]},"properties":{"year":1960,"period":"1960","kind":"FHA"}},{"type":"Feature","geometry":{"type":"Point","coordinates":[-75.133409,40.053021]},"properties":{"year":1960,"period":"1960","kind":"FHA"}},{"type":"Feature","geometry":{"type":"Point","coordinates":[-75.189832,40.04323]},"properties":{"year":1960,"period":"1960","kind":"FHA"}},{"type":"Feature","geometry":{"type":"Point","coordinates":[-75.173203,40.078176]},"properties":{"year":1960,"period":"1960","kind":"FHA"}},{"type":"Feature","geometry":{"type":"Point","coordinates":[-75.243885,39.965239]},"properties":{"year":1960,"period":"1960","kind":"FHA"}},{"type":"Feature","geometry":{"type":"Point","coordinates":[-75.10541,40.045788]},"properties":{"year":1960,"period":"1960","kind":"FHA"}},{"type":"Feature","geometry":{"type":"Point","coordinates":[-75.224627,39.949183]},"properties":{"year":1960,"period":"1960","kind":"VA"}},{"type":"Feature","geometry":{"type":"Point","coordinates":[-75.235317,39.973435]},"properties":{"year":1960,"period":"1960","kind":"FHA"}},{"type":"Feature","geometry":{"type":"Point","coordinates":[-75.187599,39.983471]},"properties":{"year":1960,"period":"1960","kind":"FHA"}},{"type":"Feature","geometry":{"type":"Point","coordinates":[-75.05925,40.093551]},"properties":{"year":1960,"period":"1960","kind":"FHA"}},{"type":"Feature","geometry":{"type":"Point","coordinates":[-74.979278,40.095869]},"properties":{"year":1960,"period":"1960","kind":"FHA"}},{"type":"Feature","geometry":{"type":"Point","coordinates":[-75.022708,40.059797]},"properties":{"year":1960,"period":"1960","kind":"FHA"}},{"type":"Feature","geometry":{"type":"Point","coordinates":[-75.150754,39.949705]},"properties":{"year":1960,"period":"1960","kind":"VA"}},{"type":"Feature","geometry":{"type":"Point","coordinates":[-75.164777,40.070414]},"properties":{"year":1960,"period":"1960","kind":"FHA"}},{"type":"Feature","geometry":{"type":"Point","coordinates":[-75.107988,40.026894]},"properties":{"year":1960,"period":"1960","kind":"FHA"}},{"type":"Feature","geometry":{"type":"Point","coordinates":[-75.237779,39.949907]},"properties":{"year":1960,"period":"1960","kind":"FHA"}},{"type":"Feature","geometry":{"type":"Point","coordinates":[-75.237348,39.980184]},"properties":{"year":1960,"period":"1960","kind":"FHA"}},{"type":"Feature","geometry":{"type":"Point","coordinates":[-75.15693,39.916159]},"properties":{"year":1960,"period":"1960","kind":"FHA"}},{"type":"Feature","geometry":{"type":"Point","coordinates":[-75.176125,39.912049]},"properties":{"year":1960,"period":"1960","kind":"FHA"}},{"type":"Feature","geometry":{"type":"Point","coordinates":[-75.11659,39.995406]},"properties":{"year":1960,"period":"1960","kind":"FHA"}},{"type":"Feature","geometry":{"type":"Point","coordinates":[-75.108053,40.028825]},"properties":{"year":1960,"period":"1960","kind":"FHA"}},{"type":"Feature","geometry":{"type":"Point","coordinates":[-75.175026,39.998048]},"properties":{"year":1960,"period":"1960","kind":"FHA"}},{"type":"Feature","geometry":{"type":"Point","coordinates":[-75.186419,40.051929]},"properties":{"year":1960,"period":"1960","kind":"FHA"}},{"type":"Feature","geometry":{"type":"Point","coordinates":[-75.18371,40.059886]},"properties":{"year":1960,"period":"1960","kind":"FHA"}},{"type":"Feature","geometry":{"type":"Point","coordinates":[-75.241041,39.980238]},"properties":{"year":1960,"period":"1960","kind":"VA"}},{"type":"Feature","geometry":{"type":"Point","coordinates":[-75.176266,39.998059]},"properties":{"year":1960,"period":"1960","kind":"FHA"}},{"type":"Feature","geometry":{"type":"Point","coordinates":[-75.240654,39.972186]},"properties":{"year":1960,"period":"1960","kind":"VA"}},{"type":"Feature","geometry":{"type":"Point","coordinates":[-75.221078,39.936566]},"properties":{"year":1960,"period":"1960","kind":"FHA"}},{"type":"Feature","geometry":{"type":"Point","coordinates":[-75.242658,39.961325]},"properties":{"year":1960,"period":"1960","kind":"FHA"}},{"type":"Feature","geometry":{"type":"Point","coordinates":[-75.228809,39.983262]},"properties":{"year":1960,"period":"1960","kind":"FHA"}},{"type":"Feature","geometry":{"type":"Point","coordinates":[-75.242403,39.956394]},"properties":{"year":1960,"period":"1960","kind":"FHA"}},{"type":"Feature","geometry":{"type":"Point","coordinates":[-75.146154,39.994333]},"properties":{"year":1960,"period":"1960","kind":"FHA"}},{"type":"Feature","geometry":{"type":"Point","coordinates":[-75.169886,40.067352]},"properties":{"year":1960,"period":"1960","kind":"FHA"}},{"type":"Feature","geometry":{"type":"Point","coordinates":[-75.159762,40.052861]},"properties":{"year":1960,"period":"1960","kind":"FHA"}},{"type":"Feature","geometry":{"type":"Point","coordinates":[-75.054278,40.097388]},"properties":{"year":1960,"period":"1960","kind":"FHA"}},{"type":"Feature","geometry":{"type":"Point","coordinates":[-75.143135,40.026038]},"properties":{"year":1960,"period":"1960","kind":"FHA"}},{"type":"Feature","geometry":{"type":"Point","coordinates":[-75.147925,40.049304]},"properties":{"year":1960,"period":"1960","kind":"FHA"}},{"type":"Feature","geometry":{"type":"Point","coordinates":[-75.031417,40.108203]},"properties":{"year":1960,"period":"1960","kind":"FHA"}},{"type":"Feature","geometry":{"type":"Point","coordinates":[-75.058182,40.023279]},"properties":{"year":1960,"period":"1960","kind":"FHA"}},{"type":"Feature","geometry":{"type":"Point","coordinates":[-75.024348,40.059237]},"properties":{"year":1960,"period":"1960","kind":"FHA"}},{"type":"Feature","geometry":{"type":"Point","coordinates":[-75.073248,40.017365]},"properties":{"year":1960,"period":"1960","kind":"FHA"}},{"type":"Feature","geometry":{"type":"Point","coordinates":[-75.061066,40.093018]},"properties":{"year":1960,"period":"1960","kind":"FHA"}},{"type":"Feature","geometry":{"type":"Point","coordinates":[-75.031638,40.035391]},"properties":{"year":1960,"period":"1960","kind":"FHA"}},{"type":"Feature","geometry":{"type":"Point","coordinates":[-75.061245,40.031531]},"properties":{"year":1960,"period":"1960","kind":"FHA"}},{"type":"Feature","geometry":{"type":"Point","coordinates":[-75.180882,40.079656]},"properties":{"year":1960,"period":"1960","kind":"FHA"}},{"type":"Feature","geometry":{"type":"Point","coordinates":[-75.148301,40.049513]},"properties":{"year":1960,"period":"1960","kind":"FHA"}},{"type":"Feature","geometry":{"type":"Point","coordinates":[-75.15102,40.05495]},"properties":{"year":1960,"period":"1960","kind":"FHA"}},{"type":"Feature","geometry":{"type":"Point","coordinates":[-75.146897,40.005328]},"properties":{"year":1960,"period":"1960","kind":"FHA"}},{"type":"Feature","geometry":{"type":"Point","coordinates":[-75.267918,39.976509]},"properties":{"year":1960,"period":"1960","kind":"FHA"}},{"type":"Feature","geometry":{"type":"Point","coordinates":[-75.237018,39.959289]},"properties":{"year":1960,"period":"1960","kind":"FHA"}},{"type":"Feature","geometry":{"type":"Point","coordinates":[-75.037184,40.104987]},"properties":{"year":1960,"period":"1960","kind":"FHA"}},{"type":"Feature","geometry":{"type":"Point","coordinates":[-75.244578,39.957924]},"properties":{"year":1960,"period":"1960","kind":"FHA"}},{"type":"Feature","geometry":{"type":"Point","coordinates":[-75.152554,39.994641]},"properties":{"year":1960,"period":"1960","kind":"VA"}},{"type":"Feature","geometry":{"type":"Point","coordinates":[-75.178288,40.027514]},"properties":{"year":1960,"period":"1960","kind":"FHA"}},{"type":"Feature","geometry":{"type":"Point","coordinates":[-75.174088,39.997562]},"properties":{"year":1960,"period":"1960","kind":"VA"}},{"type":"Feature","geometry":{"type":"Point","coordinates":[-75.242742,39.974518]},"properties":{"year":1960,"period":"1960","kind":"FHA"}},{"type":"Feature","geometry":{"type":"Point","coordinates":[-74.978199,40.090601]},"properties":{"year":1960,"period":"1960","kind":"FHA"}},{"type":"Feature","geometry":{"type":"Point","coordinates":[-75.145333,39.990706]},"properties":{"year":1960,"period":"1960","kind":"VA"}},{"type":"Feature","geometry":{"type":"Point","coordinates":[-75.115655,40.024058]},"properties":{"year":1960,"period":"1960","kind":"FHA"}},{"type":"Feature","geometry":{"type":"Point","coordinates":[-75.151448,40.048756]},"properties":{"year":1960,"period":"1960","kind":"FHA"}},{"type":"Feature","geometry":{"type":"Point","coordinates":[-75.153279,40.039988]},"properties":{"year":1960,"period":"1960","kind":"FHA"}},{"type":"Feature","geometry":{"type":"Point","coordinates":[-75.124663,40.02599]},"properties":{"year":1960,"period":"1960","kind":"FHA"}},{"type":"Feature","geometry":{"type":"Point","coordinates":[-75.194188,40.041815]},"properties":{"year":1960,"period":"1960","kind":"FHA"}},{"type":"Feature","geometry":{"type":"Point","coordinates":[-75.179068,40.056896]},"properties":{"year":1960,"period":"1960","kind":"FHA"}},{"type":"Feature","geometry":{"type":"Point","coordinates":[-75.079409,40.029421]},"properties":{"year":1960,"period":"1960","kind":"FHA"}},{"type":"Feature","geometry":{"type":"Point","coordinates":[-75.244498,39.919271]},"properties":{"year":1960,"period":"1960","kind":"VA"}},{"type":"Feature","geometry":{"type":"Point","coordinates":[-75.226617,39.948025]},"properties":{"year":1960,"period":"1960","kind":"VA"}},{"type":"Feature","geometry":{"type":"Point","coordinates":[-75.220146,39.940644]},"properties":{"year":1960,"period":"1960","kind":"FHA"}},{"type":"Feature","geometry":{"type":"Point","coordinates":[-75.240187,39.9601]},"properties":{"year":1960,"period":"1960","kind":"FHA"}},{"type":"Feature","geometry":{"type":"Point","coordinates":[-75.23014,39.969545]},"properties":{"year":1960,"period":"1960","kind":"FHA"}},{"type":"Feature","geometry":{"type":"Point","coordinates":[-75.150782,40.041181]},"properties":{"year":1960,"period":"1960","kind":"FHA"}},{"type":"Feature","geometry":{"type":"Point","coordinates":[-75.231398,39.939381]},"properties":{"year":1960,"period":"1960","kind":"VA"}},{"type":"Feature","geometry":{"type":"Point","coordinates":[-75.224172,39.956041]},"properties":{"year":1960,"period":"1960","kind":"VA"}},{"type":"Feature","geometry":{"type":"Point","coordinates":[-75.233661,39.953089]},"properties":{"year":1960,"period":"1960","kind":"VA"}},{"type":"Feature","geometry":{"type":"Point","coordinates":[-75.243065,39.964891]},"properties":{"year":1960,"period":"1960","kind":"FHA"}},{"type":"Feature","geometry":{"type":"Point","coordinates":[-75.158118,39.927252]},"properties":{"year":1960,"period":"1960","kind":"FHA"}},{"type":"Feature","geometry":{"type":"Point","coordinates":[-75.232156,39.929648]},"properties":{"year":1960,"period":"1960","kind":"FHA"}},{"type":"Feature","geometry":{"type":"Point","coordinates":[-75.050005,40.023771]},"properties":{"year":1960,"period":"1960","kind":"FHA"}},{"type":"Feature","geometry":{"type":"Point","coordinates":[-74.988351,40.06951]},"properties":{"year":1960,"period":"1960","kind":"FHA"}},{"type":"Feature","geometry":{"type":"Point","coordinates":[-75.019246,40.065668]},"properties":{"year":1960,"period":"1960","kind":"FHA"}},{"type":"Feature","geometry":{"type":"Point","coordinates":[-75.018074,40.064559]},"properties":{"year":1960,"period":"1960","kind":"FHA"}},{"type":"Feature","geometry":{"type":"Point","coordinates":[-75.104123,40.010014]},"properties":{"year":1960,"period":"1960","kind":"FHA"}},{"type":"Feature","geometry":{"type":"Point","coordinates":[-75.017538,40.064658]},"properties":{"year":1960,"period":"1960","kind":"FHA"}},{"type":"Feature","geometry":{"type":"Point","coordinates":[-74.986907,40.072445]},"properties":{"year":1960,"period":"1960","kind":"FHA"}},{"type":"Feature","geometry":{"type":"Point","coordinates":[-75.183483,39.994507]},"properties":{"year":1960,"period":"1960","kind":"VA"}},{"type":"Feature","geometry":{"type":"Point","coordinates":[-75.205282,40.023587]},"properties":{"year":1960,"period":"1960","kind":"FHA"}},{"type":"Feature","geometry":{"type":"Point","coordinates":[-75.22223,39.951942]},"properties":{"year":1960,"period":"1960","kind":"FHA"}},{"type":"Feature","geometry":{"type":"Point","coordinates":[-75.241089,39.979757]},"properties":{"year":1960,"period":"1960","kind":"FHA"}},{"type":"Feature","geometry":{"type":"Point","coordinates":[-75.146776,40.043795]},"properties":{"year":1960,"period":"1960","kind":"FHA"}},{"type":"Feature","geometry":{"type":"Point","coordinates":[-75.246724,39.948517]},"properties":{"year":1960,"period":"1960","kind":"FHA"}},{"type":"Feature","geometry":{"type":"Point","coordinates":[-75.115101,40.000587]},"properties":{"year":1960,"period":"1960","kind":"FHA"}},{"type":"Feature","geometry":{"type":"Point","coordinates":[-75.151101,40.048818]},"properties":{"year":1960,"period":"1960","kind":"FHA"}},{"type":"Feature","geometry":{"type":"Point","coordinates":[-75.164227,40.038227]},"properties":{"year":1960,"period":"1960","kind":"FHA"}},{"type":"Feature","geometry":{"type":"Point","coordinates":[-75.147139,40.056803]},"properties":{"year":1960,"period":"1960","kind":"FHA"}},{"type":"Feature","geometry":{"type":"Point","coordinates":[-75.263566,39.97267]},"properties":{"year":1960,"period":"1960","kind":"FHA"}},{"type":"Feature","geometry":{"type":"Point","coordinates":[-75.181526,39.969712]},"properties":{"year":1960,"period":"1960","kind":"FHA"}},{"type":"Feature","geometry":{"type":"Point","coordinates":[-75.176908,39.997978]},"properties":{"year":1960,"period":"1960","kind":"VA"}},{"type":"Feature","geometry":{"type":"Point","coordinates":[-75.184515,39.997075]},"properties":{"year":1960,"period":"1960","kind":"FHA"}},{"type":"Feature","geometry":{"type":"Point","coordinates":[-74.997529,40.105406]},"properties":{"year":1960,"period":"1960","kind":"FHA"}},{"type":"Feature","geometry":{"type":"Point","coordinates":[-75.176749,39.927245]},"properties":{"year":1960,"period":"1960","kind":"FHA"}},{"type":"Feature","geometry":{"type":"Point","coordinates":[-75.054795,40.036989]},"properties":{"year":1960,"period":"1960","kind":"FHA"}},{"type":"Feature","geometry":{"type":"Point","coordinates":[-75.016803,40.065263]},"properties":{"year":1960,"period":"1960","kind":"FHA"}},{"type":"Feature","geometry":{"type":"Point","coordinates":[-75.115496,40.022677]},"properties":{"year":1960,"period":"1960","kind":"FHA"}},{"type":"Feature","geometry":{"type":"Point","coordinates":[-75.181205,39.979295]},"properties":{"year":1960,"period":"1960","kind":"VA"}},{"type":"Feature","geometry":{"type":"Point","coordinates":[-75.205282,40.023587]},"properties":{"year":1960,"period":"1960","kind":"FHA"}},{"type":"Feature","geometry":{"type":"Point","coordinates":[-75.145755,40.065016]},"properties":{"year":1960,"period":"1960","kind":"FHA"}},{"type":"Feature","geometry":{"type":"Point","coordinates":[-75.149015,40.010386]},"properties":{"year":1960,"period":"1960","kind":"FHA"}},{"type":"Feature","geometry":{"type":"Point","coordinates":[-75.114347,40.020857]},"properties":{"year":1960,"period":"1960","kind":"FHA"}},{"type":"Feature","geometry":{"type":"Point","coordinates":[-75.217655,39.940184]},"properties":{"year":1960,"period":"1960","kind":"VA"}},{"type":"Feature","geometry":{"type":"Point","coordinates":[-75.24048,39.949457]},"properties":{"year":1960,"period":"1960","kind":"FHA"}},{"type":"Feature","geometry":{"type":"Point","coordinates":[-75.241694,39.976598]},"properties":{"year":1960,"period":"1960","kind":"FHA"}},{"type":"Feature","geometry":{"type":"Point","coordinates":[-75.228499,39.974914]},"properties":{"year":1960,"period":"1960","kind":"VA"}},{"type":"Feature","geometry":{"type":"Point","coordinates":[-75.241095,39.9467]},"properties":{"year":1960,"period":"1960","kind":"FHA"}},{"type":"Feature","geometry":{"type":"Point","coordinates":[-75.236686,39.956854]},"properties":{"year":1960,"period":"1960","kind":"VA"}},{"type":"Feature","geometry":{"type":"Point","coordinates":[-75.232444,39.986338]},"properties":{"year":1960,"period":"1960","kind":"FHA"}},{"type":"Feature","geometry":{"type":"Point","coordinates":[-75.181153,39.93018]},"properties":{"year":1960,"period":"1960","kind":"VA"}},{"type":"Feature","geometry":{"type":"Point","coordinates":[-75.073509,40.04195]},"properties":{"year":1960,"period":"1960","kind":"FHA"}},{"type":"Feature","geometry":{"type":"Point","coordinates":[-75.243637,39.943485]},"properties":{"year":1960,"period":"1960","kind":"FHA"}},{"type":"Feature","geometry":{"type":"Point","coordinates":[-75.232111,39.945039]},"properties":{"year":1960,"period":"1960","kind":"FHA"}},{"type":"Feature","geometry":{"type":"Point","coordinates":[-75.229743,39.931787]},"properties":{"year":1960,"period":"1960","kind":"FHA"}},{"type":"Feature","geometry":{"type":"Point","coordinates":[-75.233702,39.949218]},"properties":{"year":1960,"period":"1960","kind":"FHA"}},{"type":"Feature","geometry":{"type":"Point","coordinates":[-75.205282,40.023587]},"properties":{"year":1960,"period":"1960","kind":"FHA"}},{"type":"Feature","geometry":{"type":"Point","coordinates":[-74.991514,40.121352]},"properties":{"year":1960,"period":"1960","kind":"FHA"}},{"type":"Feature","geometry":{"type":"Point","coordinates":[-75.22722,39.981995]},"properties":{"year":1960,"period":"1960","kind":"FHA"}},{"type":"Feature","geometry":{"type":"Point","coordinates":[-75.125302,39.988607]},"properties":{"year":1960,"period":"1960","kind":"FHA"}},{"type":"Feature","geometry":{"type":"Point","coordinates":[-74.96553,40.092418]},"properties":{"year":1960,"period":"1960","kind":"FHA"}},{"type":"Feature","geometry":{"type":"Point","coordinates":[-75.114816,40.020128]},"properties":{"year":1960,"period":"1960","kind":"FHA"}},{"type":"Feature","geometry":{"type":"Point","coordinates":[-75.083266,40.027665]},"properties":{"year":1960,"period":"1960","kind":"FHA"}},{"type":"Feature","geometry":{"type":"Point","coordinates":[-75.118562,40.025587]},"properties":{"year":1960,"period":"1960","kind":"FHA"}},{"type":"Feature","geometry":{"type":"Point","coordinates":[-75.235524,39.98454]},"properties":{"year":1960,"period":"1960","kind":"VA"}},{"type":"Feature","geometry":{"type":"Point","coordinates":[-75.161853,39.998049]},"properties":{"year":1960,"period":"1960","kind":"VA"}},{"type":"Feature","geometry":{"type":"Point","coordinates":[-75.218836,40.034677]},"properties":{"year":1960,"period":"1960","kind":"FHA"}},{"type":"Feature","geometry":{"type":"Point","coordinates":[-75.032241,40.063761]},"properties":{"year":1960,"period":"1960","kind":"FHA"}},{"type":"Feature","geometry":{"type":"Point","coordinates":[-75.178627,40.044149]},"properties":{"year":1960,"period":"1960","kind":"FHA"}},{"type":"Feature","geometry":{"type":"Point","coordinates":[-75.141404,39.984909]},"properties":{"year":1960,"period":"1960","kind":"VA"}},{"type":"Feature","geometry":{"type":"Point","coordinates":[-75.144747,39.99995]},"properties":{"year":1960,"period":"1960","kind":"VA"}},{"type":"Feature","geometry":{"type":"Point","coordinates":[-75.235529,39.976657]},"properties":{"year":1960,"period":"1960","kind":"FHA"}},{"type":"Feature","geometry":{"type":"Point","coordinates":[-75.236898,39.948932]},"properties":{"year":1960,"period":"1960","kind":"FHA"}},{"type":"Feature","geometry":{"type":"Point","coordinates":[-75.239318,39.947079]},"properties":{"year":1960,"period":"1960","kind":"FHA"}},{"type":"Feature","geometry":{"type":"Point","coordinates":[-75.171551,39.929221]},"properties":{"year":1960,"period":"1960","kind":"VA"}},{"type":"Feature","geometry":{"type":"Point","coordinates":[-75.113714,40.024076]},"properties":{"year":1960,"period":"1960","kind":"FHA"}},{"type":"Feature","geometry":{"type":"Point","coordinates":[-75.169881,39.996714]},"properties":{"year":1960,"period":"1960","kind":"VA"}},{"type":"Feature","geometry":{"type":"Point","coordinates":[-75.069285,40.044149]},"properties":{"year":1960,"period":"1960","kind":"FHA"}},{"type":"Feature","geometry":{"type":"Point","coordinates":[-74.975774,40.0742]},"properties":{"year":1960,"period":"1960","kind":"FHA"}},{"type":"Feature","geometry":{"type":"Point","coordinates":[-74.975712,40.074249]},"properties":{"year":1960,"period":"1960","kind":"FHA"}},{"type":"Feature","geometry":{"type":"Point","coordinates":[-75.058393,40.093472]},"properties":{"year":1960,"period":"1960","kind":"FHA"}},{"type":"Feature","geometry":{"type":"Point","coordinates":[-75.045029,40.033791]},"properties":{"year":1960,"period":"1960","kind":"FHA"}},{"type":"Feature","geometry":{"type":"Point","coordinates":[-75.054658,40.028433]},"properties":{"year":1960,"period":"1960","kind":"FHA"}},{"type":"Feature","geometry":{"type":"Point","coordinates":[-74.975982,40.074064]},"properties":{"year":1960,"period":"1960","kind":"FHA"}},{"type":"Feature","geometry":{"type":"Point","coordinates":[-75.169078,40.040442]},"properties":{"year":1960,"period":"1960","kind":"FHA"}},{"type":"Feature","geometry":{"type":"Point","coordinates":[-75.242204,39.956191]},"properties":{"year":1960,"period":"1960","kind":"VA"}},{"type":"Feature","geometry":{"type":"Point","coordinates":[-75.176294,39.912072]},"properties":{"year":1960,"period":"1960","kind":"FHA"}},{"type":"Feature","geometry":{"type":"Point","coordinates":[-75.175901,39.91202]},"properties":{"year":1960,"period":"1960","kind":"FHA"}},{"type":"Feature","geometry":{"type":"Point","coordinates":[-75.226145,39.920286]},"properties":{"year":1960,"period":"1960","kind":"FHA"}},{"type":"Feature","geometry":{"type":"Point","coordinates":[-75.230542,39.919594]},"properties":{"year":1960,"period":"1960","kind":"FHA"}},{"type":"Feature","geometry":{"type":"Point","coordinates":[-75.237423,39.978415]},"properties":{"year":1960,"period":"1960","kind":"FHA"}},{"type":"Feature","geometry":{"type":"Point","coordinates":[-75.243173,39.974853]},"properties":{"year":1960,"period":"1960","kind":"FHA"}},{"type":"Feature","geometry":{"type":"Point","coordinates":[-75.233489,39.92354]},"properties":{"year":1960,"period":"1960","kind":"FHA"}},{"type":"Feature","geometry":{"type":"Point","coordinates":[-75.154559,39.932287]},"properties":{"year":1960,"period":"1960","kind":"FHA"}},{"type":"Feature","geometry":{"type":"Point","coordinates":[-75.181386,39.978473]},"properties":{"year":1960,"period":"1960","kind":"FHA"}},{"type":"Feature","geometry":{"type":"Point","coordinates":[-75.147686,40.049239]},"properties":{"year":1960,"period":"1960","kind":"FHA"}},{"type":"Feature","geometry":{"type":"Point","coordinates":[-75.164698,40.071443]},"properties":{"year":1960,"period":"1960","kind":"FHA"}},{"type":"Feature","geometry":{"type":"Point","coordinates":[-74.978664,40.090852]},"properties":{"year":1960,"period":"1960","kind":"FHA"}},{"type":"Feature","geometry":{"type":"Point","coordinates":[-74.978294,40.090684]},"properties":{"year":1960,"period":"1960","kind":"FHA"}},{"type":"Feature","geometry":{"type":"Point","coordinates":[-75.14811,39.994344]},"properties":{"year":1960,"period":"1960","kind":"FHA"}},{"type":"Feature","geometry":{"type":"Point","coordinates":[-75.20773,40.022536]},"properties":{"year":1960,"period":"1960","kind":"FHA"}},{"type":"Feature","geometry":{"type":"Point","coordinates":[-75.168869,40.034491]},"properties":{"year":1960,"period":"1960","kind":"FHA"}},{"type":"Feature","geometry":{"type":"Point","coordinates":[-75.217,39.946054]},"properties":{"year":1960,"period":"1960","kind":"FHA"}},{"type":"Feature","geometry":{"type":"Point","coordinates":[-75.122329,39.993384]},"properties":{"year":1960,"period":"1960","kind":"FHA"}},{"type":"Feature","geometry":{"type":"Point","coordinates":[-75.072512,40.036206]},"properties":{"year":1960,"period":"1960","kind":"FHA"}},{"type":"Feature","geometry":{"type":"Point","coordinates":[-74.988576,40.068336]},"properties":{"year":1960,"period":"1960","kind":"FHA"}},{"type":"Feature","geometry":{"type":"Point","coordinates":[-75.18179,39.977936]},"properties":{"year":1960,"period":"1960","kind":"VA"}},{"type":"Feature","geometry":{"type":"Point","coordinates":[-75.09365,40.003342]},"properties":{"year":1960,"period":"1960","kind":"FHA"}},{"type":"Feature","geometry":{"type":"Point","coordinates":[-75.099418,39.99782]},"properties":{"year":1960,"period":"1960","kind":"FHA"}},{"type":"Feature","geometry":{"type":"Point","coordinates":[-75.118907,39.999274]},"properties":{"year":1960,"period":"1960","kind":"FHA"}},{"type":"Feature","geometry":{"type":"Point","coordinates":[-75.239127,39.949238]},"properties":{"year":1960,"period":"1960","kind":"FHA"}},{"type":"Feature","geometry":{"type":"Point","coordinates":[-75.239127,39.949238]},"properties":{"year":1960,"period":"1960","kind":"FHA"}},{"type":"Feature","geometry":{"type":"Point","coordinates":[-75.239127,39.949238]},"properties":{"year":1960,"period":"1960","kind":"FHA"}},{"type":"Feature","geometry":{"type":"Point","coordinates":[-75.181945,39.979441]},"properties":{"year":1960,"period":"1960","kind":"VA"}},{"type":"Feature","geometry":{"type":"Point","coordinates":[-75.1536214052933,40.0481472050727]},"properties":{"year":1960,"period":"1960","kind":"FHA"}},{"type":"Feature","geometry":{"type":"Point","coordinates":[-75.15681,40.050351]},"properties":{"year":1960,"period":"1960","kind":"FHA"}},{"type":"Feature","geometry":{"type":"Point","coordinates":[-75.157175,40.010836]},"properties":{"year":1960,"period":"1960","kind":"FHA"}},{"type":"Feature","geometry":{"type":"Point","coordinates":[-75.145556,39.999431]},"properties":{"year":1960,"period":"1960","kind":"FHA"}},{"type":"Feature","geometry":{"type":"Point","coordinates":[-75.231463,39.928691]},"properties":{"year":1960,"period":"1960","kind":"FHA"}},{"type":"Feature","geometry":{"type":"Point","coordinates":[-75.222645,39.938422]},"properties":{"year":1960,"period":"1960","kind":"FHA"}},{"type":"Feature","geometry":{"type":"Point","coordinates":[-75.225341,39.951301]},"properties":{"year":1960,"period":"1960","kind":"VA"}},{"type":"Feature","geometry":{"type":"Point","coordinates":[-75.240271,39.979192]},"properties":{"year":1960,"period":"1960","kind":"FHA"}},{"type":"Feature","geometry":{"type":"Point","coordinates":[-75.15686,40.050354]},"properties":{"year":1960,"period":"1960","kind":"FHA"}},{"type":"Feature","geometry":{"type":"Point","coordinates":[-74.966759,40.092253]},"properties":{"year":1960,"period":"1960","kind":"FHA"}},{"type":"Feature","geometry":{"type":"Point","coordinates":[-74.966806,40.092219]},"properties":{"year":1960,"period":"1960","kind":"FHA"}},{"type":"Feature","geometry":{"type":"Point","coordinates":[-75.024164,40.059229]},"properties":{"year":1960,"period":"1960","kind":"FHA"}},{"type":"Feature","geometry":{"type":"Point","coordinates":[-75.168518,40.072565]},"properties":{"year":1960,"period":"1960","kind":"FHA"}},{"type":"Feature","geometry":{"type":"Point","coordinates":[-75.174756,39.997137]},"properties":{"year":1960,"period":"1960","kind":"FHA"}},{"type":"Feature","geometry":{"type":"Point","coordinates":[-75.222994,39.94601]},"properties":{"year":1960,"period":"1960","kind":"FHA"}},{"type":"Feature","geometry":{"type":"Point","coordinates":[-75.14456,39.987792]},"properties":{"year":1960,"period":"1960","kind":"FHA"}},{"type":"Feature","geometry":{"type":"Point","coordinates":[-75.229402,39.943853]},"properties":{"year":1960,"period":"1960","kind":"VA"}},{"type":"Feature","geometry":{"type":"Point","coordinates":[-75.045212,40.028863]},"properties":{"year":1960,"period":"1960","kind":"FHA"}},{"type":"Feature","geometry":{"type":"Point","coordinates":[-75.242927,39.926531]},"properties":{"year":1960,"period":"1960","kind":"FHA"}},{"type":"Feature","geometry":{"type":"Point","coordinates":[-75.241721,39.960256]},"properties":{"year":1960,"period":"1960","kind":"FHA"}},{"type":"Feature","geometry":{"type":"Point","coordinates":[-75.230295,39.955587]},"properties":{"year":1960,"period":"1960","kind":"VA"}},{"type":"Feature","geometry":{"type":"Point","coordinates":[-75.242272,39.980824]},"properties":{"year":1960,"period":"1960","kind":"FHA"}},{"type":"Feature","geometry":{"type":"Point","coordinates":[-75.088735,39.989296]},"properties":{"year":1960,"period":"1960","kind":"FHA"}},{"type":"Feature","geometry":{"type":"Point","coordinates":[-75.130256,39.998279]},"properties":{"year":1960,"period":"1960","kind":"VA"}},{"type":"Feature","geometry":{"type":"Point","coordinates":[-75.082088,40.011679]},"properties":{"year":1960,"period":"1960","kind":"FHA"}},{"type":"Feature","geometry":{"type":"Point","coordinates":[-75.109584,40.000741]},"properties":{"year":1960,"period":"1960","kind":"FHA"}},{"type":"Feature","geometry":{"type":"Point","coordinates":[-75.085648,40.023689]},"properties":{"year":1960,"period":"1960","kind":"FHA"}},{"type":"Feature","geometry":{"type":"Point","coordinates":[-75.172142,40.003815]},"properties":{"year":1960,"period":"1960","kind":"FHA"}},{"type":"Feature","geometry":{"type":"Point","coordinates":[-75.182226,39.974942]},"properties":{"year":1960,"period":"1960","kind":"FHA"}},{"type":"Feature","geometry":{"type":"Point","coordinates":[-75.155079,40.011159]},"properties":{"year":1960,"period":"1960","kind":"FHA"}},{"type":"Feature","geometry":{"type":"Point","coordinates":[-75.145257,40.021521]},"properties":{"year":1960,"period":"1960","kind":"FHA"}},{"type":"Feature","geometry":{"type":"Point","coordinates":[-75.238307,39.949136]},"properties":{"year":1960,"period":"1960","kind":"VA"}},{"type":"Feature","geometry":{"type":"Point","coordinates":[-75.221168,39.942072]},"properties":{"year":1960,"period":"1960","kind":"FHA"}},{"type":"Feature","geometry":{"type":"Point","coordinates":[-75.150288,40.059361]},"properties":{"year":1960,"period":"1960","kind":"FHA"}},{"type":"Feature","geometry":{"type":"Point","coordinates":[-74.971163,40.080213]},"properties":{"year":1960,"period":"1960","kind":"FHA"}},{"type":"Feature","geometry":{"type":"Point","coordinates":[-74.971309,40.080441]},"properties":{"year":1960,"period":"1960","kind":"FHA"}},{"type":"Feature","geometry":{"type":"Point","coordinates":[-75.230756,39.974491]},"properties":{"year":1960,"period":"1960","kind":"FHA"}},{"type":"Feature","geometry":{"type":"Point","coordinates":[-74.971348,40.080484]},"properties":{"year":1960,"period":"1960","kind":"FHA"}},{"type":"Feature","geometry":{"type":"Point","coordinates":[-75.17757,39.997267]},"properties":{"year":1960,"period":"1960","kind":"VA"}},{"type":"Feature","geometry":{"type":"Point","coordinates":[-74.971426,40.080564]},"properties":{"year":1960,"period":"1960","kind":"FHA"}},{"type":"Feature","geometry":{"type":"Point","coordinates":[-74.971388,40.080523]},"properties":{"year":1960,"period":"1960","kind":"FHA"}},{"type":"Feature","geometry":{"type":"Point","coordinates":[-74.971465,40.080605]},"properties":{"year":1960,"period":"1960","kind":"FHA"}},{"type":"Feature","geometry":{"type":"Point","coordinates":[-74.971105,40.080238]},"properties":{"year":1960,"period":"1960","kind":"FHA"}},{"type":"Feature","geometry":{"type":"Point","coordinates":[-74.971219,40.080189]},"properties":{"year":1960,"period":"1960","kind":"FHA"}},{"type":"Feature","geometry":{"type":"Point","coordinates":[-75.176386,39.928444]},"properties":{"year":1960,"period":"1960","kind":"FHA"}},{"type":"Feature","geometry":{"type":"Point","coordinates":[-75.082876,40.03572]},"properties":{"year":1960,"period":"1960","kind":"FHA"}},{"type":"Feature","geometry":{"type":"Point","coordinates":[-75.127035,40.003828]},"properties":{"year":1960,"period":"1960","kind":"FHA"}},{"type":"Feature","geometry":{"type":"Point","coordinates":[-75.168238,40.022092]},"properties":{"year":1960,"period":"1960","kind":"FHA"}},{"type":"Feature","geometry":{"type":"Point","coordinates":[-75.10744,40.046119]},"properties":{"year":1960,"period":"1960","kind":"FHA"}},{"type":"Feature","geometry":{"type":"Point","coordinates":[-75.221452,39.946987]},"properties":{"year":1960,"period":"1960","kind":"FHA"}},{"type":"Feature","geometry":{"type":"Point","coordinates":[-75.230994,39.964447]},"properties":{"year":1960,"period":"1960","kind":"FHA"}},{"type":"Feature","geometry":{"type":"Point","coordinates":[-75.231301,39.952792]},"properties":{"year":1960,"period":"1960","kind":"VA"}},{"type":"Feature","geometry":{"type":"Point","coordinates":[-75.031308,40.031311]},"properties":{"year":1960,"period":"1960","kind":"FHA"}},{"type":"Feature","geometry":{"type":"Point","coordinates":[-75.169157,40.036465]},"properties":{"year":1960,"period":"1960","kind":"FHA"}},{"type":"Feature","geometry":{"type":"Point","coordinates":[-74.986284,40.067599]},"properties":{"year":1960,"period":"1960","kind":"FHA"}},{"type":"Feature","geometry":{"type":"Point","coordinates":[-75.147898,40.049426]},"properties":{"year":1960,"period":"1960","kind":"FHA"}},{"type":"Feature","geometry":{"type":"Point","coordinates":[-74.966853,40.092185]},"properties":{"year":1960,"period":"1960","kind":"FHA"}},{"type":"Feature","geometry":{"type":"Point","coordinates":[-74.966663,40.092319]},"properties":{"year":1960,"period":"1960","kind":"FHA"}},{"type":"Feature","geometry":{"type":"Point","coordinates":[-75.053807,40.069295]},"properties":{"year":1960,"period":"1960","kind":"FHA"}},{"type":"Feature","geometry":{"type":"Point","coordinates":[-75.057097,40.091751]},"properties":{"year":1960,"period":"1960","kind":"FHA"}},{"type":"Feature","geometry":{"type":"Point","coordinates":[-75.146231,40.044277]},"properties":{"year":1960,"period":"1960","kind":"FHA"}},{"type":"Feature","geometry":{"type":"Point","coordinates":[-75.146169,40.064561]},"properties":{"year":1960,"period":"1960","kind":"FHA"}},{"type":"Feature","geometry":{"type":"Point","coordinates":[-75.18091,40.053517]},"properties":{"year":1960,"period":"1960","kind":"VA"}},{"type":"Feature","geometry":{"type":"Point","coordinates":[-75.228774,39.948662]},"properties":{"year":1960,"period":"1960","kind":"FHA"}},{"type":"Feature","geometry":{"type":"Point","coordinates":[-75.228309,39.953238]},"properties":{"year":1960,"period":"1960","kind":"FHA"}},{"type":"Feature","geometry":{"type":"Point","coordinates":[-75.228175,39.9524]},"properties":{"year":1960,"period":"1960","kind":"FHA"}},{"type":"Feature","geometry":{"type":"Point","coordinates":[-75.155101,40.042464]},"properties":{"year":1960,"period":"1960","kind":"FHA"}},{"type":"Feature","geometry":{"type":"Point","coordinates":[-75.147173,40.052555]},"properties":{"year":1960,"period":"1960","kind":"FHA"}},{"type":"Feature","geometry":{"type":"Point","coordinates":[-75.225629,39.951339]},"properties":{"year":1960,"period":"1960","kind":"VA"}},{"type":"Feature","geometry":{"type":"Point","coordinates":[-75.157661,39.917035]},"properties":{"year":1960,"period":"1960","kind":"FHA"}},{"type":"Feature","geometry":{"type":"Point","coordinates":[-75.160366,39.92849]},"properties":{"year":1960,"period":"1960","kind":"FHA"}},{"type":"Feature","geometry":{"type":"Point","coordinates":[-75.118946,40.049699]},"properties":{"year":1960,"period":"1960","kind":"FHA"}},{"type":"Feature","geometry":{"type":"Point","coordinates":[-75.128009,40.031797]},"properties":{"year":1960,"period":"1960","kind":"FHA"}},{"type":"Feature","geometry":{"type":"Point","coordinates":[-75.215988,40.021495]},"properties":{"year":1960,"period":"1960","kind":"FHA"}},{"type":"Feature","geometry":{"type":"Point","coordinates":[-75.218628,39.935221]},"properties":{"year":1960,"period":"1960","kind":"FHA"}},{"type":"Feature","geometry":{"type":"Point","coordinates":[-75.142413,40.033856]},"properties":{"year":1960,"period":"1960","kind":"VA"}},{"type":"Feature","geometry":{"type":"Point","coordinates":[-75.241153,39.948456]},"properties":{"year":1960,"period":"1960","kind":"FHA"}},{"type":"Feature","geometry":{"type":"Point","coordinates":[-75.223735,39.952989]},"properties":{"year":1960,"period":"1960","kind":"VA"}},{"type":"Feature","geometry":{"type":"Point","coordinates":[-74.971755,40.081524]},"properties":{"year":1960,"period":"1960","kind":"FHA"}},{"type":"Feature","geometry":{"type":"Point","coordinates":[-74.972139,40.081204]},"properties":{"year":1960,"period":"1960","kind":"FHA"}},{"type":"Feature","geometry":{"type":"Point","coordinates":[-74.971844,40.081459]},"properties":{"year":1960,"period":"1960","kind":"FHA"}},{"type":"Feature","geometry":{"type":"Point","coordinates":[-74.972174,40.081158]},"properties":{"year":1960,"period":"1960","kind":"FHA"}},{"type":"Feature","geometry":{"type":"Point","coordinates":[-74.972103,40.081246]},"properties":{"year":1960,"period":"1960","kind":"FHA"}},{"type":"Feature","geometry":{"type":"Point","coordinates":[-74.97228,40.081057]},"properties":{"year":1960,"period":"1960","kind":"FHA"}},{"type":"Feature","geometry":{"type":"Point","coordinates":[-74.972064,40.081315]},"properties":{"year":1960,"period":"1960","kind":"FHA"}},{"type":"Feature","geometry":{"type":"Point","coordinates":[-75.226548,39.948532]},"properties":{"year":1960,"period":"1960","kind":"FHA"}},{"type":"Feature","geometry":{"type":"Point","coordinates":[-75.044579,40.039229]},"properties":{"year":1960,"period":"1960","kind":"FHA"}},{"type":"Feature","geometry":{"type":"Point","coordinates":[-75.046422,40.021589]},"properties":{"year":1960,"period":"1960","kind":"FHA"}},{"type":"Feature","geometry":{"type":"Point","coordinates":[-74.996311,40.104186]},"properties":{"year":1960,"period":"1960","kind":"FHA"}},{"type":"Feature","geometry":{"type":"Point","coordinates":[-75.223168,40.032391]},"properties":{"year":1960,"period":"1960","kind":"FHA"}},{"type":"Feature","geometry":{"type":"Point","coordinates":[-75.122996,39.997014]},"properties":{"year":1960,"period":"1960","kind":"FHA"}},{"type":"Feature","geometry":{"type":"Point","coordinates":[-75.228229,39.950068]},"properties":{"year":1960,"period":"1960","kind":"FHA"}},{"type":"Feature","geometry":{"type":"Point","coordinates":[-75.148334,40.051146]},"properties":{"year":1960,"period":"1960","kind":"FHA"}},{"type":"Feature","geometry":{"type":"Point","coordinates":[-75.247314,39.910537]},"properties":{"year":1960,"period":"1960","kind":"VA"}},{"type":"Feature","geometry":{"type":"Point","coordinates":[-75.183968,39.993945]},"properties":{"year":1960,"period":"1960","kind":"VA"}},{"type":"Feature","geometry":{"type":"Point","coordinates":[-75.182018,39.981957]},"properties":{"year":1960,"period":"1960","kind":"VA"}},{"type":"Feature","geometry":{"type":"Point","coordinates":[-75.192614,40.056027]},"properties":{"year":1960,"period":"1960","kind":"FHA"}},{"type":"Feature","geometry":{"type":"Point","coordinates":[-75.116143,40.024416]},"properties":{"year":1960,"period":"1960","kind":"FHA"}},{"type":"Feature","geometry":{"type":"Point","coordinates":[-75.147184,39.984128]},"properties":{"year":1960,"period":"1960","kind":"FHA"}},{"type":"Feature","geometry":{"type":"Point","coordinates":[-75.24034,39.952848]},"properties":{"year":1960,"period":"1960","kind":"FHA"}},{"type":"Feature","geometry":{"type":"Point","coordinates":[-75.181433,40.039761]},"properties":{"year":1960,"period":"1960","kind":"FHA"}},{"type":"Feature","geometry":{"type":"Point","coordinates":[-75.083572,40.039342]},"properties":{"year":1960,"period":"1960","kind":"FHA"}},{"type":"Feature","geometry":{"type":"Point","coordinates":[-75.221085,39.951874]},"properties":{"year":1960,"period":"1960","kind":"FHA"}},{"type":"Feature","geometry":{"type":"Point","coordinates":[-75.174017,39.997187]},"properties":{"year":1960,"period":"1960","kind":"FHA"}},{"type":"Feature","geometry":{"type":"Point","coordinates":[-75.240026,39.96278]},"properties":{"year":1960,"period":"1960","kind":"VA"}},{"type":"Feature","geometry":{"type":"Point","coordinates":[-75.224137,39.965731]},"properties":{"year":1960,"period":"1960","kind":"FHA"}},{"type":"Feature","geometry":{"type":"Point","coordinates":[-74.966324,40.092048]},"properties":{"year":1960,"period":"1960","kind":"FHA"}},{"type":"Feature","geometry":{"type":"Point","coordinates":[-75.006718,40.063133]},"properties":{"year":1960,"period":"1960","kind":"FHA"}},{"type":"Feature","geometry":{"type":"Point","coordinates":[-74.966424,40.091969]},"properties":{"year":1960,"period":"1960","kind":"FHA"}},{"type":"Feature","geometry":{"type":"Point","coordinates":[-75.104993,39.999345]},"properties":{"year":1960,"period":"1960","kind":"FHA"}},{"type":"Feature","geometry":{"type":"Point","coordinates":[-75.171333,39.933233]},"properties":{"year":1960,"period":"1960","kind":"VA"}},{"type":"Feature","geometry":{"type":"Point","coordinates":[-75.151287,40.046659]},"properties":{"year":1960,"period":"1960","kind":"FHA"}},{"type":"Feature","geometry":{"type":"Point","coordinates":[-75.147325,40.048475]},"properties":{"year":1960,"period":"1960","kind":"FHA"}},{"type":"Feature","geometry":{"type":"Point","coordinates":[-75.22916,39.94831]},"properties":{"year":1960,"period":"1960","kind":"FHA"}},{"type":"Feature","geometry":{"type":"Point","coordinates":[-75.237983,39.978717]},"properties":{"year":1960,"period":"1960","kind":"FHA"}},{"type":"Feature","geometry":{"type":"Point","coordinates":[-75.022343,40.109613]},"properties":{"year":1960,"period":"1960","kind":"FHA"}},{"type":"Feature","geometry":{"type":"Point","coordinates":[-75.238145,39.950506]},"properties":{"year":1960,"period":"1960","kind":"VA"}},{"type":"Feature","geometry":{"type":"Point","coordinates":[-75.147099,40.040674]},"properties":{"year":1960,"period":"1960","kind":"FHA"}},{"type":"Feature","geometry":{"type":"Point","coordinates":[-75.146346,40.041867]},"properties":{"year":1960,"period":"1960","kind":"FHA"}},{"type":"Feature","geometry":{"type":"Point","coordinates":[-75.172551,40.075308]},"properties":{"year":1960,"period":"1960","kind":"FHA"}},{"type":"Feature","geometry":{"type":"Point","coordinates":[-75.154198,40.027378]},"properties":{"year":1960,"period":"1960","kind":"FHA"}},{"type":"Feature","geometry":{"type":"Point","coordinates":[-75.205242,40.023065]},"properties":{"year":1960,"period":"1960","kind":"FHA"}},{"type":"Feature","geometry":{"type":"Point","coordinates":[-75.018995,40.039112]},"properties":{"year":1960,"period":"1960","kind":"FHA"}},{"type":"Feature","geometry":{"type":"Point","coordinates":[-75.026814,40.044285]},"properties":{"year":1960,"period":"1960","kind":"FHA"}},{"type":"Feature","geometry":{"type":"Point","coordinates":[-75.178756,40.042117]},"properties":{"year":1960,"period":"1960","kind":"FHA"}},{"type":"Feature","geometry":{"type":"Point","coordinates":[-75.177328,40.046272]},"properties":{"year":1960,"period":"1960","kind":"FHA"}},{"type":"Feature","geometry":{"type":"Point","coordinates":[-75.228251,39.943518]},"properties":{"year":1960,"period":"1960","kind":"VA"}},{"type":"Feature","geometry":{"type":"Point","coordinates":[-75.242532,39.951126]},"properties":{"year":1960,"period":"1960","kind":"FHA"}},{"type":"Feature","geometry":{"type":"Point","coordinates":[-75.238429,39.978304]},"properties":{"year":1960,"period":"1960","kind":"FHA"}},{"type":"Feature","geometry":{"type":"Point","coordinates":[-75.143617,39.966163]},"properties":{"year":1960,"period":"1960","kind":"VA"}},{"type":"Feature","geometry":{"type":"Point","coordinates":[-74.978211,40.091281]},"properties":{"year":1960,"period":"1960","kind":"FHA"}},{"type":"Feature","geometry":{"type":"Point","coordinates":[-75.241327,39.954038]},"properties":{"year":1960,"period":"1960","kind":"FHA"}},{"type":"Feature","geometry":{"type":"Point","coordinates":[-75.032363,40.063731]},"properties":{"year":1960,"period":"1960","kind":"FHA"}},{"type":"Feature","geometry":{"type":"Point","coordinates":[-75.075612,40.038739]},"properties":{"year":1960,"period":"1960","kind":"FHA"}},{"type":"Feature","geometry":{"type":"Point","coordinates":[-75.142187,39.993177]},"properties":{"year":1960,"period":"1960","kind":"FHA"}},{"type":"Feature","geometry":{"type":"Point","coordinates":[-75.156675,40.057288]},"properties":{"year":1960,"period":"1960","kind":"FHA"}},{"type":"Feature","geometry":{"type":"Point","coordinates":[-75.033965,40.034663]},"properties":{"year":1960,"period":"1960","kind":"FHA"}},{"type":"Feature","geometry":{"type":"Point","coordinates":[-75.106472,40.040801]},"properties":{"year":1960,"period":"1960","kind":"FHA"}},{"type":"Feature","geometry":{"type":"Point","coordinates":[-75.049408,40.086699]},"properties":{"year":1960,"period":"1960","kind":"FHA"}},{"type":"Feature","geometry":{"type":"Point","coordinates":[-74.967143,40.091698]},"properties":{"year":1960,"period":"1960","kind":"FHA"}},{"type":"Feature","geometry":{"type":"Point","coordinates":[-75.071433,40.033404]},"properties":{"year":1960,"period":"1960","kind":"FHA"}},{"type":"Feature","geometry":{"type":"Point","coordinates":[-75.145139,39.98956]},"properties":{"year":1960,"period":"1960","kind":"FHA"}},{"type":"Feature","geometry":{"type":"Point","coordinates":[-75.174014,40.001547]},"properties":{"year":1960,"period":"1960","kind":"FHA"}},{"type":"Feature","geometry":{"type":"Point","coordinates":[-75.226372,39.98117]},"properties":{"year":1960,"period":"1960","kind":"FHA"}},{"type":"Feature","geometry":{"type":"Point","coordinates":[-75.223949,39.923268]},"properties":{"year":1960,"period":"1960","kind":"FHA"}},{"type":"Feature","geometry":{"type":"Point","coordinates":[-75.241558,39.949617]},"properties":{"year":1960,"period":"1960","kind":"FHA"}},{"type":"Feature","geometry":{"type":"Point","coordinates":[-75.225358,39.950006]},"properties":{"year":1960,"period":"1960","kind":"FHA"}},{"type":"Feature","geometry":{"type":"Point","coordinates":[-75.155037,40.052296]},"properties":{"year":1960,"period":"1960","kind":"FHA"}},{"type":"Feature","geometry":{"type":"Point","coordinates":[-75.162341,40.044857]},"properties":{"year":1960,"period":"1960","kind":"FHA"}},{"type":"Feature","geometry":{"type":"Point","coordinates":[-75.142132,39.988491]},"properties":{"year":1960,"period":"1960","kind":"FHA"}},{"type":"Feature","geometry":{"type":"Point","coordinates":[-75.182855,40.056297]},"properties":{"year":1960,"period":"1960","kind":"VA"}},{"type":"Feature","geometry":{"type":"Point","coordinates":[-75.146602,40.042079]},"properties":{"year":1960,"period":"1960","kind":"VA"}},{"type":"Feature","geometry":{"type":"Point","coordinates":[-75.16735,40.02492]},"properties":{"year":1960,"period":"1960","kind":"FHA"}},{"type":"Feature","geometry":{"type":"Point","coordinates":[-75.189429,40.060867]},"properties":{"year":1960,"period":"1960","kind":"FHA"}},{"type":"Feature","geometry":{"type":"Point","coordinates":[-75.147419,40.040718]},"properties":{"year":1960,"period":"1960","kind":"FHA"}},{"type":"Feature","geometry":{"type":"Point","coordinates":[-75.272012,39.975932]},"properties":{"year":1960,"period":"1960","kind":"FHA"}},{"type":"Feature","geometry":{"type":"Point","coordinates":[-75.155486,40.04252]},"properties":{"year":1960,"period":"1960","kind":"VA"}},{"type":"Feature","geometry":{"type":"Point","coordinates":[-75.136246,40.02824]},"properties":{"year":1960,"period":"1960","kind":"FHA"}},{"type":"Feature","geometry":{"type":"Point","coordinates":[-75.224619,40.039275]},"properties":{"year":1960,"period":"1960","kind":"FHA"}},{"type":"Feature","geometry":{"type":"Point","coordinates":[-75.178893,40.041989]},"properties":{"year":1960,"period":"1960","kind":"FHA"}},{"type":"Feature","geometry":{"type":"Point","coordinates":[-75.178822,40.05173]},"properties":{"year":1960,"period":"1960","kind":"FHA"}},{"type":"Feature","geometry":{"type":"Point","coordinates":[-75.146613,40.013794]},"properties":{"year":1960,"period":"1960","kind":"FHA"}},{"type":"Feature","geometry":{"type":"Point","coordinates":[-75.236116,39.978263]},"properties":{"year":1960,"period":"1960","kind":"FHA"}},{"type":"Feature","geometry":{"type":"Point","coordinates":[-75.21563,39.934948]},"properties":{"year":1960,"period":"1960","kind":"VA"}},{"type":"Feature","geometry":{"type":"Point","coordinates":[-75.242225,39.963361]},"properties":{"year":1960,"period":"1960","kind":"FHA"}},{"type":"Feature","geometry":{"type":"Point","coordinates":[-75.225897,39.94977]},"properties":{"year":1960,"period":"1960","kind":"FHA"}},{"type":"Feature","geometry":{"type":"Point","coordinates":[-75.225369,39.934243]},"properties":{"year":1960,"period":"1960","kind":"VA"}},{"type":"Feature","geometry":{"type":"Point","coordinates":[-75.138002,39.992574]},"properties":{"year":1960,"period":"1960","kind":"FHA"}},{"type":"Feature","geometry":{"type":"Point","coordinates":[-75.140954,39.989816]},"properties":{"year":1960,"period":"1960","kind":"FHA"}},{"type":"Feature","geometry":{"type":"Point","coordinates":[-75.21368,40.027636]},"properties":{"year":1960,"period":"1960","kind":"FHA"}},{"type":"Feature","geometry":{"type":"Point","coordinates":[-75.010775,40.06049]},"properties":{"year":1960,"period":"1960","kind":"FHA"}},{"type":"Feature","geometry":{"type":"Point","coordinates":[-75.069685,40.021943]},"properties":{"year":1960,"period":"1960","kind":"FHA"}},{"type":"Feature","geometry":{"type":"Point","coordinates":[-74.999879,40.077135]},"properties":{"year":1960,"period":"1960","kind":"FHA"}},{"type":"Feature","geometry":{"type":"Point","coordinates":[-75.046421,40.026753]},"properties":{"year":1960,"period":"1960","kind":"FHA"}},{"type":"Feature","geometry":{"type":"Point","coordinates":[-74.995234,40.10154]},"properties":{"year":1960,"period":"1960","kind":"FHA"}},{"type":"Feature","geometry":{"type":"Point","coordinates":[-75.03748,40.103295]},"properties":{"year":1960,"period":"1960","kind":"FHA"}},{"type":"Feature","geometry":{"type":"Point","coordinates":[-75.138944,40.013765]},"properties":{"year":1960,"period":"1960","kind":"FHA"}},{"type":"Feature","geometry":{"type":"Point","coordinates":[-75.068416,40.020867]},"properties":{"year":1960,"period":"1960","kind":"FHA"}},{"type":"Feature","geometry":{"type":"Point","coordinates":[-75.115502,40.022636]},"properties":{"year":1960,"period":"1960","kind":"FHA"}},{"type":"Feature","geometry":{"type":"Point","coordinates":[-75.091353,39.987323]},"properties":{"year":1960,"period":"1960","kind":"FHA"}},{"type":"Feature","geometry":{"type":"Point","coordinates":[-75.111673,40.017937]},"properties":{"year":1960,"period":"1960","kind":"FHA"}},{"type":"Feature","geometry":{"type":"Point","coordinates":[-75.010448,40.059191]},"properties":{"year":1960,"period":"1960","kind":"FHA"}},{"type":"Feature","geometry":{"type":"Point","coordinates":[-75.152543,40.042224]},"properties":{"year":1960,"period":"1960","kind":"FHA"}},{"type":"Feature","geometry":{"type":"Point","coordinates":[-75.181176,39.979421]},"properties":{"year":1960,"period":"1960","kind":"VA"}},{"type":"Feature","geometry":{"type":"Point","coordinates":[-75.156328,39.999833]},"properties":{"year":1960,"period":"1960","kind":"VA"}},{"type":"Feature","geometry":{"type":"Point","coordinates":[-75.163952,39.992477]},"properties":{"year":1960,"period":"1960","kind":"FHA"}},{"type":"Feature","geometry":{"type":"Point","coordinates":[-75.2409,39.957542]},"properties":{"year":1960,"period":"1960","kind":"FHA"}},{"type":"Feature","geometry":{"type":"Point","coordinates":[-75.051474,40.043585]},"properties":{"year":1960,"period":"1960","kind":"FHA"}},{"type":"Feature","geometry":{"type":"Point","coordinates":[-75.141338,40.005689]},"properties":{"year":1960,"period":"1960","kind":"FHA"}},{"type":"Feature","geometry":{"type":"Point","coordinates":[-75.138722,40.01467]},"properties":{"year":1960,"period":"1960","kind":"FHA"}},{"type":"Feature","geometry":{"type":"Point","coordinates":[-75.154296,40.007562]},"properties":{"year":1960,"period":"1960","kind":"FHA"}},{"type":"Feature","geometry":{"type":"Point","coordinates":[-75.184172,39.983993]},"properties":{"year":1960,"period":"1960","kind":"VA"}},{"type":"Feature","geometry":{"type":"Point","coordinates":[-75.163852,40.071909]},"properties":{"year":1960,"period":"1960","kind":"FHA"}},{"type":"Feature","geometry":{"type":"Point","coordinates":[-75.174347,40.045829]},"properties":{"year":1960,"period":"1960","kind":"FHA"}},{"type":"Feature","geometry":{"type":"Point","coordinates":[-75.188351,40.058792]},"properties":{"year":1960,"period":"1960","kind":"FHA"}},{"type":"Feature","geometry":{"type":"Point","coordinates":[-75.242576,39.948771]},"properties":{"year":1960,"period":"1960","kind":"FHA"}},{"type":"Feature","geometry":{"type":"Point","coordinates":[-75.113919,40.032914]},"properties":{"year":1960,"period":"1960","kind":"FHA"}},{"type":"Feature","geometry":{"type":"Point","coordinates":[-75.01673,40.061853]},"properties":{"year":1960,"period":"1960","kind":"FHA"}},{"type":"Feature","geometry":{"type":"Point","coordinates":[-75.034876,40.03259]},"properties":{"year":1960,"period":"1960","kind":"FHA"}},{"type":"Feature","geometry":{"type":"Point","coordinates":[-75.162309,40.059747]},"properties":{"year":1960,"period":"1960","kind":"FHA"}},{"type":"Feature","geometry":{"type":"Point","coordinates":[-75.03742,40.104787]},"properties":{"year":1960,"period":"1960","kind":"FHA"}},{"type":"Feature","geometry":{"type":"Point","coordinates":[-75.242292,39.955807]},"properties":{"year":1960,"period":"1960","kind":"VA"}},{"type":"Feature","geometry":{"type":"Point","coordinates":[-75.24409,39.978744]},"properties":{"year":1960,"period":"1960","kind":"FHA"}},{"type":"Feature","geometry":{"type":"Point","coordinates":[-75.080094,40.030141]},"properties":{"year":1960,"period":"1960","kind":"FHA"}},{"type":"Feature","geometry":{"type":"Point","coordinates":[-75.156164,39.98836]},"properties":{"year":1960,"period":"1960","kind":"VA"}},{"type":"Feature","geometry":{"type":"Point","coordinates":[-75.089929,40.03323]},"properties":{"year":1960,"period":"1960","kind":"FHA"}},{"type":"Feature","geometry":{"type":"Point","coordinates":[-75.145776,40.041982]},"properties":{"year":1960,"period":"1960","kind":"FHA"}},{"type":"Feature","geometry":{"type":"Point","coordinates":[-75.183611,39.977405]},"properties":{"year":1960,"period":"1960","kind":"VA"}},{"type":"Feature","geometry":{"type":"Point","coordinates":[-75.164678,40.062446]},"properties":{"year":1960,"period":"1960","kind":"FHA"}},{"type":"Feature","geometry":{"type":"Point","coordinates":[-75.229999,39.975668]},"properties":{"year":1960,"period":"1960","kind":"FHA"}},{"type":"Feature","geometry":{"type":"Point","coordinates":[-75.153684,39.995035]},"properties":{"year":1960,"period":"1960","kind":"FHA"}},{"type":"Feature","geometry":{"type":"Point","coordinates":[-75.236048,39.97797]},"properties":{"year":1960,"period":"1960","kind":"FHA"}},{"type":"Feature","geometry":{"type":"Point","coordinates":[-75.148695,40.049367]},"properties":{"year":1960,"period":"1960","kind":"FHA"}},{"type":"Feature","geometry":{"type":"Point","coordinates":[-75.232168,39.948721]},"properties":{"year":1960,"period":"1960","kind":"FHA"}},{"type":"Feature","geometry":{"type":"Point","coordinates":[-75.231225,39.949075]},"properties":{"year":1960,"period":"1960","kind":"FHA"}},{"type":"Feature","geometry":{"type":"Point","coordinates":[-75.23254,39.948766]},"properties":{"year":1960,"period":"1960","kind":"FHA"}},{"type":"Feature","geometry":{"type":"Point","coordinates":[-74.988692,40.069817]},"properties":{"year":1960,"period":"1960","kind":"FHA"}},{"type":"Feature","geometry":{"type":"Point","coordinates":[-74.985202,40.06844]},"properties":{"year":1960,"period":"1960","kind":"FHA"}},{"type":"Feature","geometry":{"type":"Point","coordinates":[-75.015128,40.060603]},"properties":{"year":1960,"period":"1960","kind":"FHA"}},{"type":"Feature","geometry":{"type":"Point","coordinates":[-74.988727,40.069673]},"properties":{"year":1960,"period":"1960","kind":"FHA"}},{"type":"Feature","geometry":{"type":"Point","coordinates":[-74.993587,40.104669]},"properties":{"year":1960,"period":"1960","kind":"FHA"}},{"type":"Feature","geometry":{"type":"Point","coordinates":[-75.057044,40.017489]},"properties":{"year":1960,"period":"1960","kind":"FHA"}},{"type":"Feature","geometry":{"type":"Point","coordinates":[-75.018745,40.063601]},"properties":{"year":1960,"period":"1960","kind":"FHA"}},{"type":"Feature","geometry":{"type":"Point","coordinates":[-75.046263,40.074034]},"properties":{"year":1960,"period":"1960","kind":"FHA"}},{"type":"Feature","geometry":{"type":"Point","coordinates":[-75.105938,40.033279]},"properties":{"year":1960,"period":"1960","kind":"FHA"}},{"type":"Feature","geometry":{"type":"Point","coordinates":[-75.151715,40.000412]},"properties":{"year":1960,"period":"1960","kind":"FHA"}},{"type":"Feature","geometry":{"type":"Point","coordinates":[-74.970961,40.080798]},"properties":{"year":1960,"period":"1960","kind":"FHA"}},{"type":"Feature","geometry":{"type":"Point","coordinates":[-74.97105,40.080873]},"properties":{"year":1960,"period":"1960","kind":"FHA"}},{"type":"Feature","geometry":{"type":"Point","coordinates":[-74.971273,40.080163]},"properties":{"year":1960,"period":"1960","kind":"FHA"}},{"type":"Feature","geometry":{"type":"Point","coordinates":[-75.137199,40.00214]},"properties":{"year":1960,"period":"1960","kind":"FHA"}},{"type":"Feature","geometry":{"type":"Point","coordinates":[-75.186825,39.986191]},"properties":{"year":1960,"period":"1960","kind":"VA"}},{"type":"Feature","geometry":{"type":"Point","coordinates":[-75.148236,40.010282]},"properties":{"year":1960,"period":"1960","kind":"VA"}},{"type":"Feature","geometry":{"type":"Point","coordinates":[-75.058415,40.022621]},"properties":{"year":1960,"period":"1960","kind":"FHA"}},{"type":"Feature","geometry":{"type":"Point","coordinates":[-75.195695,39.929231]},"properties":{"year":1960,"period":"1960","kind":"FHA"}},{"type":"Feature","geometry":{"type":"Point","coordinates":[-75.234661,39.915453]},"properties":{"year":1960,"period":"1960","kind":"FHA"}},{"type":"Feature","geometry":{"type":"Point","coordinates":[-75.146009,39.989841]},"properties":{"year":1960,"period":"1960","kind":"FHA"}},{"type":"Feature","geometry":{"type":"Point","coordinates":[-75.168039,39.920041]},"properties":{"year":1960,"period":"1960","kind":"FHA"}},{"type":"Feature","geometry":{"type":"Point","coordinates":[-75.157854,40.066205]},"properties":{"year":1960,"period":"1960","kind":"FHA"}},{"type":"Feature","geometry":{"type":"Point","coordinates":[-75.142255,39.983679]},"properties":{"year":1960,"period":"1960","kind":"VA"}},{"type":"Feature","geometry":{"type":"Point","coordinates":[-75.078478,40.062588]},"properties":{"year":1960,"period":"1960","kind":"FHA"}},{"type":"Feature","geometry":{"type":"Point","coordinates":[-75.107263,40.046298]},"properties":{"year":1960,"period":"1960","kind":"FHA"}},{"type":"Feature","geometry":{"type":"Point","coordinates":[-75.144392,40.054827]},"properties":{"year":1960,"period":"1960","kind":"FHA"}},{"type":"Feature","geometry":{"type":"Point","coordinates":[-74.994375,40.122134]},"properties":{"year":1960,"period":"1960","kind":"FHA"}},{"type":"Feature","geometry":{"type":"Point","coordinates":[-75.05456,40.029418]},"properties":{"year":1960,"period":"1960","kind":"FHA"}},{"type":"Feature","geometry":{"type":"Point","coordinates":[-75.05019,40.037874]},"properties":{"year":1960,"period":"1960","kind":"FHA"}},{"type":"Feature","geometry":{"type":"Point","coordinates":[-75.245858,39.955026]},"properties":{"year":1960,"period":"1960","kind":"FHA"}},{"type":"Feature","geometry":{"type":"Point","coordinates":[-75.217553,39.940098]},"properties":{"year":1960,"period":"1960","kind":"VA"}},{"type":"Feature","geometry":{"type":"Point","coordinates":[-75.183416,40.060265]},"properties":{"year":1960,"period":"1960","kind":"FHA"}},{"type":"Feature","geometry":{"type":"Point","coordinates":[-75.154761,40.043914]},"properties":{"year":1960,"period":"1960","kind":"VA"}},{"type":"Feature","geometry":{"type":"Point","coordinates":[-75.152678,39.928416]},"properties":{"year":1960,"period":"1960","kind":"FHA"}},{"type":"Feature","geometry":{"type":"Point","coordinates":[-75.132244,39.988737]},"properties":{"year":1960,"period":"1960","kind":"VA"}},{"type":"Feature","geometry":{"type":"Point","coordinates":[-75.03193,40.03383]},"properties":{"year":1960,"period":"1960","kind":"FHA"}},{"type":"Feature","geometry":{"type":"Point","coordinates":[-75.150399,40.01817]},"properties":{"year":1960,"period":"1960","kind":"FHA"}},{"type":"Feature","geometry":{"type":"Point","coordinates":[-74.985747,40.071289]},"properties":{"year":1960,"period":"1960","kind":"FHA"}},{"type":"Feature","geometry":{"type":"Point","coordinates":[-75.205569,39.974541]},"properties":{"year":1960,"period":"1960","kind":"FHA"}},{"type":"Feature","geometry":{"type":"Point","coordinates":[-74.988434,40.068992]},"properties":{"year":1960,"period":"1960","kind":"FHA"}},{"type":"Feature","geometry":{"type":"Point","coordinates":[-75.183369,40.061987]},"properties":{"year":1960,"period":"1960","kind":"FHA"}},{"type":"Feature","geometry":{"type":"Point","coordinates":[-75.240411,39.97837]},"properties":{"year":1960,"period":"1960","kind":"FHA"}},{"type":"Feature","geometry":{"type":"Point","coordinates":[-75.23509,39.913934]},"properties":{"year":1960,"period":"1960","kind":"FHA"}},{"type":"Feature","geometry":{"type":"Point","coordinates":[-75.242421,39.977519]},"properties":{"year":1960,"period":"1960","kind":"FHA"}},{"type":"Feature","geometry":{"type":"Point","coordinates":[-75.044052,40.035095]},"properties":{"year":1960,"period":"1960","kind":"FHA"}},{"type":"Feature","geometry":{"type":"Point","coordinates":[-75.064784,40.029404]},"properties":{"year":1960,"period":"1960","kind":"FHA"}},{"type":"Feature","geometry":{"type":"Point","coordinates":[-75.236039,39.95138]},"properties":{"year":1960,"period":"1960","kind":"VA"}},{"type":"Feature","geometry":{"type":"Point","coordinates":[-75.175798,39.996336]},"properties":{"year":1960,"period":"1960","kind":"VA"}},{"type":"Feature","geometry":{"type":"Point","coordinates":[-75.243457,39.976409]},"properties":{"year":1960,"period":"1960","kind":"VA"}},{"type":"Feature","geometry":{"type":"Point","coordinates":[-75.220908,39.946195]},"properties":{"year":1960,"period":"1960","kind":"FHA"}},{"type":"Feature","geometry":{"type":"Point","coordinates":[-75.229488,39.940052]},"properties":{"year":1960,"period":"1960","kind":"FHA"}},{"type":"Feature","geometry":{"type":"Point","coordinates":[-75.183662,39.978033]},"properties":{"year":1960,"period":"1960","kind":"FHA"}},{"type":"Feature","geometry":{"type":"Point","coordinates":[-75.180942,39.99477]},"properties":{"year":1960,"period":"1960","kind":"VA"}},{"type":"Feature","geometry":{"type":"Point","coordinates":[-75.207843,40.024524]},"properties":{"year":1960,"period":"1960","kind":"FHA"}},{"type":"Feature","geometry":{"type":"Point","coordinates":[-75.058092,40.042657]},"properties":{"year":1960,"period":"1960","kind":"FHA"}},{"type":"Feature","geometry":{"type":"Point","coordinates":[-75.097036,40.050083]},"properties":{"year":1960,"period":"1960","kind":"FHA"}},{"type":"Feature","geometry":{"type":"Point","coordinates":[-75.034345,40.055515]},"properties":{"year":1960,"period":"1960","kind":"FHA"}},{"type":"Feature","geometry":{"type":"Point","coordinates":[-75.236853,39.977853]},"properties":{"year":1960,"period":"1960","kind":"FHA"}},{"type":"Feature","geometry":{"type":"Point","coordinates":[-75.19179,39.933496]},"properties":{"year":1960,"period":"1960","kind":"FHA"}},{"type":"Feature","geometry":{"type":"Point","coordinates":[-75.240048,39.981001]},"properties":{"year":1960,"period":"1960","kind":"VA"}},{"type":"Feature","geometry":{"type":"Point","coordinates":[-75.231082,39.951214]},"properties":{"year":1960,"period":"1960","kind":"FHA"}},{"type":"Feature","geometry":{"type":"Point","coordinates":[-75.244458,39.961139]},"properties":{"year":1960,"period":"1960","kind":"VA"}},{"type":"Feature","geometry":{"type":"Point","coordinates":[-75.148149,40.044718]},"properties":{"year":1960,"period":"1960","kind":"FHA"}},{"type":"Feature","geometry":{"type":"Point","coordinates":[-75.227146,39.953291]},"properties":{"year":1960,"period":"1960","kind":"FHA"}},{"type":"Feature","geometry":{"type":"Point","coordinates":[-75.230767,39.987175]},"properties":{"year":1960,"period":"1960","kind":"FHA"}},{"type":"Feature","geometry":{"type":"Point","coordinates":[-75.099287,39.997933]},"properties":{"year":1960,"period":"1960","kind":"VA"}},{"type":"Feature","geometry":{"type":"Point","coordinates":[-75.079314,40.035249]},"properties":{"year":1960,"period":"1960","kind":"FHA"}},{"type":"Feature","geometry":{"type":"Point","coordinates":[-75.246164,39.95188]},"properties":{"year":1960,"period":"1960","kind":"FHA"}},{"type":"Feature","geometry":{"type":"Point","coordinates":[-75.226473,39.934575]},"properties":{"year":1960,"period":"1960","kind":"FHA"}},{"type":"Feature","geometry":{"type":"Point","coordinates":[-75.247227,39.949363]},"properties":{"year":1960,"period":"1960","kind":"FHA"}},{"type":"Feature","geometry":{"type":"Point","coordinates":[-75.182812,39.937027]},"properties":{"year":1960,"period":"1960","kind":"VA"}},{"type":"Feature","geometry":{"type":"Point","coordinates":[-75.180184,39.930313]},"properties":{"year":1960,"period":"1960","kind":"VA"}},{"type":"Feature","geometry":{"type":"Point","coordinates":[-75.159447,40.052332]},"properties":{"year":1960,"period":"1960","kind":"FHA"}},{"type":"Feature","geometry":{"type":"Point","coordinates":[-75.182867,40.052136]},"properties":{"year":1960,"period":"1960","kind":"FHA"}},{"type":"Feature","geometry":{"type":"Point","coordinates":[-75.179712,40.043929]},"properties":{"year":1960,"period":"1960","kind":"FHA"}},{"type":"Feature","geometry":{"type":"Point","coordinates":[-75.187471,40.011718]},"properties":{"year":1960,"period":"1960","kind":"FHA"}},{"type":"Feature","geometry":{"type":"Point","coordinates":[-75.151842,39.992632]},"properties":{"year":1960,"period":"1960","kind":"FHA"}},{"type":"Feature","geometry":{"type":"Point","coordinates":[-75.147871,40.04955]},"properties":{"year":1960,"period":"1960","kind":"FHA"}},{"type":"Feature","geometry":{"type":"Point","coordinates":[-75.070502,40.01512]},"properties":{"year":1960,"period":"1960","kind":"FHA"}},{"type":"Feature","geometry":{"type":"Point","coordinates":[-74.975155,40.074834]},"properties":{"year":1960,"period":"1960","kind":"FHA"}},{"type":"Feature","geometry":{"type":"Point","coordinates":[-74.975341,40.074598]},"properties":{"year":1960,"period":"1960","kind":"FHA"}},{"type":"Feature","geometry":{"type":"Point","coordinates":[-74.97525,40.07472]},"properties":{"year":1960,"period":"1960","kind":"FHA"}},{"type":"Feature","geometry":{"type":"Point","coordinates":[-75.231012,39.951452]},"properties":{"year":1960,"period":"1960","kind":"VA"}},{"type":"Feature","geometry":{"type":"Point","coordinates":[-75.087797,40.050246]},"properties":{"year":1960,"period":"1960","kind":"FHA"}},{"type":"Feature","geometry":{"type":"Point","coordinates":[-75.240282,39.957758]},"properties":{"year":1960,"period":"1960","kind":"FHA"}},{"type":"Feature","geometry":{"type":"Point","coordinates":[-75.236121,39.959342]},"properties":{"year":1960,"period":"1960","kind":"VA"}},{"type":"Feature","geometry":{"type":"Point","coordinates":[-75.103262,39.99827]},"properties":{"year":1960,"period":"1960","kind":"FHA"}},{"type":"Feature","geometry":{"type":"Point","coordinates":[-75.124163,40.003828]},"properties":{"year":1960,"period":"1960","kind":"FHA"}},{"type":"Feature","geometry":{"type":"Point","coordinates":[-75.053745,40.029099]},"properties":{"year":1960,"period":"1960","kind":"FHA"}},{"type":"Feature","geometry":{"type":"Point","coordinates":[-75.168052,39.994384]},"properties":{"year":1960,"period":"1960","kind":"FHA"}},{"type":"Feature","geometry":{"type":"Point","coordinates":[-75.139184,40.015949]},"properties":{"year":1960,"period":"1960","kind":"FHA"}},{"type":"Feature","geometry":{"type":"Point","coordinates":[-75.081753,40.033655]},"properties":{"year":1960,"period":"1960","kind":"FHA"}},{"type":"Feature","geometry":{"type":"Point","coordinates":[-75.171083,39.985713]},"properties":{"year":1960,"period":"1960","kind":"FHA"}},{"type":"Feature","geometry":{"type":"Point","coordinates":[-75.177869,39.996226]},"properties":{"year":1960,"period":"1960","kind":"FHA"}},{"type":"Feature","geometry":{"type":"Point","coordinates":[-75.181503,40.051964]},"properties":{"year":1960,"period":"1960","kind":"FHA"}},{"type":"Feature","geometry":{"type":"Point","coordinates":[-75.160309,39.992176]},"properties":{"year":1960,"period":"1960","kind":"VA"}},{"type":"Feature","geometry":{"type":"Point","coordinates":[-75.174411,39.997093]},"properties":{"year":1960,"period":"1960","kind":"VA"}},{"type":"Feature","geometry":{"type":"Point","coordinates":[-75.154619,40.050474]},"properties":{"year":1960,"period":"1960","kind":"FHA"}},{"type":"Feature","geometry":{"type":"Point","coordinates":[-75.147967,40.041008]},"properties":{"year":1960,"period":"1960","kind":"FHA"}},{"type":"Feature","geometry":{"type":"Point","coordinates":[-75.177153,39.912306]},"properties":{"year":1960,"period":"1960","kind":"FHA"}},{"type":"Feature","geometry":{"type":"Point","coordinates":[-75.177171,39.912203]},"properties":{"year":1960,"period":"1960","kind":"FHA"}},{"type":"Feature","geometry":{"type":"Point","coordinates":[-75.176605,39.930285]},"properties":{"year":1960,"period":"1960","kind":"FHA"}},{"type":"Feature","geometry":{"type":"Point","coordinates":[-75.130165,39.997855]},"properties":{"year":1960,"period":"1960","kind":"FHA"}},{"type":"Feature","geometry":{"type":"Point","coordinates":[-75.016709,40.059608]},"properties":{"year":1960,"period":"1960","kind":"FHA"}},{"type":"Feature","geometry":{"type":"Point","coordinates":[-74.975198,40.074775]},"properties":{"year":1960,"period":"1960","kind":"FHA"}},{"type":"Feature","geometry":{"type":"Point","coordinates":[-75.17755,40.07711]},"properties":{"year":1960,"period":"1960","kind":"FHA"}},{"type":"Feature","geometry":{"type":"Point","coordinates":[-75.058322,40.090883]},"properties":{"year":1960,"period":"1960","kind":"FHA"}},{"type":"Feature","geometry":{"type":"Point","coordinates":[-75.101025,40.043077]},"properties":{"year":1960,"period":"1960","kind":"FHA"}},{"type":"Feature","geometry":{"type":"Point","coordinates":[-75.231564,39.951729]},"properties":{"year":1960,"period":"1960","kind":"VA"}},{"type":"Feature","geometry":{"type":"Point","coordinates":[-75.145034,40.064408]},"properties":{"year":1960,"period":"1960","kind":"FHA"}},{"type":"Feature","geometry":{"type":"Point","coordinates":[-75.214327,39.953748]},"properties":{"year":1960,"period":"1960","kind":"FHA"}},{"type":"Feature","geometry":{"type":"Point","coordinates":[-75.164093,39.99898]},"properties":{"year":1960,"period":"1960","kind":"FHA"}},{"type":"Feature","geometry":{"type":"Point","coordinates":[-75.162406,39.996423]},"properties":{"year":1960,"period":"1960","kind":"FHA"}},{"type":"Feature","geometry":{"type":"Point","coordinates":[-75.157194,40.050739]},"properties":{"year":1960,"period":"1960","kind":"FHA"}},{"type":"Feature","geometry":{"type":"Point","coordinates":[-75.198079,40.04533]},"properties":{"year":1960,"period":"1960","kind":"FHA"}},{"type":"Feature","geometry":{"type":"Point","coordinates":[-75.249378,39.948357]},"properties":{"year":1960,"period":"1960","kind":"FHA"}},{"type":"Feature","geometry":{"type":"Point","coordinates":[-75.243457,39.943805]},"properties":{"year":1960,"period":"1960","kind":"VA"}},{"type":"Feature","geometry":{"type":"Point","coordinates":[-75.147287,40.048649]},"properties":{"year":1960,"period":"1960","kind":"VA"}},{"type":"Feature","geometry":{"type":"Point","coordinates":[-75.246059,39.955979]},"properties":{"year":1960,"period":"1960","kind":"FHA"}},{"type":"Feature","geometry":{"type":"Point","coordinates":[-75.056996,40.019426]},"properties":{"year":1960,"period":"1960","kind":"FHA"}},{"type":"Feature","geometry":{"type":"Point","coordinates":[-75.237951,39.979684]},"properties":{"year":1960,"period":"1960","kind":"FHA"}},{"type":"Feature","geometry":{"type":"Point","coordinates":[-75.223122,39.955892]},"properties":{"year":1960,"period":"1960","kind":"FHA"}},{"type":"Feature","geometry":{"type":"Point","coordinates":[-75.23662,39.94951]},"properties":{"year":1960,"period":"1960","kind":"VA"}},{"type":"Feature","geometry":{"type":"Point","coordinates":[-75.242917,39.963566]},"properties":{"year":1960,"period":"1960","kind":"VA"}},{"type":"Feature","geometry":{"type":"Point","coordinates":[-75.243578,39.950067]},"properties":{"year":1960,"period":"1960","kind":"FHA"}},{"type":"Feature","geometry":{"type":"Point","coordinates":[-75.228952,39.948284]},"properties":{"year":1960,"period":"1960","kind":"FHA"}},{"type":"Feature","geometry":{"type":"Point","coordinates":[-75.238962,39.950044]},"properties":{"year":1960,"period":"1960","kind":"FHA"}},{"type":"Feature","geometry":{"type":"Point","coordinates":[-75.216151,39.945584]},"properties":{"year":1960,"period":"1960","kind":"FHA"}},{"type":"Feature","geometry":{"type":"Point","coordinates":[-75.145358,39.990583]},"properties":{"year":1960,"period":"1960","kind":"FHA"}},{"type":"Feature","geometry":{"type":"Point","coordinates":[-75.021988,40.109739]},"properties":{"year":1960,"period":"1960","kind":"FHA"}},{"type":"Feature","geometry":{"type":"Point","coordinates":[-75.224066,40.034055]},"properties":{"year":1960,"period":"1960","kind":"FHA"}},{"type":"Feature","geometry":{"type":"Point","coordinates":[-75.090963,40.031899]},"properties":{"year":1960,"period":"1960","kind":"FHA"}},{"type":"Feature","geometry":{"type":"Point","coordinates":[-75.231947,39.950864]},"properties":{"year":1960,"period":"1960","kind":"FHA"}},{"type":"Feature","geometry":{"type":"Point","coordinates":[-75.244126,39.948495]},"properties":{"year":1960,"period":"1960","kind":"FHA"}},{"type":"Feature","geometry":{"type":"Point","coordinates":[-75.154738,40.047169]},"properties":{"year":1960,"period":"1960","kind":"FHA"}},{"type":"Feature","geometry":{"type":"Point","coordinates":[-75.142196,39.973295]},"properties":{"year":1960,"period":"1960","kind":"FHA"}},{"type":"Feature","geometry":{"type":"Point","coordinates":[-74.988599,40.068237]},"properties":{"year":1960,"period":"1960","kind":"FHA"}},{"type":"Feature","geometry":{"type":"Point","coordinates":[-75.213436,39.954063]},"properties":{"year":1960,"period":"1960","kind":"FHA"}},{"type":"Feature","geometry":{"type":"Point","coordinates":[-75.09072,40.010201]},"properties":{"year":1960,"period":"1960","kind":"FHA"}},{"type":"Feature","geometry":{"type":"Point","coordinates":[-75.099879,39.998607]},"properties":{"year":1960,"period":"1960","kind":"FHA"}},{"type":"Feature","geometry":{"type":"Point","coordinates":[-75.005189,40.065828]},"properties":{"year":1960,"period":"1960","kind":"FHA"}},{"type":"Feature","geometry":{"type":"Point","coordinates":[-75.154619,40.051662]},"properties":{"year":1960,"period":"1960","kind":"VA"}},{"type":"Feature","geometry":{"type":"Point","coordinates":[-75.150607,40.000697]},"properties":{"year":1960,"period":"1960","kind":"FHA"}},{"type":"Feature","geometry":{"type":"Point","coordinates":[-75.138039,39.996745]},"properties":{"year":1960,"period":"1960","kind":"FHA"}},{"type":"Feature","geometry":{"type":"Point","coordinates":[-75.127911,40.00097]},"properties":{"year":1960,"period":"1960","kind":"FHA"}},{"type":"Feature","geometry":{"type":"Point","coordinates":[-75.052506,40.032882]},"properties":{"year":1960,"period":"1960","kind":"FHA"}},{"type":"Feature","geometry":{"type":"Point","coordinates":[-75.23675,39.978491]},"properties":{"year":1960,"period":"1960","kind":"FHA"}},{"type":"Feature","geometry":{"type":"Point","coordinates":[-75.227374,39.950759]},"properties":{"year":1960,"period":"1960","kind":"VA"}},{"type":"Feature","geometry":{"type":"Point","coordinates":[-75.239536,39.951159]},"properties":{"year":1960,"period":"1960","kind":"VA"}},{"type":"Feature","geometry":{"type":"Point","coordinates":[-75.239823,39.944502]},"properties":{"year":1960,"period":"1960","kind":"VA"}},{"type":"Feature","geometry":{"type":"Point","coordinates":[-75.227357,39.945]},"properties":{"year":1960,"period":"1960","kind":"VA"}},{"type":"Feature","geometry":{"type":"Point","coordinates":[-75.242711,39.925061]},"properties":{"year":1960,"period":"1960","kind":"FHA"}},{"type":"Feature","geometry":{"type":"Point","coordinates":[-75.0546,40.029715]},"properties":{"year":1960,"period":"1960","kind":"FHA"}},{"type":"Feature","geometry":{"type":"Point","coordinates":[-74.988588,40.068286]},"properties":{"year":1960,"period":"1960","kind":"FHA"}},{"type":"Feature","geometry":{"type":"Point","coordinates":[-75.178443,39.995253]},"properties":{"year":1960,"period":"1960","kind":"VA"}},{"type":"Feature","geometry":{"type":"Point","coordinates":[-75.269762,39.977663]},"properties":{"year":1960,"period":"1960","kind":"FHA"}},{"type":"Feature","geometry":{"type":"Point","coordinates":[-75.226989,39.964602]},"properties":{"year":1960,"period":"1960","kind":"FHA"}},{"type":"Feature","geometry":{"type":"Point","coordinates":[-75.158282,40.049022]},"properties":{"year":1960,"period":"1960","kind":"FHA"}},{"type":"Feature","geometry":{"type":"Point","coordinates":[-75.156184,40.05033]},"properties":{"year":1960,"period":"1960","kind":"FHA"}},{"type":"Feature","geometry":{"type":"Point","coordinates":[-75.15082,40.048518]},"properties":{"year":1960,"period":"1960","kind":"FHA"}},{"type":"Feature","geometry":{"type":"Point","coordinates":[-75.223106,39.96615]},"properties":{"year":1960,"period":"1960","kind":"VA"}},{"type":"Feature","geometry":{"type":"Point","coordinates":[-75.148236,40.066249]},"properties":{"year":1960,"period":"1960","kind":"FHA"}},{"type":"Feature","geometry":{"type":"Point","coordinates":[-75.149258,40.064968]},"properties":{"year":1960,"period":"1960","kind":"FHA"}},{"type":"Feature","geometry":{"type":"Point","coordinates":[-75.177266,39.91177]},"properties":{"year":1960,"period":"1960","kind":"VA"}},{"type":"Feature","geometry":{"type":"Point","coordinates":[-75.177303,39.911595]},"properties":{"year":1960,"period":"1960","kind":"FHA"}},{"type":"Feature","geometry":{"type":"Point","coordinates":[-75.116093,40.01871]},"properties":{"year":1960,"period":"1960","kind":"FHA"}},{"type":"Feature","geometry":{"type":"Point","coordinates":[-75.148892,40.045436]},"properties":{"year":1960,"period":"1960","kind":"FHA"}},{"type":"Feature","geometry":{"type":"Point","coordinates":[-75.149321,40.050343]},"properties":{"year":1960,"period":"1960","kind":"FHA"}},{"type":"Feature","geometry":{"type":"Point","coordinates":[-75.101428,40.039198]},"properties":{"year":1960,"period":"1960","kind":"FHA"}},{"type":"Feature","geometry":{"type":"Point","coordinates":[-75.03849,40.03239]},"properties":{"year":1960,"period":"1960","kind":"FHA"}},{"type":"Feature","geometry":{"type":"Point","coordinates":[-75.031819,40.03631]},"properties":{"year":1960,"period":"1960","kind":"FHA"}},{"type":"Feature","geometry":{"type":"Point","coordinates":[-75.083059,40.022814]},"properties":{"year":1960,"period":"1960","kind":"FHA"}},{"type":"Feature","geometry":{"type":"Point","coordinates":[-75.215919,39.934935]},"properties":{"year":1960,"period":"1960","kind":"VA"}},{"type":"Feature","geometry":{"type":"Point","coordinates":[-75.228825,39.953133]},"properties":{"year":1960,"period":"1960","kind":"VA"}},{"type":"Feature","geometry":{"type":"Point","coordinates":[-75.176632,40.047687]},"properties":{"year":1960,"period":"1960","kind":"FHA"}},{"type":"Feature","geometry":{"type":"Point","coordinates":[-75.191982,40.057203]},"properties":{"year":1960,"period":"1960","kind":"FHA"}},{"type":"Feature","geometry":{"type":"Point","coordinates":[-75.035408,40.032586]},"properties":{"year":1960,"period":"1960","kind":"FHA"}},{"type":"Feature","geometry":{"type":"Point","coordinates":[-75.022616,40.059864]},"properties":{"year":1960,"period":"1960","kind":"FHA"}},{"type":"Feature","geometry":{"type":"Point","coordinates":[-75.021689,40.060742]},"properties":{"year":1960,"period":"1960","kind":"FHA"}},{"type":"Feature","geometry":{"type":"Point","coordinates":[-75.096034,39.991607]},"properties":{"year":1960,"period":"1960","kind":"FHA"}},{"type":"Feature","geometry":{"type":"Point","coordinates":[-75.138148,40.024054]},"properties":{"year":1960,"period":"1960","kind":"FHA"}},{"type":"Feature","geometry":{"type":"Point","coordinates":[-74.975103,40.074897]},"properties":{"year":1960,"period":"1960","kind":"FHA"}},{"type":"Feature","geometry":{"type":"Point","coordinates":[-74.966199,40.091738]},"properties":{"year":1960,"period":"1960","kind":"FHA"}},{"type":"Feature","geometry":{"type":"Point","coordinates":[-74.966711,40.092286]},"properties":{"year":1960,"period":"1960","kind":"FHA"}},{"type":"Feature","geometry":{"type":"Point","coordinates":[-75.077479,40.044727]},"properties":{"year":1960,"period":"1960","kind":"FHA"}},{"type":"Feature","geometry":{"type":"Point","coordinates":[-75.177765,39.995985]},"properties":{"year":1960,"period":"1960","kind":"FHA"}},{"type":"Feature","geometry":{"type":"Point","coordinates":[-75.171103,39.970124]},"properties":{"year":1960,"period":"1960","kind":"FHA"}},{"type":"Feature","geometry":{"type":"Point","coordinates":[-75.230345,39.949141]},"properties":{"year":1960,"period":"1960","kind":"VA"}},{"type":"Feature","geometry":{"type":"Point","coordinates":[-75.242545,39.972602]},"properties":{"year":1960,"period":"1960","kind":"VA"}},{"type":"Feature","geometry":{"type":"Point","coordinates":[-75.089293,40.008477]},"properties":{"year":1960,"period":"1960","kind":"FHA"}},{"type":"Feature","geometry":{"type":"Point","coordinates":[-75.115816,39.989143]},"properties":{"year":1960,"period":"1960","kind":"FHA"}},{"type":"Feature","geometry":{"type":"Point","coordinates":[-75.18168,39.997343]},"properties":{"year":1960,"period":"1960","kind":"VA"}},{"type":"Feature","geometry":{"type":"Point","coordinates":[-75.163735,40.006854]},"properties":{"year":1960,"period":"1960","kind":"VA"}},{"type":"Feature","geometry":{"type":"Point","coordinates":[-75.15971,40.010947]},"properties":{"year":1960,"period":"1960","kind":"FHA"}},{"type":"Feature","geometry":{"type":"Point","coordinates":[-75.163092,39.99777]},"properties":{"year":1960,"period":"1960","kind":"VA"}},{"type":"Feature","geometry":{"type":"Point","coordinates":[-75.139066,40.011639]},"properties":{"year":1960,"period":"1960","kind":"FHA"}},{"type":"Feature","geometry":{"type":"Point","coordinates":[-75.1548978973637,40.0102937557688]},"properties":{"year":1960,"period":"1960","kind":"FHA"}},{"type":"Feature","geometry":{"type":"Point","coordinates":[-75.051832,40.030709]},"properties":{"year":1960,"period":"1960","kind":"FHA"}},{"type":"Feature","geometry":{"type":"Point","coordinates":[-75.247012,39.955918]},"properties":{"year":1960,"period":"1960","kind":"FHA"}},{"type":"Feature","geometry":{"type":"Point","coordinates":[-75.142651,39.954308]},"properties":{"year":1960,"period":"1960","kind":"FHA"}},{"type":"Feature","geometry":{"type":"Point","coordinates":[-75.145756,39.958569]},"properties":{"year":1960,"period":"1960","kind":"FHA"}},{"type":"Feature","geometry":{"type":"Point","coordinates":[-75.230954,39.968089]},"properties":{"year":1960,"period":"1960","kind":"FHA"}},{"type":"Feature","geometry":{"type":"Point","coordinates":[-75.183514,40.060139]},"properties":{"year":1960,"period":"1960","kind":"FHA"}},{"type":"Feature","geometry":{"type":"Point","coordinates":[-75.00346,40.064867]},"properties":{"year":1960,"period":"1960","kind":"FHA"}},{"type":"Feature","geometry":{"type":"Point","coordinates":[-74.978558,40.084212]},"properties":{"year":1960,"period":"1960","kind":"FHA"}},{"type":"Feature","geometry":{"type":"Point","coordinates":[-75.057345,40.01783]},"properties":{"year":1960,"period":"1960","kind":"FHA"}},{"type":"Feature","geometry":{"type":"Point","coordinates":[-75.108161,40.026719]},"properties":{"year":1960,"period":"1960","kind":"FHA"}},{"type":"Feature","geometry":{"type":"Point","coordinates":[-75.165332,39.980831]},"properties":{"year":1960,"period":"1960","kind":"VA"}},{"type":"Feature","geometry":{"type":"Point","coordinates":[-75.145513,39.989771]},"properties":{"year":1960,"period":"1960","kind":"FHA"}},{"type":"Feature","geometry":{"type":"Point","coordinates":[-75.14522,39.990019]},"properties":{"year":1960,"period":"1960","kind":"FHA"}},{"type":"Feature","geometry":{"type":"Point","coordinates":[-75.095486,39.989546]},"properties":{"year":1960,"period":"1960","kind":"FHA"}},{"type":"Feature","geometry":{"type":"Point","coordinates":[-75.089035,40.007818]},"properties":{"year":1960,"period":"1960","kind":"FHA"}},{"type":"Feature","geometry":{"type":"Point","coordinates":[-75.100807,39.99847]},"properties":{"year":1960,"period":"1960","kind":"FHA"}},{"type":"Feature","geometry":{"type":"Point","coordinates":[-75.112595,39.999548]},"properties":{"year":1960,"period":"1960","kind":"FHA"}},{"type":"Feature","geometry":{"type":"Point","coordinates":[-75.070472,40.015312]},"properties":{"year":1960,"period":"1960","kind":"FHA"}},{"type":"Feature","geometry":{"type":"Point","coordinates":[-75.099596,39.998285]},"properties":{"year":1960,"period":"1960","kind":"FHA"}},{"type":"Feature","geometry":{"type":"Point","coordinates":[-75.146653,39.990257]},"properties":{"year":1960,"period":"1960","kind":"FHA"}},{"type":"Feature","geometry":{"type":"Point","coordinates":[-75.128067,39.995732]},"properties":{"year":1960,"period":"1960","kind":"VA"}},{"type":"Feature","geometry":{"type":"Point","coordinates":[-75.156466,40.010453]},"properties":{"year":1960,"period":"1960","kind":"VA"}},{"type":"Feature","geometry":{"type":"Point","coordinates":[-75.237279,39.951105]},"properties":{"year":1960,"period":"1960","kind":"FHA"}},{"type":"Feature","geometry":{"type":"Point","coordinates":[-75.175569,40.055669]},"properties":{"year":1960,"period":"1960","kind":"FHA"}},{"type":"Feature","geometry":{"type":"Point","coordinates":[-75.022736,40.110002]},"properties":{"year":1960,"period":"1960","kind":"FHA"}},{"type":"Feature","geometry":{"type":"Point","coordinates":[-75.023522,40.110313]},"properties":{"year":1960,"period":"1960","kind":"FHA"}},{"type":"Feature","geometry":{"type":"Point","coordinates":[-75.023413,40.110268]},"properties":{"year":1960,"period":"1960","kind":"FHA"}},{"type":"Feature","geometry":{"type":"Point","coordinates":[-75.023301,40.110225]},"properties":{"year":1960,"period":"1960","kind":"FHA"}},{"type":"Feature","geometry":{"type":"Point","coordinates":[-75.023184,40.110181]},"properties":{"year":1960,"period":"1960","kind":"FHA"}},{"type":"Feature","geometry":{"type":"Point","coordinates":[-75.02285,40.110055]},"properties":{"year":1960,"period":"1960","kind":"FHA"}},{"type":"Feature","geometry":{"type":"Point","coordinates":[-75.02262,40.109946]},"properties":{"year":1960,"period":"1960","kind":"FHA"}},{"type":"Feature","geometry":{"type":"Point","coordinates":[-75.022502,40.109888]},"properties":{"year":1960,"period":"1960","kind":"FHA"}},{"type":"Feature","geometry":{"type":"Point","coordinates":[-75.241293,39.979063]},"properties":{"year":1960,"period":"1960","kind":"FHA"}},{"type":"Feature","geometry":{"type":"Point","coordinates":[-75.241817,39.982279]},"properties":{"year":1960,"period":"1960","kind":"VA"}},{"type":"Feature","geometry":{"type":"Point","coordinates":[-75.255171,39.981007]},"properties":{"year":1960,"period":"1960","kind":"FHA"}},{"type":"Feature","geometry":{"type":"Point","coordinates":[-75.144778,39.981303]},"properties":{"year":1960,"period":"1960","kind":"VA"}},{"type":"Feature","geometry":{"type":"Point","coordinates":[-75.12205,39.995838]},"properties":{"year":1960,"period":"1960","kind":"FHA"}},{"type":"Feature","geometry":{"type":"Point","coordinates":[-75.03485,40.038461]},"properties":{"year":1960,"period":"1960","kind":"FHA"}},{"type":"Feature","geometry":{"type":"Point","coordinates":[-75.003312,40.064786]},"properties":{"year":1960,"period":"1960","kind":"FHA"}},{"type":"Feature","geometry":{"type":"Point","coordinates":[-74.971144,40.080953]},"properties":{"year":1960,"period":"1960","kind":"FHA"}},{"type":"Feature","geometry":{"type":"Point","coordinates":[-74.978539,40.090326]},"properties":{"year":1960,"period":"1960","kind":"FHA"}},{"type":"Feature","geometry":{"type":"Point","coordinates":[-74.978246,40.090643]},"properties":{"year":1960,"period":"1960","kind":"FHA"}},{"type":"Feature","geometry":{"type":"Point","coordinates":[-74.978641,40.090249]},"properties":{"year":1960,"period":"1960","kind":"FHA"}},{"type":"Feature","geometry":{"type":"Point","coordinates":[-75.182188,39.996591]},"properties":{"year":1960,"period":"1960","kind":"VA"}},{"type":"Feature","geometry":{"type":"Point","coordinates":[-75.190232,40.01426]},"properties":{"year":1960,"period":"1960","kind":"FHA"}},{"type":"Feature","geometry":{"type":"Point","coordinates":[-75.233131,39.950795]},"properties":{"year":1960,"period":"1960","kind":"FHA"}},{"type":"Feature","geometry":{"type":"Point","coordinates":[-75.243921,39.953616]},"properties":{"year":1960,"period":"1960","kind":"FHA"}},{"type":"Feature","geometry":{"type":"Point","coordinates":[-75.234807,39.949358]},"properties":{"year":1960,"period":"1960","kind":"FHA"}},{"type":"Feature","geometry":{"type":"Point","coordinates":[-75.094881,40.007957]},"properties":{"year":1960,"period":"1960","kind":"FHA"}},{"type":"Feature","geometry":{"type":"Point","coordinates":[-75.121786,39.99809]},"properties":{"year":1960,"period":"1960","kind":"FHA"}},{"type":"Feature","geometry":{"type":"Point","coordinates":[-75.152131,39.928336]},"properties":{"year":1960,"period":"1960","kind":"VA"}},{"type":"Feature","geometry":{"type":"Point","coordinates":[-75.159483,40.004211]},"properties":{"year":1960,"period":"1960","kind":"VA"}},{"type":"Feature","geometry":{"type":"Point","coordinates":[-75.160005,40.012252]},"properties":{"year":1960,"period":"1960","kind":"FHA"}},{"type":"Feature","geometry":{"type":"Point","coordinates":[-75.144453,39.991851]},"properties":{"year":1960,"period":"1960","kind":"FHA"}},{"type":"Feature","geometry":{"type":"Point","coordinates":[-75.239696,39.919122]},"properties":{"year":1960,"period":"1960","kind":"FHA"}},{"type":"Feature","geometry":{"type":"Point","coordinates":[-75.148455,40.042185]},"properties":{"year":1960,"period":"1960","kind":"FHA"}},{"type":"Feature","geometry":{"type":"Point","coordinates":[-75.22717,39.948958]},"properties":{"year":1960,"period":"1960","kind":"FHA"}},{"type":"Feature","geometry":{"type":"Point","coordinates":[-75.24607,39.918312]},"properties":{"year":1960,"period":"1960","kind":"FHA"}},{"type":"Feature","geometry":{"type":"Point","coordinates":[-75.23475,39.989223]},"properties":{"year":1960,"period":"1960","kind":"FHA"}},{"type":"Feature","geometry":{"type":"Point","coordinates":[-75.227397,39.93572]},"properties":{"year":1960,"period":"1960","kind":"FHA"}},{"type":"Feature","geometry":{"type":"Point","coordinates":[-75.241921,39.94978]},"properties":{"year":1960,"period":"1960","kind":"FHA"}},{"type":"Feature","geometry":{"type":"Point","coordinates":[-75.186967,40.003169]},"properties":{"year":1960,"period":"1960","kind":"FHA"}},{"type":"Feature","geometry":{"type":"Point","coordinates":[-75.169462,40.074108]},"properties":{"year":1960,"period":"1960","kind":"FHA"}},{"type":"Feature","geometry":{"type":"Point","coordinates":[-75.140622,39.991298]},"properties":{"year":1960,"period":"1960","kind":"VA"}},{"type":"Feature","geometry":{"type":"Point","coordinates":[-75.146098,40.055985]},"properties":{"year":1960,"period":"1960","kind":"FHA"}},{"type":"Feature","geometry":{"type":"Point","coordinates":[-75.177238,39.9119]},"properties":{"year":1960,"period":"1960","kind":"FHA"}},{"type":"Feature","geometry":{"type":"Point","coordinates":[-75.177294,39.911639]},"properties":{"year":1960,"period":"1960","kind":"VA"}},{"type":"Feature","geometry":{"type":"Point","coordinates":[-75.177343,39.911407]},"properties":{"year":1960,"period":"1960","kind":"FHA"}},{"type":"Feature","geometry":{"type":"Point","coordinates":[-75.22594,39.950079]},"properties":{"year":1960,"period":"1960","kind":"FHA"}},{"type":"Feature","geometry":{"type":"Point","coordinates":[-75.145644,39.976592]},"properties":{"year":1960,"period":"1960","kind":"VA"}},{"type":"Feature","geometry":{"type":"Point","coordinates":[-75.244128,39.958788]},"properties":{"year":1960,"period":"1960","kind":"FHA"}},{"type":"Feature","geometry":{"type":"Point","coordinates":[-75.167358,40.034803]},"properties":{"year":1960,"period":"1960","kind":"FHA"}},{"type":"Feature","geometry":{"type":"Point","coordinates":[-75.148378,40.012052]},"properties":{"year":1960,"period":"1960","kind":"FHA"}},{"type":"Feature","geometry":{"type":"Point","coordinates":[-75.227822,39.956823]},"properties":{"year":1960,"period":"1960","kind":"FHA"}},{"type":"Feature","geometry":{"type":"Point","coordinates":[-75.037844,40.035976]},"properties":{"year":1960,"period":"1960","kind":"FHA"}},{"type":"Feature","geometry":{"type":"Point","coordinates":[-75.176312,40.054306]},"properties":{"year":1960,"period":"1960","kind":"VA"}},{"type":"Feature","geometry":{"type":"Point","coordinates":[-75.149992,39.991549]},"properties":{"year":1960,"period":"1960","kind":"VA"}},{"type":"Feature","geometry":{"type":"Point","coordinates":[-75.150047,39.991558]},"properties":{"year":1960,"period":"1960","kind":"VA"}},{"type":"Feature","geometry":{"type":"Point","coordinates":[-75.102586,40.039104]},"properties":{"year":1960,"period":"1960","kind":"FHA"}},{"type":"Feature","geometry":{"type":"Point","coordinates":[-75.125143,40.045413]},"properties":{"year":1960,"period":"1960","kind":"FHA"}},{"type":"Feature","geometry":{"type":"Point","coordinates":[-75.022379,40.10971]},"properties":{"year":1960,"period":"1960","kind":"FHA"}},{"type":"Feature","geometry":{"type":"Point","coordinates":[-75.022309,40.109516]},"properties":{"year":1960,"period":"1960","kind":"FHA"}},{"type":"Feature","geometry":{"type":"Point","coordinates":[-75.022961,40.110096]},"properties":{"year":1960,"period":"1960","kind":"FHA"}},{"type":"Feature","geometry":{"type":"Point","coordinates":[-75.022285,40.109416]},"properties":{"year":1960,"period":"1960","kind":"FHA"}},{"type":"Feature","geometry":{"type":"Point","coordinates":[-75.022254,40.108871]},"properties":{"year":1960,"period":"1960","kind":"FHA"}},{"type":"Feature","geometry":{"type":"Point","coordinates":[-75.021866,40.060534]},"properties":{"year":1960,"period":"1960","kind":"FHA"}},{"type":"Feature","geometry":{"type":"Point","coordinates":[-75.233,39.918166]},"properties":{"year":1960,"period":"1960","kind":"FHA"}},{"type":"Feature","geometry":{"type":"Point","coordinates":[-75.186447,40.047638]},"properties":{"year":1960,"period":"1960","kind":"VA"}},{"type":"Feature","geometry":{"type":"Point","coordinates":[-75.193283,40.057027]},"properties":{"year":1960,"period":"1960","kind":"FHA"}},{"type":"Feature","geometry":{"type":"Point","coordinates":[-74.980381,40.07522]},"properties":{"year":1960,"period":"1960","kind":"FHA"}},{"type":"Feature","geometry":{"type":"Point","coordinates":[-75.09428,39.991936]},"properties":{"year":1960,"period":"1960","kind":"FHA"}},{"type":"Feature","geometry":{"type":"Point","coordinates":[-75.172742,40.047511]},"properties":{"year":1960,"period":"1960","kind":"FHA"}},{"type":"Feature","geometry":{"type":"Point","coordinates":[-75.156899,40.044205]},"properties":{"year":1960,"period":"1960","kind":"FHA"}},{"type":"Feature","geometry":{"type":"Point","coordinates":[-75.149584,40.049117]},"properties":{"year":1960,"period":"1960","kind":"FHA"}},{"type":"Feature","geometry":{"type":"Point","coordinates":[-75.160375,40.070495]},"properties":{"year":1960,"period":"1960","kind":"FHA"}},{"type":"Feature","geometry":{"type":"Point","coordinates":[-75.168402,39.995944]},"properties":{"year":1960,"period":"1960","kind":"FHA"}},{"type":"Feature","geometry":{"type":"Point","coordinates":[-74.971511,40.080674]},"properties":{"year":1960,"period":"1960","kind":"FHA"}},{"type":"Feature","geometry":{"type":"Point","coordinates":[-75.165962,40.068384]},"properties":{"year":1960,"period":"1960","kind":"FHA"}},{"type":"Feature","geometry":{"type":"Point","coordinates":[-75.237587,39.949608]},"properties":{"year":1960,"period":"1960","kind":"FHA"}},{"type":"Feature","geometry":{"type":"Point","coordinates":[-75.131679,39.99138]},"properties":{"year":1960,"period":"1960","kind":"VA"}},{"type":"Feature","geometry":{"type":"Point","coordinates":[-75.178986,40.045449]},"properties":{"year":1960,"period":"1960","kind":"FHA"}},{"type":"Feature","geometry":{"type":"Point","coordinates":[-74.974988,40.075091]},"properties":{"year":1960,"period":"1960","kind":"FHA"}},{"type":"Feature","geometry":{"type":"Point","coordinates":[-75.147307,40.040702]},"properties":{"year":1960,"period":"1960","kind":"FHA"}},{"type":"Feature","geometry":{"type":"Point","coordinates":[-75.089251,40.037825]},"properties":{"year":1960,"period":"1960","kind":"FHA"}},{"type":"Feature","geometry":{"type":"Point","coordinates":[-75.063679,40.041929]},"properties":{"year":1960,"period":"1960","kind":"FHA"}},{"type":"Feature","geometry":{"type":"Point","coordinates":[-74.974919,40.075443]},"properties":{"year":1960,"period":"1960","kind":"FHA"}},{"type":"Feature","geometry":{"type":"Point","coordinates":[-74.974943,40.075654]},"properties":{"year":1960,"period":"1960","kind":"FHA"}},{"type":"Feature","geometry":{"type":"Point","coordinates":[-75.149747,40.049774]},"properties":{"year":1960,"period":"1960","kind":"FHA"}},{"type":"Feature","geometry":{"type":"Point","coordinates":[-74.974927,40.075582]},"properties":{"year":1960,"period":"1960","kind":"FHA"}},{"type":"Feature","geometry":{"type":"Point","coordinates":[-75.228212,39.9247]},"properties":{"year":1960,"period":"1960","kind":"FHA"}},{"type":"Feature","geometry":{"type":"Point","coordinates":[-75.091622,40.034206]},"properties":{"year":1960,"period":"1960","kind":"FHA"}},{"type":"Feature","geometry":{"type":"Point","coordinates":[-75.241892,39.97471]},"properties":{"year":1960,"period":"1960","kind":"FHA"}},{"type":"Feature","geometry":{"type":"Point","coordinates":[-75.033311,40.042549]},"properties":{"year":1960,"period":"1960","kind":"FHA"}},{"type":"Feature","geometry":{"type":"Point","coordinates":[-75.184923,39.930844]},"properties":{"year":1960,"period":"1960","kind":"FHA"}},{"type":"Feature","geometry":{"type":"Point","coordinates":[-75.243824,39.953603]},"properties":{"year":1960,"period":"1960","kind":"FHA"}},{"type":"Feature","geometry":{"type":"Point","coordinates":[-75.228719,39.950129]},"properties":{"year":1960,"period":"1960","kind":"FHA"}},{"type":"Feature","geometry":{"type":"Point","coordinates":[-75.242158,39.97964]},"properties":{"year":1960,"period":"1960","kind":"FHA"}},{"type":"Feature","geometry":{"type":"Point","coordinates":[-75.115106,40.031098]},"properties":{"year":1960,"period":"1960","kind":"FHA"}},{"type":"Feature","geometry":{"type":"Point","coordinates":[-74.974921,40.075513]},"properties":{"year":1960,"period":"1960","kind":"FHA"}},{"type":"Feature","geometry":{"type":"Point","coordinates":[-75.134539,39.984212]},"properties":{"year":1960,"period":"1960","kind":"FHA"}},{"type":"Feature","geometry":{"type":"Point","coordinates":[-75.003606,40.064949]},"properties":{"year":1960,"period":"1960","kind":"FHA"}},{"type":"Feature","geometry":{"type":"Point","coordinates":[-75.235219,40.068595]},"properties":{"year":1960,"period":"1960","kind":"FHA"}},{"type":"Feature","geometry":{"type":"Point","coordinates":[-75.163757,39.99885]},"properties":{"year":1960,"period":"1960","kind":"VA"}},{"type":"Feature","geometry":{"type":"Point","coordinates":[-75.228306,39.952618]},"properties":{"year":1960,"period":"1960","kind":"VA"}},{"type":"Feature","geometry":{"type":"Point","coordinates":[-75.23714,39.968502]},"properties":{"year":1960,"period":"1960","kind":"FHA"}},{"type":"Feature","geometry":{"type":"Point","coordinates":[-75.244474,39.973254]},"properties":{"year":1960,"period":"1960","kind":"VA"}},{"type":"Feature","geometry":{"type":"Point","coordinates":[-75.228938,39.953148]},"properties":{"year":1960,"period":"1960","kind":"FHA"}},{"type":"Feature","geometry":{"type":"Point","coordinates":[-75.247739,39.955326]},"properties":{"year":1960,"period":"1960","kind":"FHA"}},{"type":"Feature","geometry":{"type":"Point","coordinates":[-75.177165,39.912247]},"properties":{"year":1960,"period":"1960","kind":"FHA"}},{"type":"Feature","geometry":{"type":"Point","coordinates":[-75.177294,39.911639]},"properties":{"year":1960,"period":"1960","kind":"FHA"}},{"type":"Feature","geometry":{"type":"Point","coordinates":[-75.234856,39.944589]},"properties":{"year":1960,"period":"1960","kind":"FHA"}},{"type":"Feature","geometry":{"type":"Point","coordinates":[-75.244146,39.959526]},"properties":{"year":1960,"period":"1960","kind":"VA"}},{"type":"Feature","geometry":{"type":"Point","coordinates":[-75.147852,40.049629]},"properties":{"year":1960,"period":"1960","kind":"FHA"}},{"type":"Feature","geometry":{"type":"Point","coordinates":[-75.176635,40.026077]},"properties":{"year":1960,"period":"1960","kind":"FHA"}},{"type":"Feature","geometry":{"type":"Point","coordinates":[-75.171016,39.998995]},"properties":{"year":1960,"period":"1960","kind":"VA"}},{"type":"Feature","geometry":{"type":"Point","coordinates":[-75.158148,40.070387]},"properties":{"year":1960,"period":"1960","kind":"FHA"}},{"type":"Feature","geometry":{"type":"Point","coordinates":[-75.234576,39.964541]},"properties":{"year":1960,"period":"1960","kind":"VA"}},{"type":"Feature","geometry":{"type":"Point","coordinates":[-75.223951,39.959444]},"properties":{"year":1960,"period":"1960","kind":"FHA"}},{"type":"Feature","geometry":{"type":"Point","coordinates":[-75.184493,39.935708]},"properties":{"year":1960,"period":"1960","kind":"FHA"}},{"type":"Feature","geometry":{"type":"Point","coordinates":[-75.24323,39.950171]},"properties":{"year":1960,"period":"1960","kind":"FHA"}},{"type":"Feature","geometry":{"type":"Point","coordinates":[-75.106302,40.047133]},"properties":{"year":1960,"period":"1960","kind":"FHA"}},{"type":"Feature","geometry":{"type":"Point","coordinates":[-75.185026,39.996884]},"properties":{"year":1960,"period":"1960","kind":"VA"}},{"type":"Feature","geometry":{"type":"Point","coordinates":[-75.172337,40.048849]},"properties":{"year":1960,"period":"1960","kind":"FHA"}},{"type":"Feature","geometry":{"type":"Point","coordinates":[-75.241552,39.911308]},"properties":{"year":1960,"period":"1960","kind":"FHA"}},{"type":"Feature","geometry":{"type":"Point","coordinates":[-75.159879,40.012479]},"properties":{"year":1960,"period":"1960","kind":"VA"}},{"type":"Feature","geometry":{"type":"Point","coordinates":[-75.207239,39.973221]},"properties":{"year":1960,"period":"1960","kind":"VA"}},{"type":"Feature","geometry":{"type":"Point","coordinates":[-75.180565,39.993689]},"properties":{"year":1960,"period":"1960","kind":"VA"}},{"type":"Feature","geometry":{"type":"Point","coordinates":[-75.111636,40.000783]},"properties":{"year":1960,"period":"1960","kind":"FHA"}},{"type":"Feature","geometry":{"type":"Point","coordinates":[-75.157566,40.005813]},"properties":{"year":1960,"period":"1960","kind":"VA"}},{"type":"Feature","geometry":{"type":"Point","coordinates":[-75.153847,40.060596]},"properties":{"year":1960,"period":"1960","kind":"FHA"}},{"type":"Feature","geometry":{"type":"Point","coordinates":[-75.243287,39.945947]},"properties":{"year":1960,"period":"1960","kind":"FHA"}},{"type":"Feature","geometry":{"type":"Point","coordinates":[-75.23799,39.985487]},"properties":{"year":1960,"period":"1960","kind":"FHA"}},{"type":"Feature","geometry":{"type":"Point","coordinates":[-75.185846,39.993385]},"properties":{"year":1960,"period":"1960","kind":"VA"}},{"type":"Feature","geometry":{"type":"Point","coordinates":[-75.177066,39.998248]},"properties":{"year":1960,"period":"1960","kind":"VA"}},{"type":"Feature","geometry":{"type":"Point","coordinates":[-75.179603,40.051534]},"properties":{"year":1960,"period":"1960","kind":"VA"}},{"type":"Feature","geometry":{"type":"Point","coordinates":[-75.148871,39.926891]},"properties":{"year":1960,"period":"1960","kind":"FHA"}},{"type":"Feature","geometry":{"type":"Point","coordinates":[-75.174384,40.046058]},"properties":{"year":1960,"period":"1960","kind":"FHA"}},{"type":"Feature","geometry":{"type":"Point","coordinates":[-75.139897,39.98182]},"properties":{"year":1960,"period":"1960","kind":"VA"}},{"type":"Feature","geometry":{"type":"Point","coordinates":[-75.130596,40.031942]},"properties":{"year":1960,"period":"1960","kind":"FHA"}},{"type":"Feature","geometry":{"type":"Point","coordinates":[-75.13818,40.023859]},"properties":{"year":1960,"period":"1960","kind":"FHA"}},{"type":"Feature","geometry":{"type":"Point","coordinates":[-75.153536,40.019409]},"properties":{"year":1960,"period":"1960","kind":"FHA"}},{"type":"Feature","geometry":{"type":"Point","coordinates":[-75.243193,39.953162]},"properties":{"year":1960,"period":"1960","kind":"VA"}},{"type":"Feature","geometry":{"type":"Point","coordinates":[-75.227873,39.944911]},"properties":{"year":1960,"period":"1960","kind":"FHA"}},{"type":"Feature","geometry":{"type":"Point","coordinates":[-75.234024,39.950192]},"properties":{"year":1960,"period":"1960","kind":"VA"}},{"type":"Feature","geometry":{"type":"Point","coordinates":[-75.003653,40.065514]},"properties":{"year":1960,"period":"1960","kind":"FHA"}},{"type":"Feature","geometry":{"type":"Point","coordinates":[-75.157472,40.040581]},"properties":{"year":1960,"period":"1960","kind":"FHA"}},{"type":"Feature","geometry":{"type":"Point","coordinates":[-75.178809,39.97647]},"properties":{"year":1960,"period":"1960","kind":"VA"}},{"type":"Feature","geometry":{"type":"Point","coordinates":[-75.178436,39.987692]},"properties":{"year":1960,"period":"1960","kind":"VA"}},{"type":"Feature","geometry":{"type":"Point","coordinates":[-75.22312,39.962145]},"properties":{"year":1960,"period":"1960","kind":"VA"}},{"type":"Feature","geometry":{"type":"Point","coordinates":[-75.160179,39.99177]},"properties":{"year":1960,"period":"1960","kind":"VA"}},{"type":"Feature","geometry":{"type":"Point","coordinates":[-75.174071,40.064203]},"properties":{"year":1960,"period":"1960","kind":"FHA"}},{"type":"Feature","geometry":{"type":"Point","coordinates":[-75.236227,39.952522]},"properties":{"year":1960,"period":"1960","kind":"FHA"}},{"type":"Feature","geometry":{"type":"Point","coordinates":[-75.239935,39.97757]},"properties":{"year":1960,"period":"1960","kind":"FHA"}},{"type":"Feature","geometry":{"type":"Point","coordinates":[-75.239958,39.94641]},"properties":{"year":1960,"period":"1960","kind":"VA"}},{"type":"Feature","geometry":{"type":"Point","coordinates":[-75.184684,39.984599]},"properties":{"year":1960,"period":"1960","kind":"FHA"}},{"type":"Feature","geometry":{"type":"Point","coordinates":[-75.142984,39.986536]},"properties":{"year":1960,"period":"1960","kind":"VA"}},{"type":"Feature","geometry":{"type":"Point","coordinates":[-75.168551,39.915275]},"properties":{"year":1960,"period":"1960","kind":"FHA"}},{"type":"Feature","geometry":{"type":"Point","coordinates":[-75.225498,39.948382]},"properties":{"year":1960,"period":"1960","kind":"FHA"}},{"type":"Feature","geometry":{"type":"Point","coordinates":[-75.225537,39.939513]},"properties":{"year":1960,"period":"1960","kind":"FHA"}},{"type":"Feature","geometry":{"type":"Point","coordinates":[-75.240452,39.952575]},"properties":{"year":1960,"period":"1960","kind":"FHA"}},{"type":"Feature","geometry":{"type":"Point","coordinates":[-75.229316,39.949773]},"properties":{"year":1960,"period":"1960","kind":"FHA"}},{"type":"Feature","geometry":{"type":"Point","coordinates":[-75.19442,40.044155]},"properties":{"year":1960,"period":"1960","kind":"FHA"}},{"type":"Feature","geometry":{"type":"Point","coordinates":[-75.150305,40.049226]},"properties":{"year":1960,"period":"1960","kind":"FHA"}},{"type":"Feature","geometry":{"type":"Point","coordinates":[-75.134442,39.992231]},"properties":{"year":1960,"period":"1960","kind":"VA"}},{"type":"Feature","geometry":{"type":"Point","coordinates":[-75.065089,40.029627]},"properties":{"year":1960,"period":"1960","kind":"FHA"}},{"type":"Feature","geometry":{"type":"Point","coordinates":[-75.100972,40.008435]},"properties":{"year":1960,"period":"1960","kind":"FHA"}},{"type":"Feature","geometry":{"type":"Point","coordinates":[-75.170316,39.977237]},"properties":{"year":1960,"period":"1960","kind":"VA"}},{"type":"Feature","geometry":{"type":"Point","coordinates":[-75.170247,39.941169]},"properties":{"year":1960,"period":"1960","kind":"VA"}},{"type":"Feature","geometry":{"type":"Point","coordinates":[-75.186596,39.981731]},"properties":{"year":1960,"period":"1960","kind":"VA"}},{"type":"Feature","geometry":{"type":"Point","coordinates":[-75.031171,40.067423]},"properties":{"year":1960,"period":"1960","kind":"FHA"}},{"type":"Feature","geometry":{"type":"Point","coordinates":[-75.146477,39.985456]},"properties":{"year":1960,"period":"1960","kind":"VA"}},{"type":"Feature","geometry":{"type":"Point","coordinates":[-75.180226,39.979323]},"properties":{"year":1960,"period":"1960","kind":"VA"}},{"type":"Feature","geometry":{"type":"Point","coordinates":[-75.027417,40.03413]},"properties":{"year":1960,"period":"1960","kind":"FHA"}},{"type":"Feature","geometry":{"type":"Point","coordinates":[-75.165092,40.021427]},"properties":{"year":1960,"period":"1960","kind":"VA"}},{"type":"Feature","geometry":{"type":"Point","coordinates":[-75.224087,39.967828]},"properties":{"year":1960,"period":"1960","kind":"VA"}},{"type":"Feature","geometry":{"type":"Point","coordinates":[-75.16162,39.978119]},"properties":{"year":1960,"period":"1960","kind":"VA"}},{"type":"Feature","geometry":{"type":"Point","coordinates":[-75.180369,39.97632]},"properties":{"year":1960,"period":"1960","kind":"VA"}},{"type":"Feature","geometry":{"type":"Point","coordinates":[-75.1452,39.984195]},"properties":{"year":1960,"period":"1960","kind":"VA"}},{"type":"Feature","geometry":{"type":"Point","coordinates":[-74.982404,40.097642]},"properties":{"year":1960,"period":"1960","kind":"FHA"}},{"type":"Feature","geometry":{"type":"Point","coordinates":[-75.124241,40.042353]},"properties":{"year":1960,"period":"1960","kind":"FHA"}},{"type":"Feature","geometry":{"type":"Point","coordinates":[-75.163431,40.022246]},"properties":{"year":1960,"period":"1960","kind":"VA"}},{"type":"Feature","geometry":{"type":"Point","coordinates":[-75.162188,40.039409]},"properties":{"year":1960,"period":"1960","kind":"FHA"}},{"type":"Feature","geometry":{"type":"Point","coordinates":[-75.012101,40.100083]},"properties":{"year":1960,"period":"1960","kind":"VA"}},{"type":"Feature","geometry":{"type":"Point","coordinates":[-75.233626,39.979496]},"properties":{"year":1960,"period":"1960","kind":"FHA"}},{"type":"Feature","geometry":{"type":"Point","coordinates":[-75.078,40.040264]},"properties":{"year":1960,"period":"1960","kind":"FHA"}},{"type":"Feature","geometry":{"type":"Point","coordinates":[-75.059368,40.044312]},"properties":{"year":1960,"period":"1960","kind":"FHA"}},{"type":"Feature","geometry":{"type":"Point","coordinates":[-75.15985,39.994424]},"properties":{"year":1960,"period":"1960","kind":"VA"}},{"type":"Feature","geometry":{"type":"Point","coordinates":[-75.031327,40.067516]},"properties":{"year":1960,"period":"1960","kind":"FHA"}},{"type":"Feature","geometry":{"type":"Point","coordinates":[-75.146578,39.983776]},"properties":{"year":1960,"period":"1960","kind":"VA"}},{"type":"Feature","geometry":{"type":"Point","coordinates":[-75.031704,40.067741]},"properties":{"year":1960,"period":"1960","kind":"FHA"}},{"type":"Feature","geometry":{"type":"Point","coordinates":[-75.209797,39.973191]},"properties":{"year":1960,"period":"1960","kind":"VA"}},{"type":"Feature","geometry":{"type":"Point","coordinates":[-75.16946,39.934234]},"properties":{"year":1960,"period":"1960","kind":"FHA"}},{"type":"Feature","geometry":{"type":"Point","coordinates":[-75.152663,40.049852]},"properties":{"year":1960,"period":"1960","kind":"VA"}},{"type":"Feature","geometry":{"type":"Point","coordinates":[-75.157489,40.043007]},"properties":{"year":1960,"period":"1960","kind":"FHA"}},{"type":"Feature","geometry":{"type":"Point","coordinates":[-75.15786,40.005971]},"properties":{"year":1960,"period":"1960","kind":"FHA"}},{"type":"Feature","geometry":{"type":"Point","coordinates":[-75.169855,39.969744]},"properties":{"year":1960,"period":"1960","kind":"VA"}},{"type":"Feature","geometry":{"type":"Point","coordinates":[-75.021931,40.109341]},"properties":{"year":1960,"period":"1960","kind":"FHA"}},{"type":"Feature","geometry":{"type":"Point","coordinates":[-75.179053,40.059791]},"properties":{"year":1960,"period":"1960","kind":"FHA"}},{"type":"Feature","geometry":{"type":"Point","coordinates":[-75.16433,39.999057]},"properties":{"year":1960,"period":"1960","kind":"FHA"}},{"type":"Feature","geometry":{"type":"Point","coordinates":[-75.176336,39.997493]},"properties":{"year":1960,"period":"1960","kind":"FHA"}},{"type":"Feature","geometry":{"type":"Point","coordinates":[-75.184689,40.05553]},"properties":{"year":1960,"period":"1960","kind":"VA"}},{"type":"Feature","geometry":{"type":"Point","coordinates":[-75.161124,40.042725]},"properties":{"year":1960,"period":"1960","kind":"FHA"}},{"type":"Feature","geometry":{"type":"Point","coordinates":[-75.1627,40.071295]},"properties":{"year":1960,"period":"1960","kind":"FHA"}},{"type":"Feature","geometry":{"type":"Point","coordinates":[-75.060167,40.066758]},"properties":{"year":1960,"period":"1960","kind":"FHA"}},{"type":"Feature","geometry":{"type":"Point","coordinates":[-75.004873,40.062465]},"properties":{"year":1960,"period":"1960","kind":"FHA"}},{"type":"Feature","geometry":{"type":"Point","coordinates":[-75.065146,40.020469]},"properties":{"year":1960,"period":"1960","kind":"FHA"}},{"type":"Feature","geometry":{"type":"Point","coordinates":[-75.117436,40.018598]},"properties":{"year":1960,"period":"1960","kind":"FHA"}},{"type":"Feature","geometry":{"type":"Point","coordinates":[-75.246764,39.974709]},"properties":{"year":1960,"period":"1960","kind":"FHA"}},{"type":"Feature","geometry":{"type":"Point","coordinates":[-75.032579,40.064243]},"properties":{"year":1960,"period":"1960","kind":"FHA"}},{"type":"Feature","geometry":{"type":"Point","coordinates":[-75.243084,39.944122]},"properties":{"year":1960,"period":"1960","kind":"VA"}},{"type":"Feature","geometry":{"type":"Point","coordinates":[-75.22863,39.955723]},"properties":{"year":1960,"period":"1960","kind":"FHA"}},{"type":"Feature","geometry":{"type":"Point","coordinates":[-75.219341,39.943005]},"properties":{"year":1960,"period":"1960","kind":"VA"}},{"type":"Feature","geometry":{"type":"Point","coordinates":[-75.218327,39.967125]},"properties":{"year":1960,"period":"1960","kind":"VA"}},{"type":"Feature","geometry":{"type":"Point","coordinates":[-75.225994,39.950086]},"properties":{"year":1960,"period":"1960","kind":"FHA"}},{"type":"Feature","geometry":{"type":"Point","coordinates":[-75.246172,39.955456]},"properties":{"year":1960,"period":"1960","kind":"FHA"}},{"type":"Feature","geometry":{"type":"Point","coordinates":[-75.239945,39.981197]},"properties":{"year":1960,"period":"1960","kind":"FHA"}},{"type":"Feature","geometry":{"type":"Point","coordinates":[-75.158736,40.020157]},"properties":{"year":1960,"period":"1960","kind":"VA"}},{"type":"Feature","geometry":{"type":"Point","coordinates":[-75.242046,39.973956]},"properties":{"year":1960,"period":"1960","kind":"VA"}},{"type":"Feature","geometry":{"type":"Point","coordinates":[-75.124962,40.044464]},"properties":{"year":1960,"period":"1960","kind":"FHA"}},{"type":"Feature","geometry":{"type":"Point","coordinates":[-75.078818,40.041068]},"properties":{"year":1960,"period":"1960","kind":"FHA"}},{"type":"Feature","geometry":{"type":"Point","coordinates":[-75.156519,40.050718]},"properties":{"year":1960,"period":"1960","kind":"FHA"}},{"type":"Feature","geometry":{"type":"Point","coordinates":[-75.053182,40.026063]},"properties":{"year":1960,"period":"1960","kind":"FHA"}},{"type":"Feature","geometry":{"type":"Point","coordinates":[-75.25338,39.977156]},"properties":{"year":1960,"period":"1960","kind":"FHA"}},{"type":"Feature","geometry":{"type":"Point","coordinates":[-75.238477,39.954172]},"properties":{"year":1960,"period":"1960","kind":"VA"}},{"type":"Feature","geometry":{"type":"Point","coordinates":[-75.150023,39.945772]},"properties":{"year":1960,"period":"1960","kind":"FHA"}},{"type":"Feature","geometry":{"type":"Point","coordinates":[-75.236483,39.928712]},"properties":{"year":1960,"period":"1960","kind":"FHA"}},{"type":"Feature","geometry":{"type":"Point","coordinates":[-75.238806,39.914665]},"properties":{"year":1960,"period":"1960","kind":"FHA"}},{"type":"Feature","geometry":{"type":"Point","coordinates":[-75.154606,39.925462]},"properties":{"year":1960,"period":"1960","kind":"VA"}},{"type":"Feature","geometry":{"type":"Point","coordinates":[-75.244242,39.958514]},"properties":{"year":1960,"period":"1960","kind":"FHA"}},{"type":"Feature","geometry":{"type":"Point","coordinates":[-75.211415,39.968234]},"properties":{"year":1960,"period":"1960","kind":"VA"}},{"type":"Feature","geometry":{"type":"Point","coordinates":[-75.242118,39.960305]},"properties":{"year":1960,"period":"1960","kind":"FHA"}},{"type":"Feature","geometry":{"type":"Point","coordinates":[-75.201232,39.973533]},"properties":{"year":1960,"period":"1960","kind":"VA"}},{"type":"Feature","geometry":{"type":"Point","coordinates":[-75.002745,40.065007]},"properties":{"year":1960,"period":"1960","kind":"FHA"}},{"type":"Feature","geometry":{"type":"Point","coordinates":[-75.179233,39.911289]},"properties":{"year":1960,"period":"1960","kind":"FHA"}},{"type":"Feature","geometry":{"type":"Point","coordinates":[-75.247419,39.954789]},"properties":{"year":1960,"period":"1960","kind":"FHA"}},{"type":"Feature","geometry":{"type":"Point","coordinates":[-75.226883,39.952927]},"properties":{"year":1960,"period":"1960","kind":"VA"}},{"type":"Feature","geometry":{"type":"Point","coordinates":[-75.152275,39.935165]},"properties":{"year":1960,"period":"1960","kind":"FHA"}},{"type":"Feature","geometry":{"type":"Point","coordinates":[-75.237257,39.960657]},"properties":{"year":1960,"period":"1960","kind":"VA"}},{"type":"Feature","geometry":{"type":"Point","coordinates":[-75.247992,39.955949]},"properties":{"year":1960,"period":"1960","kind":"FHA"}},{"type":"Feature","geometry":{"type":"Point","coordinates":[-75.12413,39.994235]},"properties":{"year":1960,"period":"1960","kind":"VA"}},{"type":"Feature","geometry":{"type":"Point","coordinates":[-75.161772,40.003982]},"properties":{"year":1960,"period":"1960","kind":"FHA"}},{"type":"Feature","geometry":{"type":"Point","coordinates":[-75.157854,40.006008]},"properties":{"year":1960,"period":"1960","kind":"VA"}},{"type":"Feature","geometry":{"type":"Point","coordinates":[-75.197018,39.966198]},"properties":{"year":1960,"period":"1960","kind":"VA"}},{"type":"Feature","geometry":{"type":"Point","coordinates":[-75.145146,39.943451]},"properties":{"year":1960,"period":"1960","kind":"VA"}},{"type":"Feature","geometry":{"type":"Point","coordinates":[-75.181615,39.98029]},"properties":{"year":1960,"period":"1960","kind":"VA"}},{"type":"Feature","geometry":{"type":"Point","coordinates":[-75.171844,39.995396]},"properties":{"year":1960,"period":"1960","kind":"VA"}},{"type":"Feature","geometry":{"type":"Point","coordinates":[-75.155933,40.000061]},"properties":{"year":1960,"period":"1960","kind":"VA"}},{"type":"Feature","geometry":{"type":"Point","coordinates":[-75.146344,39.986115]},"properties":{"year":1960,"period":"1960","kind":"VA"}},{"type":"Feature","geometry":{"type":"Point","coordinates":[-75.18045,39.982807]},"properties":{"year":1960,"period":"1960","kind":"FHA"}},{"type":"Feature","geometry":{"type":"Point","coordinates":[-75.065607,40.030958]},"properties":{"year":1960,"period":"1960","kind":"FHA"}},{"type":"Feature","geometry":{"type":"Point","coordinates":[-75.236382,39.946402]},"properties":{"year":1960,"period":"1960","kind":"FHA"}},{"type":"Feature","geometry":{"type":"Point","coordinates":[-75.24673,39.910352]},"properties":{"year":1960,"period":"1960","kind":"FHA"}},{"type":"Feature","geometry":{"type":"Point","coordinates":[-75.032941,40.041581]},"properties":{"year":1960,"period":"1960","kind":"FHA"}},{"type":"Feature","geometry":{"type":"Point","coordinates":[-75.080664,40.037942]},"properties":{"year":1960,"period":"1960","kind":"FHA"}},{"type":"Feature","geometry":{"type":"Point","coordinates":[-75.078671,40.03524]},"properties":{"year":1960,"period":"1960","kind":"FHA"}},{"type":"Feature","geometry":{"type":"Point","coordinates":[-75.144607,39.962011]},"properties":{"year":1960,"period":"1960","kind":"VA"}},{"type":"Feature","geometry":{"type":"Point","coordinates":[-75.145504,40.053299]},"properties":{"year":1960,"period":"1960","kind":"FHA"}},{"type":"Feature","geometry":{"type":"Point","coordinates":[-75.181679,39.927382]},"properties":{"year":1960,"period":"1960","kind":"FHA"}},{"type":"Feature","geometry":{"type":"Point","coordinates":[-75.166848,40.007679]},"properties":{"year":1960,"period":"1960","kind":"FHA"}},{"type":"Feature","geometry":{"type":"Point","coordinates":[-75.172844,39.97979]},"properties":{"year":1960,"period":"1960","kind":"VA"}},{"type":"Feature","geometry":{"type":"Point","coordinates":[-74.980687,40.092288]},"properties":{"year":1960,"period":"1960","kind":"FHA"}},{"type":"Feature","geometry":{"type":"Point","coordinates":[-75.148634,39.923955]},"properties":{"year":1960,"period":"1960","kind":"VA"}},{"type":"Feature","geometry":{"type":"Point","coordinates":[-75.229828,39.939368]},"properties":{"year":1960,"period":"1960","kind":"FHA"}},{"type":"Feature","geometry":{"type":"Point","coordinates":[-75.136192,40.007083]},"properties":{"year":1960,"period":"1960","kind":"FHA"}},{"type":"Feature","geometry":{"type":"Point","coordinates":[-75.161774,40.05805]},"properties":{"year":1960,"period":"1960","kind":"FHA"}},{"type":"Feature","geometry":{"type":"Point","coordinates":[-75.021107,40.110404]},"properties":{"year":1960,"period":"1960","kind":"FHA"}},{"type":"Feature","geometry":{"type":"Point","coordinates":[-75.183075,40.058308]},"properties":{"year":1960,"period":"1960","kind":"FHA"}},{"type":"Feature","geometry":{"type":"Point","coordinates":[-75.100492,40.012925]},"properties":{"year":1960,"period":"1960","kind":"FHA"}},{"type":"Feature","geometry":{"type":"Point","coordinates":[-74.986988,40.068972]},"properties":{"year":1960,"period":"1960","kind":"FHA"}},{"type":"Feature","geometry":{"type":"Point","coordinates":[-74.986412,40.068681]},"properties":{"year":1960,"period":"1960","kind":"FHA"}},{"type":"Feature","geometry":{"type":"Point","coordinates":[-75.156445,40.059208]},"properties":{"year":1960,"period":"1960","kind":"FHA"}},{"type":"Feature","geometry":{"type":"Point","coordinates":[-75.201153,39.967423]},"properties":{"year":1960,"period":"1960","kind":"VA"}},{"type":"Feature","geometry":{"type":"Point","coordinates":[-75.1614,40.072728]},"properties":{"year":1960,"period":"1960","kind":"FHA"}},{"type":"Feature","geometry":{"type":"Point","coordinates":[-75.15082,40.048518]},"properties":{"year":1960,"period":"1960","kind":"FHA"}},{"type":"Feature","geometry":{"type":"Point","coordinates":[-75.053664,40.021158]},"properties":{"year":1960,"period":"1960","kind":"FHA"}},{"type":"Feature","geometry":{"type":"Point","coordinates":[-75.079521,40.012975]},"properties":{"year":1960,"period":"1960","kind":"FHA"}},{"type":"Feature","geometry":{"type":"Point","coordinates":[-75.245868,39.960054]},"properties":{"year":1960,"period":"1960","kind":"VA"}},{"type":"Feature","geometry":{"type":"Point","coordinates":[-75.157291,39.920518]},"properties":{"year":1960,"period":"1960","kind":"FHA"}},{"type":"Feature","geometry":{"type":"Point","coordinates":[-75.178173,39.911419]},"properties":{"year":1960,"period":"1960","kind":"FHA"}},{"type":"Feature","geometry":{"type":"Point","coordinates":[-75.183942,39.988468]},"properties":{"year":1960,"period":"1960","kind":"VA"}},{"type":"Feature","geometry":{"type":"Point","coordinates":[-75.178122,40.025466]},"properties":{"year":1960,"period":"1960","kind":"VA"}},{"type":"Feature","geometry":{"type":"Point","coordinates":[-75.150512,39.942255]},"properties":{"year":1960,"period":"1960","kind":"VA"}},{"type":"Feature","geometry":{"type":"Point","coordinates":[-75.181717,39.994461]},"properties":{"year":1960,"period":"1960","kind":"VA"}},{"type":"Feature","geometry":{"type":"Point","coordinates":[-75.226955,39.979246]},"properties":{"year":1960,"period":"1960","kind":"VA"}},{"type":"Feature","geometry":{"type":"Point","coordinates":[-75.174977,40.062374]},"properties":{"year":1960,"period":"1960","kind":"FHA"}},{"type":"Feature","geometry":{"type":"Point","coordinates":[-75.096084,40.007558]},"properties":{"year":1960,"period":"1960","kind":"FHA"}},{"type":"Feature","geometry":{"type":"Point","coordinates":[-75.156461,40.044471]},"properties":{"year":1960,"period":"1960","kind":"FHA"}},{"type":"Feature","geometry":{"type":"Point","coordinates":[-75.150449,40.017919]},"properties":{"year":1960,"period":"1960","kind":"VA"}},{"type":"Feature","geometry":{"type":"Point","coordinates":[-75.240884,39.952917]},"properties":{"year":1960,"period":"1960","kind":"FHA"}},{"type":"Feature","geometry":{"type":"Point","coordinates":[-75.219327,39.951347]},"properties":{"year":1960,"period":"1960","kind":"FHA"}},{"type":"Feature","geometry":{"type":"Point","coordinates":[-75.152454,39.994628]},"properties":{"year":1960,"period":"1960","kind":"FHA"}},{"type":"Feature","geometry":{"type":"Point","coordinates":[-75.221971,39.948561]},"properties":{"year":1960,"period":"1960","kind":"FHA"}},{"type":"Feature","geometry":{"type":"Point","coordinates":[-75.088391,40.050343]},"properties":{"year":1960,"period":"1960","kind":"FHA"}},{"type":"Feature","geometry":{"type":"Point","coordinates":[-74.995767,40.121123]},"properties":{"year":1960,"period":"1960","kind":"FHA"}},{"type":"Feature","geometry":{"type":"Point","coordinates":[-75.060409,40.066505]},"properties":{"year":1960,"period":"1960","kind":"FHA"}},{"type":"Feature","geometry":{"type":"Point","coordinates":[-75.127556,39.996335]},"properties":{"year":1960,"period":"1960","kind":"FHA"}},{"type":"Feature","geometry":{"type":"Point","coordinates":[-75.209575,40.019581]},"properties":{"year":1960,"period":"1960","kind":"FHA"}},{"type":"Feature","geometry":{"type":"Point","coordinates":[-75.0311,40.067746]},"properties":{"year":1960,"period":"1960","kind":"FHA"}},{"type":"Feature","geometry":{"type":"Point","coordinates":[-75.234067,39.956578]},"properties":{"year":1960,"period":"1960","kind":"VA"}},{"type":"Feature","geometry":{"type":"Point","coordinates":[-75.183796,39.933386]},"properties":{"year":1960,"period":"1960","kind":"VA"}},{"type":"Feature","geometry":{"type":"Point","coordinates":[-75.239653,39.980579]},"properties":{"year":1960,"period":"1960","kind":"FHA"}},{"type":"Feature","geometry":{"type":"Point","coordinates":[-75.237018,39.978461]},"properties":{"year":1960,"period":"1960","kind":"FHA"}},{"type":"Feature","geometry":{"type":"Point","coordinates":[-75.225326,39.949354]},"properties":{"year":1960,"period":"1960","kind":"VA"}},{"type":"Feature","geometry":{"type":"Point","coordinates":[-75.235682,39.922759]},"properties":{"year":1960,"period":"1960","kind":"FHA"}},{"type":"Feature","geometry":{"type":"Point","coordinates":[-75.239849,39.977106]},"properties":{"year":1960,"period":"1960","kind":"FHA"}},{"type":"Feature","geometry":{"type":"Point","coordinates":[-75.246478,39.955237]},"properties":{"year":1960,"period":"1960","kind":"VA"}},{"type":"Feature","geometry":{"type":"Point","coordinates":[-75.170333,39.917472]},"properties":{"year":1960,"period":"1960","kind":"FHA"}},{"type":"Feature","geometry":{"type":"Point","coordinates":[-75.160557,39.92727]},"properties":{"year":1960,"period":"1960","kind":"FHA"}},{"type":"Feature","geometry":{"type":"Point","coordinates":[-75.149929,40.040705]},"properties":{"year":1960,"period":"1960","kind":"FHA"}},{"type":"Feature","geometry":{"type":"Point","coordinates":[-75.156675,40.04266]},"properties":{"year":1960,"period":"1960","kind":"FHA"}},{"type":"Feature","geometry":{"type":"Point","coordinates":[-75.173967,40.025011]},"properties":{"year":1960,"period":"1960","kind":"FHA"}},{"type":"Feature","geometry":{"type":"Point","coordinates":[-75.177543,40.080334]},"properties":{"year":1960,"period":"1960","kind":"FHA"}},{"type":"Feature","geometry":{"type":"Point","coordinates":[-75.149287,40.040836]},"properties":{"year":1960,"period":"1960","kind":"FHA"}},{"type":"Feature","geometry":{"type":"Point","coordinates":[-75.183548,39.991695]},"properties":{"year":1960,"period":"1960","kind":"VA"}},{"type":"Feature","geometry":{"type":"Point","coordinates":[-75.244075,39.976625]},"properties":{"year":1960,"period":"1960","kind":"VA"}},{"type":"Feature","geometry":{"type":"Point","coordinates":[-75.181401,39.975645]},"properties":{"year":1960,"period":"1960","kind":"VA"}},{"type":"Feature","geometry":{"type":"Point","coordinates":[-75.180226,40.071649]},"properties":{"year":1960,"period":"1960","kind":"FHA"}},{"type":"Feature","geometry":{"type":"Point","coordinates":[-75.031249,40.06747]},"properties":{"year":1960,"period":"1960","kind":"FHA"}},{"type":"Feature","geometry":{"type":"Point","coordinates":[-75.148669,40.049526]},"properties":{"year":1960,"period":"1960","kind":"FHA"}},{"type":"Feature","geometry":{"type":"Point","coordinates":[-75.154019,39.938221]},"properties":{"year":1960,"period":"1960","kind":"VA"}},{"type":"Feature","geometry":{"type":"Point","coordinates":[-75.181378,39.997195]},"properties":{"year":1960,"period":"1960","kind":"VA"}},{"type":"Feature","geometry":{"type":"Point","coordinates":[-75.169345,40.07435]},"properties":{"year":1960,"period":"1960","kind":"FHA"}},{"type":"Feature","geometry":{"type":"Point","coordinates":[-75.239984,39.981008]},"properties":{"year":1960,"period":"1960","kind":"VA"}},{"type":"Feature","geometry":{"type":"Point","coordinates":[-75.144432,39.988697]},"properties":{"year":1960,"period":"1960","kind":"VA"}},{"type":"Feature","geometry":{"type":"Point","coordinates":[-75.244137,39.95005]},"properties":{"year":1960,"period":"1960","kind":"FHA"}},{"type":"Feature","geometry":{"type":"Point","coordinates":[-75.223393,39.924268]},"properties":{"year":1960,"period":"1960","kind":"FHA"}},{"type":"Feature","geometry":{"type":"Point","coordinates":[-75.244114,39.97317]},"properties":{"year":1960,"period":"1960","kind":"FHA"}},{"type":"Feature","geometry":{"type":"Point","coordinates":[-75.245009,39.97864]},"properties":{"year":1960,"period":"1960","kind":"FHA"}},{"type":"Feature","geometry":{"type":"Point","coordinates":[-75.104835,40.048892]},"properties":{"year":1960,"period":"1960","kind":"FHA"}},{"type":"Feature","geometry":{"type":"Point","coordinates":[-75.156137,40.004766]},"properties":{"year":1960,"period":"1960","kind":"VA"}},{"type":"Feature","geometry":{"type":"Point","coordinates":[-75.039737,40.105859]},"properties":{"year":1960,"period":"1960","kind":"FHA"}},{"type":"Feature","geometry":{"type":"Point","coordinates":[-75.039458,40.106128]},"properties":{"year":1960,"period":"1960","kind":"FHA"}},{"type":"Feature","geometry":{"type":"Point","coordinates":[-75.039402,40.106182]},"properties":{"year":1960,"period":"1960","kind":"FHA"}},{"type":"Feature","geometry":{"type":"Point","coordinates":[-75.178185,39.994461]},"properties":{"year":1960,"period":"1960","kind":"VA"}},{"type":"Feature","geometry":{"type":"Point","coordinates":[-74.977912,40.073547]},"properties":{"year":1960,"period":"1960","kind":"VA"}},{"type":"Feature","geometry":{"type":"Point","coordinates":[-75.118011,40.024905]},"properties":{"year":1960,"period":"1960","kind":"VA"}},{"type":"Feature","geometry":{"type":"Point","coordinates":[-75.159799,40.070942]},"properties":{"year":1960,"period":"1960","kind":"FHA"}},{"type":"Feature","geometry":{"type":"Point","coordinates":[-75.139198,39.99305]},"properties":{"year":1960,"period":"1960","kind":"VA"}},{"type":"Feature","geometry":{"type":"Point","coordinates":[-75.145501,39.989932]},"properties":{"year":1960,"period":"1960","kind":"VA"}},{"type":"Feature","geometry":{"type":"Point","coordinates":[-75.15895,39.988129]},"properties":{"year":1960,"period":"1960","kind":"VA"}},{"type":"Feature","geometry":{"type":"Point","coordinates":[-75.238229,39.963442]},"properties":{"year":1960,"period":"1960","kind":"VA"}},{"type":"Feature","geometry":{"type":"Point","coordinates":[-75.131233,40.003334]},"properties":{"year":1960,"period":"1960","kind":"VA"}},{"type":"Feature","geometry":{"type":"Point","coordinates":[-75.141109,39.987053]},"properties":{"year":1960,"period":"1960","kind":"VA"}},{"type":"Feature","geometry":{"type":"Point","coordinates":[-75.070408,40.01514]},"properties":{"year":1960,"period":"1960","kind":"FHA"}},{"type":"Feature","geometry":{"type":"Point","coordinates":[-75.0527,40.021329]},"properties":{"year":1960,"period":"1960","kind":"FHA"}},{"type":"Feature","geometry":{"type":"Point","coordinates":[-75.070011,40.014928]},"properties":{"year":1960,"period":"1960","kind":"FHA"}},{"type":"Feature","geometry":{"type":"Point","coordinates":[-75.242297,39.976869]},"properties":{"year":1960,"period":"1960","kind":"FHA"}},{"type":"Feature","geometry":{"type":"Point","coordinates":[-75.241262,39.946435]},"properties":{"year":1960,"period":"1960","kind":"FHA"}},{"type":"Feature","geometry":{"type":"Point","coordinates":[-75.215428,39.940528]},"properties":{"year":1960,"period":"1960","kind":"FHA"}},{"type":"Feature","geometry":{"type":"Point","coordinates":[-75.189544,39.962472]},"properties":{"year":1960,"period":"1960","kind":"VA"}},{"type":"Feature","geometry":{"type":"Point","coordinates":[-75.071648,40.014982]},"properties":{"year":1960,"period":"1960","kind":"FHA"}},{"type":"Feature","geometry":{"type":"Point","coordinates":[-75.136143,40.012969]},"properties":{"year":1960,"period":"1960","kind":"FHA"}},{"type":"Feature","geometry":{"type":"Point","coordinates":[-75.187708,40.01641]},"properties":{"year":1960,"period":"1960","kind":"FHA"}},{"type":"Feature","geometry":{"type":"Point","coordinates":[-75.181162,39.933385]},"properties":{"year":1960,"period":"1960","kind":"FHA"}},{"type":"Feature","geometry":{"type":"Point","coordinates":[-75.17808,39.930918]},"properties":{"year":1960,"period":"1960","kind":"FHA"}},{"type":"Feature","geometry":{"type":"Point","coordinates":[-75.167135,40.029965]},"properties":{"year":1960,"period":"1960","kind":"FHA"}},{"type":"Feature","geometry":{"type":"Point","coordinates":[-75.154476,40.042539]},"properties":{"year":1960,"period":"1960","kind":"FHA"}},{"type":"Feature","geometry":{"type":"Point","coordinates":[-75.162886,40.071402]},"properties":{"year":1960,"period":"1960","kind":"FHA"}},{"type":"Feature","geometry":{"type":"Point","coordinates":[-75.160627,40.050868]},"properties":{"year":1960,"period":"1960","kind":"FHA"}},{"type":"Feature","geometry":{"type":"Point","coordinates":[-75.159702,40.06139]},"properties":{"year":1960,"period":"1960","kind":"FHA"}},{"type":"Feature","geometry":{"type":"Point","coordinates":[-75.131618,40.015997]},"properties":{"year":1960,"period":"1960","kind":"FHA"}},{"type":"Feature","geometry":{"type":"Point","coordinates":[-75.213243,39.951685]},"properties":{"year":1960,"period":"1960","kind":"FHA"}},{"type":"Feature","geometry":{"type":"Point","coordinates":[-75.25378,39.981622]},"properties":{"year":1960,"period":"1960","kind":"FHA"}},{"type":"Feature","geometry":{"type":"Point","coordinates":[-75.23936,39.946873]},"properties":{"year":1960,"period":"1960","kind":"FHA"}},{"type":"Feature","geometry":{"type":"Point","coordinates":[-75.230945,39.948517]},"properties":{"year":1960,"period":"1960","kind":"FHA"}},{"type":"Feature","geometry":{"type":"Point","coordinates":[-75.185089,39.929824]},"properties":{"year":1960,"period":"1960","kind":"FHA"}},{"type":"Feature","geometry":{"type":"Point","coordinates":[-75.216409,39.937252]},"properties":{"year":1960,"period":"1960","kind":"FHA"}},{"type":"Feature","geometry":{"type":"Point","coordinates":[-75.007437,40.062915]},"properties":{"year":1960,"period":"1960","kind":"FHA"}},{"type":"Feature","geometry":{"type":"Point","coordinates":[-75.006554,40.062431]},"properties":{"year":1960,"period":"1960","kind":"FHA"}},{"type":"Feature","geometry":{"type":"Point","coordinates":[-75.030477,40.041988]},"properties":{"year":1960,"period":"1960","kind":"VA"}},{"type":"Feature","geometry":{"type":"Point","coordinates":[-75.104427,40.007491]},"properties":{"year":1960,"period":"1960","kind":"FHA"}},{"type":"Feature","geometry":{"type":"Point","coordinates":[-75.130279,40.03103]},"properties":{"year":1960,"period":"1960","kind":"FHA"}},{"type":"Feature","geometry":{"type":"Point","coordinates":[-75.162475,39.997142]},"properties":{"year":1960,"period":"1960","kind":"VA"}},{"type":"Feature","geometry":{"type":"Point","coordinates":[-75.031551,40.067651]},"properties":{"year":1960,"period":"1960","kind":"FHA"}},{"type":"Feature","geometry":{"type":"Point","coordinates":[-75.152767,39.999326]},"properties":{"year":1960,"period":"1960","kind":"VA"}},{"type":"Feature","geometry":{"type":"Point","coordinates":[-75.170547,39.970406]},"properties":{"year":1960,"period":"1960","kind":"VA"}},{"type":"Feature","geometry":{"type":"Point","coordinates":[-75.14908,40.025664]},"properties":{"year":1960,"period":"1960","kind":"FHA"}},{"type":"Feature","geometry":{"type":"Point","coordinates":[-75.139936,40.009104]},"properties":{"year":1960,"period":"1960","kind":"FHA"}},{"type":"Feature","geometry":{"type":"Point","coordinates":[-75.147589,40.043604]},"properties":{"year":1960,"period":"1960","kind":"FHA"}},{"type":"Feature","geometry":{"type":"Point","coordinates":[-75.236867,39.97884]},"properties":{"year":1960,"period":"1960","kind":"FHA"}},{"type":"Feature","geometry":{"type":"Point","coordinates":[-75.200847,39.971877]},"properties":{"year":1960,"period":"1960","kind":"VA"}},{"type":"Feature","geometry":{"type":"Point","coordinates":[-75.185905,39.989923]},"properties":{"year":1960,"period":"1960","kind":"VA"}},{"type":"Feature","geometry":{"type":"Point","coordinates":[-75.228866,39.993565]},"properties":{"year":1960,"period":"1960","kind":"FHA"}},{"type":"Feature","geometry":{"type":"Point","coordinates":[-75.177952,39.971536]},"properties":{"year":1960,"period":"1960","kind":"VA"}},{"type":"Feature","geometry":{"type":"Point","coordinates":[-75.236793,39.949518]},"properties":{"year":1960,"period":"1960","kind":"FHA"}},{"type":"Feature","geometry":{"type":"Point","coordinates":[-75.033479,40.041582]},"properties":{"year":1960,"period":"1960","kind":"FHA"}},{"type":"Feature","geometry":{"type":"Point","coordinates":[-75.110226,40.023539]},"properties":{"year":1960,"period":"1960","kind":"FHA"}},{"type":"Feature","geometry":{"type":"Point","coordinates":[-75.173587,40.074866]},"properties":{"year":1960,"period":"1960","kind":"FHA"}},{"type":"Feature","geometry":{"type":"Point","coordinates":[-75.169536,39.970183]},"properties":{"year":1960,"period":"1960","kind":"VA"}},{"type":"Feature","geometry":{"type":"Point","coordinates":[-75.186263,40.036672]},"properties":{"year":1960,"period":"1960","kind":"FHA"}},{"type":"Feature","geometry":{"type":"Point","coordinates":[-75.242381,39.965059]},"properties":{"year":1960,"period":"1960","kind":"FHA"}},{"type":"Feature","geometry":{"type":"Point","coordinates":[-75.242692,39.948011]},"properties":{"year":1960,"period":"1960","kind":"FHA"}},{"type":"Feature","geometry":{"type":"Point","coordinates":[-75.247626,39.955313]},"properties":{"year":1960,"period":"1960","kind":"FHA"}},{"type":"Feature","geometry":{"type":"Point","coordinates":[-75.005963,40.056211]},"properties":{"year":1960,"period":"1960","kind":"FHA"}},{"type":"Feature","geometry":{"type":"Point","coordinates":[-75.021942,40.113437]},"properties":{"year":1960,"period":"1960","kind":"VA"}},{"type":"Feature","geometry":{"type":"Point","coordinates":[-75.006207,40.05643]},"properties":{"year":1960,"period":"1960","kind":"FHA"}},{"type":"Feature","geometry":{"type":"Point","coordinates":[-75.076163,40.043352]},"properties":{"year":1960,"period":"1960","kind":"FHA"}},{"type":"Feature","geometry":{"type":"Point","coordinates":[-74.994717,40.122044]},"properties":{"year":1960,"period":"1960","kind":"FHA"}},{"type":"Feature","geometry":{"type":"Point","coordinates":[-75.034443,40.042402]},"properties":{"year":1960,"period":"1960","kind":"FHA"}},{"type":"Feature","geometry":{"type":"Point","coordinates":[-75.156611,39.989676]},"properties":{"year":1960,"period":"1960","kind":"VA"}},{"type":"Feature","geometry":{"type":"Point","coordinates":[-75.178077,39.998217]},"properties":{"year":1960,"period":"1960","kind":"FHA"}},{"type":"Feature","geometry":{"type":"Point","coordinates":[-75.233218,39.952591]},"properties":{"year":1960,"period":"1960","kind":"FHA"}},{"type":"Feature","geometry":{"type":"Point","coordinates":[-75.109752,39.998937]},"properties":{"year":1960,"period":"1960","kind":"FHA"}},{"type":"Feature","geometry":{"type":"Point","coordinates":[-75.241426,39.953363]},"properties":{"year":1960,"period":"1960","kind":"VA"}},{"type":"Feature","geometry":{"type":"Point","coordinates":[-75.16691,40.062109]},"properties":{"year":1960,"period":"1960","kind":"FHA"}},{"type":"Feature","geometry":{"type":"Point","coordinates":[-75.168632,39.980882]},"properties":{"year":1960,"period":"1960","kind":"VA"}},{"type":"Feature","geometry":{"type":"Point","coordinates":[-75.176352,39.994949]},"properties":{"year":1960,"period":"1960","kind":"VA"}},{"type":"Feature","geometry":{"type":"Point","coordinates":[-75.173537,39.995461]},"properties":{"year":1960,"period":"1960","kind":"VA"}},{"type":"Feature","geometry":{"type":"Point","coordinates":[-75.05914,40.036199]},"properties":{"year":1960,"period":"1960","kind":"FHA"}},{"type":"Feature","geometry":{"type":"Point","coordinates":[-75.029724,40.067714]},"properties":{"year":1960,"period":"1960","kind":"FHA"}},{"type":"Feature","geometry":{"type":"Point","coordinates":[-75.1821826322759,40.0591041279714]},"properties":{"year":1960,"period":"1960","kind":"FHA"}},{"type":"Feature","geometry":{"type":"Point","coordinates":[-75.150883,40.057594]},"properties":{"year":1960,"period":"1960","kind":"FHA"}},{"type":"Feature","geometry":{"type":"Point","coordinates":[-75.162863,40.072252]},"properties":{"year":1960,"period":"1960","kind":"FHA"}},{"type":"Feature","geometry":{"type":"Point","coordinates":[-75.145618,40.006182]},"properties":{"year":1960,"period":"1960","kind":"FHA"}},{"type":"Feature","geometry":{"type":"Point","coordinates":[-75.217863,39.951174]},"properties":{"year":1960,"period":"1960","kind":"FHA"}},{"type":"Feature","geometry":{"type":"Point","coordinates":[-75.148493,39.990183]},"properties":{"year":1960,"period":"1960","kind":"VA"}},{"type":"Feature","geometry":{"type":"Point","coordinates":[-75.070564,40.040802]},"properties":{"year":1960,"period":"1960","kind":"FHA"}},{"type":"Feature","geometry":{"type":"Point","coordinates":[-75.078947,40.042197]},"properties":{"year":1960,"period":"1960","kind":"FHA"}},{"type":"Feature","geometry":{"type":"Point","coordinates":[-75.100262,40.000255]},"properties":{"year":1960,"period":"1960","kind":"FHA"}},{"type":"Feature","geometry":{"type":"Point","coordinates":[-75.209526,40.025772]},"properties":{"year":1960,"period":"1960","kind":"FHA"}},{"type":"Feature","geometry":{"type":"Point","coordinates":[-75.140561,39.986844]},"properties":{"year":1960,"period":"1960","kind":"VA"}},{"type":"Feature","geometry":{"type":"Point","coordinates":[-75.162553,39.986316]},"properties":{"year":1960,"period":"1960","kind":"VA"}},{"type":"Feature","geometry":{"type":"Point","coordinates":[-75.13714,39.995647]},"properties":{"year":1960,"period":"1960","kind":"VA"}},{"type":"Feature","geometry":{"type":"Point","coordinates":[-75.231967,39.971123]},"properties":{"year":1960,"period":"1960","kind":"VA"}},{"type":"Feature","geometry":{"type":"Point","coordinates":[-75.185585,39.974028]},"properties":{"year":1960,"period":"1960","kind":"VA"}},{"type":"Feature","geometry":{"type":"Point","coordinates":[-74.980313,40.092392]},"properties":{"year":1960,"period":"1960","kind":"FHA"}},{"type":"Feature","geometry":{"type":"Point","coordinates":[-75.241598,39.912467]},"properties":{"year":1960,"period":"1960","kind":"FHA"}},{"type":"Feature","geometry":{"type":"Point","coordinates":[-75.144896,39.962299]},"properties":{"year":1960,"period":"1960","kind":"FHA"}},{"type":"Feature","geometry":{"type":"Point","coordinates":[-75.225791,39.934001]},"properties":{"year":1960,"period":"1960","kind":"FHA"}},{"type":"Feature","geometry":{"type":"Point","coordinates":[-75.154841,40.050281]},"properties":{"year":1960,"period":"1960","kind":"FHA"}},{"type":"Feature","geometry":{"type":"Point","coordinates":[-75.153375,40.042328]},"properties":{"year":1960,"period":"1960","kind":"FHA"}},{"type":"Feature","geometry":{"type":"Point","coordinates":[-75.175153,40.002995]},"properties":{"year":1960,"period":"1960","kind":"VA"}},{"type":"Feature","geometry":{"type":"Point","coordinates":[-75.184515,39.99345]},"properties":{"year":1960,"period":"1960","kind":"VA"}},{"type":"Feature","geometry":{"type":"Point","coordinates":[-75.153553,40.042554]},"properties":{"year":1960,"period":"1960","kind":"FHA"}},{"type":"Feature","geometry":{"type":"Point","coordinates":[-75.174518,39.980467]},"properties":{"year":1960,"period":"1960","kind":"VA"}},{"type":"Feature","geometry":{"type":"Point","coordinates":[-74.981809,40.098334]},"properties":{"year":1960,"period":"1960","kind":"FHA"}},{"type":"Feature","geometry":{"type":"Point","coordinates":[-75.171545,40.048374]},"properties":{"year":1960,"period":"1960","kind":"FHA"}},{"type":"Feature","geometry":{"type":"Point","coordinates":[-75.233469,39.955305]},"properties":{"year":1960,"period":"1960","kind":"FHA"}},{"type":"Feature","geometry":{"type":"Point","coordinates":[-75.240613,39.980933]},"properties":{"year":1960,"period":"1960","kind":"FHA"}},{"type":"Feature","geometry":{"type":"Point","coordinates":[-75.217296,39.950311]},"properties":{"year":1960,"period":"1960","kind":"VA"}},{"type":"Feature","geometry":{"type":"Point","coordinates":[-74.995344,40.121733]},"properties":{"year":1960,"period":"1960","kind":"FHA"}},{"type":"Feature","geometry":{"type":"Point","coordinates":[-75.157884,40.042706]},"properties":{"year":1960,"period":"1960","kind":"VA"}},{"type":"Feature","geometry":{"type":"Point","coordinates":[-75.183889,39.992386]},"properties":{"year":1960,"period":"1960","kind":"VA"}},{"type":"Feature","geometry":{"type":"Point","coordinates":[-75.188139,39.982027]},"properties":{"year":1960,"period":"1960","kind":"VA"}},{"type":"Feature","geometry":{"type":"Point","coordinates":[-75.228693,39.954025]},"properties":{"year":1960,"period":"1960","kind":"FHA"}},{"type":"Feature","geometry":{"type":"Point","coordinates":[-75.241021,39.974632]},"properties":{"year":1960,"period":"1960","kind":"VA"}},{"type":"Feature","geometry":{"type":"Point","coordinates":[-75.231783,39.976852]},"properties":{"year":1960,"period":"1960","kind":"VA"}},{"type":"Feature","geometry":{"type":"Point","coordinates":[-75.232244,39.92208]},"properties":{"year":1960,"period":"1960","kind":"VA"}},{"type":"Feature","geometry":{"type":"Point","coordinates":[-75.213757,39.951748]},"properties":{"year":1960,"period":"1960","kind":"VA"}},{"type":"Feature","geometry":{"type":"Point","coordinates":[-75.174432,39.999899]},"properties":{"year":1960,"period":"1960","kind":"VA"}},{"type":"Feature","geometry":{"type":"Point","coordinates":[-75.041682,40.036342]},"properties":{"year":1960,"period":"1960","kind":"FHA"}},{"type":"Feature","geometry":{"type":"Point","coordinates":[-75.246857,39.949315]},"properties":{"year":1960,"period":"1960","kind":"VA"}},{"type":"Feature","geometry":{"type":"Point","coordinates":[-75.15436,40.000515]},"properties":{"year":1960,"period":"1960","kind":"VA"}},{"type":"Feature","geometry":{"type":"Point","coordinates":[-75.16158,39.98073]},"properties":{"year":1960,"period":"1960","kind":"VA"}},{"type":"Feature","geometry":{"type":"Point","coordinates":[-75.15133,40.042722]},"properties":{"year":1960,"period":"1960","kind":"FHA"}},{"type":"Feature","geometry":{"type":"Point","coordinates":[-75.162668,40.07151]},"properties":{"year":1960,"period":"1960","kind":"FHA"}},{"type":"Feature","geometry":{"type":"Point","coordinates":[-75.157222,40.044457]},"properties":{"year":1960,"period":"1960","kind":"FHA"}},{"type":"Feature","geometry":{"type":"Point","coordinates":[-75.139746,40.010096]},"properties":{"year":1960,"period":"1960","kind":"FHA"}},{"type":"Feature","geometry":{"type":"Point","coordinates":[-75.164761,40.023343]},"properties":{"year":1960,"period":"1960","kind":"FHA"}},{"type":"Feature","geometry":{"type":"Point","coordinates":[-75.1686,40.079695]},"properties":{"year":1960,"period":"1960","kind":"VA"}},{"type":"Feature","geometry":{"type":"Point","coordinates":[-75.033061,40.032496]},"properties":{"year":1960,"period":"1960","kind":"FHA"}},{"type":"Feature","geometry":{"type":"Point","coordinates":[-74.976481,40.073772]},"properties":{"year":1960,"period":"1960","kind":"VA"}},{"type":"Feature","geometry":{"type":"Point","coordinates":[-75.149849,40.056062]},"properties":{"year":1960,"period":"1960","kind":"FHA"}},{"type":"Feature","geometry":{"type":"Point","coordinates":[-75.027565,40.092049]},"properties":{"year":1960,"period":"1960","kind":"FHA"}},{"type":"Feature","geometry":{"type":"Point","coordinates":[-75.077692,40.040094]},"properties":{"year":1960,"period":"1960","kind":"FHA"}},{"type":"Feature","geometry":{"type":"Point","coordinates":[-75.077633,40.040407]},"properties":{"year":1960,"period":"1960","kind":"FHA"}},{"type":"Feature","geometry":{"type":"Point","coordinates":[-75.077897,40.040208]},"properties":{"year":1960,"period":"1960","kind":"FHA"}},{"type":"Feature","geometry":{"type":"Point","coordinates":[-75.068917,40.059649]},"properties":{"year":1960,"period":"1960","kind":"FHA"}},{"type":"Feature","geometry":{"type":"Point","coordinates":[-75.137425,40.026825]},"properties":{"year":1960,"period":"1960","kind":"FHA"}},{"type":"Feature","geometry":{"type":"Point","coordinates":[-75.095971,40.007399]},"properties":{"year":1960,"period":"1960","kind":"FHA"}},{"type":"Feature","geometry":{"type":"Point","coordinates":[-75.154415,40.039493]},"properties":{"year":1960,"period":"1960","kind":"FHA"}},{"type":"Feature","geometry":{"type":"Point","coordinates":[-75.262457,39.977086]},"properties":{"year":1960,"period":"1960","kind":"FHA"}},{"type":"Feature","geometry":{"type":"Point","coordinates":[-75.248661,39.952712]},"properties":{"year":1960,"period":"1960","kind":"FHA"}},{"type":"Feature","geometry":{"type":"Point","coordinates":[-75.142737,39.990949]},"properties":{"year":1960,"period":"1960","kind":"VA"}},{"type":"Feature","geometry":{"type":"Point","coordinates":[-75.144056,39.999277]},"properties":{"year":1960,"period":"1960","kind":"VA"}},{"type":"Feature","geometry":{"type":"Point","coordinates":[-75.049198,40.026416]},"properties":{"year":1960,"period":"1960","kind":"FHA"}},{"type":"Feature","geometry":{"type":"Point","coordinates":[-75.0914,40.034083]},"properties":{"year":1960,"period":"1960","kind":"FHA"}},{"type":"Feature","geometry":{"type":"Point","coordinates":[-75.110664,39.995611]},"properties":{"year":1960,"period":"1960","kind":"VA"}},{"type":"Feature","geometry":{"type":"Point","coordinates":[-75.150193,39.918188]},"properties":{"year":1960,"period":"1960","kind":"FHA"}},{"type":"Feature","geometry":{"type":"Point","coordinates":[-75.152455,40.039851]},"properties":{"year":1960,"period":"1960","kind":"FHA"}},{"type":"Feature","geometry":{"type":"Point","coordinates":[-75.145734,40.043656]},"properties":{"year":1960,"period":"1960","kind":"FHA"}},{"type":"Feature","geometry":{"type":"Point","coordinates":[-75.245091,39.957439]},"properties":{"year":1960,"period":"1960","kind":"FHA"}},{"type":"Feature","geometry":{"type":"Point","coordinates":[-75.232067,39.948419]},"properties":{"year":1960,"period":"1960","kind":"FHA"}},{"type":"Feature","geometry":{"type":"Point","coordinates":[-75.215877,39.940418]},"properties":{"year":1960,"period":"1960","kind":"VA"}},{"type":"Feature","geometry":{"type":"Point","coordinates":[-75.141432,39.998481]},"properties":{"year":1960,"period":"1960","kind":"VA"}},{"type":"Feature","geometry":{"type":"Point","coordinates":[-75.183486,39.932115]},"properties":{"year":1960,"period":"1960","kind":"FHA"}},{"type":"Feature","geometry":{"type":"Point","coordinates":[-75.053968,40.027905]},"properties":{"year":1960,"period":"1960","kind":"FHA"}},{"type":"Feature","geometry":{"type":"Point","coordinates":[-75.021903,40.109144]},"properties":{"year":1960,"period":"1960","kind":"FHA"}},{"type":"Feature","geometry":{"type":"Point","coordinates":[-75.170791,40.068805]},"properties":{"year":1960,"period":"1960","kind":"FHA"}},{"type":"Feature","geometry":{"type":"Point","coordinates":[-75.194533,40.033933]},"properties":{"year":1960,"period":"1960","kind":"FHA"}},{"type":"Feature","geometry":{"type":"Point","coordinates":[-75.209527,40.024046]},"properties":{"year":1960,"period":"1960","kind":"FHA"}},{"type":"Feature","geometry":{"type":"Point","coordinates":[-75.209526,40.023827]},"properties":{"year":1960,"period":"1960","kind":"FHA"}},{"type":"Feature","geometry":{"type":"Point","coordinates":[-75.052202,40.026362]},"properties":{"year":1960,"period":"1960","kind":"FHA"}},{"type":"Feature","geometry":{"type":"Point","coordinates":[-75.101684,40.007343]},"properties":{"year":1960,"period":"1960","kind":"FHA"}},{"type":"Feature","geometry":{"type":"Point","coordinates":[-75.11217,40.0175]},"properties":{"year":1960,"period":"1960","kind":"FHA"}},{"type":"Feature","geometry":{"type":"Point","coordinates":[-75.168379,40.066944]},"properties":{"year":1960,"period":"1960","kind":"FHA"}},{"type":"Feature","geometry":{"type":"Point","coordinates":[-75.15367,40.042207]},"properties":{"year":1960,"period":"1960","kind":"FHA"}},{"type":"Feature","geometry":{"type":"Point","coordinates":[-75.08308,40.042882]},"properties":{"year":1960,"period":"1960","kind":"FHA"}},{"type":"Feature","geometry":{"type":"Point","coordinates":[-75.070165,40.03042]},"properties":{"year":1960,"period":"1960","kind":"FHA"}},{"type":"Feature","geometry":{"type":"Point","coordinates":[-75.108206,39.98885]},"properties":{"year":1960,"period":"1960","kind":"FHA"}},{"type":"Feature","geometry":{"type":"Point","coordinates":[-75.12583,39.977823]},"properties":{"year":1960,"period":"1960","kind":"VA"}},{"type":"Feature","geometry":{"type":"Point","coordinates":[-75.184388,39.994042]},"properties":{"year":1960,"period":"1960","kind":"FHA"}},{"type":"Feature","geometry":{"type":"Point","coordinates":[-75.144314,40.05465]},"properties":{"year":1960,"period":"1960","kind":"FHA"}},{"type":"Feature","geometry":{"type":"Point","coordinates":[-75.162243,39.997279]},"properties":{"year":1960,"period":"1960","kind":"VA"}},{"type":"Feature","geometry":{"type":"Point","coordinates":[-75.241041,39.980238]},"properties":{"year":1960,"period":"1960","kind":"FHA"}},{"type":"Feature","geometry":{"type":"Point","coordinates":[-75.115581,39.988907]},"properties":{"year":1960,"period":"1960","kind":"VA"}},{"type":"Feature","geometry":{"type":"Point","coordinates":[-75.178237,39.91111]},"properties":{"year":1960,"period":"1960","kind":"VA"}},{"type":"Feature","geometry":{"type":"Point","coordinates":[-75.16888,40.028154]},"properties":{"year":1960,"period":"1960","kind":"FHA"}},{"type":"Feature","geometry":{"type":"Point","coordinates":[-75.168135,39.977413]},"properties":{"year":1960,"period":"1960","kind":"VA"}},{"type":"Feature","geometry":{"type":"Point","coordinates":[-75.188052,39.960264]},"properties":{"year":1960,"period":"1960","kind":"VA"}},{"type":"Feature","geometry":{"type":"Point","coordinates":[-75.184692,39.980286]},"properties":{"year":1960,"period":"1960","kind":"FHA"}},{"type":"Feature","geometry":{"type":"Point","coordinates":[-75.197243,40.013081]},"properties":{"year":1960,"period":"1960","kind":"VA"}},{"type":"Feature","geometry":{"type":"Point","coordinates":[-75.136274,40.028115]},"properties":{"year":1960,"period":"1960","kind":"FHA"}},{"type":"Feature","geometry":{"type":"Point","coordinates":[-75.139162,40.025706]},"properties":{"year":1960,"period":"1960","kind":"FHA"}},{"type":"Feature","geometry":{"type":"Point","coordinates":[-75.117618,40.029448]},"properties":{"year":1960,"period":"1960","kind":"FHA"}},{"type":"Feature","geometry":{"type":"Point","coordinates":[-75.17977,39.985077]},"properties":{"year":1960,"period":"1960","kind":"VA"}},{"type":"Feature","geometry":{"type":"Point","coordinates":[-75.209735,40.018509]},"properties":{"year":1960,"period":"1960","kind":"FHA"}},{"type":"Feature","geometry":{"type":"Point","coordinates":[-75.241711,39.980889]},"properties":{"year":1960,"period":"1960","kind":"VA"}},{"type":"Feature","geometry":{"type":"Point","coordinates":[-75.229647,39.948356]},"properties":{"year":1960,"period":"1960","kind":"FHA"}},{"type":"Feature","geometry":{"type":"Point","coordinates":[-75.246252,39.944169]},"properties":{"year":1960,"period":"1960","kind":"FHA"}},{"type":"Feature","geometry":{"type":"Point","coordinates":[-75.151174,39.94061]},"properties":{"year":1960,"period":"1960","kind":"FHA"}},{"type":"Feature","geometry":{"type":"Point","coordinates":[-75.228255,39.956331]},"properties":{"year":1960,"period":"1960","kind":"FHA"}},{"type":"Feature","geometry":{"type":"Point","coordinates":[-75.067302,40.019559]},"properties":{"year":1960,"period":"1960","kind":"FHA"}},{"type":"Feature","geometry":{"type":"Point","coordinates":[-75.033588,40.079553]},"properties":{"year":1960,"period":"1960","kind":"FHA"}},{"type":"Feature","geometry":{"type":"Point","coordinates":[-75.0387,40.036056]},"properties":{"year":1960,"period":"1960","kind":"FHA"}},{"type":"Feature","geometry":{"type":"Point","coordinates":[-75.081167,40.022936]},"properties":{"year":1960,"period":"1960","kind":"FHA"}},{"type":"Feature","geometry":{"type":"Point","coordinates":[-75.004354,40.065905]},"properties":{"year":1960,"period":"1960","kind":"FHA"}},{"type":"Feature","geometry":{"type":"Point","coordinates":[-75.166866,40.007591]},"properties":{"year":1960,"period":"1960","kind":"VA"}},{"type":"Feature","geometry":{"type":"Point","coordinates":[-75.120974,40.024488]},"properties":{"year":1960,"period":"1960","kind":"FHA"}},{"type":"Feature","geometry":{"type":"Point","coordinates":[-75.243269,39.948431]},"properties":{"year":1960,"period":"1960","kind":"FHA"}},{"type":"Feature","geometry":{"type":"Point","coordinates":[-75.22584,39.980671]},"properties":{"year":1960,"period":"1960","kind":"FHA"}},{"type":"Feature","geometry":{"type":"Point","coordinates":[-75.240909,39.978091]},"properties":{"year":1960,"period":"1960","kind":"VA"}},{"type":"Feature","geometry":{"type":"Point","coordinates":[-75.143003,39.990666]},"properties":{"year":1960,"period":"1960","kind":"FHA"}},{"type":"Feature","geometry":{"type":"Point","coordinates":[-75.141387,40.007246]},"properties":{"year":1960,"period":"1960","kind":"FHA"}},{"type":"Feature","geometry":{"type":"Point","coordinates":[-75.138116,40.01052]},"properties":{"year":1960,"period":"1960","kind":"VA"}},{"type":"Feature","geometry":{"type":"Point","coordinates":[-75.159453,39.990906]},"properties":{"year":1960,"period":"1960","kind":"VA"}},{"type":"Feature","geometry":{"type":"Point","coordinates":[-75.246042,39.954899]},"properties":{"year":1960,"period":"1960","kind":"FHA"}},{"type":"Feature","geometry":{"type":"Point","coordinates":[-75.231444,39.955486]},"properties":{"year":1960,"period":"1960","kind":"VA"}},{"type":"Feature","geometry":{"type":"Point","coordinates":[-75.241728,39.97836]},"properties":{"year":1960,"period":"1960","kind":"FHA"}},{"type":"Feature","geometry":{"type":"Point","coordinates":[-75.152251,39.941627]},"properties":{"year":1960,"period":"1960","kind":"FHA"}},{"type":"Feature","geometry":{"type":"Point","coordinates":[-75.138136,39.998194]},"properties":{"year":1960,"period":"1960","kind":"FHA"}},{"type":"Feature","geometry":{"type":"Point","coordinates":[-75.160392,40.050591]},"properties":{"year":1960,"period":"1960","kind":"FHA"}},{"type":"Feature","geometry":{"type":"Point","coordinates":[-75.148095,40.041435]},"properties":{"year":1960,"period":"1960","kind":"FHA"}},{"type":"Feature","geometry":{"type":"Point","coordinates":[-75.183245,40.057867]},"properties":{"year":1960,"period":"1960","kind":"VA"}},{"type":"Feature","geometry":{"type":"Point","coordinates":[-75.163744,39.988317]},"properties":{"year":1960,"period":"1960","kind":"VA"}},{"type":"Feature","geometry":{"type":"Point","coordinates":[-75.040194,40.034065]},"properties":{"year":1960,"period":"1960","kind":"FHA"}},{"type":"Feature","geometry":{"type":"Point","coordinates":[-75.227723,39.952345]},"properties":{"year":1960,"period":"1960","kind":"FHA"}},{"type":"Feature","geometry":{"type":"Point","coordinates":[-75.24377,39.958973]},"properties":{"year":1960,"period":"1960","kind":"VA"}},{"type":"Feature","geometry":{"type":"Point","coordinates":[-75.226656,39.948277]},"properties":{"year":1960,"period":"1960","kind":"FHA"}},{"type":"Feature","geometry":{"type":"Point","coordinates":[-75.161714,40.072449]},"properties":{"year":1960,"period":"1960","kind":"FHA"}},{"type":"Feature","geometry":{"type":"Point","coordinates":[-75.145881,39.997956]},"properties":{"year":1960,"period":"1960","kind":"VA"}},{"type":"Feature","geometry":{"type":"Point","coordinates":[-75.148621,40.014751]},"properties":{"year":1960,"period":"1960","kind":"FHA"}},{"type":"Feature","geometry":{"type":"Point","coordinates":[-75.161299,40.003427]},"properties":{"year":1960,"period":"1960","kind":"VA"}},{"type":"Feature","geometry":{"type":"Point","coordinates":[-75.228372,39.951826]},"properties":{"year":1960,"period":"1960","kind":"FHA"}},{"type":"Feature","geometry":{"type":"Point","coordinates":[-75.188629,39.93394]},"properties":{"year":1960,"period":"1960","kind":"FHA"}},{"type":"Feature","geometry":{"type":"Point","coordinates":[-75.181687,39.930941]},"properties":{"year":1960,"period":"1960","kind":"FHA"}},{"type":"Feature","geometry":{"type":"Point","coordinates":[-75.238384,40.05421]},"properties":{"year":1960,"period":"1960","kind":"FHA"}},{"type":"Feature","geometry":{"type":"Point","coordinates":[-75.264067,39.977165]},"properties":{"year":1960,"period":"1960","kind":"FHA"}},{"type":"Feature","geometry":{"type":"Point","coordinates":[-75.238411,39.949717]},"properties":{"year":1960,"period":"1960","kind":"FHA"}},{"type":"Feature","geometry":{"type":"Point","coordinates":[-75.237613,39.95044]},"properties":{"year":1960,"period":"1960","kind":"FHA"}},{"type":"Feature","geometry":{"type":"Point","coordinates":[-75.227637,39.957432]},"properties":{"year":1960,"period":"1960","kind":"FHA"}},{"type":"Feature","geometry":{"type":"Point","coordinates":[-75.150908,40.056481]},"properties":{"year":1960,"period":"1960","kind":"FHA"}},{"type":"Feature","geometry":{"type":"Point","coordinates":[-75.155109,40.050289]},"properties":{"year":1960,"period":"1960","kind":"FHA"}},{"type":"Feature","geometry":{"type":"Point","coordinates":[-75.115336,40.024373]},"properties":{"year":1960,"period":"1960","kind":"FHA"}},{"type":"Feature","geometry":{"type":"Point","coordinates":[-75.1003,39.99974]},"properties":{"year":1960,"period":"1960","kind":"VA"}},{"type":"Feature","geometry":{"type":"Point","coordinates":[-75.006266,40.056484]},"properties":{"year":1960,"period":"1960","kind":"FHA"}},{"type":"Feature","geometry":{"type":"Point","coordinates":[-75.082316,40.024013]},"properties":{"year":1960,"period":"1960","kind":"FHA"}},{"type":"Feature","geometry":{"type":"Point","coordinates":[-75.115427,40.019187]},"properties":{"year":1960,"period":"1960","kind":"FHA"}},{"type":"Feature","geometry":{"type":"Point","coordinates":[-75.066503,40.070077]},"properties":{"year":1960,"period":"1960","kind":"FHA"}},{"type":"Feature","geometry":{"type":"Point","coordinates":[-75.006516,40.056708]},"properties":{"year":1960,"period":"1960","kind":"FHA"}},{"type":"Feature","geometry":{"type":"Point","coordinates":[-75.08001,40.044211]},"properties":{"year":1960,"period":"1960","kind":"FHA"}},{"type":"Feature","geometry":{"type":"Point","coordinates":[-75.165316,39.977434]},"properties":{"year":1960,"period":"1960","kind":"VA"}},{"type":"Feature","geometry":{"type":"Point","coordinates":[-75.138571,39.989928]},"properties":{"year":1960,"period":"1960","kind":"VA"}},{"type":"Feature","geometry":{"type":"Point","coordinates":[-75.14893,39.998485]},"properties":{"year":1960,"period":"1960","kind":"VA"}},{"type":"Feature","geometry":{"type":"Point","coordinates":[-75.211809,39.976175]},"properties":{"year":1960,"period":"1960","kind":"VA"}},{"type":"Feature","geometry":{"type":"Point","coordinates":[-75.161396,40.003439]},"properties":{"year":1960,"period":"1960","kind":"VA"}},{"type":"Feature","geometry":{"type":"Point","coordinates":[-75.14143,39.988911]},"properties":{"year":1960,"period":"1960","kind":"VA"}},{"type":"Feature","geometry":{"type":"Point","coordinates":[-75.237261,39.953143]},"properties":{"year":1960,"period":"1960","kind":"FHA"}},{"type":"Feature","geometry":{"type":"Point","coordinates":[-75.155325,39.996011]},"properties":{"year":1960,"period":"1960","kind":"FHA"}},{"type":"Feature","geometry":{"type":"Point","coordinates":[-74.996005,40.103189]},"properties":{"year":1960,"period":"1960","kind":"FHA"}},{"type":"Feature","geometry":{"type":"Point","coordinates":[-75.052697,40.029102]},"properties":{"year":1960,"period":"1960","kind":"FHA"}},{"type":"Feature","geometry":{"type":"Point","coordinates":[-75.071099,40.013583]},"properties":{"year":1960,"period":"1960","kind":"FHA"}},{"type":"Feature","geometry":{"type":"Point","coordinates":[-75.220506,39.955853]},"properties":{"year":1960,"period":"1960","kind":"FHA"}},{"type":"Feature","geometry":{"type":"Point","coordinates":[-75.012746,40.062185]},"properties":{"year":1960,"period":"1960","kind":"FHA"}},{"type":"Feature","geometry":{"type":"Point","coordinates":[-75.148888,40.01538]},"properties":{"year":1960,"period":"1960","kind":"FHA"}},{"type":"Feature","geometry":{"type":"Point","coordinates":[-75.16043,40.037447]},"properties":{"year":1960,"period":"1960","kind":"FHA"}},{"type":"Feature","geometry":{"type":"Point","coordinates":[-75.138795,39.995656]},"properties":{"year":1960,"period":"1960","kind":"FHA"}},{"type":"Feature","geometry":{"type":"Point","coordinates":[-75.23974,39.913966]},"properties":{"year":1960,"period":"1960","kind":"FHA"}},{"type":"Feature","geometry":{"type":"Point","coordinates":[-75.199356,39.97303]},"properties":{"year":1960,"period":"1960","kind":"VA"}},{"type":"Feature","geometry":{"type":"Point","coordinates":[-75.242322,39.960029]},"properties":{"year":1960,"period":"1960","kind":"FHA"}},{"type":"Feature","geometry":{"type":"Point","coordinates":[-75.236072,39.978929]},"properties":{"year":1960,"period":"1960","kind":"FHA"}},{"type":"Feature","geometry":{"type":"Point","coordinates":[-75.241151,39.973732]},"properties":{"year":1960,"period":"1960","kind":"VA"}},{"type":"Feature","geometry":{"type":"Point","coordinates":[-75.078776,40.039686]},"properties":{"year":1960,"period":"1960","kind":"FHA"}},{"type":"Feature","geometry":{"type":"Point","coordinates":[-75.039352,40.105496]},"properties":{"year":1960,"period":"1960","kind":"FHA"}},{"type":"Feature","geometry":{"type":"Point","coordinates":[-75.039964,40.105641]},"properties":{"year":1960,"period":"1960","kind":"FHA"}},{"type":"Feature","geometry":{"type":"Point","coordinates":[-75.040094,40.105523]},"properties":{"year":1960,"period":"1960","kind":"FHA"}},{"type":"Feature","geometry":{"type":"Point","coordinates":[-75.040019,40.105587]},"properties":{"year":1960,"period":"1960","kind":"FHA"}},{"type":"Feature","geometry":{"type":"Point","coordinates":[-75.148241,39.975025]},"properties":{"year":1960,"period":"1960","kind":"VA"}},{"type":"Feature","geometry":{"type":"Point","coordinates":[-75.178425,39.987987]},"properties":{"year":1960,"period":"1960","kind":"VA"}},{"type":"Feature","geometry":{"type":"Point","coordinates":[-75.076752,40.008437]},"properties":{"year":1960,"period":"1960","kind":"FHA"}},{"type":"Feature","geometry":{"type":"Point","coordinates":[-75.152451,39.991398]},"properties":{"year":1960,"period":"1960","kind":"VA"}},{"type":"Feature","geometry":{"type":"Point","coordinates":[-75.096042,40.007408]},"properties":{"year":1960,"period":"1960","kind":"FHA"}},{"type":"Feature","geometry":{"type":"Point","coordinates":[-75.146271,39.98521]},"properties":{"year":1960,"period":"1960","kind":"VA"}},{"type":"Feature","geometry":{"type":"Point","coordinates":[-75.144694,39.995444]},"properties":{"year":1960,"period":"1960","kind":"FHA"}},{"type":"Feature","geometry":{"type":"Point","coordinates":[-75.236215,39.97855]},"properties":{"year":1960,"period":"1960","kind":"FHA"}},{"type":"Feature","geometry":{"type":"Point","coordinates":[-75.240078,39.959626]},"properties":{"year":1960,"period":"1960","kind":"FHA"}},{"type":"Feature","geometry":{"type":"Point","coordinates":[-75.228696,39.944079]},"properties":{"year":1960,"period":"1960","kind":"FHA"}},{"type":"Feature","geometry":{"type":"Point","coordinates":[-75.039834,40.038295]},"properties":{"year":1960,"period":"1960","kind":"FHA"}},{"type":"Feature","geometry":{"type":"Point","coordinates":[-75.065306,40.016209]},"properties":{"year":1960,"period":"1960","kind":"FHA"}},{"type":"Feature","geometry":{"type":"Point","coordinates":[-75.181092,40.058327]},"properties":{"year":1960,"period":"1960","kind":"FHA"}},{"type":"Feature","geometry":{"type":"Point","coordinates":[-75.152718,40.0612]},"properties":{"year":1960,"period":"1960","kind":"FHA"}},{"type":"Feature","geometry":{"type":"Point","coordinates":[-75.158604,40.057089]},"properties":{"year":1960,"period":"1960","kind":"FHA"}},{"type":"Feature","geometry":{"type":"Point","coordinates":[-75.158989,40.047191]},"properties":{"year":1960,"period":"1960","kind":"VA"}},{"type":"Feature","geometry":{"type":"Point","coordinates":[-75.146922,39.976286]},"properties":{"year":1960,"period":"1960","kind":"VA"}},{"type":"Feature","geometry":{"type":"Point","coordinates":[-75.180758,39.976131]},"properties":{"year":1960,"period":"1960","kind":"VA"}},{"type":"Feature","geometry":{"type":"Point","coordinates":[-75.151856,39.995036]},"properties":{"year":1960,"period":"1960","kind":"VA"}},{"type":"Feature","geometry":{"type":"Point","coordinates":[-75.175868,39.997077]},"properties":{"year":1960,"period":"1960","kind":"VA"}},{"type":"Feature","geometry":{"type":"Point","coordinates":[-75.181461,39.978132]},"properties":{"year":1960,"period":"1960","kind":"VA"}},{"type":"Feature","geometry":{"type":"Point","coordinates":[-75.143719,39.988129]},"properties":{"year":1960,"period":"1960","kind":"FHA"}},{"type":"Feature","geometry":{"type":"Point","coordinates":[-75.163571,39.995563]},"properties":{"year":1960,"period":"1960","kind":"VA"}},{"type":"Feature","geometry":{"type":"Point","coordinates":[-75.16323,39.987583]},"properties":{"year":1960,"period":"1960","kind":"VA"}},{"type":"Feature","geometry":{"type":"Point","coordinates":[-75.239491,39.913882]},"properties":{"year":1960,"period":"1960","kind":"FHA"}},{"type":"Feature","geometry":{"type":"Point","coordinates":[-75.031774,40.038039]},"properties":{"year":1960,"period":"1960","kind":"FHA"}},{"type":"Feature","geometry":{"type":"Point","coordinates":[-75.129913,40.031284]},"properties":{"year":1960,"period":"1960","kind":"FHA"}}]}