{"type":"FeatureCollection","features":[{"id":"413","type":"Feature","properties":{"GISJOIN":"G240510000011","pct_black":0.0},"geometry":{"type":"MultiPolygon","coordinates":[[[[-76.57044253694542,39.26444574909121],[-76.57037991111581,39.262112492175866],[-76.57175781739159,39.262075399343296],[-76.57136399951744,39.26246499984595],[-76.57193399991701,39.263499000436134],[-76.5712530004458,39.26368300027617],[-76.57138799979738,39.264405000409226],[-76.57044253694542,39.26444574909121]]],[[[-76.57046282690551,39.26495539910628],[-76.57204000031291,39.26473200050317],[-76.57205500032778,39.26491299996147],[-76.57046282690551,39.26495539910628]]],[[[-76.57054505410521,39.26691543077366],[-76.57050356248595,39.26591737661525],[-76.57140000030853,39.265882999677764],[-76.57180199943849,39.266559000263754],[-76.57089900014955,39.266831000345924],[-76.57274900010225,39.26690999994797],[-76.57054505410521,39.26691543077366]]],[[[-76.57058463628611,39.267936580590174],[-76.57276299971949,39.267854000342616],[-76.57283600009013,39.26846100032422],[-76.57060463005475,39.268487754979944],[-76.57058463628611,39.267936580590174]]],[[[-76.5706612058954,39.27015446281561],[-76.57232100030977,39.2697510002657],[-76.57232799986565,39.27007699972074],[-76.5706612058954,39.27015446281561]]],[[[-76.57070673406278,39.271671956976455],[-76.57255900051248,39.271459999974745],[-76.57255899991145,39.27161200033342],[-76.57070673406278,39.271671956976455]]],[[[-76.57072287306313,39.272229232224454],[-76.5718499996256,39.27205699978554],[-76.5718520004155,39.27218000000995],[-76.57072287306313,39.272229232224454]]],[[[-76.57131299976237,39.272779000144354],[-76.5715069995599,39.273939000266466],[-76.5707853322187,39.27434809139263],[-76.57073657329728,39.27279716683885],[-76.57131299976237,39.272779000144354]]],[[[-76.57097799990748,39.27634500032853],[-76.57085169480253,39.27500951099517],[-76.57268700032814,39.275007000504914],[-76.5719869997048,39.275405999910014],[-76.57097799990748,39.27634500032853]]],[[[-76.57097799990748,39.27634500032853],[-76.57561499989036,39.27721300029904],[-76.57614700065362,39.27673299974793],[-76.57532100042393,39.278216000402175],[-76.57674000051303,39.27853400019356],[-76.57708999989659,39.284206999829095],[-76.5713960000328,39.284422999632575],[-76.57097799990748,39.27634500032853]]]]}},{"id":"414","type":"Feature","properties":{"GISJOIN":"G240510000012","pct_black":0.0},"geometry":{"type":"Polygon","coordinates":[[[-76.57195400045075,39.29239600031129],[-76.5713960000328,39.284422999632575],[-76.57708999989659,39.284206999829095],[-76.57724199945748,39.28624200023921],[-76.57581400042213,39.28629999964164],[-76.57617400044415,39.292232000111206],[-76.57195400045075,39.29239600031129]]]}},{"id":"415","type":"Feature","properties":{"GISJOIN":"G240510000013","pct_black":0.0},"geometry":{"type":"Polygon","coordinates":[[[-76.57724199945748,39.28624200023921],[-76.57704299988939,39.28320999955724],[-76.5823440002026,39.282995999865754],[-76.58422200017212,39.28403000002727],[-76.58472200004255,39.29189099985554],[-76.57617400044415,39.292232000111206],[-76.57581400042213,39.28629999964164],[-76.57724199945748,39.28624200023921]]]}},{"id":"416","type":"Feature","properties":{"GISJOIN":"G240510000014","pct_black":0.0},"geometry":{"type":"Polygon","coordinates":[[[-76.57704299988939,39.28320999955724],[-76.57674000051303,39.27853400019356],[-76.57532100042393,39.278216000402175],[-76.57614700065362,39.27673299974793],[-76.57838899965822,39.277549999496976],[-76.5789419998536,39.276985000415955],[-76.57929499976058,39.27718599965029],[-76.57892199965099,39.277556999609196],[-76.58034699952383,39.27780899960722],[-76.58036299998906,39.27904300040064],[-76.57964999995602,39.279192999604646],[-76.579919999645,39.280169999844524],[-76.5806150002033,39.27986099972932],[-76.58339300031747,39.2816360001517],[-76.58406799992582,39.28113499973545],[-76.5837550003198,39.281842000129565],[-76.5852990001642,39.28277400016141],[-76.58589199954282,39.28246299955129],[-76.58547100009547,39.28287999998128],[-76.58589199953606,39.2827399999548],[-76.58585099943924,39.283322000253804],[-76.58688900017746,39.283229999812264],[-76.58705599991131,39.28585300015019],[-76.5843319998579,39.28595599953732],[-76.58422200017212,39.28403000002727],[-76.58258700030021,39.2830220001137],[-76.57704299988939,39.28320999955724]]]}},{"id":"417","type":"Feature","properties":{"GISJOIN":"G240510000015","pct_black":0.64},"geometry":{"type":"Polygon","coordinates":[[[-76.5843319998579,39.28595599953732],[-76.58705599991131,39.28585300015019],[-76.58741399963974,39.29181299966381],[-76.58472200004255,39.29189099985554],[-76.5843319998579,39.28595599953732]]]}},{"id":"418","type":"Feature","properties":{"GISJOIN":"G240510000021","pct_black":0.08},"geometry":{"type":"Polygon","coordinates":[[[-76.58705599991131,39.28585300015019],[-76.59011300044565,39.28573500025108],[-76.59046800056844,39.291678999909486],[-76.58741399963974,39.29181299966381],[-76.58705599991131,39.28585300015019]]]}},{"id":"419","type":"Feature","properties":{"GISJOIN":"G240510000022","pct_black":2.44},"geometry":{"type":"Polygon","coordinates":[[[-76.59011300044565,39.28573500025108],[-76.59355700028593,39.28557799969802],[-76.59394399963944,39.29154200039585],[-76.59046800056844,39.291678999909486],[-76.59011300044565,39.28573500025108]]]}},{"id":"420","type":"Feature","properties":{"GISJOIN":"G240510000023","pct_black":0.03},"geometry":{"type":"Polygon","coordinates":[[[-76.58688900017746,39.283229999812264],[-76.58802600040741,39.28330399979801],[-76.58827200051917,39.282426000273716],[-76.58770900028307,39.28213999986994],[-76.58871599967303,39.28206599990399],[-76.588084000326,39.281816000418054],[-76.58858899971206,39.28139000022902],[-76.58732599951848,39.281265000280605],[-76.58727900023196,39.28029999966242],[-76.58782499954808,39.2801370001136],[-76.58714400045571,39.2794540004511],[-76.58760599995516,39.27920599963848],[-76.58859500018835,39.27997699990353],[-76.58939399969557,39.27944899966594],[-76.59041900000749,39.280341000108905],[-76.59082899994668,39.28012699975876],[-76.59118100003204,39.28175299988798],[-76.59181300001933,39.28173000008183],[-76.59177600001684,39.28035899984025],[-76.59229400042332,39.28036699984344],[-76.5923899999078,39.281650999733586],[-76.59295600023371,39.28168400033723],[-76.59296399962325,39.28033299973744],[-76.59322499975006,39.28096199987693],[-76.5942009999454,39.28006900000177],[-76.59460700011846,39.280330000375265],[-76.59433500043151,39.27978900002253],[-76.59510700016264,39.279894999662986],[-76.59535500030775,39.28551000044536],[-76.58705599991131,39.28585300015019],[-76.58688900017746,39.283229999812264]]]}},{"id":"421","type":"Feature","properties":{"GISJOIN":"G240510000031","pct_black":46.88},"geometry":{"type":"Polygon","coordinates":[[[-76.59355700028593,39.28557799969802],[-76.59535500030775,39.28551000044536],[-76.59520100019229,39.283479000002124],[-76.59817199997798,39.28333000032977],[-76.59870100044236,39.291384999924425],[-76.59394399963944,39.29154200039585],[-76.59355700028593,39.28557799969802]]]}},{"id":"422","type":"Feature","properties":{"GISJOIN":"G240510000032","pct_black":26.73},"geometry":{"type":"MultiPolygon","coordinates":[[[[-76.5950790005447,39.277199000093496],[-76.59897699941168,39.276916000086075],[-76.60013700010117,39.27776000005861],[-76.59874299951514,39.27731899979976],[-76.5950790005447,39.277199000093496]]],[[[-76.59870100044236,39.291384999924425],[-76.59817199997798,39.28333000032977],[-76.59520100019229,39.283479000002124],[-76.59527300037992,39.27979500046205],[-76.59456199953199,39.27920500008757],[-76.59536399959457,39.27967599966272],[-76.59643400052883,39.27858100006736],[-76.59650099973722,39.27922899967683],[-76.59959399939785,39.27887800009612],[-76.60065299956695,39.27948899961562],[-76.60028399976176,39.281509999642566],[-76.59676100021804,39.282279999828624],[-76.60292699971546,39.28213500016196],[-76.60491700044918,39.28673199979395],[-76.60365600018704,39.28285299961783],[-76.60400999964969,39.282893999985745],[-76.6051499996371,39.286689000280674],[-76.60510700019346,39.28819400001089],[-76.60614699953052,39.28987399977923],[-76.59870100044236,39.291384999924425]]]]}},{"id":"423","type":"Feature","properties":{"GISJOIN":"G240510000041","pct_black":3.39},"geometry":{"type":"Polygon","coordinates":[[[-76.61016200037548,39.29464500030121],[-76.60949999994908,39.29352399969726],[-76.60677800006098,39.2915250003739],[-76.60510700019346,39.28819400001089],[-76.60400999964969,39.282893999985745],[-76.6047790000083,39.28438300021089],[-76.6052439997476,39.284299999638435],[-76.60505299966125,39.28325200000827],[-76.60603600044817,39.28370899967057],[-76.60633500010773,39.28661699970524],[-76.60676300029404,39.286574999702715],[-76.60659500004999,39.28393400037388],[-76.60737100042172,39.28420200021916],[-76.60766399960436,39.28655799965654],[-76.60808099992916,39.28654199968808],[-76.60792299959859,39.28433399971646],[-76.60861100066963,39.284546999677794],[-76.60877700044551,39.28597099987827],[-76.61074400020868,39.285916000417],[-76.61111400008829,39.28522900039109],[-76.61113800033695,39.286628000038895],[-76.6221289994467,39.28625700003973],[-76.62257100042997,39.29383699986729],[-76.62119899945345,39.2939149998736],[-76.62125899968915,39.29488900029885],[-76.61129493479646,39.29516969034298],[-76.61125500054438,39.29462199986718],[-76.61016200037548,39.29464500030121]]]}},{"id":"424","type":"Feature","properties":{"GISJOIN":"G240510000042","pct_black":88.33},"geometry":{"type":"Polygon","coordinates":[[[-76.6221289994467,39.28625700003973],[-76.6273289997265,39.286065999584146],[-76.63135700043465,39.29345600008232],[-76.62257100042997,39.29383699986729],[-76.6221289994467,39.28625700003973]]]}},{"id":"425","type":"Feature","properties":{"GISJOIN":"G240510000051","pct_black":90.15},"geometry":{"type":"Polygon","coordinates":[[[-76.59759699994169,39.29825100044462],[-76.5971689995757,39.29142799968841],[-76.5999439998109,39.29132100022711],[-76.60605100046568,39.289898999782764],[-76.60703199996105,39.291830999618035],[-76.60628872952826,39.29219634176222],[-76.60373576315874,39.29311352106263],[-76.60300600053156,39.291640999660395],[-76.60161499996009,39.29199200004825],[-76.60191099980663,39.2981070002772],[-76.59759699994169,39.29825100044462]]]}},{"id":"426","type":"Feature","properties":{"GISJOIN":"G240510000052","pct_black":96.26},"geometry":{"type":"Polygon","coordinates":[[[-76.60703199996105,39.291830999618035],[-76.60997699993067,39.294093000055],[-76.60991500060429,39.29637199985946],[-76.61045100022872,39.29775299987489],[-76.60191099980663,39.2981070002772],[-76.60161499996009,39.29199200004825],[-76.60300600053156,39.291640999660395],[-76.60373576315874,39.29311352106263],[-76.60703199996105,39.291830999618035]]]}},{"id":"427","type":"Feature","properties":{"GISJOIN":"G240510000061","pct_black":0.0},"geometry":{"type":"Polygon","coordinates":[[[-76.57238000007752,39.29238100010748],[-76.57762300005946,39.29217799958449],[-76.57795500043622,39.29691100018947],[-76.57259700054458,39.29711499997537],[-76.57238000007752,39.29238100010748]]]}},{"id":"428","type":"Feature","properties":{"GISJOIN":"G240510000062","pct_black":1.04},"geometry":{"type":"Polygon","coordinates":[[[-76.57762300005946,39.29217799958449],[-76.5833250004086,39.29195600043757],[-76.58358499956447,39.29668700033865],[-76.57795500043622,39.29691100018947],[-76.57762300005946,39.29217799958449]]]}},{"id":"429","type":"Feature","properties":{"GISJOIN":"G240510000063","pct_black":6.73},"geometry":{"type":"Polygon","coordinates":[[[-76.5833250004086,39.29195600043757],[-76.58741399963974,39.29181299966381],[-76.5877300001542,39.29651900039228],[-76.58358499956447,39.29668700033865],[-76.5833250004086,39.29195600043757]]]}},{"id":"430","type":"Feature","properties":{"GISJOIN":"G240510000064","pct_black":48.25},"geometry":{"type":"Polygon","coordinates":[[[-76.58741399963974,39.29181299966381],[-76.59177699956366,39.291615999619204],[-76.59203399453921,39.29637801385834],[-76.5877300001542,39.29651900039228],[-76.58741399963974,39.29181299966381]]]}},{"id":"431","type":"Feature","properties":{"GISJOIN":"G240510000065","pct_black":60.01},"geometry":{"type":"Polygon","coordinates":[[[-76.59177699956366,39.291615999619204],[-76.5971689995757,39.29142799968841],[-76.59747500062424,39.29613599990162],[-76.59203399453921,39.29637801385834],[-76.59177699956366,39.291615999619204]]]}},{"id":"432","type":"Feature","properties":{"GISJOIN":"G240510000071","pct_black":0.06},"geometry":{"type":"Polygon","coordinates":[[[-76.57279300006735,39.302720999761455],[-76.57259700054458,39.29711499997537],[-76.57795500043622,39.29691100018947],[-76.57827799982084,39.302548999885545],[-76.57279300006735,39.302720999761455]]]}},{"id":"433","type":"Feature","properties":{"GISJOIN":"G240510000072","pct_black":0.0},"geometry":{"type":"Polygon","coordinates":[[[-76.57795500043622,39.29691100018947],[-76.58358499956447,39.29668700033865],[-76.58390299977978,39.30180699979629],[-76.58535400025146,39.30189699978934],[-76.58535800013468,39.30229700045326],[-76.57827799982084,39.302548999885545],[-76.57795500043622,39.29691100018947]]]}},{"id":"434","type":"Feature","properties":{"GISJOIN":"G240510000073","pct_black":12.22},"geometry":{"type":"Polygon","coordinates":[[[-76.58535800013468,39.30229700045326],[-76.58535400025146,39.30189699978934],[-76.58390299977978,39.30180699979629],[-76.58358499956447,39.29668700033865],[-76.5877300001542,39.29651900039228],[-76.58813500039689,39.30321800006581],[-76.58535800013468,39.30229700045326]]]}},{"id":"435","type":"Feature","properties":{"GISJOIN":"G240510000074","pct_black":95.91},"geometry":{"type":"Polygon","coordinates":[[[-76.58813500039689,39.30321800006581],[-76.58799800037437,39.30075699979223],[-76.59773899995372,39.300401999803405],[-76.59791999939591,39.303106000340684],[-76.58813500039689,39.30321800006581]]]}},{"id":"436","type":"Feature","properties":{"GISJOIN":"G240510000075","pct_black":54.82},"geometry":{"type":"Polygon","coordinates":[[[-76.5877300001542,39.29651900039228],[-76.59747500062424,39.29613599990162],[-76.59773899995372,39.300401999803405],[-76.58799800037437,39.30075699979223],[-76.5877300001542,39.29651900039228]]]}},{"id":"437","type":"Feature","properties":{"GISJOIN":"G240510000081","pct_black":0.03},"geometry":{"type":"Polygon","coordinates":[[[-76.57303999958465,39.33929500038181],[-76.57278167058324,39.32098107855656],[-76.57314499994666,39.31431600037216],[-76.59056999948032,39.31430400022381],[-76.59056699997276,39.315352999733165],[-76.5898810000634,39.31612299995499],[-76.5948870002543,39.31724299980633],[-76.58997800001917,39.32186099985007],[-76.58743300014132,39.323549999958246],[-76.58370200024054,39.32802100030909],[-76.57651699987356,39.33385599983654],[-76.57303999958465,39.33929500038181]]]}},{"id":"438","type":"Feature","properties":{"GISJOIN":"G240510000082","pct_black":77.48},"geometry":{"type":"Polygon","coordinates":[[[-76.57304600052029,39.309338000185974],[-76.58850699957365,39.30867899949798],[-76.5888119998757,39.31434299956256],[-76.57314499994666,39.31431600037216],[-76.57304600052029,39.309338000185974]]]}},{"id":"439","type":"Feature","properties":{"GISJOIN":"G240510000083","pct_black":85.62},"geometry":{"type":"Polygon","coordinates":[[[-76.57279300006735,39.302720999761455],[-76.58390099992499,39.30231299986518],[-76.5843650002875,39.30892899960751],[-76.57304600052029,39.309338000185974],[-76.57279300006735,39.302720999761455]]]}},{"id":"440","type":"Feature","properties":{"GISJOIN":"G240510000084","pct_black":81.53},"geometry":{"type":"Polygon","coordinates":[[[-76.58390099992499,39.30231299986518],[-76.58619200023594,39.302415999832945],[-76.58813500039689,39.30321800006581],[-76.58850699957365,39.30867899949798],[-76.5843650002875,39.30892899960751],[-76.58390099992499,39.30231299986518]]]}},{"id":"441","type":"Feature","properties":{"GISJOIN":"G240510000085","pct_black":82.73},"geometry":{"type":"Polygon","coordinates":[[[-76.5888119998757,39.31434299956256],[-76.58861699980628,39.310903000112134],[-76.59837999932265,39.31052600030395],[-76.59847700006344,39.31199200012093],[-76.5993699999254,39.311941999870776],[-76.59872699950934,39.313438000205664],[-76.5948870002543,39.31724299980633],[-76.5898810000634,39.31612299995499],[-76.59056699997276,39.315352999733165],[-76.59056999948032,39.31430400022381],[-76.5888119998757,39.31434299956256]]]}},{"id":"442","type":"Feature","properties":{"GISJOIN":"G240510000086","pct_black":90.02},"geometry":{"type":"Polygon","coordinates":[[[-76.58850699957365,39.30867899949798],[-76.59088799984642,39.308710000149105],[-76.59080600030704,39.307659000244286],[-76.59818300022832,39.307354999750046],[-76.59837999932265,39.31052600030395],[-76.58861699980628,39.310903000112134],[-76.58850699957365,39.30867899949798]]]}},{"id":"443","type":"Feature","properties":{"GISJOIN":"G240510000087","pct_black":94.82},"geometry":{"type":"Polygon","coordinates":[[[-76.58850699957365,39.30867899949798],[-76.58814699982308,39.303489000069696],[-76.59791999939591,39.303106000340684],[-76.59818300022832,39.307354999750046],[-76.59080600030704,39.307659000244286],[-76.59088799984642,39.308710000149105],[-76.58850699957365,39.30867899949798]]]}},{"id":"444","type":"Feature","properties":{"GISJOIN":"G240510000091","pct_black":0.85},"geometry":{"type":"Polygon","coordinates":[[[-76.59545200047377,39.33405000039334],[-76.60754800020453,39.33404600031727],[-76.60753699991926,39.33448300011209],[-76.609508000021,39.334455999697695],[-76.60955200014345,39.34023999969955],[-76.60017251232608,39.3404091161182],[-76.59943900045607,39.33796400051745],[-76.59545200047377,39.33405000039334]]]}},{"id":"445","type":"Feature","properties":{"GISJOIN":"G240510000092","pct_black":3.73},"geometry":{"type":"Polygon","coordinates":[[[-76.57303999958465,39.33929500038181],[-76.57453300052602,39.337460000083915],[-76.5757619997962,39.33463899975675],[-76.58453000030431,39.32701799983633],[-76.58933399992803,39.327296999768215],[-76.58931099943031,39.328364000017764],[-76.59514500047214,39.328347000235794],[-76.59490099980849,39.33441700040327],[-76.59545200047377,39.33405000039334],[-76.59883299974202,39.33724599965898],[-76.60021799942893,39.33981500032612],[-76.60017243000598,39.34040985486046],[-76.57312430266718,39.34035322932692],[-76.57303999958465,39.33929500038181]]]}},{"id":"446","type":"Feature","properties":{"GISJOIN":"G240510000093","pct_black":0.06},"geometry":{"type":"Polygon","coordinates":[[[-76.59514500047214,39.328347000235794],[-76.609428000437,39.32831400041877],[-76.609508000021,39.334455999697695],[-76.59578800046758,39.33400599967016],[-76.59490099980849,39.33441700040327],[-76.59514500047214,39.328347000235794]]]}},{"id":"447","type":"Feature","properties":{"GISJOIN":"G240510000094","pct_black":7.18},"geometry":{"type":"Polygon","coordinates":[[[-76.60581200032173,39.31945699996107],[-76.60950899987468,39.319518999757086],[-76.60942600001323,39.325399999895936],[-76.60886400031119,39.3264699996721],[-76.60146799971245,39.323706999711554],[-76.60581200032173,39.31945699996107]]]}},{"id":"448","type":"Feature","properties":{"GISJOIN":"G240510000095","pct_black":0.44},"geometry":{"type":"Polygon","coordinates":[[[-76.59392900013145,39.326224999831204],[-76.60148900035622,39.31879000007355],[-76.60581200032173,39.31945699996107],[-76.60146799971245,39.323706999711554],[-76.60745500007246,39.32624999974454],[-76.60886400031119,39.3264699996721],[-76.60942600001323,39.325399999895936],[-76.609428000437,39.32831400041877],[-76.59514500047214,39.328347000235794],[-76.59392900013145,39.326224999831204]]]}},{"id":"449","type":"Feature","properties":{"GISJOIN":"G240510000096","pct_black":0.05},"geometry":{"type":"Polygon","coordinates":[[[-76.58453000030431,39.32701799983633],[-76.58743300014132,39.323549999958246],[-76.59065799999473,39.32123899982621],[-76.59281400002538,39.3232090003137],[-76.59514500047214,39.328347000235794],[-76.58931099943031,39.328364000017764],[-76.58933399992803,39.327296999768215],[-76.58453000030431,39.32701799983633]]]}},{"id":"450","type":"Feature","properties":{"GISJOIN":"G240510000097","pct_black":31.96},"geometry":{"type":"Polygon","coordinates":[[[-76.59065799999473,39.32123899982621],[-76.5948870002543,39.31724299980633],[-76.60148900035622,39.31879000007355],[-76.59392900013145,39.326224999831204],[-76.59281400002538,39.3232090003137],[-76.59065799999473,39.32123899982621]]]}},{"id":"451","type":"Feature","properties":{"GISJOIN":"G240510000098","pct_black":81.67},"geometry":{"type":"Polygon","coordinates":[[[-76.60148900035622,39.31879000007355],[-76.5948870002543,39.31724299980633],[-76.59872699950934,39.313438000205664],[-76.5993699999254,39.311941999870776],[-76.60413100027515,39.311717000003426],[-76.6037480003096,39.306077999915644],[-76.60848499965404,39.30594400001493],[-76.60948999962932,39.31118099975354],[-76.60950899987468,39.319518999757086],[-76.60148900035622,39.31879000007355]]]}},{"id":"452","type":"Feature","properties":{"GISJOIN":"G240510000099","pct_black":81.66},"geometry":{"type":"Polygon","coordinates":[[[-76.59847700006344,39.31199200012093],[-76.59806900009734,39.30522200023433],[-76.60819899999258,39.30483899992838],[-76.60848499965404,39.30594400001493],[-76.6037480003096,39.306077999915644],[-76.60413100027515,39.311717000003426],[-76.59847700006344,39.31199200012093]]]}},{"id":"453","type":"Feature","properties":{"GISJOIN":"G240510000101","pct_black":83.66},"geometry":{"type":"Polygon","coordinates":[[[-76.59806900009734,39.30522200023433],[-76.59782899995723,39.30174399986078],[-76.61092000017636,39.30125000021058],[-76.6109589998361,39.30263899964313],[-76.61194199965384,39.30362400019913],[-76.61199699957045,39.304691999874386],[-76.59806900009734,39.30522200023433]]]}},{"id":"454","type":"Feature","properties":{"GISJOIN":"G240510000102","pct_black":86.05},"geometry":{"type":"Polygon","coordinates":[[[-76.59782899995723,39.30174399986078],[-76.59759699994169,39.29825100044462],[-76.61045100022872,39.29775299987489],[-76.61111499998502,39.29878000005263],[-76.61092000017636,39.30125000021058],[-76.6098309996677,39.3012739998435],[-76.61024130961145,39.298808906897264],[-76.60740400068168,39.2989359996826],[-76.60803399981405,39.30132800008355],[-76.59782899995723,39.30174399986078]]]}},{"id":"455","type":"Feature","properties":{"GISJOIN":"G240510000103","pct_black":62.03},"geometry":{"type":"Polygon","coordinates":[[[-76.6098309996677,39.3012739998435],[-76.60803399981405,39.30132800008355],[-76.60740400068168,39.2989359996826],[-76.61024130961145,39.298808906897264],[-76.6098309996677,39.3012739998435]]]}},{"id":"456","type":"Feature","properties":{"GISJOIN":"G240510000111","pct_black":3.18},"geometry":{"type":"Polygon","coordinates":[[[-76.61212399995999,39.30590199974067],[-76.61194199965384,39.30362400019913],[-76.6109589998361,39.30263899964313],[-76.61111499998502,39.29878000005263],[-76.60991500060429,39.29637199985946],[-76.61016200037548,39.29464500030121],[-76.61125500054438,39.29462199986718],[-76.61129493479646,39.29516969034298],[-76.61434499971749,39.295215000155494],[-76.6139909995739,39.29641200030726],[-76.61466000045031,39.30609300052002],[-76.61212399995999,39.30590199974067]]]}},{"id":"457","type":"Feature","properties":{"GISJOIN":"G240510000112","pct_black":1.28},"geometry":{"type":"Polygon","coordinates":[[[-76.61466000045031,39.30609300052002],[-76.6139909995739,39.29641200030726],[-76.61434499971749,39.295215000155494],[-76.61832400004808,39.29501100024679],[-76.61877380998173,39.30234522117904],[-76.62402200023914,39.30689200024633],[-76.61979955207099,39.31010035440526],[-76.61938545872339,39.30857189166611],[-76.61466000045031,39.30609300052002]]]}},{"id":"458","type":"Feature","properties":{"GISJOIN":"G240510000113","pct_black":28.99},"geometry":{"type":"Polygon","coordinates":[[[-76.61832400004808,39.29501100024679],[-76.62125899968915,39.29488900029885],[-76.6213839996983,39.2966330002141],[-76.62404899966482,39.29835699994309],[-76.6190909786858,39.30279769708778],[-76.61832400004808,39.29501100024679]]]}},{"id":"459","type":"Feature","properties":{"GISJOIN":"G240510000114","pct_black":71.12},"geometry":{"type":"Polygon","coordinates":[[[-76.6190909786858,39.30279769708778],[-76.62404899966482,39.29835699994309],[-76.62955400051217,39.302800000156715],[-76.62402200023914,39.30689200024633],[-76.6190909786858,39.30279769708778]]]}},{"id":"460","type":"Feature","properties":{"GISJOIN":"G240510000121","pct_black":0.86},"geometry":{"type":"Polygon","coordinates":[[[-76.60955200014345,39.34023999969955],[-76.60947599982961,39.3309649997958],[-76.61204300060584,39.33149299968145],[-76.61400500013686,39.332686000082184],[-76.61497899976364,39.3326640000394],[-76.61627299995567,39.331472999714876],[-76.6240359999472,39.336598000324656],[-76.62575328398323,39.34011353928163],[-76.60955200014345,39.34023999969955]]]}},{"id":"461","type":"Feature","properties":{"GISJOIN":"G240510000122","pct_black":3.01},"geometry":{"type":"Polygon","coordinates":[[[-76.60947599982961,39.3309649997958],[-76.60945599990784,39.32344299970306],[-76.61998599965888,39.32310999993548],[-76.62055300039144,39.32468700029954],[-76.62304899955025,39.32638199957885],[-76.62500199949305,39.32574500029375],[-76.62534799931368,39.326224000329525],[-76.62497300048271,39.32782400033721],[-76.6259169997255,39.3311580002173],[-76.62421800006604,39.332227999905164],[-76.62376000008791,39.33393399985988],[-76.6240359999472,39.336598000324656],[-76.61627299995567,39.331472999714876],[-76.61497899976364,39.3326640000394],[-76.61400500013686,39.332686000082184],[-76.61204300060584,39.33149299968145],[-76.60947599982961,39.3309649997958]]]}},{"id":"462","type":"Feature","properties":{"GISJOIN":"G240510000123","pct_black":18.15},"geometry":{"type":"Polygon","coordinates":[[[-76.60945599990784,39.32344299970306],[-76.60948999955754,39.31623399994327],[-76.61530200048443,39.31641300009056],[-76.61574300042155,39.32328700040519],[-76.60945599990784,39.32344299970306]]]}},{"id":"463","type":"Feature","properties":{"GISJOIN":"G240510000124","pct_black":76.65},"geometry":{"type":"Polygon","coordinates":[[[-76.60948999955754,39.31623399994327],[-76.6094970002595,39.31140500022177],[-76.61496399958037,39.31119700004493],[-76.61530200048443,39.31641300009056],[-76.60948999955754,39.31623399994327]]]}},{"id":"464","type":"Feature","properties":{"GISJOIN":"G240510000125","pct_black":57.93},"geometry":{"type":"Polygon","coordinates":[[[-76.6094970002595,39.31140500022177],[-76.60819899999258,39.30483899992838],[-76.61199699957045,39.304691999874386],[-76.61212399995999,39.30590199974067],[-76.61550800000036,39.30641400031041],[-76.61938545872339,39.30857189166611],[-76.62025099946025,39.31097199989632],[-76.61931500025094,39.310954999878746],[-76.61946199969694,39.313126999741904],[-76.61740199971457,39.31321500040531],[-76.61513200043494,39.31327899996862],[-76.61496399958037,39.31119700004493],[-76.6094970002595,39.31140500022177]]]}},{"id":"465","type":"Feature","properties":{"GISJOIN":"G240510000126","pct_black":3.68},"geometry":{"type":"Polygon","coordinates":[[[-76.61574300042155,39.32328700040519],[-76.61513200043494,39.31327899996862],[-76.61807300005611,39.313185000433876],[-76.61855100036499,39.32060200034735],[-76.62088100038605,39.32060099970354],[-76.62500199949305,39.32574500029375],[-76.6231570000657,39.32644099979112],[-76.62055300039144,39.32468700029954],[-76.62006799946725,39.32312900029941],[-76.61574300042155,39.32328700040519]]]}},{"id":"466","type":"Feature","properties":{"GISJOIN":"G240510000127","pct_black":19.64},"geometry":{"type":"Polygon","coordinates":[[[-76.62534799931368,39.326224000329525],[-76.62088100038605,39.32060099970354],[-76.61855100036499,39.32060200034735],[-76.61807300005611,39.313185000433876],[-76.61946199969694,39.313126999741904],[-76.61931500025094,39.310954999878746],[-76.62025099946025,39.31097199989632],[-76.62441600016757,39.31399100038551],[-76.62852699952279,39.31927300028392],[-76.62723799979376,39.32065299992366],[-76.62617700050762,39.32084299983365],[-76.62602300015992,39.32533599973757],[-76.62534799931368,39.326224000329525]]]}},{"id":"467","type":"Feature","properties":{"GISJOIN":"G240510000131","pct_black":48.84},"geometry":{"type":"Polygon","coordinates":[[[-76.62025099946025,39.31097199989632],[-76.62511100046675,39.31076399989915],[-76.62804100056907,39.31465599968564],[-76.63015499970021,39.313668999589545],[-76.63138800008731,39.313644000296165],[-76.6314119993325,39.31441900030835],[-76.63468799944486,39.31436700021938],[-76.63778299996974,39.31261500026777],[-76.64030299985848,39.31513900031099],[-76.63690300008295,39.31691399993066],[-76.63060099971632,39.31701300004932],[-76.62852699952279,39.31927300028392],[-76.62461900044346,39.31419099992811],[-76.62025099946025,39.31097199989632]]]}},{"id":"468","type":"Feature","properties":{"GISJOIN":"G240510000132","pct_black":65.57},"geometry":{"type":"Polygon","coordinates":[[[-76.62511100046675,39.31076399989915],[-76.63389600057013,39.310335000089744],[-76.63668300029371,39.31324600038671],[-76.63459200040322,39.31438599983646],[-76.6314119993325,39.31441900030835],[-76.63138800008731,39.313644000296165],[-76.63015499970021,39.313668999589545],[-76.62804100056907,39.31465599968564],[-76.62511100046675,39.31076399989915]]]}},{"id":"469","type":"Feature","properties":{"GISJOIN":"G240510000133","pct_black":93.23},"geometry":{"type":"Polygon","coordinates":[[[-76.64030299985848,39.31513900031099],[-76.63778299996974,39.31261500026777],[-76.63668300029371,39.31324600038671],[-76.63389600057013,39.310335000089744],[-76.6425139999803,39.31008899966159],[-76.6463159994939,39.31324800037161],[-76.64361799997981,39.3158060001504],[-76.64184900055922,39.314031999696034],[-76.64030299985848,39.31513900031099]]]}},{"id":"470","type":"Feature","properties":{"GISJOIN":"G240510000134","pct_black":95.08},"geometry":{"type":"Polygon","coordinates":[[[-76.63626400003587,39.325779999631244],[-76.6322890005485,39.32348399984476],[-76.6309690005579,39.32071299971461],[-76.63053599975342,39.32098699973892],[-76.62941600020986,39.31924900000475],[-76.62994200044797,39.31728200029803],[-76.63700399986729,39.31688899974106],[-76.64184900055922,39.314031999696034],[-76.64361799997981,39.3158060001504],[-76.6463159994939,39.31324800037161],[-76.65215500008537,39.31818499990988],[-76.65756000002983,39.32542900044322],[-76.65476599993322,39.330122000047744],[-76.65189099982088,39.33105099959152],[-76.64619099996055,39.32990500034117],[-76.64489099941957,39.33090500030817],[-76.64459100015806,39.329704999710366],[-76.64336600042539,39.330118000081846],[-76.64176199969474,39.32796500025367],[-76.63999399956128,39.3266749998658],[-76.63626400003587,39.325779999631244]]]}},{"id":"471","type":"Feature","properties":{"GISJOIN":"G240510000135","pct_black":0.06},"geometry":{"type":"Polygon","coordinates":[[[-76.62534799931368,39.326224000329525],[-76.62611000003645,39.324911000344166],[-76.62617700050762,39.32084299983365],[-76.62723799979376,39.32065299992366],[-76.62920100020939,39.3187330002426],[-76.63053599975342,39.32098699973892],[-76.6309690005579,39.32071299971461],[-76.6322890005485,39.32348399984476],[-76.63430000019379,39.324736999655855],[-76.63289300045152,39.32563200025032],[-76.63257799977792,39.32689999997844],[-76.62624000021489,39.32711599960125],[-76.62534799931368,39.326224000329525]]]}},{"id":"472","type":"Feature","properties":{"GISJOIN":"G240510000136","pct_black":0.09},"geometry":{"type":"Polygon","coordinates":[[[-76.6251884693611,39.32872342772852],[-76.62534799931368,39.326224000329525],[-76.62624000021489,39.32711599960125],[-76.63257799977792,39.32689999997844],[-76.63449700017493,39.329229999988215],[-76.63547599955889,39.33264599963631],[-76.6313589995199,39.33281399961296],[-76.63125400053728,39.33117199986826],[-76.6267590004604,39.3313299996831],[-76.62661299982419,39.32877600021484],[-76.6251884693611,39.32872342772852]]]}},{"id":"473","type":"Feature","properties":{"GISJOIN":"G240510000137","pct_black":4.33},"geometry":{"type":"Polygon","coordinates":[[[-76.6240359999472,39.336598000324656],[-76.62376000008791,39.33393399985988],[-76.62421800006604,39.332227999905164],[-76.6259169997255,39.3311580002173],[-76.6251884693611,39.32872342772852],[-76.62661299982419,39.32877600021484],[-76.6267590004604,39.3313299996831],[-76.63125400053728,39.33117199986826],[-76.6313589995199,39.33281399961296],[-76.63547599955889,39.33264599963631],[-76.63679000010772,39.33683800023952],[-76.63900161019268,39.34006474628838],[-76.62575328398323,39.34011353928163],[-76.6240359999472,39.336598000324656]]]}},{"id":"474","type":"Feature","properties":{"GISJOIN":"G240510000138","pct_black":0.23},"geometry":{"type":"Polygon","coordinates":[[[-76.63679000010772,39.33683800023952],[-76.63449700017493,39.329229999988215],[-76.63257799977792,39.32689999997844],[-76.63289300045152,39.32563200025032],[-76.63430000019379,39.324736999655855],[-76.63626400003587,39.325779999631244],[-76.63999399956128,39.3266749998658],[-76.64176199969474,39.32796500025367],[-76.64336600042539,39.330118000081846],[-76.64459100015806,39.329704999710366],[-76.64489099941957,39.33090500030817],[-76.64619099996055,39.32990500034117],[-76.65189099982088,39.33105099959152],[-76.65403200034648,39.330291000150865],[-76.65592199973098,39.333358999739175],[-76.65648900053316,39.3375539999215],[-76.65782900030851,39.33906900045752],[-76.65797931656024,39.340031613214826],[-76.63900161019268,39.34006474628838],[-76.63679000010772,39.33683800023952]]]}},{"id":"475","type":"Feature","properties":{"GISJOIN":"G240510000141","pct_black":46.47},"geometry":{"type":"Polygon","coordinates":[[[-76.61979955207099,39.31010035440526],[-76.62690500051657,39.30478399983925],[-76.63365799944124,39.31034099989907],[-76.62025099946025,39.31097199989632],[-76.61979955207099,39.31010035440526]]]}},{"id":"476","type":"Feature","properties":{"GISJOIN":"G240510000142","pct_black":95.55},"geometry":{"type":"Polygon","coordinates":[[[-76.62690500051657,39.30478399983925],[-76.6344750000024,39.29914200042324],[-76.63682899973273,39.30342100023802],[-76.63076100034384,39.307947000428506],[-76.62690500051657,39.30478399983925]]]}},{"id":"477","type":"Feature","properties":{"GISJOIN":"G240510000143","pct_black":96.13},"geometry":{"type":"Polygon","coordinates":[[[-76.63076100034384,39.307947000428506],[-76.63682899973273,39.30342100023802],[-76.63882300028433,39.306991999703214],[-76.6425139999803,39.31008899966159],[-76.63365799944124,39.31034099989907],[-76.63076100034384,39.307947000428506]]]}},{"id":"478","type":"Feature","properties":{"GISJOIN":"G240510000151","pct_black":99.34},"geometry":{"type":"Polygon","coordinates":[[[-76.63682899973273,39.30342100023802],[-76.64464300005625,39.30317600006114],[-76.64500599950375,39.3099439996831],[-76.6425139999803,39.31008899966159],[-76.63882300028433,39.306991999703214],[-76.63682899973273,39.30342100023802]]]}},{"id":"479","type":"Feature","properties":{"GISJOIN":"G2405100001510","pct_black":3.05},"geometry":{"type":"Polygon","coordinates":[[[-76.67796400017178,39.3399250001421],[-76.67919299983897,39.33823299990934],[-76.67857099998172,39.33202400018219],[-76.68194199971846,39.32515100006419],[-76.68261399976959,39.3258259998501],[-76.68863500067367,39.32402899967266],[-76.68937000064018,39.34024399967955],[-76.67796400017178,39.3399250001421]]]}},{"id":"480","type":"Feature","properties":{"GISJOIN":"G2405100001511","pct_black":27.78},"geometry":{"type":"Polygon","coordinates":[[[-76.66589000066715,39.332967999666366],[-76.66414999979175,39.32660299971],[-76.66477600036256,39.32219400027525],[-76.68106799997834,39.32694500009367],[-76.67857099998172,39.33202400018219],[-76.67919299983897,39.33823299990934],[-76.67796400017178,39.3399250001421],[-76.67137500056303,39.335949999981075],[-76.66728499952808,39.334369000233735],[-76.66589000066715,39.332967999666366]]]}},{"id":"481","type":"Feature","properties":{"GISJOIN":"G2405100001512","pct_black":5.09},"geometry":{"type":"Polygon","coordinates":[[[-76.65403200034648,39.330291000150865],[-76.65553399978722,39.32943999952212],[-76.65773500036491,39.32527900021315],[-76.65972300003408,39.32660100035197],[-76.66430199943115,39.32751200017677],[-76.66589000066715,39.332967999666366],[-76.65984400062159,39.33565199979888],[-76.65635899968876,39.33650400035285],[-76.65592199973098,39.333358999739175],[-76.65403200034648,39.330291000150865]]]}},{"id":"482","type":"Feature","properties":{"GISJOIN":"G2405100001513","pct_black":11.67},"geometry":{"type":"Polygon","coordinates":[[[-76.65635899968876,39.33650400035285],[-76.65984400062159,39.33565199979888],[-76.66589000066715,39.332967999666366],[-76.66728499952808,39.334369000233735],[-76.67110599968778,39.335811999915165],[-76.67871713472084,39.340156694077876],[-76.65797931656024,39.340031613214826],[-76.65635899968876,39.33650400035285]]]}},{"id":"483","type":"Feature","properties":{"GISJOIN":"G240510000152","pct_black":98.4},"geometry":{"type":"Polygon","coordinates":[[[-76.64464300005625,39.30317600006114],[-76.65160700055416,39.303350000083476],[-76.65171499971991,39.30509299952813],[-76.65104799961851,39.30511499970143],[-76.65133900032922,39.30967999983322],[-76.64500599950375,39.3099439996831],[-76.64464300005625,39.30317600006114]]]}},{"id":"484","type":"Feature","properties":{"GISJOIN":"G240510000153","pct_black":98.21},"geometry":{"type":"Polygon","coordinates":[[[-76.65160700055416,39.303350000083476],[-76.65835399938899,39.305658000331825],[-76.65980000013407,39.307406999832985],[-76.65998499966315,39.309367999569275],[-76.65133900032922,39.30967999983322],[-76.65104799961851,39.30511499970143],[-76.65171499971991,39.30509299952813],[-76.65160700055416,39.303350000083476]]]}},{"id":"485","type":"Feature","properties":{"GISJOIN":"G240510000154","pct_black":96.07},"geometry":{"type":"Polygon","coordinates":[[[-76.6504940003954,39.316704000014006],[-76.6425139999803,39.31008899966159],[-76.65719600008907,39.30946700003332],[-76.6572979995209,39.31148999979224],[-76.65629699971184,39.31299100022299],[-76.65639400028473,39.31585699971059],[-76.65290499983875,39.315472999911854],[-76.6504940003954,39.316704000014006]]]}},{"id":"486","type":"Feature","properties":{"GISJOIN":"G240510000155","pct_black":56.54},"geometry":{"type":"Polygon","coordinates":[[[-76.65756000002983,39.32542900044322],[-76.65247699998655,39.318549000426195],[-76.6504940003954,39.316704000014006],[-76.65290499983875,39.315472999911854],[-76.65639400028473,39.31585699971059],[-76.65629699971184,39.31299100022299],[-76.6572979995209,39.31148999979224],[-76.65719600008907,39.30946700003332],[-76.65998499966315,39.309367999569275],[-76.65977900028237,39.31522400038768],[-76.6647030000196,39.32142599961901],[-76.66430199943115,39.32751200017677],[-76.65972300003408,39.32660100035197],[-76.65756000002983,39.32542900044322]]]}},{"id":"487","type":"Feature","properties":{"GISJOIN":"G240510000156","pct_black":93.24},"geometry":{"type":"Polygon","coordinates":[[[-76.6598139998194,39.311527999628055],[-76.65993099941721,39.30778000021174],[-76.65903800047514,39.30625199987154],[-76.6673240004986,39.3059039998031],[-76.66840500003845,39.30711699991661],[-76.67229100043137,39.307204999934186],[-76.67559300015554,39.30593300037508],[-76.67686799980461,39.30679399955612],[-76.67926099985682,39.30686500032138],[-76.67986699973937,39.30746699981821],[-76.67975999946368,39.30897399988509],[-76.68056500044196,39.310761999989644],[-76.6598139998194,39.311527999628055]]]}},{"id":"488","type":"Feature","properties":{"GISJOIN":"G240510000157A","pct_black":92.97},"geometry":{"type":"Polygon","coordinates":[[[-76.66477600036256,39.32219400027525],[-76.66421699959177,39.320289000156045],[-76.65977900028237,39.31522400038768],[-76.66257200046655,39.31462999988905],[-76.67441799961217,39.31416299986148],[-76.6745319997239,39.321828999649235],[-76.67288799986125,39.321344999576084],[-76.67144999983084,39.32418900028681],[-76.66477600036256,39.32219400027525]]]}},{"id":"489","type":"Feature","properties":{"GISJOIN":"G240510000157B","pct_black":95.21},"geometry":{"type":"Polygon","coordinates":[[[-76.6598139998194,39.311527999628055],[-76.674238999424,39.31103200029108],[-76.67441799961217,39.31416299986148],[-76.66257200046655,39.31462999988905],[-76.65977900028237,39.31522400038768],[-76.6598139998194,39.311527999628055]]]}},{"id":"490","type":"Feature","properties":{"GISJOIN":"G240510000158A","pct_black":50.88},"geometry":{"type":"Polygon","coordinates":[[[-76.67144999983084,39.32418900028681],[-76.67288799986125,39.321344999576084],[-76.6745319997239,39.321828999649235],[-76.67486199960996,39.321180999633356],[-76.67443000038676,39.314334000233096],[-76.68113299943398,39.31409200034082],[-76.68191399935985,39.32131600016896],[-76.68274699940861,39.322852000262024],[-76.68113300022122,39.32334200029341],[-76.68215500025217,39.32500699988281],[-76.68106799997834,39.32694500009367],[-76.67144999983084,39.32418900028681]]]}},{"id":"491","type":"Feature","properties":{"GISJOIN":"G240510000158B","pct_black":75.4},"geometry":{"type":"Polygon","coordinates":[[[-76.67441799961217,39.31416299986148],[-76.674238999424,39.31103200029108],[-76.68056500044196,39.310761999989644],[-76.68113299943398,39.31409200034082],[-76.67441799961217,39.31416299986148]]]}},{"id":"492","type":"Feature","properties":{"GISJOIN":"G240510000159","pct_black":49.54},"geometry":{"type":"Polygon","coordinates":[[[-76.68261399976959,39.3258259998501],[-76.68113300022122,39.32334200029341],[-76.68274699940861,39.322852000262024],[-76.68191399935985,39.32131600016896],[-76.68149499977767,39.31606599986142],[-76.68056500044196,39.310761999989644],[-76.67975999946368,39.30897399988509],[-76.67986699973937,39.30746699981821],[-76.67901500000262,39.306746000286005],[-76.6767169996565,39.30674900005905],[-76.67570300025699,39.305945999677284],[-76.67412300036992,39.30626799971862],[-76.67352800029451,39.30361099986584],[-76.67397599979874,39.30263899979363],[-76.67592400010787,39.304482000471594],[-76.68092999956245,39.30596399961779],[-76.68550699985268,39.305699999666686],[-76.68720228591934,39.304715992269784],[-76.68863500067367,39.32402899967266],[-76.68261399976959,39.3258259998501]]]}},{"id":"493","type":"Feature","properties":{"GISJOIN":"G240510000161","pct_black":99.53},"geometry":{"type":"Polygon","coordinates":[[[-76.63682899973273,39.30342100023802],[-76.63259199975299,39.29568900016934],[-76.63855199953137,39.29544699996907],[-76.63896700012359,39.30337800002026],[-76.63682899973273,39.30342100023802]]]}},{"id":"494","type":"Feature","properties":{"GISJOIN":"G240510000162","pct_black":99.43},"geometry":{"type":"Polygon","coordinates":[[[-76.63855199953137,39.29544699996907],[-76.64277499996601,39.29531300024598],[-76.64321700056928,39.303270999645605],[-76.63896700012359,39.30337800002026],[-76.63855199953137,39.29544699996907]]]}},{"id":"495","type":"Feature","properties":{"GISJOIN":"G240510000163","pct_black":99.67},"geometry":{"type":"Polygon","coordinates":[[[-76.64277499996601,39.29531300024598],[-76.64567799957297,39.295396999668014],[-76.6461199997498,39.30313900031531],[-76.64321799978454,39.30321100034838],[-76.64277499996601,39.29531300024598]]]}},{"id":"496","type":"Feature","properties":{"GISJOIN":"G240510000164","pct_black":98.28},"geometry":{"type":"Polygon","coordinates":[[[-76.6456100004359,39.29524000013523],[-76.6504770001884,39.29507200009803],[-76.6508583928315,39.30326069260798],[-76.6461199997498,39.30313900031531],[-76.6456100004359,39.29524000013523]]]}},{"id":"497","type":"Feature","properties":{"GISJOIN":"G240510000165","pct_black":96.21},"geometry":{"type":"Polygon","coordinates":[[[-76.65701900013268,39.304953000419985],[-76.6508583928315,39.30326069260798],[-76.6504770001884,39.29507200009803],[-76.65941199944113,39.29463300012429],[-76.66089799979174,39.30614400008275],[-76.65903800047514,39.30625199987154],[-76.65701900013268,39.304953000419985]]]}},{"id":"498","type":"Feature","properties":{"GISJOIN":"G240510000166","pct_black":93.35},"geometry":{"type":"Polygon","coordinates":[[[-76.65941199944113,39.29463300012429],[-76.66986299970083,39.294343000147414],[-76.66907200001825,39.29614900022281],[-76.66898300021299,39.299289999883214],[-76.66518699964628,39.29920999950135],[-76.66527099986965,39.300282999600796],[-76.66014449329825,39.30044130055557],[-76.65941199944113,39.29463300012429]]]}},{"id":"499","type":"Feature","properties":{"GISJOIN":"G240510000167","pct_black":97.88},"geometry":{"type":"Polygon","coordinates":[[[-76.66014449329825,39.30044130055557],[-76.66527099986965,39.300282999600796],[-76.66518699964628,39.29920999950135],[-76.66695999957295,39.29915199966394],[-76.67148699985118,39.300123999826866],[-76.67397599979874,39.30263899979363],[-76.67352800029451,39.30361099986584],[-76.67412300036992,39.30626799971862],[-76.67229100043137,39.307204999934186],[-76.66840500003845,39.30711699991661],[-76.6673240004986,39.3059039998031],[-76.66089799979174,39.30614400008275],[-76.66014449329825,39.30044130055557]]]}},{"id":"500","type":"Feature","properties":{"GISJOIN":"G240510000168","pct_black":1.09},"geometry":{"type":"Polygon","coordinates":[[[-76.67592400010787,39.304482000471594],[-76.67168400025786,39.3002270004445],[-76.66898300021299,39.299289999883214],[-76.66907200001825,39.29614900022281],[-76.66986299970083,39.294343000147414],[-76.68670133922265,39.2937079982626],[-76.68720228591934,39.304715992269784],[-76.68643100045044,39.305348000427635],[-76.68075999947926,39.305929999828074],[-76.67592400010787,39.304482000471594]]]}},{"id":"501","type":"Feature","properties":{"GISJOIN":"G240510000171","pct_black":87.5},"geometry":{"type":"Polygon","coordinates":[[[-76.62562500015166,39.29962899995075],[-76.6213839996983,39.2966330002141],[-76.62119899945345,39.2939149998736],[-76.627124999967,39.293617999696025],[-76.62696540274393,39.29547861191375],[-76.62906997961146,39.29610961636964],[-76.62720308444031,39.297510792451746],[-76.62769599958665,39.2979160003422],[-76.62562500015166,39.29962899995075]]]}},{"id":"502","type":"Feature","properties":{"GISJOIN":"G240510000172","pct_black":99.49},"geometry":{"type":"Polygon","coordinates":[[[-76.62562500015166,39.29962899995075],[-76.62769599958665,39.2979160003422],[-76.62720308444031,39.297510792451746],[-76.62906997961146,39.29610961636964],[-76.63356199970971,39.29981300005246],[-76.62955400051217,39.302800000156715],[-76.62562500015166,39.29962899995075]]]}},{"id":"503","type":"Feature","properties":{"GISJOIN":"G240510000173","pct_black":99.53},"geometry":{"type":"Polygon","coordinates":[[[-76.62906997961146,39.29610961636964],[-76.62696540274393,39.29547861191375],[-76.627124999967,39.293617999696025],[-76.63135700043465,39.29345600008232],[-76.6344750000024,39.29914200042324],[-76.63356199970971,39.29981300005246],[-76.62906997961146,39.29610961636964]]]}},{"id":"504","type":"Feature","properties":{"GISJOIN":"G240510000181","pct_black":95.13},"geometry":{"type":"Polygon","coordinates":[[[-76.63259199975299,39.29568900016934],[-76.62890900026359,39.28899199979401],[-76.63380999971852,39.288765999899134],[-76.6342080002103,39.29561000023543],[-76.63259199975299,39.29568900016934]]]}},{"id":"505","type":"Feature","properties":{"GISJOIN":"G240510000182","pct_black":95.56},"geometry":{"type":"Polygon","coordinates":[[[-76.63380999971852,39.288765999899134],[-76.63816599955958,39.28856600029843],[-76.63855199953137,39.29544699996907],[-76.6342080002103,39.29561000023543],[-76.63380999971852,39.288765999899134]]]}},{"id":"506","type":"Feature","properties":{"GISJOIN":"G240510000183","pct_black":13.29},"geometry":{"type":"Polygon","coordinates":[[[-76.6273289997265,39.286065999584146],[-76.63798399975083,39.28558700006972],[-76.63816599955958,39.28856600029843],[-76.62890900026359,39.28899199979401],[-76.6273289997265,39.286065999584146]]]}},{"id":"507","type":"Feature","properties":{"GISJOIN":"G240510000191","pct_black":99.42},"geometry":{"type":"Polygon","coordinates":[[[-76.63836500023187,39.29229499966191],[-76.64544799997923,39.292063000263894],[-76.6456100004359,39.29524000013523],[-76.63855199953137,39.29544699996907],[-76.63836500023187,39.29229499966191]]]}},{"id":"508","type":"Feature","properties":{"GISJOIN":"G240510000192","pct_black":88.78},"geometry":{"type":"Polygon","coordinates":[[[-76.63816599955958,39.28856600029843],[-76.64522199993536,39.288227999555154],[-76.64544799997923,39.292063000263894],[-76.63836500023187,39.29229499966191],[-76.63816599955958,39.28856600029843]]]}},{"id":"509","type":"Feature","properties":{"GISJOIN":"G240510000193","pct_black":2.93},"geometry":{"type":"Polygon","coordinates":[[[-76.63816599955958,39.28856600029843],[-76.63776099968145,39.28249299951208],[-76.64139199995064,39.280505000436236],[-76.64198800028176,39.2816040000695],[-76.6424129994318,39.28837300004036],[-76.63816599955958,39.28856600029843]]]}},{"id":"510","type":"Feature","properties":{"GISJOIN":"G240510000194","pct_black":7.31},"geometry":{"type":"Polygon","coordinates":[[[-76.64139199995064,39.280505000436236],[-76.6464139999622,39.27917200042905],[-76.6469589997465,39.288148000179476],[-76.6424129994318,39.28837300004036],[-76.64198800028176,39.2816040000695],[-76.64139199995064,39.280505000436236]]]}},{"id":"511","type":"Feature","properties":{"GISJOIN":"G240510000201","pct_black":92.21},"geometry":{"type":"Polygon","coordinates":[[[-76.6456100004359,39.29524000013523],[-76.64522199993536,39.288227999555154],[-76.65009500029838,39.28802900036161],[-76.6504770001884,39.29507200009803],[-76.6456100004359,39.29524000013523]]]}},{"id":"512","type":"Feature","properties":{"GISJOIN":"G240510000202","pct_black":92.72},"geometry":{"type":"Polygon","coordinates":[[[-76.65009500029838,39.28802900036161],[-76.66334599971584,39.28747299957974],[-76.6652289997366,39.28882300001016],[-76.66671299944966,39.29126299998632],[-76.66954399982254,39.29342499983307],[-76.66986299970083,39.294343000147414],[-76.6504770001884,39.29507200009803],[-76.65009500029838,39.28802900036161]]]}},{"id":"513","type":"Feature","properties":{"GISJOIN":"G240510000203","pct_black":3.47},"geometry":{"type":"Polygon","coordinates":[[[-76.6464139999622,39.27917200042905],[-76.64756584758123,39.278910483197755],[-76.64812100003913,39.27933600028835],[-76.64977200043369,39.28238700008002],[-76.65009500029838,39.28802900036161],[-76.6469589997465,39.288148000179476],[-76.6464139999622,39.27917200042905]]]}},{"id":"514","type":"Feature","properties":{"GISJOIN":"G240510000204","pct_black":46.96},"geometry":{"type":"Polygon","coordinates":[[[-76.64996899980375,39.285779999982985],[-76.65486300051633,39.2840739997417],[-76.6590260001286,39.28138399982206],[-76.65998799976,39.28262400015947],[-76.65933499969762,39.28604399955617],[-76.66029199988651,39.28692300004449],[-76.6629240000746,39.28742400021593],[-76.65009500029838,39.28802900036161],[-76.64996899980375,39.285779999982985]]]}},{"id":"515","type":"Feature","properties":{"GISJOIN":"G240510000205","pct_black":0.15},"geometry":{"type":"Polygon","coordinates":[[[-76.64756584758123,39.278910483197755],[-76.65290200048196,39.27746500011077],[-76.655228495789,39.27495095587778],[-76.66819100011585,39.27491900047305],[-76.65868400034375,39.27805700025676],[-76.66017500019203,39.28065699997323],[-76.65486300051633,39.2840739997417],[-76.64996899980375,39.285779999982985],[-76.64977200043369,39.28238700008002],[-76.64756584758123,39.278910483197755]]]}},{"id":"516","type":"Feature","properties":{"GISJOIN":"G240510000206","pct_black":37.41},"geometry":{"type":"Polygon","coordinates":[[[-76.6629240000746,39.28742400021593],[-76.66029199988651,39.28692300004449],[-76.65933499969762,39.28604399955617],[-76.65998799976,39.28262400015947],[-76.6590260001286,39.28138399982206],[-76.66017500019203,39.28065699997323],[-76.65868400034375,39.27805700025676],[-76.66819100011585,39.27491900047305],[-76.67154599972659,39.27488100037912],[-76.67278099947471,39.29419499981615],[-76.66986299970083,39.294343000147414],[-76.66954399982254,39.29342499983307],[-76.66671299944966,39.29126299998632],[-76.66499300016233,39.28857699981595],[-76.6629240000746,39.28742400021593]]]}},{"id":"517","type":"Feature","properties":{"GISJOIN":"G240510000207","pct_black":61.73},"geometry":{"type":"Polygon","coordinates":[[[-76.67216699994634,39.2810869998224],[-76.67620799955766,39.28312300004898],[-76.6818740004195,39.28438000019723],[-76.68622598026802,39.28700824344079],[-76.68670394789707,39.29370794354085],[-76.67278099947471,39.29419499981615],[-76.67216699994634,39.2810869998224]]]}},{"id":"518","type":"Feature","properties":{"GISJOIN":"G240510000208","pct_black":0.04},"geometry":{"type":"Polygon","coordinates":[[[-76.67216699994634,39.2810869998224],[-76.67165100008081,39.27966999997771],[-76.67154599972659,39.27488100037912],[-76.68549076149775,39.27486259276877],[-76.68586509061775,39.286815229622455],[-76.6818740004195,39.28438000019723],[-76.67620799955766,39.28312300004898],[-76.67216699994634,39.2810869998224]]]}},{"id":"519","type":"Feature","properties":{"GISJOIN":"G240510000211","pct_black":55.8},"geometry":{"type":"Polygon","coordinates":[[[-76.62031300038731,39.28008000027223],[-76.62305095684542,39.27562975912617],[-76.62318199990436,39.274405999822186],[-76.62521300016849,39.273940999736986],[-76.62423100046423,39.27275400022059],[-76.62560599954875,39.2713349997977],[-76.62715500054962,39.27218200017009],[-76.62580650928345,39.27111091782204],[-76.62719215780207,39.27199474037189],[-76.6296610004566,39.27418500050398],[-76.62828299995306,39.275213999581624],[-76.62808900054833,39.27644799982291],[-76.62859600007471,39.27787999992827],[-76.62901900024556,39.28600899982751],[-76.6273289997265,39.286065999584146],[-76.62552099954885,39.282889000356555],[-76.62323784182227,39.28025622482399],[-76.62249999988313,39.28074100005444],[-76.62031300038731,39.28008000027223]]]}},{"id":"520","type":"Feature","properties":{"GISJOIN":"G240510000212","pct_black":16.49},"geometry":{"type":"Polygon","coordinates":[[[-76.62580650928345,39.27111091782204],[-76.62647099947084,39.26987400006031],[-76.62979800050131,39.27210199990427],[-76.62663300032695,39.26890700018602],[-76.63178399938371,39.269421000177644],[-76.63057160242577,39.26906842663657],[-76.63186099998808,39.26924200003004],[-76.63236500010258,39.267055000141994],[-76.63449900007035,39.2659020002853],[-76.63587599989285,39.265779999597875],[-76.63712899973201,39.267736999803105],[-76.64026299963193,39.27030099956329],[-76.64104556931,39.27004135684176],[-76.64876299957434,39.27165299996043],[-76.65107799963508,39.27149699989193],[-76.6536680523943,39.27316634842984],[-76.65412959549509,39.274953921898316],[-76.655228495789,39.27495095587778],[-76.65410800012748,39.276629000196756],[-76.65268200008215,39.277569000314514],[-76.64139199995064,39.280505000436236],[-76.63776099968145,39.28249299951208],[-76.63798399975083,39.28558700006972],[-76.62901900024556,39.28600899982751],[-76.62859600007471,39.27787999992827],[-76.62808900054833,39.27644799982291],[-76.62828299995306,39.275213999581624],[-76.6296610004566,39.27418500050398],[-76.62580650928345,39.27111091782204]]]}},{"id":"521","type":"Feature","properties":{"GISJOIN":"G240510000221","pct_black":49.22},"geometry":{"type":"Polygon","coordinates":[[[-76.61113800033695,39.286628000038895],[-76.6118749993639,39.285498000146724],[-76.61167300020944,39.282198999611516],[-76.60789100027674,39.28194699985308],[-76.60734100031911,39.2824559999345],[-76.60711900006253,39.28169000016297],[-76.6075209997263,39.28165899955213],[-76.60569699941827,39.281018000191104],[-76.60515599999964,39.279924000315155],[-76.60592600068048,39.27925799967796],[-76.60923399966687,39.27899400025177],[-76.61644600051113,39.27891899998969],[-76.61825400020267,39.279381000150934],[-76.6174779997653,39.280962000073],[-76.61755100038252,39.28637800033272],[-76.61113800033695,39.286628000038895]]]}},{"id":"522","type":"Feature","properties":{"GISJOIN":"G240510000222","pct_black":82.15},"geometry":{"type":"Polygon","coordinates":[[[-76.61825400020267,39.279381000150934],[-76.62238400012848,39.28072099956835],[-76.62323784182227,39.28025622482399],[-76.62552099954885,39.282889000356555],[-76.6273289997265,39.286065999584146],[-76.61755100038252,39.28637800033272],[-76.6174779997653,39.280962000073],[-76.61825400020267,39.279381000150934]]]}},{"id":"523","type":"Feature","properties":{"GISJOIN":"G240510000231","pct_black":59.88},"geometry":{"type":"Polygon","coordinates":[[[-76.62031300038731,39.28008000027223],[-76.6145249996244,39.27898500021349],[-76.61411099969847,39.27261699974822],[-76.62151829600901,39.27239777337455],[-76.62305900062084,39.273834999779275],[-76.62311422535278,39.275502144621086],[-76.62031300038731,39.28008000027223]]]}},{"id":"524","type":"Feature","properties":{"GISJOIN":"G240510000232","pct_black":0.31},"geometry":{"type":"Polygon","coordinates":[[[-76.61262299980915,39.27889000026635],[-76.61157899961911,39.27061299970184],[-76.61595300048288,39.270453000024425],[-76.61611100014572,39.272553000290344],[-76.61411099969847,39.27261699974822],[-76.6145249996244,39.27898500021349],[-76.61262299980915,39.27889000026635]]]}},{"id":"525","type":"Feature","properties":{"GISJOIN":"G240510000233","pct_black":0.19},"geometry":{"type":"Polygon","coordinates":[[[-76.61157899961911,39.27061299970184],[-76.61196700059179,39.26754499989847],[-76.61144000019816,39.26667700027883],[-76.61169600034945,39.26499800018346],[-76.61062600060687,39.26224899991031],[-76.61029499976786,39.25602000033137],[-76.61088999961335,39.25789699978481],[-76.61293799982138,39.2583529995861],[-76.61380600018728,39.2606669995928],[-76.61469999953808,39.260811999944586],[-76.61567599988376,39.259806999619826],[-76.61531800013286,39.261521999810356],[-76.61642800016554,39.260449999740025],[-76.61855800056757,39.26134599973535],[-76.61846700035571,39.26262300033709],[-76.62098999954257,39.26301600011016],[-76.62190199998471,39.26495100043328],[-76.62078000005376,39.265276000125134],[-76.62059100056973,39.26612099971633],[-76.62121599997653,39.26679099993858],[-76.62108299961554,39.267548000310526],[-76.62177500017116,39.267954000020026],[-76.62182499970615,39.26957399988171],[-76.62039200023231,39.269581000380505],[-76.62179900042706,39.26969000030344],[-76.62151829600901,39.27239777337455],[-76.61611100014572,39.272553000290344],[-76.61595300048288,39.270453000024425],[-76.61157899961911,39.27061299970184]]]}},{"id":"526","type":"Feature","properties":{"GISJOIN":"G240510000241","pct_black":0.0},"geometry":{"type":"Polygon","coordinates":[[[-76.59409199963522,39.26260599988325],[-76.59243499995688,39.26586099987351],[-76.59544599973735,39.26656899954584],[-76.59582000021814,39.266100999939766],[-76.600861000495,39.26671700035608],[-76.60094400047099,39.26882999966934],[-76.59969899967773,39.271093000151765],[-76.59890799946068,39.27080000026269],[-76.59644600020098,39.27400500019527],[-76.59654099973328,39.274568999971315],[-76.59353699995692,39.275587000107166],[-76.59260399965493,39.275285000008054],[-76.59203000047386,39.27621200027826],[-76.58940700014588,39.275707000171145],[-76.58948300042869,39.27500599989265],[-76.58885200034399,39.274750000007856],[-76.58844300028656,39.275126999848794],[-76.58945500017495,39.273250000219946],[-76.58726699988424,39.27284099969378],[-76.58791699998318,39.271620999856985],[-76.58667699984751,39.27129299952478],[-76.58521999946325,39.273140999877945],[-76.58665600026835,39.27066600023562],[-76.58605900011705,39.27024399976255],[-76.58467399966335,39.27258999977288],[-76.5841429997054,39.27240699980422],[-76.58551200000556,39.27003399954599],[-76.58492500038933,39.26941800049226],[-76.58306399945123,39.272364999925706],[-76.58204200003425,39.27163000001958],[-76.58389500023512,39.26869299987897],[-76.58316600053924,39.26813699984965],[-76.58128000062152,39.2711039998995],[-76.580583999536,39.27061000003601],[-76.58271800007047,39.267409000303],[-76.58192999995008,39.26743799975361],[-76.58073200043543,39.269570999630076],[-76.58119000011895,39.268478999948314],[-76.58084000052938,39.26817999979887],[-76.57981399996397,39.269230000381036],[-76.58060700001418,39.26734899972753],[-76.57854000037823,39.26593300048828],[-76.57813699982877,39.26622000037587],[-76.57843099955059,39.26586699952395],[-76.5775339997573,39.26406099954286],[-76.57893299987742,39.2617469999351],[-76.57977899968198,39.261300999793235],[-76.58049800013482,39.26140200015276],[-76.58276000004376,39.26356899990163],[-76.58420500026014,39.26194700001992],[-76.58549999996032,39.262214999951276],[-76.58665900021025,39.261226999645295],[-76.58856200027333,39.261345999630066],[-76.58760599971082,39.26295200026274],[-76.58840499997744,39.26321599987009],[-76.58966300029122,39.26108099962228],[-76.59409199963522,39.26260599988325]]]}},{"id":"527","type":"Feature","properties":{"GISJOIN":"G240510000242","pct_black":0.0},"geometry":{"type":"Polygon","coordinates":[[[-76.5972330001796,39.27332499965832],[-76.59890799946068,39.27080000026269],[-76.60515800018749,39.27298100032122],[-76.6083879994915,39.272850999936516],[-76.60923399966687,39.27899400025177],[-76.6043039997056,39.27935899953112],[-76.60587900027977,39.27893500028645],[-76.60581499975615,39.278558000182464],[-76.60393600011764,39.27872499969655],[-76.60534100024465,39.278458000174155],[-76.60554500011555,39.27780500005234],[-76.60332300044414,39.27798000039818],[-76.60459300041813,39.277221999993934],[-76.60434100003991,39.27544800005564],[-76.59941399967127,39.27415599983136],[-76.59958799939757,39.27334700035891],[-76.59887900006447,39.274377000395454],[-76.59949400036862,39.27331600025065],[-76.59899000048611,39.27314399970362],[-76.59752900041558,39.2747459997475],[-76.59801100048391,39.27364099970726],[-76.5972330001796,39.27332499965832]]]}},{"id":"528","type":"Feature","properties":{"GISJOIN":"G240510000243","pct_black":0.14},"geometry":{"type":"Polygon","coordinates":[[[-76.6083879994915,39.272850999936516],[-76.61175399944001,39.27269999994867],[-76.61262299980915,39.27889000026635],[-76.60923399966687,39.27899400025177],[-76.6083879994915,39.272850999936516]]]}},{"id":"529","type":"Feature","properties":{"GISJOIN":"G240510000244","pct_black":0.0},"geometry":{"type":"Polygon","coordinates":[[[-76.59969899967773,39.271093000151765],[-76.60090100056144,39.269014999987895],[-76.600861000495,39.26671700035608],[-76.59582000021814,39.266100999939766],[-76.59544599973735,39.26656899954584],[-76.59243499995688,39.26586099987351],[-76.59409199963522,39.26260599988325],[-76.60036400038295,39.264211999910636],[-76.59883299947961,39.262196000116674],[-76.59953900035588,39.26187400048508],[-76.60275400044807,39.26586700016459],[-76.60450199989,39.26446899986882],[-76.60081400047767,39.26142700041701],[-76.60478600009276,39.264318000016345],[-76.60520899975901,39.26399500009358],[-76.60284799971183,39.2620599995859],[-76.60322599964452,39.2617719995069],[-76.60556800052389,39.26366799978813],[-76.60587099965763,39.263441999940305],[-76.6036859996356,39.26170700011152],[-76.60617800017988,39.26324100020902],[-76.60665000019684,39.262264999835104],[-76.60810499956608,39.262113000111086],[-76.60490199950385,39.25933600032436],[-76.60636899990045,39.259335999822014],[-76.60780899951067,39.25693900017412],[-76.61029499976786,39.25602000033137],[-76.61062600060687,39.26224899991031],[-76.61169600034945,39.26499800018346],[-76.61144000019816,39.26667700027883],[-76.61196700059179,39.26754499989847],[-76.61175399944001,39.27269999994867],[-76.60515800018749,39.27298100032122],[-76.59969899967773,39.271093000151765]]]}},{"id":"530","type":"Feature","properties":{"GISJOIN":"G240510000251A","pct_black":0.22},"geometry":{"type":"Polygon","coordinates":[[[-76.68550562921382,39.27546441963095],[-76.68819199966816,39.274504999723526],[-76.68945400045978,39.272116000256],[-76.69506700022207,39.27187100041498],[-76.69889199997962,39.27270499957635],[-76.71105400031043,39.277888999665485],[-76.70726800017374,39.279379999772246],[-76.70525200039384,39.28086499985817],[-76.68560999977707,39.28167899972114],[-76.68550562921382,39.27546441963095]]]}},{"id":"531","type":"Feature","properties":{"GISJOIN":"G240510000251B","pct_black":0.0},"geometry":{"type":"Polygon","coordinates":[[[-76.6643840000067,39.25746600043586],[-76.67723600051804,39.26332500001234],[-76.69889199997962,39.27270499957635],[-76.69506700022207,39.27187100041498],[-76.68945400045978,39.272116000256],[-76.68819199966816,39.274504999723526],[-76.68550562921382,39.27546441963095],[-76.68549076149775,39.27486259276877],[-76.66819100011585,39.27491900047305],[-76.67148900045275,39.273887000132575],[-76.66712199987956,39.266139000180814],[-76.66488200013166,39.26055400039063],[-76.6643840000067,39.25746600043586]]]}},{"id":"532","type":"Feature","properties":{"GISJOIN":"G240510000252A","pct_black":99.85},"geometry":{"type":"Polygon","coordinates":[[[-76.61530800028417,39.24114399995264],[-76.62575600040323,39.24210300048823],[-76.6291320000838,39.243872000248906],[-76.63500700059488,39.25145800000241],[-76.63476499947926,39.254965000140004],[-76.63370799986377,39.25859799954307],[-76.63194600019779,39.25754000002374],[-76.63009000036918,39.258824000075286],[-76.62949400028897,39.25866899975455],[-76.62837900055335,39.257609000143304],[-76.62734900027603,39.2577179999327],[-76.62703600041559,39.256883999894534],[-76.62418400036599,39.25519099995875],[-76.6171429998421,39.25614200029437],[-76.61542299942761,39.25537000033232],[-76.61173099980785,39.25003200014623],[-76.61160700010295,39.24804600041291],[-76.6133669998395,39.24668099981037],[-76.61530800028417,39.24114399995264]]]}},{"id":"533","type":"Feature","properties":{"GISJOIN":"G240510000252B","pct_black":1.12},"geometry":{"type":"Polygon","coordinates":[[[-76.63370799986377,39.25859799954307],[-76.63507400009973,39.252817999692766],[-76.63494600029014,39.25126299988925],[-76.63410900050842,39.249844999812254],[-76.62932999987422,39.244067999959],[-76.62723500049752,39.24260600015338],[-76.62494199993236,39.241965000180926],[-76.61530800028417,39.24114399995264],[-76.61861200030282,39.23739800010159],[-76.65986000042791,39.25550899972605],[-76.65250999974413,39.2584009999867],[-76.64983400041473,39.260313999799585],[-76.64618900013092,39.26017100044462],[-76.64335100053201,39.25937499996074],[-76.64188699940756,39.26127400015649],[-76.63532099963555,39.26072099983136],[-76.635123000415,39.259673000061404],[-76.63370799986377,39.25859799954307]]]}},{"id":"534","type":"Feature","properties":{"GISJOIN":"G240510000252C","pct_black":0.0},"geometry":{"type":"Polygon","coordinates":[[[-76.64983400041473,39.260313999799585],[-76.65250999974413,39.2584009999867],[-76.65986000042791,39.25550899972605],[-76.6643840000067,39.25746600043586],[-76.66488200013166,39.26055400039063],[-76.66712199987956,39.266139000180814],[-76.67148900045275,39.273887000132575],[-76.66819100011585,39.27491900047305],[-76.655228495789,39.27495095587778],[-76.65428599983018,39.26711599957739],[-76.65184900015272,39.264230999768344],[-76.65167700020098,39.26097000001595],[-76.64983400041473,39.260313999799585]]]}},{"id":"535","type":"Feature","properties":{"GISJOIN":"G240510000253A","pct_black":55.13},"geometry":{"type":"MultiPolygon","coordinates":[[[[-76.62958700009041,39.26886400009687],[-76.6299399997131,39.26870099953279],[-76.62585500064026,39.26818899979067],[-76.62563099951153,39.26724700036335],[-76.62840799947672,39.264075999921744],[-76.63033599963802,39.25975100031901],[-76.63103400042893,39.2594510004599],[-76.63009000036918,39.258824000075286],[-76.63194600019779,39.25754000002374],[-76.63503700013523,39.2595810001051],[-76.63532099963555,39.26072099983136],[-76.64188699940756,39.26127400015649],[-76.64335100053201,39.25937499996074],[-76.64618900013092,39.26017100044462],[-76.64983400041473,39.260313999799585],[-76.63867999943162,39.26907200025449],[-76.63712899973201,39.267736999803105],[-76.63638299947732,39.26611500036238],[-76.63537399997954,39.265767999558314],[-76.63236500010258,39.267055000141994],[-76.63186099998808,39.26924200003004],[-76.62958700009041,39.26886400009687]]],[[[-76.62666678054826,39.26889525054167],[-76.62717900037178,39.26890499982031],[-76.62732183753867,39.26893848435887],[-76.62666678054826,39.26889525054167]]]]}},{"id":"536","type":"Feature","properties":{"GISJOIN":"G240510000253B","pct_black":1.39},"geometry":{"type":"Polygon","coordinates":[[[-76.63867999943162,39.26907200025449],[-76.64983400041473,39.260313999799585],[-76.65095499942824,39.260443000069394],[-76.65190299949006,39.26143400031288],[-76.6519420002043,39.264438999911775],[-76.65376700058611,39.26620399979366],[-76.65451599996348,39.267856999626765],[-76.65524300059612,39.27492399975325],[-76.65412959549509,39.274953921898316],[-76.6536680523943,39.27316634842984],[-76.65107799963508,39.27149699989193],[-76.64876299957434,39.27165299996043],[-76.64104556931,39.27004135684176],[-76.64026299963193,39.27030099956329],[-76.63867999943162,39.26907200025449]]]}},{"id":"537","type":"Feature","properties":{"GISJOIN":"G240510000254","pct_black":0.01},"geometry":{"type":"Polygon","coordinates":[[[-76.60552499993935,39.2437069996189],[-76.60761100056479,39.240175999949045],[-76.60100400041705,39.240606000518994],[-76.59555199949664,39.23914299984215],[-76.5977320000836,39.23491399959654],[-76.59578700011643,39.234308999929695],[-76.59994699955202,39.226385000292986],[-76.59930799990323,39.22529800043937],[-76.60066500035826,39.2237340000431],[-76.6116949998745,39.23440000002408],[-76.6179319995351,39.23708899983931],[-76.61556299994515,39.23906200005685],[-76.61375100045858,39.24150600029656],[-76.6128950001732,39.2415420002673],[-76.61134299947794,39.24651000023795],[-76.6089379996185,39.24649299975109],[-76.60906100022953,39.24561900040568],[-76.60778100044463,39.24317200038949],[-76.60669999966406,39.24405399949847],[-76.60552499993935,39.2437069996189]]]}},{"id":"538","type":"Feature","properties":{"GISJOIN":"G240510000255","pct_black":0.7},"geometry":{"type":"MultiPolygon","coordinates":[[[[-76.5812540000037,39.21423500025571],[-76.58086600029681,39.21163100029813],[-76.5814050002478,39.21180500031727],[-76.58204999982974,39.210194999626275],[-76.58274400048579,39.209919999649024],[-76.58129300047585,39.208985000358304],[-76.58309399957965,39.209700000310754],[-76.5834510006391,39.2091459996479],[-76.5830770002689,39.2078929999713],[-76.58213299988726,39.20770599956807],[-76.58221999987272,39.20716000019502],[-76.58413600027193,39.20796099960702],[-76.58861500003759,39.212608000335095],[-76.58781799966849,39.21272200018228],[-76.58851299988477,39.21319499954052],[-76.58806600033749,39.21374300039065],[-76.58526600006117,39.21364299967764],[-76.5831529995577,39.21439299950417],[-76.5812540000037,39.21423500025571]]],[[[-76.54935700002592,39.21635299959487],[-76.54907799997564,39.21380800035325],[-76.54849799984028,39.21334799971844],[-76.54968300040703,39.213466000093874],[-76.55051799992981,39.21211600015615],[-76.5491909995536,39.210510999706614],[-76.54590199968725,39.209879000343925],[-76.53965800031777,39.213771000279195],[-76.54133900002515,39.21238000020783],[-76.54113499990959,39.211793999689895],[-76.5416640004651,39.2117710004317],[-76.5417520004004,39.21079299999587],[-76.54095600009528,39.21000999973192],[-76.53674299978218,39.21107800019617],[-76.53384099966677,39.212949999520276],[-76.53391000033311,39.21211600000189],[-76.53286599948599,39.21081500013966],[-76.53523999966386,39.21045099982209],[-76.53239900008438,39.20999300038889],[-76.53277799993705,39.20875899986058],[-76.53200199981578,39.20831400004846],[-76.5500860004462,39.19720699978254],[-76.56739600005045,39.202116999671475],[-76.57055200002367,39.20364399983588],[-76.57729500026034,39.205586000235165],[-76.57918999960569,39.20688099998774],[-76.57853399959843,39.20825399987573],[-76.574399999697,39.208070999954515],[-76.57146500061529,39.21083899965538],[-76.57281199965762,39.21338700020457],[-76.57419599998897,39.213588000021275],[-76.57279399995646,39.213523000337844],[-76.57310600024189,39.214245999699095],[-76.57210999983967,39.21623000010376],[-76.572240999677,39.21712099973218],[-76.573536999685,39.21793600030256],[-76.5733470002326,39.218526000431304],[-76.56953599939358,39.21661400029897],[-76.56770099969354,39.21498099954237],[-76.56402400037628,39.21508400004153],[-76.5631599998791,39.21441699961762],[-76.56030200036537,39.21522499964591],[-76.56022999937873,39.21585100024043],[-76.55959000020499,39.215213999911136],[-76.55860700026085,39.215490000141166],[-76.55866599951817,39.21595500009122],[-76.558196999878,39.215045999715855],[-76.55695099969911,39.21509799967765],[-76.55546700026791,39.216725000033875],[-76.5508900005438,39.217513000086434],[-76.54935700002592,39.21635299959487]]],[[[-76.59471599975856,39.2400779999424],[-76.59013299998576,39.237696000344265],[-76.58788499998002,39.23715400000491],[-76.58791000040458,39.235412999980966],[-76.58503900061481,39.232401999807344],[-76.58196900052074,39.232077999812624],[-76.58221299961487,39.23103299996019],[-76.58035899975327,39.229953000270214],[-76.58130800020622,39.22926099990685],[-76.58035199944796,39.22868099984799],[-76.58056999972527,39.22746699967669],[-76.5816090002813,39.226710999783876],[-76.58003500023383,39.22537000029502],[-76.58005800022192,39.22352500027835],[-76.5768070001545,39.22332099992273],[-76.57994200002872,39.22302499993313],[-76.58001099961585,39.22252099949479],[-76.57939700035877,39.22179299969833],[-76.57624699937958,39.22155500035218],[-76.57944500021202,39.22166300006267],[-76.57767600020377,39.22126799984842],[-76.5790870003317,39.22100600006282],[-76.57869300016974,39.21894699965255],[-76.5797859996656,39.21888800002386],[-76.57866200042815,39.215699000262795],[-76.58134100022362,39.21661500038185],[-76.58289000066063,39.21586999971649],[-76.58156300039056,39.215819999649],[-76.58337399996888,39.21581499986481],[-76.58361899965341,39.21538400015984],[-76.58423300038096,39.215778999691025],[-76.58685099950667,39.21495800011601],[-76.58732199975255,39.21431500008405],[-76.58856199974245,39.21406599959352],[-76.58916200061302,39.213104999697244],[-76.60066500035826,39.2237340000431],[-76.59930799990323,39.22529800043937],[-76.59994699955202,39.226385000292986],[-76.59578700011643,39.234308999929695],[-76.5977320000836,39.23491399959654],[-76.59555199949664,39.23914299984215],[-76.59474399984386,39.238798999983025],[-76.59471599975856,39.2400779999424]]]]}},{"id":"539","type":"Feature","properties":{"GISJOIN":"G240510000256","pct_black":82.35},"geometry":{"type":"MultiPolygon","coordinates":[[[[-76.5955879995742,39.24670600031672],[-76.59608800007442,39.246105999863246],[-76.59638799961809,39.24660599959306],[-76.5955879995742,39.24670600031672]]],[[[-76.57810599941858,39.251280000023996],[-76.58119400022463,39.24689899988673],[-76.5804960000477,39.24654700041235],[-76.57785799946328,39.24984100035551],[-76.57862900016927,39.2486030001031],[-76.5776589998146,39.2481390001907],[-76.57670800006176,39.249308999965834],[-76.57731099988082,39.24797699971292],[-76.57521699971926,39.24695099973216],[-76.57362700043942,39.24845799985603],[-76.57484099946991,39.24682200028805],[-76.57391600057615,39.246976999644794],[-76.57396599942028,39.24634400030927],[-76.57325200038025,39.24582300038014],[-76.5716869999869,39.24759499962138],[-76.57312899947212,39.24577199980026],[-76.57247900046202,39.24539999970092],[-76.57109899980152,39.247009000319636],[-76.57239900024355,39.24536499993188],[-76.5714589994229,39.24478800029114],[-76.57022100021712,39.24575299987671],[-76.57137700017523,39.244654000037556],[-76.57005700029032,39.24355499989945],[-76.57181000040215,39.24290600016435],[-76.57126299990502,39.24297900037901],[-76.57119199986894,39.24244299963654],[-76.56965700011963,39.242792999827124],[-76.56906200001771,39.241498000208765],[-76.5698149997851,39.241053000374535],[-76.5695350005482,39.24074399993514],[-76.56710300005183,39.24213899984904],[-76.56747100019227,39.242897999656726],[-76.56614999962862,39.24153799976177],[-76.5676710002027,39.240004999639616],[-76.56571899985009,39.24105899987315],[-76.56463199969929,39.24014999955987],[-76.56564299969193,39.239264999559715],[-76.56435000003631,39.23897300005047],[-76.56340400015496,39.23753099996677],[-76.5607770005524,39.238849999668325],[-76.56071800048414,39.23878499970402],[-76.56368999989246,39.23724500038259],[-76.56209800004392,39.23512300042808],[-76.56012300060713,39.235496999899695],[-76.55857899966144,39.23343999975671],[-76.55894699975492,39.232172999703],[-76.56033899957733,39.23192199998903],[-76.56013600026768,39.231051000267044],[-76.56284199999111,39.230423999977404],[-76.56222899967304,39.22747300032695],[-76.56414300019516,39.224632000064595],[-76.56605000012108,39.225203999726375],[-76.56859200041121,39.22691100039034],[-76.57077000019933,39.22738900043603],[-76.57652799978891,39.22551700012381],[-76.57726800033198,39.2257720002665],[-76.57901300008777,39.226857999580815],[-76.5791470002614,39.229772000280036],[-76.5801639996706,39.23112200012739],[-76.58196900052074,39.232077999812624],[-76.58503900061481,39.232401999807344],[-76.58791000040458,39.235412999980966],[-76.58788499998002,39.23715400000491],[-76.59013299998576,39.237696000344265],[-76.59157400021569,39.239039999788304],[-76.59345000018682,39.23982199965684],[-76.59493699965334,39.24008200019247],[-76.59474399984386,39.238798999983025],[-76.60089799970578,39.24059500003933],[-76.60761100056479,39.240175999949045],[-76.60552499993935,39.2437069996189],[-76.6050200000733,39.24318899987721],[-76.60370699998008,39.24377999972139],[-76.60140100021162,39.243726000180594],[-76.60141799954289,39.24486899981312],[-76.59864599980264,39.24821499955858],[-76.59794799952842,39.247944000343736],[-76.59857100060269,39.24661399990569],[-76.59752000015096,39.24633100002805],[-76.59863000063555,39.244716999700834],[-76.59573100028499,39.2441979998264],[-76.59480400048932,39.24526299974077],[-76.59501899992122,39.24360700011536],[-76.59463399940759,39.244821000270456],[-76.59330299969615,39.24521399987374],[-76.59191099998297,39.243573999775336],[-76.59136100053384,39.24548199982027],[-76.59240199952988,39.24668100013996],[-76.59172799966198,39.247552999542634],[-76.59257700004856,39.24811600043743],[-76.59296099999773,39.249419999727046],[-76.59229499976341,39.250156000330165],[-76.58711399949594,39.25069700000906],[-76.58654200012877,39.24925499964208],[-76.58700400043224,39.24642600006536],[-76.5856190003537,39.245669000354205],[-76.58517300010098,39.24947000027187],[-76.5856410001401,39.25025899981096],[-76.58451100017164,39.25138500046447],[-76.58467000016242,39.24938900022528],[-76.58397000025768,39.249470000005225],[-76.58359899953632,39.24822099952923],[-76.58164500009384,39.25177200041032],[-76.58122300021014,39.25151999977613],[-76.58262400017753,39.249452999577365],[-76.58202899942677,39.24910500017564],[-76.5805410002547,39.25098300009763],[-76.5818940005009,39.24900800015057],[-76.57983199994598,39.24942800011337],[-76.57810599941858,39.251280000023996]],[[-76.566084000072,39.23936399975914],[-76.56699300023658,39.23889999985479],[-76.56704799959651,39.238773000342626],[-76.56557599965662,39.23904700017499],[-76.566084000072,39.23936399975914]]]]}},{"id":"540","type":"Feature","properties":{"GISJOIN":"G240510000261","pct_black":0.03},"geometry":{"type":"Polygon","coordinates":[[[-76.52977300031209,39.355574999747255],[-76.52968500052458,39.331149999671666],[-76.54172099998287,39.3292129996689],[-76.54424099960033,39.33180200014679],[-76.54770499956538,39.33365800026948],[-76.54853299959342,39.33524799994584],[-76.55165999973829,39.33812199982913],[-76.54125900027158,39.3453920004951],[-76.52977300031209,39.355574999747255]]]}},{"id":"541","type":"Feature","properties":{"GISJOIN":"G2405100002610","pct_black":0.05},"geometry":{"type":"Polygon","coordinates":[[[-76.56991099985443,39.29934999991862],[-76.56909099984567,39.287564999548025],[-76.57160700052904,39.287476999705035],[-76.57266100035446,39.299236999630914],[-76.56991099985443,39.29934999991862]]]}},{"id":"542","type":"Feature","properties":{"GISJOIN":"G2405100002611","pct_black":0.0},"geometry":{"type":"Polygon","coordinates":[[[-76.5685119999626,39.278416999572784],[-76.57100800051235,39.27833699976871],[-76.57160700052904,39.287476999705035],[-76.56909099984567,39.287564999548025],[-76.5685119999626,39.278416999572784]]]}},{"id":"543","type":"Feature","properties":{"GISJOIN":"G2405100002612","pct_black":21.38},"geometry":{"type":"Polygon","coordinates":[[[-76.55498099963961,39.287101999512124],[-76.55433799969485,39.28909399952655],[-76.55451867297289,39.290970394621034],[-76.5538192522165,39.29109451289848],[-76.55279992740739,39.29365933903557],[-76.54867066007967,39.29437835773068],[-76.53795754484972,39.29383030139678],[-76.53663190969596,39.294247102955616],[-76.53517440334002,39.2959558042345],[-76.53278500015381,39.29541399998537],[-76.53720500054303,39.29043399970693],[-76.54489500042276,39.290526999855665],[-76.54484607516515,39.28951678896294],[-76.54669999973315,39.288863000182346],[-76.5466180002711,39.287462000323345],[-76.55498099963961,39.287101999512124]]]}},{"id":"544","type":"Feature","properties":{"GISJOIN":"G240510000262","pct_black":0.0},"geometry":{"type":"Polygon","coordinates":[[[-76.5329770001843,39.330558000379625],[-76.53410399951963,39.3282949997988],[-76.5360230000151,39.326705000265136],[-76.54045900013821,39.321218000255044],[-76.54893799939049,39.315888000099555],[-76.54925500035237,39.31638700048742],[-76.55482599948935,39.31779400018069],[-76.55697499961164,39.321182999738866],[-76.56031400036798,39.320993000438484],[-76.56070899948233,39.322805000079384],[-76.56260499970985,39.32467000034657],[-76.56548100052846,39.325175000009516],[-76.5675430001742,39.326406000403416],[-76.55165999973829,39.33812199982913],[-76.54853299959342,39.33524799994584],[-76.54770499956538,39.33365800026948],[-76.54424099960033,39.33180200014679],[-76.54172099998287,39.3292129996689],[-76.5329770001843,39.330558000379625]]]}},{"id":"545","type":"Feature","properties":{"GISJOIN":"G240510000263","pct_black":0.01},"geometry":{"type":"Polygon","coordinates":[[[-76.54893799939049,39.315888000099555],[-76.55038699992063,39.31490600036991],[-76.5519670002772,39.31162100020014],[-76.55485399970019,39.310463999903526],[-76.56121500003665,39.30898600000814],[-76.57304600052029,39.309338000185974],[-76.57285400015809,39.32227700021823],[-76.5675430001742,39.326406000403416],[-76.56548100052846,39.325175000009516],[-76.56260499970985,39.32467000034657],[-76.56070899948233,39.322805000079384],[-76.56031400036798,39.320993000438484],[-76.55697499961164,39.321182999738866],[-76.55482599948935,39.31779400018069],[-76.54925500035237,39.31638700048742],[-76.54893799939049,39.315888000099555]]]}},{"id":"546","type":"Feature","properties":{"GISJOIN":"G240510000264A","pct_black":0.02},"geometry":{"type":"Polygon","coordinates":[[[-76.52968500052458,39.331149999671666],[-76.52978600015797,39.3103909996551],[-76.53585100000392,39.30628000039285],[-76.53975900013081,39.30446499957936],[-76.55347900057137,39.30015100006419],[-76.56547799947542,39.30897000007786],[-76.56053599980814,39.30905799988025],[-76.5519670002772,39.31162100020014],[-76.55038699992063,39.31490600036991],[-76.54045900013821,39.321218000255044],[-76.5360230000151,39.326705000265136],[-76.53410399951963,39.3282949997988],[-76.5329770001843,39.330558000379625],[-76.52968500052458,39.331149999671666]]]}},{"id":"547","type":"Feature","properties":{"GISJOIN":"G240510000264B","pct_black":0.0},"geometry":{"type":"Polygon","coordinates":[[[-76.52978599981341,39.29911000032396],[-76.55270700010972,39.29680100012972],[-76.55573900030953,39.29486800011948],[-76.55741699968327,39.29179899983772],[-76.56274399992802,39.29159499964425],[-76.56282699969563,39.292753999748015],[-76.56941300061933,39.29248699970041],[-76.56991099985443,39.29934999991862],[-76.57278899936082,39.2992340002888],[-76.57304600052029,39.309338000185974],[-76.56547799947542,39.30897000007786],[-76.55347900057137,39.30015100006419],[-76.53928999983593,39.304651000301334],[-76.53585100000392,39.30628000039285],[-76.52978600015797,39.3103909996551],[-76.52978599981341,39.29911000032396]]]}},{"id":"548","type":"Feature","properties":{"GISJOIN":"G240510000265","pct_black":0.05},"geometry":{"type":"Polygon","coordinates":[[[-76.52978599981341,39.29911000032396],[-76.52959199968305,39.284852000108046],[-76.53570400035633,39.281792999789786],[-76.55458100002932,39.280977000002],[-76.55498099963961,39.287101999512124],[-76.5466180002711,39.287462000323345],[-76.54669999973315,39.288863000182346],[-76.54484607516515,39.28951678896294],[-76.54489500042276,39.290526999855665],[-76.53720500054303,39.29043399970693],[-76.53278500015381,39.29541399998537],[-76.53517440334002,39.2959558042345],[-76.53663190969596,39.294247102955616],[-76.53795754484972,39.29383030139678],[-76.54867066007967,39.29437835773068],[-76.55279992740739,39.29365933903557],[-76.5538192522165,39.29109451289848],[-76.55451867297289,39.290970394621034],[-76.55433799969485,39.28909399952655],[-76.55498099963961,39.287101999512124],[-76.55580999984112,39.28705000011388],[-76.55616599977502,39.291863999516416],[-76.55741699968327,39.29179899983772],[-76.55604000052182,39.294538000074645],[-76.55453800052068,39.295887000202846],[-76.55270700010972,39.29680100012972],[-76.5476990000937,39.297528999913126],[-76.52978599981341,39.29911000032396]]]}},{"id":"549","type":"Feature","properties":{"GISJOIN":"G240510000266A","pct_black":0.03},"geometry":{"type":"Polygon","coordinates":[[[-76.52959199968305,39.284852000108046],[-76.52962300006503,39.272307000148544],[-76.545279000083,39.27205600036685],[-76.54482361180044,39.2695586998187],[-76.54316704198345,39.2695943443189],[-76.5431248171996,39.266498744193825],[-76.53710162012129,39.26502736843705],[-76.53734747982047,39.26452633065256],[-76.5349841936642,39.26274522226598],[-76.53127572083596,39.262806134636925],[-76.5313479997586,39.26430899979939],[-76.53030818105333,39.26444404654962],[-76.53029140183936,39.26518507479597],[-76.52978413743055,39.26521133853093],[-76.52958399975824,39.240328000203185],[-76.53304699966931,39.23923299987189],[-76.53877599947138,39.24542300026387],[-76.53644499992032,39.25279000029985],[-76.53884500007696,39.25333599996145],[-76.540508999906,39.25053699996987],[-76.55275799955318,39.25767199978351],[-76.55295100022596,39.26062300034806],[-76.55448599995908,39.26085399980593],[-76.55444200053111,39.25964300023064],[-76.55566300007293,39.25943199963752],[-76.55536499960049,39.257611000144266],[-76.55603800013691,39.2574860003626],[-76.55618000046293,39.26139800034224],[-76.55660100054122,39.2612850001932],[-76.55661400037842,39.25881600024924],[-76.55681999990875,39.2602880002713],[-76.55768200033286,39.260254000202224],[-76.55785499983685,39.26129999967442],[-76.55911799988641,39.26120700000217],[-76.55886499955149,39.25685299979381],[-76.56019100001473,39.25730800005849],[-76.56046699965778,39.26124499991685],[-76.56113900018433,39.26122499982971],[-76.56094300010317,39.25837000046607],[-76.56245999978444,39.25862399956363],[-76.56241299990018,39.26101600036377],[-76.56285899978484,39.2608390001316],[-76.56294499970694,39.25641099989376],[-76.56344899971323,39.25638099991091],[-76.56381899988581,39.25867499992272],[-76.56459299992964,39.25878200008248],[-76.56476400056778,39.25656599977253],[-76.56501199979226,39.260049000246845],[-76.56729300017474,39.259360000106916],[-76.56837400053703,39.2598989996573],[-76.5688669997445,39.25921099957246],[-76.5689050000875,39.260195999765834],[-76.56939100000159,39.25964800000877],[-76.57138099980308,39.26087499993622],[-76.57175781739159,39.262075399343296],[-76.57037991111581,39.262112492175866],[-76.57044253694542,39.26444574909121],[-76.56869700050443,39.26457200004937],[-76.57045542359526,39.26477874223586],[-76.56887900037711,39.265011999652614],[-76.56884900035021,39.265537999760504],[-76.56890399987675,39.26597500026351],[-76.57050356248595,39.26591737661525],[-76.5705481294086,39.266992214227955],[-76.56886700007962,39.26729199992972],[-76.56892000043075,39.2680100003122],[-76.57058463628611,39.267936580590174],[-76.57060463005475,39.268487754979944],[-76.56895100005674,39.26854300002903],[-76.56900299979532,39.26928600023825],[-76.5698940001571,39.26939399989943],[-76.56903100047369,39.26987799983604],[-76.57065017093161,39.26981550772859],[-76.56906900020236,39.27021200027597],[-76.569091999734,39.27068100000767],[-76.57058699966811,39.27063099981516],[-76.56962100009878,39.27101299982774],[-76.57053299954484,39.27099799986954],[-76.5707021909774,39.27151507131016],[-76.57100800051235,39.27833699976871],[-76.56450000053839,39.27859499976049],[-76.56247700026138,39.280693000436926],[-76.53570400035633,39.281792999789786],[-76.52959199968305,39.284852000108046]]]}},{"id":"550","type":"Feature","properties":{"GISJOIN":"G240510000266B","pct_black":4.71},"geometry":{"type":"Polygon","coordinates":[[[-76.52962300006503,39.272307000148544],[-76.52978413743055,39.26521133853093],[-76.53029140183936,39.26518507479597],[-76.53030818105333,39.26444404654962],[-76.5313479997586,39.26430899979939],[-76.53127572083596,39.262806134636925],[-76.53274013656396,39.26274125013749],[-76.5349841936642,39.26274522226598],[-76.53734747982047,39.26452633065256],[-76.53710162012129,39.26502736843705],[-76.5431248171996,39.266498744193825],[-76.54316704198345,39.2695943443189],[-76.54482361180044,39.2695586998187],[-76.545279000083,39.27205600036685],[-76.52962300006503,39.272307000148544]]]}},{"id":"551","type":"Feature","properties":{"GISJOIN":"G240510000267","pct_black":0.0},"geometry":{"type":"Polygon","coordinates":[[[-76.55498099963961,39.287101999512124],[-76.55458100002932,39.280977000002],[-76.56247700026138,39.280693000436926],[-76.56209400048643,39.28142500040468],[-76.56274399992802,39.29159499964425],[-76.55616599977502,39.291863999516416],[-76.55580999984112,39.28705000011388],[-76.55498099963961,39.287101999512124]]]}},{"id":"552","type":"Feature","properties":{"GISJOIN":"G240510000268","pct_black":0.0},"geometry":{"type":"Polygon","coordinates":[[[-76.56282699969563,39.292753999748015],[-76.56251300049885,39.28782499982056],[-76.56909099984567,39.287564999548025],[-76.56941300061933,39.29248699970041],[-76.56282699969563,39.292753999748015]]]}},{"id":"553","type":"Feature","properties":{"GISJOIN":"G240510000269","pct_black":1.37},"geometry":{"type":"Polygon","coordinates":[[[-76.56209400048643,39.28142500040468],[-76.56450000053839,39.27859499976049],[-76.5685119999626,39.278416999572784],[-76.56909099984567,39.287564999548025],[-76.56251300049885,39.28782499982056],[-76.56209400048643,39.28142500040468]]]}},{"id":"554","type":"Feature","properties":{"GISJOIN":"G240510000271","pct_black":0.0},"geometry":{"type":"Polygon","coordinates":[[[-76.55244099995296,39.33761399980064],[-76.56321099995378,39.32993300038775],[-76.57285400015809,39.32227700021823],[-76.57315400036386,39.33578700009006],[-76.55814700016151,39.34518499969646],[-76.55244099995296,39.33761399980064]]]}},{"id":"555","type":"Feature","properties":{"GISJOIN":"G2405100002710","pct_black":39.77},"geometry":{"type":"Polygon","coordinates":[[[-76.60017243000598,39.34040985486046],[-76.60955200014345,39.34023999969955],[-76.60995300038765,39.355503000217965],[-76.59828899954077,39.354166000229434],[-76.60017243000598,39.34040985486046]]]}},{"id":"556","type":"Feature","properties":{"GISJOIN":"G2405100002711","pct_black":0.54},"geometry":{"type":"Polygon","coordinates":[[[-76.60955200014345,39.34023999969955],[-76.62575328398323,39.34011353928163],[-76.62562900008953,39.3440009998198],[-76.62816299978108,39.34864299995391],[-76.6292270001973,39.35342900016156],[-76.62366899994514,39.35387199972068],[-76.62352200054673,39.35322600015655],[-76.61257300043776,39.354112999904835],[-76.61089500005504,39.35540999960709],[-76.60995300038765,39.355503000217965],[-76.60955200014345,39.34023999969955]]]}},{"id":"557","type":"Feature","properties":{"GISJOIN":"G2405100002712","pct_black":2.09},"geometry":{"type":"Polygon","coordinates":[[[-76.60995300038765,39.355503000217965],[-76.61089500005504,39.35540999960709],[-76.61257300043776,39.354112999904835],[-76.62352200054673,39.35322600015655],[-76.62366899994514,39.35387199972068],[-76.6292270001973,39.35342900016156],[-76.63102033967469,39.35866239417904],[-76.63034200003342,39.36219199981502],[-76.63191399999415,39.363446999695356],[-76.63169100034445,39.37170499988062],[-76.60977799948405,39.372201999760534],[-76.60995300038765,39.355503000217965]]]}},{"id":"558","type":"Feature","properties":{"GISJOIN":"G2405100002713","pct_black":0.63},"geometry":{"type":"Polygon","coordinates":[[[-76.63169100034445,39.37170499988062],[-76.63191399999415,39.363446999695356],[-76.63034200003342,39.36219199981502],[-76.63102033967469,39.35866239417904],[-76.6292270001973,39.35342900016156],[-76.6338380000999,39.35310700006192],[-76.63727499979696,39.35385200011554],[-76.63922099990783,39.35331099982679],[-76.63939099983061,39.3527050003621],[-76.6415520005029,39.353520000290345],[-76.64332800039001,39.3531599999925],[-76.64948999971145,39.371070999632956],[-76.64904099981456,39.37218099985344],[-76.63169100034445,39.37170499988062]]]}},{"id":"559","type":"Feature","properties":{"GISJOIN":"G2405100002714","pct_black":5.48},"geometry":{"type":"Polygon","coordinates":[[[-76.62575328398323,39.34011353928163],[-76.63900161019268,39.34006474628838],[-76.64332800039001,39.3531599999925],[-76.6415520005029,39.353520000290345],[-76.63939099983061,39.3527050003621],[-76.63922099990783,39.35331099982679],[-76.63727499979696,39.35385200011554],[-76.6338380000999,39.35310700006192],[-76.6292270001973,39.35342900016156],[-76.62816299978108,39.34864299995391],[-76.62562900008953,39.3440009998198],[-76.62575328398323,39.34011353928163]]]}},{"id":"560","type":"Feature","properties":{"GISJOIN":"G2405100002715","pct_black":5.85},"geometry":{"type":"Polygon","coordinates":[[[-76.64948999971145,39.371070999632956],[-76.63900161019268,39.34006474628838],[-76.65797931656024,39.340031613214826],[-76.6584099999579,39.34083200026628],[-76.65717100034674,39.34259300035851],[-76.65955200019326,39.34558199988503],[-76.6591330003256,39.34788700048809],[-76.6599349994481,39.35306099994147],[-76.66127899949066,39.35453800035715],[-76.66397099971728,39.35565900013914],[-76.66596399988462,39.35761300019149],[-76.67084799956898,39.35678799963702],[-76.6717680000726,39.36081200038892],[-76.67134800026507,39.36219800018946],[-76.67414200046818,39.36631599987386],[-76.67697600017037,39.36873300040208],[-76.67819100000709,39.37199399960249],[-76.64904099981456,39.37218099985344],[-76.64948999971145,39.371070999632956]]]}},{"id":"561","type":"Feature","properties":{"GISJOIN":"G2405100002716","pct_black":3.05},"geometry":{"type":"Polygon","coordinates":[[[-76.65797931656024,39.340031613214826],[-76.67073000039024,39.34013500019632],[-76.67384799941122,39.34102600029035],[-76.67238600045455,39.34464300049399],[-76.6689189998067,39.34659100016604],[-76.66142900025324,39.34669000048615],[-76.65944700009008,39.346506000243366],[-76.65929500039682,39.34497200028766],[-76.65724000008245,39.34289300004801],[-76.65726799972421,39.34211099979524],[-76.6584099999579,39.34083200026628],[-76.65797931656024,39.340031613214826]]]}},{"id":"562","type":"Feature","properties":{"GISJOIN":"G2405100002717","pct_black":0.7},"geometry":{"type":"Polygon","coordinates":[[[-76.65944700009008,39.346506000243366],[-76.66878400039188,39.34660699976934],[-76.67139699987611,39.345195000027374],[-76.67550900041702,39.34882100002555],[-76.68132199954745,39.350604000099985],[-76.68335800022896,39.351757000438674],[-76.67258100014604,39.35674900002336],[-76.67077400039548,39.3564820005083],[-76.66596399988462,39.35761300019149],[-76.66397099971728,39.35565900013914],[-76.66127899949066,39.35453800035715],[-76.6599349994481,39.35306099994147],[-76.6591330003256,39.34788700048809],[-76.65944700009008,39.346506000243366]]]}},{"id":"563","type":"Feature","properties":{"GISJOIN":"G2405100002718","pct_black":4.82},"geometry":{"type":"Polygon","coordinates":[[[-76.67139699987611,39.345195000027374],[-76.67238600045455,39.34464300049399],[-76.67384799941122,39.34102600029035],[-76.67821600004385,39.34223700013004],[-76.68099300020778,39.34168799962323],[-76.68267000017522,39.342340999588494],[-76.69005899985706,39.34758499998754],[-76.68335800022896,39.351757000438674],[-76.68132199954745,39.350604000099985],[-76.67550900041702,39.34882100002555],[-76.67139699987611,39.345195000027374]]]}},{"id":"564","type":"Feature","properties":{"GISJOIN":"G2405100002719","pct_black":0.09},"geometry":{"type":"Polygon","coordinates":[[[-76.67084799956898,39.35678799963702],[-76.67258100014604,39.35674900002336],[-76.6794149994796,39.353884999813566],[-76.69005899985706,39.34758499998754],[-76.69535499996633,39.35125399975064],[-76.69171199995561,39.35394199997269],[-76.67565800011553,39.362375000384986],[-76.67310900013373,39.364243999694246],[-76.67134800026507,39.36219800018946],[-76.6717680000726,39.36081200038892],[-76.67084799956898,39.35678799963702]]]}},{"id":"565","type":"Feature","properties":{"GISJOIN":"G240510000272","pct_black":1.16},"geometry":{"type":"Polygon","coordinates":[[[-76.56299799999066,39.34201600002103],[-76.57315400036386,39.33578700009006],[-76.57312430266718,39.34035322932692],[-76.57826385654207,39.340232106400926],[-76.57892800045775,39.341428000135494],[-76.5814550001219,39.34182099990042],[-76.58155399971075,39.34239600021064],[-76.58080500053103,39.34527699969857],[-76.57693000053311,39.34542599995041],[-76.57630599972161,39.34732400000889],[-76.57011399952393,39.34590200005652],[-76.56299799999066,39.34201600002103]]]}},{"id":"566","type":"Feature","properties":{"GISJOIN":"G2405100002720","pct_black":0.37},"geometry":{"type":"Polygon","coordinates":[[[-76.67819100000709,39.37199399960249],[-76.67697600017037,39.36873300040208],[-76.67414200046818,39.36631599987386],[-76.67310900013373,39.364243999694246],[-76.67565800011553,39.362375000384986],[-76.69171199995561,39.35394199997269],[-76.69535499996633,39.35125399975064],[-76.71119099946375,39.362771000327676],[-76.71131300029529,39.3719330000522],[-76.67819100000709,39.37199399960249]]]}},{"id":"567","type":"Feature","properties":{"GISJOIN":"G240510000273","pct_black":5.74},"geometry":{"type":"Polygon","coordinates":[[[-76.56643900015187,39.352732000243634],[-76.56088499977356,39.34835400039877],[-76.55814700016151,39.34518499969646],[-76.56299799999066,39.34201600002103],[-76.57011399952393,39.34590200005652],[-76.57630599972161,39.34732400000889],[-76.57693000053311,39.34542599995041],[-76.58080500053103,39.34527699969857],[-76.58111900039769,39.34807799992184],[-76.58193199991673,39.348790999590925],[-76.57940600005843,39.350436000042905],[-76.57726699953066,39.34991800019258],[-76.57773200013085,39.35239000004876],[-76.57432899965374,39.35253600008669],[-76.57301499989605,39.35390299955223],[-76.56643900015187,39.352732000243634]]]}},{"id":"568","type":"Feature","properties":{"GISJOIN":"G240510000274A","pct_black":0.03},"geometry":{"type":"Polygon","coordinates":[[[-76.53477000054464,39.35122099991055],[-76.54125900027158,39.3453920004951],[-76.55244099995296,39.33761399980064],[-76.55814700016151,39.34518499969646],[-76.55569299969261,39.34599199982068],[-76.55412100266969,39.34793599326315],[-76.55170700007699,39.347044999576006],[-76.54327600021884,39.35150099982901],[-76.54266600049982,39.353530999761325],[-76.54030000017383,39.35362800006563],[-76.53711599951339,39.35274200034423],[-76.53477000054464,39.35122099991055]]]}},{"id":"569","type":"Feature","properties":{"GISJOIN":"G240510000274B","pct_black":0.0},"geometry":{"type":"Polygon","coordinates":[[[-76.54266600049982,39.353530999761325],[-76.54327600021884,39.35150099982901],[-76.55170700007699,39.347044999576006],[-76.55412100266969,39.34793599326315],[-76.55569299969261,39.34599199982068],[-76.55814700016151,39.34518499969646],[-76.56088499977356,39.34835400039877],[-76.56332599971235,39.35010599959633],[-76.55773100041058,39.356657999806146],[-76.54701500062635,39.35373399977718],[-76.54266600049982,39.353530999761325]]]}},{"id":"570","type":"Feature","properties":{"GISJOIN":"G240510000275","pct_black":0.59},"geometry":{"type":"Polygon","coordinates":[[[-76.52977300031209,39.355574999747255],[-76.53477000054464,39.35122099991055],[-76.53711599951339,39.35274200034423],[-76.54016499972379,39.353601999535776],[-76.54701500062635,39.35373399977718],[-76.55773100041058,39.356657999806146],[-76.54424299974922,39.37218099960259],[-76.53238700054173,39.372206000202574],[-76.52979299948322,39.372058000004216],[-76.52977300031209,39.355574999747255]]]}},{"id":"571","type":"Feature","properties":{"GISJOIN":"G240510000276","pct_black":0.02},"geometry":{"type":"Polygon","coordinates":[[[-76.5578590004603,39.356511000284684],[-76.56332599971235,39.35010599959633],[-76.56643900015187,39.352732000243634],[-76.57301499989605,39.35390299955223],[-76.57292599995084,39.35703699978874],[-76.57388500036458,39.359867000171704],[-76.5733789996732,39.361794999817796],[-76.57380971681727,39.365146770429426],[-76.56789999979333,39.364576000364764],[-76.56160500027514,39.3626479995885],[-76.55860700020666,39.362680000241696],[-76.5578590004603,39.356511000284684]]]}},{"id":"572","type":"Feature","properties":{"GISJOIN":"G240510000277","pct_black":0.02},"geometry":{"type":"Polygon","coordinates":[[[-76.55773100041058,39.356657999806146],[-76.55860700020666,39.362680000241696],[-76.56160500027514,39.3626479995885],[-76.56789999979333,39.364576000364764],[-76.57380971681727,39.365146770429426],[-76.57452899948568,39.36803199989564],[-76.57244200015693,39.37075800043955],[-76.5716699997036,39.3710050000567],[-76.57199600038093,39.3721079996653],[-76.54424299974922,39.37218099960259],[-76.55773100041058,39.356657999806146]]]}},{"id":"573","type":"Feature","properties":{"GISJOIN":"G240510000278A","pct_black":0.03},"geometry":{"type":"Polygon","coordinates":[[[-76.57452899948568,39.36803199989564],[-76.5733789996732,39.361794999817796],[-76.57388500036458,39.359867000171704],[-76.57292599995084,39.35703699978874],[-76.57301499989605,39.35390299955223],[-76.57580399990043,39.354930999663694],[-76.57846199981881,39.35445700029099],[-76.58213400032115,39.35561299964885],[-76.58956100032249,39.355418000440366],[-76.59256400035854,39.354250000341715],[-76.59466600017008,39.35407500003928],[-76.59517200003451,39.35551899975231],[-76.59797400013088,39.35907199964739],[-76.59784300046898,39.36303800045195],[-76.59915199940913,39.365240000109544],[-76.60030299946223,39.369139999854575],[-76.59734200031744,39.37079800029106],[-76.59704499989022,39.37186800043716],[-76.57199600038093,39.3721079996653],[-76.5716699997036,39.3710050000567],[-76.57244200015693,39.37075800043955],[-76.57452899948568,39.36803199989564]]]}},{"id":"574","type":"Feature","properties":{"GISJOIN":"G240510000278B","pct_black":0.01},"geometry":{"type":"Polygon","coordinates":[[[-76.59466600017008,39.35407500003928],[-76.60995300038765,39.355503000217965],[-76.60977799948405,39.372201999760534],[-76.59704499989022,39.37186800043716],[-76.59734200031744,39.37079800029106],[-76.60030299946223,39.369139999854575],[-76.60025799957401,39.36817099986216],[-76.59784300046898,39.36303800045195],[-76.59824599974284,39.36106100032322],[-76.59793600017444,39.35897300032212],[-76.59517200003451,39.35551899975231],[-76.59466600017008,39.35407500003928]]]}},{"id":"575","type":"Feature","properties":{"GISJOIN":"G240510000279","pct_black":5.67},"geometry":{"type":"Polygon","coordinates":[[[-76.57301499989605,39.35390299955223],[-76.57432899965374,39.35253600008669],[-76.57773200013085,39.35239000004876],[-76.57726699953066,39.34991800019258],[-76.57940600005843,39.350436000042905],[-76.58190700034092,39.348866999699986],[-76.58111900039769,39.34807799992184],[-76.5806879995379,39.34471599955121],[-76.58152600040218,39.34186699973477],[-76.57903799946965,39.34149000001004],[-76.57826385654207,39.340232106400926],[-76.60017243000598,39.34040985486046],[-76.59828899954077,39.354166000229434],[-76.59332600020048,39.35413100010871],[-76.58956100032249,39.355418000440366],[-76.58213400032115,39.35561299964885],[-76.57846199981881,39.35445700029099],[-76.57580399990043,39.354930999663694],[-76.57301499989605,39.35390299955223]]]}},{"id":"576","type":"Feature","properties":{"GISJOIN":"G240510000281A","pct_black":0.99},"geometry":{"type":"Polygon","coordinates":[[[-76.71119099946375,39.362771000327676],[-76.6822960002345,39.34212600037827],[-76.68066199957212,39.34167700005601],[-76.6780109995542,39.34220699949997],[-76.67073000039024,39.34013500019632],[-76.67871713472084,39.340156694077876],[-76.68747700013786,39.342853999625994],[-76.70644100030995,39.35302700047133],[-76.71138799971892,39.349495999582],[-76.71119099946375,39.362771000327676]]]}},{"id":"577","type":"Feature","properties":{"GISJOIN":"G240510000281B","pct_black":0.05},"geometry":{"type":"Polygon","coordinates":[[[-76.67871713472084,39.340156694077876],[-76.68937000064018,39.34024399967955],[-76.68911529218806,39.329349463963496],[-76.71101100023365,39.33639100023822],[-76.71138799971892,39.349495999582],[-76.70644100030995,39.35302700047133],[-76.68794200024008,39.343061999839],[-76.67871713472084,39.340156694077876]]]}},{"id":"578","type":"Feature","properties":{"GISJOIN":"G240510000282","pct_black":0.27},"geometry":{"type":"Polygon","coordinates":[[[-76.68911529218806,39.329349463963496],[-76.68863500067367,39.32402899967266],[-76.70413099951024,39.31848700007762],[-76.70662800061727,39.31981399967005],[-76.70853600034526,39.31940999970351],[-76.70962400041502,39.318507999999355],[-76.71102800006824,39.31891600006069],[-76.71149299963425,39.32080500022598],[-76.71149300028686,39.33379900025141],[-76.71101100023365,39.33639100023822],[-76.68911529218806,39.329349463963496]]]}},{"id":"579","type":"Feature","properties":{"GISJOIN":"G240510000283","pct_black":21.26},"geometry":{"type":"Polygon","coordinates":[[[-76.68720228591934,39.304715992269784],[-76.69339599988255,39.30406099996287],[-76.69470999936105,39.301837000214846],[-76.69746400028059,39.301323000141586],[-76.70138899994424,39.30155899976273],[-76.70460199981923,39.29992599989238],[-76.70584999982722,39.299983000350856],[-76.70614100061734,39.30073299973629],[-76.70522600008168,39.30223699981404],[-76.70569099992521,39.30284099962884],[-76.70828700027279,39.30365399968754],[-76.71118499967005,39.30340899998335],[-76.71102800006824,39.31891600006069],[-76.70962400041502,39.318507999999355],[-76.70853600034526,39.31940999970351],[-76.70662800061727,39.31981399967005],[-76.70413099951024,39.31848700007762],[-76.68863500067367,39.32402899967266],[-76.68720228591934,39.304715992269784]]]}},{"id":"580","type":"Feature","properties":{"GISJOIN":"G240510000284","pct_black":0.04},"geometry":{"type":"Polygon","coordinates":[[[-76.68720228591934,39.304715992269784],[-76.68560999977707,39.28167899972114],[-76.70525200039384,39.28086499985817],[-76.70726800017374,39.279379999772246],[-76.71105400031043,39.277888999665485],[-76.71118499967005,39.30340899998335],[-76.70828700027279,39.30365399968754],[-76.7057789999266,39.302896999719216],[-76.70523299949977,39.302141000056466],[-76.70618199967585,39.30041999950712],[-76.70505499973142,39.29982900030113],[-76.70138899994424,39.30155899976273],[-76.69746400028059,39.301323000141586],[-76.6944280003807,39.30192300047112],[-76.69339599988255,39.30406099996287],[-76.68720228591934,39.304715992269784]]]}},{"id":"287","type":"Feature","properties":{"GISJOIN":"G240005010003700","pct_black":8.16},"geometry":{"type":"Polygon","coordinates":[[[-76.56579200043902,39.62553699975321],[-76.56518900028809,39.61450400035825],[-76.56414299968385,39.610414000170934],[-76.56198700009465,39.607958999793404],[-76.56290400015358,39.606238999878585],[-76.56085799985722,39.599643999605426],[-76.55994200025732,39.598956999873664],[-76.55946399992169,39.59765999991274],[-76.56006699978165,39.59605600011026],[-76.55661900004736,39.594537999967315],[-76.55324899949483,39.58943400028558],[-76.54984900041228,39.589010000089175],[-76.54705400016778,39.58767799967484],[-76.5456949996016,39.58385499971567],[-76.5459230001545,39.58317899995531],[-76.5447310003042,39.58163600016436],[-76.54495899998248,39.58030799988996],[-76.54453400011727,39.58035299998327],[-76.54431399979248,39.579184000411395],[-76.54351499983298,39.57863500004795],[-76.54350200014514,39.57789600037408],[-76.54407000063428,39.57768099973899],[-76.54403199997392,39.57525999958385],[-76.54129999984622,39.575038000422],[-76.54012199968165,39.5737529997016],[-76.54071299954438,39.572303999847236],[-76.54019699977448,39.57084899995897],[-76.54043399965106,39.56914800038416],[-76.5395599993669,39.5684300003461],[-76.53983499946466,39.5677550002248],[-76.53864499968857,39.56635999967465],[-76.53688300037406,39.56557800035575],[-76.53596199944568,39.56165499994694],[-76.53468500016443,39.56138299985559],[-76.53449299960953,39.56086199988699],[-76.53201000027596,39.56146599976667],[-76.5320699995529,39.55685299958066],[-76.53105799977472,39.55539900020025],[-76.53185600031016,39.55480400032908],[-76.5340060002386,39.55470900023722],[-76.53482599953867,39.55324899956495],[-76.53424200014005,39.551422000268914],[-76.53183000022217,39.55109700005272],[-76.53250399968731,39.54690300006656],[-76.53217400054494,39.543976999692354],[-76.52780499995767,39.543516999667645],[-76.52581700029187,39.53986700018786],[-76.52204700006295,39.5388809998577],[-76.52253300014827,39.536723999994884],[-76.51948300050364,39.53681399965876],[-76.51848200003542,39.53636699979355],[-76.51816699965968,39.532888999566815],[-76.51592800016469,39.53187400038788],[-76.51649099954285,39.5290800000136],[-76.51255700051149,39.52904700005045],[-76.51038700007814,39.52438799993093],[-76.50785899996397,39.52358199978564],[-76.50497899992455,39.525054999942256],[-76.5008670002394,39.524452000338904],[-76.49900299969664,39.523504000082994],[-76.49750600052735,39.52437599990555],[-76.49772399961003,39.52281299990179],[-76.50292499946507,39.51866999981361],[-76.50428500003359,39.51589899996399],[-76.50698100037371,39.51433799994808],[-76.50877800003681,39.511960000232364],[-76.50890100029417,39.51125999989842],[-76.50262499981169,39.507872000156446],[-76.50709200009045,39.50404499983719],[-76.51119899987847,39.502235999914554],[-76.51978900007926,39.49971099982286],[-76.52585799986034,39.495597999843504],[-76.52288800003983,39.489815000316646],[-76.5273839996333,39.4879089999334],[-76.52869399976227,39.48351499999457],[-76.53370199982676,39.480069000322935],[-76.5399039998696,39.47296899964921],[-76.54526599967984,39.47030300014305],[-76.54681799972703,39.46727600014301],[-76.5473100001453,39.4672340002161],[-76.54546599988393,39.46618800013649],[-76.54627299983166,39.46426100032892],[-76.54818900002496,39.46360599986816],[-76.55219000027694,39.45500600035323],[-76.55728999967911,39.44930599964515],[-76.58060399969942,39.45244899969069],[-76.5798340005035,39.460159999837224],[-76.58087300034184,39.46310999991079],[-76.58247599969577,39.463699000057794],[-76.58439000004972,39.46955499971878],[-76.5821970005616,39.4754829996929],[-76.58307999999862,39.48423900039656],[-76.5932599993978,39.48688400021806],[-76.59788899998841,39.48671400011736],[-76.60972899955438,39.48859500011],[-76.60870100008046,39.491046999587255],[-76.60603499951466,39.4927700000792],[-76.60707600018863,39.49413799969459],[-76.60937300026855,39.49482199968737],[-76.60951299965485,39.49704099980611],[-76.6111069996652,39.499691999866755],[-76.6103250000388,39.501110999716396],[-76.61496599973235,39.505205999992825],[-76.61321100043779,39.5059129996403],[-76.61592099942773,39.5107760003063],[-76.61515100009593,39.515902000439645],[-76.61912199959524,39.51916500026277],[-76.61992100015,39.52136900020327],[-76.62101600050158,39.52245499970622],[-76.62338299967644,39.523747000098986],[-76.62434799960107,39.52289299975308],[-76.62677700013593,39.52465899970567],[-76.6284939993532,39.52772700022094],[-76.63261599979441,39.52983300006643],[-76.63304700049447,39.53092399977702],[-76.63288900047766,39.53380800023277],[-76.63499200027522,39.535855000007665],[-76.63842200017235,39.53723299976015],[-76.64007400041996,39.54009000040757],[-76.63953999946973,39.54105800028943],[-76.63981999977217,39.54203799955169],[-76.64121499978044,39.54323599962711],[-76.63995299967516,39.54515600002006],[-76.63572099949242,39.54813699968303],[-76.63590100000513,39.54941500037864],[-76.6385820002949,39.5531320000392],[-76.6401129998732,39.556962999741486],[-76.63918899949046,39.55809199992637],[-76.63251300034803,39.56172999989554],[-76.63343600018578,39.5634399998411],[-76.6328810003759,39.56463700010399],[-76.62967700046616,39.56520500048529],[-76.62343300010946,39.56246299981717],[-76.62269799969182,39.56344099997321],[-76.62296200029363,39.56477199959765],[-76.61618500017491,39.56764300040438],[-76.61092899987791,39.567797999984755],[-76.61007400044602,39.568499000085055],[-76.61002700032104,39.57056900007844],[-76.61133600050229,39.5717970002322],[-76.61533800050248,39.572778000270084],[-76.61824700047927,39.571798000415626],[-76.6218789995348,39.57249000023839],[-76.62307600023323,39.57314900032664],[-76.62401300056857,39.57537199983322],[-76.61655299971194,39.576925999764946],[-76.6166509997723,39.57764300037242],[-76.62158200042742,39.58240999968861],[-76.62175199954565,39.58328399986812],[-76.62044400032812,39.58447199986935],[-76.6186480000904,39.583897999607935],[-76.6179950004229,39.58283299968089],[-76.61522199958046,39.582723999743564],[-76.61436599952258,39.58214499997502],[-76.61266099958101,39.58253399995112],[-76.61117300021887,39.58418799968474],[-76.61187199951048,39.586312000377596],[-76.6164650004604,39.58840599988254],[-76.6178199998161,39.59067599978682],[-76.62138299968827,39.59300699986566],[-76.62398800011066,39.5968369996508],[-76.6260310003417,39.59873300023195],[-76.62475200010395,39.5982539998718],[-76.62548700033693,39.59977599981878],[-76.62483800028728,39.60129399999516],[-76.62327600036313,39.60125600033602],[-76.62085200053076,39.60232699969881],[-76.62048600055174,39.60303899994622],[-76.62145399974878,39.60486800034991],[-76.62116199957867,39.607177999818056],[-76.61939900050969,39.6099520001391],[-76.62092999980506,39.61090799999562],[-76.62383199982625,39.61143300003206],[-76.62503599997848,39.612166000340494],[-76.62515900035858,39.612807000342194],[-76.62265399996701,39.61438100018647],[-76.62193600032995,39.61740200043856],[-76.62061400020266,39.6182510001522],[-76.62035800047188,39.61989499965753],[-76.61855499996597,39.61924100036296],[-76.61782199997435,39.620741000176],[-76.61852500049,39.62243600015966],[-76.6184279996792,39.623926999942036],[-76.61623800051709,39.62448899965132],[-76.61470599999339,39.623592999651535],[-76.60963300051672,39.62427699990579],[-76.60803100024891,39.6252839999587],[-76.60371499995613,39.62480399997138],[-76.60329199987132,39.62539999971349],[-76.60232799940513,39.62478700034434],[-76.60007000004997,39.62545800030986],[-76.59871299944861,39.62529299990039],[-76.59805399955962,39.62610699985596],[-76.59570300030776,39.626062999878414],[-76.59613299959635,39.62690199959795],[-76.5931080005215,39.62856600014313],[-76.588126999523,39.630051000017204],[-76.5879989999018,39.6312670000644],[-76.58746699988721,39.63161000022058],[-76.58093899947136,39.63453700036728],[-76.57897900031904,39.634128000283205],[-76.57460099937443,39.6301970003532],[-76.57178399981483,39.62960999958447],[-76.56579200043902,39.62553699975321]]]}},{"id":"288","type":"Feature","properties":{"GISJOIN":"G24000501000600","pct_black":0.61},"geometry":{"type":"Polygon","coordinates":[[[-76.7070739996597,39.26241099970834],[-76.70417999946154,39.26084799981576],[-76.70419599964877,39.25727899968497],[-76.70036999993575,39.25450899981589],[-76.70757199954025,39.24731399970473],[-76.70823825237841,39.24750111383848],[-76.70877133557819,39.24660544287987],[-76.71175136002476,39.24551415703063],[-76.7143249949136,39.24218965404532],[-76.7161199996044,39.24506599995648],[-76.71609322373328,39.24890511127047],[-76.71499200001047,39.252304999623014],[-76.71753690965822,39.255443548787106],[-76.71531099986893,39.257610999856816],[-76.71327735472947,39.25705900566563],[-76.7123451670926,39.25602313854087],[-76.71110299946035,39.257293000297615],[-76.71672199972265,39.26054899970144],[-76.7156709998166,39.261553999760416],[-76.7198099996417,39.26271699974719],[-76.72138199965376,39.26174599985279],[-76.72701000037713,39.2621630003063],[-76.727507999919,39.262628000185686],[-76.72698895784227,39.26430731038873],[-76.72264233244039,39.26940906111944],[-76.72001675339878,39.26770897253482],[-76.71980299966184,39.26683200004225],[-76.71547000008098,39.2653029998655],[-76.71432499972602,39.26389300015291],[-76.71292399978795,39.26360100018253],[-76.71241000025044,39.26269599966834],[-76.7070739996597,39.26241099970834]]]}},{"id":"289","type":"Feature","properties":{"GISJOIN":"G24000501000710","pct_black":0.4},"geometry":{"type":"Polygon","coordinates":[[[-76.69889199997962,39.27270499957635],[-76.70419000008332,39.2717979996835],[-76.70987400041967,39.27251099987097],[-76.71391400033413,39.27026999986424],[-76.71838199980466,39.27112299964723],[-76.7213180001518,39.27051600021702],[-76.72340300054132,39.27205399976465],[-76.72441899951386,39.27361300030555],[-76.7208050005208,39.274394999695474],[-76.71105400031043,39.277888999665485],[-76.69889199997962,39.27270499957635]]]}},{"id":"290","type":"Feature","properties":{"GISJOIN":"G24000501000720","pct_black":0.0},"geometry":{"type":"Polygon","coordinates":[[[-76.68866700049303,39.26819500005341],[-76.70532100001724,39.26268799977258],[-76.70980699985726,39.26232799999642],[-76.71241000025044,39.26269599966834],[-76.71292399978795,39.26360100018253],[-76.71432499972602,39.26389300015291],[-76.71547000008098,39.2653029998655],[-76.71980299966184,39.26683200004225],[-76.72001675339878,39.26770897253482],[-76.72264233244039,39.26940906111944],[-76.72154899999744,39.270420000001025],[-76.71887899966242,39.271108999689105],[-76.71367400011154,39.27031299986242],[-76.70958999935394,39.27255700034231],[-76.70419000008332,39.2717979996835],[-76.69889199997962,39.27270499957635],[-76.68866700049303,39.26819500005341]]]}},{"id":"291","type":"Feature","properties":{"GISJOIN":"G24000501000730","pct_black":2.08},"geometry":{"type":"Polygon","coordinates":[[[-76.7213180001518,39.27051600021702],[-76.72698895784227,39.26430731038873],[-76.727507999919,39.262628000185686],[-76.72701000037713,39.2621630003063],[-76.72227899972273,39.26173199995698],[-76.72120299971769,39.26179500034548],[-76.7202799997815,39.26266799999778],[-76.71823600023663,39.26258200003474],[-76.7156709998166,39.261553999760416],[-76.71672199972265,39.26054899970144],[-76.71110299946035,39.257293000297615],[-76.7123451670926,39.25602313854087],[-76.71327735472947,39.25705900566563],[-76.71531099986893,39.257610999856816],[-76.71753690965822,39.255443548787106],[-76.71499200001047,39.252304999623014],[-76.71609322373328,39.24890511127047],[-76.7161199996044,39.24506599995648],[-76.7143249949136,39.24218965404532],[-76.71175136002476,39.24551415703063],[-76.70877133557819,39.24660544287987],[-76.70823825237841,39.24750111383848],[-76.70757199954025,39.24731399970473],[-76.70841299993512,39.24605299986273],[-76.71121899949162,39.245090999818565],[-76.71229900019236,39.241512000466024],[-76.7150869994544,39.24119899997839],[-76.71742700037127,39.24282699968101],[-76.71849300004823,39.24393700022685],[-76.71862247057395,39.24598237538658],[-76.72062599954913,39.2485579996614],[-76.72454100049188,39.25054799980148],[-76.72707100017102,39.25423300046201],[-76.73191899958461,39.25796299951485],[-76.73314599991107,39.25951999966554],[-76.7299619998336,39.26263000013704],[-76.72954300006683,39.26502600024987],[-76.73146799982341,39.27206100035716],[-76.72441899951386,39.27361300030555],[-76.72340300054132,39.27205399976465],[-76.7213180001518,39.27051600021702]]]}},{"id":"292","type":"Feature","properties":{"GISJOIN":"G24000501000810","pct_black":0.54},"geometry":{"type":"Polygon","coordinates":[[[-76.74189700021192,39.234562999880524],[-76.74319700051834,39.236389000228],[-76.74613499987954,39.23826200030095],[-76.74795199961183,39.2405050001639],[-76.7495909994436,39.24120400016285],[-76.75181099999264,39.24448500024071],[-76.75428300036074,39.24625899962637],[-76.75717599958081,39.24749599965503],[-76.76360000047138,39.24637300013471],[-76.76494499955912,39.24851999972123],[-76.76385699980466,39.25004600030969],[-76.76383000045607,39.25131200000343],[-76.76932543952675,39.25293927532684],[-76.76724900063836,39.253825999819796],[-76.76702399980128,39.255037999524475],[-76.7650999999713,39.25739600019663],[-76.7665200001037,39.2598439998641],[-76.76565400028183,39.26216900032374],[-76.76588799978313,39.26401799967354],[-76.76509099981098,39.264896999799525],[-76.75751699947989,39.267996000349285],[-76.74598800004448,39.26888799964114],[-76.7432010003341,39.26014000041673],[-76.74185500021557,39.25981399990571],[-76.74165800028032,39.25807499973331],[-76.73938700006221,39.256150000101485],[-76.73941100028358,39.25510999998052],[-76.73758999983018,39.25378800005907],[-76.73877700020212,39.251007000107336],[-76.74003900063055,39.25029499975426],[-76.73961800054609,39.249662999674065],[-76.73981999972214,39.24755099960066],[-76.73799799983274,39.24518799985749],[-76.7384759999381,39.244713000039404],[-76.73836000021868,39.24276500019987],[-76.73898399980865,39.24123000006729],[-76.74193800042731,39.23799000044276],[-76.74059299990756,39.235500000163796],[-76.74189700021192,39.234562999880524]]]}},{"id":"293","type":"Feature","properties":{"GISJOIN":"G24000501000820","pct_black":0.05},"geometry":{"type":"Polygon","coordinates":[[[-76.7150869994544,39.24119899997839],[-76.71598599971401,39.23872900013832],[-76.71779900054581,39.23756099977723],[-76.71969599984554,39.23518999956681],[-76.72011400022569,39.23181100004122],[-76.72159900016146,39.230453000208335],[-76.72199400017075,39.228153000441935],[-76.72285099997627,39.22718700007103],[-76.72456699995031,39.22861100017012],[-76.72818099945738,39.22939299992921],[-76.7299000003823,39.22899499971153],[-76.7331240004926,39.23079500022025],[-76.73656599959922,39.23125400031798],[-76.74103999992748,39.233084999837445],[-76.74198599998162,39.23425699978569],[-76.7406050004483,39.23559200015906],[-76.74193800042731,39.23799000044276],[-76.73861599962571,39.241850999808484],[-76.7384759999381,39.244713000039404],[-76.73798099976908,39.245078000271654],[-76.73981999972214,39.24755099960066],[-76.73961800054609,39.249662999674065],[-76.74003900063055,39.25029499975426],[-76.73877700020212,39.251007000107336],[-76.73758999983018,39.25378800005907],[-76.73941100028358,39.25510999998052],[-76.73938700006221,39.256150000101485],[-76.74165800028032,39.25807499973331],[-76.74185500021557,39.25981399990571],[-76.7432010003341,39.26014000041673],[-76.74598800004448,39.26888799964114],[-76.73146799982341,39.27206100035716],[-76.72954300006683,39.26502600024987],[-76.7299619998336,39.26263000013704],[-76.73314599991107,39.25951999966554],[-76.73191899958461,39.25796299951485],[-76.72707100017102,39.25423300046201],[-76.72454100049188,39.25054799980148],[-76.72062599954913,39.2485579996614],[-76.71862247057395,39.24598237538658],[-76.71849300004823,39.24393700022685],[-76.7150869994544,39.24119899997839]]]}},{"id":"294","type":"Feature","properties":{"GISJOIN":"G24000501000910","pct_black":0.0},"geometry":{"type":"Polygon","coordinates":[[[-76.71118599995384,39.28739400043095],[-76.71635200055835,39.28110299985997],[-76.72430300027678,39.281087999765575],[-76.72765500010348,39.2798979997963],[-76.73138300023565,39.28194600037557],[-76.7304759994953,39.2837340003722],[-76.73145799980927,39.28820899983872],[-76.71940299982113,39.29098199971744],[-76.71119500038073,39.2917489999243],[-76.71118599995384,39.28739400043095]]]}},{"id":"295","type":"Feature","properties":{"GISJOIN":"G24000501000920","pct_black":0.39},"geometry":{"type":"Polygon","coordinates":[[[-76.71105400031043,39.277888999665485],[-76.7208050005208,39.274394999695474],[-76.73146799982341,39.27206100035716],[-76.73352300009398,39.278511999587266],[-76.73138300023565,39.28194600037557],[-76.72765500010348,39.2798979997963],[-76.72430300027678,39.281087999765575],[-76.71635200055835,39.28110299985997],[-76.71118599995384,39.28739400043095],[-76.71105400031043,39.277888999665485]]]}},{"id":"296","type":"Feature","properties":{"GISJOIN":"G24000501001010","pct_black":45.18},"geometry":{"type":"Polygon","coordinates":[[[-76.74121999991965,39.27593200037805],[-76.75287700009163,39.27346199980823],[-76.75639100016828,39.273826000229256],[-76.75337400023477,39.283719000320474],[-76.7496740004504,39.2837709999451],[-76.74526199954369,39.28474799975227],[-76.74536800024764,39.280700999913535],[-76.74121999991965,39.27593200037805]]]}},{"id":"297","type":"Feature","properties":{"GISJOIN":"G24000501001020","pct_black":54.09},"geometry":{"type":"Polygon","coordinates":[[[-76.7304759994953,39.2837340003722],[-76.73343899954928,39.27882300037725],[-76.73319900033175,39.277341999634075],[-76.74121999991965,39.27593200037805],[-76.74536800024764,39.280700999913535],[-76.74507299979733,39.28310300017729],[-76.74556299986969,39.28303699962077],[-76.74526199954369,39.28474799975227],[-76.73145799980927,39.28820899983872],[-76.7304759994953,39.2837340003722]]]}},{"id":"298","type":"Feature","properties":{"GISJOIN":"G24000501001030","pct_black":16.11},"geometry":{"type":"Polygon","coordinates":[[[-76.73146799982341,39.27206100035716],[-76.74749900023554,39.268574999671145],[-76.75664400046004,39.26804999972357],[-76.75689300031613,39.272307999773425],[-76.75639100016828,39.273826000229256],[-76.75287700009163,39.27346199980823],[-76.73319900033175,39.277341999634075],[-76.73146799982341,39.27206100035716]]]}},{"id":"299","type":"Feature","properties":{"GISJOIN":"G24000501001110","pct_black":4.38},"geometry":{"type":"Polygon","coordinates":[[[-76.73007599974248,39.31711500027648],[-76.73054400021061,39.31649799971835],[-76.72555300022127,39.31456799985052],[-76.7254569999971,39.313007000104875],[-76.72376700042628,39.31195200051851],[-76.7222750002058,39.312684000209],[-76.72127599963814,39.31210900019597],[-76.71981399981414,39.31282999972776],[-76.71824200019975,39.312835999725856],[-76.71685400034139,39.31129200025],[-76.71555500040824,39.31117999993205],[-76.71455900029497,39.310353999799794],[-76.71468799994237,39.30869100033945],[-76.7140140005846,39.30765399968581],[-76.71315400047058,39.30755399982092],[-76.71336700017035,39.30668599965014],[-76.71222400013536,39.30547899994694],[-76.71198700029277,39.304397000055445],[-76.71970099986181,39.30101500035167],[-76.73145099985906,39.292746000274356],[-76.73145799980927,39.28820899983872],[-76.74845900056113,39.28398199969036],[-76.75337400023477,39.283719000320474],[-76.75278099977808,39.285573999645834],[-76.753300999908,39.28846700043864],[-76.75221700005531,39.29159899993918],[-76.75314800004836,39.29442199988539],[-76.75374499951822,39.302028999576834],[-76.75466999967304,39.30487500024176],[-76.75272278923771,39.30891754133418],[-76.7460660002527,39.31500399964721],[-76.74516100059475,39.3185129998415],[-76.74229299956224,39.32139499982119],[-76.73007599974248,39.31711500027648]]]}},{"id":"300","type":"Feature","properties":{"GISJOIN":"G24000501001120","pct_black":0.0},"geometry":{"type":"Polygon","coordinates":[[[-76.71102800006824,39.31891600006069],[-76.71118499967005,39.30340899998335],[-76.71336700017035,39.30668599965014],[-76.71315400047058,39.30755399982092],[-76.7140140005846,39.30765399968581],[-76.71468799994237,39.30869100033945],[-76.71453399955583,39.31029299979827],[-76.71555500040824,39.31117999993205],[-76.71685400034139,39.31129200025],[-76.71824200019975,39.312835999725856],[-76.71981399981414,39.31282999972776],[-76.72127599963814,39.31210900019597],[-76.7222750002058,39.312684000209],[-76.72376700042628,39.31195200051851],[-76.7254569999971,39.313007000104875],[-76.72562000041324,39.31461499992757],[-76.73054400021061,39.31649799971835],[-76.73007599974248,39.31711500027648],[-76.72877200030285,39.31664399991464],[-76.7262780002507,39.32166999965485],[-76.72420599985072,39.32341500033431],[-76.72218399983157,39.323582000396485],[-76.718205000285,39.32632500042738],[-76.71496099942395,39.324896000275714],[-76.71296399986457,39.32498299957018],[-76.71139099970917,39.32726799969253],[-76.71149299963425,39.32080500022598],[-76.71102800006824,39.31891600006069]]]}},{"id":"301","type":"Feature","properties":{"GISJOIN":"G24000501001130","pct_black":0.0},"geometry":{"type":"Polygon","coordinates":[[[-76.71118499967005,39.30340899998335],[-76.71119500038073,39.2917489999243],[-76.71940299982113,39.29098199971744],[-76.73145799980927,39.28820899983872],[-76.73162099978502,39.29229100039745],[-76.73124200015792,39.29290799960967],[-76.71970099986181,39.30101500035167],[-76.71180499978328,39.3044710001122],[-76.71118499967005,39.30340899998335]]]}},{"id":"302","type":"Feature","properties":{"GISJOIN":"G24000501001210","pct_black":1.71},"geometry":{"type":"Polygon","coordinates":[[[-76.74229299956224,39.32139499982119],[-76.74516100059475,39.3185129998415],[-76.7460660002527,39.31500399964721],[-76.75272278923771,39.30891754133418],[-76.7545720002823,39.30552700048825],[-76.75374499951822,39.302028999576834],[-76.75314800004836,39.29442199988539],[-76.75221099978427,39.291468999620506],[-76.75331900000593,39.28829700028773],[-76.75282999996955,39.28523699989258],[-76.75639100016828,39.273826000229256],[-76.76608200011263,39.275338999895475],[-76.77449099974868,39.26778100014305],[-76.77917200030974,39.26491399997464],[-76.77970499969199,39.26365999955443],[-76.7825910001842,39.26249600026684],[-76.78702299950714,39.26297899976758],[-76.7943709998634,39.267809999659804],[-76.79452900034775,39.270131000505835],[-76.79106500046883,39.271929999649124],[-76.78979400011481,39.27318499959054],[-76.7887220002583,39.277579000467355],[-76.78516600025449,39.2828549999569],[-76.78518199987167,39.291845000044276],[-76.78219900027689,39.29409399982659],[-76.7802719996576,39.29490400031449],[-76.77964300018778,39.29451199997859],[-76.77845400026482,39.29530399962331],[-76.77891599982343,39.29705099997624],[-76.78159600004692,39.297687999860834],[-76.78470100018522,39.29954700013223],[-76.78703399988048,39.299923999837176],[-76.78902200041748,39.30260900031479],[-76.79031499947959,39.30344199993608],[-76.79191500033609,39.303892000479074],[-76.79454299972413,39.30326899996895],[-76.79595900006495,39.303930000205135],[-76.796597000061,39.30565900031916],[-76.7955369996741,39.306617000354024],[-76.79394600041316,39.30683400025668],[-76.79343899981366,39.3095609999502],[-76.79252799993394,39.310899999665196],[-76.7933879999278,39.313510000225264],[-76.79471800013846,39.31427699964659],[-76.79349700034516,39.314986000247714],[-76.79288600014263,39.31621200015652],[-76.79038999974858,39.31615300013506],[-76.78886299961405,39.31719899998918],[-76.78612200047344,39.317200999797045],[-76.78357400027126,39.318787000022624],[-76.78325200051964,39.320234999689895],[-76.77956599958537,39.32087199953107],[-76.77750799988608,39.321974999881235],[-76.77038499984776,39.32188800024213],[-76.76511600009029,39.32081499991854],[-76.76232900021516,39.32103499967834],[-76.7594640002579,39.32048100043432],[-76.75174199996486,39.32240399957172],[-76.74229299956224,39.32139499982119]]]}},{"id":"303","type":"Feature","properties":{"GISJOIN":"G24000501001220","pct_black":0.11},"geometry":{"type":"Polygon","coordinates":[[[-76.75664400046004,39.26804999972357],[-76.75968599986103,39.26721399986966],[-76.76568199990172,39.264348000163466],[-76.76565400028183,39.26216900032374],[-76.7665200001037,39.2598439998641],[-76.7650999999713,39.25739600019663],[-76.76702399980128,39.255037999524475],[-76.76724900063836,39.253825999819796],[-76.76932543952675,39.25293927532684],[-76.77354099953143,39.25620500014892],[-76.78013700023567,39.25715999996899],[-76.78442999988887,39.26084699964522],[-76.78678899984364,39.26198500026972],[-76.7889700003802,39.26389300041016],[-76.79378999969425,39.26586300031477],[-76.79457599996408,39.26709100001192],[-76.7943709998634,39.267809999659804],[-76.79326600023244,39.26745100038839],[-76.79166999944684,39.26570400002079],[-76.78702299950714,39.26297899976758],[-76.78210100003618,39.26261599976747],[-76.77970499969199,39.26365999955443],[-76.77917200030974,39.26491399997464],[-76.77449099974868,39.26778100014305],[-76.76608200011263,39.275338999895475],[-76.75639100016828,39.273826000229256],[-76.75689300031613,39.272307999773425],[-76.75664400046004,39.26804999972357]]]}},{"id":"304","type":"Feature","properties":{"GISJOIN":"G240005011003810","pct_black":3.41},"geometry":{"type":"Polygon","coordinates":[[[-76.42090800029436,39.47845200033749],[-76.42455999956228,39.47944999963285],[-76.4279919999458,39.47887500035086],[-76.43202699992896,39.47694599974101],[-76.44173000043816,39.468125999892735],[-76.44639500042842,39.46555700037991],[-76.45564599972025,39.46080799975347],[-76.45918999975315,39.45989399961606],[-76.46085100018504,39.460660999998154],[-76.46204699975846,39.46023399957511],[-76.46488899952303,39.4559109997422],[-76.46733699998232,39.45347200031507],[-76.49094300001823,39.43161100037454],[-76.49108799977317,39.43093499980368],[-76.4900439999847,39.42942100029088],[-76.49002699981398,39.42771400025092],[-76.4905949999121,39.426715000060206],[-76.49371999965729,39.42536499986595],[-76.49734400015073,39.42147699976805],[-76.50249300003509,39.42196699992545],[-76.51150599982927,39.42438899987439],[-76.5137720004208,39.42646899969124],[-76.51585999986108,39.429978999704105],[-76.51836800029352,39.43170500036108],[-76.52136600043454,39.43115599971908],[-76.52607700030991,39.42906099976681],[-76.52957499974977,39.42659800001823],[-76.529043999764,39.42525699986779],[-76.5295639996719,39.42477300021627],[-76.53723199960562,39.421602000080995],[-76.54024699938586,39.42488900015542],[-76.54348900021571,39.426305999862365],[-76.543787999803,39.430704999688054],[-76.54298899947818,39.43510599998036],[-76.54358899993063,39.439506000131686],[-76.54528899994295,39.44140599959106],[-76.54848900038377,39.44300599985342],[-76.55128900023642,39.44220600037441],[-76.55538900033517,39.43990599995384],[-76.55606200012751,39.44140200015121],[-76.55646200058027,39.44717900005693],[-76.55728999967911,39.44930599964515],[-76.55219000027694,39.45500600035323],[-76.54818900002496,39.46360599986816],[-76.54627299983166,39.46426100032892],[-76.54546599988393,39.46618800013649],[-76.5473100001453,39.4672340002161],[-76.54681799972703,39.46727600014301],[-76.5453220004606,39.47022999977493],[-76.5399039998696,39.47296899964921],[-76.53370199982676,39.480069000322935],[-76.52869399976227,39.48351499999457],[-76.5273839996333,39.4879089999334],[-76.52288800003983,39.489815000316646],[-76.52585799986034,39.495597999843504],[-76.51978900007926,39.49971099982286],[-76.51119899987847,39.502235999914554],[-76.50709200009045,39.50404499983719],[-76.50262499981169,39.507872000156446],[-76.50890100029417,39.51125999989842],[-76.50874000066966,39.51207199969295],[-76.50698100037371,39.51433799994808],[-76.50428500003359,39.51589899996399],[-76.50292499946507,39.51866999981361],[-76.49772399961003,39.52281299990179],[-76.49729800004344,39.52519200025049],[-76.49549200019656,39.52666600041831],[-76.4945690002199,39.52654999985489],[-76.49444399983834,39.52566100042798],[-76.49365399990363,39.525596000224816],[-76.49299800058978,39.52463099976338],[-76.48919000050662,39.52401199996879],[-76.48561700055555,39.52197299984821],[-76.48373199975416,39.51954000021772],[-76.481583999921,39.51959600010213],[-76.47889400038837,39.518718999619765],[-76.47740799972567,39.51712099980124],[-76.47821500037863,39.51533399968992],[-76.47741599949175,39.51447099974321],[-76.47588299951313,39.51525400031103],[-76.47494999942971,39.517162999953946],[-76.47410600008358,39.517562000254436],[-76.47040700039616,39.51567600016101],[-76.46906100030924,39.51369300035554],[-76.4663410006577,39.51327299973105],[-76.46448500010516,39.51235699995162],[-76.4627439997252,39.51248700039452],[-76.46008899997389,39.51049900036619],[-76.46024000064816,39.50778099965902],[-76.45960199987935,39.507205000059955],[-76.45642799953899,39.50815799958585],[-76.45241200044823,39.506687999806815],[-76.45079700004166,39.50782500030899],[-76.44797000045396,39.5084580004083],[-76.44062300031871,39.50318900027408],[-76.43697999970728,39.501964000041916],[-76.43595399950978,39.50254400025475],[-76.43550300025868,39.50440200008481],[-76.43338399945563,39.505369000129626],[-76.43289000040627,39.50625900018721],[-76.43190699977481,39.506738999927535],[-76.4295940000488,39.5063929995588],[-76.42910299990714,39.505312999901214],[-76.4294120004244,39.50280099982608],[-76.42788399995355,39.50189499975403],[-76.42995499976556,39.499183999979316],[-76.42864000012852,39.49763700024767],[-76.43008099966237,39.496980999922194],[-76.43074499970255,39.49520600011577],[-76.43213900036646,39.494124999604054],[-76.43199799965389,39.492244000105686],[-76.43370299984005,39.4921989996276],[-76.43307399940109,39.488048000266446],[-76.42890700029008,39.48820999982091],[-76.42561100057779,39.48316800003663],[-76.42556499939519,39.48164500032682],[-76.42287700001663,39.480887000157324],[-76.42090800029436,39.47845200033749]]]}},{"id":"305","type":"Feature","properties":{"GISJOIN":"G240005011003820","pct_black":2.98},"geometry":{"type":"Polygon","coordinates":[[[-76.3652210005771,39.40181399984562],[-76.36998100025713,39.40249600010098],[-76.37485899970277,39.402451000389426],[-76.38195399941408,39.40136400014356],[-76.3852740006535,39.40006799976991],[-76.38856999985695,39.400932000112284],[-76.39077499976895,39.40198900027093],[-76.39194100026766,39.40362699990878],[-76.38980300047506,39.40773099985534],[-76.39017200004785,39.40961500012468],[-76.39139899939484,39.41122300026703],[-76.39421699974282,39.41159399986164],[-76.39548399979998,39.412702999576176],[-76.39754200019786,39.41169699971809],[-76.40013000018945,39.41218300028836],[-76.409132999945,39.41535200014268],[-76.41100300038326,39.41717299992718],[-76.41289600005096,39.417759999604804],[-76.42007799966223,39.416318000237396],[-76.42678399974892,39.41701800015832],[-76.43719200057467,39.42216399989966],[-76.44053900036026,39.42499200041839],[-76.44437000022027,39.42672600000289],[-76.44771899984964,39.432322999584116],[-76.45029900001586,39.43357000011681],[-76.45563200047626,39.43493400009074],[-76.46418499982462,39.4361059999342],[-76.46964600015701,39.43303200034482],[-76.4702320000489,39.43091700024006],[-76.4716229998237,39.42957700005501],[-76.4733759996811,39.42933899996536],[-76.47521700043765,39.42993699984242],[-76.47712000027015,39.429227999983134],[-76.47733399974395,39.42715700004293],[-76.4753240005899,39.42206999989792],[-76.47600500053986,39.420903000000806],[-76.47816099987232,39.41999000022931],[-76.48713299979731,39.42029399960903],[-76.49309000032186,39.424003999965485],[-76.49454600017403,39.42319100043455],[-76.49537400036225,39.421533000250236],[-76.49731500006132,39.42062200026405],[-76.50249300003509,39.42196699992545],[-76.49718200041679,39.421523000098354],[-76.49371999965729,39.42536499986595],[-76.49070399943056,39.42656700006597],[-76.49002699981398,39.42771400025092],[-76.4900439999847,39.42942100029088],[-76.49108799977317,39.43093499980368],[-76.49094300001823,39.43161100037454],[-76.46733699998232,39.45347200031507],[-76.46488899952303,39.4559109997422],[-76.46190299948091,39.46033000004042],[-76.46085100018504,39.460660999998154],[-76.45918999975315,39.45989399961606],[-76.45564599972025,39.46080799975347],[-76.44639500042842,39.46555700037991],[-76.44173000043816,39.468125999892735],[-76.43202699992896,39.47694599974101],[-76.4279919999458,39.47887500035086],[-76.42440299981533,39.479435999927496],[-76.41894199952958,39.47793499976393],[-76.41774200051222,39.47892500010093],[-76.41580400021877,39.478143999691966],[-76.41107000035126,39.47851199991162],[-76.41037700048085,39.47814300007997],[-76.40985700017697,39.47679700017026],[-76.40805900008878,39.47606200037035],[-76.40790800001614,39.472128000220785],[-76.40641400003055,39.47200099976525],[-76.4050060003334,39.474027999629755],[-76.4026920000737,39.473285000181114],[-76.4016399995382,39.47257599972189],[-76.40118499990808,39.47033300035948],[-76.39996399941847,39.468787000128074],[-76.39553800035215,39.46830099979412],[-76.39275199996877,39.465982999800794],[-76.3916880001456,39.46453199957648],[-76.39176500033776,39.46229600021453],[-76.39043199959507,39.459816000100766],[-76.3865929995435,39.45963799971902],[-76.38628800053509,39.45598600023165],[-76.38829700028737,39.454441000013716],[-76.38858099965844,39.45321499995855],[-76.3868820001716,39.45178100001258],[-76.3830749997451,39.45038499987376],[-76.38112900010012,39.448327999791694],[-76.38048199982164,39.446518999854185],[-76.37890900044532,39.44537099976242],[-76.3799509993864,39.44326800015326],[-76.37926499951858,39.440453999728376],[-76.37957999989315,39.4382340002737],[-76.3781580002547,39.43705100028299],[-76.37715199951396,39.43522199992148],[-76.37841000050146,39.43242800015666],[-76.38097700060246,39.42949999997135],[-76.38027400031437,39.428898999936514],[-76.38002400045258,39.427353000268006],[-76.3803810001715,39.42494400030952],[-76.37560999953769,39.42361200018657],[-76.37398399993049,39.42227499959231],[-76.37397299938505,39.42159800010354],[-76.37288000047492,39.421157999865905],[-76.37247700040496,39.41928500020628],[-76.37157600013337,39.418147000402314],[-76.3717740004971,39.41736000007712],[-76.37065399957666,39.416577999864465],[-76.37017800023567,39.41498999979214],[-76.37024000054046,39.41326599992983],[-76.37165399960669,39.41173300009298],[-76.37107199963324,39.41045700028007],[-76.37222999986423,39.405575999527365],[-76.37156000058536,39.404877999689205],[-76.36633199971254,39.4042089997021],[-76.3652210005771,39.40181399984562]]]}},{"id":"306","type":"Feature","properties":{"GISJOIN":"G240005011003910","pct_black":0.19},"geometry":{"type":"Polygon","coordinates":[[[-76.44479299955549,39.4274349995966],[-76.45224999933077,39.42263800033681],[-76.500909000052,39.38183299999871],[-76.50321200030109,39.38159600040085],[-76.50460000009501,39.382294999980225],[-76.50652099946686,39.38054399989595],[-76.508984999603,39.380159999619856],[-76.51209899986252,39.38112800009],[-76.51413099980965,39.38041000020033],[-76.51630100006791,39.38141800005455],[-76.5167700002541,39.38085000020741],[-76.51659899976157,39.38263900022532],[-76.51991599948441,39.383263000173606],[-76.52029000009016,39.38405599989489],[-76.52141199969984,39.38444400011409],[-76.52169399994162,39.385735999593],[-76.52361600060995,39.38522799972452],[-76.53019700011836,39.38850500002937],[-76.52596600032813,39.39327399971624],[-76.5228960004611,39.39539400010611],[-76.5109969999749,39.41223500032082],[-76.51044199984831,39.41447200040226],[-76.50914899976445,39.41653199973822],[-76.50758800003763,39.41767399999691],[-76.50672700023733,39.41946999996946],[-76.50249300003509,39.42196699992545],[-76.49731500006132,39.42062200026405],[-76.49537400036225,39.421533000250236],[-76.49454600017403,39.42319100043455],[-76.49309000032186,39.424003999965485],[-76.48713299979731,39.42029399960903],[-76.47780000051881,39.4200959997105],[-76.47600500053986,39.420903000000806],[-76.47529700047093,39.42240900042563],[-76.47723399994855,39.42680400003627],[-76.47735600057395,39.42899700003841],[-76.47521700043765,39.42993699984242],[-76.4733759996811,39.42933899996536],[-76.4716229998237,39.42957700005501],[-76.4702320000489,39.43091700024006],[-76.46964600015701,39.43303200034482],[-76.46418499982462,39.4361059999342],[-76.45563200047626,39.43493400009074],[-76.45029900001586,39.43357000011681],[-76.44734499956333,39.43199699974768],[-76.44479299955549,39.4274349995966]]]}},{"id":"307","type":"Feature","properties":{"GISJOIN":"G240005011003920","pct_black":3.29},"geometry":{"type":"MultiPolygon","coordinates":[[[[-76.41223999977548,39.385113000358295],[-76.4144959994697,39.38490400006311],[-76.4125849998174,39.38560900005514],[-76.41223999977548,39.385113000358295]]],[[[-76.36515799950975,39.3881569998256],[-76.36586100013437,39.38855199974513],[-76.36612800051581,39.390011999893005],[-76.3644479997267,39.39182499977357],[-76.36515799950975,39.3881569998256]]],[[[-76.43719200057467,39.42216399989966],[-76.42585400029611,39.41670900047531],[-76.41985699955488,39.41633100029415],[-76.41289600005096,39.417759999604804],[-76.41100300038326,39.41717299992718],[-76.409132999945,39.41535200014268],[-76.40013000018945,39.41218300028836],[-76.39754200019786,39.41169699971809],[-76.39548399979998,39.412702999576176],[-76.39421699974282,39.41159399986164],[-76.39149799997483,39.411270000144555],[-76.39017200004785,39.40961500012468],[-76.38980300047506,39.40773099985534],[-76.39192799936686,39.40410000028418],[-76.39179399933948,39.40328000029676],[-76.39052200050476,39.401789999649985],[-76.38608399996761,39.400100000249836],[-76.38195399941408,39.40136400014356],[-76.37485899970277,39.402451000389426],[-76.36568100022865,39.40196800035906],[-76.3613969998287,39.400453999624816],[-76.36042200034632,39.39887400010201],[-76.35996099979091,39.392236999989564],[-76.35874000042145,39.389895000087236],[-76.36077399966227,39.39024799968775],[-76.36037399954861,39.390847999897915],[-76.36084899989777,39.39189099993794],[-76.36389799976052,39.38948600025029],[-76.36412200033469,39.38849399997486],[-76.3644099999232,39.38913799957857],[-76.36352299949498,39.392031999873225],[-76.36219200013699,39.39322400038715],[-76.36351199970986,39.39338500009864],[-76.36696399965597,39.390676999642785],[-76.36836899962496,39.3857620002024],[-76.37079599966935,39.38372000033044],[-76.3706059997364,39.383191000115616],[-76.37280800047014,39.38138700031958],[-76.37634000039547,39.38131500022016],[-76.37696600048736,39.38037299993499],[-76.38105399964047,39.38184600038676],[-76.38315800052904,39.380919999899604],[-76.38562800036162,39.380811999750264],[-76.38629399948748,39.38140700032662],[-76.38583299964083,39.38239899982526],[-76.38642399977287,39.383442000017645],[-76.38682000036803,39.381189000320326],[-76.38970000056312,39.38089999983405],[-76.39005799976272,39.38171799985828],[-76.39054600032394,39.38149799978937],[-76.39032399969678,39.38099500019312],[-76.39217100023737,39.38051499994179],[-76.39390400046453,39.38095300033713],[-76.39506900054425,39.38260499967402],[-76.3988270005648,39.384553999816234],[-76.40050299966995,39.38396399956026],[-76.40379099980656,39.384522999740696],[-76.40496500036248,39.38525100005702],[-76.40810399985845,39.385250999877925],[-76.41272900010895,39.38618299999807],[-76.41552799986631,39.384809999747915],[-76.41663200065055,39.385759999740046],[-76.41587199991345,39.38475400029393],[-76.41743400013704,39.38494500021965],[-76.42068500039166,39.38358299995676],[-76.42120199997547,39.38293799968395],[-76.41991700021255,39.38361999995257],[-76.41914100016501,39.383175000245416],[-76.41819599960657,39.383986999642055],[-76.41667999984847,39.38366099964875],[-76.41498399997103,39.38446899995414],[-76.41492699951833,39.3839999999513],[-76.41573000016201,39.38379799960805],[-76.41532800014208,39.38365899997296],[-76.41467900033224,39.38399900047161],[-76.41479000037906,39.38478000008804],[-76.41444500063125,39.38399099973201],[-76.42678099982099,39.37779799992013],[-76.43260799997404,39.369186999920906],[-76.43294299956689,39.367813000229575],[-76.43594000003802,39.36470400040395],[-76.4387659998171,39.366317999986705],[-76.43973800023072,39.36608699995833],[-76.44512499946136,39.370398000014724],[-76.45214599987385,39.373168000392816],[-76.45563899958827,39.375551999942175],[-76.45908800055692,39.37640599984999],[-76.46205100049544,39.37640899998669],[-76.46311199978824,39.377398999868845],[-76.46447000050614,39.377544000013884],[-76.46471900006325,39.37817200029094],[-76.46579400048027,39.37779599977112],[-76.47295200047165,39.37930699988596],[-76.47367599990764,39.3785039996695],[-76.47829599951152,39.379041999760126],[-76.48160600000337,39.37839499956156],[-76.48184600026896,39.37883800004107],[-76.48279699976625,39.378745000404486],[-76.48335799965558,39.37830199985595],[-76.48372600005553,39.379151000171774],[-76.48570000042339,39.379082999767576],[-76.48857199955508,39.37978200030819],[-76.4895099993732,39.38051700025585],[-76.49218600043548,39.37958599985126],[-76.4948420004562,39.37939000010929],[-76.49693900054746,39.37981999964644],[-76.49776399951867,39.38084700009567],[-76.49918100041786,39.380901999970774],[-76.500909000052,39.38183299999871],[-76.45224999933077,39.42263800033681],[-76.44479299955549,39.4274349995966],[-76.44415800056858,39.4265809998415],[-76.44053900036026,39.42499200041839],[-76.43719200057467,39.42216399989966]]]]}},{"id":"308","type":"Feature","properties":{"GISJOIN":"G240005012006110","pct_black":0.0},"geometry":{"type":"Polygon","coordinates":[[[-76.48707600002774,39.27848099980126],[-76.49371000044513,39.27333899978368],[-76.5002710004265,39.27110999971225],[-76.5063050003912,39.28861000028555],[-76.4994189999774,39.28430700031582],[-76.49408999953529,39.282408999969846],[-76.49040499966664,39.279658000216145],[-76.48707600002774,39.27848099980126]]]}},{"id":"309","type":"Feature","properties":{"GISJOIN":"G240005012006120","pct_black":0.02},"geometry":{"type":"Polygon","coordinates":[[[-76.4792039997003,39.27675399964746],[-76.47981599967628,39.274438999728595],[-76.48172600050745,39.272194999965436],[-76.48255799943308,39.27234800016187],[-76.48338600023199,39.27406899964725],[-76.48348899975292,39.27242500021343],[-76.487686000049,39.27247999993747],[-76.48781600053307,39.2720109997967],[-76.48321099977562,39.271361000309206],[-76.48264900046141,39.270823999761504],[-76.48117999956285,39.271167999755406],[-76.4802739996674,39.269592999736915],[-76.480830999979,39.26876399983595],[-76.48016300059737,39.26812699995229],[-76.48049200011707,39.26601100032995],[-76.47951799993488,39.26347199978831],[-76.47811200028195,39.26244499976628],[-76.47929699976868,39.26223299958608],[-76.47786399952203,39.26122800026503],[-76.4922809997653,39.26559999977467],[-76.50332300039538,39.27002299984101],[-76.50298700044169,39.27059299994485],[-76.49662399964797,39.272051999776636],[-76.49371000044513,39.27333899978368],[-76.48707600002774,39.27848099980126],[-76.4792039997003,39.27675399964746]]]}},{"id":"310","type":"Feature","properties":{"GISJOIN":"G240005012006130","pct_black":0.27},"geometry":{"type":"MultiPolygon","coordinates":[[[[-76.49493200027543,39.25898399979066],[-76.49474700020856,39.25874100035554],[-76.4950375207626,39.25900600008233],[-76.49493200027543,39.25898399979066]]],[[[-76.49534799996998,39.26670099961985],[-76.47786399952203,39.26122800026503],[-76.47893100034162,39.26029199979983],[-76.47864000048953,39.25883300022352],[-76.47982599953274,39.25831399966833],[-76.48154500061001,39.258757999873],[-76.48245700019314,39.25959300033964],[-76.48425200026077,39.259663999861175],[-76.48459900014304,39.26307700002765],[-76.48502400036281,39.261048999771965],[-76.48615200042545,39.26126399998184],[-76.48481199958331,39.258731000267865],[-76.48376300054038,39.25878299965718],[-76.48260300061972,39.257505999705955],[-76.47940199946167,39.25640500027213],[-76.47948100002738,39.25574600034929],[-76.48083499979283,39.25501099958485],[-76.48239499987139,39.255611000221414],[-76.48158899984575,39.25342099952462],[-76.48307399995505,39.25203199991218],[-76.48552899996666,39.25263499956783],[-76.48613799961143,39.253422999509766],[-76.48933399969381,39.25390600014068],[-76.49062399981823,39.25480600039845],[-76.4906290002921,39.255839999999836],[-76.49247399976474,39.256772000288024],[-76.4941039996679,39.259625000187],[-76.49590100004664,39.2607870002859],[-76.49796699998232,39.261138000217485],[-76.49827500007866,39.262594999836814],[-76.49909999946543,39.26192699993192],[-76.50131400062527,39.26301299981362],[-76.5004380001891,39.26348600023134],[-76.49988699973959,39.265388999691595],[-76.49644299989912,39.264286999621376],[-76.49534799996998,39.26670099961985]]]]}},{"id":"311","type":"Feature","properties":{"GISJOIN":"G240005012006140","pct_black":0.39},"geometry":{"type":"Polygon","coordinates":[[[-76.49534799996998,39.26670099961985],[-76.49644299989912,39.264286999621376],[-76.49988699973959,39.265388999691595],[-76.5004380001891,39.26348600023134],[-76.50131400062527,39.26301299981362],[-76.49917400053945,39.26202300007523],[-76.4986480004082,39.26007300033189],[-76.49660700042718,39.259787000038365],[-76.49474700020856,39.25874100035554],[-76.49486399992139,39.25687799969194],[-76.49550600015054,39.255898000120055],[-76.49457599967718,39.25529899953145],[-76.49605599981385,39.25416999995394],[-76.49223700038397,39.25277599966513],[-76.48947800035258,39.25241200015078],[-76.48855999952276,39.25163899971702],[-76.48952100034477,39.250603000380316],[-76.48928399946243,39.24996400033517],[-76.4915449995878,39.252080999720896],[-76.51236700014192,39.259804999709225],[-76.51166200045111,39.260507000135604],[-76.50967800024986,39.26023600016003],[-76.50332300039538,39.27002299984101],[-76.49534799996998,39.26670099961985]]]}},{"id":"312","type":"Feature","properties":{"GISJOIN":"G240005012006210","pct_black":0.02},"geometry":{"type":"Polygon","coordinates":[[[-76.51977200030504,39.29246100039304],[-76.52629299945657,39.28936400009934],[-76.52448499990808,39.286506000159406],[-76.52187499968439,39.28658200008467],[-76.52176699961537,39.28290699996438],[-76.5297880000571,39.281543000065135],[-76.52951600012325,39.297072999646325],[-76.52681199945764,39.295370000157824],[-76.52005799999792,39.293175999986225],[-76.51977200030504,39.29246100039304]]]}},{"id":"313","type":"Feature","properties":{"GISJOIN":"G240005012006220","pct_black":0.02},"geometry":{"type":"Polygon","coordinates":[[[-76.5063050003912,39.28861000028555],[-76.50329799970437,39.28025499965189],[-76.50565299980383,39.28065499976408],[-76.51063799979994,39.279906999781424],[-76.51664300031209,39.28273700015915],[-76.52176699961537,39.28290699996438],[-76.52187499968439,39.28658200008467],[-76.52448499990808,39.286506000159406],[-76.52629299945657,39.28936400009934],[-76.51892600048302,39.29259899993722],[-76.51098400007244,39.290491000223284],[-76.5063050003912,39.28861000028555]]]}},{"id":"314","type":"Feature","properties":{"GISJOIN":"G240005012006310","pct_black":0.09},"geometry":{"type":"Polygon","coordinates":[[[-76.50329799970437,39.28025499965189],[-76.5002710004265,39.27110999971225],[-76.50470500040113,39.27052599998588],[-76.51765299964406,39.27280900024202],[-76.52962300006503,39.272307000148544],[-76.5297880000571,39.281543000065135],[-76.5242629999232,39.282728999630564],[-76.51923499976718,39.283014000369754],[-76.5163569999669,39.28264200016424],[-76.51063799979994,39.279906999781424],[-76.50565299980383,39.28065499976408],[-76.50329799970437,39.28025499965189]]]}},{"id":"315","type":"Feature","properties":{"GISJOIN":"G240005012006320","pct_black":0.17},"geometry":{"type":"Polygon","coordinates":[[[-76.50298700044169,39.27059299994485],[-76.50967800024986,39.26023600016003],[-76.51166200045111,39.260507000135604],[-76.51236700014192,39.259804999709225],[-76.51822300055198,39.26365699972815],[-76.52382799956288,39.26866300024515],[-76.52601400008948,39.269509000142705],[-76.52978800032494,39.26972199961224],[-76.52962300006503,39.272307000148544],[-76.52453300042225,39.27263600037824],[-76.51747499999155,39.2727979998748],[-76.50298700044169,39.27059299994485]]]}},{"id":"316","type":"Feature","properties":{"GISJOIN":"G240005012006410","pct_black":0.0},"geometry":{"type":"Polygon","coordinates":[[[-76.51236700014192,39.259804999709225],[-76.51262899998522,39.259024000161915],[-76.52334200039084,39.25632300045902],[-76.52978800032494,39.26972199961224],[-76.52601400008948,39.269509000142705],[-76.52382799956288,39.26866300024515],[-76.51822300055198,39.26365699972815],[-76.51236700014192,39.259804999709225]]]}},{"id":"317","type":"Feature","properties":{"GISJOIN":"G240005012006420","pct_black":0.0},"geometry":{"type":"Polygon","coordinates":[[[-76.52978800032494,39.26972199961224],[-76.52309399981709,39.25577299968793],[-76.52643600006076,39.255353999898496],[-76.52660400021833,39.25697800029118],[-76.5297849997475,39.25700599996226],[-76.52978800032494,39.26972199961224]]]}},{"id":"318","type":"Feature","properties":{"GISJOIN":"G240005012006500","pct_black":0.0},"geometry":{"type":"Polygon","coordinates":[[[-76.50787099982567,39.245295000407104],[-76.51579201876937,39.24577320866247],[-76.5297849998808,39.25578100015284],[-76.5297849997475,39.25700599996226],[-76.52660400021833,39.25697800029118],[-76.52643600006076,39.255353999898496],[-76.52392899958907,39.25553899961977],[-76.52309399981709,39.25577299968793],[-76.52334200039084,39.25632300045902],[-76.51262899998522,39.259024000161915],[-76.51301700020663,39.25755199980206],[-76.51141800004984,39.25387900043356],[-76.50964000012601,39.251881999825066],[-76.5093749997268,39.24950200013356],[-76.50820400051563,39.24735600023139],[-76.50787099982567,39.245295000407104]]]}},{"id":"319","type":"Feature","properties":{"GISJOIN":"G240005012006600","pct_black":0.37},"geometry":{"type":"MultiPolygon","coordinates":[[[[-76.50015099956192,39.24930599954491],[-76.49987300046338,39.24870600036183],[-76.50047299968735,39.24870599992593],[-76.50015099956192,39.24930599954491]]],[[[-76.50015099956192,39.24930599954491],[-76.50093100043784,39.24907999978927],[-76.50196000038585,39.25030699993912],[-76.50226799947201,39.25118600026961],[-76.50138800040617,39.251782000201615],[-76.50244900032398,39.25311600036977],[-76.5027239999215,39.25469400002703],[-76.5044740000492,39.255824999603085],[-76.50654999985967,39.25630599982762],[-76.50393500051915,39.25414999966311],[-76.50294200009506,39.25161399989911],[-76.50322799998662,39.2502349996529],[-76.50475499945838,39.25061900013009],[-76.50650000039334,39.252163000112716],[-76.50720099979547,39.25400799969125],[-76.50864099983181,39.254583999855555],[-76.50764599964693,39.25372099965234],[-76.50743699943231,39.250878000342496],[-76.50522299992558,39.250093000229484],[-76.5047050003524,39.24911800049494],[-76.50348700056448,39.248670000068756],[-76.50461699952913,39.2480579996397],[-76.50475800032414,39.247341000392716],[-76.50703899944347,39.24679000022165],[-76.50556900028889,39.24610000016938],[-76.50334500005553,39.247377000021736],[-76.50128799980004,39.246970999704786],[-76.49882700014595,39.24806499985245],[-76.49900199999028,39.24770699961973],[-76.49792999985635,39.24691499989002],[-76.49659399939047,39.2467440002258],[-76.49561900021365,39.24538900041925],[-76.49415400009875,39.24487600008308],[-76.49534900003475,39.244340000295836],[-76.49560999990481,39.24328499955836],[-76.49667799960469,39.242306000380175],[-76.49914399996574,39.24434200044167],[-76.50439699997241,39.24422300020158],[-76.50787099982567,39.245295000407104],[-76.50820400051563,39.24735600023139],[-76.5093749997268,39.24950200013356],[-76.50964000012601,39.251881999825066],[-76.51141800004984,39.25387900043356],[-76.51301700020663,39.25755199980206],[-76.51236700014192,39.259804999709225],[-76.4915449995878,39.252080999720896],[-76.48928399946243,39.24996400033517],[-76.4899310004609,39.250525999850886],[-76.491443000333,39.250225000220304],[-76.49245600018328,39.24850500035866],[-76.49351899951454,39.247971000053184],[-76.49491699985728,39.2489259997995],[-76.49743600041992,39.24946999974579],[-76.49858900064997,39.25125399976791],[-76.49929199946942,39.25096500020767],[-76.49899000024097,39.24932400006105],[-76.50015099956192,39.24930599954491]]]]}},{"id":"320","type":"Feature","properties":{"GISJOIN":"G240005012006710","pct_black":91.2},"geometry":{"type":"Polygon","coordinates":[[[-76.49667799960469,39.242306000380175],[-76.49785400036644,39.24263900041022],[-76.50141799987273,39.24200000003353],[-76.50272299982477,39.243487000049534],[-76.50461300022137,39.24210399995623],[-76.50639600024165,39.2430549997217],[-76.50729099949193,39.24267299970675],[-76.50602399957273,39.24061299994353],[-76.50405099967432,39.24107199998511],[-76.50341499978596,39.24061999999353],[-76.50141499960415,39.240689000316856],[-76.50043800005557,39.23971400029557],[-76.49847100042989,39.23997800035789],[-76.50415199944997,39.2378239999935],[-76.50404899955785,39.237176999663696],[-76.5014530005084,39.237671999842895],[-76.50051700021102,39.23730799986712],[-76.50099700037958,39.235951000416875],[-76.50346800054908,39.23426999992723],[-76.50354099959767,39.233338000083855],[-76.50261600036366,39.23252600016633],[-76.50316185728792,39.23194982533803],[-76.50659911034761,39.23411727130724],[-76.51380099962819,39.244182000087484],[-76.51579201876937,39.24577320866247],[-76.50819599976383,39.245360999815745],[-76.50399099965676,39.244186000240134],[-76.49931800048569,39.24438100018785],[-76.49667799960469,39.242306000380175]]]}},{"id":"321","type":"Feature","properties":{"GISJOIN":"G240005012006720","pct_black":73.87},"geometry":{"type":"Polygon","coordinates":[[[-76.5297849998808,39.25578100015284],[-76.51380099962819,39.244182000087484],[-76.50659911034761,39.23411727130724],[-76.50316200037115,39.23194799983265],[-76.50664400005863,39.23184399990364],[-76.52040300031705,39.22270700014817],[-76.52087499983479,39.223414999548346],[-76.51381799966623,39.228367999878174],[-76.51357500026312,39.22946300010287],[-76.51653900036344,39.23253500000709],[-76.51657800025613,39.23713899961897],[-76.51803999943792,39.236821999872355],[-76.51656800002665,39.23730400008366],[-76.51743500017845,39.24199800036599],[-76.52090199975895,39.24097399974253],[-76.52200999989282,39.24242899956318],[-76.52364300035015,39.242303000180456],[-76.52958399975824,39.240328000203185],[-76.5297849998808,39.25578100015284]]]}},{"id":"322","type":"Feature","properties":{"GISJOIN":"G240005013000110","pct_black":0.04},"geometry":{"type":"Polygon","coordinates":[[[-76.64421199981172,39.24892399999377],[-76.64782100026454,39.24505400017456],[-76.64842899994242,39.24522299983931],[-76.64976400050631,39.243309999714235],[-76.66525899956282,39.24292900034217],[-76.6645080005753,39.25162599978909],[-76.6635900004525,39.252939999998226],[-76.65986000042791,39.25550899972605],[-76.64421199981172,39.24892399999377]]]}},{"id":"323","type":"Feature","properties":{"GISJOIN":"G240005013000120","pct_black":0.0},"geometry":{"type":"Polygon","coordinates":[[[-76.61861200030282,39.23739800010159],[-76.6246870003834,39.2305519998882],[-76.62853299966565,39.227126000304246],[-76.63011700055037,39.22459000016152],[-76.63252400025452,39.22360399970536],[-76.63714200053354,39.223496999976255],[-76.6394039999509,39.22402899982182],[-76.64460300040977,39.22815600009448],[-76.65052199957813,39.2294659995978],[-76.64814399973348,39.24426599965205],[-76.64666400013117,39.246799000321815],[-76.64421199981172,39.24892399999377],[-76.61861200030282,39.23739800010159]]]}},{"id":"324","type":"Feature","properties":{"GISJOIN":"G240005013000130","pct_black":0.31},"geometry":{"type":"Polygon","coordinates":[[[-76.64782100026454,39.24505400017456],[-76.65052199957813,39.2294659995978],[-76.65994300019919,39.231112000452605],[-76.66478499961782,39.2305889997263],[-76.66991500023683,39.22842999987408],[-76.67534700043488,39.22440200000882],[-76.67748700041753,39.22180800003568],[-76.68017699993608,39.220163000398315],[-76.68424799959917,39.22004299952964],[-76.68839299964152,39.22129999964629],[-76.69393999990938,39.21897699981442],[-76.69356299946769,39.22382200034408],[-76.69260800033807,39.22757899960628],[-76.6777430003277,39.23211600004054],[-76.66812399999371,39.23969400021322],[-76.66624700044234,39.24216800017904],[-76.66514699958135,39.24477800029146],[-76.66525899956282,39.24292900034217],[-76.64976400050631,39.243309999714235],[-76.64842899994242,39.24522299983931],[-76.64782100026454,39.24505400017456]]]}},{"id":"325","type":"Feature","properties":{"GISJOIN":"G240005013000210","pct_black":1.14},"geometry":{"type":"Polygon","coordinates":[[[-76.68354100003579,39.26586200019357],[-76.65986000042791,39.25550899972605],[-76.664295999728,39.252057999709166],[-76.66531700013351,39.244207000098235],[-76.66637899991,39.241943000393476],[-76.66867499971117,39.2391609999542],[-76.67027499977458,39.241358000308566],[-76.68050099973593,39.25113000021072],[-76.68432299995986,39.253477999669585],[-76.69039200048644,39.255677000107355],[-76.68846000031557,39.259583000208444],[-76.68354100003579,39.26586200019357]]]}},{"id":"326","type":"Feature","properties":{"GISJOIN":"G240005013000220","pct_black":8.98},"geometry":{"type":"Polygon","coordinates":[[[-76.66867499971117,39.2391609999542],[-76.67836599961475,39.231781999602084],[-76.69260800033807,39.22757899960628],[-76.69174300034227,39.23090999989426],[-76.69097499999896,39.25222800014515],[-76.69039200048644,39.255677000107355],[-76.68432299995986,39.253477999669585],[-76.68050099973593,39.25113000021072],[-76.67027499977458,39.241358000308566],[-76.66867499971117,39.2391609999542]]]}},{"id":"327","type":"Feature","properties":{"GISJOIN":"G240005013000300","pct_black":0.44},"geometry":{"type":"Polygon","coordinates":[[[-76.69118800012522,39.23870099997173],[-76.69174300034227,39.23090999989426],[-76.69356299946769,39.22382200034408],[-76.69393999990938,39.21897699981442],[-76.69693199957295,39.217182999971],[-76.69640299946158,39.21433099995521],[-76.6988499994939,39.21304700021221],[-76.70078599981342,39.21311200021256],[-76.70518400031862,39.21554800021653],[-76.7064459999536,39.22117400007838],[-76.7130950001836,39.221722000078756],[-76.71681799968343,39.22534299998171],[-76.72187399989797,39.22622399981928],[-76.72285099997627,39.22718700007103],[-76.72199400017075,39.228153000441935],[-76.72159900016146,39.230453000208335],[-76.72011400022569,39.23181100004122],[-76.71969599984554,39.23518999956681],[-76.71779900054581,39.23756099977723],[-76.71598599971401,39.23872900013832],[-76.7150869994544,39.24119899997839],[-76.71429400043105,39.24052200021371],[-76.71342499939962,39.23708200021691],[-76.71098081522493,39.2343489865836],[-76.7104250000136,39.2348929997894],[-76.71074300057218,39.235315999687344],[-76.71031100038553,39.234993000169595],[-76.70959200011657,39.235635999924725],[-76.70501900043826,39.23226300047011],[-76.6985859999172,39.23791500043944],[-76.69118800012522,39.23870099997173]]]}},{"id":"328","type":"Feature","properties":{"GISJOIN":"G240005013000400","pct_black":1.08},"geometry":{"type":"Polygon","coordinates":[[[-76.69118800012522,39.23870099997173],[-76.6985859999172,39.23791500043944],[-76.70501900043826,39.23226300047011],[-76.70959200011657,39.235635999924725],[-76.71031100038553,39.234993000169595],[-76.71074300057218,39.235315999687344],[-76.7104250000136,39.2348929997894],[-76.71098081522493,39.2343489865836],[-76.71342499939962,39.23708200021691],[-76.71429400043105,39.24052200021371],[-76.7150869994544,39.24119899997839],[-76.71229900019236,39.241512000466024],[-76.71144100053664,39.24460999993029],[-76.710472000404,39.24558700013416],[-76.70058700023866,39.247214000339696],[-76.69349000012251,39.247252000377365],[-76.69099999948094,39.248203000156245],[-76.69118800012522,39.23870099997173]]]}},{"id":"329","type":"Feature","properties":{"GISJOIN":"G240005013000510","pct_black":0.02},"geometry":{"type":"Polygon","coordinates":[[[-76.68354100003579,39.26586200019357],[-76.68846000031557,39.259583000208444],[-76.69039200048644,39.255677000107355],[-76.69861000029641,39.25801699992244],[-76.7070739996597,39.26241099970834],[-76.68866700049303,39.26819500005341],[-76.68354100003579,39.26586200019357]]]}},{"id":"330","type":"Feature","properties":{"GISJOIN":"G240005013000520","pct_black":1.37},"geometry":{"type":"Polygon","coordinates":[[[-76.69039200048644,39.255677000107355],[-76.69099999948094,39.248203000156245],[-76.69152999945379,39.247874000333844],[-76.69379199997064,39.247218000367006],[-76.70026700064814,39.2472449997917],[-76.70841299993512,39.24605299986273],[-76.70688500063335,39.24825099980318],[-76.70036999993575,39.25450899981589],[-76.70419599964877,39.25727899968497],[-76.70417999946154,39.26084799981576],[-76.69792500019169,39.25775599961956],[-76.69039200048644,39.255677000107355]]]}},{"id":"331","type":"Feature","properties":{"GISJOIN":"G240005014004200","pct_black":0.0},"geometry":{"type":"Polygon","coordinates":[[[-76.500909000052,39.38183299999871],[-76.52977300031209,39.355574999747255],[-76.52979299948322,39.372058000004216],[-76.54424299974922,39.37218099960259],[-76.53019700011836,39.38850500002937],[-76.52361600060995,39.38522799972452],[-76.52169399994162,39.385735999593],[-76.52141199969984,39.38444400011409],[-76.52029000009016,39.38405599989489],[-76.51991599948441,39.383263000173606],[-76.51659899976157,39.38263900022532],[-76.5167700002541,39.38085000020741],[-76.51630100006791,39.38141800005455],[-76.51413099980965,39.38041000020033],[-76.51209899986252,39.38112800009],[-76.508984999603,39.380159999619856],[-76.50652099946686,39.38054399989595],[-76.50460000009501,39.382294999980225],[-76.50321200030109,39.38159600040085],[-76.500909000052,39.38183299999871]]]}},{"id":"332","type":"Feature","properties":{"GISJOIN":"G240005014004310","pct_black":2.72},"geometry":{"type":"Polygon","coordinates":[[[-76.51278900024448,39.3542010002688],[-76.52827600006566,39.3365330001011],[-76.52909700009765,39.33688100039366],[-76.52969300008077,39.33614199989903],[-76.52977300031209,39.355574999747255],[-76.52294300005222,39.361622999902565],[-76.5178590003022,39.35894800026543],[-76.51742400048566,39.35717200028505],[-76.51823800052233,39.356548000186045],[-76.51380999952706,39.355056999802635],[-76.51278900024448,39.3542010002688]]]}},{"id":"333","type":"Feature","properties":{"GISJOIN":"G240005014004320","pct_black":0.0},"geometry":{"type":"Polygon","coordinates":[[[-76.5080449999754,39.35887100003685],[-76.51278900024448,39.3542010002688],[-76.51380999952706,39.355056999802635],[-76.51823800052233,39.356548000186045],[-76.51742400048566,39.35717200028505],[-76.5178590003022,39.35894800026543],[-76.52294300005222,39.361622999902565],[-76.516049000546,39.3678239999476],[-76.51554759205723,39.366619288573276],[-76.5099866461896,39.364406435681886],[-76.50694300033793,39.36226000049789],[-76.50679699980097,39.361516999907835],[-76.50846000051135,39.36134100027701],[-76.50929500020366,39.35960300003537],[-76.5080449999754,39.35887100003685]]]}},{"id":"334","type":"Feature","properties":{"GISJOIN":"G240005014004400","pct_black":2.26},"geometry":{"type":"Polygon","coordinates":[[[-76.44604799982048,39.37073399995542],[-76.45533299961868,39.359410999618],[-76.47804400002582,39.34322499968541],[-76.4820230004091,39.34235600015724],[-76.4865709998259,39.33959799970338],[-76.48800799978115,39.341427999728424],[-76.49027799966585,39.341923999668666],[-76.49147699935126,39.344198000226],[-76.49038299972187,39.34617199952079],[-76.49247200035455,39.34863500007591],[-76.49347099973609,39.34946899983543],[-76.49575000000776,39.35005000016641],[-76.49773800017125,39.35204999973816],[-76.50120800001908,39.352259999561866],[-76.50156300055022,39.35367800013758],[-76.5030339997766,39.35415900033333],[-76.50420200046645,39.3560569998927],[-76.50530100003543,39.356402999840576],[-76.50494100014124,39.357743000421124],[-76.50928799951836,39.35946899995081],[-76.50850299979474,39.361308000194065],[-76.50679699980097,39.361516999907835],[-76.50694300033793,39.36226000049789],[-76.5099866461896,39.364406435681886],[-76.51554759205723,39.366619288573276],[-76.516049000546,39.3678239999476],[-76.500909000052,39.38183299999871],[-76.49918100041786,39.380901999970774],[-76.49776399951867,39.38084700009567],[-76.49693900054746,39.37981999964644],[-76.4948420004562,39.37939000010929],[-76.49218600043548,39.37958599985126],[-76.4895099993732,39.38051700025585],[-76.48857199955508,39.37978200030819],[-76.48570000042339,39.379082999767576],[-76.48372600005553,39.379151000171774],[-76.48335799965558,39.37830199985595],[-76.48279699976625,39.378745000404486],[-76.48184600026896,39.37883800004107],[-76.48160600000337,39.37839499956156],[-76.47829599951152,39.379041999760126],[-76.47367599990764,39.3785039996695],[-76.47295200047165,39.37930699988596],[-76.46579400048027,39.37779599977112],[-76.46479300004238,39.37819100046094],[-76.46447000050614,39.377544000013884],[-76.46311199978824,39.377398999868845],[-76.46205100049544,39.37640899998669],[-76.45908800055692,39.37640599984999],[-76.45563899958827,39.375551999942175],[-76.45214599987385,39.373168000392816],[-76.44604799982048,39.37073399995542]]]}},{"id":"335","type":"Feature","properties":{"GISJOIN":"G240005014004510","pct_black":0.0},"geometry":{"type":"Polygon","coordinates":[[[-76.4865709998259,39.33959799970338],[-76.49570900018911,39.333534999938045],[-76.50069600013654,39.336374000326025],[-76.50961299969387,39.339148000127985],[-76.513916999738,39.3414249998096],[-76.52139700048812,39.34176400036099],[-76.52475600010148,39.34100999962902],[-76.5080449999754,39.35887100003685],[-76.50494100014124,39.357743000421124],[-76.50530100003543,39.356402999840576],[-76.50420200046645,39.3560569998927],[-76.5030339997766,39.35415900033333],[-76.50156300055022,39.35367800013758],[-76.50120800001908,39.352259999561866],[-76.49773800017125,39.35204999973816],[-76.49575000000776,39.35005000016641],[-76.49347099973609,39.34946899983543],[-76.49247200035455,39.34863500007591],[-76.49038299972187,39.34617199952079],[-76.49147699935126,39.344198000226],[-76.49027799966585,39.341923999668666],[-76.48800799978115,39.341427999728424],[-76.4865709998259,39.33959799970338]]]}},{"id":"336","type":"Feature","properties":{"GISJOIN":"G240005014004520","pct_black":0.37},"geometry":{"type":"Polygon","coordinates":[[[-76.49570900018911,39.333534999938045],[-76.5007749994995,39.330231999936544],[-76.52978600015797,39.3103909996551],[-76.52968600013884,39.323072999914],[-76.51852899959015,39.33410599969158],[-76.513916999738,39.3414249998096],[-76.50961299969387,39.339148000127985],[-76.50069600013654,39.336374000326025],[-76.49570900018911,39.333534999938045]]]}},{"id":"337","type":"Feature","properties":{"GISJOIN":"G240005014004530","pct_black":0.0},"geometry":{"type":"Polygon","coordinates":[[[-76.513916999738,39.3414249998096],[-76.51852899959015,39.33410599969158],[-76.52968600013884,39.323072999914],[-76.52969300008077,39.33614199989903],[-76.52909700009765,39.33688100039366],[-76.52827600006566,39.3365330001011],[-76.52475600010148,39.34100999962902],[-76.52139700048812,39.34176400036099],[-76.513916999738,39.3414249998096]]]}},{"id":"338","type":"Feature","properties":{"GISJOIN":"G240005015004600","pct_black":0.02},"geometry":{"type":"Polygon","coordinates":[[[-76.4740190003141,39.328584000361666],[-76.47540399982586,39.325728999554954],[-76.48492300038342,39.32053100031556],[-76.48609799968821,39.3171609995496],[-76.48756099985238,39.31497200000656],[-76.48718999977142,39.31459700022273],[-76.48824300000324,39.314003999777576],[-76.48870699993746,39.3128390001355],[-76.48868199998158,39.31216700015496],[-76.48722499978776,39.311084000065776],[-76.49118400008975,39.3067709998748],[-76.49557399978998,39.309029999563364],[-76.49678199943392,39.30913300002836],[-76.49885600023383,39.307990000220094],[-76.49985899958095,39.3064710000284],[-76.50009300040925,39.304824999980575],[-76.50075900044429,39.30466100011591],[-76.5012410002767,39.305511000257866],[-76.50289400000293,39.30568399989386],[-76.50411900014578,39.306469000356],[-76.50566700052417,39.30621599966414],[-76.52128700059788,39.300757999961874],[-76.52090600037647,39.30122800013679],[-76.52978599981341,39.29911000032396],[-76.52978600015797,39.3103909996551],[-76.48649600030578,39.339644999854386],[-76.48323400005494,39.33747999977725],[-76.48191400027244,39.334696999886454],[-76.47934100039765,39.33246899976519],[-76.47403800025805,39.33019600047914],[-76.4740190003141,39.328584000361666]]]}},{"id":"339","type":"Feature","properties":{"GISJOIN":"G240005015004710","pct_black":0.02},"geometry":{"type":"Polygon","coordinates":[[[-76.46930499965573,39.32792200006123],[-76.47045299948789,39.32707999991164],[-76.47332400004957,39.32103099987427],[-76.47095500055566,39.32038299976262],[-76.47499999984093,39.311606000089746],[-76.47365400054052,39.309269000053526],[-76.47962799982525,39.306861000159905],[-76.48717399952196,39.30292200018479],[-76.48742699974859,39.30392400034275],[-76.48982300016405,39.304519999580926],[-76.49110000064049,39.306853999829954],[-76.48722499978776,39.311084000065776],[-76.48868199998158,39.31216700015496],[-76.48870699993746,39.3128390001355],[-76.48824300000324,39.314003999777576],[-76.48718999977142,39.31459700022273],[-76.48756099985238,39.31497200000656],[-76.48609799968821,39.3171609995496],[-76.48478299973307,39.32070400022351],[-76.47540399982586,39.325728999554954],[-76.4740190003141,39.328584000361666],[-76.46930499965573,39.32792200006123]]]}},{"id":"340","type":"Feature","properties":{"GISJOIN":"G240005015004720","pct_black":0.0},"geometry":{"type":"Polygon","coordinates":[[[-76.45481799958426,39.32009299975508],[-76.4649689996228,39.312704999896674],[-76.47365400054052,39.309269000053526],[-76.47494600032189,39.31122899970206],[-76.47095500055566,39.32038299976262],[-76.47332400004957,39.32103099987427],[-76.47065800015856,39.32672600033388],[-76.46949399978008,39.3278450004002],[-76.46764399977334,39.328014999865445],[-76.46189500057756,39.326442000057966],[-76.45787599992268,39.32370600016693],[-76.45481799958426,39.32009299975508]]]}},{"id":"341","type":"Feature","properties":{"GISJOIN":"G240005015004810","pct_black":0.07},"geometry":{"type":"Polygon","coordinates":[[[-76.46828199978789,39.31138999982653],[-76.4688130001693,39.30528699993385],[-76.4680549998343,39.30433699993997],[-76.46874300003758,39.303958999810796],[-76.46760899987005,39.30164499973102],[-76.46778700033376,39.29976799974378],[-76.46659799970071,39.29990699994469],[-76.46727900035191,39.299049999996],[-76.46409300002026,39.29791499960429],[-76.46466900057614,39.29698299978571],[-76.46587300001984,39.29653600022923],[-76.46420100041556,39.29347899977652],[-76.46552399960453,39.29197800023432],[-76.4661959999868,39.29559099964986],[-76.46775599944864,39.29829900025314],[-76.4709000001493,39.299559000399725],[-76.47560800014777,39.30031699980654],[-76.47718099971028,39.30247500034841],[-76.4795639996992,39.3038580002819],[-76.48380800016922,39.302380999579626],[-76.48715500043738,39.30272200049153],[-76.47950199951708,39.30691900026437],[-76.46828199978789,39.31138999982653]]]}},{"id":"342","type":"Feature","properties":{"GISJOIN":"G240005015004820","pct_black":0.39},"geometry":{"type":"MultiPolygon","coordinates":[[[[-76.459771999976,39.29583699974798],[-76.46008599950306,39.295932000258794],[-76.45980000022699,39.29584900010727],[-76.459771999976,39.29583699974798]]],[[[-76.459771999976,39.29583699974798],[-76.45856399944827,39.29642200006818],[-76.45895099957075,39.29678499979349],[-76.4583200002292,39.29799600021203],[-76.45666000015083,39.29880499962859],[-76.45636099987195,39.29980600012365],[-76.45050399998698,39.300472000170785],[-76.45544599986594,39.30054500006375],[-76.45575000009994,39.30106900005933],[-76.45489599971663,39.30140799991712],[-76.45372899972563,39.30334499989584],[-76.45434099977375,39.30326400010978],[-76.4571710004479,39.30121500003903],[-76.45805000048132,39.29938400031229],[-76.45908299939937,39.29903200003978],[-76.4588160002418,39.29816599982057],[-76.45966000056536,39.29793099983285],[-76.46081699976563,39.296087999954224],[-76.46237900004544,39.295546999644344],[-76.46373999944254,39.295773000279645],[-76.46390200062298,39.29653099983622],[-76.46274399945811,39.297780000229984],[-76.46276600010283,39.29846499985912],[-76.46391500034903,39.2995980000543],[-76.46432599986106,39.300887000119985],[-76.46550499944935,39.30107399991443],[-76.46654999992859,39.30284399993034],[-76.467428999781,39.30331500008733],[-76.46629399932878,39.30395200030521],[-76.46769699933483,39.3043290002733],[-76.46851699964077,39.31051000030185],[-76.46828199978789,39.31138999982653],[-76.46316200041146,39.31370300019876],[-76.45935099953657,39.31713000017015],[-76.45481799958426,39.32009299975508],[-76.43776999994574,39.301036999893135],[-76.43832599976528,39.29990999961901],[-76.44146399969542,39.29711199956926],[-76.44473499992219,39.296963000389354],[-76.4482419997627,39.29535700013402],[-76.45411300010645,39.294022999891745],[-76.459771999976,39.29583699974798]]]]}},{"id":"343","type":"Feature","properties":{"GISJOIN":"G240005015004910","pct_black":0.0},"geometry":{"type":"Polygon","coordinates":[[[-76.44893800025572,39.32365900036266],[-76.45481799958426,39.32009299975508],[-76.45787599992268,39.32370600016693],[-76.46189500057756,39.326442000057966],[-76.46783599977941,39.32804900010999],[-76.4731739998406,39.32818200016621],[-76.47332399958148,39.32867699966443],[-76.46855899981291,39.32892500002366],[-76.45835899954224,39.328201999997496],[-76.45185900029108,39.328892999869396],[-76.45246399953342,39.32799600022377],[-76.45149000054649,39.32593700005802],[-76.44893800025572,39.32365900036266]]]}},{"id":"344","type":"Feature","properties":{"GISJOIN":"G240005015004920","pct_black":0.0},"geometry":{"type":"Polygon","coordinates":[[[-76.43780400003178,39.331574000409795],[-76.44300799960347,39.32730600034193],[-76.44563599940487,39.32909500007941],[-76.4461380004242,39.32867900012849],[-76.44331600006367,39.32711400029158],[-76.44893800025572,39.32365900036266],[-76.45129100013851,39.325605999619654],[-76.45246399953342,39.32799600022377],[-76.45185900029108,39.328892999869396],[-76.43923000048642,39.33262599987653],[-76.43780400003178,39.331574000409795]]]}},{"id":"345","type":"Feature","properties":{"GISJOIN":"G240005015005000","pct_black":2.51},"geometry":{"type":"Polygon","coordinates":[[[-76.43565100053046,39.30950300009158],[-76.43599900050424,39.30665099994782],[-76.4414000000397,39.305877000369584],[-76.44268699970333,39.306267999772395],[-76.45481799958426,39.32009299975508],[-76.44331600006367,39.32711400029158],[-76.44317599954609,39.32536699968746],[-76.44104900054491,39.324140000015085],[-76.43995700021769,39.32192899999615],[-76.43988100041717,39.32149000017076],[-76.44132400046162,39.321285999936286],[-76.44102000018184,39.32062200018294],[-76.43995499951974,39.32056700004947],[-76.43788000051802,39.317495000171235],[-76.43377099997265,39.31545700040882],[-76.433162000564,39.31402699988243],[-76.43637200034692,39.31331899999888],[-76.43700699951687,39.31258599961642],[-76.4398440004803,39.31360299972568],[-76.4429519994025,39.31633300029801],[-76.44409200021715,39.316464999686914],[-76.44066800032448,39.312607999596096],[-76.4409980000746,39.311886999816714],[-76.44025399957589,39.31204399961303],[-76.43924500009736,39.311253000132815],[-76.43923599987625,39.310381999842306],[-76.43494500014044,39.312198000016515],[-76.43480899990595,39.31155000013506],[-76.43657099989174,39.309894000202],[-76.43565100053046,39.30950300009158]]]}},{"id":"346","type":"Feature","properties":{"GISJOIN":"G240005015005110","pct_black":3.3},"geometry":{"type":"Polygon","coordinates":[[[-76.41388200041796,39.286105999961464],[-76.42257000050435,39.28834699970055],[-76.4269370004291,39.288659999694005],[-76.43009400031596,39.293992000130274],[-76.43440900029572,39.29730399976604],[-76.44268699970333,39.306267999772395],[-76.4414000000397,39.305877000369584],[-76.43599900050424,39.30665099994782],[-76.43565100053046,39.30950300009158],[-76.43455100012974,39.31018499997325],[-76.43300899960023,39.31007199989511],[-76.43249300054684,39.309301999845815],[-76.43213999955051,39.309860999697115],[-76.43156499999961,39.30972900037188],[-76.43343099961368,39.311022000328066],[-76.43327199947797,39.311690000090884],[-76.43208199990566,39.31213299982898],[-76.43123900052146,39.3114600001059],[-76.42952399952009,39.31122299994459],[-76.42530499936494,39.31353500031182],[-76.42432200018438,39.3122140003352],[-76.42457700034608,39.31097500050347],[-76.42238000021014,39.31167300000724],[-76.41904899998767,39.310461000437485],[-76.42041399939657,39.30795000011594],[-76.42017499999334,39.30704000008011],[-76.41878399989665,39.306205000316154],[-76.4210730003909,39.30653499961399],[-76.42266999972519,39.30533699972874],[-76.42319099978072,39.30693399959285],[-76.42473600025914,39.30750500018169],[-76.42389800020274,39.30640900048149],[-76.42437800010312,39.30441700012376],[-76.42662299958383,39.304714000352206],[-76.4276669998208,39.306065999601465],[-76.42776199986187,39.30478900022011],[-76.42710799953109,39.303975000313805],[-76.42755700014503,39.30335799963935],[-76.42903799982587,39.303082000330534],[-76.43137899954834,39.30415299960632],[-76.42995600064968,39.30293899965817],[-76.42968300027233,39.302002000329885],[-76.43243200063276,39.30056399964793],[-76.43124100017337,39.299619999964115],[-76.4312390002937,39.300398999606834],[-76.4290159999148,39.30102499974023],[-76.42885700057452,39.30194799979445],[-76.42713799987123,39.30176999975608],[-76.42593199972953,39.30048600017599],[-76.4264040005699,39.3019639997239],[-76.42571800063624,39.302871999708564],[-76.42369200063095,39.302850999785555],[-76.42265199959071,39.30145399974932],[-76.42187899998157,39.3030919998159],[-76.42028200040347,39.30270899984256],[-76.41968399994053,39.30358000002732],[-76.4186179996058,39.30323100022933],[-76.41790899989334,39.3042260001376],[-76.4155850003005,39.304072000225084],[-76.41599699998682,39.30230100019963],[-76.41558799958784,39.30167499983501],[-76.41791700040557,39.30148800043068],[-76.41717100017475,39.30080799991341],[-76.41801000047226,39.29977799985121],[-76.41919100063332,39.29992699977837],[-76.41988399988469,39.29862099995461],[-76.42166399994348,39.29873099995738],[-76.42026899984432,39.29809300016418],[-76.42197700032862,39.296081999797124],[-76.42047699972561,39.29718499960076],[-76.41907300039432,39.29698000012525],[-76.41976999974075,39.29780899970576],[-76.41859900009611,39.29826399995236],[-76.41846899963066,39.2989299995436],[-76.41616399995488,39.298220999658355],[-76.41606899998368,39.298779000344524],[-76.4169459998043,39.299359000127055],[-76.41615399956737,39.29976799982652],[-76.41616599937963,39.300326000194296],[-76.4132370005067,39.300389999839375],[-76.41426400037787,39.30093800001092],[-76.41399600029477,39.30212900036544],[-76.41447699976463,39.302449999633346],[-76.41333099953897,39.30295699956506],[-76.41278300042293,39.30404999962545],[-76.41198199946747,39.30411200009197],[-76.41056899975153,39.30376200032133],[-76.40891000035509,39.30106300001448],[-76.4092090004888,39.30005399975569],[-76.41087900025208,39.29973299999991],[-76.41003300034656,39.29935100029553],[-76.41004800001318,39.29837000040167],[-76.40880800003592,39.29723000038443],[-76.40844599943308,39.29727200001767],[-76.40903099986929,39.29787900025596],[-76.40857800012574,39.29868699970202],[-76.40916300011595,39.29888100012664],[-76.40900900026236,39.29977200040466],[-76.40400700014807,39.29940699968522],[-76.40081400045946,39.297830000461815],[-76.40053000009232,39.296910000339736],[-76.40203599956882,39.29612500012096],[-76.39962699954201,39.296287000148155],[-76.39853300001828,39.29425500024375],[-76.39903799951406,39.29214200027036],[-76.40018800027366,39.29109699999827],[-76.39965599960144,39.28911300029006],[-76.40215299963835,39.290145999527454],[-76.40270400010981,39.29170999971845],[-76.40550900042354,39.29249099980623],[-76.40513600009137,39.29147399975811],[-76.4034469998867,39.29068599965202],[-76.4032240005231,39.28925400015053],[-76.40632899978306,39.287700000281596],[-76.40759899963017,39.28958100003465],[-76.40765200027741,39.29043599959259],[-76.406988999493,39.29109900009765],[-76.4091570000302,39.29244900010345],[-76.4095219998675,39.293066999670245],[-76.40905299943934,39.29374200019149],[-76.41062199990519,39.29342400012456],[-76.4120040001483,39.29423599991532],[-76.4090000004941,39.29056099986434],[-76.40943900047476,39.29018199973519],[-76.40921899983557,39.28937900027441],[-76.41055400025036,39.289125000407076],[-76.40937200017561,39.288500000376985],[-76.40982999997391,39.28777600004596],[-76.4110330002252,39.2879229999108],[-76.41111999974464,39.287287999805656],[-76.41230100028433,39.28706699986326],[-76.41322400031267,39.28741699976875],[-76.4144200000911,39.288345000112],[-76.41477899978352,39.28944899991826],[-76.41606900059759,39.29002499993257],[-76.41599699958257,39.290657000147064],[-76.4165750002051,39.28985999987151],[-76.41888500054593,39.28960400008045],[-76.41618599974394,39.28915400012771],[-76.41578000039812,39.2883040003919],[-76.41672600005153,39.287614000373104],[-76.41569700007764,39.2876840003406],[-76.41388200041796,39.286105999961464]]]}},{"id":"347","type":"Feature","properties":{"GISJOIN":"G240005015005120","pct_black":1.65},"geometry":{"type":"Polygon","coordinates":[[[-76.43602751195739,39.2924481057893],[-76.43227500018698,39.29544000013612],[-76.42967899997555,39.29351900010346],[-76.4269370004291,39.288659999694005],[-76.42257000050435,39.28834699970055],[-76.41388200041796,39.286105999961464],[-76.41364100050049,39.28520099969718],[-76.41645199959291,39.284978000312165],[-76.41688300002431,39.28429999978681],[-76.41927500048274,39.28469200030265],[-76.41852999970806,39.28361000002387],[-76.41639299984908,39.283318000312725],[-76.41599699974935,39.28249999974828],[-76.41581899955908,39.28407899972652],[-76.41197899956954,39.28420199994892],[-76.41185300019957,39.28487800007431],[-76.41004999956385,39.28557599989881],[-76.4087620002029,39.284486000022916],[-76.41143599993616,39.280876999876156],[-76.40999500014534,39.28136800032418],[-76.40965399969426,39.28212699995638],[-76.40863200010425,39.282191000193215],[-76.40827100058893,39.283159999683036],[-76.40698999954398,39.28345500036596],[-76.40724099955212,39.284671000222254],[-76.40295099938247,39.28623800012931],[-76.40002999952334,39.285772000139424],[-76.40252700055498,39.28440699964046],[-76.4035219998929,39.283008999577106],[-76.40322800021488,39.28266399971801],[-76.39848300004665,39.285171000057055],[-76.39749799995761,39.2851769996128],[-76.39786500037808,39.28348399995386],[-76.39707199975703,39.28443999979182],[-76.39578299955026,39.28441399961241],[-76.3964080003465,39.28510700002731],[-76.39591699952243,39.28607300030948],[-76.39624699958833,39.2866699999294],[-76.39780000032746,39.28671399975519],[-76.39637999992847,39.288460000097075],[-76.39801899947412,39.29005000005763],[-76.39522099994487,39.28944999970044],[-76.39591400057587,39.286887000026645],[-76.3947160000657,39.28610200027574],[-76.3919700002664,39.28556200020345],[-76.38405000003999,39.28659499973686],[-76.38243500017693,39.28579999980047],[-76.38170700021534,39.28407199982145],[-76.38404400041533,39.284743999830276],[-76.38453000047515,39.284018999677166],[-76.38389099999796,39.28369200020482],[-76.38407300001091,39.28298200031048],[-76.38512399981198,39.282615999929355],[-76.38507100018313,39.28204299971229],[-76.38380699987677,39.28138099974533],[-76.3825850000245,39.27850100029377],[-76.38290499979489,39.27732099991143],[-76.384529000163,39.27566700013566],[-76.38593499999187,39.27608799967334],[-76.38637700051947,39.276763000041505],[-76.38578800047182,39.27745100009022],[-76.38520999995103,39.27733600042946],[-76.38515299992928,39.27787499993924],[-76.38641299949374,39.27885700018446],[-76.38595499984025,39.279503000384246],[-76.38704800001229,39.28047500002152],[-76.38759300023484,39.28039300026144],[-76.38845299965696,39.27862699986649],[-76.39348800001416,39.278205999792824],[-76.39432600058272,39.276094999751614],[-76.39531100049975,39.27557899972922],[-76.39585700008998,39.275585999665026],[-76.3963229997523,39.276797999779994],[-76.3962330001384,39.27793899968706],[-76.39556699984617,39.27842399988433],[-76.39603100033422,39.280519999974175],[-76.39695200017329,39.27994600028536],[-76.39820100026304,39.28040799990517],[-76.39762700004322,39.27937099955529],[-76.39675199960202,39.279137999634386],[-76.39768899968504,39.27760900028194],[-76.39914899979793,39.27771600038467],[-76.39920800026503,39.27827499997538],[-76.40002400065283,39.278584999670976],[-76.40154599973242,39.27766799961533],[-76.40012199954354,39.277265999518214],[-76.39927199983812,39.27598899977523],[-76.3976939998651,39.27593999972635],[-76.39983299967572,39.275411000324944],[-76.4007050001561,39.27412299989165],[-76.40298600014783,39.274195999953236],[-76.40057200044447,39.273207999798935],[-76.39815899991743,39.27378599982313],[-76.39766500039727,39.27231600011291],[-76.40004700019848,39.27204300006708],[-76.39913399942023,39.270006000287374],[-76.39999300042994,39.270249000331276],[-76.40118100021235,39.26940399994156],[-76.40261700025292,39.26937500028984],[-76.40272400039427,39.26874399963426],[-76.40382899999716,39.26894400009655],[-76.4019059996975,39.26751700033625],[-76.40240999967037,39.266989000169815],[-76.40239999988981,39.26560299983835],[-76.40335799960603,39.26570500028636],[-76.40358899990753,39.26555099990177],[-76.40074099972513,39.265415999963736],[-76.40097399946504,39.266244000005216],[-76.39904200006455,39.26677700009485],[-76.39935400006486,39.26728199994642],[-76.397742999448,39.26802200013301],[-76.39651099968454,39.26941799952973],[-76.39510199981875,39.26902099953228],[-76.39487799951752,39.268142000324204],[-76.39532999971951,39.26689199971061],[-76.39719899982397,39.26553600023047],[-76.39757899989341,39.26432700018867],[-76.40015899964513,39.26170799989009],[-76.40031200009733,39.260908999755664],[-76.40212599964883,39.25980999969494],[-76.40195099980482,39.25793700030416],[-76.40506200037356,39.255563000026314],[-76.40385299991054,39.25176299955888],[-76.40171000047921,39.24929899970243],[-76.4004190001454,39.24926800009118],[-76.40059000022805,39.24885399964813],[-76.40175999961188,39.24854999984146],[-76.40440600000227,39.249194000138964],[-76.40492500017614,39.24968200023965],[-76.40395499966613,39.250747999982394],[-76.4066180003049,39.25181899977698],[-76.40846899978817,39.2541109997461],[-76.41125799975329,39.25441499992427],[-76.41265300036082,39.253850000324555],[-76.41316300044878,39.25442899984401],[-76.41713500025655,39.25549699973215],[-76.41272300052852,39.253587000075754],[-76.41132099983798,39.25395299976113],[-76.40934399964696,39.253556999848115],[-76.40629900047,39.25070800006453],[-76.40697400034409,39.24894200003761],[-76.40627699963342,39.247835000362265],[-76.40778100001684,39.24714900027204],[-76.41052800001239,39.248968000290105],[-76.41170999962405,39.249155999730476],[-76.4142710003346,39.248806000143034],[-76.41608399959486,39.24791200038873],[-76.4179750004367,39.249422999697735],[-76.41901200007042,39.24940600034706],[-76.4223190003287,39.25280699985038],[-76.42673099986108,39.254875999813486],[-76.43151299952301,39.2539910001732],[-76.43397300042786,39.254574000318364],[-76.43666599989271,39.2536580002934],[-76.43708900050459,39.25456300014062],[-76.43662399983248,39.25648899963283],[-76.43709200013514,39.26051700025437],[-76.43826900049045,39.26130700019346],[-76.44026400024762,39.26157499968323],[-76.43810700044477,39.26405200029078],[-76.43680100004296,39.26954500029847],[-76.43423500026154,39.270476999650406],[-76.43698399995972,39.27003899957455],[-76.43782500046137,39.27137000017811],[-76.43785400043764,39.27342399965313],[-76.43852100046922,39.27438899973201],[-76.43760400013288,39.278508000315476],[-76.43922700017401,39.281800999635514],[-76.43843399958999,39.282558999759175],[-76.43743100041459,39.28159600033301],[-76.43387899995837,39.281249999869665],[-76.43704800008706,39.282824999890586],[-76.43721299999945,39.28327000042336],[-76.4363820005291,39.28320999968991],[-76.4367109997035,39.28385799956812],[-76.43616599996713,39.28507200041227],[-76.43346799991944,39.28579099969951],[-76.43058599973335,39.28469000032309],[-76.43084499947462,39.28576399979867],[-76.43043900027963,39.286267000036304],[-76.43143399952208,39.285905999927245],[-76.4329319996145,39.28681500021998],[-76.43113899976683,39.29002799959457],[-76.43102400005327,39.29128299984117],[-76.43389799955588,39.287570000234325],[-76.43462400008545,39.290205000390834],[-76.43602751195739,39.2924481057893]]]}},{"id":"348","type":"Feature","properties":{"GISJOIN":"G240005015005130","pct_black":14.71},"geometry":{"type":"Polygon","coordinates":[[[-76.43227500018698,39.29544000013612],[-76.43602751195739,39.2924481057893],[-76.43617700004609,39.29314200026511],[-76.43706800014058,39.29384599972061],[-76.43654000049213,39.29299799982389],[-76.43651300045632,39.291023000029554],[-76.43558899996607,39.28977899960865],[-76.435670999603,39.28651499954158],[-76.43921100026144,39.28760299986261],[-76.43712699966889,39.286076999548875],[-76.4376640000325,39.28488600045272],[-76.43852800022557,39.28443199984041],[-76.43824599965302,39.28392000008336],[-76.44140399941348,39.283886000295276],[-76.4425029998686,39.283244999975],[-76.44740600026618,39.28581999968565],[-76.45126100020549,39.28509700034391],[-76.45333699938301,39.2866380002929],[-76.45363299952702,39.287158999845175],[-76.45307799944533,39.28732100025878],[-76.45344600019509,39.28808899963118],[-76.45291099988164,39.288521999546006],[-76.4529789998918,39.28995400006346],[-76.45145600025857,39.291329000286154],[-76.45332000028522,39.29023799985342],[-76.4537099994887,39.28871000002337],[-76.45442000015582,39.28860200028517],[-76.45366399963909,39.287825000095744],[-76.45491400023414,39.2876720002734],[-76.45782400052464,39.290088999656554],[-76.46197500029501,39.2916199999085],[-76.4630649998549,39.292756000106394],[-76.46254799998385,39.29379700024048],[-76.46018500047492,39.294273000206914],[-76.45997600057973,39.29494599970222],[-76.45841099937203,39.29424200029293],[-76.46008599950306,39.295932000258794],[-76.45411300010645,39.294022999891745],[-76.4478139999515,39.295471000408774],[-76.44473499992219,39.296963000389354],[-76.44171699953225,39.29699200010031],[-76.43832599976528,39.29990999961901],[-76.43776999994574,39.301036999893135],[-76.43227500018698,39.29544000013612]]]}},{"id":"349","type":"Feature","properties":{"GISJOIN":"G240005015005200","pct_black":0.2},"geometry":{"type":"Polygon","coordinates":[[[-76.45425899964465,39.353150999598995],[-76.46793099948516,39.34299399972495],[-76.45821000023551,39.3366190002678],[-76.4538839999591,39.3345349997262],[-76.44885599989105,39.333317999651236],[-76.44081899950865,39.333292999918854],[-76.43923000048642,39.33262599987653],[-76.45051700041618,39.32922400044178],[-76.45520199956542,39.32833599993507],[-76.46855899981291,39.32892500002366],[-76.4740190003141,39.328584000361666],[-76.47403800025805,39.33019600047914],[-76.47934100039765,39.33246899976519],[-76.48191400027244,39.334696999886454],[-76.48323400005494,39.33747999977725],[-76.48649600030578,39.339644999854386],[-76.4820230004091,39.34235600015724],[-76.47804400002582,39.34322499968541],[-76.46052399944612,39.355684999982806],[-76.45884799964108,39.35449099954578],[-76.45425899964465,39.353150999598995]]]}},{"id":"350","type":"Feature","properties":{"GISJOIN":"G240005015005300","pct_black":0.83},"geometry":{"type":"Polygon","coordinates":[[[-76.45039800031381,39.34825399977836],[-76.4497159994435,39.34382900029258],[-76.44751200019148,39.337321000246355],[-76.44409800036037,39.33311700028568],[-76.44956099966308,39.33342499982438],[-76.45484500023977,39.334898999998344],[-76.46793099948516,39.34299399972495],[-76.45425899964465,39.353150999598995],[-76.45128700046217,39.35031299999023],[-76.45039800031381,39.34825399977836]]]}},{"id":"351","type":"Feature","properties":{"GISJOIN":"G240005015005400","pct_black":0.52},"geometry":{"type":"Polygon","coordinates":[[[-76.40930100037409,39.341547000035504],[-76.43923000048642,39.33262599987653],[-76.44081899950865,39.333292999918854],[-76.44409800036037,39.33311700028568],[-76.44751200019148,39.337321000246355],[-76.4497159994435,39.34382900029258],[-76.45039800031381,39.34825399977836],[-76.44651800045392,39.350968000306665],[-76.43666799976292,39.35314399973548],[-76.43637900019415,39.34455199982346],[-76.43501999993852,39.341313999847024],[-76.43082600037648,39.34314399977615],[-76.42551999960882,39.34405200026335],[-76.42503399957369,39.344589999998966],[-76.41753999940171,39.34283300019415],[-76.41779099999268,39.34175900032068],[-76.4172089995312,39.341355000173785],[-76.4124470000786,39.34119499979444],[-76.40965000016969,39.342074999683774],[-76.40930100037409,39.341547000035504]]]}},{"id":"352","type":"Feature","properties":{"GISJOIN":"G240005015005510","pct_black":0.0},"geometry":{"type":"Polygon","coordinates":[[[-76.43508700013355,39.326506000319974],[-76.43306799976494,39.32444000035058],[-76.42966000010051,39.32305699968932],[-76.42973699979248,39.3217039997734],[-76.43139499974664,39.32122800024202],[-76.43048300045747,39.32027700040332],[-76.42970599986641,39.3207829999783],[-76.42904699999957,39.31921100044129],[-76.42680600009646,39.31770699972437],[-76.42615599995884,39.31641500039008],[-76.42735899946976,39.31601300016639],[-76.43139800048748,39.316421999845275],[-76.43290100010175,39.31836100012476],[-76.43387199989544,39.31748199965796],[-76.43476999951355,39.318944999960536],[-76.43584899964985,39.31880999989444],[-76.43600100014454,39.31951500008116],[-76.43818599950865,39.32119400027485],[-76.43918200037763,39.32482399964374],[-76.44086700023104,39.32541200036823],[-76.44300799960347,39.32730600034193],[-76.43944399992698,39.33014499960155],[-76.43911317207383,39.32926545599339],[-76.43508700013355,39.326506000319974]]]}},{"id":"353","type":"Feature","properties":{"GISJOIN":"G240005015005520","pct_black":0.0},"geometry":{"type":"Polygon","coordinates":[[[-76.40924200003637,39.334956000452415],[-76.41025500043621,39.33267199983181],[-76.40942199995997,39.33115899962805],[-76.4098399995186,39.33022099983665],[-76.40928199974374,39.32857699995652],[-76.40573099953974,39.324228000115234],[-76.40320400049097,39.32319700025729],[-76.40355700058915,39.3218399998176],[-76.40262999943653,39.31942100024756],[-76.40388300045312,39.31789900014059],[-76.40376699969276,39.31697000012271],[-76.40673600015987,39.315124000134404],[-76.4091999997258,39.31224499981854],[-76.41049800046532,39.31391100015288],[-76.409962000417,39.31508700026729],[-76.41164500004852,39.3152019999747],[-76.41125600006548,39.31685100036571],[-76.41231900066241,39.317940999734674],[-76.4151920004108,39.318394000012205],[-76.41543499991671,39.319145000365396],[-76.41638800034075,39.3193779999346],[-76.4167210002659,39.32088799985955],[-76.41840500029312,39.320349000303054],[-76.41707199978478,39.317889999538025],[-76.41319500019513,39.31455299977779],[-76.41364100037936,39.31206200030994],[-76.41148700030804,39.31066600004508],[-76.41028399998001,39.30894599962728],[-76.41072899953606,39.30810300006845],[-76.41186700050012,39.30870700034027],[-76.41284699978466,39.310405000039104],[-76.41475199952008,39.31154600033811],[-76.41590299997065,39.31350999966301],[-76.42079700032878,39.314914999935205],[-76.42260099978742,39.31663599951941],[-76.4226620004025,39.31733799986781],[-76.42463099995302,39.31832999964354],[-76.4244870002173,39.319420999928745],[-76.42326000010574,39.32019299988394],[-76.42348700050523,39.320821999670024],[-76.42488500020691,39.32001800013153],[-76.42587100021774,39.320094999610696],[-76.42766499958995,39.32219500004247],[-76.42756499966431,39.32323599999692],[-76.42827200032491,39.32406600037608],[-76.42556499972281,39.32501600002451],[-76.42600100006732,39.325700999926504],[-76.42395300052011,39.32730199969747],[-76.42454200035384,39.32837300029024],[-76.4282989998001,39.325901000253594],[-76.42948499955033,39.325877999770974],[-76.43021000048567,39.3245309998153],[-76.43182399954217,39.32444699965421],[-76.43711499993611,39.32774800029623],[-76.43911317207383,39.32926545599339],[-76.43944399992698,39.33014499960155],[-76.43780400003178,39.331574000409795],[-76.43923000048642,39.33262599987653],[-76.40930100037409,39.341547000035504],[-76.40637500055625,39.339518999681694],[-76.40469800016902,39.33752100017099],[-76.41084900045848,39.335568000161295],[-76.40924200003637,39.334956000452415]]]}},{"id":"354","type":"Feature","properties":{"GISJOIN":"G240005015005610","pct_black":5.62},"geometry":{"type":"Polygon","coordinates":[[[-76.35373399986106,39.3804650002431],[-76.36864299951759,39.36240400003391],[-76.3770919998569,39.35508999978547],[-76.38329600054185,39.35109000006634],[-76.39066400026631,39.34753399992224],[-76.40930100037409,39.341547000035504],[-76.40965000016969,39.342074999683774],[-76.4124470000786,39.34119499979444],[-76.4172089995312,39.341355000173785],[-76.41779099999268,39.34175900032068],[-76.41753999940171,39.34283300019415],[-76.42503399957369,39.344589999998966],[-76.42551999960882,39.34405200026335],[-76.43082600037648,39.34314399977615],[-76.43501999993852,39.341313999847024],[-76.43637900019415,39.34455199982346],[-76.43666799976292,39.35314399973548],[-76.44651800045392,39.350968000306665],[-76.45039800031381,39.34825399977836],[-76.45124799971768,39.35026300029686],[-76.45334299964618,39.35270699982465],[-76.45884799964108,39.35449099954578],[-76.46052399944612,39.355684999982806],[-76.45406300043544,39.360477000202074],[-76.44604799982048,39.37073399995542],[-76.43973800023072,39.36608699995833],[-76.4387659998171,39.366317999986705],[-76.43594000003802,39.36470400040395],[-76.43294299956689,39.367813000229575],[-76.43260799997404,39.369186999920906],[-76.42678099982099,39.37779799992013],[-76.41758099975063,39.382208999659014],[-76.41582999960086,39.38363500028131],[-76.41530099947131,39.38348799978489],[-76.41444500063125,39.38399099973201],[-76.41479000037906,39.38478000008804],[-76.41407499996215,39.38500699977928],[-76.4120009997313,39.384767999660575],[-76.4139050003894,39.38468299963813],[-76.41527200023091,39.3825989996968],[-76.40915300043163,39.3828980000042],[-76.4078439998723,39.38182000014052],[-76.40546499966591,39.38160800020132],[-76.40411499990647,39.38060699986061],[-76.40483300017702,39.37983799995634],[-76.40580400041709,39.38081300003213],[-76.40746000013817,39.380271000461825],[-76.40784500004614,39.37927600022239],[-76.40936899996686,39.37809700003491],[-76.40881099961916,39.37691699976106],[-76.40867699978422,39.37792800006889],[-76.40670699951708,39.380058999734764],[-76.40572499939562,39.37887800017147],[-76.40514999993589,39.379277999834365],[-76.39941900011833,39.37917200033629],[-76.39909999956329,39.379552000137025],[-76.39965300057808,39.38004999981979],[-76.39991700020302,39.382028000213104],[-76.39744100022173,39.38234200022863],[-76.39716599971183,39.38123800033484],[-76.3983689995703,39.37991199999209],[-76.39823099974707,39.37865500022673],[-76.39778199986698,39.37870099987388],[-76.39801900035172,39.37796800046533],[-76.39738500005275,39.37828699964586],[-76.39740800027363,39.379347999856975],[-76.3967600000289,39.37754699991937],[-76.39518199988312,39.37756000030871],[-76.39161599952034,39.37618199982292],[-76.3877070002553,39.376264000353466],[-76.38508099992838,39.37737000032119],[-76.38450799965344,39.37623599963071],[-76.38198299985874,39.37613600019555],[-76.38390599959821,39.37322699949214],[-76.38620600051789,39.37191200000158],[-76.38519300021302,39.372213999838884],[-76.38453999992939,39.371767999621326],[-76.38173800033496,39.375001999873234],[-76.37862200050253,39.37595600023444],[-76.37358700037724,39.373560999766276],[-76.3748880001337,39.36972599967643],[-76.3724799994374,39.36799700027399],[-76.37159100045614,39.3662110001019],[-76.37166200047155,39.3676419998708],[-76.37349800045415,39.36981999967164],[-76.37276799967762,39.3721699998491],[-76.37122799956661,39.372333000368705],[-76.36977800028028,39.3712160000869],[-76.36478300008393,39.370237999715165],[-76.36586799976912,39.3709489997169],[-76.36524300032065,39.37173600041156],[-76.36688600020662,39.37129000029875],[-76.36841899980183,39.37300000025059],[-76.37042400027083,39.373615000000214],[-76.37062300035791,39.37487100041522],[-76.37137299983306,39.374988999941266],[-76.369599999988,39.37797100025216],[-76.36225199974689,39.37705499961526],[-76.36094100016734,39.37766699991037],[-76.35938600043647,39.38118500047672],[-76.35803899953125,39.3812160002168],[-76.35594099949894,39.38001800001291],[-76.35373399986106,39.3804650002431]]]}},{"id":"355","type":"Feature","properties":{"GISJOIN":"G240005015005620","pct_black":7.39},"geometry":{"type":"MultiPolygon","coordinates":[[[[-76.32570399985224,39.31397299985973],[-76.3230130003202,39.3134000003597],[-76.32136299968738,39.312725999930386],[-76.32457499962982,39.31274000008548],[-76.32575599968328,39.313489000194046],[-76.32570399985224,39.31397299985973]]],[[[-76.34953400002675,39.33423599976217],[-76.35148200035432,39.3326649999712],[-76.35164899937273,39.33167800034578],[-76.35097600035013,39.330951999882025],[-76.3528140002004,39.32946399972813],[-76.35291399970922,39.32842400015368],[-76.35186999966213,39.32650100009375],[-76.35235599981684,39.32523199984634],[-76.34940400025121,39.323537000443274],[-76.34892999979115,39.32227800010972],[-76.34873299980391,39.32305099964269],[-76.34765200034026,39.32320999982081],[-76.34882699966961,39.32328599953715],[-76.34918800000598,39.32437800034],[-76.34966700013858,39.324112000122604],[-76.35142400034059,39.325423000144],[-76.35053099960334,39.32608699975398],[-76.34847200022134,39.32599300039713],[-76.34488300048595,39.328038999781995],[-76.34445000051272,39.3271849999894],[-76.34190100058733,39.32549799968791],[-76.3385410004528,39.32581799988928],[-76.33620400048211,39.324468999636125],[-76.3347300004655,39.324574999981245],[-76.33325600061471,39.32405499969418],[-76.33386000021969,39.32391100039253],[-76.33436000015585,39.321781000131345],[-76.33380800020682,39.31956099982263],[-76.33246599954433,39.31757499979682],[-76.32918400051175,39.31501300001862],[-76.33527899950202,39.314960000323545],[-76.3387270006649,39.313504999751444],[-76.33887600006958,39.31200999976232],[-76.34033500054905,39.31086199979791],[-76.34049899977713,39.3087169997226],[-76.33960800035817,39.30704600026317],[-76.33683000052892,39.305421999979146],[-76.33677099953753,39.30490399958633],[-76.33995699956485,39.3042979997947],[-76.34014099993992,39.3065190004174],[-76.34105499949754,39.307656000107755],[-76.34067400023449,39.30843999992144],[-76.3438070000562,39.31043399993135],[-76.34369599975143,39.31219299971802],[-76.34592800043076,39.3137300004527],[-76.34552900050153,39.315283999906015],[-76.34482900009007,39.31524599970309],[-76.3453369997594,39.31475199993831],[-76.34429399998328,39.31437000039015],[-76.34430000012841,39.313889000156365],[-76.34241700003639,39.31521900046001],[-76.34269200047729,39.316565999767],[-76.34188500031351,39.317412000268284],[-76.34231200022309,39.31877600026373],[-76.34292199976733,39.318199999547545],[-76.34278499962193,39.31750299992492],[-76.34378199967333,39.31715500039029],[-76.34436800030443,39.31600300003934],[-76.34711800005131,39.31693399985541],[-76.3474049995591,39.31808000026865],[-76.35051300002986,39.31761899962605],[-76.3505779997663,39.315975999646426],[-76.35142800014448,39.315566999990956],[-76.35174400025238,39.314389000322734],[-76.35089399951435,39.31247200007891],[-76.35224600036713,39.31193900021558],[-76.35343499998996,39.310391000246156],[-76.35439600015667,39.31099500040446],[-76.35486300022986,39.312333999638625],[-76.35619300043223,39.31271199967845],[-76.35524600011021,39.3126429997584],[-76.35347200016447,39.31361799964572],[-76.3528269994736,39.31534499999233],[-76.35605599992638,39.31635099959988],[-76.35687900021348,39.31716000041345],[-76.35850700065403,39.3172649997814],[-76.36062399937207,39.319518000136114],[-76.35993100032192,39.32104900006916],[-76.35786299986317,39.319816999687355],[-76.35649800052946,39.32008899969564],[-76.356922000247,39.321148999834165],[-76.35801000019872,39.32189000007097],[-76.35762199955369,39.32254399956524],[-76.35958000022394,39.32210700014383],[-76.36023500002291,39.32261199997777],[-76.3602810001414,39.323345999915276],[-76.35899900047555,39.32392600026043],[-76.3599360002784,39.3247489998019],[-76.3593270000206,39.32526499983647],[-76.36120300028898,39.32632799992099],[-76.36111700040198,39.32865999992814],[-76.360499999841,39.329855000392165],[-76.3587980001059,39.32890500032802],[-76.35646100034273,39.32999300040665],[-76.35460499978774,39.32993299952322],[-76.35160799947023,39.333591000182984],[-76.34953400002675,39.33423599976217]]],[[[-76.34982500043294,39.37483100019179],[-76.34408699963578,39.375243000047114],[-76.34193800061294,39.374106999918936],[-76.33812300025522,39.37355200017994],[-76.34027500036123,39.36905799983565],[-76.3400950004721,39.36683599980662],[-76.33889500053905,39.36583500008583],[-76.34019000047665,39.36104300003332],[-76.34243999981899,39.359105000145064],[-76.3454840000292,39.35851800013906],[-76.34546400053593,39.35811200005835],[-76.3375730001344,39.346895999708984],[-76.33624200045521,39.34313000025069],[-76.334328000088,39.33977500045171],[-76.33085099978608,39.336362000191826],[-76.33052499989088,39.33525200006052],[-76.33444900006602,39.33405499992371],[-76.33453800001695,39.33784199982236],[-76.33675400021832,39.33858499995596],[-76.33692299938592,39.33968900028448],[-76.33808799952357,39.340154000182494],[-76.33932699975543,39.33955999991246],[-76.34219799986388,39.340527999925825],[-76.34461800027552,39.340592999653424],[-76.34491100024482,39.341603000441644],[-76.34553399963224,39.34181199998422],[-76.34707399978593,39.3414590001675],[-76.34718899979208,39.340100000167695],[-76.34904000026795,39.33913499986415],[-76.34952500040721,39.34045100030054],[-76.3505349995807,39.34101399980203],[-76.35089200045972,39.34356899995812],[-76.35159300015394,39.34430700034131],[-76.35042299985356,39.346328999847614],[-76.34946400021488,39.346828999820424],[-76.35049900031302,39.34667000014154],[-76.35137300016787,39.34743999992728],[-76.34966900017041,39.34962000013065],[-76.34982399968919,39.350111000364144],[-76.35334899968947,39.34677399976218],[-76.35310799975827,39.345700000280345],[-76.35457999961153,39.34528999990675],[-76.35470399992779,39.34450400002662],[-76.35677900018672,39.34510500019655],[-76.35897799952977,39.34852499974974],[-76.35810300024607,39.349734000392516],[-76.3581389996511,39.351127999744755],[-76.3563730004055,39.35167199991741],[-76.35964299973485,39.351814999619975],[-76.35885299954609,39.35401199994283],[-76.36102900017443,39.35718800006857],[-76.36218799986871,39.357529999702564],[-76.36244199987574,39.35871199987188],[-76.3625849998069,39.35793099997823],[-76.3619019997727,39.35672899971446],[-76.36426400036437,39.356282000260165],[-76.3615350003191,39.35621700006895],[-76.36102000052865,39.35568699999785],[-76.36106400002687,39.35444599990733],[-76.36002800046575,39.35363399998856],[-76.36102800035874,39.35193600007978],[-76.3619699997674,39.35182000000706],[-76.36169300031494,39.350913000146015],[-76.36254700035936,39.349905000206256],[-76.3657009996485,39.351665000069595],[-76.36501400045476,39.3508970002149],[-76.36537800050266,39.350211000022824],[-76.36644799952018,39.34902700031829],[-76.36830500004905,39.34873699985181],[-76.36826300056669,39.34943299988456],[-76.36908699971075,39.34965800024024],[-76.36974000051241,39.35089800021694],[-76.37243999939851,39.35197800003016],[-76.37015699960729,39.350299999748955],[-76.36965400040188,39.3479180001758],[-76.36882900026352,39.34745100037263],[-76.36857400057391,39.34653500000341],[-76.36899799968485,39.34642599963335],[-76.36911699973133,39.346222000185655],[-76.36865599974607,39.34588600027491],[-76.3696640004592,39.345291000106606],[-76.36651100025676,39.34623900033777],[-76.36674999963881,39.34481999979361],[-76.3646450003101,39.344379999738024],[-76.36455499953593,39.34318400007198],[-76.3634879997058,39.3427139997707],[-76.36351500007818,39.341544999998035],[-76.36212400006737,39.34074299965659],[-76.35672699974842,39.34168299989708],[-76.35841300011569,39.33863600001788],[-76.35743300055383,39.338127999978006],[-76.35783899979255,39.33681499976395],[-76.35615000031281,39.334872000489995],[-76.35730800013678,39.33468600009318],[-76.35829500026006,39.33548700000758],[-76.36141499949676,39.335237999689916],[-76.36200300047908,39.33591000017315],[-76.36545800033977,39.33639900040531],[-76.36801400045977,39.338048000398246],[-76.3704569995849,39.338729000083354],[-76.37024199951318,39.33993599985158],[-76.37099100022252,39.34013799987683],[-76.37176600005985,39.34138100009459],[-76.37374699941692,39.34205800000651],[-76.37406599947903,39.34475399997079],[-76.37507000042315,39.345613000130555],[-76.37454100036473,39.3446800003762],[-76.37468999961662,39.342140000352266],[-76.37657599980254,39.34220399983787],[-76.37788100025729,39.34159300009811],[-76.38062299948415,39.34298700036518],[-76.3820879995743,39.34472500011744],[-76.38598399983775,39.34633099988791],[-76.38542800044489,39.3454190002521],[-76.38272400039351,39.34365999996699],[-76.383154000265,39.34267499983958],[-76.38465400023647,39.3427750001487],[-76.38472400031029,39.34186300006954],[-76.38126200051198,39.34204499990964],[-76.38098799991249,39.34161600020569],[-76.38188400037268,39.340807000072864],[-76.37740699966099,39.340661999529424],[-76.37434500050641,39.33969799970907],[-76.37620099954233,39.336424000036914],[-76.37564699956468,39.336177000299344],[-76.37378599997936,39.33729999995789],[-76.37361900000646,39.336216000229705],[-76.37221699993727,39.33477599968351],[-76.36957400037475,39.33357499988683],[-76.37063400015198,39.33188999975335],[-76.3701120000307,39.330779999709364],[-76.3727609994675,39.33146100006221],[-76.37423599974989,39.33042500017058],[-76.37499699981785,39.33150000009434],[-76.3763610004462,39.33138599985494],[-76.37562299969109,39.3320709996432],[-76.37624500037258,39.33241600001818],[-76.3765539997322,39.33204999963258],[-76.375923999554,39.33209899963909],[-76.37653300040043,39.33120800035252],[-76.37523700038996,39.33122100003844],[-76.37527000026493,39.32982700007784],[-76.37279099951228,39.32984399976923],[-76.37251400036818,39.33038199996795],[-76.37233899949149,39.32972899977035],[-76.37193500010751,39.33026199991331],[-76.37147500041685,39.32935200021848],[-76.37033599992542,39.32935300005365],[-76.36839299938052,39.330794000125444],[-76.36878900019813,39.33175400046264],[-76.36575400006163,39.33209900044914],[-76.3652260005263,39.33124300011033],[-76.36389100015035,39.33066000013605],[-76.36480400063155,39.3289179997845],[-76.3626449997049,39.32847900026347],[-76.3618600004169,39.32724500032595],[-76.36231599975072,39.32487699994359],[-76.36438699962848,39.32480200030587],[-76.36298700039985,39.32447000022255],[-76.36589500049767,39.32181500023255],[-76.36728499958988,39.32201599978142],[-76.36861500049541,39.323078000238105],[-76.36855899939464,39.324837000275714],[-76.36928199981787,39.325429999813885],[-76.36894599953033,39.32457999986272],[-76.36933799954518,39.323964000058346],[-76.37038699966418,39.32385900021454],[-76.37125999956905,39.32459999986081],[-76.37193200025838,39.32353699997032],[-76.37166500005259,39.322749000143354],[-76.3703020004412,39.32215299967322],[-76.37050599988899,39.32095499986995],[-76.3739789996782,39.31992200025948],[-76.37915200011999,39.322647000270095],[-76.37982399980153,39.32387799951858],[-76.37941000021729,39.32498799969684],[-76.37974499940852,39.325427000202986],[-76.38116400030174,39.32403000020762],[-76.38324299975457,39.324288999710895],[-76.38521400056048,39.32483499966315],[-76.38607099996959,39.32625699995259],[-76.38817700036901,39.326592000007025],[-76.38896999993909,39.32733199966109],[-76.387865999437,39.3247370000164],[-76.38613100025513,39.32363899969339],[-76.38633700053991,39.323123000104594],[-76.38361099937592,39.32295200027747],[-76.38359999974702,39.32201299992743],[-76.38710700030428,39.32026600025631],[-76.38874599970586,39.321011000096824],[-76.39042199975746,39.32097199971206],[-76.39085899999351,39.32170500020994],[-76.39170000024431,39.321333999658954],[-76.39099900027131,39.320165999907196],[-76.38783199962484,39.31875099999741],[-76.38697700042493,39.31791800015096],[-76.3867330004558,39.31672500015191],[-76.38571300021714,39.31871099970525],[-76.38233500008492,39.32078600039831],[-76.3792579998967,39.320146999892735],[-76.3786959996633,39.319784999853496],[-76.37906800027486,39.31882900049017],[-76.37820200028612,39.319172999927495],[-76.37620300019937,39.31734499987306],[-76.3779559997873,39.3160689998966],[-76.37604700008328,39.315694000421885],[-76.37612700011614,39.3164090003149],[-76.3741569994581,39.31685500008903],[-76.37115800048274,39.3187499997664],[-76.36934799974232,39.31795700025397],[-76.36903399979043,39.317261000212206],[-76.37061299981735,39.316948000011244],[-76.37102700005337,39.316176999701376],[-76.36921300010043,39.315592000452305],[-76.36774600028107,39.31598999976257],[-76.36705199985254,39.31564200039015],[-76.367101000289,39.31501799981375],[-76.37047100005475,39.31348099966627],[-76.37290700053592,39.31379399978045],[-76.37766399984248,39.31156400038672],[-76.37605800005238,39.31155399959388],[-76.3733269994896,39.31278500025026],[-76.36991599998301,39.310534000275574],[-76.36819000010165,39.311480000017475],[-76.36646599959921,39.31140100020606],[-76.36546699946157,39.31261200016394],[-76.36496700055397,39.312537999904464],[-76.36552499994697,39.31091199972897],[-76.36708800021322,39.30945500008793],[-76.36740799975819,39.3079539995686],[-76.36885100025204,39.30641599990367],[-76.37063100013668,39.30558899999952],[-76.37119600002778,39.30392099965345],[-76.3764449995623,39.30028900001479],[-76.37948999968536,39.29888600016471],[-76.38380199986274,39.298136999902006],[-76.38421400001998,39.29998600038054],[-76.38385800009895,39.3030440004381],[-76.38089900033897,39.303053000509344],[-76.37976199943672,39.3041610000387],[-76.37988699990952,39.3056679999859],[-76.3812130002447,39.305860000058644],[-76.38131299961131,39.30630699972308],[-76.38013399980397,39.30860100007764],[-76.38082900023119,39.30972000021318],[-76.38059100042004,39.310342000037025],[-76.3819770001316,39.31040900019227],[-76.3833409997019,39.31158499994695],[-76.3842690000737,39.31045900045432],[-76.38328499960642,39.3097829999051],[-76.38332300002692,39.30877899966882],[-76.38812799984413,39.308350000344035],[-76.38856499951895,39.30894799959921],[-76.38853499942395,39.30948199993838],[-76.38775800052129,39.30965000002572],[-76.38846299936225,39.3108530002582],[-76.38778199969174,39.31101000036694],[-76.3881269995407,39.313725000289054],[-76.38929000003299,39.313113000255925],[-76.39087500019413,39.31339099967083],[-76.38964900019393,39.312406999654904],[-76.38967700005102,39.311811999981806],[-76.39191700020025,39.31140200018463],[-76.39245799953706,39.31193999973087],[-76.39282300024121,39.31162400026353],[-76.39206900014696,39.31125100021937],[-76.39268100026634,39.30948999986149],[-76.39434900016781,39.308921999735794],[-76.3935610001561,39.307921999697214],[-76.3920210006337,39.30769499983989],[-76.39368000030674,39.30591399998908],[-76.39404599980021,39.30365399994299],[-76.3979400003649,39.3094409997849],[-76.4004029998469,39.30937800036167],[-76.40245300006471,39.30816299976959],[-76.40265000045329,39.30947400016134],[-76.40192099951932,39.31170300024833],[-76.39906500024632,39.312273999944395],[-76.39669899985459,39.31576600036296],[-76.3979149998973,39.31606899955463],[-76.39969400011351,39.31542200039473],[-76.40008800045624,39.316770999756685],[-76.39840400012295,39.317878999648215],[-76.40077899993162,39.318251000402796],[-76.40033200046254,39.31911499980148],[-76.40089099963083,39.32119900014234],[-76.39941599965339,39.322744999750164],[-76.39998599952133,39.32481599973072],[-76.39795100019238,39.325647000426116],[-76.40119100001594,39.3252909999406],[-76.40211100015122,39.32575400037515],[-76.40060100044039,39.32735899987827],[-76.40099399975107,39.328110999844114],[-76.4002380002261,39.331126999751675],[-76.39766100040602,39.331262000220356],[-76.39874299966611,39.331573000021535],[-76.39944499963238,39.332656999832075],[-76.4016410004965,39.331212000273574],[-76.40236999967746,39.329155999609945],[-76.4021149996322,39.32730200012803],[-76.40371500010822,39.32595700006531],[-76.40459700007352,39.32623100039087],[-76.40571199988587,39.32969799998573],[-76.40449899944791,39.33124500018095],[-76.40457599949127,39.3327359998038],[-76.40369300041968,39.33332599985574],[-76.40299899995085,39.3331259996857],[-76.40231599992774,39.334343999737605],[-76.40234999951514,39.335965999989504],[-76.40509799947961,39.333387000255335],[-76.40668000030952,39.3340779998332],[-76.40580899978339,39.331872999599014],[-76.40667099963993,39.33077200024594],[-76.40816099996933,39.33066399974282],[-76.40975300022323,39.33417899974012],[-76.40924200003637,39.334956000452415],[-76.41084900045848,39.335568000161295],[-76.40469800016902,39.33752100017099],[-76.40637500055625,39.339518999681694],[-76.40930100037409,39.341547000035504],[-76.39066400026631,39.34753399992224],[-76.38329600054185,39.35109000006634],[-76.3770919998569,39.35508999978547],[-76.36864299951759,39.36240400003391],[-76.35373399986106,39.3804650002431],[-76.35152699952569,39.37604999991458],[-76.34982500043294,39.37483100019179]]]]}},{"id":"356","type":"Feature","properties":{"GISJOIN":"G240005015005700","pct_black":1.49},"geometry":{"type":"MultiPolygon","coordinates":[[[[-76.39332300042976,39.23197800039137],[-76.39582999980468,39.23210599995674],[-76.39481699981802,39.2336989996419],[-76.3914740002454,39.23441800017283],[-76.3895329994121,39.235523000172904],[-76.39332300042976,39.23197800039137]]],[[[-76.4001800003993,39.238584000212306],[-76.3984620004115,39.238276000117374],[-76.39777000013424,39.23653599976992],[-76.39938200002943,39.236479000074226],[-76.40131200028908,39.23462500028074],[-76.401774000391,39.23314299979447],[-76.40069899981114,39.2326479999344],[-76.40216100004122,39.23121299967046],[-76.40103899972466,39.23060999994797],[-76.39866000051803,39.23085699987035],[-76.39887400001001,39.2301730003982],[-76.39826400037552,39.22934199980228],[-76.40575199951049,39.2268290002686],[-76.41213600011498,39.22353999990774],[-76.41295499973626,39.22390700034973],[-76.41268699978234,39.223207000299155],[-76.41754699978986,39.220244999981354],[-76.41753800050537,39.21941799981884],[-76.41909600033132,39.21781700027821],[-76.41921700008038,39.21620900039457],[-76.42214099951997,39.21008099976215],[-76.42453599985322,39.20684899970349],[-76.42451399943504,39.20566399992256],[-76.42215399954785,39.20372400031612],[-76.42509100016387,39.20567399963247],[-76.42949400050762,39.20405200013842],[-76.43557100059529,39.20488000000051],[-76.43197599992729,39.204691000181846],[-76.43188900019256,39.20531600034666],[-76.43472600034887,39.206836000265376],[-76.43437100044333,39.20752900047669],[-76.43233400037965,39.2076100003369],[-76.43206599993827,39.20812199986248],[-76.43217299946885,39.2086790000201],[-76.43416800011205,39.20954399978447],[-76.43340600043663,39.209959000031496],[-76.43158100033817,39.20963000030658],[-76.43151599967929,39.21059199967995],[-76.43030699939008,39.211217000159166],[-76.43250699955136,39.212626999518605],[-76.4312810006012,39.21392299991877],[-76.43256699964095,39.215010999673886],[-76.43366499983178,39.21495299980386],[-76.43409099970557,39.214598000244564],[-76.43397800026841,39.212864000096864],[-76.43557299952694,39.211599999976585],[-76.43711100031265,39.21139100007463],[-76.43798300054613,39.212704999781],[-76.43901000001928,39.211980000070355],[-76.43719999980364,39.20861900037992],[-76.43968200012091,39.208958999848704],[-76.43975400019688,39.20956900029424],[-76.44074600022743,39.21011999970342],[-76.44201699938947,39.20929300008756],[-76.44099299952202,39.207647000167356],[-76.44306500009775,39.20675499983399],[-76.44260300045195,39.205964000350264],[-76.43889899953705,39.20644599963188],[-76.4377919995794,39.20528999953659],[-76.43670099966255,39.20504699989511],[-76.43911699954957,39.20512499999165],[-76.44429100043111,39.2030529999173],[-76.44031100005247,39.20265399984879],[-76.43719800009315,39.20383600034794],[-76.43667900022646,39.20364900037352],[-76.43630299973674,39.20227899961294],[-76.43857200002488,39.200263000304396],[-76.43853600033283,39.199588000000766],[-76.44202599977353,39.195333000338096],[-76.44396500052645,39.195368000134835],[-76.44724300038041,39.19732300039736],[-76.44971799943102,39.20160099994216],[-76.44729700013451,39.2067350002024],[-76.44554700000772,39.20868099988598],[-76.44598600020272,39.20947900000551],[-76.44504200040554,39.209351000038716],[-76.44363400031645,39.21051399984069],[-76.44481900051572,39.215314999818396],[-76.44257099977607,39.21711999995001],[-76.44125699985706,39.2171419998459],[-76.44106900053269,39.21600599986321],[-76.43968100016194,39.216276000192074],[-76.4367929997546,39.21750599968729],[-76.43623699995194,39.21849499989657],[-76.43688000042754,39.220098000006935],[-76.43815600027143,39.21846299979224],[-76.43895399975376,39.218214999510764],[-76.44054499957895,39.22134500014623],[-76.43947100012942,39.22113500013523],[-76.43929099996087,39.221885000147395],[-76.43821399953703,39.22211799963802],[-76.43912700065442,39.2233169996719],[-76.43744799983881,39.22410700021253],[-76.43802400026655,39.22471800015494],[-76.43776300034166,39.2252959998063],[-76.43627999963411,39.22585100025396],[-76.43635300045261,39.226331999626574],[-76.43772499953786,39.22676500003962],[-76.43622800051322,39.22880600028756],[-76.43652599960592,39.22907099953351],[-76.43847199988559,39.22795600041216],[-76.43910799954544,39.229076999958046],[-76.4393813432368,39.2282213756848],[-76.44330500047788,39.229640000180964],[-76.44090800024138,39.23350100024462],[-76.44383600023698,39.238896999843526],[-76.44129200016371,39.24136100047225],[-76.44167199983264,39.24300099958532],[-76.44014399992696,39.24158800042191],[-76.43677199971356,39.24074000011808],[-76.4358130003193,39.239673000390354],[-76.43116399964977,39.23866400016666],[-76.42872699947547,39.23704700026316],[-76.42629400019639,39.23656400028792],[-76.42440199987044,39.23525100006245],[-76.42411900044912,39.233748999940175],[-76.42302300020775,39.232623000482555],[-76.42115600033527,39.23149000013256],[-76.41933299974507,39.23201000011698],[-76.4140749999882,39.23194400030139],[-76.41329400036663,39.231367000205296],[-76.4103769999285,39.23094999967275],[-76.40794000021818,39.23159900017289],[-76.405953999872,39.23280600013043],[-76.4001800003993,39.238584000212306]]],[[[-76.38656199978422,39.24896199981617],[-76.38703300003634,39.23948400000332],[-76.38847699942696,39.242093000278544],[-76.38656199978422,39.24896199981617]]],[[[-76.34921099963182,39.24861599968889],[-76.37083300002874,39.23805299967614],[-76.37363899955932,39.23760900001515],[-76.38275999986895,39.24017499961992],[-76.38416299981998,39.241260999535776],[-76.38486500052392,39.24254499994331],[-76.38588500030276,39.24881299998331],[-76.38199400024946,39.24713500000572],[-76.37198100042328,39.25251499980474],[-76.36981199964269,39.254390999761135],[-76.36337000040423,39.25794400022602],[-76.35660900030028,39.26085599971231],[-76.35469599960248,39.26105399958824],[-76.3448100001204,39.258091999751755],[-76.34385299988497,39.2570560004008],[-76.3438529998697,39.25601899956436],[-76.34921099963182,39.24861599968889]]]]}},{"id":"357","type":"Feature","properties":{"GISJOIN":"G240005015005810","pct_black":15.42},"geometry":{"type":"Polygon","coordinates":[[[-76.44167199983264,39.24300099958532],[-76.44129200016371,39.24136100047225],[-76.44383600023698,39.238896999843526],[-76.44090800024138,39.23350100024462],[-76.44236200009138,39.231180999765755],[-76.44647899967964,39.231956999792565],[-76.44846099987069,39.23287200006651],[-76.4559970000999,39.23838100019492],[-76.45520899994658,39.24337800029648],[-76.45747599964915,39.24765700033361],[-76.4552689995316,39.24629600030953],[-76.45383899986349,39.246804999913856],[-76.45322200038326,39.24525099977972],[-76.45082699987047,39.24420699971274],[-76.44927000016195,39.24621400000857],[-76.44654499968725,39.24538399960828],[-76.44503000014964,39.24693800033136],[-76.44576600035725,39.24759500010264],[-76.44539600054937,39.2480700000996],[-76.44156100037232,39.24703699983509],[-76.43972800022541,39.24622499970101],[-76.43983299982972,39.24578899979431],[-76.44240999996038,39.24418999986836],[-76.44320200039402,39.24309199971081],[-76.4442469994717,39.24339500006458],[-76.44357899949074,39.24232599999158],[-76.44426899981359,39.24177000042554],[-76.44274199983447,39.241137999654526],[-76.44164199955198,39.242144999480665],[-76.44167199983264,39.24300099958532]]]}},{"id":"358","type":"Feature","properties":{"GISJOIN":"G240005015005820","pct_black":1.41},"geometry":{"type":"Polygon","coordinates":[[[-76.4559970000999,39.23838100019492],[-76.44846099987069,39.23287200006651],[-76.44647899967964,39.231956999792565],[-76.44236200009138,39.231180999765755],[-76.44330500047788,39.229640000180964],[-76.4393813432368,39.2282213756848],[-76.44052499972896,39.22758099997646],[-76.43931400054647,39.22745199987632],[-76.43868199952313,39.22670799993725],[-76.4396170000177,39.22533200034702],[-76.44257100036107,39.225299999956235],[-76.44424500046496,39.22444900007729],[-76.44062200029165,39.22425599961764],[-76.44212899948482,39.22226399973158],[-76.44108699950188,39.22166400003612],[-76.44126099952847,39.22044799963289],[-76.44214899935096,39.21952300026827],[-76.44756599935292,39.218479000215154],[-76.45308699987818,39.21829600038757],[-76.45733299979132,39.219052999890394],[-76.4579419997477,39.22019700017321],[-76.45575199987827,39.22138999958818],[-76.4552520004993,39.222502999846206],[-76.45431000021263,39.222147000220396],[-76.4541979999595,39.222788000368865],[-76.45332700040841,39.22317499981871],[-76.45645099966124,39.22308999968334],[-76.4572490002565,39.224184999813495],[-76.45516200057942,39.224730999996936],[-76.4562780002697,39.22496300018015],[-76.45765100033742,39.22476399970391],[-76.45884599987144,39.22374999991632],[-76.46085800066174,39.223706999733345],[-76.46055200034405,39.22606999969365],[-76.45929600045991,39.22725299982502],[-76.45428300026362,39.22740800011568],[-76.4495469997334,39.22965099973889],[-76.45522000040289,39.22824699977325],[-76.45852500044191,39.22859400024596],[-76.45899400002145,39.22921099961637],[-76.45801000041024,39.23036900022698],[-76.45973300033982,39.230228999738486],[-76.45978700039852,39.22981700028079],[-76.46102400019961,39.23005300001164],[-76.46030699998087,39.22965900040308],[-76.46008399969541,39.228662000088846],[-76.46298600040377,39.22805999997238],[-76.46308200040717,39.22701499967542],[-76.46189800032256,39.22646900009553],[-76.4632880004539,39.22561000028066],[-76.46378000047469,39.22457300044201],[-76.46902199948134,39.22339599994866],[-76.46887399996851,39.22647299961827],[-76.4645959997294,39.231662999549386],[-76.46291999983934,39.23234400040207],[-76.45860700016492,39.23265400028093],[-76.4574769997348,39.23329099998067],[-76.4559970000999,39.23838100019492]]]}},{"id":"359","type":"Feature","properties":{"GISJOIN":"G240005015005900","pct_black":20.63},"geometry":{"type":"Polygon","coordinates":[[[-76.45614499969787,39.238419999810915],[-76.4574769997348,39.23329099998067],[-76.45860700016492,39.23265400028093],[-76.46437699996162,39.23181000042866],[-76.46913100017046,39.225763000425204],[-76.46902199948134,39.22339599994866],[-76.463616000389,39.22324499985968],[-76.46327699976689,39.222830000096344],[-76.46406700014347,39.22198500026444],[-76.46418100005491,39.22082699979722],[-76.46573099994302,39.221236999854895],[-76.4670819998359,39.21943599966767],[-76.46498099951883,39.21981299997401],[-76.4640170002317,39.220582999810155],[-76.46324400009256,39.220292999675685],[-76.46311400021577,39.22110900034334],[-76.46171700057585,39.22073600005762],[-76.46100500002653,39.21978300043524],[-76.46323600021194,39.21814499965174],[-76.46310299957298,39.217351999530756],[-76.46102600045874,39.21632899973556],[-76.46260500002165,39.21587700019002],[-76.46150100030125,39.21038599962405],[-76.46204899989944,39.210605999886546],[-76.46154099939075,39.20402300028276],[-76.46309600029566,39.20601699963813],[-76.47981400042775,39.20479600015765],[-76.4817950002345,39.20447599985788],[-76.48175299985675,39.201396999893795],[-76.48239400053848,39.20486400006592],[-76.48110600017382,39.20769799973586],[-76.48106700015262,39.20974800042045],[-76.47618799940668,39.21139400028521],[-76.47630500017712,39.2123810000244],[-76.48397899974569,39.21175700031544],[-76.48420699946503,39.20959200013269],[-76.48469700034083,39.211492000386016],[-76.48507000009094,39.211457000345014],[-76.48571599958767,39.20969499962892],[-76.48629600030552,39.2094560003779],[-76.48551200015083,39.209342999771316],[-76.48518899978968,39.20466099997269],[-76.48562499971055,39.20289599996378],[-76.48951300050865,39.20237799987072],[-76.49199000004795,39.202877000131146],[-76.49217700006729,39.20130399959152],[-76.49570499985336,39.20187600027376],[-76.49848000058587,39.20518699994271],[-76.49843799964859,39.20649899962761],[-76.4961200003846,39.20715600012299],[-76.49630299942876,39.207729999954076],[-76.49989300039448,39.207752999827356],[-76.50079500043027,39.20820600044107],[-76.50114600047115,39.21063599969286],[-76.49885100025449,39.21092400040867],[-76.50106200061732,39.21098999967021],[-76.49930199966748,39.211228000262594],[-76.49890400002734,39.2121319998998],[-76.49392000016212,39.21255700014173],[-76.49412699966442,39.21301300039975],[-76.49601499995494,39.213186999694855],[-76.50066699981102,39.21278700037904],[-76.50144099996402,39.21322299999235],[-76.49651799977819,39.21359599954784],[-76.4965710002208,39.21412099982611],[-76.50116500021055,39.21386099981151],[-76.49671400017705,39.2150320001785],[-76.49730499982512,39.21535799982622],[-76.49674699967522,39.21542599995754],[-76.49686799970773,39.21622299961684],[-76.4974540000127,39.21617300031564],[-76.4968879998979,39.216629999663276],[-76.4975750006404,39.2166069998166],[-76.49641999978198,39.21709599997366],[-76.49585199962834,39.218984000180896],[-76.49971900042613,39.21887000018862],[-76.49683399970156,39.219098000268026],[-76.49675500027563,39.21957900035659],[-76.49531800018222,39.21977800024042],[-76.49551899959197,39.22034799985196],[-76.49965099960517,39.219997999866344],[-76.49565200027777,39.22070699963338],[-76.4959429996676,39.221255000049084],[-76.499958000356,39.2209039998646],[-76.49582000015141,39.22141000027216],[-76.49895199975471,39.22325499991785],[-76.49868599965545,39.225296999522094],[-76.4971960005207,39.22665899972009],[-76.49597699996913,39.226649000370685],[-76.49491900044627,39.22591200030846],[-76.49368799984629,39.22643600036657],[-76.49383199982773,39.226881999588635],[-76.49090500027815,39.22748500029294],[-76.4914389999879,39.22992999956056],[-76.49348099997775,39.233840999816145],[-76.49321600041438,39.23532499991119],[-76.49391399993232,39.236891999829005],[-76.49276699960664,39.23861500015965],[-76.4912859999899,39.23899599956158],[-76.48989999992124,39.24195200042625],[-76.48739700010888,39.24410499994649],[-76.48698800055834,39.24569499981591],[-76.48844600013415,39.246273000335634],[-76.48882200049538,39.24712599968761],[-76.48809299992917,39.24843600006932],[-76.48534700046879,39.246783000116594],[-76.46032800037163,39.24288899993824],[-76.45614499969787,39.238419999810915]]]}},{"id":"360","type":"Feature","properties":{"GISJOIN":"G240005015006010","pct_black":0.0},"geometry":{"type":"MultiPolygon","coordinates":[[[[-76.49909700050367,39.30311699971536],[-76.50009700007543,39.30275799989947],[-76.50039599978582,39.30313800018502],[-76.49909700050367,39.30311699971536]]],[[[-76.50109499998467,39.30324500017491],[-76.50118000021185,39.30286100043855],[-76.50288799975984,39.303312999963126],[-76.50267299943599,39.3038029999448],[-76.50109499998467,39.30324500017491]]],[[[-76.49998700042875,39.30393800017873],[-76.50035799975738,39.304221000151884],[-76.49984499992864,39.30408199983516],[-76.49998700042875,39.30393800017873]]],[[[-76.50300200007169,39.303199000378484],[-76.500921000381,39.30250399978338],[-76.49508199936506,39.302849000268964],[-76.49337500017222,39.301451999989254],[-76.49142499950027,39.30096600036948],[-76.51977200030504,39.29246100039304],[-76.52005799999792,39.293175999986225],[-76.52681199945764,39.295370000157824],[-76.52951600012325,39.297072999646325],[-76.52978599981341,39.29911000032396],[-76.52090600037647,39.30122800013679],[-76.52128700059788,39.300757999961874],[-76.50566700052417,39.30621599966414],[-76.50300799999498,39.3041100002045],[-76.50300200007169,39.303199000378484]]]]}},{"id":"361","type":"Feature","properties":{"GISJOIN":"G240005015006020","pct_black":10.36},"geometry":{"type":"MultiPolygon","coordinates":[[[[-76.48441099949096,39.29064199977614],[-76.48486900025843,39.29037499969374],[-76.48516599994163,39.29068499973133],[-76.48495699992033,39.29077099977815],[-76.48441099949096,39.29064199977614]]],[[[-76.49034400035765,39.300794999974244],[-76.49045799944692,39.29925199995496],[-76.4879950001771,39.2981139996386],[-76.48767399935495,39.296545000307745],[-76.48563799963131,39.29527200006992],[-76.48296000042849,39.295608000007036],[-76.48288000016329,39.29443899978256],[-76.48166899991286,39.292701000193894],[-76.48359300003729,39.291118000005184],[-76.48524600060891,39.29072199965722],[-76.48626100044105,39.288857000412364],[-76.48563999984779,39.28869000032505],[-76.48473200043676,39.28951299974479],[-76.48331300049965,39.289343000172245],[-76.48139399982854,39.29106299967747],[-76.47926700029333,39.2912059998615],[-76.47662799964266,39.29059299998766],[-76.4749509996191,39.28834199958311],[-76.47405000056582,39.288217000080614],[-76.47278800006366,39.28484800036971],[-76.47331499957292,39.28357000005592],[-76.47252899980451,39.283247000119644],[-76.47246099989353,39.28423799970787],[-76.47092300000227,39.28392300033644],[-76.4645219994191,39.28026499999004],[-76.46144000020678,39.27992700022144],[-76.46129900042548,39.27910000005022],[-76.45916200037533,39.27849699992715],[-76.45647100002496,39.27681200003476],[-76.4570149995673,39.27567900023901],[-76.45774699977056,39.275712000274275],[-76.45921799958344,39.27453600024828],[-76.45764900015753,39.274970000275786],[-76.45684999983065,39.27401500018043],[-76.45724200000777,39.275112999875084],[-76.45646399957856,39.27569999966955],[-76.45029600000476,39.27133099974468],[-76.45129000037984,39.268747999643836],[-76.45214800066223,39.26890099966423],[-76.45227900052386,39.269819000237746],[-76.45449999947856,39.26900100022068],[-76.45447000025491,39.26953500043994],[-76.45562100055544,39.26943499997608],[-76.45546600031692,39.26874599981637],[-76.45417900014306,39.26890299970136],[-76.45454600037998,39.267893000146756],[-76.452326999603,39.26353999954992],[-76.45240499970762,39.26186200006729],[-76.45310200037503,39.260684999888426],[-76.4541420005301,39.2604229999382],[-76.45424100006328,39.25973300037264],[-76.45254599933565,39.25965600032436],[-76.45196399980394,39.25723699994763],[-76.44960599945877,39.25588600013838],[-76.44617400030012,39.251591000270075],[-76.44685700056417,39.250635999944244],[-76.45054000062001,39.24944499966911],[-76.4510930004018,39.247082999940936],[-76.45293800037263,39.24720400051296],[-76.4552689995316,39.24629600030953],[-76.45747599964915,39.24765700033361],[-76.45520899994658,39.24337800029648],[-76.4559970000999,39.23838100019492],[-76.46032800037163,39.24288899993824],[-76.48534700046879,39.246783000116594],[-76.486605000098,39.24730600015388],[-76.48801599980636,39.24847200016513],[-76.48710000020255,39.24799100027065],[-76.48470900021238,39.24801300021569],[-76.48093999938703,39.24929800011003],[-76.4760139998832,39.24787200038298],[-76.47975899994249,39.250844000092776],[-76.47981200000177,39.25153599997623],[-76.47827500009058,39.25317999986418],[-76.47686700045128,39.2524700001473],[-76.47488099947617,39.25255100006152],[-76.4743670005141,39.25159600021579],[-76.47070499980906,39.25024899978665],[-76.47373700033198,39.25214399978174],[-76.47425600039281,39.25329599971215],[-76.47669099962113,39.25385399992792],[-76.47709699994694,39.25484199961467],[-76.47702499981425,39.2557399996541],[-76.47556499993574,39.25746900006588],[-76.47133499946311,39.25782400033628],[-76.47206048670596,39.25897863969022],[-76.47104299992705,39.25922699992802],[-76.46177900006207,39.256488999585066],[-76.46270699971005,39.259691000173795],[-76.47397599958867,39.274815000100126],[-76.4768240003968,39.27551900040857],[-76.48005900034626,39.277135000465286],[-76.48353499957615,39.2774399995135],[-76.49001299944422,39.279476999911616],[-76.49400399996512,39.28236699973442],[-76.4994189999774,39.28430700031582],[-76.50649500009247,39.28869299990754],[-76.51121800030107,39.290562999627426],[-76.51977200030504,39.29246100039304],[-76.49142499950027,39.30096600036948],[-76.49034400035765,39.300794999974244]],[[-76.4702809995592,39.25755599953834],[-76.47184700009356,39.257254999948536],[-76.47170999982912,39.25600299969791],[-76.47037300022386,39.25525400011972],[-76.47102199976047,39.256991000165556],[-76.4702809995592,39.25755599953834]]]]}},{"id":"362","type":"Feature","properties":{"GISJOIN":"G240005015006030","pct_black":0.02},"geometry":{"type":"Polygon","coordinates":[[[-76.47104299992705,39.25922699992802],[-76.4732110001426,39.25932699993727],[-76.47617499963161,39.258474999852936],[-76.47584899980899,39.25970300026061],[-76.47704400058154,39.260317000046285],[-76.47691499977388,39.26094800020785],[-76.47541100035261,39.26149899965313],[-76.47376200030007,39.26060700034646],[-76.47112800032926,39.26134699998896],[-76.4673260003661,39.261397999772505],[-76.4661460003488,39.26174800037003],[-76.4654379996912,39.26246000017104],[-76.4654449998406,39.262973999588],[-76.46653099974169,39.26172599981627],[-76.46858399941631,39.26177300006125],[-76.46901300047688,39.26230600024067],[-76.47259600053414,39.26208699996212],[-76.47349200045255,39.26281500018137],[-76.47328199971781,39.26400900036989],[-76.474462000558,39.262895999946544],[-76.47593100015906,39.26290699991577],[-76.47631200036884,39.26436499980484],[-76.47489100035023,39.265189000423575],[-76.47789599981856,39.26479600023012],[-76.4784529997644,39.26731599963532],[-76.47765500054213,39.268661999687346],[-76.47874700027762,39.26974199963585],[-76.47868299970646,39.27150599962096],[-76.47676700053596,39.27276500012043],[-76.47293499992215,39.27318400022683],[-76.47679200044152,39.273505999683636],[-76.47920399953023,39.272536000006994],[-76.47953600057842,39.2716459999324],[-76.48044600015777,39.27271999999773],[-76.47975300010391,39.273617000288176],[-76.4792039997003,39.27675399964746],[-76.47397599958867,39.274815000100126],[-76.47280100053837,39.2736449997344],[-76.46270699971005,39.259691000173795],[-76.46177900006207,39.256488999585066],[-76.47104299992705,39.25922699992802]]]}},{"id":"363","type":"Feature","properties":{"GISJOIN":"G24000502001310","pct_black":1.39},"geometry":{"type":"Polygon","coordinates":[[[-76.84363599965454,39.426596000159044],[-76.8405570005285,39.42382399972707],[-76.84030300045043,39.42027199975492],[-76.83966699960183,39.418951999909325],[-76.83545200034801,39.41421800010102],[-76.83552200041856,39.40986999961765],[-76.83220900024206,39.40423200046801],[-76.83012300013752,39.39907199966597],[-76.82649799972278,39.39908100010551],[-76.82159999984268,39.40362400017524],[-76.81856299955433,39.404455000329925],[-76.81761699940861,39.40647400011748],[-76.81656199951033,39.40688499969955],[-76.81587799939825,39.40791400028543],[-76.81544800035985,39.41130300001805],[-76.81303000036166,39.41071699999365],[-76.80595799991929,39.41121699989747],[-76.80116000043209,39.40991099967392],[-76.79916600009462,39.40987399970588],[-76.79933400032377,39.40858699982876],[-76.8013640003634,39.40769399974811],[-76.802477000408,39.40588500022968],[-76.80124100005042,39.40516000012111],[-76.80149299946662,39.40446200022257],[-76.79997599942081,39.403258000289284],[-76.80061200050105,39.40272699990951],[-76.80119899999751,39.400470000423525],[-76.80189599944246,39.400026999849025],[-76.79842100041445,39.40071300042573],[-76.79592499945636,39.40041299985054],[-76.79428800052443,39.40152400015782],[-76.79283599954464,39.401719000198625],[-76.79114500020557,39.40317900025512],[-76.78952700047044,39.402129000057705],[-76.78815199971861,39.40263099958881],[-76.78703599938082,39.40224100016918],[-76.78470099986423,39.4028830004086],[-76.78339099974116,39.4044009997406],[-76.78253099996472,39.404017999666046],[-76.7802309993731,39.40438900031024],[-76.7798740004071,39.40487900008864],[-76.77546500028659,39.40466099986767],[-76.7734449995953,39.40343399990239],[-76.76993599966569,39.40351199981022],[-76.7650989995156,39.396547999696445],[-76.76554900040537,39.39618400007365],[-76.7645710001812,39.39385800021149],[-76.7654220004431,39.39134300049586],[-76.77222399952782,39.39149099969072],[-76.7770679996587,39.39021999998328],[-76.78413299970644,39.38994000033676],[-76.78568600008703,39.390854000325845],[-76.78783483069569,39.39119378785183],[-76.78868899987178,39.39297099970021],[-76.78866200050967,39.394304000217254],[-76.78998099978142,39.39437399952359],[-76.80629199968783,39.39366999998936],[-76.81445800029859,39.390363000034824],[-76.82641800055633,39.390544999731176],[-76.83395200007664,39.392005999821954],[-76.84330799961718,39.39265500022377],[-76.84972299984236,39.39441200043076],[-76.86973299956176,39.396358000369005],[-76.88411699949805,39.39656800020739],[-76.88551700038323,39.39762100040152],[-76.87935200049358,39.40232699977086],[-76.8789279995319,39.40390300004567],[-76.88442800045699,39.40460300036842],[-76.88442800014143,39.407502999709024],[-76.88252800003971,39.40880300029079],[-76.88142900029055,39.41740299993315],[-76.87862900057213,39.418503000081216],[-76.87592899957353,39.417602999687965],[-76.87452899961596,39.41910300007575],[-76.87532899954904,39.420502999680245],[-76.87952900006472,39.420203000121695],[-76.88649200033838,39.42174499970799],[-76.88709200055607,39.424754999646765],[-76.88626500020756,39.42591800032816],[-76.88857199975021,39.42551300002641],[-76.88979899977225,39.42652299963929],[-76.88922199992771,39.42795599995502],[-76.89067799956503,39.42865100025514],[-76.88935000005615,39.43016300007379],[-76.8931509996732,39.429044999967225],[-76.893664999769,39.42975699993454],[-76.89412499977523,39.42859900016913],[-76.89525300020794,39.42849200002857],[-76.89559599964325,39.429282000149],[-76.89522399973681,39.4305659997232],[-76.89312099946444,39.43118799995096],[-76.89482200046449,39.43195199993204],[-76.89421100033759,39.432933000143116],[-76.89521700037088,39.43352800050266],[-76.89436599943032,39.43454500030636],[-76.89113800008893,39.4331830000205],[-76.89144200034461,39.43407200024457],[-76.89064299958969,39.435461000380336],[-76.8913680268672,39.4357940089183],[-76.88297748113567,39.43736780232948],[-76.87971600017431,39.43468500038825],[-76.8761300000508,39.43433999973672],[-76.86914199968571,39.43071299976092],[-76.86133999956208,39.43018499972795],[-76.85539099967866,39.42849800022674],[-76.85262499967531,39.426948000120206],[-76.85014100040404,39.42685400016526],[-76.84781800019023,39.42746100037894],[-76.84363599965454,39.426596000159044]]]}},{"id":"364","type":"Feature","properties":{"GISJOIN":"G24000502001320","pct_black":3.71},"geometry":{"type":"Polygon","coordinates":[[[-76.83003300039422,39.391042999874415],[-76.82861999945014,39.38903400009747],[-76.82632900061002,39.38339399982442],[-76.82320799946204,39.38123800027671],[-76.82580800062347,39.37630599981199],[-76.8272170003814,39.375810000497076],[-76.8277290005104,39.37503399997717],[-76.83385799983809,39.37577899960722],[-76.83725700030033,39.37502500026687],[-76.83865900011583,39.3708139999058],[-76.84183799973268,39.368747000390506],[-76.84296799958535,39.3652580003572],[-76.84264299983276,39.36207100005542],[-76.83681700003235,39.35284199956191],[-76.83817100009038,39.346845999763026],[-76.83772099968667,39.34400800038784],[-76.83321099980735,39.3433789997251],[-76.82733200040653,39.34387999996864],[-76.82203000010144,39.343507000446564],[-76.81911700037786,39.345037999897464],[-76.81473700038883,39.34596199964359],[-76.80934299985658,39.34829600039782],[-76.80696100039445,39.348129000036195],[-76.80339000017784,39.349109000250216],[-76.80059100019442,39.351428000385184],[-76.79556700018611,39.3542499997445],[-76.79126000061815,39.339938999838395],[-76.79289600003202,39.33740399988658],[-76.79248500055014,39.335173000120655],[-76.78547899963488,39.3332380002838],[-76.78115499949082,39.330033000065804],[-76.77775300020775,39.32607700027067],[-76.77774899973319,39.32187999972652],[-76.77956599958537,39.32087199953107],[-76.78325200051964,39.320234999689895],[-76.78357400027126,39.318787000022624],[-76.78624499984097,39.31715499989109],[-76.78886299961405,39.31719899998918],[-76.79038999974858,39.31615300013506],[-76.79272799986562,39.31631499968375],[-76.79349700034516,39.314986000247714],[-76.79471800013846,39.31427699964659],[-76.79760199976928,39.31520800025158],[-76.79910899963214,39.31500700031887],[-76.80451799945229,39.31673300023997],[-76.80867699995753,39.31520000032476],[-76.81013000047795,39.315236999941526],[-76.811755999912,39.316192999685704],[-76.81227099974062,39.31785900034379],[-76.81450200042137,39.31795299964782],[-76.81621800023319,39.315356999746285],[-76.81595099970819,39.31355899957305],[-76.8168619997386,39.31308600033135],[-76.81954299974882,39.314070999650866],[-76.82293699981508,39.318834000038436],[-76.82552600048561,39.319311999960995],[-76.82933300034388,39.31720400038751],[-76.83194700035654,39.312563000007145],[-76.83274800010538,39.311848000353656],[-76.83445399988464,39.311525999628024],[-76.83566000010187,39.312418999649765],[-76.83507599947055,39.31469200013385],[-76.83534200048024,39.315725000190355],[-76.84045599981653,39.31547800008816],[-76.84232400041752,39.31634199989081],[-76.84427699967956,39.31833300012568],[-76.84692199946083,39.31811499982649],[-76.84897500011203,39.31600400024053],[-76.85164000049875,39.31617399984143],[-76.85391500032831,39.31766199993346],[-76.85468600031814,39.31893899998439],[-76.85543900048181,39.32322399989241],[-76.86279599951415,39.33007900020451],[-76.86660700062951,39.331707999665774],[-76.86905299988618,39.331350999786814],[-76.87201299984093,39.33198399994118],[-76.87428500003503,39.3316929999753],[-76.87504099950596,39.33215399982339],[-76.87598100018097,39.334167999630246],[-76.87808500000496,39.33591600037012],[-76.87836999982845,39.33645400028519],[-76.87777600054328,39.336929999770355],[-76.87519699960758,39.33764600012301],[-76.87513399988465,39.33974700008093],[-76.87825300051617,39.3424199996805],[-76.87932600057884,39.34548199981608],[-76.88182900050174,39.348401999784826],[-76.88227400012512,39.350185000023295],[-76.88008000051677,39.34983200023728],[-76.87968800033393,39.35336100043714],[-76.8803999995919,39.35582599967614],[-76.87979700044772,39.35680899972895],[-76.8745609996566,39.35583900027555],[-76.87337800044739,39.357149999995514],[-76.87592299974838,39.35872099958197],[-76.88070099999791,39.36046900023097],[-76.88166700034645,39.36293800050596],[-76.87795299957041,39.364184000132695],[-76.87941300045937,39.36609799971443],[-76.88171599992533,39.364378999787284],[-76.88413399990368,39.36453599968492],[-76.8850200001714,39.36516200019188],[-76.88618600020855,39.366940000415156],[-76.88680599954134,39.36968399955055],[-76.88894799968521,39.37056900015095],[-76.89099299984157,39.376731000384105],[-76.88987800049662,39.377302000169124],[-76.89048000020905,39.378007999748114],[-76.89043099980873,39.37914999955255],[-76.88866400041147,39.38045499966335],[-76.88992299981308,39.380611000175286],[-76.89116099996153,39.379859000024716],[-76.89146699988005,39.38126299989991],[-76.8912660004827,39.38232600037415],[-76.89029800006222,39.38242800030377],[-76.88835200013959,39.38412900038572],[-76.88710500014108,39.38423499965118],[-76.88579400035144,39.38351399968511],[-76.88599099966466,39.384445999821914],[-76.88511599976225,39.38518399967095],[-76.88343600037773,39.385490000150135],[-76.88321899953476,39.38586199957804],[-76.88446200045227,39.38618900006351],[-76.88516200030811,39.387941000014685],[-76.88471200033499,39.388408000105144],[-76.88203099947906,39.38760599995626],[-76.8805030000356,39.38829600013786],[-76.87921900018118,39.38788499960275],[-76.87855499939332,39.389061000102615],[-76.87972300007237,39.38987499965131],[-76.87865600025961,39.39049800033509],[-76.87486299972122,39.3886089999996],[-76.87335199970089,39.388824000338325],[-76.87446999955668,39.38883399954227],[-76.87761699956809,39.39095099950298],[-76.8776180005352,39.39179100015221],[-76.87699100052993,39.392145999748834],[-76.87744800013837,39.39255299975572],[-76.87952100022709,39.39173299965015],[-76.88005300000775,39.39504999970894],[-76.88411699949805,39.39656800020739],[-76.87050600028257,39.39640600041551],[-76.85023500047106,39.394465000335856],[-76.84330799961718,39.39265500022377],[-76.8389669996461,39.392481999662],[-76.83659099983,39.391840000125526],[-76.83403299999038,39.392016000267695],[-76.83003300039422,39.391042999874415]]]}},{"id":"365","type":"Feature","properties":{"GISJOIN":"G24000502001410","pct_black":0.4},"geometry":{"type":"Polygon","coordinates":[[[-76.74567899974359,39.36108899951845],[-76.7444490002079,39.35911799996728],[-76.74282400034691,39.35863400021916],[-76.74194100011503,39.35601499957721],[-76.7426799998873,39.354447999924744],[-76.74138099998633,39.35134300023411],[-76.7368150001821,39.35273100001527],[-76.73616500019685,39.35153399965702],[-76.73684200027688,39.3500630000682],[-76.73664299951577,39.34798200026155],[-76.73553699990991,39.3468769997161],[-76.73185299987519,39.34541300030689],[-76.72877400035645,39.34712600012868],[-76.72639700027838,39.343558000228775],[-76.72654099989771,39.342317999823884],[-76.72776099965603,39.342801999577176],[-76.73611299967573,39.335740000055196],[-76.74046099986538,39.33514400007863],[-76.74220799963473,39.33179399968972],[-76.75581799966201,39.338490999819925],[-76.77120499965648,39.344417999785655],[-76.78333199958831,39.350186000010616],[-76.79535900009664,39.35497000036227],[-76.79464100020841,39.35667399978197],[-76.79048300029051,39.35851700014212],[-76.78855199957566,39.358976999541596],[-76.78508899980689,39.358558000374266],[-76.78015199993187,39.360512999988494],[-76.77850099964323,39.3615659996419],[-76.77504800059181,39.36567399977245],[-76.76428900026785,39.367587000386735],[-76.75921800024008,39.366463999971046],[-76.75608900044226,39.36670699966766],[-76.75233800010889,39.36761400015135],[-76.74764309771369,39.37102688670215],[-76.74369899995443,39.37222800030989],[-76.74124899970046,39.36996400002285],[-76.73921300015654,39.36975199966622],[-76.73871000006095,39.368365000061125],[-76.7401640000774,39.365329000202365],[-76.74230199951013,39.36400399969857],[-76.7433150000242,39.36209000021912],[-76.74567899974359,39.36108899951845]]]}},{"id":"366","type":"Feature","properties":{"GISJOIN":"G24000502001420","pct_black":0.02},"geometry":{"type":"Polygon","coordinates":[[[-76.72776099965603,39.342801999577176],[-76.71101100023365,39.33639100023822],[-76.7114620005305,39.334572999931055],[-76.71139099970917,39.32726799969253],[-76.71296399986457,39.32498299957018],[-76.71496099942395,39.324896000275714],[-76.718205000285,39.32632500042738],[-76.72218399983157,39.323582000396485],[-76.72420599985072,39.32341500033431],[-76.7262780002507,39.32166999965485],[-76.72877200030285,39.31664399991464],[-76.74347500031938,39.32185000026416],[-76.75192100020725,39.32239400017904],[-76.7594640002579,39.32048100043432],[-76.76232900021516,39.32103499967834],[-76.76511600009029,39.32081499991854],[-76.77038499984776,39.32188800024213],[-76.77774899973319,39.32187999972652],[-76.77775300020775,39.32607700027067],[-76.78115499949082,39.330033000065804],[-76.78547899963488,39.3332380002838],[-76.79248500055014,39.335173000120655],[-76.79289600003202,39.33740399988658],[-76.79126000061815,39.339938999838395],[-76.79556700018611,39.3542499997445],[-76.79535900009664,39.35497000036227],[-76.78333199958831,39.350186000010616],[-76.77120499965648,39.344417999785655],[-76.7554379999021,39.33832299959979],[-76.74220799963473,39.33179399968972],[-76.74046099986538,39.33514400007863],[-76.7362759997351,39.33565499998182],[-76.72776099965603,39.342801999577176]]]}},{"id":"367","type":"Feature","properties":{"GISJOIN":"G24000502001510","pct_black":0.99},"geometry":{"type":"Polygon","coordinates":[[[-76.78568600008703,39.390854000325845],[-76.78919200015872,39.38247399971735],[-76.78940600042164,39.37654600011746],[-76.79534399961851,39.36746000009704],[-76.77866600050021,39.361414000342606],[-76.78479200045689,39.358625000243094],[-76.78925099953506,39.358894999711545],[-76.79464100020841,39.35667399978197],[-76.79582900038525,39.35378099963403],[-76.80011799982984,39.35172400029298],[-76.80339000017784,39.349109000250216],[-76.80696100039445,39.348129000036195],[-76.80934299985658,39.34829600039782],[-76.81473700038883,39.34596199964359],[-76.81911700037786,39.345037999897464],[-76.82203000010144,39.343507000446564],[-76.82733200040653,39.34387999996864],[-76.83321099980735,39.3433789997251],[-76.83772099968667,39.34400800038784],[-76.83817100009038,39.346845999763026],[-76.83681700003235,39.35284199956191],[-76.84264299983276,39.36207100005542],[-76.84296799958535,39.3652580003572],[-76.84183799973268,39.368747000390506],[-76.83865900011583,39.3708139999058],[-76.83725700030033,39.37502500026687],[-76.83385799983809,39.37577899960722],[-76.8277290005104,39.37503399997717],[-76.8272170003814,39.375810000497076],[-76.82580800062347,39.37630599981199],[-76.82320799946204,39.38123800027671],[-76.82632900061002,39.38339399982442],[-76.82861999945014,39.38903400009747],[-76.83003300039422,39.391042999874415],[-76.81503999978689,39.39031399966135],[-76.80611100050362,39.39369899998525],[-76.7895899995319,39.39437599991697],[-76.78866200050967,39.394304000217254],[-76.78868899987178,39.39297099970021],[-76.78783483069569,39.39119378785183],[-76.78568600008703,39.390854000325845]]]}},{"id":"368","type":"Feature","properties":{"GISJOIN":"G24000502001520","pct_black":5.17},"geometry":{"type":"Polygon","coordinates":[[[-76.7654220004431,39.39134300049586],[-76.76499400009986,39.389915000339286],[-76.76535399951244,39.38779800034108],[-76.76294000059403,39.38531899985656],[-76.75882100009531,39.38413299996614],[-76.75703299960007,39.379084999856985],[-76.75245299972815,39.375754999715106],[-76.75114699990844,39.3756819996233],[-76.74789199981265,39.37745000001004],[-76.74418399957254,39.375991000378434],[-76.74440700016196,39.374196999764585],[-76.74369899995443,39.37222800030989],[-76.74764309771369,39.37102688670215],[-76.75233800010889,39.36761400015135],[-76.75608900044226,39.36670699966766],[-76.75921800024008,39.366463999971046],[-76.76428900026785,39.367587000386735],[-76.77504800059181,39.36567399977245],[-76.77866600050021,39.361414000342606],[-76.79534399961851,39.36746000009704],[-76.78940600042164,39.37654600011746],[-76.78919200015872,39.38247399971735],[-76.78568600008703,39.390854000325845],[-76.78413299970644,39.38994000033676],[-76.7770679996587,39.39021999998328],[-76.77222399952782,39.39149099969072],[-76.7654220004431,39.39134300049586]]]}},{"id":"369","type":"Feature","properties":{"GISJOIN":"G24000503001610","pct_black":0.0},"geometry":{"type":"Polygon","coordinates":[[[-76.7257260000715,39.34200000021555],[-76.72654099989771,39.342317999823884],[-76.72655899953197,39.343987000310804],[-76.72808100039819,39.34559100046705],[-76.72858399952126,39.34704499980568],[-76.73211599963834,39.34542499978384],[-76.73460500052396,39.34619399963533],[-76.73650700046842,39.34776900009286],[-76.73686799979302,39.349811000422456],[-76.73618300033215,39.35200499997145],[-76.7368150001821,39.35273100001527],[-76.74138099998633,39.35134300023411],[-76.7426799998873,39.354447999924744],[-76.74194100011503,39.35601499957721],[-76.74282400034691,39.35863400021916],[-76.7444490002079,39.35911799996728],[-76.74490999988883,39.359857999650366],[-76.74203000057688,39.35991700000692],[-76.73368800026785,39.362044999730315],[-76.7336399997322,39.35975999962815],[-76.73100799972084,39.35911599998603],[-76.72925400043052,39.35635900007207],[-76.72590200011406,39.35281500021769],[-76.7226109998899,39.34704800029934],[-76.72520400057893,39.344931999993875],[-76.7257260000715,39.34200000021555]]]}},{"id":"370","type":"Feature","properties":{"GISJOIN":"G24000503001620","pct_black":1.08},"geometry":{"type":"Polygon","coordinates":[[[-76.71118599993923,39.354383000137105],[-76.71101100023365,39.33639100023822],[-76.7257260000715,39.34200000021555],[-76.72520400057893,39.344931999993875],[-76.7226109998899,39.34704800029934],[-76.72590200011406,39.35281500021769],[-76.72925400043052,39.35635900007207],[-76.73100799972084,39.35911599998603],[-76.7336399997322,39.35975999962815],[-76.73368800026785,39.362044999730315],[-76.72459899961368,39.36207700003425],[-76.72152600041359,39.36312400005065],[-76.71912399934932,39.357142000217316],[-76.71118599993923,39.354383000137105]]]}},{"id":"371","type":"Feature","properties":{"GISJOIN":"G24000503001710","pct_black":0.08},"geometry":{"type":"Polygon","coordinates":[[[-76.72152600041359,39.36312400005065],[-76.72459899961368,39.36207700003425],[-76.73434499952897,39.36201500010885],[-76.74241800040997,39.3598540003879],[-76.74490999988883,39.359857999650366],[-76.7457429994986,39.36092099975523],[-76.7433150000242,39.36209000021912],[-76.74230199951013,39.36400399969857],[-76.7401640000774,39.365329000202365],[-76.73871000006095,39.368365000061125],[-76.73921300015654,39.36975199966622],[-76.74124899970046,39.36996400002285],[-76.74369899995443,39.37222800030989],[-76.74072300000546,39.37430599962109],[-76.73963000044955,39.37380900006081],[-76.73906399939942,39.37437400035931],[-76.72840799936652,39.3688270001918],[-76.72152600041359,39.36312400005065]]]}},{"id":"372","type":"Feature","properties":{"GISJOIN":"G24000503001720","pct_black":0.21},"geometry":{"type":"Polygon","coordinates":[[[-76.71131300029529,39.3719330000522],[-76.71118599993923,39.354383000137105],[-76.71863299963078,39.35676299969653],[-76.71973699977288,39.35793799992073],[-76.72079800029861,39.36184199998663],[-76.7223450002237,39.36398200011239],[-76.72775500054051,39.36843600016347],[-76.73906399939942,39.37437400035931],[-76.73707899940275,39.376496000195104],[-76.73237900027301,39.377249999986944],[-76.72868299965289,39.380038000239196],[-76.72772000018703,39.379213999829254],[-76.72613052423725,39.37989797500939],[-76.71996323904764,39.380130411944165],[-76.71969136105386,39.37834205182117],[-76.71696000039903,39.379959000057184],[-76.71319399998451,39.377401999596124],[-76.71131300029529,39.3719330000522]]]}},{"id":"373","type":"Feature","properties":{"GISJOIN":"G24000503001810","pct_black":0.59},"geometry":{"type":"Polygon","coordinates":[[[-76.68234300023362,39.37220100014224],[-76.71131300029529,39.3719330000522],[-76.71319399998451,39.377401999596124],[-76.71696000039903,39.379959000057184],[-76.71621799971678,39.380662999618515],[-76.71114200015906,39.380967000237185],[-76.70722800032472,39.38253899991247],[-76.70580500015818,39.38209400021468],[-76.70105600013768,39.382659000000615],[-76.69296499989835,39.384553999871926],[-76.69055300003544,39.38396599982155],[-76.6854059996411,39.385260000366834],[-76.68548800049743,39.38083199998876],[-76.68255699944528,39.37524900020655],[-76.68234300023362,39.37220100014224]]]}},{"id":"374","type":"Feature","properties":{"GISJOIN":"G24000503001820","pct_black":4.22},"geometry":{"type":"Polygon","coordinates":[[[-76.65173099961301,39.38037000004393],[-76.64980300006816,39.37210400042418],[-76.68234300023362,39.37220100014224],[-76.68255699944528,39.37524900020655],[-76.68548800049743,39.38083199998876],[-76.6854059996411,39.385260000366834],[-76.6789420004777,39.387792999897655],[-76.67846200007622,39.38890999962334],[-76.67915899999512,39.39011400017365],[-76.67862499967217,39.39121699975785],[-76.67519300022033,39.391801999588694],[-76.66779000024384,39.39553200046013],[-76.66286699964839,39.39568999983432],[-76.65972500006876,39.389489999834886],[-76.65879399991303,39.38516500014837],[-76.65707700015375,39.383384999941754],[-76.65173099961301,39.38037000004393]]]}},{"id":"375","type":"Feature","properties":{"GISJOIN":"G24000503001910","pct_black":6.18},"geometry":{"type":"Polygon","coordinates":[[[-76.71696000039903,39.379959000057184],[-76.71969136105386,39.37834205182117],[-76.71996323904764,39.380130411944165],[-76.72613052423725,39.37989797500939],[-76.72772000018703,39.379213999829254],[-76.72868299965289,39.380038000239196],[-76.73237900027301,39.377249999986944],[-76.73676000014096,39.37665300008757],[-76.73963000044955,39.37380900006081],[-76.74097099958402,39.374231999685634],[-76.74369899995443,39.37222800030989],[-76.74441599979014,39.37432499971057],[-76.74394800023215,39.37580700033794],[-76.74667700008084,39.377251000038875],[-76.7479679996776,39.377438999974494],[-76.75121600035335,39.37566200024854],[-76.75277200011895,39.37587900000378],[-76.75724700032627,39.37927799978804],[-76.75762299959541,39.38178999998894],[-76.75882100009531,39.38413299996614],[-76.76294000059403,39.38531899985656],[-76.76535399951244,39.38779800034108],[-76.76499400009986,39.389915000339286],[-76.7654220004431,39.39134300049586],[-76.76456699991866,39.393945999549494],[-76.76554900040537,39.39618400007365],[-76.76514099981787,39.39664400013502],[-76.76993599966569,39.40351199981022],[-76.7734449995953,39.40343399990239],[-76.7765990004064,39.40483000043073],[-76.77801339490149,39.410698907546944],[-76.77876800033238,39.41124200000619],[-76.77399700025558,39.41499099980568],[-76.77219900009959,39.41371400030879],[-76.76916100067977,39.416466999669375],[-76.76126999978854,39.42192100023886],[-76.75920500008202,39.417845999964385],[-76.75479699956576,39.41924400011744],[-76.75104300023443,39.42164100002509],[-76.74656800029473,39.42672999970873],[-76.73894199987217,39.43018200031458],[-76.73311999953928,39.43791300001599],[-76.72953399999697,39.435521000133065],[-76.72789899970499,39.432402999933856],[-76.72832200018546,39.42840300014251],[-76.72902499992367,39.42705100021231],[-76.72848900031792,39.41480399984436],[-76.73033300029171,39.41246300008617],[-76.72902200059873,39.40345999968669],[-76.72603800037255,39.39527600027833],[-76.7181580003093,39.38363899984101],[-76.71696000039903,39.379959000057184]]]}},{"id":"376","type":"Feature","properties":{"GISJOIN":"G24000503001920","pct_black":4.86},"geometry":{"type":"Polygon","coordinates":[[[-76.67039800046744,39.42071399965006],[-76.66770300019809,39.41519900024433],[-76.66792700008489,39.401066000390934],[-76.664881999563,39.39684099985707],[-76.66286699964839,39.39568999983432],[-76.66779000024384,39.39553200046013],[-76.67519300022033,39.391801999588694],[-76.67862499967217,39.39121699975785],[-76.67915899999512,39.39011400017365],[-76.67846200007622,39.38890999962334],[-76.67905400055527,39.38770100000688],[-76.6864290003122,39.384851000393276],[-76.69055300003544,39.38396599982155],[-76.69296499989835,39.384553999871926],[-76.69544899988965,39.38371400040975],[-76.70571499950951,39.38209700020018],[-76.70722800032472,39.38253899991247],[-76.71114200015906,39.380967000237185],[-76.71621799971678,39.380662999618515],[-76.71696000039903,39.379959000057184],[-76.7181580003093,39.38363899984101],[-76.72603800037255,39.39527600027833],[-76.72902200059873,39.40345999968669],[-76.73033300029171,39.41246300008617],[-76.72848900031792,39.41480399984436],[-76.72902499992367,39.42705100021231],[-76.72832200018546,39.42840300014251],[-76.72789899970499,39.432402999933856],[-76.72953399999697,39.435521000133065],[-76.73311999953928,39.43791300001599],[-76.72962500031495,39.441500000504085],[-76.72387400042476,39.44613599989535],[-76.72299600002266,39.44852599957366],[-76.72069899996349,39.44768300016149],[-76.71853899935685,39.44593600035459],[-76.7106480005727,39.437096999961064],[-76.70408199939803,39.43467700007055],[-76.69502099972945,39.42980800011315],[-76.690934999786,39.42537399977321],[-76.67433999997031,39.42104799985956],[-76.67039800046744,39.42071399965006]]]}},{"id":"377","type":"Feature","properties":{"GISJOIN":"G24000504002010","pct_black":1.43},"geometry":{"type":"Polygon","coordinates":[[[-76.80631500010632,39.440678000039554],[-76.78000300007636,39.41928100003764],[-76.77399700025558,39.41499099980568],[-76.77881404063616,39.411127767161524],[-76.77801339490149,39.410698907546944],[-76.7765990004064,39.40483000043073],[-76.7798740004071,39.40487900008864],[-76.7802309993731,39.40438900031024],[-76.78253099996472,39.404017999666046],[-76.78332899967495,39.40442199965888],[-76.78470099986423,39.4028830004086],[-76.78727799984635,39.402203000111136],[-76.78815199971861,39.40263099958881],[-76.78952700047044,39.402129000057705],[-76.79122900012084,39.40316599992367],[-76.79283599954464,39.401719000198625],[-76.79428800052443,39.40152400015782],[-76.79592499945636,39.40041299985054],[-76.79842100041445,39.40071300042573],[-76.80189599944246,39.400026999849025],[-76.80119899999751,39.400470000423525],[-76.80061200050105,39.40272699990951],[-76.79997599942081,39.403258000289284],[-76.80149299946662,39.40446200022257],[-76.80124100005042,39.40516000012111],[-76.802477000408,39.40588500022968],[-76.8013640003634,39.40769399974811],[-76.79933400032377,39.40858699982876],[-76.79920299979396,39.40991699971578],[-76.80116000043209,39.40991099967392],[-76.80595799991929,39.41121699989747],[-76.81303000036166,39.41071699999365],[-76.81544800035985,39.41130300001805],[-76.81587799939825,39.40791400028543],[-76.81656199951033,39.40688499969955],[-76.81761699940861,39.40647400011748],[-76.81856299955433,39.404455000329925],[-76.82159999984268,39.40362400017524],[-76.82649799972278,39.39908100010551],[-76.83012300013752,39.39907199966597],[-76.83220900024206,39.40423200046801],[-76.83552200041856,39.40986999961765],[-76.83545200034801,39.41421800010102],[-76.83966699960183,39.418951999909325],[-76.84030300045043,39.42027199975492],[-76.8405570005285,39.42382399972707],[-76.84363599965454,39.426596000159044],[-76.83787199978255,39.4290699996945],[-76.83714100040594,39.43141399982847],[-76.83531099986692,39.434103999580095],[-76.83414999942745,39.43829100000142],[-76.8372750002235,39.44105099993298],[-76.8383929997591,39.4428190001758],[-76.83711400033594,39.446114999662605],[-76.82281522511167,39.441571455775346],[-76.82104266486853,39.440257882536685],[-76.82160825214639,39.43881242190016],[-76.8246370004655,39.43651000012126],[-76.82320499963305,39.433768000213774],[-76.8135009994916,39.43478499983803],[-76.81078399951592,39.43430700006598],[-76.80796699990788,39.43740299957752],[-76.80631500010632,39.440678000039554]]]}},{"id":"378","type":"Feature","properties":{"GISJOIN":"G24000504002020","pct_black":0.5},"geometry":{"type":"Polygon","coordinates":[[[-76.78684999953795,39.449829999813964],[-76.78439799970307,39.4470219999771],[-76.78330499969032,39.4432219995647],[-76.77362799973086,39.44466099965244],[-76.76692499961514,39.44718699992999],[-76.7679710006291,39.44363399980554],[-76.76822799968505,39.44000400002621],[-76.76579700039802,39.436803999754076],[-76.76636800000479,39.43458100033837],[-76.76813799977835,39.43369100040646],[-76.76853300037234,39.436190999850915],[-76.77834599985601,39.43411999978544],[-76.77767700022768,39.42971000000783],[-76.77497400051871,39.42824299983077],[-76.7733320002692,39.42898700030876],[-76.77251499962655,39.42853799960447],[-76.77911400033969,39.423374999691084],[-76.77657799950413,39.4224200001605],[-76.77410800032318,39.42390999973896],[-76.77342485018278,39.42311440859117],[-76.7749556849264,39.421651282314016],[-76.77229699999504,39.4209039999109],[-76.77179700020169,39.41900399962267],[-76.76989699958357,39.41850399992323],[-76.76949699938154,39.41950400033539],[-76.76509599964511,39.420003999523516],[-76.7646959996254,39.42100400032596],[-76.7639960003925,39.4207040004723],[-76.76479599933383,39.423104000311355],[-76.7634959998342,39.42368799957752],[-76.76126999978854,39.42192100023886],[-76.76916100067977,39.416466999669375],[-76.77219900009959,39.41371400030879],[-76.78000300007636,39.41928100003764],[-76.80631500010632,39.440678000039554],[-76.80035198476398,39.44175502822186],[-76.79953928140935,39.442532254139095],[-76.79914800032921,39.44619600006401],[-76.79757700052488,39.45205699993194],[-76.79796600019932,39.45531699959804],[-76.79493100039092,39.45346400040299],[-76.78950300029818,39.45154600021069],[-76.78684999953795,39.449829999813964]]]}},{"id":"379","type":"Feature","properties":{"GISJOIN":"G24000504002100","pct_black":18.13},"geometry":{"type":"Polygon","coordinates":[[[-76.7634959998342,39.42368799957752],[-76.76479599933383,39.423104000311355],[-76.7639960003925,39.4207040004723],[-76.7646959996254,39.42100400032596],[-76.76509599964511,39.420003999523516],[-76.76949699938154,39.41950400033539],[-76.76989699958357,39.41850399992323],[-76.77179700020169,39.41900399962267],[-76.77229699999504,39.4209039999109],[-76.7749556849264,39.421651282314016],[-76.77342485018278,39.42311440859117],[-76.77410800032318,39.42390999973896],[-76.77657799950413,39.4224200001605],[-76.77887699993613,39.42318599996006],[-76.77251499962655,39.42853799960447],[-76.7733320002692,39.42898700030876],[-76.77497400051871,39.42824299983077],[-76.77767700022768,39.42971000000783],[-76.77834599985601,39.43411999978544],[-76.76853300037234,39.436190999850915],[-76.76813799977835,39.43369100040646],[-76.76636800000479,39.43458100033837],[-76.76579700039802,39.436803999754076],[-76.76822799968505,39.44000400002621],[-76.76816999953829,39.441597999560955],[-76.7648969998851,39.44180399974568],[-76.7618969996463,39.43780400010346],[-76.75392900008572,39.439551999725715],[-76.75179999961968,39.43395799966379],[-76.75322499989036,39.433311000119076],[-76.76354899987763,39.43214599962008],[-76.7652880003393,39.43097300006847],[-76.76735692788915,39.433377633282134],[-76.77181974484509,39.43220886744689],[-76.77169347098781,39.43059904996272],[-76.76589700029122,39.43061899986743],[-76.76413799971448,39.42446200006244],[-76.7634959998342,39.42368799957752]]]}},{"id":"380","type":"Feature","properties":{"GISJOIN":"G24000504002210","pct_black":8.03},"geometry":{"type":"Polygon","coordinates":[[[-76.78684999953795,39.449829999813964],[-76.78950300029818,39.45154600021069],[-76.79493100039092,39.45346400040299],[-76.79796600019932,39.45531699959804],[-76.8064559998895,39.46293900039178],[-76.80839199996886,39.46629499994651],[-76.813250999875,39.4651350001337],[-76.81336299967036,39.463259999750754],[-76.82820099958653,39.46238599984203],[-76.82633900033775,39.4568260003071],[-76.80631500010632,39.440678000039554],[-76.80796699990788,39.43740299957752],[-76.81078399951592,39.43430700006598],[-76.8135009994916,39.43478499983803],[-76.82320499963305,39.433768000213774],[-76.8246370004655,39.43651000012126],[-76.82160825214639,39.43881242190016],[-76.82104266486853,39.440257882536685],[-76.82281522511167,39.441571455775346],[-76.83966699983053,39.446896999833946],[-76.83789900032372,39.47320299972588],[-76.82916100028214,39.47840799958866],[-76.82243499992167,39.48372799976032],[-76.82256700031695,39.482304000387465],[-76.8212040000673,39.477632999648435],[-76.82035500046084,39.47925299964934],[-76.81899900044432,39.48010299987178],[-76.81929900017494,39.48320300018028],[-76.8183990005066,39.48680300022931],[-76.81599900034396,39.48790300028925],[-76.81570700024325,39.48898100035237],[-76.81504199953508,39.48919599990251],[-76.81469900032441,39.492202999809614],[-76.81223199993981,39.494298000366975],[-76.80911200041086,39.495622000000246],[-76.80559099970202,39.496874000245796],[-76.79985800035016,39.49766100007979],[-76.79651900063833,39.49538799964877],[-76.79520800016279,39.49547599962534],[-76.79598599946722,39.492220000188865],[-76.79375800034404,39.48507600002071],[-76.80385999976274,39.48227000034993],[-76.8065820003366,39.47856999960721],[-76.80300700034076,39.47797999962269],[-76.79945300033414,39.47858899965228],[-76.79171499976076,39.48203199954314],[-76.78972599993293,39.482176999760725],[-76.7832129998367,39.481296000044686],[-76.77169399968344,39.47846200008638],[-76.77366700026734,39.474986000055914],[-76.77652500050509,39.47543900015481],[-76.77782900026506,39.47217400023891],[-76.78058100051715,39.47070700028824],[-76.78024999964646,39.46466200025579],[-76.78434299985727,39.45516799966389],[-76.78499900010836,39.45241300033539],[-76.78684999953795,39.449829999813964]]]}},{"id":"381","type":"Feature","properties":{"GISJOIN":"G24000504002220","pct_black":3.94},"geometry":{"type":"Polygon","coordinates":[[[-76.79796600019932,39.45531699959804],[-76.79757700052488,39.45205699993194],[-76.79914800032921,39.44619600006401],[-76.79953928140935,39.442532254139095],[-76.80035198476398,39.44175502822186],[-76.80631500010632,39.440678000039554],[-76.82633900033775,39.4568260003071],[-76.82820099958653,39.46238599984203],[-76.81336299967036,39.463259999750754],[-76.813250999875,39.4651350001337],[-76.80839199996886,39.46629499994651],[-76.8064559998895,39.46293900039178],[-76.79796600019932,39.45531699959804]]]}},{"id":"382","type":"Feature","properties":{"GISJOIN":"G24000504002300","pct_black":2.31},"geometry":{"type":"Polygon","coordinates":[[[-76.75478999968102,39.52270000030928],[-76.75328099945973,39.519040000364235],[-76.75092199950653,39.507168000171134],[-76.7425639999987,39.504521000011536],[-76.74183699955353,39.50371400030003],[-76.73932800003048,39.49773400013921],[-76.74014299952668,39.495115999567076],[-76.73781899953494,39.49061400019007],[-76.73608800044211,39.48076700005271],[-76.73421100042033,39.47726299963963],[-76.73322599957471,39.476428000202915],[-76.7343690002125,39.46922800003962],[-76.72932799982823,39.465104999886385],[-76.72887300049543,39.46380900010738],[-76.72897100054361,39.463001000033586],[-76.73139300015191,39.461299000126466],[-76.73242299991435,39.45989800036725],[-76.72938100024112,39.458123999659],[-76.72417899986576,39.44957399975687],[-76.72299600002266,39.44852599957366],[-76.72387400042476,39.44613599989535],[-76.72962500031495,39.441500000504085],[-76.73409399996974,39.43702699978053],[-76.73894199987217,39.43018200031458],[-76.74656800029473,39.42672999970873],[-76.75104300023443,39.42164100002509],[-76.75479699956576,39.41924400011744],[-76.75920500008202,39.417845999964385],[-76.76147799998954,39.422377999867074],[-76.76405799996272,39.42429800037495],[-76.76589700029122,39.43061899986743],[-76.77169347098781,39.43059904996272],[-76.77181974484509,39.43220886744689],[-76.76735692788915,39.433377633282134],[-76.7652880003393,39.43097300006847],[-76.76354899987763,39.43214599962008],[-76.75322499989036,39.433311000119076],[-76.75179999961968,39.43395799966379],[-76.75392900008572,39.439551999725715],[-76.7618969996463,39.43780400010346],[-76.7648969998851,39.44180399974568],[-76.76816999953829,39.441597999560955],[-76.76692499961514,39.44718699992999],[-76.77362799973086,39.44466099965244],[-76.78330499969032,39.4432219995647],[-76.78439799970307,39.4470219999771],[-76.78684999953795,39.449829999813964],[-76.78499900010836,39.45241300033539],[-76.78434299985727,39.45516799966389],[-76.78024999964646,39.46466200025579],[-76.78058100051715,39.47070700028824],[-76.77782900026506,39.47217400023891],[-76.77652500050509,39.47543900015481],[-76.77366700026734,39.474986000055914],[-76.77169399968344,39.47846200008638],[-76.7832129998367,39.481296000044686],[-76.78972599993293,39.482176999760725],[-76.79171499976076,39.48203199954314],[-76.79945300033414,39.47858899965228],[-76.80300700034076,39.47797999962269],[-76.8065820003366,39.47856999960721],[-76.80385999976274,39.48227000034993],[-76.79375800034404,39.48507600002071],[-76.79598599946722,39.492220000188865],[-76.79520800016279,39.49547599962534],[-76.79651900063833,39.49538799964877],[-76.79990599941453,39.49767299998633],[-76.80559099970202,39.496874000245796],[-76.80911200041086,39.495622000000246],[-76.81223199993981,39.494298000366975],[-76.81469900032441,39.492202999809614],[-76.81504199953508,39.48919599990251],[-76.81570700024325,39.48898100035237],[-76.81599900034396,39.48790300028925],[-76.8183990005066,39.48680300022931],[-76.81929900017494,39.48320300018028],[-76.81899900044432,39.48010299987178],[-76.82035500046084,39.47925299964934],[-76.8212040000673,39.477632999648435],[-76.82256700031695,39.482304000387465],[-76.82243499992167,39.48372799976032],[-76.82916100028214,39.47840799958866],[-76.83789900032372,39.47320299972588],[-76.83966699983053,39.446896999833946],[-76.83711400033594,39.446114999662605],[-76.8383929997591,39.4428190001758],[-76.8372750002235,39.44105099993298],[-76.8341409999816,39.438174000181675],[-76.83498500009304,39.43654599971735],[-76.83531099986692,39.434103999580095],[-76.83714100040594,39.43141399982847],[-76.83791600037812,39.429031000328905],[-76.84363599965454,39.426596000159044],[-76.84781800019023,39.42746100037894],[-76.85014100040404,39.42685400016526],[-76.85262499967531,39.426948000120206],[-76.85539099967866,39.42849800022674],[-76.86133999956208,39.43018499972795],[-76.87047800045876,39.43108400011172],[-76.8761300000508,39.43433999973672],[-76.87971600017431,39.43468500038825],[-76.88297748113567,39.43736780232948],[-76.8913680268672,39.4357940089183],[-76.89245100019244,39.43808299974521],[-76.89429999951166,39.439801999917194],[-76.8910000002733,39.439302000390356],[-76.88730000063144,39.440501999647616],[-76.88849999972128,39.44300199972618],[-76.8917999997365,39.4444019998738],[-76.89179999949364,39.44540200023515],[-76.88849999965215,39.44610199971244],[-76.88710000001696,39.445202000025056],[-76.882299999997,39.4442020001211],[-76.8817999996097,39.44590200019581],[-76.87639899968633,39.450801999701106],[-76.87709900004727,39.4528020002127],[-76.87939900061082,39.45290199985884],[-76.88389900049654,39.450601999975795],[-76.88649900023901,39.451402000044986],[-76.88759900001678,39.452501999914425],[-76.89300000045559,39.4553020002075],[-76.89309999945338,39.457402000137606],[-76.88569999963384,39.45640200023579],[-76.88789999956894,39.459001999771175],[-76.89200000045776,39.4618019999774],[-76.88691000000817,39.463242000038186],[-76.88449999972407,39.46690200010059],[-76.88780499977875,39.46706699961877],[-76.88857200048837,39.468522999950096],[-76.88403399992664,39.47002599963268],[-76.88299999968703,39.47210200028251],[-76.88329399936951,39.474751000225766],[-76.88176000007866,39.47722699967928],[-76.88074000055799,39.47651499967332],[-76.87690099979349,39.47666500027751],[-76.87544299957615,39.47895000015593],[-76.87733799970664,39.48085699984794],[-76.87645699999327,39.48135499970844],[-76.8766119993919,39.48297700013182],[-76.87479800010055,39.48199499963757],[-76.86930899968453,39.482459000063336],[-76.86696599983189,39.48491199987299],[-76.86653200011399,39.4876170001942],[-76.86871400025753,39.489546000098045],[-76.8686000005836,39.493802999649255],[-76.86669999999667,39.500902000434],[-76.85669999974324,39.53160199988691],[-76.84060300038387,39.57559800027239],[-76.83976999993487,39.55957400026592],[-76.83782199951874,39.558709000058236],[-76.8376059995788,39.55739000024165],[-76.83111700045394,39.55568300049289],[-76.82337099981805,39.552309999967505],[-76.8138929999928,39.55143900002434],[-76.80963700014289,39.54946199981554],[-76.80454400030705,39.544668000029205],[-76.79921800024475,39.54453400001624],[-76.79372199989237,39.54238799991179],[-76.7906589997007,39.541936000380396],[-76.78984400010287,39.53969200028876],[-76.78603599998576,39.53688900031764],[-76.78305399989127,39.53233099972862],[-76.7772959998753,39.52667300030577],[-76.77588999953346,39.523798999837084],[-76.77484499954647,39.523322999539836],[-76.7751859995801,39.52218199999644],[-76.77467200037461,39.52148700043503],[-76.77035999947651,39.52224600035899],[-76.7665599998869,39.52145200010091],[-76.76049500008973,39.52313799982557],[-76.75478999968102,39.52270000030928]]]}},{"id":"383","type":"Feature","properties":{"GISJOIN":"G24000505006800","pct_black":1.25},"geometry":{"type":"Polygon","coordinates":[[[-76.7076270000843,39.6196549999278],[-76.70842799994963,39.618873000162104],[-76.71138900036759,39.618380000134266],[-76.71142100010158,39.61633900014141],[-76.71225800023474,39.614225999606006],[-76.71408399965102,39.61341499956198],[-76.71489700021316,39.610547000238945],[-76.71695700028725,39.609922999736945],[-76.71985400007826,39.60725100042653],[-76.72013200050785,39.605938000186974],[-76.72369800020985,39.606162000285636],[-76.73002900026864,39.60350300021929],[-76.7323739993979,39.599245000184524],[-76.7347920003067,39.59788899970877],[-76.73539399971982,39.593635999970914],[-76.7340840005617,39.593129999914964],[-76.73324899967156,39.5905700002071],[-76.72351900002516,39.585226000030545],[-76.71754399951486,39.58311499980972],[-76.71321700046938,39.578660999745786],[-76.70761000018655,39.57828800017216],[-76.70402800031034,39.57545400039232],[-76.69778899962927,39.576652000266776],[-76.6948119996856,39.5762739998036],[-76.68595299980772,39.57230399967637],[-76.68231200007332,39.57196700032929],[-76.68051000061405,39.5689629997917],[-76.67161600020805,39.567757999839145],[-76.67107712415107,39.5673949032041],[-76.67055599955965,39.56229100006706],[-76.67785999964589,39.565571000250564],[-76.68013900014094,39.56581800037088],[-76.68932999956417,39.56569200034534],[-76.69035099935732,39.5643960001888],[-76.69254800025575,39.56362699961267],[-76.70253899968755,39.563012999784256],[-76.7065950003997,39.56190399991489],[-76.70639599989315,39.56136700028653],[-76.70830499999465,39.558367999647714],[-76.70785000038698,39.55581800014528],[-76.71276800022368,39.55251400036256],[-76.71675699972711,39.548603999843735],[-76.71599299967309,39.54533900026377],[-76.71608899967138,39.54325400015632],[-76.71553399955774,39.54272699979438],[-76.71959700006778,39.540207000032325],[-76.72197700053191,39.535139999680865],[-76.72419700000236,39.534961000219816],[-76.72509999974217,39.534039999846236],[-76.72674799976406,39.533731999869175],[-76.72810300042423,39.53552899968989],[-76.72947600048673,39.535048000115445],[-76.73435599964907,39.531194999491866],[-76.75063699988549,39.52316200032016],[-76.75469700015185,39.52269800000407],[-76.76049500008973,39.52313799982557],[-76.7665599998869,39.52145200010091],[-76.77035999947651,39.52224600035899],[-76.7744939999654,39.52144500032688],[-76.77517500021547,39.522114999920056],[-76.77484499954647,39.523322999539836],[-76.77588999953346,39.523798999837084],[-76.7772959998753,39.52667300030577],[-76.78305399989127,39.53233099972862],[-76.78603599998576,39.53688900031764],[-76.78984400010287,39.53969200028876],[-76.7906589997007,39.541936000380396],[-76.79372199989237,39.54238799991179],[-76.79921800024475,39.54453400001624],[-76.80423299966466,39.544554999596414],[-76.80588799994136,39.545455000318995],[-76.809313000071,39.549226000339544],[-76.811481000516,39.55045200018064],[-76.81402000023309,39.55147499995259],[-76.82381999958014,39.55243900024339],[-76.83089300049663,39.55560300023469],[-76.83754800024361,39.557357999841074],[-76.83782199951874,39.558709000058236],[-76.83976999993487,39.55957400026592],[-76.84060300038387,39.57559800027239],[-76.83665499952315,39.58744599998736],[-76.83371100056505,39.59383800006726],[-76.83124399979997,39.60218000034511],[-76.81399799962051,39.65051100020544],[-76.80430400013547,39.675881999844854],[-76.80269000013237,39.6722840004277],[-76.80240900017613,39.66792400029861],[-76.80312800002275,39.664214999634325],[-76.80615100033287,39.657551999951636],[-76.80582200018665,39.65629799986057],[-76.80441499990263,39.65615299999386],[-76.80300600061507,39.654593999807076],[-76.80122899997568,39.65378899974364],[-76.79683000027954,39.65334699966561],[-76.79373600061227,39.654385999905074],[-76.7918109996816,39.65335099988443],[-76.78937199972258,39.653343000151146],[-76.78759699974759,39.65266399967235],[-76.78549200036515,39.65327300009484],[-76.78442899962913,39.65451399955362],[-76.7822790004092,39.65368700037558],[-76.7811119999417,39.65477800044339],[-76.77981799959437,39.65503999982889],[-76.77664000030573,39.65366600010694],[-76.77537500039409,39.651572999720976],[-76.77519799981238,39.649702999742594],[-76.77289800039512,39.649302999684664],[-76.77084099994293,39.65169299989143],[-76.76679700034806,39.6518029996729],[-76.7623970002103,39.65340299968792],[-76.7562969999053,39.6503029997965],[-76.75511799958566,39.64792599960074],[-76.73947899970781,39.64206900014209],[-76.73629599957233,39.63772099972318],[-76.73305499963222,39.636142000240206],[-76.7252189996885,39.628497000266144],[-76.72522299996213,39.62656799990413],[-76.7240900003756,39.624594999760696],[-76.72303400003427,39.624855999594814],[-76.72099899935917,39.626728000271335],[-76.71119599960863,39.623404000239766],[-76.7100960003757,39.62080399960926],[-76.7076270000843,39.6196549999278]]]}},{"id":"384","type":"Feature","properties":{"GISJOIN":"G24000506006900","pct_black":0.06},"geometry":{"type":"Polygon","coordinates":[[[-76.7076270000843,39.6196549999278],[-76.7100960003757,39.62080399960926],[-76.71119599960863,39.623404000239766],[-76.72099899935917,39.626728000271335],[-76.72303400003427,39.624855999594814],[-76.7240900003756,39.624594999760696],[-76.72522299996213,39.62656799990413],[-76.7252189996885,39.628497000266144],[-76.73305499963222,39.636142000240206],[-76.73629599957233,39.63772099972318],[-76.73947899970781,39.64206900014209],[-76.75511799958566,39.64792599960074],[-76.7562969999053,39.6503029997965],[-76.7623970002103,39.65340299968792],[-76.76679700034806,39.6518029996729],[-76.77084099994293,39.65169299989143],[-76.77289800039512,39.649302999684664],[-76.77519799981238,39.649702999742594],[-76.77537500039409,39.651572999720976],[-76.77664000030573,39.65366600010694],[-76.77981799959437,39.65503999982889],[-76.7811119999417,39.65477800044339],[-76.7822790004092,39.65368700037558],[-76.78442899962913,39.65451399955362],[-76.78549200036515,39.65327300009484],[-76.78774299998794,39.65266500032851],[-76.78937199972258,39.653343000151146],[-76.7918109996816,39.65335099988443],[-76.79373600061227,39.654385999905074],[-76.79683000027954,39.65334699966561],[-76.80122899997568,39.65378899974364],[-76.80314600032946,39.65469700027654],[-76.80441499990263,39.65615299999386],[-76.80582200018665,39.65629799986057],[-76.806122999483,39.65777900006403],[-76.80312800002275,39.664214999634325],[-76.80240900017613,39.66792400029861],[-76.80269000013237,39.6722840004277],[-76.80430400013547,39.675881999844854],[-76.78709600036449,39.72079999995753],[-76.69765799934852,39.72108800019992],[-76.69711700038077,39.720490000069205],[-76.69737100047452,39.71944800034874],[-76.69586800008139,39.71740300001576],[-76.69021199955529,39.71295899960007],[-76.68627899972631,39.70808800008121],[-76.67805100034344,39.70294699981551],[-76.67715399971138,39.69939299996187],[-76.67469200017587,39.69675499986325],[-76.67316500015386,39.69552400021491],[-76.66889899994172,39.69408099967972],[-76.66753999989083,39.69309899971477],[-76.6670030002775,39.69173500004223],[-76.66723800009028,39.6905310003886],[-76.66998200014194,39.68832800043378],[-76.6705200000536,39.687012999910515],[-76.6697529998624,39.68554799983622],[-76.66659399946735,39.68365599989208],[-76.66620899980529,39.681361000063106],[-76.66777600031793,39.676403999979996],[-76.67372999944224,39.67357200015265],[-76.67483299948468,39.672355000169155],[-76.67453399935245,39.669002000331396],[-76.67232500045257,39.6649440000507],[-76.67408900039223,39.660940999716075],[-76.6725890000504,39.65872900018319],[-76.66429299975533,39.655027999650784],[-76.66294100062669,39.65221499980022],[-76.66550000020486,39.64951000003997],[-76.67188100032956,39.635760000496646],[-76.67223999969804,39.632479999939676],[-76.68128699968563,39.63491899991239],[-76.68579099963429,39.63408700009294],[-76.69308500017998,39.6315169996433],[-76.69738799985457,39.63434500024348],[-76.70264500001939,39.63387300016212],[-76.70347100019809,39.63333000039884],[-76.70321500026157,39.626838000078436],[-76.70481499966425,39.624153000236134],[-76.70721899965523,39.62307300001967],[-76.7081190005031,39.62209800004323],[-76.70694999941891,39.62112400013885],[-76.7068240001077,39.62032299995942],[-76.7076270000843,39.6196549999278]]]}},{"id":"385","type":"Feature","properties":{"GISJOIN":"G24000507007000","pct_black":4.22},"geometry":{"type":"Polygon","coordinates":[[[-76.56579200043902,39.62553699975321],[-76.57178399981483,39.62960999958447],[-76.57460099937443,39.6301970003532],[-76.57897900031904,39.634128000283205],[-76.58093899947136,39.63453700036728],[-76.58746699988721,39.63161000022058],[-76.5879989999018,39.6312670000644],[-76.588126999523,39.630051000017204],[-76.5931080005215,39.62856600014313],[-76.59613299959635,39.62690199959795],[-76.59570300030776,39.626062999878414],[-76.59805399955962,39.62610699985596],[-76.59871299944861,39.62529299990039],[-76.60007000004997,39.62545800030986],[-76.60232799940513,39.62478700034434],[-76.60329199987132,39.62539999971349],[-76.60371499995613,39.62480399997138],[-76.60803100024891,39.6252839999587],[-76.60963300051672,39.62427699990579],[-76.61470599999339,39.623592999651535],[-76.61623800051709,39.62448899965132],[-76.61828600034339,39.62403500001202],[-76.61852500049,39.62243600015966],[-76.61782199997435,39.620741000176],[-76.61855499996597,39.61924100036296],[-76.62035800047188,39.61989499965753],[-76.62061400020266,39.6182510001522],[-76.62193600032995,39.61740200043856],[-76.62265399996701,39.61438100018647],[-76.62515900035858,39.612807000342194],[-76.62503599997848,39.612166000340494],[-76.62383199982625,39.61143300003206],[-76.62092999980506,39.61090799999562],[-76.61939900050969,39.6099520001391],[-76.62116199957867,39.607177999818056],[-76.62145399974878,39.60486800034991],[-76.62048600055174,39.60303899994622],[-76.62085200053076,39.60232699969881],[-76.62327600036313,39.60125600033602],[-76.62483800028728,39.60129399999516],[-76.62548700033693,39.59977599981878],[-76.62475200010395,39.5982539998718],[-76.6260310003417,39.59873300023195],[-76.62398800011066,39.5968369996508],[-76.62138299968827,39.59300699986566],[-76.6178199998161,39.59067599978682],[-76.6164650004604,39.58840599988254],[-76.61187199951048,39.586312000377596],[-76.61111599989512,39.58469100024111],[-76.61162300038727,39.58329999981868],[-76.61436599952258,39.58214499997502],[-76.61522199958046,39.582723999743564],[-76.6179950004229,39.58283299968089],[-76.6186480000904,39.583897999607935],[-76.62044400032812,39.58447199986935],[-76.62177599970063,39.582809000004545],[-76.61790499991073,39.57876599977269],[-76.61871300027988,39.578590000195376],[-76.62396499981773,39.58139200034729],[-76.62804899993124,39.58170199964881],[-76.62905199999273,39.580841999648534],[-76.63310499985154,39.58121500042656],[-76.63487399963164,39.580112000142556],[-76.6385740003671,39.57913900007778],[-76.64415199988873,39.5749890003554],[-76.64973400040739,39.57727100046715],[-76.65276899971376,39.57678000006197],[-76.65677700016477,39.5748820002723],[-76.65862399980631,39.5711610002765],[-76.65573899960432,39.56398899981987],[-76.65967600042376,39.56465399967684],[-76.66442600047819,39.564058000197704],[-76.67055599955965,39.56229100006706],[-76.67107712415107,39.5673949032041],[-76.67161600020805,39.567757999839145],[-76.68051000061405,39.5689629997917],[-76.68231200007332,39.57196700032929],[-76.68595299980772,39.57230399967637],[-76.6948119996856,39.5762739998036],[-76.69778899962927,39.576652000266776],[-76.70402800031034,39.57545400039232],[-76.70761000018655,39.57828800017216],[-76.71321700046938,39.578660999745786],[-76.71754399951486,39.58311499980972],[-76.72351900002516,39.585226000030545],[-76.73324899967156,39.5905700002071],[-76.7340840005617,39.593129999914964],[-76.73539399971982,39.593635999970914],[-76.7347920003067,39.59788899970877],[-76.7323739993979,39.599245000184524],[-76.73002900026864,39.60350300021929],[-76.72369800020985,39.606162000285636],[-76.72013200050785,39.605938000186974],[-76.71985400007826,39.60725100042653],[-76.71695700028725,39.609922999736945],[-76.71489700021316,39.610547000238945],[-76.71408399965102,39.61341499956198],[-76.71225800023474,39.614225999606006],[-76.71142100010158,39.61633900014141],[-76.71138900036759,39.618380000134266],[-76.70831700010724,39.61891699958258],[-76.7068240001077,39.62032299995942],[-76.70703100051297,39.621345000158755],[-76.7081190005031,39.62209800004323],[-76.70721899965523,39.62307300001967],[-76.70481499966425,39.624153000236134],[-76.70321500026157,39.626838000078436],[-76.70338799944646,39.63356000035339],[-76.70116100041403,39.634278000491946],[-76.69762900058703,39.6343929998786],[-76.69308500017998,39.6315169996433],[-76.68579099963429,39.63408700009294],[-76.68128699968563,39.63491899991239],[-76.67223999969804,39.632479999939676],[-76.67188100032956,39.635760000496646],[-76.66550000020486,39.64951000003997],[-76.66294100062669,39.65221499980022],[-76.66429299975533,39.655027999650784],[-76.6725890000504,39.65872900018319],[-76.67408900039223,39.660940999716075],[-76.67232500045257,39.6649440000507],[-76.67453399935245,39.669002000331396],[-76.67483299948468,39.672355000169155],[-76.67372999944224,39.67357200015265],[-76.66777600031793,39.676403999979996],[-76.66620899980529,39.681361000063106],[-76.66659399946735,39.68365599989208],[-76.6697529998624,39.68554799983622],[-76.6705200000536,39.687012999910515],[-76.66998200014194,39.68832800043378],[-76.66732500029111,39.69037400007093],[-76.66725699975974,39.692664999864235],[-76.6686030004405,39.693944999722774],[-76.67300200052163,39.69544300021847],[-76.67469200017587,39.69675499986325],[-76.67715399971138,39.69939299996187],[-76.67805100034344,39.70294699981551],[-76.68627899972631,39.70808800008121],[-76.69021199955529,39.71295899960007],[-76.69586800008139,39.71740300001576],[-76.69737100047452,39.71944800034874],[-76.69711700038077,39.720490000069205],[-76.69765799934852,39.72108800019992],[-76.60142700001322,39.72129899986285],[-76.59546199989884,39.72044899967983],[-76.58387600058236,39.72130199978237],[-76.56938600013538,39.72115500033378],[-76.56806899988368,39.68720499969726],[-76.56738900047627,39.684301999733435],[-76.56579200043902,39.62553699975321]]]}},{"id":"386","type":"Feature","properties":{"GISJOIN":"G24000508002400","pct_black":8.65},"geometry":{"type":"Polygon","coordinates":[[[-76.61790499991073,39.57876599977269],[-76.61651099944939,39.57744899985707],[-76.61664800038733,39.57675099990173],[-76.62392900029351,39.575483999636475],[-76.62307600023323,39.57314900032664],[-76.61866400033195,39.57182500049112],[-76.61533800050248,39.572778000270084],[-76.61133600050229,39.5717970002322],[-76.61002700032104,39.57056900007844],[-76.61024700038541,39.568122999995744],[-76.61509399956476,39.56789099984943],[-76.61779899995126,39.567048000008036],[-76.62304099947798,39.56471499989016],[-76.62269799969182,39.56344099997321],[-76.62343300010946,39.56246299981717],[-76.62967700046616,39.56520500048529],[-76.6328810003759,39.56463700010399],[-76.63343600018578,39.5634399998411],[-76.63251300034803,39.56172999989554],[-76.63918899949046,39.55809199992637],[-76.6401129998732,39.556962999741486],[-76.6385820002949,39.5531320000392],[-76.63590100000513,39.54941500037864],[-76.63572099949242,39.54813699968303],[-76.63995299967516,39.54515600002006],[-76.64121499978044,39.54323599962711],[-76.63981999977217,39.54203799955169],[-76.63953999946973,39.54105800028943],[-76.64007400041996,39.54009000040757],[-76.63842200017235,39.53723299976015],[-76.63499200027522,39.535855000007665],[-76.63288900047766,39.53380800023277],[-76.63304700049447,39.53092399977702],[-76.63261599979441,39.52983300006643],[-76.6284939993532,39.52772700022094],[-76.62677700013593,39.52465899970567],[-76.62434799960107,39.52289299975308],[-76.62338299967644,39.523747000098986],[-76.62101600050158,39.52245499970622],[-76.61992100015,39.52136900020327],[-76.61912199959524,39.51916500026277],[-76.61526600021065,39.51609600017846],[-76.61592099942773,39.5107760003063],[-76.61321100043779,39.5059129996403],[-76.61791799995977,39.50452100031487],[-76.62358000018331,39.50113399975972],[-76.63169099951853,39.50142399959414],[-76.63599899989465,39.50040200001232],[-76.64079500044978,39.49845799975589],[-76.64258199983264,39.49662600011946],[-76.64218199969325,39.49508799966882],[-76.64292900014655,39.49380900047258],[-76.64421899977532,39.49329100017754],[-76.64480600047962,39.49361299986048],[-76.64419600016869,39.49499600011486],[-76.64259999988289,39.49531500005211],[-76.64647700013472,39.49813899976681],[-76.64758899954938,39.49923499998258],[-76.64754699967422,39.49996699992407],[-76.6490259997179,39.500587999961255],[-76.64944599980899,39.50156100041033],[-76.65738799950473,39.50715899986597],[-76.65844399990502,39.50935799976674],[-76.65977500019699,39.51057899993049],[-76.66017700042741,39.51259800030203],[-76.66085300012776,39.512808999777796],[-76.66171899949484,39.511523000370694],[-76.66123300006959,39.510497000041774],[-76.66326099957014,39.50948800030011],[-76.66467100046971,39.510347000351814],[-76.66493799968896,39.511389000284154],[-76.67036699958774,39.51268599975197],[-76.67594800007222,39.51530700010865],[-76.67701699988498,39.51473700026261],[-76.6779049994857,39.51301200007198],[-76.67596900012644,39.51211100037719],[-76.67616399953124,39.51106900003393],[-76.67691300006317,39.51063999968138],[-76.67640699962155,39.50989399983673],[-76.67277499979885,39.50755200026226],[-76.67120700031913,39.5071240004219],[-76.66890899989929,39.50513099955578],[-76.6679860004011,39.495090000394704],[-76.66751600001314,39.49512200027649],[-76.66647600039342,39.48788099972087],[-76.6618879999009,39.466732000048104],[-76.6603760003399,39.464191000230116],[-76.6572020000536,39.460974999762506],[-76.64673999981277,39.45466399989074],[-76.65331500024831,39.452940000084084],[-76.65749399934388,39.453550000239964],[-76.65747299955706,39.452400999905585],[-76.65681999997742,39.451591000339256],[-76.65739699969033,39.45108999999529],[-76.66122300001098,39.45047500020247],[-76.66501700025636,39.44878100030382],[-76.66177899978693,39.44112600016769],[-76.66152800032053,39.43651900002438],[-76.66270699947535,39.43383999980584],[-76.66689099944341,39.431052000242765],[-76.66631800019076,39.42644000002841],[-76.67210900046791,39.42629199972929],[-76.67039800046744,39.42071399965006],[-76.67433999997031,39.42104799985956],[-76.690934999786,39.42537399977321],[-76.69502099972945,39.42980800011315],[-76.70408199939803,39.43467700007055],[-76.71080399952388,39.43722299996676],[-76.7186679998393,39.446055000136276],[-76.72069899996349,39.44768300016149],[-76.72389900011858,39.44919399956362],[-76.72938100024112,39.458123999659],[-76.73242299991435,39.45989800036725],[-76.7288260000768,39.46356400013689],[-76.72932799982823,39.465104999886385],[-76.7343690002125,39.46922800003962],[-76.73322599957471,39.476428000202915],[-76.73421100042033,39.47726299963963],[-76.73608800044211,39.48076700005271],[-76.73781899953494,39.49061400019007],[-76.74014299952668,39.495115999567076],[-76.73934699962263,39.49780799949703],[-76.74254400034998,39.50450500047932],[-76.75095199951372,39.507216000020385],[-76.75328099945973,39.519040000364235],[-76.75478999968102,39.52270000030928],[-76.75053900047587,39.523191000019246],[-76.74184000039249,39.52733299976223],[-76.73415400031476,39.53131899976824],[-76.72923500011757,39.53514799968148],[-76.72810300042423,39.53552899968989],[-76.72674799976406,39.533731999869175],[-76.72509999974217,39.534039999846236],[-76.72419700000236,39.534961000219816],[-76.72193400046572,39.53516499979057],[-76.71959700006778,39.540207000032325],[-76.71553399955774,39.54272699979438],[-76.71608899967138,39.54325400015632],[-76.71599299967309,39.54533900026377],[-76.71675699972711,39.548603999843735],[-76.71276800022368,39.55251400036256],[-76.70785000038698,39.55581800014528],[-76.70830499999465,39.558367999647714],[-76.7064850002985,39.561957000407546],[-76.70253899968755,39.563012999784256],[-76.69254800025575,39.56362699961267],[-76.69035099935732,39.5643960001888],[-76.68921400043502,39.56570399979754],[-76.67802900016187,39.56562100023531],[-76.67041999965659,39.56227699993084],[-76.66442600047819,39.564058000197704],[-76.65967600042376,39.56465399967684],[-76.65573899960432,39.56398899981987],[-76.65862399980631,39.5711610002765],[-76.65677700016477,39.5748820002723],[-76.65237099982403,39.57694800003463],[-76.64973400040739,39.57727100046715],[-76.64415199988873,39.5749890003554],[-76.6385740003671,39.57913900007778],[-76.63487399963164,39.580112000142556],[-76.63310499985154,39.58121500042656],[-76.62905199999273,39.580841999648534],[-76.62804899993124,39.58170199964881],[-76.62420699980211,39.581464000393616],[-76.6195819995946,39.57869500006627],[-76.61790499991073,39.57876599977269]]]}},{"id":"387","type":"Feature","properties":{"GISJOIN":"G24000508002500","pct_black":5.82},"geometry":{"type":"Polygon","coordinates":[[[-76.61496599973235,39.505205999992825],[-76.6103250000388,39.501110999716396],[-76.6111069996652,39.499691999866755],[-76.60951299965485,39.49704099980611],[-76.60937300026855,39.49482199968737],[-76.60707600018863,39.49413799969459],[-76.60603499951466,39.4927700000792],[-76.60870100008046,39.491046999587255],[-76.6103249997392,39.487605000179606],[-76.61287300045504,39.486179999719766],[-76.61309599945241,39.48435200003746],[-76.61632699975193,39.479326000043116],[-76.61727400050026,39.475587999785645],[-76.62050799955824,39.47355599949506],[-76.62177600030492,39.473574000309796],[-76.62370736969747,39.47172461571519],[-76.62664599987602,39.47100900009193],[-76.62730399957103,39.469643999993295],[-76.63016178936834,39.46987733480937],[-76.63144400029194,39.46873599978584],[-76.63340973021572,39.46868966731643],[-76.63567700043863,39.470748000105544],[-76.63752400033589,39.471123000332476],[-76.63893100051888,39.47243200000348],[-76.64291400025431,39.473643000107494],[-76.64408699981676,39.47353199988035],[-76.64474799946285,39.474134999955886],[-76.64410573167541,39.46302233195743],[-76.63938104740694,39.45553792335361],[-76.64673999981277,39.45466399989074],[-76.6572020000536,39.460974999762506],[-76.6603760003399,39.464191000230116],[-76.6618879999009,39.466732000048104],[-76.66647600039342,39.48788099972087],[-76.66751600001314,39.49512200027649],[-76.6679860004011,39.495090000394704],[-76.66890899989929,39.50513099955578],[-76.67120700031913,39.5071240004219],[-76.67568699982587,39.509174000196985],[-76.67691300006317,39.51063999968138],[-76.67616399953124,39.51106900003393],[-76.67596900012644,39.51211100037719],[-76.67791300026722,39.513229000096636],[-76.67701699988498,39.51473700026261],[-76.67594800007222,39.51530700010865],[-76.67036699958774,39.51268599975197],[-76.66481000012179,39.511331999822254],[-76.66467100046971,39.510347000351814],[-76.66326099957014,39.50948800030011],[-76.66123300006959,39.510497000041774],[-76.66171899949484,39.511523000370694],[-76.66053599939917,39.51282600028441],[-76.65977500019699,39.51057899993049],[-76.65844399990502,39.50935799976674],[-76.65738799950473,39.50715899986597],[-76.64944599980899,39.50156100041033],[-76.6490259997179,39.500587999961255],[-76.64754699967422,39.49996699992407],[-76.64758899954938,39.49923499998258],[-76.64647700013472,39.49813899976681],[-76.64259999988289,39.49531500005211],[-76.64419600016869,39.49499600011486],[-76.64480600047962,39.49361299986048],[-76.64421899977532,39.49329100017754],[-76.64292900014655,39.49380900047258],[-76.64218199969325,39.49508799966882],[-76.64258199983264,39.49662600011946],[-76.64079500044978,39.49845799975589],[-76.63599899989465,39.50040200001232],[-76.63169099951853,39.50142399959414],[-76.62358000018331,39.50113399975972],[-76.61816200002094,39.50440600009363],[-76.61496599973235,39.505205999992825]]]}},{"id":"388","type":"Feature","properties":{"GISJOIN":"G24000508002610","pct_black":0.15},"geometry":{"type":"Polygon","coordinates":[[[-76.55728999967911,39.44930599964515],[-76.5605620002862,39.445862999968384],[-76.56958999970082,39.4416060001814],[-76.58098300019704,39.434705999876925],[-76.58749100053178,39.43290599966859],[-76.58909099974943,39.430806000369415],[-76.59485199939004,39.42728500019978],[-76.59592900004665,39.42575799981316],[-76.59676700001424,39.42548400008755],[-76.59660699988851,39.425859999571266],[-76.59977799959108,39.42872999958633],[-76.60346199988689,39.430334999975535],[-76.60478299973921,39.43225199999488],[-76.60500699961278,39.437253000073184],[-76.60703399939872,39.446384000289754],[-76.61986600029064,39.4457430003624],[-76.62481300021712,39.44136399980055],[-76.63013699945883,39.43962100006496],[-76.63591721036516,39.44867473425957],[-76.63835000597194,39.45334067299547],[-76.63881899968843,39.45552299974818],[-76.64019199967913,39.45640500029868],[-76.64382920975649,39.462155362803756],[-76.64435600027065,39.46389099968742],[-76.6439889993646,39.46481200019617],[-76.64474799946285,39.474134999955886],[-76.64408699981676,39.47353199988035],[-76.64291400025431,39.473643000107494],[-76.63893100051888,39.47243200000348],[-76.63752400033589,39.471123000332476],[-76.63567700043863,39.470748000105544],[-76.63340973021572,39.46868966731643],[-76.63144400029194,39.46873599978584],[-76.63016178936834,39.46987733480937],[-76.62730399957103,39.469643999993295],[-76.62664599987602,39.47100900009193],[-76.62370736969747,39.47172461571519],[-76.62177600030492,39.473574000309796],[-76.62050799955824,39.47355599949506],[-76.61727400050026,39.475587999785645],[-76.61632699975193,39.479326000043116],[-76.61309599945241,39.48435200003746],[-76.61294099963894,39.486063000056674],[-76.6103249997392,39.487605000179606],[-76.60972899955438,39.48859500011],[-76.59788899998841,39.48671400011736],[-76.5932599993978,39.48688400021806],[-76.58444199994095,39.484687999809466],[-76.58307999999862,39.48423900039656],[-76.5821970005616,39.4754829996929],[-76.58439000004972,39.46955499971878],[-76.58247599969577,39.463699000057794],[-76.58087300034184,39.46310999991079],[-76.5798340005035,39.460159999837224],[-76.58060399969942,39.45244899969069],[-76.55728999967911,39.44930599964515]]]}},{"id":"389","type":"Feature","properties":{"GISJOIN":"G24000508002620","pct_black":0.04},"geometry":{"type":"Polygon","coordinates":[[[-76.59660699988851,39.425859999571266],[-76.59710600030795,39.4244720004316],[-76.59942699993601,39.425408000054404],[-76.60237400038116,39.425026000299454],[-76.61662899983654,39.420477999982644],[-76.62151600033444,39.43013400000789],[-76.62706800000568,39.42856800016659],[-76.62891600019523,39.436961999590515],[-76.63013699945883,39.43962100006496],[-76.62481300021712,39.44136399980055],[-76.61986600029064,39.4457430003624],[-76.60703399939872,39.446384000289754],[-76.60500699961278,39.437253000073184],[-76.60478299973921,39.43225199999488],[-76.60346199988689,39.430334999975535],[-76.59977799959108,39.42872999958633],[-76.59660699988851,39.425859999571266]]]}},{"id":"390","type":"Feature","properties":{"GISJOIN":"G24000508002710","pct_black":1.24},"geometry":{"type":"Polygon","coordinates":[[[-76.63013699945883,39.43962100006496],[-76.6340679998182,39.43807099981103],[-76.6336829993981,39.43505200006916],[-76.6341059994667,39.432543000056185],[-76.63883699960078,39.42259800011127],[-76.63895200052949,39.421255999892026],[-76.64000399977613,39.41998400021553],[-76.6362239996295,39.41920099957726],[-76.64281500004078,39.41459499981048],[-76.6452469996143,39.40922700004277],[-76.6524759995957,39.40903200015497],[-76.6539210003521,39.40947500019556],[-76.66122799990617,39.41467000002839],[-76.66867499978464,39.418721000194886],[-76.67009599944265,39.4200039999604],[-76.67210900046791,39.42629199972929],[-76.66631800019076,39.42644000002841],[-76.66689099944341,39.431052000242765],[-76.66270699947535,39.43383999980584],[-76.66152800032053,39.43651900002438],[-76.66177899978693,39.44112600016769],[-76.66505099955005,39.448729000085635],[-76.66122300001098,39.45047500020247],[-76.65739699969033,39.45108999999529],[-76.65681999997742,39.451591000339256],[-76.65747299955706,39.452400999905585],[-76.65749399934388,39.453550000239964],[-76.65331500024831,39.452940000084084],[-76.64980599933538,39.453518000298374],[-76.64513700023208,39.45518199961894],[-76.63881899968843,39.45552299974818],[-76.63835000597194,39.45334067299547],[-76.63591721036516,39.44867473425957],[-76.63013699945883,39.43962100006496]]]}},{"id":"391","type":"Feature","properties":{"GISJOIN":"G24000508002720","pct_black":5.79},"geometry":{"type":"Polygon","coordinates":[[[-76.61662899983654,39.420477999982644],[-76.62257000035711,39.42026800004923],[-76.62691699991433,39.41789799996095],[-76.62901500052305,39.41791399964397],[-76.63046399946363,39.413455000111824],[-76.6431470005538,39.412873000129444],[-76.6442740005928,39.41160099966757],[-76.64440899992952,39.4091810000607],[-76.6452469996143,39.40922700004277],[-76.64453299956581,39.4115139996073],[-76.64281500004078,39.41459499981048],[-76.6362239996295,39.41920099957726],[-76.64000399977613,39.41998400021553],[-76.63895200052949,39.421255999892026],[-76.63883699960078,39.42259800011127],[-76.6341059994667,39.432543000056185],[-76.6336829993981,39.43505200006916],[-76.6340679998182,39.43807099981103],[-76.63013699945883,39.43962100006496],[-76.62891600019523,39.436961999590515],[-76.62706800000568,39.42856800016659],[-76.62151600033444,39.43013400000789],[-76.61662899983654,39.420477999982644]]]}},{"id":"392","type":"Feature","properties":{"GISJOIN":"G24000509002810","pct_black":2.86},"geometry":{"type":"Polygon","coordinates":[[[-76.59710600030795,39.4244720004316],[-76.60049699979065,39.413106000333705],[-76.60993300021104,39.41399900027216],[-76.61891900032194,39.41299699993136],[-76.62926500047264,39.41698199990356],[-76.62901500052305,39.41791399964397],[-76.62691699991433,39.41789799996095],[-76.62257000035711,39.42026800004923],[-76.61549000048917,39.42062800033423],[-76.60208700039176,39.42509399989589],[-76.59942699993601,39.425408000054404],[-76.59710600030795,39.4244720004316]]]}},{"id":"393","type":"Feature","properties":{"GISJOIN":"G24000509002820","pct_black":0.67},"geometry":{"type":"Polygon","coordinates":[[[-76.53651100010947,39.42155500003839],[-76.53844299968951,39.42049099961728],[-76.54174100034044,39.4172969998705],[-76.54602900039298,39.414475000243726],[-76.55159200052225,39.40934599975263],[-76.5546239993447,39.40730900021565],[-76.55939999978047,39.40516600017802],[-76.56872300020812,39.40212099989714],[-76.58293100043696,39.41197899995055],[-76.58591400011008,39.41346500040762],[-76.59204400050446,39.41437700018883],[-76.60049699979065,39.413106000333705],[-76.59676700001424,39.42548400008755],[-76.59592900004665,39.42575799981316],[-76.59490599998088,39.427244000104935],[-76.58909099974943,39.430806000369415],[-76.58749100053178,39.43290599966859],[-76.58098300019704,39.434705999876925],[-76.56958999970082,39.4416060001814],[-76.5605620002862,39.445862999968384],[-76.55728999967911,39.44930599964515],[-76.55646200058027,39.44717900005693],[-76.55606200012751,39.44140200015121],[-76.55538900033517,39.43990599995384],[-76.55128900023642,39.44220600037441],[-76.54848900038377,39.44300599985342],[-76.54528899994295,39.44140599959106],[-76.54358899993063,39.439506000131686],[-76.54298899947818,39.43510599998036],[-76.543787999803,39.430704999688054],[-76.54348900021571,39.426305999862365],[-76.54024699938586,39.42488900015542],[-76.53771500021607,39.4223089998195],[-76.538101000199,39.42213000023918],[-76.53651100010947,39.42155500003839]]]}},{"id":"394","type":"Feature","properties":{"GISJOIN":"G24000509002830","pct_black":0.57},"geometry":{"type":"Polygon","coordinates":[[[-76.56872300020812,39.40212099989714],[-76.57689800018593,39.39965399985341],[-76.5799040002342,39.4001979997928],[-76.58524199973945,39.4024889995402],[-76.58798998994207,39.39932018286277],[-76.59750300019563,39.402091999730324],[-76.60259600034671,39.4016550003994],[-76.62344999935402,39.41006100033496],[-76.62853600033237,39.41135099982533],[-76.63083299940722,39.41141400026099],[-76.62926500047264,39.41698199990356],[-76.61836999955577,39.41292800008437],[-76.6111039999911,39.413957000055895],[-76.60016000055145,39.41310199991769],[-76.593035999952,39.4143050001492],[-76.58902599975997,39.41421600013314],[-76.58330099985227,39.41221299992654],[-76.56872300020812,39.40212099989714]]]}},{"id":"395","type":"Feature","properties":{"GISJOIN":"G24000509002910","pct_black":1.84},"geometry":{"type":"Polygon","coordinates":[[[-76.6452469996143,39.40922700004277],[-76.64573200016693,39.40567700015538],[-76.6449909993438,39.39529500032056],[-76.64449900020432,39.39412600018645],[-76.6416209996945,39.39191700003888],[-76.64102799999584,39.38962000032785],[-76.64264800001997,39.38692300022567],[-76.6432589995841,39.382895999760166],[-76.6444460002249,39.379614999947904],[-76.65092200022625,39.37586600019767],[-76.65149899945169,39.38005700002088],[-76.65707700015375,39.383384999941754],[-76.65860299974483,39.38490199990175],[-76.65972500006876,39.389489999834886],[-76.66286699964839,39.39568999983432],[-76.664881999563,39.39684099985707],[-76.66788300038338,39.40094600022036],[-76.66770300019809,39.41519900024433],[-76.67009599944265,39.4200039999604],[-76.66867499978464,39.418721000194886],[-76.66122799990617,39.41467000002839],[-76.6539210003521,39.40947500019556],[-76.6524759995957,39.40903200015497],[-76.6452469996143,39.40922700004277]]]}},{"id":"396","type":"Feature","properties":{"GISJOIN":"G24000509002920","pct_black":1.18},"geometry":{"type":"Polygon","coordinates":[[[-76.62019400035273,39.40866200016234],[-76.62367200039048,39.40515299997963],[-76.62600100009224,39.401663000090664],[-76.62600800040441,39.3992679998423],[-76.62286830540918,39.39857956021353],[-76.62415399985879,39.39699299962006],[-76.6241869998459,39.396193000418485],[-76.6277970004729,39.39473099974884],[-76.6282500006186,39.393558999695415],[-76.62827000038634,39.3899279996274],[-76.62488999989336,39.38827999966632],[-76.6242259994842,39.387096000287784],[-76.62751799968552,39.38252799957249],[-76.62619300024068,39.37201700011538],[-76.64980300006816,39.37210400042418],[-76.65092200022625,39.37586600019767],[-76.6444460002249,39.379614999947904],[-76.6432589995841,39.382895999760166],[-76.64264800001997,39.38692300022567],[-76.64102799999584,39.38962000032785],[-76.6416209996945,39.39191700003888],[-76.64468399944145,39.394374000170195],[-76.6453179998071,39.39727999984845],[-76.64570899957589,39.4063719998966],[-76.6452469996143,39.40922700004277],[-76.64440899992952,39.4091810000607],[-76.64435500010883,39.41129799968749],[-76.64370100011276,39.412518999910816],[-76.64151000018109,39.41320700039021],[-76.63046399946363,39.413455000111824],[-76.63083299940722,39.41141400026099],[-76.62746800022987,39.41110700034654],[-76.62019400035273,39.40866200016234]]]}},{"id":"397","type":"Feature","properties":{"GISJOIN":"G24000509003010","pct_black":0.04},"geometry":{"type":"Polygon","coordinates":[[[-76.61105500040908,39.38347100014412],[-76.61663999974488,39.38292399953481],[-76.62285100050293,39.379504999904455],[-76.61932299994133,39.37561699972077],[-76.61834400002,39.37203400023924],[-76.62619300024068,39.37201700011538],[-76.62751799968552,39.38252799957249],[-76.62648100006223,39.384497000329716],[-76.62442800034968,39.386360000488196],[-76.62055700019728,39.386147000155525],[-76.62063600033134,39.38297500050654],[-76.61708999976216,39.38620499967457],[-76.61579000044645,39.38520500020401],[-76.61279000021895,39.384805000437204],[-76.61105500040908,39.38347100014412]]]}},{"id":"398","type":"Feature","properties":{"GISJOIN":"G24000509003020","pct_black":1.55},"geometry":{"type":"Polygon","coordinates":[[[-76.60595000000978,39.38776399989166],[-76.6096950004581,39.37419400048673],[-76.60977799948405,39.372201999760534],[-76.61387499983746,39.3717619996401],[-76.61834400002,39.37203400023924],[-76.61932299994133,39.37561699972077],[-76.62285100050293,39.379504999904455],[-76.61663999974488,39.38292399953481],[-76.61105500040908,39.38347100014412],[-76.6130340002385,39.38721499968665],[-76.61314000041949,39.38938400040424],[-76.61050900000615,39.38930899995435],[-76.60595000000978,39.38776399989166]]]}},{"id":"399","type":"Feature","properties":{"GISJOIN":"G24000509003100","pct_black":6.67},"geometry":{"type":"Polygon","coordinates":[[[-76.60595000000978,39.38776399989166],[-76.60844899995523,39.3882740000277],[-76.61050900000615,39.38930899995435],[-76.61314000041949,39.38938400040424],[-76.6130340002385,39.38721499968665],[-76.61105500040908,39.38347100014412],[-76.61279000021895,39.384805000437204],[-76.61579000044645,39.38520500020401],[-76.61708999976216,39.38620499967457],[-76.62063600033134,39.38297500050654],[-76.62055700019728,39.386147000155525],[-76.62442800034968,39.386360000488196],[-76.62460700002464,39.38803600024287],[-76.62827000038634,39.3899279996274],[-76.62811099970628,39.394149999641115],[-76.62710099974274,39.39514299957394],[-76.6241869998459,39.396193000418485],[-76.62415399985879,39.39699299962006],[-76.62286830540918,39.39857956021353],[-76.61504657597581,39.396424290105976],[-76.61435399958903,39.397390999969225],[-76.61124199978671,39.39713000009353],[-76.6107944633543,39.39228847535462],[-76.6124879995197,39.39102700035606],[-76.6125869996172,39.38968799949452],[-76.60916699950786,39.389275999709476],[-76.60595000000978,39.38776399989166]]]}},{"id":"400","type":"Feature","properties":{"GISJOIN":"G24000509003200","pct_black":1.09},"geometry":{"type":"Polygon","coordinates":[[[-76.60211300008714,39.40189600039593],[-76.60595000000978,39.38776399989166],[-76.60916699950786,39.389275999709476],[-76.6125869996172,39.38968799949452],[-76.6124879995197,39.39102700035606],[-76.6107944633543,39.39228847535462],[-76.61124199978671,39.39713000009353],[-76.61435399958903,39.397390999969225],[-76.61504657597581,39.396424290105976],[-76.6260740004496,39.39946500033873],[-76.62600100009224,39.401663000090664],[-76.62490400023617,39.403494000358265],[-76.62019400035273,39.40866200016234],[-76.60750199955619,39.4033640002908],[-76.60259600034671,39.4016550003994],[-76.60211300008714,39.40189600039593]]]}},{"id":"401","type":"Feature","properties":{"GISJOIN":"G24000509003310","pct_black":20.1},"geometry":{"type":"Polygon","coordinates":[[[-76.59530000017654,39.40173199992997],[-76.58675800020261,39.39900600047278],[-76.58898797567876,39.39552243807218],[-76.58887599963509,39.394552999792694],[-76.60386400007556,39.39526700039098],[-76.60211300008714,39.40189600039593],[-76.59530000017654,39.40173199992997]]]}},{"id":"402","type":"Feature","properties":{"GISJOIN":"G24000509003320","pct_black":0.05},"geometry":{"type":"Polygon","coordinates":[[[-76.59047899980844,39.3867230003126],[-76.59782699971082,39.3842839997487],[-76.60703200020947,39.38386899997295],[-76.60386400007556,39.39526700039098],[-76.58887599963509,39.394552999792694],[-76.59006499999461,39.39351199983426],[-76.59047899980844,39.3867230003126]]]}},{"id":"403","type":"Feature","properties":{"GISJOIN":"G24000509003410","pct_black":0.05},"geometry":{"type":"Polygon","coordinates":[[[-76.58455599967299,39.37389699996749],[-76.58806199983351,39.375342000003656],[-76.60851700036737,39.37838900015276],[-76.60703200020947,39.38386899997295],[-76.59782699971082,39.3842839997487],[-76.59473300014336,39.385376999942004],[-76.5940580002789,39.38330499971659],[-76.59289299972997,39.38281299975039],[-76.59287900044637,39.382240999868316],[-76.59076400038741,39.380601999889585],[-76.59087499989985,39.37908399965947],[-76.58797499972248,39.3777509995425],[-76.58768900013767,39.377081999845025],[-76.58655500036336,39.37691200007981],[-76.58455599967299,39.37389699996749]]]}},{"id":"404","type":"Feature","properties":{"GISJOIN":"G24000509003420","pct_black":0.18},"geometry":{"type":"Polygon","coordinates":[[[-76.58455599967299,39.37389699996749],[-76.58345699998486,39.37211000036005],[-76.59787899990553,39.37180799998422],[-76.60977799948405,39.372201999760534],[-76.60851700036737,39.37838900015276],[-76.58806199983351,39.375342000003656],[-76.58455599967299,39.37389699996749]]]}},{"id":"405","type":"Feature","properties":{"GISJOIN":"G24000509003510","pct_black":0.83},"geometry":{"type":"Polygon","coordinates":[[[-76.56548899980312,39.39164099964764],[-76.57431500006169,39.38737300011144],[-76.5767629994418,39.38519300030337],[-76.58676600030984,39.393371000056185],[-76.58887599963509,39.394552999792694],[-76.58898797567876,39.39552243807218],[-76.58675800020261,39.39900600047278],[-76.58798998994207,39.39932018286277],[-76.58524199973945,39.4024889995402],[-76.5799040002342,39.4001979997928],[-76.57650299979096,39.39965299989161],[-76.57161299978752,39.400906000321655],[-76.56729299996293,39.4027169998218],[-76.56418199987614,39.399080999756855],[-76.5632149999856,39.3968750001755],[-76.56352700010957,39.393988999749276],[-76.56548899980312,39.39164099964764]]]}},{"id":"406","type":"Feature","properties":{"GISJOIN":"G24000509003520","pct_black":0.0},"geometry":{"type":"Polygon","coordinates":[[[-76.5767629994418,39.38519300030337],[-76.5796429998976,39.38055700008073],[-76.5797190002283,39.37523099973175],[-76.58220800046479,39.372106000105234],[-76.58345699998486,39.37211000036005],[-76.58602299972286,39.37644199989385],[-76.5910609998473,39.37930099992146],[-76.59076400038741,39.380601999889585],[-76.59287900044637,39.382240999868316],[-76.59289299972997,39.38281299975039],[-76.5940580002789,39.38330499971659],[-76.59473300014336,39.385376999942004],[-76.59047899980844,39.3867230003126],[-76.59006499999461,39.39351199983426],[-76.58887599963509,39.394552999792694],[-76.58676600030984,39.393371000056185],[-76.5767629994418,39.38519300030337]]]}},{"id":"407","type":"Feature","properties":{"GISJOIN":"G24000509003610","pct_black":0.0},"geometry":{"type":"Polygon","coordinates":[[[-76.55475700044545,39.39925700002913],[-76.55734100026861,39.39295600021829],[-76.55839299972133,39.38848599966128],[-76.55935299945695,39.38865299979862],[-76.55946199959584,39.38946900008534],[-76.56548899980312,39.39164099964764],[-76.56352700010957,39.393988999749276],[-76.5632149999856,39.3968750001755],[-76.56418199987614,39.399080999756855],[-76.56729299996293,39.4027169998218],[-76.55871999961253,39.40551099963207],[-76.55892199946875,39.40479399985805],[-76.55823900058176,39.40403800000501],[-76.55623899970746,39.40345799956657],[-76.55507399986465,39.40089099962078],[-76.55579499985843,39.40017299958325],[-76.55475700044545,39.39925700002913]]]}},{"id":"408","type":"Feature","properties":{"GISJOIN":"G24000509003620","pct_black":0.0},"geometry":{"type":"Polygon","coordinates":[[[-76.55839299972133,39.38848599966128],[-76.55886899975486,39.38118100022661],[-76.56686699963122,39.38281299984832],[-76.57167400008956,39.38316800044687],[-76.5767629994418,39.38519300030337],[-76.57431500006169,39.38737300011144],[-76.56548899980312,39.39164099964764],[-76.55946199959584,39.38946900008534],[-76.55935299945695,39.38865299979862],[-76.55839299972133,39.38848599966128]]]}},{"id":"409","type":"Feature","properties":{"GISJOIN":"G24000509003630","pct_black":0.0},"geometry":{"type":"Polygon","coordinates":[[[-76.55886899975486,39.38118100022661],[-76.55905400019215,39.37838399997103],[-76.55985599999144,39.37677500006513],[-76.55976699960361,39.37281400013476],[-76.55924100059684,39.372078999936974],[-76.58220800046479,39.372106000105234],[-76.5797190002283,39.37523099973175],[-76.5796429998976,39.38055700008073],[-76.5767629994418,39.38519300030337],[-76.57167400008956,39.38316800044687],[-76.56686699963122,39.38281299984832],[-76.55886899975486,39.38118100022661]]]}},{"id":"410","type":"Feature","properties":{"GISJOIN":"G24000509004000","pct_black":0.0},"geometry":{"type":"Polygon","coordinates":[[[-76.50249300003509,39.42196699992545],[-76.50672700023733,39.41946999996946],[-76.50758800003763,39.41767399999691],[-76.50914899976445,39.41653199973822],[-76.51044199984831,39.41447200040226],[-76.5109969999749,39.41223500032082],[-76.5228960004611,39.39539400010611],[-76.52596600032813,39.39327399971624],[-76.5344840001549,39.38346199992163],[-76.53699500019945,39.38577200024569],[-76.54374899970227,39.39032599977372],[-76.54249599947194,39.39438800010207],[-76.54278399984089,39.39680899958765],[-76.54465999959815,39.39925600000779],[-76.54984899952602,39.40051300024729],[-76.55486200026844,39.39923299963322],[-76.55519100001484,39.400102999773544],[-76.55579499985843,39.40017299958325],[-76.55507399986465,39.40089099962078],[-76.55623899970746,39.40345799956657],[-76.55806099987144,39.4039170002378],[-76.55892199946875,39.40479399985805],[-76.55871999961253,39.40551099963207],[-76.55180299962174,39.40918400038828],[-76.53844299968951,39.42049099961728],[-76.52935600024436,39.424914999746534],[-76.529043999764,39.42525699986779],[-76.52957499974977,39.42659800001823],[-76.52758500055434,39.42817299975444],[-76.52136600043454,39.43115599971908],[-76.51774700050987,39.431553999770685],[-76.51511499968612,39.42907599954002],[-76.51220199995763,39.42477399976846],[-76.50249300003509,39.42196699992545]]]}},{"id":"411","type":"Feature","properties":{"GISJOIN":"G24000509004110","pct_black":0.0},"geometry":{"type":"Polygon","coordinates":[[[-76.54249599947194,39.39438800010207],[-76.54450300015617,39.387204000406236],[-76.54338500029422,39.380986999841355],[-76.5465980002714,39.37570300012584],[-76.55886899975486,39.38118100022661],[-76.5582059999832,39.390213000149636],[-76.55475700044545,39.39925700002913],[-76.54984899952602,39.40051300024729],[-76.54465999959815,39.39925600000779],[-76.54278399984089,39.39680899958765],[-76.54249599947194,39.39438800010207]]]}},{"id":"412","type":"Feature","properties":{"GISJOIN":"G24000509004120","pct_black":0.02},"geometry":{"type":"Polygon","coordinates":[[[-76.5344840001549,39.38346199992163],[-76.54424299974922,39.37218099960259],[-76.55924100059684,39.372078999936974],[-76.55970099959286,39.372598000206494],[-76.55985599999144,39.37677500006513],[-76.55905400019215,39.37838399997103],[-76.55886899975486,39.38118100022661],[-76.5465980002714,39.37570300012584],[-76.54338500029422,39.380986999841355],[-76.54450300015617,39.387204000406236],[-76.54374899970227,39.39032599977372],[-76.53699500019945,39.38577200024569],[-76.5344840001549,39.38346199992163]]]}}]}