{"type":"FeatureCollection","features":[{"id":"104","type":"Feature","properties":{"GISJOIN":"G240510000011","pct_black":0.0},"geometry":{"type":"MultiPolygon","coordinates":[[[[-76.57044253694542,39.26444574909121],[-76.57037991111581,39.262112492175866],[-76.57175781739159,39.262075399343296],[-76.57136399951744,39.26246499984595],[-76.57193399991701,39.263499000436134],[-76.5712530004458,39.26368300027617],[-76.57138799979738,39.264405000409226],[-76.57044253694542,39.26444574909121]]],[[[-76.57046282690551,39.26495539910628],[-76.57204000031291,39.26473200050317],[-76.57205500032778,39.26491299996147],[-76.57046282690551,39.26495539910628]]],[[[-76.57054505410521,39.26691543077366],[-76.57050356248595,39.26591737661525],[-76.57140000030853,39.265882999677764],[-76.57180199943849,39.266559000263754],[-76.57089900014955,39.266831000345924],[-76.57274900010225,39.26690999994797],[-76.57054505410521,39.26691543077366]]],[[[-76.57058463628611,39.267936580590174],[-76.57276299971949,39.267854000342616],[-76.57283600009013,39.26846100032422],[-76.57060463005475,39.268487754979944],[-76.57058463628611,39.267936580590174]]],[[[-76.5706612058954,39.27015446281561],[-76.57232100030977,39.2697510002657],[-76.57232799986565,39.27007699972074],[-76.5706612058954,39.27015446281561]]],[[[-76.57070673406278,39.271671956976455],[-76.57255900051248,39.271459999974745],[-76.57255899991145,39.27161200033342],[-76.57070673406278,39.271671956976455]]],[[[-76.57072287306313,39.272229232224454],[-76.5718499996256,39.27205699978554],[-76.5718520004155,39.27218000000995],[-76.57072287306313,39.272229232224454]]],[[[-76.57131299976237,39.272779000144354],[-76.5715069995599,39.273939000266466],[-76.5707853322187,39.27434809139263],[-76.57073657329728,39.27279716683885],[-76.57131299976237,39.272779000144354]]],[[[-76.57097799990748,39.27634500032853],[-76.57085169480253,39.27500951099517],[-76.57268700032814,39.275007000504914],[-76.5719869997048,39.275405999910014],[-76.57097799990748,39.27634500032853]]],[[[-76.57097799990748,39.27634500032853],[-76.57561499989036,39.27721300029904],[-76.57614700065362,39.27673299974793],[-76.57532100042393,39.278216000402175],[-76.57674000051303,39.27853400019356],[-76.57708999989659,39.284206999829095],[-76.5713960000328,39.284422999632575],[-76.57097799990748,39.27634500032853]]]]}},{"id":"105","type":"Feature","properties":{"GISJOIN":"G240510000012","pct_black":0.0},"geometry":{"type":"Polygon","coordinates":[[[-76.57195400045075,39.29239600031129],[-76.5713960000328,39.284422999632575],[-76.57708999989659,39.284206999829095],[-76.57724199945748,39.28624200023921],[-76.57581400042213,39.28629999964164],[-76.57617400044415,39.292232000111206],[-76.57195400045075,39.29239600031129]]]}},{"id":"106","type":"Feature","properties":{"GISJOIN":"G240510000013","pct_black":0.0},"geometry":{"type":"Polygon","coordinates":[[[-76.57724199945748,39.28624200023921],[-76.57704299988939,39.28320999955724],[-76.5823440002026,39.282995999865754],[-76.58422200017212,39.28403000002727],[-76.58472200004255,39.29189099985554],[-76.57617400044415,39.292232000111206],[-76.57581400042213,39.28629999964164],[-76.57724199945748,39.28624200023921]]]}},{"id":"107","type":"Feature","properties":{"GISJOIN":"G240510000014","pct_black":0.0},"geometry":{"type":"Polygon","coordinates":[[[-76.57704299988939,39.28320999955724],[-76.57674000051303,39.27853400019356],[-76.57532100042393,39.278216000402175],[-76.57614700065362,39.27673299974793],[-76.57838899965822,39.277549999496976],[-76.5789419998536,39.276985000415955],[-76.57929499976058,39.27718599965029],[-76.57892199965099,39.277556999609196],[-76.58034699952383,39.27780899960722],[-76.58036299998906,39.27904300040064],[-76.57964999995602,39.279192999604646],[-76.579919999645,39.280169999844524],[-76.5806150002033,39.27986099972932],[-76.58339300031747,39.2816360001517],[-76.58406799992582,39.28113499973545],[-76.5837550003198,39.281842000129565],[-76.5852990001642,39.28277400016141],[-76.58589199954282,39.28246299955129],[-76.58547100009547,39.28287999998128],[-76.58589199953606,39.2827399999548],[-76.58585099943924,39.283322000253804],[-76.58688900017746,39.283229999812264],[-76.58705599991131,39.28585300015019],[-76.5843319998579,39.28595599953732],[-76.58422200017212,39.28403000002727],[-76.58258700030021,39.2830220001137],[-76.57704299988939,39.28320999955724]]]}},{"id":"108","type":"Feature","properties":{"GISJOIN":"G240510000015","pct_black":0.64},"geometry":{"type":"Polygon","coordinates":[[[-76.5843319998579,39.28595599953732],[-76.58705599991131,39.28585300015019],[-76.58741399963974,39.29181299966381],[-76.58472200004255,39.29189099985554],[-76.5843319998579,39.28595599953732]]]}},{"id":"109","type":"Feature","properties":{"GISJOIN":"G240510000021","pct_black":0.08},"geometry":{"type":"Polygon","coordinates":[[[-76.58705599991131,39.28585300015019],[-76.59011300044565,39.28573500025108],[-76.59046800056844,39.291678999909486],[-76.58741399963974,39.29181299966381],[-76.58705599991131,39.28585300015019]]]}},{"id":"110","type":"Feature","properties":{"GISJOIN":"G240510000022","pct_black":2.44},"geometry":{"type":"Polygon","coordinates":[[[-76.59011300044565,39.28573500025108],[-76.59355700028593,39.28557799969802],[-76.59394399963944,39.29154200039585],[-76.59046800056844,39.291678999909486],[-76.59011300044565,39.28573500025108]]]}},{"id":"111","type":"Feature","properties":{"GISJOIN":"G240510000023","pct_black":0.03},"geometry":{"type":"Polygon","coordinates":[[[-76.58688900017746,39.283229999812264],[-76.58802600040741,39.28330399979801],[-76.58827200051917,39.282426000273716],[-76.58770900028307,39.28213999986994],[-76.58871599967303,39.28206599990399],[-76.588084000326,39.281816000418054],[-76.58858899971206,39.28139000022902],[-76.58732599951848,39.281265000280605],[-76.58727900023196,39.28029999966242],[-76.58782499954808,39.2801370001136],[-76.58714400045571,39.2794540004511],[-76.58760599995516,39.27920599963848],[-76.58859500018835,39.27997699990353],[-76.58939399969557,39.27944899966594],[-76.59041900000749,39.280341000108905],[-76.59082899994668,39.28012699975876],[-76.59118100003204,39.28175299988798],[-76.59181300001933,39.28173000008183],[-76.59177600001684,39.28035899984025],[-76.59229400042332,39.28036699984344],[-76.5923899999078,39.281650999733586],[-76.59295600023371,39.28168400033723],[-76.59296399962325,39.28033299973744],[-76.59322499975006,39.28096199987693],[-76.5942009999454,39.28006900000177],[-76.59460700011846,39.280330000375265],[-76.59433500043151,39.27978900002253],[-76.59510700016264,39.279894999662986],[-76.59535500030775,39.28551000044536],[-76.58705599991131,39.28585300015019],[-76.58688900017746,39.283229999812264]]]}},{"id":"112","type":"Feature","properties":{"GISJOIN":"G240510000031","pct_black":46.88},"geometry":{"type":"Polygon","coordinates":[[[-76.59355700028593,39.28557799969802],[-76.59535500030775,39.28551000044536],[-76.59520100019229,39.283479000002124],[-76.59817199997798,39.28333000032977],[-76.59870100044236,39.291384999924425],[-76.59394399963944,39.29154200039585],[-76.59355700028593,39.28557799969802]]]}},{"id":"113","type":"Feature","properties":{"GISJOIN":"G240510000032","pct_black":26.73},"geometry":{"type":"MultiPolygon","coordinates":[[[[-76.5950790005447,39.277199000093496],[-76.59897699941168,39.276916000086075],[-76.60013700010117,39.27776000005861],[-76.59874299951514,39.27731899979976],[-76.5950790005447,39.277199000093496]]],[[[-76.59870100044236,39.291384999924425],[-76.59817199997798,39.28333000032977],[-76.59520100019229,39.283479000002124],[-76.59527300037992,39.27979500046205],[-76.59456199953199,39.27920500008757],[-76.59536399959457,39.27967599966272],[-76.59643400052883,39.27858100006736],[-76.59650099973722,39.27922899967683],[-76.59959399939785,39.27887800009612],[-76.60065299956695,39.27948899961562],[-76.60028399976176,39.281509999642566],[-76.59676100021804,39.282279999828624],[-76.60292699971546,39.28213500016196],[-76.60491700044918,39.28673199979395],[-76.60365600018704,39.28285299961783],[-76.60400999964969,39.282893999985745],[-76.6051499996371,39.286689000280674],[-76.60510700019346,39.28819400001089],[-76.60614699953052,39.28987399977923],[-76.59870100044236,39.291384999924425]]]]}},{"id":"114","type":"Feature","properties":{"GISJOIN":"G240510000041","pct_black":3.39},"geometry":{"type":"Polygon","coordinates":[[[-76.61016200037548,39.29464500030121],[-76.60949999994908,39.29352399969726],[-76.60677800006098,39.2915250003739],[-76.60510700019346,39.28819400001089],[-76.60400999964969,39.282893999985745],[-76.6047790000083,39.28438300021089],[-76.6052439997476,39.284299999638435],[-76.60505299966125,39.28325200000827],[-76.60603600044817,39.28370899967057],[-76.60633500010773,39.28661699970524],[-76.60676300029404,39.286574999702715],[-76.60659500004999,39.28393400037388],[-76.60737100042172,39.28420200021916],[-76.60766399960436,39.28655799965654],[-76.60808099992916,39.28654199968808],[-76.60792299959859,39.28433399971646],[-76.60861100066963,39.284546999677794],[-76.60877700044551,39.28597099987827],[-76.61074400020868,39.285916000417],[-76.61111400008829,39.28522900039109],[-76.61113800033695,39.286628000038895],[-76.6221289994467,39.28625700003973],[-76.62257100042997,39.29383699986729],[-76.62119899945345,39.2939149998736],[-76.62125899968915,39.29488900029885],[-76.61129493479646,39.29516969034298],[-76.61125500054438,39.29462199986718],[-76.61016200037548,39.29464500030121]]]}},{"id":"115","type":"Feature","properties":{"GISJOIN":"G240510000042","pct_black":88.33},"geometry":{"type":"Polygon","coordinates":[[[-76.6221289994467,39.28625700003973],[-76.6273289997265,39.286065999584146],[-76.63135700043465,39.29345600008232],[-76.62257100042997,39.29383699986729],[-76.6221289994467,39.28625700003973]]]}},{"id":"116","type":"Feature","properties":{"GISJOIN":"G240510000051","pct_black":90.15},"geometry":{"type":"Polygon","coordinates":[[[-76.59759699994169,39.29825100044462],[-76.5971689995757,39.29142799968841],[-76.5999439998109,39.29132100022711],[-76.60605100046568,39.289898999782764],[-76.60703199996105,39.291830999618035],[-76.60628872952826,39.29219634176222],[-76.60373576315874,39.29311352106263],[-76.60300600053156,39.291640999660395],[-76.60161499996009,39.29199200004825],[-76.60191099980663,39.2981070002772],[-76.59759699994169,39.29825100044462]]]}},{"id":"117","type":"Feature","properties":{"GISJOIN":"G240510000052","pct_black":96.26},"geometry":{"type":"Polygon","coordinates":[[[-76.60703199996105,39.291830999618035],[-76.60997699993067,39.294093000055],[-76.60991500060429,39.29637199985946],[-76.61045100022872,39.29775299987489],[-76.60191099980663,39.2981070002772],[-76.60161499996009,39.29199200004825],[-76.60300600053156,39.291640999660395],[-76.60373576315874,39.29311352106263],[-76.60703199996105,39.291830999618035]]]}},{"id":"118","type":"Feature","properties":{"GISJOIN":"G240510000061","pct_black":0.0},"geometry":{"type":"Polygon","coordinates":[[[-76.57238000007752,39.29238100010748],[-76.57762300005946,39.29217799958449],[-76.57795500043622,39.29691100018947],[-76.57259700054458,39.29711499997537],[-76.57238000007752,39.29238100010748]]]}},{"id":"119","type":"Feature","properties":{"GISJOIN":"G240510000062","pct_black":1.04},"geometry":{"type":"Polygon","coordinates":[[[-76.57762300005946,39.29217799958449],[-76.5833250004086,39.29195600043757],[-76.58358499956447,39.29668700033865],[-76.57795500043622,39.29691100018947],[-76.57762300005946,39.29217799958449]]]}},{"id":"120","type":"Feature","properties":{"GISJOIN":"G240510000063","pct_black":6.73},"geometry":{"type":"Polygon","coordinates":[[[-76.5833250004086,39.29195600043757],[-76.58741399963974,39.29181299966381],[-76.5877300001542,39.29651900039228],[-76.58358499956447,39.29668700033865],[-76.5833250004086,39.29195600043757]]]}},{"id":"121","type":"Feature","properties":{"GISJOIN":"G240510000064","pct_black":48.25},"geometry":{"type":"Polygon","coordinates":[[[-76.58741399963974,39.29181299966381],[-76.59177699956366,39.291615999619204],[-76.59203399453921,39.29637801385834],[-76.5877300001542,39.29651900039228],[-76.58741399963974,39.29181299966381]]]}},{"id":"122","type":"Feature","properties":{"GISJOIN":"G240510000065","pct_black":60.01},"geometry":{"type":"Polygon","coordinates":[[[-76.59177699956366,39.291615999619204],[-76.5971689995757,39.29142799968841],[-76.59747500062424,39.29613599990162],[-76.59203399453921,39.29637801385834],[-76.59177699956366,39.291615999619204]]]}},{"id":"123","type":"Feature","properties":{"GISJOIN":"G240510000071","pct_black":0.06},"geometry":{"type":"Polygon","coordinates":[[[-76.57279300006735,39.302720999761455],[-76.57259700054458,39.29711499997537],[-76.57795500043622,39.29691100018947],[-76.57827799982084,39.302548999885545],[-76.57279300006735,39.302720999761455]]]}},{"id":"124","type":"Feature","properties":{"GISJOIN":"G240510000072","pct_black":0.0},"geometry":{"type":"Polygon","coordinates":[[[-76.57795500043622,39.29691100018947],[-76.58358499956447,39.29668700033865],[-76.58390299977978,39.30180699979629],[-76.58535400025146,39.30189699978934],[-76.58535800013468,39.30229700045326],[-76.57827799982084,39.302548999885545],[-76.57795500043622,39.29691100018947]]]}},{"id":"125","type":"Feature","properties":{"GISJOIN":"G240510000073","pct_black":12.22},"geometry":{"type":"Polygon","coordinates":[[[-76.58535800013468,39.30229700045326],[-76.58535400025146,39.30189699978934],[-76.58390299977978,39.30180699979629],[-76.58358499956447,39.29668700033865],[-76.5877300001542,39.29651900039228],[-76.58813500039689,39.30321800006581],[-76.58535800013468,39.30229700045326]]]}},{"id":"126","type":"Feature","properties":{"GISJOIN":"G240510000074","pct_black":95.91},"geometry":{"type":"Polygon","coordinates":[[[-76.58813500039689,39.30321800006581],[-76.58799800037437,39.30075699979223],[-76.59773899995372,39.300401999803405],[-76.59791999939591,39.303106000340684],[-76.58813500039689,39.30321800006581]]]}},{"id":"127","type":"Feature","properties":{"GISJOIN":"G240510000075","pct_black":54.82},"geometry":{"type":"Polygon","coordinates":[[[-76.5877300001542,39.29651900039228],[-76.59747500062424,39.29613599990162],[-76.59773899995372,39.300401999803405],[-76.58799800037437,39.30075699979223],[-76.5877300001542,39.29651900039228]]]}},{"id":"128","type":"Feature","properties":{"GISJOIN":"G240510000081","pct_black":0.03},"geometry":{"type":"Polygon","coordinates":[[[-76.57303999958465,39.33929500038181],[-76.57278167058324,39.32098107855656],[-76.57314499994666,39.31431600037216],[-76.59056999948032,39.31430400022381],[-76.59056699997276,39.315352999733165],[-76.5898810000634,39.31612299995499],[-76.5948870002543,39.31724299980633],[-76.58997800001917,39.32186099985007],[-76.58743300014132,39.323549999958246],[-76.58370200024054,39.32802100030909],[-76.57651699987356,39.33385599983654],[-76.57303999958465,39.33929500038181]]]}},{"id":"129","type":"Feature","properties":{"GISJOIN":"G240510000082","pct_black":77.48},"geometry":{"type":"Polygon","coordinates":[[[-76.57304600052029,39.309338000185974],[-76.58850699957365,39.30867899949798],[-76.5888119998757,39.31434299956256],[-76.57314499994666,39.31431600037216],[-76.57304600052029,39.309338000185974]]]}},{"id":"130","type":"Feature","properties":{"GISJOIN":"G240510000083","pct_black":85.62},"geometry":{"type":"Polygon","coordinates":[[[-76.57279300006735,39.302720999761455],[-76.58390099992499,39.30231299986518],[-76.5843650002875,39.30892899960751],[-76.57304600052029,39.309338000185974],[-76.57279300006735,39.302720999761455]]]}},{"id":"131","type":"Feature","properties":{"GISJOIN":"G240510000084","pct_black":81.53},"geometry":{"type":"Polygon","coordinates":[[[-76.58390099992499,39.30231299986518],[-76.58619200023594,39.302415999832945],[-76.58813500039689,39.30321800006581],[-76.58850699957365,39.30867899949798],[-76.5843650002875,39.30892899960751],[-76.58390099992499,39.30231299986518]]]}},{"id":"132","type":"Feature","properties":{"GISJOIN":"G240510000085","pct_black":82.73},"geometry":{"type":"Polygon","coordinates":[[[-76.5888119998757,39.31434299956256],[-76.58861699980628,39.310903000112134],[-76.59837999932265,39.31052600030395],[-76.59847700006344,39.31199200012093],[-76.5993699999254,39.311941999870776],[-76.59872699950934,39.313438000205664],[-76.5948870002543,39.31724299980633],[-76.5898810000634,39.31612299995499],[-76.59056699997276,39.315352999733165],[-76.59056999948032,39.31430400022381],[-76.5888119998757,39.31434299956256]]]}},{"id":"133","type":"Feature","properties":{"GISJOIN":"G240510000086","pct_black":90.02},"geometry":{"type":"Polygon","coordinates":[[[-76.58850699957365,39.30867899949798],[-76.59088799984642,39.308710000149105],[-76.59080600030704,39.307659000244286],[-76.59818300022832,39.307354999750046],[-76.59837999932265,39.31052600030395],[-76.58861699980628,39.310903000112134],[-76.58850699957365,39.30867899949798]]]}},{"id":"134","type":"Feature","properties":{"GISJOIN":"G240510000087","pct_black":94.82},"geometry":{"type":"Polygon","coordinates":[[[-76.58850699957365,39.30867899949798],[-76.58814699982308,39.303489000069696],[-76.59791999939591,39.303106000340684],[-76.59818300022832,39.307354999750046],[-76.59080600030704,39.307659000244286],[-76.59088799984642,39.308710000149105],[-76.58850699957365,39.30867899949798]]]}},{"id":"135","type":"Feature","properties":{"GISJOIN":"G240510000091","pct_black":0.85},"geometry":{"type":"Polygon","coordinates":[[[-76.59545200047377,39.33405000039334],[-76.60754800020453,39.33404600031727],[-76.60753699991926,39.33448300011209],[-76.609508000021,39.334455999697695],[-76.60955200014345,39.34023999969955],[-76.60017251232608,39.3404091161182],[-76.59943900045607,39.33796400051745],[-76.59545200047377,39.33405000039334]]]}},{"id":"136","type":"Feature","properties":{"GISJOIN":"G240510000092","pct_black":3.73},"geometry":{"type":"Polygon","coordinates":[[[-76.57303999958465,39.33929500038181],[-76.57453300052602,39.337460000083915],[-76.5757619997962,39.33463899975675],[-76.58453000030431,39.32701799983633],[-76.58933399992803,39.327296999768215],[-76.58931099943031,39.328364000017764],[-76.59514500047214,39.328347000235794],[-76.59490099980849,39.33441700040327],[-76.59545200047377,39.33405000039334],[-76.59883299974202,39.33724599965898],[-76.60021799942893,39.33981500032612],[-76.60017243000598,39.34040985486046],[-76.57312430266718,39.34035322932692],[-76.57303999958465,39.33929500038181]]]}},{"id":"137","type":"Feature","properties":{"GISJOIN":"G240510000093","pct_black":0.06},"geometry":{"type":"Polygon","coordinates":[[[-76.59514500047214,39.328347000235794],[-76.609428000437,39.32831400041877],[-76.609508000021,39.334455999697695],[-76.59578800046758,39.33400599967016],[-76.59490099980849,39.33441700040327],[-76.59514500047214,39.328347000235794]]]}},{"id":"138","type":"Feature","properties":{"GISJOIN":"G240510000094","pct_black":7.18},"geometry":{"type":"Polygon","coordinates":[[[-76.60581200032173,39.31945699996107],[-76.60950899987468,39.319518999757086],[-76.60942600001323,39.325399999895936],[-76.60886400031119,39.3264699996721],[-76.60146799971245,39.323706999711554],[-76.60581200032173,39.31945699996107]]]}},{"id":"139","type":"Feature","properties":{"GISJOIN":"G240510000095","pct_black":0.44},"geometry":{"type":"Polygon","coordinates":[[[-76.59392900013145,39.326224999831204],[-76.60148900035622,39.31879000007355],[-76.60581200032173,39.31945699996107],[-76.60146799971245,39.323706999711554],[-76.60745500007246,39.32624999974454],[-76.60886400031119,39.3264699996721],[-76.60942600001323,39.325399999895936],[-76.609428000437,39.32831400041877],[-76.59514500047214,39.328347000235794],[-76.59392900013145,39.326224999831204]]]}},{"id":"140","type":"Feature","properties":{"GISJOIN":"G240510000096","pct_black":0.05},"geometry":{"type":"Polygon","coordinates":[[[-76.58453000030431,39.32701799983633],[-76.58743300014132,39.323549999958246],[-76.59065799999473,39.32123899982621],[-76.59281400002538,39.3232090003137],[-76.59514500047214,39.328347000235794],[-76.58931099943031,39.328364000017764],[-76.58933399992803,39.327296999768215],[-76.58453000030431,39.32701799983633]]]}},{"id":"141","type":"Feature","properties":{"GISJOIN":"G240510000097","pct_black":31.96},"geometry":{"type":"Polygon","coordinates":[[[-76.59065799999473,39.32123899982621],[-76.5948870002543,39.31724299980633],[-76.60148900035622,39.31879000007355],[-76.59392900013145,39.326224999831204],[-76.59281400002538,39.3232090003137],[-76.59065799999473,39.32123899982621]]]}},{"id":"142","type":"Feature","properties":{"GISJOIN":"G240510000098","pct_black":81.67},"geometry":{"type":"Polygon","coordinates":[[[-76.60148900035622,39.31879000007355],[-76.5948870002543,39.31724299980633],[-76.59872699950934,39.313438000205664],[-76.5993699999254,39.311941999870776],[-76.60413100027515,39.311717000003426],[-76.6037480003096,39.306077999915644],[-76.60848499965404,39.30594400001493],[-76.60948999962932,39.31118099975354],[-76.60950899987468,39.319518999757086],[-76.60148900035622,39.31879000007355]]]}},{"id":"143","type":"Feature","properties":{"GISJOIN":"G240510000099","pct_black":81.66},"geometry":{"type":"Polygon","coordinates":[[[-76.59847700006344,39.31199200012093],[-76.59806900009734,39.30522200023433],[-76.60819899999258,39.30483899992838],[-76.60848499965404,39.30594400001493],[-76.6037480003096,39.306077999915644],[-76.60413100027515,39.311717000003426],[-76.59847700006344,39.31199200012093]]]}},{"id":"144","type":"Feature","properties":{"GISJOIN":"G240510000101","pct_black":83.66},"geometry":{"type":"Polygon","coordinates":[[[-76.59806900009734,39.30522200023433],[-76.59782899995723,39.30174399986078],[-76.61092000017636,39.30125000021058],[-76.6109589998361,39.30263899964313],[-76.61194199965384,39.30362400019913],[-76.61199699957045,39.304691999874386],[-76.59806900009734,39.30522200023433]]]}},{"id":"145","type":"Feature","properties":{"GISJOIN":"G240510000102","pct_black":86.05},"geometry":{"type":"Polygon","coordinates":[[[-76.59782899995723,39.30174399986078],[-76.59759699994169,39.29825100044462],[-76.61045100022872,39.29775299987489],[-76.61111499998502,39.29878000005263],[-76.61092000017636,39.30125000021058],[-76.6098309996677,39.3012739998435],[-76.61024130961145,39.298808906897264],[-76.60740400068168,39.2989359996826],[-76.60803399981405,39.30132800008355],[-76.59782899995723,39.30174399986078]]]}},{"id":"146","type":"Feature","properties":{"GISJOIN":"G240510000103","pct_black":62.03},"geometry":{"type":"Polygon","coordinates":[[[-76.6098309996677,39.3012739998435],[-76.60803399981405,39.30132800008355],[-76.60740400068168,39.2989359996826],[-76.61024130961145,39.298808906897264],[-76.6098309996677,39.3012739998435]]]}},{"id":"147","type":"Feature","properties":{"GISJOIN":"G240510000111","pct_black":3.18},"geometry":{"type":"Polygon","coordinates":[[[-76.61212399995999,39.30590199974067],[-76.61194199965384,39.30362400019913],[-76.6109589998361,39.30263899964313],[-76.61111499998502,39.29878000005263],[-76.60991500060429,39.29637199985946],[-76.61016200037548,39.29464500030121],[-76.61125500054438,39.29462199986718],[-76.61129493479646,39.29516969034298],[-76.61434499971749,39.295215000155494],[-76.6139909995739,39.29641200030726],[-76.61466000045031,39.30609300052002],[-76.61212399995999,39.30590199974067]]]}},{"id":"148","type":"Feature","properties":{"GISJOIN":"G240510000112","pct_black":1.28},"geometry":{"type":"Polygon","coordinates":[[[-76.61466000045031,39.30609300052002],[-76.6139909995739,39.29641200030726],[-76.61434499971749,39.295215000155494],[-76.61832400004808,39.29501100024679],[-76.61877380998173,39.30234522117904],[-76.62402200023914,39.30689200024633],[-76.61979955207099,39.31010035440526],[-76.61938545872339,39.30857189166611],[-76.61466000045031,39.30609300052002]]]}},{"id":"149","type":"Feature","properties":{"GISJOIN":"G240510000113","pct_black":28.99},"geometry":{"type":"Polygon","coordinates":[[[-76.61832400004808,39.29501100024679],[-76.62125899968915,39.29488900029885],[-76.6213839996983,39.2966330002141],[-76.62404899966482,39.29835699994309],[-76.6190909786858,39.30279769708778],[-76.61832400004808,39.29501100024679]]]}},{"id":"150","type":"Feature","properties":{"GISJOIN":"G240510000114","pct_black":71.12},"geometry":{"type":"Polygon","coordinates":[[[-76.6190909786858,39.30279769708778],[-76.62404899966482,39.29835699994309],[-76.62955400051217,39.302800000156715],[-76.62402200023914,39.30689200024633],[-76.6190909786858,39.30279769708778]]]}},{"id":"151","type":"Feature","properties":{"GISJOIN":"G240510000121","pct_black":0.86},"geometry":{"type":"Polygon","coordinates":[[[-76.60955200014345,39.34023999969955],[-76.60947599982961,39.3309649997958],[-76.61204300060584,39.33149299968145],[-76.61400500013686,39.332686000082184],[-76.61497899976364,39.3326640000394],[-76.61627299995567,39.331472999714876],[-76.6240359999472,39.336598000324656],[-76.62575328398323,39.34011353928163],[-76.60955200014345,39.34023999969955]]]}},{"id":"152","type":"Feature","properties":{"GISJOIN":"G240510000122","pct_black":3.01},"geometry":{"type":"Polygon","coordinates":[[[-76.60947599982961,39.3309649997958],[-76.60945599990784,39.32344299970306],[-76.61998599965888,39.32310999993548],[-76.62055300039144,39.32468700029954],[-76.62304899955025,39.32638199957885],[-76.62500199949305,39.32574500029375],[-76.62534799931368,39.326224000329525],[-76.62497300048271,39.32782400033721],[-76.6259169997255,39.3311580002173],[-76.62421800006604,39.332227999905164],[-76.62376000008791,39.33393399985988],[-76.6240359999472,39.336598000324656],[-76.61627299995567,39.331472999714876],[-76.61497899976364,39.3326640000394],[-76.61400500013686,39.332686000082184],[-76.61204300060584,39.33149299968145],[-76.60947599982961,39.3309649997958]]]}},{"id":"153","type":"Feature","properties":{"GISJOIN":"G240510000123","pct_black":18.15},"geometry":{"type":"Polygon","coordinates":[[[-76.60945599990784,39.32344299970306],[-76.60948999955754,39.31623399994327],[-76.61530200048443,39.31641300009056],[-76.61574300042155,39.32328700040519],[-76.60945599990784,39.32344299970306]]]}},{"id":"154","type":"Feature","properties":{"GISJOIN":"G240510000124","pct_black":76.65},"geometry":{"type":"Polygon","coordinates":[[[-76.60948999955754,39.31623399994327],[-76.6094970002595,39.31140500022177],[-76.61496399958037,39.31119700004493],[-76.61530200048443,39.31641300009056],[-76.60948999955754,39.31623399994327]]]}},{"id":"155","type":"Feature","properties":{"GISJOIN":"G240510000125","pct_black":57.93},"geometry":{"type":"Polygon","coordinates":[[[-76.6094970002595,39.31140500022177],[-76.60819899999258,39.30483899992838],[-76.61199699957045,39.304691999874386],[-76.61212399995999,39.30590199974067],[-76.61550800000036,39.30641400031041],[-76.61938545872339,39.30857189166611],[-76.62025099946025,39.31097199989632],[-76.61931500025094,39.310954999878746],[-76.61946199969694,39.313126999741904],[-76.61740199971457,39.31321500040531],[-76.61513200043494,39.31327899996862],[-76.61496399958037,39.31119700004493],[-76.6094970002595,39.31140500022177]]]}},{"id":"156","type":"Feature","properties":{"GISJOIN":"G240510000126","pct_black":3.68},"geometry":{"type":"Polygon","coordinates":[[[-76.61574300042155,39.32328700040519],[-76.61513200043494,39.31327899996862],[-76.61807300005611,39.313185000433876],[-76.61855100036499,39.32060200034735],[-76.62088100038605,39.32060099970354],[-76.62500199949305,39.32574500029375],[-76.6231570000657,39.32644099979112],[-76.62055300039144,39.32468700029954],[-76.62006799946725,39.32312900029941],[-76.61574300042155,39.32328700040519]]]}},{"id":"157","type":"Feature","properties":{"GISJOIN":"G240510000127","pct_black":19.64},"geometry":{"type":"Polygon","coordinates":[[[-76.62534799931368,39.326224000329525],[-76.62088100038605,39.32060099970354],[-76.61855100036499,39.32060200034735],[-76.61807300005611,39.313185000433876],[-76.61946199969694,39.313126999741904],[-76.61931500025094,39.310954999878746],[-76.62025099946025,39.31097199989632],[-76.62441600016757,39.31399100038551],[-76.62852699952279,39.31927300028392],[-76.62723799979376,39.32065299992366],[-76.62617700050762,39.32084299983365],[-76.62602300015992,39.32533599973757],[-76.62534799931368,39.326224000329525]]]}},{"id":"158","type":"Feature","properties":{"GISJOIN":"G240510000131","pct_black":48.84},"geometry":{"type":"Polygon","coordinates":[[[-76.62025099946025,39.31097199989632],[-76.62511100046675,39.31076399989915],[-76.62804100056907,39.31465599968564],[-76.63015499970021,39.313668999589545],[-76.63138800008731,39.313644000296165],[-76.6314119993325,39.31441900030835],[-76.63468799944486,39.31436700021938],[-76.63778299996974,39.31261500026777],[-76.64030299985848,39.31513900031099],[-76.63690300008295,39.31691399993066],[-76.63060099971632,39.31701300004932],[-76.62852699952279,39.31927300028392],[-76.62461900044346,39.31419099992811],[-76.62025099946025,39.31097199989632]]]}},{"id":"159","type":"Feature","properties":{"GISJOIN":"G240510000132","pct_black":65.57},"geometry":{"type":"Polygon","coordinates":[[[-76.62511100046675,39.31076399989915],[-76.63389600057013,39.310335000089744],[-76.63668300029371,39.31324600038671],[-76.63459200040322,39.31438599983646],[-76.6314119993325,39.31441900030835],[-76.63138800008731,39.313644000296165],[-76.63015499970021,39.313668999589545],[-76.62804100056907,39.31465599968564],[-76.62511100046675,39.31076399989915]]]}},{"id":"160","type":"Feature","properties":{"GISJOIN":"G240510000133","pct_black":93.23},"geometry":{"type":"Polygon","coordinates":[[[-76.64030299985848,39.31513900031099],[-76.63778299996974,39.31261500026777],[-76.63668300029371,39.31324600038671],[-76.63389600057013,39.310335000089744],[-76.6425139999803,39.31008899966159],[-76.6463159994939,39.31324800037161],[-76.64361799997981,39.3158060001504],[-76.64184900055922,39.314031999696034],[-76.64030299985848,39.31513900031099]]]}},{"id":"161","type":"Feature","properties":{"GISJOIN":"G240510000134","pct_black":95.08},"geometry":{"type":"Polygon","coordinates":[[[-76.63626400003587,39.325779999631244],[-76.6322890005485,39.32348399984476],[-76.6309690005579,39.32071299971461],[-76.63053599975342,39.32098699973892],[-76.62941600020986,39.31924900000475],[-76.62994200044797,39.31728200029803],[-76.63700399986729,39.31688899974106],[-76.64184900055922,39.314031999696034],[-76.64361799997981,39.3158060001504],[-76.6463159994939,39.31324800037161],[-76.65215500008537,39.31818499990988],[-76.65756000002983,39.32542900044322],[-76.65476599993322,39.330122000047744],[-76.65189099982088,39.33105099959152],[-76.64619099996055,39.32990500034117],[-76.64489099941957,39.33090500030817],[-76.64459100015806,39.329704999710366],[-76.64336600042539,39.330118000081846],[-76.64176199969474,39.32796500025367],[-76.63999399956128,39.3266749998658],[-76.63626400003587,39.325779999631244]]]}},{"id":"162","type":"Feature","properties":{"GISJOIN":"G240510000135","pct_black":0.06},"geometry":{"type":"Polygon","coordinates":[[[-76.62534799931368,39.326224000329525],[-76.62611000003645,39.324911000344166],[-76.62617700050762,39.32084299983365],[-76.62723799979376,39.32065299992366],[-76.62920100020939,39.3187330002426],[-76.63053599975342,39.32098699973892],[-76.6309690005579,39.32071299971461],[-76.6322890005485,39.32348399984476],[-76.63430000019379,39.324736999655855],[-76.63289300045152,39.32563200025032],[-76.63257799977792,39.32689999997844],[-76.62624000021489,39.32711599960125],[-76.62534799931368,39.326224000329525]]]}},{"id":"163","type":"Feature","properties":{"GISJOIN":"G240510000136","pct_black":0.09},"geometry":{"type":"Polygon","coordinates":[[[-76.6251884693611,39.32872342772852],[-76.62534799931368,39.326224000329525],[-76.62624000021489,39.32711599960125],[-76.63257799977792,39.32689999997844],[-76.63449700017493,39.329229999988215],[-76.63547599955889,39.33264599963631],[-76.6313589995199,39.33281399961296],[-76.63125400053728,39.33117199986826],[-76.6267590004604,39.3313299996831],[-76.62661299982419,39.32877600021484],[-76.6251884693611,39.32872342772852]]]}},{"id":"164","type":"Feature","properties":{"GISJOIN":"G240510000137","pct_black":4.33},"geometry":{"type":"Polygon","coordinates":[[[-76.6240359999472,39.336598000324656],[-76.62376000008791,39.33393399985988],[-76.62421800006604,39.332227999905164],[-76.6259169997255,39.3311580002173],[-76.6251884693611,39.32872342772852],[-76.62661299982419,39.32877600021484],[-76.6267590004604,39.3313299996831],[-76.63125400053728,39.33117199986826],[-76.6313589995199,39.33281399961296],[-76.63547599955889,39.33264599963631],[-76.63679000010772,39.33683800023952],[-76.63900161019268,39.34006474628838],[-76.62575328398323,39.34011353928163],[-76.6240359999472,39.336598000324656]]]}},{"id":"165","type":"Feature","properties":{"GISJOIN":"G240510000138","pct_black":0.23},"geometry":{"type":"Polygon","coordinates":[[[-76.63679000010772,39.33683800023952],[-76.63449700017493,39.329229999988215],[-76.63257799977792,39.32689999997844],[-76.63289300045152,39.32563200025032],[-76.63430000019379,39.324736999655855],[-76.63626400003587,39.325779999631244],[-76.63999399956128,39.3266749998658],[-76.64176199969474,39.32796500025367],[-76.64336600042539,39.330118000081846],[-76.64459100015806,39.329704999710366],[-76.64489099941957,39.33090500030817],[-76.64619099996055,39.32990500034117],[-76.65189099982088,39.33105099959152],[-76.65403200034648,39.330291000150865],[-76.65592199973098,39.333358999739175],[-76.65648900053316,39.3375539999215],[-76.65782900030851,39.33906900045752],[-76.65797931656024,39.340031613214826],[-76.63900161019268,39.34006474628838],[-76.63679000010772,39.33683800023952]]]}},{"id":"166","type":"Feature","properties":{"GISJOIN":"G240510000141","pct_black":46.47},"geometry":{"type":"Polygon","coordinates":[[[-76.61979955207099,39.31010035440526],[-76.62690500051657,39.30478399983925],[-76.63365799944124,39.31034099989907],[-76.62025099946025,39.31097199989632],[-76.61979955207099,39.31010035440526]]]}},{"id":"167","type":"Feature","properties":{"GISJOIN":"G240510000142","pct_black":95.55},"geometry":{"type":"Polygon","coordinates":[[[-76.62690500051657,39.30478399983925],[-76.6344750000024,39.29914200042324],[-76.63682899973273,39.30342100023802],[-76.63076100034384,39.307947000428506],[-76.62690500051657,39.30478399983925]]]}},{"id":"168","type":"Feature","properties":{"GISJOIN":"G240510000143","pct_black":96.13},"geometry":{"type":"Polygon","coordinates":[[[-76.63076100034384,39.307947000428506],[-76.63682899973273,39.30342100023802],[-76.63882300028433,39.306991999703214],[-76.6425139999803,39.31008899966159],[-76.63365799944124,39.31034099989907],[-76.63076100034384,39.307947000428506]]]}},{"id":"169","type":"Feature","properties":{"GISJOIN":"G240510000151","pct_black":99.34},"geometry":{"type":"Polygon","coordinates":[[[-76.63682899973273,39.30342100023802],[-76.64464300005625,39.30317600006114],[-76.64500599950375,39.3099439996831],[-76.6425139999803,39.31008899966159],[-76.63882300028433,39.306991999703214],[-76.63682899973273,39.30342100023802]]]}},{"id":"170","type":"Feature","properties":{"GISJOIN":"G2405100001510","pct_black":3.05},"geometry":{"type":"Polygon","coordinates":[[[-76.67796400017178,39.3399250001421],[-76.67919299983897,39.33823299990934],[-76.67857099998172,39.33202400018219],[-76.68194199971846,39.32515100006419],[-76.68261399976959,39.3258259998501],[-76.68863500067367,39.32402899967266],[-76.68937000064018,39.34024399967955],[-76.67796400017178,39.3399250001421]]]}},{"id":"171","type":"Feature","properties":{"GISJOIN":"G2405100001511","pct_black":27.78},"geometry":{"type":"Polygon","coordinates":[[[-76.66589000066715,39.332967999666366],[-76.66414999979175,39.32660299971],[-76.66477600036256,39.32219400027525],[-76.68106799997834,39.32694500009367],[-76.67857099998172,39.33202400018219],[-76.67919299983897,39.33823299990934],[-76.67796400017178,39.3399250001421],[-76.67137500056303,39.335949999981075],[-76.66728499952808,39.334369000233735],[-76.66589000066715,39.332967999666366]]]}},{"id":"172","type":"Feature","properties":{"GISJOIN":"G2405100001512","pct_black":5.09},"geometry":{"type":"Polygon","coordinates":[[[-76.65403200034648,39.330291000150865],[-76.65553399978722,39.32943999952212],[-76.65773500036491,39.32527900021315],[-76.65972300003408,39.32660100035197],[-76.66430199943115,39.32751200017677],[-76.66589000066715,39.332967999666366],[-76.65984400062159,39.33565199979888],[-76.65635899968876,39.33650400035285],[-76.65592199973098,39.333358999739175],[-76.65403200034648,39.330291000150865]]]}},{"id":"173","type":"Feature","properties":{"GISJOIN":"G2405100001513","pct_black":11.67},"geometry":{"type":"Polygon","coordinates":[[[-76.65635899968876,39.33650400035285],[-76.65984400062159,39.33565199979888],[-76.66589000066715,39.332967999666366],[-76.66728499952808,39.334369000233735],[-76.67110599968778,39.335811999915165],[-76.67871713472084,39.340156694077876],[-76.65797931656024,39.340031613214826],[-76.65635899968876,39.33650400035285]]]}},{"id":"174","type":"Feature","properties":{"GISJOIN":"G240510000152","pct_black":98.4},"geometry":{"type":"Polygon","coordinates":[[[-76.64464300005625,39.30317600006114],[-76.65160700055416,39.303350000083476],[-76.65171499971991,39.30509299952813],[-76.65104799961851,39.30511499970143],[-76.65133900032922,39.30967999983322],[-76.64500599950375,39.3099439996831],[-76.64464300005625,39.30317600006114]]]}},{"id":"175","type":"Feature","properties":{"GISJOIN":"G240510000153","pct_black":98.21},"geometry":{"type":"Polygon","coordinates":[[[-76.65160700055416,39.303350000083476],[-76.65835399938899,39.305658000331825],[-76.65980000013407,39.307406999832985],[-76.65998499966315,39.309367999569275],[-76.65133900032922,39.30967999983322],[-76.65104799961851,39.30511499970143],[-76.65171499971991,39.30509299952813],[-76.65160700055416,39.303350000083476]]]}},{"id":"176","type":"Feature","properties":{"GISJOIN":"G240510000154","pct_black":96.07},"geometry":{"type":"Polygon","coordinates":[[[-76.6504940003954,39.316704000014006],[-76.6425139999803,39.31008899966159],[-76.65719600008907,39.30946700003332],[-76.6572979995209,39.31148999979224],[-76.65629699971184,39.31299100022299],[-76.65639400028473,39.31585699971059],[-76.65290499983875,39.315472999911854],[-76.6504940003954,39.316704000014006]]]}},{"id":"177","type":"Feature","properties":{"GISJOIN":"G240510000155","pct_black":56.54},"geometry":{"type":"Polygon","coordinates":[[[-76.65756000002983,39.32542900044322],[-76.65247699998655,39.318549000426195],[-76.6504940003954,39.316704000014006],[-76.65290499983875,39.315472999911854],[-76.65639400028473,39.31585699971059],[-76.65629699971184,39.31299100022299],[-76.6572979995209,39.31148999979224],[-76.65719600008907,39.30946700003332],[-76.65998499966315,39.309367999569275],[-76.65977900028237,39.31522400038768],[-76.6647030000196,39.32142599961901],[-76.66430199943115,39.32751200017677],[-76.65972300003408,39.32660100035197],[-76.65756000002983,39.32542900044322]]]}},{"id":"178","type":"Feature","properties":{"GISJOIN":"G240510000156","pct_black":93.24},"geometry":{"type":"Polygon","coordinates":[[[-76.6598139998194,39.311527999628055],[-76.65993099941721,39.30778000021174],[-76.65903800047514,39.30625199987154],[-76.6673240004986,39.3059039998031],[-76.66840500003845,39.30711699991661],[-76.67229100043137,39.307204999934186],[-76.67559300015554,39.30593300037508],[-76.67686799980461,39.30679399955612],[-76.67926099985682,39.30686500032138],[-76.67986699973937,39.30746699981821],[-76.67975999946368,39.30897399988509],[-76.68056500044196,39.310761999989644],[-76.6598139998194,39.311527999628055]]]}},{"id":"179","type":"Feature","properties":{"GISJOIN":"G240510000157A","pct_black":92.97},"geometry":{"type":"Polygon","coordinates":[[[-76.66477600036256,39.32219400027525],[-76.66421699959177,39.320289000156045],[-76.65977900028237,39.31522400038768],[-76.66257200046655,39.31462999988905],[-76.67441799961217,39.31416299986148],[-76.6745319997239,39.321828999649235],[-76.67288799986125,39.321344999576084],[-76.67144999983084,39.32418900028681],[-76.66477600036256,39.32219400027525]]]}},{"id":"180","type":"Feature","properties":{"GISJOIN":"G240510000157B","pct_black":95.21},"geometry":{"type":"Polygon","coordinates":[[[-76.6598139998194,39.311527999628055],[-76.674238999424,39.31103200029108],[-76.67441799961217,39.31416299986148],[-76.66257200046655,39.31462999988905],[-76.65977900028237,39.31522400038768],[-76.6598139998194,39.311527999628055]]]}},{"id":"181","type":"Feature","properties":{"GISJOIN":"G240510000158A","pct_black":50.88},"geometry":{"type":"Polygon","coordinates":[[[-76.67144999983084,39.32418900028681],[-76.67288799986125,39.321344999576084],[-76.6745319997239,39.321828999649235],[-76.67486199960996,39.321180999633356],[-76.67443000038676,39.314334000233096],[-76.68113299943398,39.31409200034082],[-76.68191399935985,39.32131600016896],[-76.68274699940861,39.322852000262024],[-76.68113300022122,39.32334200029341],[-76.68215500025217,39.32500699988281],[-76.68106799997834,39.32694500009367],[-76.67144999983084,39.32418900028681]]]}},{"id":"182","type":"Feature","properties":{"GISJOIN":"G240510000158B","pct_black":75.4},"geometry":{"type":"Polygon","coordinates":[[[-76.67441799961217,39.31416299986148],[-76.674238999424,39.31103200029108],[-76.68056500044196,39.310761999989644],[-76.68113299943398,39.31409200034082],[-76.67441799961217,39.31416299986148]]]}},{"id":"183","type":"Feature","properties":{"GISJOIN":"G240510000159","pct_black":49.54},"geometry":{"type":"Polygon","coordinates":[[[-76.68261399976959,39.3258259998501],[-76.68113300022122,39.32334200029341],[-76.68274699940861,39.322852000262024],[-76.68191399935985,39.32131600016896],[-76.68149499977767,39.31606599986142],[-76.68056500044196,39.310761999989644],[-76.67975999946368,39.30897399988509],[-76.67986699973937,39.30746699981821],[-76.67901500000262,39.306746000286005],[-76.6767169996565,39.30674900005905],[-76.67570300025699,39.305945999677284],[-76.67412300036992,39.30626799971862],[-76.67352800029451,39.30361099986584],[-76.67397599979874,39.30263899979363],[-76.67592400010787,39.304482000471594],[-76.68092999956245,39.30596399961779],[-76.68550699985268,39.305699999666686],[-76.68720228591934,39.304715992269784],[-76.68863500067367,39.32402899967266],[-76.68261399976959,39.3258259998501]]]}},{"id":"184","type":"Feature","properties":{"GISJOIN":"G240510000161","pct_black":99.53},"geometry":{"type":"Polygon","coordinates":[[[-76.63682899973273,39.30342100023802],[-76.63259199975299,39.29568900016934],[-76.63855199953137,39.29544699996907],[-76.63896700012359,39.30337800002026],[-76.63682899973273,39.30342100023802]]]}},{"id":"185","type":"Feature","properties":{"GISJOIN":"G240510000162","pct_black":99.43},"geometry":{"type":"Polygon","coordinates":[[[-76.63855199953137,39.29544699996907],[-76.64277499996601,39.29531300024598],[-76.64321700056928,39.303270999645605],[-76.63896700012359,39.30337800002026],[-76.63855199953137,39.29544699996907]]]}},{"id":"186","type":"Feature","properties":{"GISJOIN":"G240510000163","pct_black":99.67},"geometry":{"type":"Polygon","coordinates":[[[-76.64277499996601,39.29531300024598],[-76.64567799957297,39.295396999668014],[-76.6461199997498,39.30313900031531],[-76.64321799978454,39.30321100034838],[-76.64277499996601,39.29531300024598]]]}},{"id":"187","type":"Feature","properties":{"GISJOIN":"G240510000164","pct_black":98.28},"geometry":{"type":"Polygon","coordinates":[[[-76.6456100004359,39.29524000013523],[-76.6504770001884,39.29507200009803],[-76.6508583928315,39.30326069260798],[-76.6461199997498,39.30313900031531],[-76.6456100004359,39.29524000013523]]]}},{"id":"188","type":"Feature","properties":{"GISJOIN":"G240510000165","pct_black":96.21},"geometry":{"type":"Polygon","coordinates":[[[-76.65701900013268,39.304953000419985],[-76.6508583928315,39.30326069260798],[-76.6504770001884,39.29507200009803],[-76.65941199944113,39.29463300012429],[-76.66089799979174,39.30614400008275],[-76.65903800047514,39.30625199987154],[-76.65701900013268,39.304953000419985]]]}},{"id":"189","type":"Feature","properties":{"GISJOIN":"G240510000166","pct_black":93.35},"geometry":{"type":"Polygon","coordinates":[[[-76.65941199944113,39.29463300012429],[-76.66986299970083,39.294343000147414],[-76.66907200001825,39.29614900022281],[-76.66898300021299,39.299289999883214],[-76.66518699964628,39.29920999950135],[-76.66527099986965,39.300282999600796],[-76.66014449329825,39.30044130055557],[-76.65941199944113,39.29463300012429]]]}},{"id":"190","type":"Feature","properties":{"GISJOIN":"G240510000167","pct_black":97.88},"geometry":{"type":"Polygon","coordinates":[[[-76.66014449329825,39.30044130055557],[-76.66527099986965,39.300282999600796],[-76.66518699964628,39.29920999950135],[-76.66695999957295,39.29915199966394],[-76.67148699985118,39.300123999826866],[-76.67397599979874,39.30263899979363],[-76.67352800029451,39.30361099986584],[-76.67412300036992,39.30626799971862],[-76.67229100043137,39.307204999934186],[-76.66840500003845,39.30711699991661],[-76.6673240004986,39.3059039998031],[-76.66089799979174,39.30614400008275],[-76.66014449329825,39.30044130055557]]]}},{"id":"191","type":"Feature","properties":{"GISJOIN":"G240510000168","pct_black":1.09},"geometry":{"type":"Polygon","coordinates":[[[-76.67592400010787,39.304482000471594],[-76.67168400025786,39.3002270004445],[-76.66898300021299,39.299289999883214],[-76.66907200001825,39.29614900022281],[-76.66986299970083,39.294343000147414],[-76.68670133922265,39.2937079982626],[-76.68720228591934,39.304715992269784],[-76.68643100045044,39.305348000427635],[-76.68075999947926,39.305929999828074],[-76.67592400010787,39.304482000471594]]]}},{"id":"192","type":"Feature","properties":{"GISJOIN":"G240510000171","pct_black":87.5},"geometry":{"type":"Polygon","coordinates":[[[-76.62562500015166,39.29962899995075],[-76.6213839996983,39.2966330002141],[-76.62119899945345,39.2939149998736],[-76.627124999967,39.293617999696025],[-76.62696540274393,39.29547861191375],[-76.62906997961146,39.29610961636964],[-76.62720308444031,39.297510792451746],[-76.62769599958665,39.2979160003422],[-76.62562500015166,39.29962899995075]]]}},{"id":"193","type":"Feature","properties":{"GISJOIN":"G240510000172","pct_black":99.49},"geometry":{"type":"Polygon","coordinates":[[[-76.62562500015166,39.29962899995075],[-76.62769599958665,39.2979160003422],[-76.62720308444031,39.297510792451746],[-76.62906997961146,39.29610961636964],[-76.63356199970971,39.29981300005246],[-76.62955400051217,39.302800000156715],[-76.62562500015166,39.29962899995075]]]}},{"id":"194","type":"Feature","properties":{"GISJOIN":"G240510000173","pct_black":99.53},"geometry":{"type":"Polygon","coordinates":[[[-76.62906997961146,39.29610961636964],[-76.62696540274393,39.29547861191375],[-76.627124999967,39.293617999696025],[-76.63135700043465,39.29345600008232],[-76.6344750000024,39.29914200042324],[-76.63356199970971,39.29981300005246],[-76.62906997961146,39.29610961636964]]]}},{"id":"195","type":"Feature","properties":{"GISJOIN":"G240510000181","pct_black":95.13},"geometry":{"type":"Polygon","coordinates":[[[-76.63259199975299,39.29568900016934],[-76.62890900026359,39.28899199979401],[-76.63380999971852,39.288765999899134],[-76.6342080002103,39.29561000023543],[-76.63259199975299,39.29568900016934]]]}},{"id":"196","type":"Feature","properties":{"GISJOIN":"G240510000182","pct_black":95.56},"geometry":{"type":"Polygon","coordinates":[[[-76.63380999971852,39.288765999899134],[-76.63816599955958,39.28856600029843],[-76.63855199953137,39.29544699996907],[-76.6342080002103,39.29561000023543],[-76.63380999971852,39.288765999899134]]]}},{"id":"197","type":"Feature","properties":{"GISJOIN":"G240510000183","pct_black":13.29},"geometry":{"type":"Polygon","coordinates":[[[-76.6273289997265,39.286065999584146],[-76.63798399975083,39.28558700006972],[-76.63816599955958,39.28856600029843],[-76.62890900026359,39.28899199979401],[-76.6273289997265,39.286065999584146]]]}},{"id":"198","type":"Feature","properties":{"GISJOIN":"G240510000191","pct_black":99.42},"geometry":{"type":"Polygon","coordinates":[[[-76.63836500023187,39.29229499966191],[-76.64544799997923,39.292063000263894],[-76.6456100004359,39.29524000013523],[-76.63855199953137,39.29544699996907],[-76.63836500023187,39.29229499966191]]]}},{"id":"199","type":"Feature","properties":{"GISJOIN":"G240510000192","pct_black":88.78},"geometry":{"type":"Polygon","coordinates":[[[-76.63816599955958,39.28856600029843],[-76.64522199993536,39.288227999555154],[-76.64544799997923,39.292063000263894],[-76.63836500023187,39.29229499966191],[-76.63816599955958,39.28856600029843]]]}},{"id":"200","type":"Feature","properties":{"GISJOIN":"G240510000193","pct_black":2.93},"geometry":{"type":"Polygon","coordinates":[[[-76.63816599955958,39.28856600029843],[-76.63776099968145,39.28249299951208],[-76.64139199995064,39.280505000436236],[-76.64198800028176,39.2816040000695],[-76.6424129994318,39.28837300004036],[-76.63816599955958,39.28856600029843]]]}},{"id":"201","type":"Feature","properties":{"GISJOIN":"G240510000194","pct_black":7.31},"geometry":{"type":"Polygon","coordinates":[[[-76.64139199995064,39.280505000436236],[-76.6464139999622,39.27917200042905],[-76.6469589997465,39.288148000179476],[-76.6424129994318,39.28837300004036],[-76.64198800028176,39.2816040000695],[-76.64139199995064,39.280505000436236]]]}},{"id":"202","type":"Feature","properties":{"GISJOIN":"G240510000201","pct_black":92.21},"geometry":{"type":"Polygon","coordinates":[[[-76.6456100004359,39.29524000013523],[-76.64522199993536,39.288227999555154],[-76.65009500029838,39.28802900036161],[-76.6504770001884,39.29507200009803],[-76.6456100004359,39.29524000013523]]]}},{"id":"203","type":"Feature","properties":{"GISJOIN":"G240510000202","pct_black":92.72},"geometry":{"type":"Polygon","coordinates":[[[-76.65009500029838,39.28802900036161],[-76.66334599971584,39.28747299957974],[-76.6652289997366,39.28882300001016],[-76.66671299944966,39.29126299998632],[-76.66954399982254,39.29342499983307],[-76.66986299970083,39.294343000147414],[-76.6504770001884,39.29507200009803],[-76.65009500029838,39.28802900036161]]]}},{"id":"204","type":"Feature","properties":{"GISJOIN":"G240510000203","pct_black":3.47},"geometry":{"type":"Polygon","coordinates":[[[-76.6464139999622,39.27917200042905],[-76.64756584758123,39.278910483197755],[-76.64812100003913,39.27933600028835],[-76.64977200043369,39.28238700008002],[-76.65009500029838,39.28802900036161],[-76.6469589997465,39.288148000179476],[-76.6464139999622,39.27917200042905]]]}},{"id":"205","type":"Feature","properties":{"GISJOIN":"G240510000204","pct_black":46.96},"geometry":{"type":"Polygon","coordinates":[[[-76.64996899980375,39.285779999982985],[-76.65486300051633,39.2840739997417],[-76.6590260001286,39.28138399982206],[-76.65998799976,39.28262400015947],[-76.65933499969762,39.28604399955617],[-76.66029199988651,39.28692300004449],[-76.6629240000746,39.28742400021593],[-76.65009500029838,39.28802900036161],[-76.64996899980375,39.285779999982985]]]}},{"id":"206","type":"Feature","properties":{"GISJOIN":"G240510000205","pct_black":0.15},"geometry":{"type":"Polygon","coordinates":[[[-76.64756584758123,39.278910483197755],[-76.65290200048196,39.27746500011077],[-76.655228495789,39.27495095587778],[-76.66819100011585,39.27491900047305],[-76.65868400034375,39.27805700025676],[-76.66017500019203,39.28065699997323],[-76.65486300051633,39.2840739997417],[-76.64996899980375,39.285779999982985],[-76.64977200043369,39.28238700008002],[-76.64756584758123,39.278910483197755]]]}},{"id":"207","type":"Feature","properties":{"GISJOIN":"G240510000206","pct_black":37.41},"geometry":{"type":"Polygon","coordinates":[[[-76.6629240000746,39.28742400021593],[-76.66029199988651,39.28692300004449],[-76.65933499969762,39.28604399955617],[-76.65998799976,39.28262400015947],[-76.6590260001286,39.28138399982206],[-76.66017500019203,39.28065699997323],[-76.65868400034375,39.27805700025676],[-76.66819100011585,39.27491900047305],[-76.67154599972659,39.27488100037912],[-76.67278099947471,39.29419499981615],[-76.66986299970083,39.294343000147414],[-76.66954399982254,39.29342499983307],[-76.66671299944966,39.29126299998632],[-76.66499300016233,39.28857699981595],[-76.6629240000746,39.28742400021593]]]}},{"id":"208","type":"Feature","properties":{"GISJOIN":"G240510000207","pct_black":61.73},"geometry":{"type":"Polygon","coordinates":[[[-76.67216699994634,39.2810869998224],[-76.67620799955766,39.28312300004898],[-76.6818740004195,39.28438000019723],[-76.68622598026802,39.28700824344079],[-76.68670394789707,39.29370794354085],[-76.67278099947471,39.29419499981615],[-76.67216699994634,39.2810869998224]]]}},{"id":"209","type":"Feature","properties":{"GISJOIN":"G240510000208","pct_black":0.04},"geometry":{"type":"Polygon","coordinates":[[[-76.67216699994634,39.2810869998224],[-76.67165100008081,39.27966999997771],[-76.67154599972659,39.27488100037912],[-76.68549076149775,39.27486259276877],[-76.68586509061775,39.286815229622455],[-76.6818740004195,39.28438000019723],[-76.67620799955766,39.28312300004898],[-76.67216699994634,39.2810869998224]]]}},{"id":"210","type":"Feature","properties":{"GISJOIN":"G240510000211","pct_black":55.8},"geometry":{"type":"Polygon","coordinates":[[[-76.62031300038731,39.28008000027223],[-76.62305095684542,39.27562975912617],[-76.62318199990436,39.274405999822186],[-76.62521300016849,39.273940999736986],[-76.62423100046423,39.27275400022059],[-76.62560599954875,39.2713349997977],[-76.62715500054962,39.27218200017009],[-76.62580650928345,39.27111091782204],[-76.62719215780207,39.27199474037189],[-76.6296610004566,39.27418500050398],[-76.62828299995306,39.275213999581624],[-76.62808900054833,39.27644799982291],[-76.62859600007471,39.27787999992827],[-76.62901900024556,39.28600899982751],[-76.6273289997265,39.286065999584146],[-76.62552099954885,39.282889000356555],[-76.62323784182227,39.28025622482399],[-76.62249999988313,39.28074100005444],[-76.62031300038731,39.28008000027223]]]}},{"id":"211","type":"Feature","properties":{"GISJOIN":"G240510000212","pct_black":16.49},"geometry":{"type":"Polygon","coordinates":[[[-76.62580650928345,39.27111091782204],[-76.62647099947084,39.26987400006031],[-76.62979800050131,39.27210199990427],[-76.62663300032695,39.26890700018602],[-76.63178399938371,39.269421000177644],[-76.63057160242577,39.26906842663657],[-76.63186099998808,39.26924200003004],[-76.63236500010258,39.267055000141994],[-76.63449900007035,39.2659020002853],[-76.63587599989285,39.265779999597875],[-76.63712899973201,39.267736999803105],[-76.64026299963193,39.27030099956329],[-76.64104556931,39.27004135684176],[-76.64876299957434,39.27165299996043],[-76.65107799963508,39.27149699989193],[-76.6536680523943,39.27316634842984],[-76.65412959549509,39.274953921898316],[-76.655228495789,39.27495095587778],[-76.65410800012748,39.276629000196756],[-76.65268200008215,39.277569000314514],[-76.64139199995064,39.280505000436236],[-76.63776099968145,39.28249299951208],[-76.63798399975083,39.28558700006972],[-76.62901900024556,39.28600899982751],[-76.62859600007471,39.27787999992827],[-76.62808900054833,39.27644799982291],[-76.62828299995306,39.275213999581624],[-76.6296610004566,39.27418500050398],[-76.62580650928345,39.27111091782204]]]}},{"id":"212","type":"Feature","properties":{"GISJOIN":"G240510000221","pct_black":49.22},"geometry":{"type":"Polygon","coordinates":[[[-76.61113800033695,39.286628000038895],[-76.6118749993639,39.285498000146724],[-76.61167300020944,39.282198999611516],[-76.60789100027674,39.28194699985308],[-76.60734100031911,39.2824559999345],[-76.60711900006253,39.28169000016297],[-76.6075209997263,39.28165899955213],[-76.60569699941827,39.281018000191104],[-76.60515599999964,39.279924000315155],[-76.60592600068048,39.27925799967796],[-76.60923399966687,39.27899400025177],[-76.61644600051113,39.27891899998969],[-76.61825400020267,39.279381000150934],[-76.6174779997653,39.280962000073],[-76.61755100038252,39.28637800033272],[-76.61113800033695,39.286628000038895]]]}},{"id":"213","type":"Feature","properties":{"GISJOIN":"G240510000222","pct_black":82.15},"geometry":{"type":"Polygon","coordinates":[[[-76.61825400020267,39.279381000150934],[-76.62238400012848,39.28072099956835],[-76.62323784182227,39.28025622482399],[-76.62552099954885,39.282889000356555],[-76.6273289997265,39.286065999584146],[-76.61755100038252,39.28637800033272],[-76.6174779997653,39.280962000073],[-76.61825400020267,39.279381000150934]]]}},{"id":"214","type":"Feature","properties":{"GISJOIN":"G240510000231","pct_black":59.88},"geometry":{"type":"Polygon","coordinates":[[[-76.62031300038731,39.28008000027223],[-76.6145249996244,39.27898500021349],[-76.61411099969847,39.27261699974822],[-76.62151829600901,39.27239777337455],[-76.62305900062084,39.273834999779275],[-76.62311422535278,39.275502144621086],[-76.62031300038731,39.28008000027223]]]}},{"id":"215","type":"Feature","properties":{"GISJOIN":"G240510000232","pct_black":0.31},"geometry":{"type":"Polygon","coordinates":[[[-76.61262299980915,39.27889000026635],[-76.61157899961911,39.27061299970184],[-76.61595300048288,39.270453000024425],[-76.61611100014572,39.272553000290344],[-76.61411099969847,39.27261699974822],[-76.6145249996244,39.27898500021349],[-76.61262299980915,39.27889000026635]]]}},{"id":"216","type":"Feature","properties":{"GISJOIN":"G240510000233","pct_black":0.19},"geometry":{"type":"Polygon","coordinates":[[[-76.61157899961911,39.27061299970184],[-76.61196700059179,39.26754499989847],[-76.61144000019816,39.26667700027883],[-76.61169600034945,39.26499800018346],[-76.61062600060687,39.26224899991031],[-76.61029499976786,39.25602000033137],[-76.61088999961335,39.25789699978481],[-76.61293799982138,39.2583529995861],[-76.61380600018728,39.2606669995928],[-76.61469999953808,39.260811999944586],[-76.61567599988376,39.259806999619826],[-76.61531800013286,39.261521999810356],[-76.61642800016554,39.260449999740025],[-76.61855800056757,39.26134599973535],[-76.61846700035571,39.26262300033709],[-76.62098999954257,39.26301600011016],[-76.62190199998471,39.26495100043328],[-76.62078000005376,39.265276000125134],[-76.62059100056973,39.26612099971633],[-76.62121599997653,39.26679099993858],[-76.62108299961554,39.267548000310526],[-76.62177500017116,39.267954000020026],[-76.62182499970615,39.26957399988171],[-76.62039200023231,39.269581000380505],[-76.62179900042706,39.26969000030344],[-76.62151829600901,39.27239777337455],[-76.61611100014572,39.272553000290344],[-76.61595300048288,39.270453000024425],[-76.61157899961911,39.27061299970184]]]}},{"id":"217","type":"Feature","properties":{"GISJOIN":"G240510000241","pct_black":0.0},"geometry":{"type":"Polygon","coordinates":[[[-76.59409199963522,39.26260599988325],[-76.59243499995688,39.26586099987351],[-76.59544599973735,39.26656899954584],[-76.59582000021814,39.266100999939766],[-76.600861000495,39.26671700035608],[-76.60094400047099,39.26882999966934],[-76.59969899967773,39.271093000151765],[-76.59890799946068,39.27080000026269],[-76.59644600020098,39.27400500019527],[-76.59654099973328,39.274568999971315],[-76.59353699995692,39.275587000107166],[-76.59260399965493,39.275285000008054],[-76.59203000047386,39.27621200027826],[-76.58940700014588,39.275707000171145],[-76.58948300042869,39.27500599989265],[-76.58885200034399,39.274750000007856],[-76.58844300028656,39.275126999848794],[-76.58945500017495,39.273250000219946],[-76.58726699988424,39.27284099969378],[-76.58791699998318,39.271620999856985],[-76.58667699984751,39.27129299952478],[-76.58521999946325,39.273140999877945],[-76.58665600026835,39.27066600023562],[-76.58605900011705,39.27024399976255],[-76.58467399966335,39.27258999977288],[-76.5841429997054,39.27240699980422],[-76.58551200000556,39.27003399954599],[-76.58492500038933,39.26941800049226],[-76.58306399945123,39.272364999925706],[-76.58204200003425,39.27163000001958],[-76.58389500023512,39.26869299987897],[-76.58316600053924,39.26813699984965],[-76.58128000062152,39.2711039998995],[-76.580583999536,39.27061000003601],[-76.58271800007047,39.267409000303],[-76.58192999995008,39.26743799975361],[-76.58073200043543,39.269570999630076],[-76.58119000011895,39.268478999948314],[-76.58084000052938,39.26817999979887],[-76.57981399996397,39.269230000381036],[-76.58060700001418,39.26734899972753],[-76.57854000037823,39.26593300048828],[-76.57813699982877,39.26622000037587],[-76.57843099955059,39.26586699952395],[-76.5775339997573,39.26406099954286],[-76.57893299987742,39.2617469999351],[-76.57977899968198,39.261300999793235],[-76.58049800013482,39.26140200015276],[-76.58276000004376,39.26356899990163],[-76.58420500026014,39.26194700001992],[-76.58549999996032,39.262214999951276],[-76.58665900021025,39.261226999645295],[-76.58856200027333,39.261345999630066],[-76.58760599971082,39.26295200026274],[-76.58840499997744,39.26321599987009],[-76.58966300029122,39.26108099962228],[-76.59409199963522,39.26260599988325]]]}},{"id":"218","type":"Feature","properties":{"GISJOIN":"G240510000242","pct_black":0.0},"geometry":{"type":"Polygon","coordinates":[[[-76.5972330001796,39.27332499965832],[-76.59890799946068,39.27080000026269],[-76.60515800018749,39.27298100032122],[-76.6083879994915,39.272850999936516],[-76.60923399966687,39.27899400025177],[-76.6043039997056,39.27935899953112],[-76.60587900027977,39.27893500028645],[-76.60581499975615,39.278558000182464],[-76.60393600011764,39.27872499969655],[-76.60534100024465,39.278458000174155],[-76.60554500011555,39.27780500005234],[-76.60332300044414,39.27798000039818],[-76.60459300041813,39.277221999993934],[-76.60434100003991,39.27544800005564],[-76.59941399967127,39.27415599983136],[-76.59958799939757,39.27334700035891],[-76.59887900006447,39.274377000395454],[-76.59949400036862,39.27331600025065],[-76.59899000048611,39.27314399970362],[-76.59752900041558,39.2747459997475],[-76.59801100048391,39.27364099970726],[-76.5972330001796,39.27332499965832]]]}},{"id":"219","type":"Feature","properties":{"GISJOIN":"G240510000243","pct_black":0.14},"geometry":{"type":"Polygon","coordinates":[[[-76.6083879994915,39.272850999936516],[-76.61175399944001,39.27269999994867],[-76.61262299980915,39.27889000026635],[-76.60923399966687,39.27899400025177],[-76.6083879994915,39.272850999936516]]]}},{"id":"220","type":"Feature","properties":{"GISJOIN":"G240510000244","pct_black":0.0},"geometry":{"type":"Polygon","coordinates":[[[-76.59969899967773,39.271093000151765],[-76.60090100056144,39.269014999987895],[-76.600861000495,39.26671700035608],[-76.59582000021814,39.266100999939766],[-76.59544599973735,39.26656899954584],[-76.59243499995688,39.26586099987351],[-76.59409199963522,39.26260599988325],[-76.60036400038295,39.264211999910636],[-76.59883299947961,39.262196000116674],[-76.59953900035588,39.26187400048508],[-76.60275400044807,39.26586700016459],[-76.60450199989,39.26446899986882],[-76.60081400047767,39.26142700041701],[-76.60478600009276,39.264318000016345],[-76.60520899975901,39.26399500009358],[-76.60284799971183,39.2620599995859],[-76.60322599964452,39.2617719995069],[-76.60556800052389,39.26366799978813],[-76.60587099965763,39.263441999940305],[-76.6036859996356,39.26170700011152],[-76.60617800017988,39.26324100020902],[-76.60665000019684,39.262264999835104],[-76.60810499956608,39.262113000111086],[-76.60490199950385,39.25933600032436],[-76.60636899990045,39.259335999822014],[-76.60780899951067,39.25693900017412],[-76.61029499976786,39.25602000033137],[-76.61062600060687,39.26224899991031],[-76.61169600034945,39.26499800018346],[-76.61144000019816,39.26667700027883],[-76.61196700059179,39.26754499989847],[-76.61175399944001,39.27269999994867],[-76.60515800018749,39.27298100032122],[-76.59969899967773,39.271093000151765]]]}},{"id":"221","type":"Feature","properties":{"GISJOIN":"G240510000251A","pct_black":0.22},"geometry":{"type":"Polygon","coordinates":[[[-76.68550562921382,39.27546441963095],[-76.68819199966816,39.274504999723526],[-76.68945400045978,39.272116000256],[-76.69506700022207,39.27187100041498],[-76.69889199997962,39.27270499957635],[-76.71105400031043,39.277888999665485],[-76.70726800017374,39.279379999772246],[-76.70525200039384,39.28086499985817],[-76.68560999977707,39.28167899972114],[-76.68550562921382,39.27546441963095]]]}},{"id":"222","type":"Feature","properties":{"GISJOIN":"G240510000251B","pct_black":0.0},"geometry":{"type":"Polygon","coordinates":[[[-76.6643840000067,39.25746600043586],[-76.67723600051804,39.26332500001234],[-76.69889199997962,39.27270499957635],[-76.69506700022207,39.27187100041498],[-76.68945400045978,39.272116000256],[-76.68819199966816,39.274504999723526],[-76.68550562921382,39.27546441963095],[-76.68549076149775,39.27486259276877],[-76.66819100011585,39.27491900047305],[-76.67148900045275,39.273887000132575],[-76.66712199987956,39.266139000180814],[-76.66488200013166,39.26055400039063],[-76.6643840000067,39.25746600043586]]]}},{"id":"223","type":"Feature","properties":{"GISJOIN":"G240510000252A","pct_black":99.85},"geometry":{"type":"Polygon","coordinates":[[[-76.61530800028417,39.24114399995264],[-76.62575600040323,39.24210300048823],[-76.6291320000838,39.243872000248906],[-76.63500700059488,39.25145800000241],[-76.63476499947926,39.254965000140004],[-76.63370799986377,39.25859799954307],[-76.63194600019779,39.25754000002374],[-76.63009000036918,39.258824000075286],[-76.62949400028897,39.25866899975455],[-76.62837900055335,39.257609000143304],[-76.62734900027603,39.2577179999327],[-76.62703600041559,39.256883999894534],[-76.62418400036599,39.25519099995875],[-76.6171429998421,39.25614200029437],[-76.61542299942761,39.25537000033232],[-76.61173099980785,39.25003200014623],[-76.61160700010295,39.24804600041291],[-76.6133669998395,39.24668099981037],[-76.61530800028417,39.24114399995264]]]}},{"id":"224","type":"Feature","properties":{"GISJOIN":"G240510000252B","pct_black":1.12},"geometry":{"type":"Polygon","coordinates":[[[-76.63370799986377,39.25859799954307],[-76.63507400009973,39.252817999692766],[-76.63494600029014,39.25126299988925],[-76.63410900050842,39.249844999812254],[-76.62932999987422,39.244067999959],[-76.62723500049752,39.24260600015338],[-76.62494199993236,39.241965000180926],[-76.61530800028417,39.24114399995264],[-76.61861200030282,39.23739800010159],[-76.65986000042791,39.25550899972605],[-76.65250999974413,39.2584009999867],[-76.64983400041473,39.260313999799585],[-76.64618900013092,39.26017100044462],[-76.64335100053201,39.25937499996074],[-76.64188699940756,39.26127400015649],[-76.63532099963555,39.26072099983136],[-76.635123000415,39.259673000061404],[-76.63370799986377,39.25859799954307]]]}},{"id":"225","type":"Feature","properties":{"GISJOIN":"G240510000252C","pct_black":0.0},"geometry":{"type":"Polygon","coordinates":[[[-76.64983400041473,39.260313999799585],[-76.65250999974413,39.2584009999867],[-76.65986000042791,39.25550899972605],[-76.6643840000067,39.25746600043586],[-76.66488200013166,39.26055400039063],[-76.66712199987956,39.266139000180814],[-76.67148900045275,39.273887000132575],[-76.66819100011585,39.27491900047305],[-76.655228495789,39.27495095587778],[-76.65428599983018,39.26711599957739],[-76.65184900015272,39.264230999768344],[-76.65167700020098,39.26097000001595],[-76.64983400041473,39.260313999799585]]]}},{"id":"226","type":"Feature","properties":{"GISJOIN":"G240510000253A","pct_black":55.13},"geometry":{"type":"MultiPolygon","coordinates":[[[[-76.62958700009041,39.26886400009687],[-76.6299399997131,39.26870099953279],[-76.62585500064026,39.26818899979067],[-76.62563099951153,39.26724700036335],[-76.62840799947672,39.264075999921744],[-76.63033599963802,39.25975100031901],[-76.63103400042893,39.2594510004599],[-76.63009000036918,39.258824000075286],[-76.63194600019779,39.25754000002374],[-76.63503700013523,39.2595810001051],[-76.63532099963555,39.26072099983136],[-76.64188699940756,39.26127400015649],[-76.64335100053201,39.25937499996074],[-76.64618900013092,39.26017100044462],[-76.64983400041473,39.260313999799585],[-76.63867999943162,39.26907200025449],[-76.63712899973201,39.267736999803105],[-76.63638299947732,39.26611500036238],[-76.63537399997954,39.265767999558314],[-76.63236500010258,39.267055000141994],[-76.63186099998808,39.26924200003004],[-76.62958700009041,39.26886400009687]]],[[[-76.62666678054826,39.26889525054167],[-76.62717900037178,39.26890499982031],[-76.62732183753867,39.26893848435887],[-76.62666678054826,39.26889525054167]]]]}},{"id":"227","type":"Feature","properties":{"GISJOIN":"G240510000253B","pct_black":1.39},"geometry":{"type":"Polygon","coordinates":[[[-76.63867999943162,39.26907200025449],[-76.64983400041473,39.260313999799585],[-76.65095499942824,39.260443000069394],[-76.65190299949006,39.26143400031288],[-76.6519420002043,39.264438999911775],[-76.65376700058611,39.26620399979366],[-76.65451599996348,39.267856999626765],[-76.65524300059612,39.27492399975325],[-76.65412959549509,39.274953921898316],[-76.6536680523943,39.27316634842984],[-76.65107799963508,39.27149699989193],[-76.64876299957434,39.27165299996043],[-76.64104556931,39.27004135684176],[-76.64026299963193,39.27030099956329],[-76.63867999943162,39.26907200025449]]]}},{"id":"228","type":"Feature","properties":{"GISJOIN":"G240510000254","pct_black":0.01},"geometry":{"type":"Polygon","coordinates":[[[-76.60552499993935,39.2437069996189],[-76.60761100056479,39.240175999949045],[-76.60100400041705,39.240606000518994],[-76.59555199949664,39.23914299984215],[-76.5977320000836,39.23491399959654],[-76.59578700011643,39.234308999929695],[-76.59994699955202,39.226385000292986],[-76.59930799990323,39.22529800043937],[-76.60066500035826,39.2237340000431],[-76.6116949998745,39.23440000002408],[-76.6179319995351,39.23708899983931],[-76.61556299994515,39.23906200005685],[-76.61375100045858,39.24150600029656],[-76.6128950001732,39.2415420002673],[-76.61134299947794,39.24651000023795],[-76.6089379996185,39.24649299975109],[-76.60906100022953,39.24561900040568],[-76.60778100044463,39.24317200038949],[-76.60669999966406,39.24405399949847],[-76.60552499993935,39.2437069996189]]]}},{"id":"229","type":"Feature","properties":{"GISJOIN":"G240510000255","pct_black":0.7},"geometry":{"type":"MultiPolygon","coordinates":[[[[-76.5812540000037,39.21423500025571],[-76.58086600029681,39.21163100029813],[-76.5814050002478,39.21180500031727],[-76.58204999982974,39.210194999626275],[-76.58274400048579,39.209919999649024],[-76.58129300047585,39.208985000358304],[-76.58309399957965,39.209700000310754],[-76.5834510006391,39.2091459996479],[-76.5830770002689,39.2078929999713],[-76.58213299988726,39.20770599956807],[-76.58221999987272,39.20716000019502],[-76.58413600027193,39.20796099960702],[-76.58861500003759,39.212608000335095],[-76.58781799966849,39.21272200018228],[-76.58851299988477,39.21319499954052],[-76.58806600033749,39.21374300039065],[-76.58526600006117,39.21364299967764],[-76.5831529995577,39.21439299950417],[-76.5812540000037,39.21423500025571]]],[[[-76.54935700002592,39.21635299959487],[-76.54907799997564,39.21380800035325],[-76.54849799984028,39.21334799971844],[-76.54968300040703,39.213466000093874],[-76.55051799992981,39.21211600015615],[-76.5491909995536,39.210510999706614],[-76.54590199968725,39.209879000343925],[-76.53965800031777,39.213771000279195],[-76.54133900002515,39.21238000020783],[-76.54113499990959,39.211793999689895],[-76.5416640004651,39.2117710004317],[-76.5417520004004,39.21079299999587],[-76.54095600009528,39.21000999973192],[-76.53674299978218,39.21107800019617],[-76.53384099966677,39.212949999520276],[-76.53391000033311,39.21211600000189],[-76.53286599948599,39.21081500013966],[-76.53523999966386,39.21045099982209],[-76.53239900008438,39.20999300038889],[-76.53277799993705,39.20875899986058],[-76.53200199981578,39.20831400004846],[-76.5500860004462,39.19720699978254],[-76.56739600005045,39.202116999671475],[-76.57055200002367,39.20364399983588],[-76.57729500026034,39.205586000235165],[-76.57918999960569,39.20688099998774],[-76.57853399959843,39.20825399987573],[-76.574399999697,39.208070999954515],[-76.57146500061529,39.21083899965538],[-76.57281199965762,39.21338700020457],[-76.57419599998897,39.213588000021275],[-76.57279399995646,39.213523000337844],[-76.57310600024189,39.214245999699095],[-76.57210999983967,39.21623000010376],[-76.572240999677,39.21712099973218],[-76.573536999685,39.21793600030256],[-76.5733470002326,39.218526000431304],[-76.56953599939358,39.21661400029897],[-76.56770099969354,39.21498099954237],[-76.56402400037628,39.21508400004153],[-76.5631599998791,39.21441699961762],[-76.56030200036537,39.21522499964591],[-76.56022999937873,39.21585100024043],[-76.55959000020499,39.215213999911136],[-76.55860700026085,39.215490000141166],[-76.55866599951817,39.21595500009122],[-76.558196999878,39.215045999715855],[-76.55695099969911,39.21509799967765],[-76.55546700026791,39.216725000033875],[-76.5508900005438,39.217513000086434],[-76.54935700002592,39.21635299959487]]],[[[-76.59471599975856,39.2400779999424],[-76.59013299998576,39.237696000344265],[-76.58788499998002,39.23715400000491],[-76.58791000040458,39.235412999980966],[-76.58503900061481,39.232401999807344],[-76.58196900052074,39.232077999812624],[-76.58221299961487,39.23103299996019],[-76.58035899975327,39.229953000270214],[-76.58130800020622,39.22926099990685],[-76.58035199944796,39.22868099984799],[-76.58056999972527,39.22746699967669],[-76.5816090002813,39.226710999783876],[-76.58003500023383,39.22537000029502],[-76.58005800022192,39.22352500027835],[-76.5768070001545,39.22332099992273],[-76.57994200002872,39.22302499993313],[-76.58001099961585,39.22252099949479],[-76.57939700035877,39.22179299969833],[-76.57624699937958,39.22155500035218],[-76.57944500021202,39.22166300006267],[-76.57767600020377,39.22126799984842],[-76.5790870003317,39.22100600006282],[-76.57869300016974,39.21894699965255],[-76.5797859996656,39.21888800002386],[-76.57866200042815,39.215699000262795],[-76.58134100022362,39.21661500038185],[-76.58289000066063,39.21586999971649],[-76.58156300039056,39.215819999649],[-76.58337399996888,39.21581499986481],[-76.58361899965341,39.21538400015984],[-76.58423300038096,39.215778999691025],[-76.58685099950667,39.21495800011601],[-76.58732199975255,39.21431500008405],[-76.58856199974245,39.21406599959352],[-76.58916200061302,39.213104999697244],[-76.60066500035826,39.2237340000431],[-76.59930799990323,39.22529800043937],[-76.59994699955202,39.226385000292986],[-76.59578700011643,39.234308999929695],[-76.5977320000836,39.23491399959654],[-76.59555199949664,39.23914299984215],[-76.59474399984386,39.238798999983025],[-76.59471599975856,39.2400779999424]]]]}},{"id":"230","type":"Feature","properties":{"GISJOIN":"G240510000256","pct_black":82.35},"geometry":{"type":"MultiPolygon","coordinates":[[[[-76.5955879995742,39.24670600031672],[-76.59608800007442,39.246105999863246],[-76.59638799961809,39.24660599959306],[-76.5955879995742,39.24670600031672]]],[[[-76.57810599941858,39.251280000023996],[-76.58119400022463,39.24689899988673],[-76.5804960000477,39.24654700041235],[-76.57785799946328,39.24984100035551],[-76.57862900016927,39.2486030001031],[-76.5776589998146,39.2481390001907],[-76.57670800006176,39.249308999965834],[-76.57731099988082,39.24797699971292],[-76.57521699971926,39.24695099973216],[-76.57362700043942,39.24845799985603],[-76.57484099946991,39.24682200028805],[-76.57391600057615,39.246976999644794],[-76.57396599942028,39.24634400030927],[-76.57325200038025,39.24582300038014],[-76.5716869999869,39.24759499962138],[-76.57312899947212,39.24577199980026],[-76.57247900046202,39.24539999970092],[-76.57109899980152,39.247009000319636],[-76.57239900024355,39.24536499993188],[-76.5714589994229,39.24478800029114],[-76.57022100021712,39.24575299987671],[-76.57137700017523,39.244654000037556],[-76.57005700029032,39.24355499989945],[-76.57181000040215,39.24290600016435],[-76.57126299990502,39.24297900037901],[-76.57119199986894,39.24244299963654],[-76.56965700011963,39.242792999827124],[-76.56906200001771,39.241498000208765],[-76.5698149997851,39.241053000374535],[-76.5695350005482,39.24074399993514],[-76.56710300005183,39.24213899984904],[-76.56747100019227,39.242897999656726],[-76.56614999962862,39.24153799976177],[-76.5676710002027,39.240004999639616],[-76.56571899985009,39.24105899987315],[-76.56463199969929,39.24014999955987],[-76.56564299969193,39.239264999559715],[-76.56435000003631,39.23897300005047],[-76.56340400015496,39.23753099996677],[-76.5607770005524,39.238849999668325],[-76.56071800048414,39.23878499970402],[-76.56368999989246,39.23724500038259],[-76.56209800004392,39.23512300042808],[-76.56012300060713,39.235496999899695],[-76.55857899966144,39.23343999975671],[-76.55894699975492,39.232172999703],[-76.56033899957733,39.23192199998903],[-76.56013600026768,39.231051000267044],[-76.56284199999111,39.230423999977404],[-76.56222899967304,39.22747300032695],[-76.56414300019516,39.224632000064595],[-76.56605000012108,39.225203999726375],[-76.56859200041121,39.22691100039034],[-76.57077000019933,39.22738900043603],[-76.57652799978891,39.22551700012381],[-76.57726800033198,39.2257720002665],[-76.57901300008777,39.226857999580815],[-76.5791470002614,39.229772000280036],[-76.5801639996706,39.23112200012739],[-76.58196900052074,39.232077999812624],[-76.58503900061481,39.232401999807344],[-76.58791000040458,39.235412999980966],[-76.58788499998002,39.23715400000491],[-76.59013299998576,39.237696000344265],[-76.59157400021569,39.239039999788304],[-76.59345000018682,39.23982199965684],[-76.59493699965334,39.24008200019247],[-76.59474399984386,39.238798999983025],[-76.60089799970578,39.24059500003933],[-76.60761100056479,39.240175999949045],[-76.60552499993935,39.2437069996189],[-76.6050200000733,39.24318899987721],[-76.60370699998008,39.24377999972139],[-76.60140100021162,39.243726000180594],[-76.60141799954289,39.24486899981312],[-76.59864599980264,39.24821499955858],[-76.59794799952842,39.247944000343736],[-76.59857100060269,39.24661399990569],[-76.59752000015096,39.24633100002805],[-76.59863000063555,39.244716999700834],[-76.59573100028499,39.2441979998264],[-76.59480400048932,39.24526299974077],[-76.59501899992122,39.24360700011536],[-76.59463399940759,39.244821000270456],[-76.59330299969615,39.24521399987374],[-76.59191099998297,39.243573999775336],[-76.59136100053384,39.24548199982027],[-76.59240199952988,39.24668100013996],[-76.59172799966198,39.247552999542634],[-76.59257700004856,39.24811600043743],[-76.59296099999773,39.249419999727046],[-76.59229499976341,39.250156000330165],[-76.58711399949594,39.25069700000906],[-76.58654200012877,39.24925499964208],[-76.58700400043224,39.24642600006536],[-76.5856190003537,39.245669000354205],[-76.58517300010098,39.24947000027187],[-76.5856410001401,39.25025899981096],[-76.58451100017164,39.25138500046447],[-76.58467000016242,39.24938900022528],[-76.58397000025768,39.249470000005225],[-76.58359899953632,39.24822099952923],[-76.58164500009384,39.25177200041032],[-76.58122300021014,39.25151999977613],[-76.58262400017753,39.249452999577365],[-76.58202899942677,39.24910500017564],[-76.5805410002547,39.25098300009763],[-76.5818940005009,39.24900800015057],[-76.57983199994598,39.24942800011337],[-76.57810599941858,39.251280000023996]],[[-76.566084000072,39.23936399975914],[-76.56699300023658,39.23889999985479],[-76.56704799959651,39.238773000342626],[-76.56557599965662,39.23904700017499],[-76.566084000072,39.23936399975914]]]]}},{"id":"231","type":"Feature","properties":{"GISJOIN":"G240510000261","pct_black":0.03},"geometry":{"type":"Polygon","coordinates":[[[-76.52977300031209,39.355574999747255],[-76.52968500052458,39.331149999671666],[-76.54172099998287,39.3292129996689],[-76.54424099960033,39.33180200014679],[-76.54770499956538,39.33365800026948],[-76.54853299959342,39.33524799994584],[-76.55165999973829,39.33812199982913],[-76.54125900027158,39.3453920004951],[-76.52977300031209,39.355574999747255]]]}},{"id":"232","type":"Feature","properties":{"GISJOIN":"G2405100002610","pct_black":0.05},"geometry":{"type":"Polygon","coordinates":[[[-76.56991099985443,39.29934999991862],[-76.56909099984567,39.287564999548025],[-76.57160700052904,39.287476999705035],[-76.57266100035446,39.299236999630914],[-76.56991099985443,39.29934999991862]]]}},{"id":"233","type":"Feature","properties":{"GISJOIN":"G2405100002611","pct_black":0.0},"geometry":{"type":"Polygon","coordinates":[[[-76.5685119999626,39.278416999572784],[-76.57100800051235,39.27833699976871],[-76.57160700052904,39.287476999705035],[-76.56909099984567,39.287564999548025],[-76.5685119999626,39.278416999572784]]]}},{"id":"234","type":"Feature","properties":{"GISJOIN":"G2405100002612","pct_black":21.38},"geometry":{"type":"Polygon","coordinates":[[[-76.55498099963961,39.287101999512124],[-76.55433799969485,39.28909399952655],[-76.55451867297289,39.290970394621034],[-76.5538192522165,39.29109451289848],[-76.55279992740739,39.29365933903557],[-76.54867066007967,39.29437835773068],[-76.53795754484972,39.29383030139678],[-76.53663190969596,39.294247102955616],[-76.53517440334002,39.2959558042345],[-76.53278500015381,39.29541399998537],[-76.53720500054303,39.29043399970693],[-76.54489500042276,39.290526999855665],[-76.54484607516515,39.28951678896294],[-76.54669999973315,39.288863000182346],[-76.5466180002711,39.287462000323345],[-76.55498099963961,39.287101999512124]]]}},{"id":"235","type":"Feature","properties":{"GISJOIN":"G240510000262","pct_black":0.0},"geometry":{"type":"Polygon","coordinates":[[[-76.5329770001843,39.330558000379625],[-76.53410399951963,39.3282949997988],[-76.5360230000151,39.326705000265136],[-76.54045900013821,39.321218000255044],[-76.54893799939049,39.315888000099555],[-76.54925500035237,39.31638700048742],[-76.55482599948935,39.31779400018069],[-76.55697499961164,39.321182999738866],[-76.56031400036798,39.320993000438484],[-76.56070899948233,39.322805000079384],[-76.56260499970985,39.32467000034657],[-76.56548100052846,39.325175000009516],[-76.5675430001742,39.326406000403416],[-76.55165999973829,39.33812199982913],[-76.54853299959342,39.33524799994584],[-76.54770499956538,39.33365800026948],[-76.54424099960033,39.33180200014679],[-76.54172099998287,39.3292129996689],[-76.5329770001843,39.330558000379625]]]}},{"id":"236","type":"Feature","properties":{"GISJOIN":"G240510000263","pct_black":0.01},"geometry":{"type":"Polygon","coordinates":[[[-76.54893799939049,39.315888000099555],[-76.55038699992063,39.31490600036991],[-76.5519670002772,39.31162100020014],[-76.55485399970019,39.310463999903526],[-76.56121500003665,39.30898600000814],[-76.57304600052029,39.309338000185974],[-76.57285400015809,39.32227700021823],[-76.5675430001742,39.326406000403416],[-76.56548100052846,39.325175000009516],[-76.56260499970985,39.32467000034657],[-76.56070899948233,39.322805000079384],[-76.56031400036798,39.320993000438484],[-76.55697499961164,39.321182999738866],[-76.55482599948935,39.31779400018069],[-76.54925500035237,39.31638700048742],[-76.54893799939049,39.315888000099555]]]}},{"id":"237","type":"Feature","properties":{"GISJOIN":"G240510000264A","pct_black":0.02},"geometry":{"type":"Polygon","coordinates":[[[-76.52968500052458,39.331149999671666],[-76.52978600015797,39.3103909996551],[-76.53585100000392,39.30628000039285],[-76.53975900013081,39.30446499957936],[-76.55347900057137,39.30015100006419],[-76.56547799947542,39.30897000007786],[-76.56053599980814,39.30905799988025],[-76.5519670002772,39.31162100020014],[-76.55038699992063,39.31490600036991],[-76.54045900013821,39.321218000255044],[-76.5360230000151,39.326705000265136],[-76.53410399951963,39.3282949997988],[-76.5329770001843,39.330558000379625],[-76.52968500052458,39.331149999671666]]]}},{"id":"238","type":"Feature","properties":{"GISJOIN":"G240510000264B","pct_black":0.0},"geometry":{"type":"Polygon","coordinates":[[[-76.52978599981341,39.29911000032396],[-76.55270700010972,39.29680100012972],[-76.55573900030953,39.29486800011948],[-76.55741699968327,39.29179899983772],[-76.56274399992802,39.29159499964425],[-76.56282699969563,39.292753999748015],[-76.56941300061933,39.29248699970041],[-76.56991099985443,39.29934999991862],[-76.57278899936082,39.2992340002888],[-76.57304600052029,39.309338000185974],[-76.56547799947542,39.30897000007786],[-76.55347900057137,39.30015100006419],[-76.53928999983593,39.304651000301334],[-76.53585100000392,39.30628000039285],[-76.52978600015797,39.3103909996551],[-76.52978599981341,39.29911000032396]]]}},{"id":"239","type":"Feature","properties":{"GISJOIN":"G240510000265","pct_black":0.05},"geometry":{"type":"Polygon","coordinates":[[[-76.52978599981341,39.29911000032396],[-76.52959199968305,39.284852000108046],[-76.53570400035633,39.281792999789786],[-76.55458100002932,39.280977000002],[-76.55498099963961,39.287101999512124],[-76.5466180002711,39.287462000323345],[-76.54669999973315,39.288863000182346],[-76.54484607516515,39.28951678896294],[-76.54489500042276,39.290526999855665],[-76.53720500054303,39.29043399970693],[-76.53278500015381,39.29541399998537],[-76.53517440334002,39.2959558042345],[-76.53663190969596,39.294247102955616],[-76.53795754484972,39.29383030139678],[-76.54867066007967,39.29437835773068],[-76.55279992740739,39.29365933903557],[-76.5538192522165,39.29109451289848],[-76.55451867297289,39.290970394621034],[-76.55433799969485,39.28909399952655],[-76.55498099963961,39.287101999512124],[-76.55580999984112,39.28705000011388],[-76.55616599977502,39.291863999516416],[-76.55741699968327,39.29179899983772],[-76.55604000052182,39.294538000074645],[-76.55453800052068,39.295887000202846],[-76.55270700010972,39.29680100012972],[-76.5476990000937,39.297528999913126],[-76.52978599981341,39.29911000032396]]]}},{"id":"240","type":"Feature","properties":{"GISJOIN":"G240510000266A","pct_black":0.03},"geometry":{"type":"Polygon","coordinates":[[[-76.52959199968305,39.284852000108046],[-76.52962300006503,39.272307000148544],[-76.545279000083,39.27205600036685],[-76.54482361180044,39.2695586998187],[-76.54316704198345,39.2695943443189],[-76.5431248171996,39.266498744193825],[-76.53710162012129,39.26502736843705],[-76.53734747982047,39.26452633065256],[-76.5349841936642,39.26274522226598],[-76.53127572083596,39.262806134636925],[-76.5313479997586,39.26430899979939],[-76.53030818105333,39.26444404654962],[-76.53029140183936,39.26518507479597],[-76.52978413743055,39.26521133853093],[-76.52958399975824,39.240328000203185],[-76.53304699966931,39.23923299987189],[-76.53877599947138,39.24542300026387],[-76.53644499992032,39.25279000029985],[-76.53884500007696,39.25333599996145],[-76.540508999906,39.25053699996987],[-76.55275799955318,39.25767199978351],[-76.55295100022596,39.26062300034806],[-76.55448599995908,39.26085399980593],[-76.55444200053111,39.25964300023064],[-76.55566300007293,39.25943199963752],[-76.55536499960049,39.257611000144266],[-76.55603800013691,39.2574860003626],[-76.55618000046293,39.26139800034224],[-76.55660100054122,39.2612850001932],[-76.55661400037842,39.25881600024924],[-76.55681999990875,39.2602880002713],[-76.55768200033286,39.260254000202224],[-76.55785499983685,39.26129999967442],[-76.55911799988641,39.26120700000217],[-76.55886499955149,39.25685299979381],[-76.56019100001473,39.25730800005849],[-76.56046699965778,39.26124499991685],[-76.56113900018433,39.26122499982971],[-76.56094300010317,39.25837000046607],[-76.56245999978444,39.25862399956363],[-76.56241299990018,39.26101600036377],[-76.56285899978484,39.2608390001316],[-76.56294499970694,39.25641099989376],[-76.56344899971323,39.25638099991091],[-76.56381899988581,39.25867499992272],[-76.56459299992964,39.25878200008248],[-76.56476400056778,39.25656599977253],[-76.56501199979226,39.260049000246845],[-76.56729300017474,39.259360000106916],[-76.56837400053703,39.2598989996573],[-76.5688669997445,39.25921099957246],[-76.5689050000875,39.260195999765834],[-76.56939100000159,39.25964800000877],[-76.57138099980308,39.26087499993622],[-76.57175781739159,39.262075399343296],[-76.57037991111581,39.262112492175866],[-76.57044253694542,39.26444574909121],[-76.56869700050443,39.26457200004937],[-76.57045542359526,39.26477874223586],[-76.56887900037711,39.265011999652614],[-76.56884900035021,39.265537999760504],[-76.56890399987675,39.26597500026351],[-76.57050356248595,39.26591737661525],[-76.5705481294086,39.266992214227955],[-76.56886700007962,39.26729199992972],[-76.56892000043075,39.2680100003122],[-76.57058463628611,39.267936580590174],[-76.57060463005475,39.268487754979944],[-76.56895100005674,39.26854300002903],[-76.56900299979532,39.26928600023825],[-76.5698940001571,39.26939399989943],[-76.56903100047369,39.26987799983604],[-76.57065017093161,39.26981550772859],[-76.56906900020236,39.27021200027597],[-76.569091999734,39.27068100000767],[-76.57058699966811,39.27063099981516],[-76.56962100009878,39.27101299982774],[-76.57053299954484,39.27099799986954],[-76.5707021909774,39.27151507131016],[-76.57100800051235,39.27833699976871],[-76.56450000053839,39.27859499976049],[-76.56247700026138,39.280693000436926],[-76.53570400035633,39.281792999789786],[-76.52959199968305,39.284852000108046]]]}},{"id":"241","type":"Feature","properties":{"GISJOIN":"G240510000266B","pct_black":4.71},"geometry":{"type":"Polygon","coordinates":[[[-76.52962300006503,39.272307000148544],[-76.52978413743055,39.26521133853093],[-76.53029140183936,39.26518507479597],[-76.53030818105333,39.26444404654962],[-76.5313479997586,39.26430899979939],[-76.53127572083596,39.262806134636925],[-76.53274013656396,39.26274125013749],[-76.5349841936642,39.26274522226598],[-76.53734747982047,39.26452633065256],[-76.53710162012129,39.26502736843705],[-76.5431248171996,39.266498744193825],[-76.54316704198345,39.2695943443189],[-76.54482361180044,39.2695586998187],[-76.545279000083,39.27205600036685],[-76.52962300006503,39.272307000148544]]]}},{"id":"242","type":"Feature","properties":{"GISJOIN":"G240510000267","pct_black":0.0},"geometry":{"type":"Polygon","coordinates":[[[-76.55498099963961,39.287101999512124],[-76.55458100002932,39.280977000002],[-76.56247700026138,39.280693000436926],[-76.56209400048643,39.28142500040468],[-76.56274399992802,39.29159499964425],[-76.55616599977502,39.291863999516416],[-76.55580999984112,39.28705000011388],[-76.55498099963961,39.287101999512124]]]}},{"id":"243","type":"Feature","properties":{"GISJOIN":"G240510000268","pct_black":0.0},"geometry":{"type":"Polygon","coordinates":[[[-76.56282699969563,39.292753999748015],[-76.56251300049885,39.28782499982056],[-76.56909099984567,39.287564999548025],[-76.56941300061933,39.29248699970041],[-76.56282699969563,39.292753999748015]]]}},{"id":"244","type":"Feature","properties":{"GISJOIN":"G240510000269","pct_black":1.37},"geometry":{"type":"Polygon","coordinates":[[[-76.56209400048643,39.28142500040468],[-76.56450000053839,39.27859499976049],[-76.5685119999626,39.278416999572784],[-76.56909099984567,39.287564999548025],[-76.56251300049885,39.28782499982056],[-76.56209400048643,39.28142500040468]]]}},{"id":"245","type":"Feature","properties":{"GISJOIN":"G240510000271","pct_black":0.0},"geometry":{"type":"Polygon","coordinates":[[[-76.55244099995296,39.33761399980064],[-76.56321099995378,39.32993300038775],[-76.57285400015809,39.32227700021823],[-76.57315400036386,39.33578700009006],[-76.55814700016151,39.34518499969646],[-76.55244099995296,39.33761399980064]]]}},{"id":"246","type":"Feature","properties":{"GISJOIN":"G2405100002710","pct_black":39.77},"geometry":{"type":"Polygon","coordinates":[[[-76.60017243000598,39.34040985486046],[-76.60955200014345,39.34023999969955],[-76.60995300038765,39.355503000217965],[-76.59828899954077,39.354166000229434],[-76.60017243000598,39.34040985486046]]]}},{"id":"247","type":"Feature","properties":{"GISJOIN":"G2405100002711","pct_black":0.54},"geometry":{"type":"Polygon","coordinates":[[[-76.60955200014345,39.34023999969955],[-76.62575328398323,39.34011353928163],[-76.62562900008953,39.3440009998198],[-76.62816299978108,39.34864299995391],[-76.6292270001973,39.35342900016156],[-76.62366899994514,39.35387199972068],[-76.62352200054673,39.35322600015655],[-76.61257300043776,39.354112999904835],[-76.61089500005504,39.35540999960709],[-76.60995300038765,39.355503000217965],[-76.60955200014345,39.34023999969955]]]}},{"id":"248","type":"Feature","properties":{"GISJOIN":"G2405100002712","pct_black":2.09},"geometry":{"type":"Polygon","coordinates":[[[-76.60995300038765,39.355503000217965],[-76.61089500005504,39.35540999960709],[-76.61257300043776,39.354112999904835],[-76.62352200054673,39.35322600015655],[-76.62366899994514,39.35387199972068],[-76.6292270001973,39.35342900016156],[-76.63102033967469,39.35866239417904],[-76.63034200003342,39.36219199981502],[-76.63191399999415,39.363446999695356],[-76.63169100034445,39.37170499988062],[-76.60977799948405,39.372201999760534],[-76.60995300038765,39.355503000217965]]]}},{"id":"249","type":"Feature","properties":{"GISJOIN":"G2405100002713","pct_black":0.63},"geometry":{"type":"Polygon","coordinates":[[[-76.63169100034445,39.37170499988062],[-76.63191399999415,39.363446999695356],[-76.63034200003342,39.36219199981502],[-76.63102033967469,39.35866239417904],[-76.6292270001973,39.35342900016156],[-76.6338380000999,39.35310700006192],[-76.63727499979696,39.35385200011554],[-76.63922099990783,39.35331099982679],[-76.63939099983061,39.3527050003621],[-76.6415520005029,39.353520000290345],[-76.64332800039001,39.3531599999925],[-76.64948999971145,39.371070999632956],[-76.64904099981456,39.37218099985344],[-76.63169100034445,39.37170499988062]]]}},{"id":"250","type":"Feature","properties":{"GISJOIN":"G2405100002714","pct_black":5.48},"geometry":{"type":"Polygon","coordinates":[[[-76.62575328398323,39.34011353928163],[-76.63900161019268,39.34006474628838],[-76.64332800039001,39.3531599999925],[-76.6415520005029,39.353520000290345],[-76.63939099983061,39.3527050003621],[-76.63922099990783,39.35331099982679],[-76.63727499979696,39.35385200011554],[-76.6338380000999,39.35310700006192],[-76.6292270001973,39.35342900016156],[-76.62816299978108,39.34864299995391],[-76.62562900008953,39.3440009998198],[-76.62575328398323,39.34011353928163]]]}},{"id":"251","type":"Feature","properties":{"GISJOIN":"G2405100002715","pct_black":5.85},"geometry":{"type":"Polygon","coordinates":[[[-76.64948999971145,39.371070999632956],[-76.63900161019268,39.34006474628838],[-76.65797931656024,39.340031613214826],[-76.6584099999579,39.34083200026628],[-76.65717100034674,39.34259300035851],[-76.65955200019326,39.34558199988503],[-76.6591330003256,39.34788700048809],[-76.6599349994481,39.35306099994147],[-76.66127899949066,39.35453800035715],[-76.66397099971728,39.35565900013914],[-76.66596399988462,39.35761300019149],[-76.67084799956898,39.35678799963702],[-76.6717680000726,39.36081200038892],[-76.67134800026507,39.36219800018946],[-76.67414200046818,39.36631599987386],[-76.67697600017037,39.36873300040208],[-76.67819100000709,39.37199399960249],[-76.64904099981456,39.37218099985344],[-76.64948999971145,39.371070999632956]]]}},{"id":"252","type":"Feature","properties":{"GISJOIN":"G2405100002716","pct_black":3.05},"geometry":{"type":"Polygon","coordinates":[[[-76.65797931656024,39.340031613214826],[-76.67073000039024,39.34013500019632],[-76.67384799941122,39.34102600029035],[-76.67238600045455,39.34464300049399],[-76.6689189998067,39.34659100016604],[-76.66142900025324,39.34669000048615],[-76.65944700009008,39.346506000243366],[-76.65929500039682,39.34497200028766],[-76.65724000008245,39.34289300004801],[-76.65726799972421,39.34211099979524],[-76.6584099999579,39.34083200026628],[-76.65797931656024,39.340031613214826]]]}},{"id":"253","type":"Feature","properties":{"GISJOIN":"G2405100002717","pct_black":0.7},"geometry":{"type":"Polygon","coordinates":[[[-76.65944700009008,39.346506000243366],[-76.66878400039188,39.34660699976934],[-76.67139699987611,39.345195000027374],[-76.67550900041702,39.34882100002555],[-76.68132199954745,39.350604000099985],[-76.68335800022896,39.351757000438674],[-76.67258100014604,39.35674900002336],[-76.67077400039548,39.3564820005083],[-76.66596399988462,39.35761300019149],[-76.66397099971728,39.35565900013914],[-76.66127899949066,39.35453800035715],[-76.6599349994481,39.35306099994147],[-76.6591330003256,39.34788700048809],[-76.65944700009008,39.346506000243366]]]}},{"id":"254","type":"Feature","properties":{"GISJOIN":"G2405100002718","pct_black":4.82},"geometry":{"type":"Polygon","coordinates":[[[-76.67139699987611,39.345195000027374],[-76.67238600045455,39.34464300049399],[-76.67384799941122,39.34102600029035],[-76.67821600004385,39.34223700013004],[-76.68099300020778,39.34168799962323],[-76.68267000017522,39.342340999588494],[-76.69005899985706,39.34758499998754],[-76.68335800022896,39.351757000438674],[-76.68132199954745,39.350604000099985],[-76.67550900041702,39.34882100002555],[-76.67139699987611,39.345195000027374]]]}},{"id":"255","type":"Feature","properties":{"GISJOIN":"G2405100002719","pct_black":0.09},"geometry":{"type":"Polygon","coordinates":[[[-76.67084799956898,39.35678799963702],[-76.67258100014604,39.35674900002336],[-76.6794149994796,39.353884999813566],[-76.69005899985706,39.34758499998754],[-76.69535499996633,39.35125399975064],[-76.69171199995561,39.35394199997269],[-76.67565800011553,39.362375000384986],[-76.67310900013373,39.364243999694246],[-76.67134800026507,39.36219800018946],[-76.6717680000726,39.36081200038892],[-76.67084799956898,39.35678799963702]]]}},{"id":"256","type":"Feature","properties":{"GISJOIN":"G240510000272","pct_black":1.16},"geometry":{"type":"Polygon","coordinates":[[[-76.56299799999066,39.34201600002103],[-76.57315400036386,39.33578700009006],[-76.57312430266718,39.34035322932692],[-76.57826385654207,39.340232106400926],[-76.57892800045775,39.341428000135494],[-76.5814550001219,39.34182099990042],[-76.58155399971075,39.34239600021064],[-76.58080500053103,39.34527699969857],[-76.57693000053311,39.34542599995041],[-76.57630599972161,39.34732400000889],[-76.57011399952393,39.34590200005652],[-76.56299799999066,39.34201600002103]]]}},{"id":"257","type":"Feature","properties":{"GISJOIN":"G2405100002720","pct_black":0.37},"geometry":{"type":"Polygon","coordinates":[[[-76.67819100000709,39.37199399960249],[-76.67697600017037,39.36873300040208],[-76.67414200046818,39.36631599987386],[-76.67310900013373,39.364243999694246],[-76.67565800011553,39.362375000384986],[-76.69171199995561,39.35394199997269],[-76.69535499996633,39.35125399975064],[-76.71119099946375,39.362771000327676],[-76.71131300029529,39.3719330000522],[-76.67819100000709,39.37199399960249]]]}},{"id":"258","type":"Feature","properties":{"GISJOIN":"G240510000273","pct_black":5.74},"geometry":{"type":"Polygon","coordinates":[[[-76.56643900015187,39.352732000243634],[-76.56088499977356,39.34835400039877],[-76.55814700016151,39.34518499969646],[-76.56299799999066,39.34201600002103],[-76.57011399952393,39.34590200005652],[-76.57630599972161,39.34732400000889],[-76.57693000053311,39.34542599995041],[-76.58080500053103,39.34527699969857],[-76.58111900039769,39.34807799992184],[-76.58193199991673,39.348790999590925],[-76.57940600005843,39.350436000042905],[-76.57726699953066,39.34991800019258],[-76.57773200013085,39.35239000004876],[-76.57432899965374,39.35253600008669],[-76.57301499989605,39.35390299955223],[-76.56643900015187,39.352732000243634]]]}},{"id":"259","type":"Feature","properties":{"GISJOIN":"G240510000274A","pct_black":0.03},"geometry":{"type":"Polygon","coordinates":[[[-76.53477000054464,39.35122099991055],[-76.54125900027158,39.3453920004951],[-76.55244099995296,39.33761399980064],[-76.55814700016151,39.34518499969646],[-76.55569299969261,39.34599199982068],[-76.55412100266969,39.34793599326315],[-76.55170700007699,39.347044999576006],[-76.54327600021884,39.35150099982901],[-76.54266600049982,39.353530999761325],[-76.54030000017383,39.35362800006563],[-76.53711599951339,39.35274200034423],[-76.53477000054464,39.35122099991055]]]}},{"id":"260","type":"Feature","properties":{"GISJOIN":"G240510000274B","pct_black":0.0},"geometry":{"type":"Polygon","coordinates":[[[-76.54266600049982,39.353530999761325],[-76.54327600021884,39.35150099982901],[-76.55170700007699,39.347044999576006],[-76.55412100266969,39.34793599326315],[-76.55569299969261,39.34599199982068],[-76.55814700016151,39.34518499969646],[-76.56088499977356,39.34835400039877],[-76.56332599971235,39.35010599959633],[-76.55773100041058,39.356657999806146],[-76.54701500062635,39.35373399977718],[-76.54266600049982,39.353530999761325]]]}},{"id":"261","type":"Feature","properties":{"GISJOIN":"G240510000275","pct_black":0.59},"geometry":{"type":"Polygon","coordinates":[[[-76.52977300031209,39.355574999747255],[-76.53477000054464,39.35122099991055],[-76.53711599951339,39.35274200034423],[-76.54016499972379,39.353601999535776],[-76.54701500062635,39.35373399977718],[-76.55773100041058,39.356657999806146],[-76.54424299974922,39.37218099960259],[-76.53238700054173,39.372206000202574],[-76.52979299948322,39.372058000004216],[-76.52977300031209,39.355574999747255]]]}},{"id":"262","type":"Feature","properties":{"GISJOIN":"G240510000276","pct_black":0.02},"geometry":{"type":"Polygon","coordinates":[[[-76.5578590004603,39.356511000284684],[-76.56332599971235,39.35010599959633],[-76.56643900015187,39.352732000243634],[-76.57301499989605,39.35390299955223],[-76.57292599995084,39.35703699978874],[-76.57388500036458,39.359867000171704],[-76.5733789996732,39.361794999817796],[-76.57380971681727,39.365146770429426],[-76.56789999979333,39.364576000364764],[-76.56160500027514,39.3626479995885],[-76.55860700020666,39.362680000241696],[-76.5578590004603,39.356511000284684]]]}},{"id":"263","type":"Feature","properties":{"GISJOIN":"G240510000277","pct_black":0.02},"geometry":{"type":"Polygon","coordinates":[[[-76.55773100041058,39.356657999806146],[-76.55860700020666,39.362680000241696],[-76.56160500027514,39.3626479995885],[-76.56789999979333,39.364576000364764],[-76.57380971681727,39.365146770429426],[-76.57452899948568,39.36803199989564],[-76.57244200015693,39.37075800043955],[-76.5716699997036,39.3710050000567],[-76.57199600038093,39.3721079996653],[-76.54424299974922,39.37218099960259],[-76.55773100041058,39.356657999806146]]]}},{"id":"264","type":"Feature","properties":{"GISJOIN":"G240510000278A","pct_black":0.03},"geometry":{"type":"Polygon","coordinates":[[[-76.57452899948568,39.36803199989564],[-76.5733789996732,39.361794999817796],[-76.57388500036458,39.359867000171704],[-76.57292599995084,39.35703699978874],[-76.57301499989605,39.35390299955223],[-76.57580399990043,39.354930999663694],[-76.57846199981881,39.35445700029099],[-76.58213400032115,39.35561299964885],[-76.58956100032249,39.355418000440366],[-76.59256400035854,39.354250000341715],[-76.59466600017008,39.35407500003928],[-76.59517200003451,39.35551899975231],[-76.59797400013088,39.35907199964739],[-76.59784300046898,39.36303800045195],[-76.59915199940913,39.365240000109544],[-76.60030299946223,39.369139999854575],[-76.59734200031744,39.37079800029106],[-76.59704499989022,39.37186800043716],[-76.57199600038093,39.3721079996653],[-76.5716699997036,39.3710050000567],[-76.57244200015693,39.37075800043955],[-76.57452899948568,39.36803199989564]]]}},{"id":"265","type":"Feature","properties":{"GISJOIN":"G240510000278B","pct_black":0.01},"geometry":{"type":"Polygon","coordinates":[[[-76.59466600017008,39.35407500003928],[-76.60995300038765,39.355503000217965],[-76.60977799948405,39.372201999760534],[-76.59704499989022,39.37186800043716],[-76.59734200031744,39.37079800029106],[-76.60030299946223,39.369139999854575],[-76.60025799957401,39.36817099986216],[-76.59784300046898,39.36303800045195],[-76.59824599974284,39.36106100032322],[-76.59793600017444,39.35897300032212],[-76.59517200003451,39.35551899975231],[-76.59466600017008,39.35407500003928]]]}},{"id":"266","type":"Feature","properties":{"GISJOIN":"G240510000279","pct_black":5.67},"geometry":{"type":"Polygon","coordinates":[[[-76.57301499989605,39.35390299955223],[-76.57432899965374,39.35253600008669],[-76.57773200013085,39.35239000004876],[-76.57726699953066,39.34991800019258],[-76.57940600005843,39.350436000042905],[-76.58190700034092,39.348866999699986],[-76.58111900039769,39.34807799992184],[-76.5806879995379,39.34471599955121],[-76.58152600040218,39.34186699973477],[-76.57903799946965,39.34149000001004],[-76.57826385654207,39.340232106400926],[-76.60017243000598,39.34040985486046],[-76.59828899954077,39.354166000229434],[-76.59332600020048,39.35413100010871],[-76.58956100032249,39.355418000440366],[-76.58213400032115,39.35561299964885],[-76.57846199981881,39.35445700029099],[-76.57580399990043,39.354930999663694],[-76.57301499989605,39.35390299955223]]]}},{"id":"267","type":"Feature","properties":{"GISJOIN":"G240510000281A","pct_black":0.99},"geometry":{"type":"Polygon","coordinates":[[[-76.71119099946375,39.362771000327676],[-76.6822960002345,39.34212600037827],[-76.68066199957212,39.34167700005601],[-76.6780109995542,39.34220699949997],[-76.67073000039024,39.34013500019632],[-76.67871713472084,39.340156694077876],[-76.68747700013786,39.342853999625994],[-76.70644100030995,39.35302700047133],[-76.71138799971892,39.349495999582],[-76.71119099946375,39.362771000327676]]]}},{"id":"268","type":"Feature","properties":{"GISJOIN":"G240510000281B","pct_black":0.05},"geometry":{"type":"Polygon","coordinates":[[[-76.67871713472084,39.340156694077876],[-76.68937000064018,39.34024399967955],[-76.68911529218806,39.329349463963496],[-76.71101100023365,39.33639100023822],[-76.71138799971892,39.349495999582],[-76.70644100030995,39.35302700047133],[-76.68794200024008,39.343061999839],[-76.67871713472084,39.340156694077876]]]}},{"id":"269","type":"Feature","properties":{"GISJOIN":"G240510000282","pct_black":0.27},"geometry":{"type":"Polygon","coordinates":[[[-76.68911529218806,39.329349463963496],[-76.68863500067367,39.32402899967266],[-76.70413099951024,39.31848700007762],[-76.70662800061727,39.31981399967005],[-76.70853600034526,39.31940999970351],[-76.70962400041502,39.318507999999355],[-76.71102800006824,39.31891600006069],[-76.71149299963425,39.32080500022598],[-76.71149300028686,39.33379900025141],[-76.71101100023365,39.33639100023822],[-76.68911529218806,39.329349463963496]]]}},{"id":"270","type":"Feature","properties":{"GISJOIN":"G240510000283","pct_black":21.26},"geometry":{"type":"Polygon","coordinates":[[[-76.68720228591934,39.304715992269784],[-76.69339599988255,39.30406099996287],[-76.69470999936105,39.301837000214846],[-76.69746400028059,39.301323000141586],[-76.70138899994424,39.30155899976273],[-76.70460199981923,39.29992599989238],[-76.70584999982722,39.299983000350856],[-76.70614100061734,39.30073299973629],[-76.70522600008168,39.30223699981404],[-76.70569099992521,39.30284099962884],[-76.70828700027279,39.30365399968754],[-76.71118499967005,39.30340899998335],[-76.71102800006824,39.31891600006069],[-76.70962400041502,39.318507999999355],[-76.70853600034526,39.31940999970351],[-76.70662800061727,39.31981399967005],[-76.70413099951024,39.31848700007762],[-76.68863500067367,39.32402899967266],[-76.68720228591934,39.304715992269784]]]}},{"id":"271","type":"Feature","properties":{"GISJOIN":"G240510000284","pct_black":0.04},"geometry":{"type":"Polygon","coordinates":[[[-76.68720228591934,39.304715992269784],[-76.68560999977707,39.28167899972114],[-76.70525200039384,39.28086499985817],[-76.70726800017374,39.279379999772246],[-76.71105400031043,39.277888999665485],[-76.71118499967005,39.30340899998335],[-76.70828700027279,39.30365399968754],[-76.7057789999266,39.302896999719216],[-76.70523299949977,39.302141000056466],[-76.70618199967585,39.30041999950712],[-76.70505499973142,39.29982900030113],[-76.70138899994424,39.30155899976273],[-76.69746400028059,39.301323000141586],[-76.6944280003807,39.30192300047112],[-76.69339599988255,39.30406099996287],[-76.68720228591934,39.304715992269784]]]}}]}