{"type":"FeatureCollection","features":[{"id":"592","type":"Feature","properties":{"GISJOIN":"G42001100001","pct_black":9.81},"geometry":{"type":"Polygon","coordinates":[[[-75.91823100030349,40.332031000184415],[-75.93189900014238,40.3322410001905],[-75.93170000004721,40.338506000001274],[-75.91806099955814,40.33829200036198],[-75.91823100030349,40.332031000184415]]]}},{"id":"593","type":"Feature","properties":{"GISJOIN":"G42001100002","pct_black":3.96},"geometry":{"type":"Polygon","coordinates":[[[-75.94185500020407,40.351196000191024],[-75.94847800026474,40.34834199995769],[-75.9508400001248,40.344603000180044],[-75.9578869997943,40.35118300035007],[-75.960089000318,40.35426300041418],[-75.94709300024142,40.361589000485814],[-75.9412109996875,40.3642359996773],[-75.93795299993602,40.36049200028164],[-75.93785300039143,40.357992000300236],[-75.94185500020407,40.351196000191024]]]}},{"id":"594","type":"Feature","properties":{"GISJOIN":"G42001100003","pct_black":0.23},"geometry":{"type":"Polygon","coordinates":[[[-75.93277599937855,40.36751300026209],[-75.93247299942001,40.363288000138674],[-75.93402100054446,40.35585699992575],[-75.93353400048943,40.352467999946285],[-75.9326149997878,40.350524000215835],[-75.93330299991841,40.35053600040941],[-75.93334700037,40.34905000049204],[-75.9424659999864,40.34903700034635],[-75.94352099974193,40.35038499965508],[-75.94185500020407,40.351196000191024],[-75.93814900038456,40.35741500000684],[-75.93795299993602,40.36049200028164],[-75.94142899938355,40.364493000130885],[-75.95090499933283,40.36663400034297],[-75.95330400043333,40.36812299998582],[-75.94804300056498,40.37076300004278],[-75.94701300057822,40.36944399992701],[-75.94313500002762,40.370951999603804],[-75.9403080003623,40.36712600041107],[-75.93277599937855,40.36751300026209]]]}},{"id":"595","type":"Feature","properties":{"GISJOIN":"G42001100004","pct_black":0.24},"geometry":{"type":"Polygon","coordinates":[[[-75.92200699998466,40.35034400027296],[-75.92546900037935,40.35039799967091],[-75.92551600031882,40.348913000319044],[-75.93334700037,40.34905000049204],[-75.93330299991841,40.35053600040941],[-75.9326149997878,40.350524000215835],[-75.93353400048943,40.352467999946285],[-75.93402100054446,40.35585699992575],[-75.93247299942001,40.363288000138674],[-75.93277599937855,40.36751300026209],[-75.92808599945612,40.367821999830376],[-75.92132899946247,40.358409000276744],[-75.92090700031028,40.354625999946016],[-75.92200699998466,40.35034400027296]]]}},{"id":"596","type":"Feature","properties":{"GISJOIN":"G42001100005","pct_black":0.5},"geometry":{"type":"Polygon","coordinates":[[[-75.92192599994203,40.36714800028665],[-75.91528200031145,40.36720799974703],[-75.9154620001447,40.360623999827844],[-75.91351600048444,40.36059199984612],[-75.9136539993953,40.35614500017311],[-75.91949999972286,40.35623799975253],[-75.91961599996522,40.35178900041927],[-75.92020799949766,40.3517980003442],[-75.92073599988153,40.350326000078404],[-75.92200699998466,40.35034400027296],[-75.92090700031028,40.354625999946016],[-75.92132899946247,40.358409000276744],[-75.92808599945612,40.367821999830376],[-75.92684499982785,40.36785399958565],[-75.92775100015218,40.3691190003206],[-75.92044300031208,40.3711339996801],[-75.92030199954715,40.37022199958149],[-75.92192599994203,40.36714800028665]]]}},{"id":"597","type":"Feature","properties":{"GISJOIN":"G42001100006","pct_black":0.52},"geometry":{"type":"Polygon","coordinates":[[[-75.89559300004898,40.366515999899654],[-75.89988700056571,40.362682999975746],[-75.90498000020395,40.35480799972267],[-75.90816799960294,40.35605199975204],[-75.9136539993953,40.35614500017311],[-75.91351600048444,40.36059199984612],[-75.9154620001447,40.360623999827844],[-75.91528200031145,40.36720799974703],[-75.89559300004898,40.366515999899654]]]}},{"id":"598","type":"Feature","properties":{"GISJOIN":"G42001100007","pct_black":0.57},"geometry":{"type":"Polygon","coordinates":[[[-75.90498000020395,40.35480799972267],[-75.90718699987863,40.352662999983416],[-75.90735000025602,40.34829199998006],[-75.90906634456117,40.34835979192069],[-75.90904800002157,40.3455819999418],[-75.91198499983827,40.34573299965613],[-75.911907999849,40.34869300018247],[-75.91579599977153,40.348754000037474],[-75.91560200057457,40.356182000044114],[-75.90816799960294,40.35605199975204],[-75.90498000020395,40.35480799972267]]]}},{"id":"599","type":"Feature","properties":{"GISJOIN":"G42001100008","pct_black":0.0},"geometry":{"type":"Polygon","coordinates":[[[-75.91579599977153,40.348754000037474],[-75.92125000036461,40.349131000036884],[-75.92020799949766,40.3517980003442],[-75.91961599996522,40.35178900041927],[-75.91949999972286,40.35623799975253],[-75.91560200057457,40.356182000044114],[-75.91579599977153,40.348754000037474]]]}},{"id":"600","type":"Feature","properties":{"GISJOIN":"G42001100009","pct_black":2.67},"geometry":{"type":"Polygon","coordinates":[[[-75.92303500012154,40.34591399967297],[-75.92386900057421,40.34586599998725],[-75.92564099946264,40.34446299998789],[-75.93346800033372,40.34459599999189],[-75.93334700037,40.34905000049204],[-75.92551600031882,40.348913000319044],[-75.92546900037935,40.35039799967091],[-75.92200699998466,40.35034400027296],[-75.92303500012154,40.34591399967297]]]}},{"id":"601","type":"Feature","properties":{"GISJOIN":"G42001100010","pct_black":3.25},"geometry":{"type":"Polygon","coordinates":[[[-75.93334700037,40.34905000049204],[-75.93377499969134,40.34325700007992],[-75.93869899965208,40.342588999881784],[-75.93893799998855,40.343215999819094],[-75.93788399960714,40.34319699951363],[-75.93772400013464,40.349123999898445],[-75.93334700037,40.34905000049204]]]}},{"id":"602","type":"Feature","properties":{"GISJOIN":"G42001100011","pct_black":4.92},"geometry":{"type":"Polygon","coordinates":[[[-75.93772400013464,40.349123999898445],[-75.93788399960714,40.34319699951363],[-75.93893799998855,40.343215999819094],[-75.93869899965208,40.342588999881784],[-75.94344199952555,40.3418860000386],[-75.94761200039257,40.34057399983195],[-75.95035699992502,40.34196500011453],[-75.9508400001248,40.344603000180044],[-75.94878399997863,40.34806900044169],[-75.94694999979538,40.34929299989818],[-75.94352099974193,40.35038499965508],[-75.94233900017646,40.34899600045222],[-75.93772400013464,40.349123999898445]]]}},{"id":"603","type":"Feature","properties":{"GISJOIN":"G42001100012","pct_black":42.16},"geometry":{"type":"Polygon","coordinates":[[[-75.93363899952782,40.338532000309904],[-75.93559000043011,40.33855500027186],[-75.93554600014518,40.34001199971827],[-75.94004116277193,40.3376107996625],[-75.94761200039257,40.34057399983195],[-75.94344199952555,40.3418860000386],[-75.93377499969134,40.34325700007992],[-75.93363899952782,40.338532000309904]]]}},{"id":"604","type":"Feature","properties":{"GISJOIN":"G42001100013","pct_black":21.93},"geometry":{"type":"Polygon","coordinates":[[[-75.92387200038362,40.33839400031848],[-75.93363899952782,40.338532000309904],[-75.93346800033372,40.34459599999189],[-75.92564099946264,40.34446299998789],[-75.92386900057421,40.34586599998725],[-75.92303500012154,40.34591399967297],[-75.92387200038362,40.33839400031848]]]}},{"id":"605","type":"Feature","properties":{"GISJOIN":"G42001100014","pct_black":2.31},"geometry":{"type":"Polygon","coordinates":[[[-75.91579599977153,40.348754000037474],[-75.91596599998286,40.34283300013297],[-75.92179899986834,40.34293199956964],[-75.92174900008895,40.34589099963388],[-75.92303500012154,40.34591399967297],[-75.92200699998466,40.35034400027296],[-75.92073599988153,40.350326000078404],[-75.92125000036461,40.349131000036884],[-75.92074000052521,40.3488629999462],[-75.91579599977153,40.348754000037474]]]}},{"id":"606","type":"Feature","properties":{"GISJOIN":"G42001100015","pct_black":0.0},"geometry":{"type":"Polygon","coordinates":[[[-75.911907999849,40.34869300018247],[-75.91203499951787,40.344258000169276],[-75.9101069998275,40.344218999771186],[-75.91014899953464,40.342729999726565],[-75.91596599998286,40.34283300013297],[-75.91579599977153,40.348754000037474],[-75.911907999849,40.34869300018247]]]}},{"id":"607","type":"Feature","properties":{"GISJOIN":"G42001100016","pct_black":0.0},"geometry":{"type":"Polygon","coordinates":[[[-75.91609900045319,40.338264000390545],[-75.91596599998286,40.34283300013297],[-75.91014899953464,40.342729999726565],[-75.91028299987181,40.338182999888964],[-75.91609900045319,40.338264000390545]]]}},{"id":"608","type":"Feature","properties":{"GISJOIN":"G42001100017","pct_black":0.53},"geometry":{"type":"Polygon","coordinates":[[[-75.91596599998286,40.34283300013297],[-75.91609900045319,40.338264000390545],[-75.92387200038362,40.33839400031848],[-75.92303500012154,40.34591399967297],[-75.92174900008895,40.34589099963388],[-75.92179899986834,40.34293199956964],[-75.91596599998286,40.34283300013297]]]}},{"id":"609","type":"Feature","properties":{"GISJOIN":"G42001100018","pct_black":0.0},"geometry":{"type":"Polygon","coordinates":[[[-75.8634689996693,40.36714399950514],[-75.86915623418972,40.360004087645976],[-75.86747636116824,40.359305375334415],[-75.86788593084064,40.356128649502665],[-75.86979000010238,40.35608100030124],[-75.86988099951277,40.35487599970641],[-75.87049800017569,40.35594500046081],[-75.87260700032876,40.35612800046275],[-75.87704799989712,40.349456000091216],[-75.88152886752164,40.346777658496904],[-75.8868534294145,40.34990665378921],[-75.88993223613623,40.347804756998435],[-75.89059865233415,40.34808733535954],[-75.89015262459438,40.34882315350397],[-75.8927333954447,40.34979503586926],[-75.89334629474942,40.34915983674077],[-75.89276178976934,40.34881813185449],[-75.89601959516536,40.34527729735291],[-75.89504902884333,40.34479201480695],[-75.89388985632485,40.34641145910539],[-75.89180030224627,40.34519675024866],[-75.89288799937712,40.343812000195584],[-75.89113200035396,40.34267699993722],[-75.89268800034253,40.341128999992286],[-75.89483400017082,40.34011999970474],[-75.89384900310958,40.33869200364298],[-75.89404900051625,40.33619200003161],[-75.89051199985964,40.33358599976265],[-75.89454199946205,40.32911899989972],[-75.89885099966409,40.32919499994006],[-75.89933400008991,40.32827699989749],[-75.91001400050092,40.33010100004527],[-75.91619300053489,40.33525899974689],[-75.91609900045319,40.338264000390545],[-75.91028299987181,40.338182999888964],[-75.9101069998275,40.344218999771186],[-75.91203499951787,40.344258000169276],[-75.91198499983827,40.34573299965613],[-75.90904800002157,40.3455819999418],[-75.90906634456117,40.34835979192069],[-75.90735000025602,40.34829199998006],[-75.90718699987863,40.352662999983416],[-75.90523600004191,40.354394000187845],[-75.89988700056571,40.362682999975746],[-75.8955750342195,40.36653376721798],[-75.89606954828791,40.36848861048454],[-75.89316600798043,40.37057207585376],[-75.89077492410486,40.37029190744423],[-75.89085099964603,40.36962899961433],[-75.88997300021359,40.36911100047849],[-75.89299226675799,40.36344084245554],[-75.8889107522951,40.361483772403716],[-75.8875215572149,40.362726164572656],[-75.889745939207,40.36334713133275],[-75.88942560614748,40.364410286461705],[-75.88694996045399,40.364989105640646],[-75.88683546348481,40.366021309721674],[-75.88357271324304,40.36484099081374],[-75.88291882163233,40.36263625023757],[-75.87884046525241,40.363620133775676],[-75.87736399980479,40.363319000423175],[-75.87639052006855,40.36181711913189],[-75.875008100054,40.36217080809925],[-75.8735232927593,40.36066409658252],[-75.87232457122798,40.360480994047975],[-75.8712428825162,40.36049484708703],[-75.86783499965468,40.362722999983724],[-75.86743200003598,40.3649009999451],[-75.86639800012803,40.36574799975306],[-75.86533099968447,40.367933000075716],[-75.86334500054578,40.368263000069206],[-75.86049000008266,40.369753000317374],[-75.85982699964197,40.369463000088096],[-75.85982400023632,40.368927000457944],[-75.8634689996693,40.36714399950514]]]}},{"id":"610","type":"Feature","properties":{"GISJOIN":"G42001100019","pct_black":5.58},"geometry":{"type":"Polygon","coordinates":[[[-75.91212699993504,40.331915000005246],[-75.91823100030349,40.332031000184415],[-75.91806099955814,40.33829200036198],[-75.91609900045319,40.338264000390545],[-75.91619300053489,40.33525899974689],[-75.91212699993504,40.331915000005246]]]}},{"id":"611","type":"Feature","properties":{"GISJOIN":"G42001100020","pct_black":0.96},"geometry":{"type":"Polygon","coordinates":[[[-75.89933400008991,40.32827699989749],[-75.89995000052863,40.322792000173784],[-75.9135630003164,40.32331899969708],[-75.91245100033832,40.325792000086565],[-75.91235000040629,40.33192300042434],[-75.91001400050092,40.33010100004527],[-75.89933400008991,40.32827699989749]]]}},{"id":"612","type":"Feature","properties":{"GISJOIN":"G42001100021","pct_black":3.64},"geometry":{"type":"Polygon","coordinates":[[[-75.9135630003164,40.32331899969708],[-75.91807800009818,40.322732999626915],[-75.91835700020941,40.323208000091135],[-75.91823100030349,40.332031000184415],[-75.91235000040629,40.33192300042434],[-75.91245100033832,40.325792000086565],[-75.9135630003164,40.32331899969708]]]}},{"id":"613","type":"Feature","properties":{"GISJOIN":"G42001100022","pct_black":16.39},"geometry":{"type":"Polygon","coordinates":[[[-75.91807800009818,40.322732999626915],[-75.92125200037826,40.32159200045111],[-75.92632699969619,40.32354999970531],[-75.92431099982235,40.3243490000758],[-75.92401600006123,40.33212300036547],[-75.91823100030349,40.332031000184415],[-75.91807800009818,40.322732999626915]]]}},{"id":"614","type":"Feature","properties":{"GISJOIN":"G42001100023","pct_black":11.26},"geometry":{"type":"Polygon","coordinates":[[[-75.92512400059293,40.324014999968995],[-75.92620499980556,40.32503900006473],[-75.9285919998554,40.32579300040338],[-75.92818099971885,40.32598499978188],[-75.9279749999317,40.33218099979709],[-75.92401600006123,40.33212300036547],[-75.92431099982235,40.3243490000758],[-75.92512400059293,40.324014999968995]]]}},{"id":"615","type":"Feature","properties":{"GISJOIN":"G42001100024","pct_black":12.18},"geometry":{"type":"Polygon","coordinates":[[[-75.92512400059293,40.324014999968995],[-75.92632699969619,40.32354999970531],[-75.93302000045229,40.32540400052804],[-75.9316479997193,40.32675999954186],[-75.93220199983239,40.32710000018438],[-75.93189900014238,40.3322410001905],[-75.9279749999317,40.33218099979709],[-75.92818099971885,40.32598499978188],[-75.9285919998554,40.32579300040338],[-75.92620499980556,40.32503900006473],[-75.92512400059293,40.324014999968995]]]}},{"id":"616","type":"Feature","properties":{"GISJOIN":"G42001100025","pct_black":30.94},"geometry":{"type":"Polygon","coordinates":[[[-75.93559000043011,40.33855500027186],[-75.93170000004721,40.338506000001274],[-75.93220199983239,40.32710000018438],[-75.9316479997193,40.32675999954186],[-75.93302000045229,40.32540400052804],[-75.93963100031179,40.33099200021744],[-75.93929800050948,40.33247299997467],[-75.9374450000182,40.33499399970554],[-75.93793899973747,40.33614399995736],[-75.94004116277193,40.3376107996625],[-75.93554600014518,40.34001199971827],[-75.93559000043011,40.33855500027186]]]}},{"id":"617","type":"Feature","properties":{"GISJOIN":"G42001100026","pct_black":11.84},"geometry":{"type":"Polygon","coordinates":[[[-75.93302000045229,40.32540400052804],[-75.93453499941874,40.32116100028059],[-75.93912500038329,40.31625200011327],[-75.93987299994699,40.314272999874575],[-75.94063099980951,40.314462999608146],[-75.94169700028458,40.31606999964233],[-75.94253200011697,40.320647000458],[-75.94852999973594,40.3170949996466],[-75.95028600030534,40.31958399999934],[-75.95188000042214,40.318959999738944],[-75.9530799996497,40.322268000161564],[-75.951722999791,40.32256099951592],[-75.95217200002261,40.32448800027827],[-75.94586800000252,40.32697099996274],[-75.94307400058462,40.32708299966357],[-75.94062099964825,40.32786799990642],[-75.94130699982422,40.328604000052536],[-75.93907399997906,40.330110999720745],[-75.93302000045229,40.32540400052804]]]}},{"id":"618","type":"Feature","properties":{"GISJOIN":"G42001100027","pct_black":0.0},"geometry":{"type":"Polygon","coordinates":[[[-75.95188000042214,40.318959999738944],[-75.95512000020386,40.31720899978033],[-75.95567699946531,40.31639400011965],[-75.95697499943607,40.318094000014405],[-75.95933199970936,40.3224079998861],[-75.95768900001954,40.32355200031602],[-75.95829200000472,40.324494999548314],[-75.95605000045416,40.32549700040625],[-75.95663300020286,40.326956000288604],[-75.95279000046159,40.328333000090105],[-75.94863099987832,40.32663699980544],[-75.94665600012151,40.32689199957773],[-75.94725900037047,40.32759199966942],[-75.94626199970337,40.327792000298025],[-75.94602599982854,40.327354000272685],[-75.94349599994923,40.328501999590365],[-75.94130699982422,40.328604000052536],[-75.94062099964825,40.32786799990642],[-75.94307400058462,40.32708299966357],[-75.94586800000252,40.32697099996274],[-75.95217200002261,40.32448800027827],[-75.951722999791,40.32256099951592],[-75.9530799996497,40.322268000161564],[-75.95188000042214,40.318959999738944]]]}},{"id":"619","type":"Feature","properties":{"GISJOIN":"G42001100028","pct_black":0.0},"geometry":{"type":"Polygon","coordinates":[[[-75.94063099980951,40.314462999608146],[-75.94721099990456,40.311918999632724],[-75.94774200037882,40.312707000090626],[-75.95148399981343,40.31073500019833],[-75.95567699946531,40.31639400011965],[-75.9547439996448,40.31744300002611],[-75.95028600030534,40.31958399999934],[-75.94852999973594,40.3170949996466],[-75.94253200011697,40.320647000458],[-75.9418350000004,40.31641799965213],[-75.94063099980951,40.314462999608146]]]}},{"id":"620","type":"Feature","properties":{"GISJOIN":"G42001100029","pct_black":0.0},"geometry":{"type":"Polygon","coordinates":[[[-75.93302000045229,40.32540400052804],[-75.92202400029818,40.32198899962334],[-75.92029200010076,40.32008099998483],[-75.91987499985024,40.31878700006007],[-75.92032900007543,40.311161999883446],[-75.92114799971867,40.30924199952213],[-75.92235499944674,40.30963799990402],[-75.92161099998225,40.30899100009792],[-75.9225969997068,40.307840999900165],[-75.92269199937452,40.30673500034658],[-75.9220749998016,40.30556499964024],[-75.91718099975249,40.30181499977797],[-75.9173220000952,40.30122200019707],[-75.91819900000156,40.30192399968919],[-75.91412599983715,40.2964010001012],[-75.91817799969353,40.297403000210814],[-75.91990699941736,40.29852399993797],[-75.9208279993438,40.300029000221826],[-75.92320199948368,40.301144000207195],[-75.92484500044124,40.30369200010484],[-75.92414499957049,40.30797400029632],[-75.92578900039426,40.308547000153204],[-75.93244800035606,40.3046950002158],[-75.9331080000887,40.30495500029035],[-75.93467000021825,40.30434300040725],[-75.93469700033778,40.306264999904144],[-75.93367938847182,40.30723666586588],[-75.93446000009325,40.30950299999924],[-75.93640400022673,40.31136699986458],[-75.93681600046183,40.311985000205325],[-75.93627700002257,40.312197999747454],[-75.93715899999181,40.31351199955541],[-75.93972900025615,40.31445799988658],[-75.93912500038329,40.31625200011327],[-75.93453499941874,40.32116100028059],[-75.93302000045229,40.32540400052804]],[[-75.92938400012322,40.31281300005993],[-75.92835121425034,40.31313591675136],[-75.9278519997106,40.31329200021604],[-75.93015169641292,40.31379277324133],[-75.92938400012322,40.31281300005993]]]}},{"id":"621","type":"Feature","properties":{"GISJOIN":"G42001100101","pct_black":0.19},"geometry":{"type":"Polygon","coordinates":[[[-76.10633599934508,40.477477000232135],[-76.10589799973249,40.47552100004427],[-76.10640599976873,40.47421899988157],[-76.11027599996412,40.47339699970416],[-76.11377299994744,40.474413000078414],[-76.11527500038365,40.473508000405545],[-76.11681299998922,40.47365499998673],[-76.1178790000883,40.47299100007707],[-76.1183689994198,40.47190900010532],[-76.11729200006133,40.47162200007637],[-76.11709300033806,40.47106800037366],[-76.11790800044756,40.470167000513314],[-76.11753200006382,40.46919099988407],[-76.21511500012004,40.466560999842855],[-76.22129900010184,40.47718499997524],[-76.22601300057052,40.47659099981595],[-76.22606000010492,40.47618000030353],[-76.22996099949634,40.474982000268945],[-76.23213099999593,40.47583099977036],[-76.2323310005186,40.47752900016583],[-76.23470499999556,40.47748100005742],[-76.23786300020868,40.47831200005028],[-76.240973000378,40.47784499960622],[-76.24629599983295,40.47841399957049],[-76.24981799952181,40.47597400019734],[-76.25442099953403,40.47612500036991],[-76.25631399956026,40.474910999784946],[-76.25698800039868,40.47552999963561],[-76.25950200042462,40.475280999815695],[-76.2600450004899,40.47404099998982],[-76.26329899980304,40.47294000040497],[-76.26361099981284,40.47200399967286],[-76.26277199970679,40.470414999913196],[-76.26299300047911,40.4692659997826],[-76.26642699993445,40.46971500016972],[-76.26808200002867,40.46891099963991],[-76.26841800018377,40.46979399959369],[-76.27309700052305,40.47107600023854],[-76.2760020000457,40.469952999841745],[-76.27503900005668,40.467713000312195],[-76.27639899971055,40.4665459995145],[-76.27611100049002,40.46496900036744],[-76.27800099991941,40.46381799954355],[-76.278671999872,40.46221499964091],[-76.28114799951861,40.46102799990901],[-76.28284099942987,40.45840199999178],[-76.28591000030461,40.45718600021618],[-76.28563299966142,40.45471099978872],[-76.28681200057717,40.453334000015445],[-76.28886599972223,40.45263300019719],[-76.28959300049998,40.45139499975555],[-76.28915600039862,40.45028700005313],[-76.28491499946894,40.44734599999203],[-76.28601499976405,40.442264000147176],[-76.28677200011663,40.442085000095794],[-76.28720299978865,40.44285099988061],[-76.28817700035182,40.44088100039012],[-76.29184999948966,40.43869200025169],[-76.2956929998152,40.43733100030709],[-76.29767099965167,40.43719300039785],[-76.30241500017513,40.43329199960532],[-76.30424900028217,40.433670000346005],[-76.30640000003714,40.435949999630196],[-76.31207600036159,40.438794000037554],[-76.31315399958767,40.44023800008386],[-76.31462800024711,40.44086999967178],[-76.31527499967795,40.44278199975718],[-76.31637699941037,40.443283999948406],[-76.31959999985062,40.44255099975126],[-76.32036900049883,40.44339900009794],[-76.32245100050046,40.44396300031439],[-76.32467899966501,40.44291899995419],[-76.32714100017682,40.442713999810714],[-76.32845199987567,40.443126999701555],[-76.32820299967176,40.44378300007133],[-76.32925699988394,40.4441459995945],[-76.3338269997844,40.44308799986],[-76.33619499990556,40.44424099991141],[-76.33863800013052,40.44457600005307],[-76.34025800003165,40.44577799998816],[-76.34347899948558,40.44650999995519],[-76.3462570001292,40.44596399981491],[-76.34870100044746,40.44475500044396],[-76.35074899999078,40.44477899981253],[-76.35336600025562,40.44229500029045],[-76.44018099947543,40.495952000317466],[-76.43660499979505,40.49622899959267],[-76.4344179994177,40.49562200035693],[-76.42731099946198,40.49543400000995],[-76.41591199942373,40.49602200027692],[-76.41276599946708,40.497250000156214],[-76.40587400004114,40.498728999583044],[-76.39949799950888,40.50128600020966],[-76.38434799967229,40.50573899984983],[-76.3769270003803,40.50633299988173],[-76.36922199996305,40.50959699971849],[-76.3524000005528,40.51115699967026],[-76.34927100011392,40.512308999579005],[-76.34484500036478,40.51304400013846],[-76.33822799986343,40.51553600017692],[-76.33043499972175,40.515910000275966],[-76.32620300019963,40.51451500043057],[-76.32254400048926,40.51416000009699],[-76.31457900011193,40.51590999963525],[-76.30232600046527,40.51465800017164],[-76.28210899934986,40.51613700034443],[-76.27215199962349,40.517585999828086],[-76.26299799957441,40.51669699992234],[-76.25600799998819,40.51706699995985],[-76.2460280004016,40.519597999774085],[-76.23549199964121,40.52126300005032],[-76.23112300011307,40.52421600033001],[-76.21807399981434,40.52901699956079],[-76.21037400042798,40.52937400009433],[-76.1966339994955,40.53126500001262],[-76.19169800048344,40.53388600008548],[-76.18599000048496,40.53556300029273],[-76.17162399952785,40.53494699991933],[-76.16535899973348,40.539753999843796],[-76.16013700023554,40.54044999986594],[-76.15509600044692,40.54522900025668],[-76.14441800027066,40.54943599972531],[-76.13647099976322,40.55140699971045],[-76.13474499967258,40.55348199970768],[-76.12728199971708,40.55548800021779],[-76.12501499942344,40.551310000127735],[-76.1248990000222,40.550034000182855],[-76.12065699932009,40.54629000031866],[-76.12181199984427,40.54325700033705],[-76.12363000041458,40.5409730002851],[-76.12402900008209,40.53765399964458],[-76.12521399989056,40.535169999943534],[-76.1246450001513,40.53330799989497],[-76.12588199998433,40.53041699985569],[-76.12579600023342,40.52895499994143],[-76.12752300048788,40.52714399963547],[-76.12811600031539,40.525415000430556],[-76.1277599996357,40.523926999917066],[-76.12820199975455,40.521662999950486],[-76.12944499969248,40.51946700024481],[-76.12923699972576,40.51830999954201],[-76.12991900023151,40.51719800025541],[-76.12960300031749,40.515672999611695],[-76.12744100037645,40.514534000033144],[-76.12654499946913,40.51165800031493],[-76.12385799959951,40.50805200029759],[-76.12374100010304,40.504513000093745],[-76.12203600040701,40.50269399973671],[-76.12140899962853,40.50135200005963],[-76.12174399966021,40.50073400015314],[-76.12097800002414,40.49972900044539],[-76.12130800007614,40.49849400028917],[-76.12047099945855,40.49691799991331],[-76.12153700035776,40.49410000047549],[-76.12246299961818,40.49322400004332],[-76.12190700037794,40.492650000271595],[-76.12259000055093,40.49164999990528],[-76.12244899977492,40.490280999722316],[-76.12365699972754,40.48957700020199],[-76.12361000022703,40.48773599968092],[-76.1225750004995,40.48626000025907],[-76.11835600016889,40.48419299967469],[-76.11532299989327,40.48398799965652],[-76.11238699996233,40.482277000356305],[-76.10994799954771,40.48158699993255],[-76.10837600046942,40.479248999797456],[-76.10633599934508,40.477477000232135]]]}},{"id":"622","type":"Feature","properties":{"GISJOIN":"G42001100102","pct_black":0.11},"geometry":{"type":"Polygon","coordinates":[[[-76.01337200041968,40.57766899975981],[-76.00871300030852,40.57744699962135],[-76.00272600065148,40.57465199977014],[-75.99891500037535,40.571194000210724],[-75.99846400007445,40.57018000038122],[-75.99885099952692,40.56838199961175],[-75.99751799977913,40.56673299969171],[-75.99231599938818,40.565307000287355],[-75.991610000604,40.56329399973947],[-75.99012600029833,40.561327000231046],[-75.99058000012273,40.55878600005776],[-75.98971300021783,40.55578299978736],[-75.99023600059354,40.55406900001284],[-75.99285400066952,40.55222399968071],[-75.99301299979804,40.54998800041777],[-75.99139700010065,40.54772099976528],[-75.98709100038185,40.545217000099456],[-75.98424000058719,40.541911999659106],[-75.98049000032339,40.54025699984998],[-75.98019699979791,40.53752500008522],[-75.98160599996062,40.53290500018867],[-75.9886810002864,40.52716199978706],[-75.99243099938762,40.52700900019943],[-75.99652799938022,40.52402300031482],[-75.99965600026903,40.51930800040145],[-76.00165299937919,40.51795300034226],[-76.00197899960457,40.516776999972805],[-76.00143300006258,40.51487700014686],[-75.99965939246134,40.51375779201805],[-75.99659348313334,40.512581134385805],[-75.9929527340181,40.512067632381815],[-75.98907803161075,40.50981234368488],[-75.98857566210106,40.508709582122584],[-75.98851089298863,40.50425223013947],[-75.98467520768855,40.50095230086636],[-75.98306121038154,40.50008879440133],[-75.97494200028407,40.498932000388564],[-75.97294099990098,40.497704000025536],[-75.97150600054091,40.49559399996556],[-75.9719619997327,40.49162799963934],[-75.9702989995757,40.48803299959494],[-75.9676059999067,40.484443999644924],[-75.96730800006245,40.483060000386374],[-75.96778399957086,40.48176400026523],[-75.96987500009635,40.47987400028508],[-75.96991899962296,40.47482500011128],[-75.97294199952296,40.471083999841625],[-75.97675200042806,40.46844100000689],[-75.9746959993414,40.460712000266355],[-75.97672100018609,40.457546000017366],[-75.97717300018826,40.45569399963686],[-75.97644700012086,40.452187999712976],[-75.97504099954816,40.450235999659185],[-75.97153000033444,40.44716800045081],[-75.97535599989487,40.444192999884216],[-76.04085800049455,40.42960200029757],[-76.05062500016187,40.44411500012369],[-76.07206199977911,40.48309300018317],[-76.10633599934508,40.477477000232135],[-76.1100409996473,40.4816409998349],[-76.11238699996233,40.482277000356305],[-76.11532299989327,40.48398799965652],[-76.11835600016889,40.48419299967469],[-76.1225750004995,40.48626000025907],[-76.12336700061202,40.48713199984797],[-76.12365699972754,40.48957700020199],[-76.12244899977492,40.490280999722316],[-76.12259000055093,40.49164999990528],[-76.12190700037794,40.492650000271595],[-76.12246299961818,40.49322400004332],[-76.12153700035776,40.49410000047549],[-76.12047099945855,40.49691799991331],[-76.12130800007614,40.49849400028917],[-76.12097800002414,40.49972900044539],[-76.12174399966021,40.50073400015314],[-76.12140899962853,40.50135200005963],[-76.12203600040701,40.50269399973671],[-76.12374100010304,40.504513000093745],[-76.12385799959951,40.50805200029759],[-76.12654499946913,40.51165800031493],[-76.12744100037645,40.514534000033144],[-76.12960300031749,40.515672999611695],[-76.12991900023151,40.51719800025541],[-76.12923699972576,40.51830999954201],[-76.12944499969248,40.51946700024481],[-76.12820199975455,40.521662999950486],[-76.1277599996357,40.523926999917066],[-76.12811600031539,40.525415000430556],[-76.12752300048788,40.52714399963547],[-76.12579600023342,40.52895499994143],[-76.12588199998433,40.53041699985569],[-76.1246450001513,40.53330799989497],[-76.12521399989056,40.535169999943534],[-76.12402900008209,40.53765399964458],[-76.12363000041458,40.5409730002851],[-76.12181199984427,40.54325700033705],[-76.12065699932009,40.54629000031866],[-76.1248990000222,40.550034000182855],[-76.12501499942344,40.551310000127735],[-76.12728199971708,40.55548800021779],[-76.12466299989823,40.555889000038825],[-76.1216640002181,40.55740599971268],[-76.10586499960839,40.56219800000627],[-76.07944000013856,40.566098000173234],[-76.06515599956722,40.57967699985699],[-76.05802400055441,40.57962900002345],[-76.05733700024527,40.5759760002819],[-76.05494700015154,40.574266999840034],[-76.05301400032562,40.57416900030624],[-76.04948000037334,40.57654100033273],[-76.0472249997235,40.579891000301174],[-76.04725099955543,40.58267600028031],[-76.04500399974779,40.583792999692335],[-76.04252399986534,40.58395100012479],[-76.03950900044843,40.583094000526344],[-76.0381150003091,40.58196299986776],[-76.03624100047318,40.57880500035647],[-76.03384300032734,40.577258999935985],[-76.03153500011821,40.576995999864735],[-76.027146000656,40.57856199966031],[-76.0254369999993,40.57816300015772],[-76.02120100027773,40.573755000301],[-76.01729399999228,40.57424000029633],[-76.01627399992482,40.57664100001138],[-76.01337200041968,40.57766899975981]]]}},{"id":"623","type":"Feature","properties":{"GISJOIN":"G4200110010301","pct_black":0.68},"geometry":{"type":"Polygon","coordinates":[[[-75.9404530004108,40.41199299967031],[-75.94558900019749,40.40986700042729],[-75.95563200035973,40.40995899996364],[-75.96158399958631,40.40799099967739],[-75.96350699980258,40.408265999694656],[-75.96759600006705,40.41141700038129],[-75.96947200032602,40.41157500049703],[-75.97083200025875,40.41096600039466],[-75.97508900033525,40.40522899988292],[-75.97508899953314,40.40352799974349],[-75.97313600035558,40.40229200039639],[-75.96829799938472,40.40310800006793],[-75.9657499998051,40.40249800017967],[-75.9646360004168,40.40129200027608],[-75.96550599996687,40.39999500017922],[-75.97296800048,40.39628600007017],[-75.97353300047361,40.395515999716714],[-75.9731969996001,40.39385299996873],[-75.96901499990113,40.39071699993701],[-75.96108099967219,40.38859599987726],[-75.9538170001229,40.3840109997773],[-75.95134500020409,40.38143299989066],[-75.95097500056181,40.38032100013337],[-75.95268500008487,40.37700499993816],[-75.9559220001244,40.37300100034578],[-75.95592200040163,40.37134500002214],[-75.95429000032362,40.36922500036998],[-75.95090499933283,40.36663400034297],[-75.94315699997715,40.3651070001445],[-75.9412109996875,40.3642359996773],[-75.94709300024142,40.361589000485814],[-75.960089000318,40.35426300041418],[-75.96668399990736,40.35718200017727],[-75.96652700058353,40.3580709998543],[-75.96431599940851,40.35973400017745],[-75.96723100037865,40.362052999849446],[-75.96788699954622,40.363877000028864],[-75.96937399990725,40.363896000329554],[-75.97118199984712,40.36221599987168],[-75.97447399982849,40.36402700002618],[-75.9753509998974,40.36917600006227],[-75.97659500046679,40.37002600035438],[-75.9779809994495,40.36968400020237],[-75.98073200060848,40.367733999805345],[-75.98387100026088,40.36693600026259],[-75.99188900042552,40.36880399985353],[-75.99329699995955,40.36819800020888],[-75.99483599962676,40.366242000393534],[-75.9959039994529,40.36599000004001],[-76.00585399965671,40.369407999656914],[-76.00723399974162,40.371163999642235],[-76.00759400032156,40.37284900050507],[-76.00996500019689,40.37361000006915],[-76.01170499942671,40.3729540002722],[-76.01248699941473,40.370525000144546],[-76.01508299937674,40.36749300006326],[-76.01780999988563,40.366401000132846],[-76.01973700004021,40.36679200013131],[-76.03014700001603,40.375242000081776],[-76.03068299947122,40.37616199981287],[-76.03133700050131,40.38195100022338],[-76.03460300047101,40.38380499976315],[-76.03687600014088,40.38293500026054],[-76.0386609994271,40.3792920001454],[-76.03834200016048,40.376106999646524],[-76.03499900057398,40.372154999869494],[-76.03492300058839,40.37052200006368],[-76.03675500009943,40.369523000369924],[-76.03921199957719,40.36991899987455],[-76.04397300010528,40.374313999921554],[-76.05149499997424,40.386566999872564],[-76.05086100050202,40.39019199976979],[-76.03513200017973,40.40159799991655],[-76.03136000033952,40.40289200013652],[-76.02050100002948,40.4100179997661],[-76.02595900005417,40.432893000030376],[-75.97535599989487,40.444192999884216],[-75.97153000033444,40.44716800045081],[-75.97504099954816,40.450235999659185],[-75.97635600012514,40.4520929995673],[-75.97177100042849,40.45455400021856],[-75.96491400028886,40.4516490002813],[-75.95793700018429,40.445961999670125],[-75.96071200054207,40.442343999832374],[-75.96145500058887,40.44209299988535],[-75.95956900046515,40.44004199972051],[-75.9575549995544,40.43494599960397],[-75.95729600024998,40.42920099985606],[-75.95218399973436,40.42440899995408],[-75.94776199959163,40.421809999992625],[-75.94696500000742,40.417764999831995],[-75.94598900012389,40.416536999732934],[-75.9397819995937,40.41470700023611],[-75.93915199935651,40.41340800024003],[-75.9404530004108,40.41199299967031]]]}},{"id":"624","type":"Feature","properties":{"GISJOIN":"G4200110010302","pct_black":0.0},"geometry":{"type":"Polygon","coordinates":[[[-76.02595900005417,40.432893000030376],[-76.02050100002948,40.4100179997661],[-76.03136000033952,40.40289200013652],[-76.03513200017973,40.40159799991655],[-76.05086100050202,40.39019199976979],[-76.05375300026174,40.39523400043575],[-76.05866200017913,40.39879199963569],[-76.06701399949787,40.396805000349865],[-76.06942500001922,40.39446300006224],[-76.07212600040224,40.394761000355246],[-76.0776959998704,40.39749199991579],[-76.07650599960157,40.39952899960515],[-76.07446100010617,40.40116900022338],[-76.07416200054757,40.40189199977191],[-76.07464400010016,40.40322899960383],[-76.0772689998072,40.40455699976584],[-76.08685199971934,40.40721900040209],[-76.08764499987399,40.40998099977422],[-76.08910999975194,40.41194200025836],[-76.09272599994387,40.41435999969107],[-76.09496900043224,40.41463500028674],[-76.0982029996533,40.41382199949856],[-76.10185600034411,40.41488400044074],[-76.10546399957879,40.41769200010365],[-76.10707099957807,40.420137000129394],[-76.11267900046983,40.42523299979302],[-76.11245800005547,40.426227000162655],[-76.11466500040234,40.429543000503394],[-76.11361299954945,40.43200200015209],[-76.11619399970449,40.43576399954124],[-76.11556799969068,40.43634600033461],[-76.11685099981109,40.43789699984403],[-76.11639800046353,40.43809199993225],[-76.11724799972188,40.438648999758456],[-76.11861000037915,40.45112799982032],[-76.11704000023518,40.45300600047395],[-76.11514400042635,40.45772500048507],[-76.11670100014388,40.461789000478404],[-76.11512100033518,40.46702500018725],[-76.11692499991894,40.467276000429976],[-76.11791400047616,40.470085000272164],[-76.11713699952955,40.47130399964916],[-76.11838600054107,40.4720749996975],[-76.11704700017023,40.47357300033284],[-76.11562199977648,40.47340599965941],[-76.11382899994469,40.4744050000038],[-76.11027599996412,40.47339699970416],[-76.10640599976873,40.47421899988157],[-76.10589799973249,40.47552100004427],[-76.10633599934508,40.477477000232135],[-76.07206199977911,40.48309300018317],[-76.05062500016187,40.44411500012369],[-76.04085800049455,40.42960200029757],[-76.02595900005417,40.432893000030376]]]}},{"id":"625","type":"Feature","properties":{"GISJOIN":"G42001100104","pct_black":0.41},"geometry":{"type":"Polygon","coordinates":[[[-76.05296099981445,40.39419200001442],[-76.05633199974362,40.39442500024068],[-76.05836200000125,40.3952920000206],[-76.0632820003023,40.39276599969114],[-76.06789400000696,40.39111900014214],[-76.07021299996306,40.3909980004076],[-76.07058800026944,40.38959100035463],[-76.07359900021387,40.38777899965574],[-76.07557899961562,40.388407999806546],[-76.07722200020858,40.389999999687575],[-76.07985899978385,40.38868899958193],[-76.07979700067533,40.38816199973765],[-76.07794900006604,40.38776499961536],[-76.0772999999007,40.38709399956348],[-76.07887300054618,40.3855139996834],[-76.07656199953003,40.383484999857004],[-76.07989700058955,40.38265399973014],[-76.0807689996393,40.381464999882056],[-76.07802499995783,40.37881099969961],[-76.07703100051089,40.37687999998553],[-76.07846199998568,40.37502299963333],[-76.07761199944902,40.374395000063316],[-76.07753799961677,40.37260700011094],[-76.07979399962174,40.37153199951106],[-76.08006700048446,40.370834000050856],[-76.08092799967788,40.37078299966389],[-76.08151100009442,40.36775100015066],[-76.08394699964144,40.36623199981024],[-76.12627555210453,40.377271870026625],[-76.16862600069365,40.38651699969112],[-76.17410899968806,40.388431999696856],[-76.17637200021952,40.38578500017657],[-76.17629899978489,40.384601999580156],[-76.17443599983562,40.383251999740146],[-76.17064599996927,40.38253999988059],[-76.17017999972427,40.38170600023002],[-76.17358499970588,40.379981000210655],[-76.17544099959575,40.37964400033759],[-76.17504599941353,40.37810999999877],[-76.17696499977845,40.37733400005753],[-76.17848900028395,40.377391999869005],[-76.17904099997085,40.37860199992782],[-76.18272899948997,40.3782180002939],[-76.18309699936471,40.378566000312134],[-76.18413400031721,40.37809499966099],[-76.18422999971094,40.37636400034695],[-76.18270999993608,40.37476699991662],[-76.1819940003749,40.37487900003455],[-76.18084999996512,40.37390399975042],[-76.18117700014668,40.37304400021102],[-76.18300599947048,40.37297399976314],[-76.19002099989645,40.375861999665034],[-76.19169299967268,40.37487199988324],[-76.19182799979,40.371831999904835],[-76.19373299959318,40.37127299998046],[-76.19783399957862,40.372179999556295],[-76.19619199995577,40.367339000095185],[-76.20372600020238,40.36911000027712],[-76.20363900007727,40.36739499970941],[-76.19546300020873,40.36548800002634],[-76.19532299953943,40.36456299958144],[-76.19849700013182,40.354772000150206],[-76.20552799972576,40.36066099993827],[-76.23191600003479,40.366292000006055],[-76.35336600025562,40.44229500029045],[-76.35074899999078,40.44477899981253],[-76.34870100044746,40.44475500044396],[-76.3462570001292,40.44596399981491],[-76.34347899948558,40.44650999995519],[-76.34025800003165,40.44577799998816],[-76.33863800013052,40.44457600005307],[-76.33619499990556,40.44424099991141],[-76.3338269997844,40.44308799986],[-76.32925699988394,40.4441459995945],[-76.32820299967176,40.44378300007133],[-76.32845199987567,40.443126999701555],[-76.32714100017682,40.442713999810714],[-76.32467899966501,40.44291899995419],[-76.32245100050046,40.44396300031439],[-76.32036900049883,40.44339900009794],[-76.31959999985062,40.44255099975126],[-76.31637699941037,40.443283999948406],[-76.31527499967795,40.44278199975718],[-76.31462800024711,40.44086999967178],[-76.31315399958767,40.44023800008386],[-76.31207600036159,40.438794000037554],[-76.30640000003714,40.435949999630196],[-76.30424900028217,40.433670000346005],[-76.3021469995232,40.43333999958652],[-76.29767099965167,40.43719300039785],[-76.2956929998152,40.43733100030709],[-76.29184999948966,40.43869200025169],[-76.28817700035182,40.44088100039012],[-76.28720299978865,40.44285099988061],[-76.28677200011663,40.442085000095794],[-76.28601499976405,40.442264000147176],[-76.28491499946894,40.44734599999203],[-76.28915600039862,40.45028700005313],[-76.28959300049998,40.45139499975555],[-76.28886599972223,40.45263300019719],[-76.28681200057717,40.453334000015445],[-76.28563299966142,40.45471099978872],[-76.28591000030461,40.45718600021618],[-76.28284099942987,40.45840199999178],[-76.28114799951861,40.46102799990901],[-76.278671999872,40.46221499964091],[-76.27800099991941,40.46381799954355],[-76.27611100049002,40.46496900036744],[-76.27639899971055,40.4665459995145],[-76.27503900005668,40.467713000312195],[-76.2760020000457,40.469952999841745],[-76.27309700052305,40.47107600023854],[-76.26841800018377,40.46979399959369],[-76.26808200002867,40.46891099963991],[-76.26642699993445,40.46971500016972],[-76.26299300047911,40.4692659997826],[-76.26277199970679,40.470414999913196],[-76.26361099981284,40.47200399967286],[-76.26329899980304,40.47294000040497],[-76.2600450004899,40.47404099998982],[-76.25950200042462,40.475280999815695],[-76.25698800039868,40.47552999963561],[-76.25631399956026,40.474910999784946],[-76.25442099953403,40.47612500036991],[-76.24981799952181,40.47597400019734],[-76.24804000003247,40.476952999843256],[-76.24778100035984,40.47776900018675],[-76.24526700004041,40.47862500002495],[-76.2415969995997,40.47786299973339],[-76.23786300020868,40.47831200005028],[-76.23470499999556,40.47748100005742],[-76.2323310005186,40.47752900016583],[-76.23213099999593,40.47583099977036],[-76.22996099949634,40.474982000268945],[-76.22606000010492,40.47618000030353],[-76.22601300057052,40.47659099981595],[-76.22129900010184,40.47718499997524],[-76.21511500012004,40.466560999842855],[-76.11753200006382,40.46919099988407],[-76.11688200022357,40.46722499999772],[-76.11512100033518,40.46702500018725],[-76.11670100014388,40.461789000478404],[-76.11566199997837,40.45984800008954],[-76.11589699965302,40.458831000234376],[-76.11512000008616,40.458048000383926],[-76.11678799991277,40.45351999954855],[-76.11857899974223,40.45056499995662],[-76.11724799972188,40.438648999758456],[-76.11639800046353,40.43809199993225],[-76.11685099981109,40.43789699984403],[-76.11556799969068,40.43634600033461],[-76.11619399970449,40.43576399954124],[-76.11361299954945,40.43200200015209],[-76.11466500040234,40.429543000503394],[-76.11245800005547,40.426227000162655],[-76.11267900046983,40.42523299979302],[-76.10707099957807,40.420137000129394],[-76.10546399957879,40.41769200010365],[-76.10185600034411,40.41488400044074],[-76.0982029996533,40.41382199949856],[-76.09496900043224,40.41463500028674],[-76.09272599994387,40.41435999969107],[-76.08910999975194,40.41194200025836],[-76.08764499987399,40.40998099977422],[-76.08685199971934,40.40721900040209],[-76.0772689998072,40.40455699976584],[-76.07464400010016,40.40322899960383],[-76.07416200054757,40.40189199977191],[-76.07446100010617,40.40116900022338],[-76.07749800002253,40.39820100012223],[-76.0776959998704,40.39749199991579],[-76.07663300031572,40.39682999962474],[-76.07014199953498,40.394302999500866],[-76.06701399949787,40.396805000349865],[-76.05866200017913,40.39879199963569],[-76.05672899945071,40.39768300005906],[-76.05296099981445,40.39419200001442]]]}},{"id":"626","type":"Feature","properties":{"GISJOIN":"G42001100105","pct_black":0.09},"geometry":{"type":"Polygon","coordinates":[[[-76.08394699964144,40.36623199981024],[-76.08562799995943,40.36416900005015],[-76.08307099977124,40.36219200000751],[-76.0822969995348,40.360813999682726],[-76.08304100029946,40.35931899972633],[-76.08243199970629,40.35831199996037],[-76.08285800037618,40.35716899996364],[-76.0823589996954,40.356844000170355],[-76.08302900010021,40.35576199988267],[-76.08265899993222,40.35474899998836],[-76.08537500042455,40.351230000425055],[-76.08463899964214,40.3496710002699],[-76.08297600024403,40.34805499995968],[-76.08365299939489,40.34723800017455],[-76.0880949995324,40.346487000290395],[-76.0902840002407,40.34703500037101],[-76.09273700020155,40.34879600033841],[-76.09331899947736,40.34870500023066],[-76.0935500003287,40.34933299976855],[-76.09873100050352,40.34993700012845],[-76.10172099951541,40.35142599967353],[-76.10379199953371,40.35016699991618],[-76.10602900015074,40.35058799976039],[-76.10731700063636,40.349811999686466],[-76.10766000003059,40.34895000011209],[-76.11053300051476,40.3490609998332],[-76.11120600007489,40.34832800035747],[-76.11350199987125,40.348736000113306],[-76.11382599964936,40.3483229997791],[-76.11611900043891,40.349019000110644],[-76.1158979995843,40.35063499968017],[-76.11975100004382,40.345800000353535],[-76.15147500003025,40.31569500004546],[-76.19849700013182,40.354772000150206],[-76.19532299953943,40.36456299958144],[-76.19546300020873,40.36548800002634],[-76.20363900007727,40.36739499970941],[-76.20372600020238,40.36911000027712],[-76.19619199995577,40.367339000095185],[-76.19783399957862,40.372179999556295],[-76.19373299959318,40.37127299998046],[-76.19182799979,40.371831999904835],[-76.19169299967268,40.37487199988324],[-76.19002099989645,40.375861999665034],[-76.18300599947048,40.37297399976314],[-76.18117700014668,40.37304400021102],[-76.18084999996512,40.37390399975042],[-76.1819940003749,40.37487900003455],[-76.18270999993608,40.37476699991662],[-76.18422999971094,40.37636400034695],[-76.18413400031721,40.37809499966099],[-76.18309699936471,40.378566000312134],[-76.18272899948997,40.3782180002939],[-76.17904099997085,40.37860199992782],[-76.17848900028395,40.377391999869005],[-76.17696499977845,40.37733400005753],[-76.17504599941353,40.37810999999877],[-76.17544099959575,40.37964400033759],[-76.17358499970588,40.379981000210655],[-76.17017999972427,40.38170600023002],[-76.17064599996927,40.38253999988059],[-76.17476700048712,40.38338399999342],[-76.17644999974138,40.3848909997718],[-76.17637200021952,40.38578500017657],[-76.1736799999157,40.38845699974333],[-76.17109199960466,40.387100999842],[-76.12627555210453,40.377271870026625],[-76.08394699964144,40.36623199981024]]]}},{"id":"627","type":"Feature","properties":{"GISJOIN":"G42001100106","pct_black":0.0},"geometry":{"type":"Polygon","coordinates":[[[-76.05296099981445,40.39419200001442],[-76.05086100050202,40.39019199976979],[-76.05154099951017,40.387757000323575],[-76.05111399953583,40.38536899980197],[-76.0480770002293,40.38151599977723],[-76.04397300010528,40.374313999921554],[-76.03950199957588,40.37010199998739],[-76.03675500009943,40.369523000369924],[-76.03492300058839,40.37052200006368],[-76.03499900057398,40.372154999869494],[-76.03834200016048,40.376106999646524],[-76.0386609994271,40.3792920001454],[-76.0378380003023,40.38156200034208],[-76.03629600018039,40.38350700040808],[-76.03388500015821,40.383591000076336],[-76.03200900025529,40.382583999746664],[-76.03109300009876,40.381424000030364],[-76.03068299947122,40.37616199981287],[-76.03014700001603,40.375242000081776],[-76.01973700004021,40.36679200013131],[-76.01780999988563,40.366401000132846],[-76.01508299937674,40.36749300006326],[-76.01248699941473,40.370525000144546],[-76.01170499942671,40.3729540002722],[-76.00996500019689,40.37361000006915],[-76.00759400032156,40.37284900050507],[-76.00723399974162,40.371163999642235],[-76.005670999906,40.369316999767065],[-75.99750700030377,40.36629499999302],[-75.9955689995614,40.36596000015169],[-75.99465799974635,40.36639200021837],[-75.99313599950365,40.36461599962335],[-75.99304299949875,40.362228999649986],[-75.99411099979349,40.36199800018356],[-75.99464799949996,40.36083000022413],[-75.99584099977395,40.36034099992347],[-75.99514299962411,40.35923900015179],[-75.9961199998682,40.35664500023622],[-76.00124799986835,40.356535999579116],[-76.00375100006329,40.355769999844746],[-76.0033120004857,40.35382600021738],[-76.00372100055947,40.35332999986831],[-76.00237299977702,40.353323999557496],[-76.00137100019158,40.3505939997513],[-76.00162600007313,40.350105999900386],[-76.00268199963247,40.349979000211555],[-76.00390300037158,40.35081799963273],[-76.00589099940568,40.3510700001185],[-76.00673000037554,40.35061900009],[-76.00599600057794,40.348677999665846],[-76.00629700007097,40.34826799959669],[-76.00795899974669,40.34710700022944],[-76.01085199987118,40.347417999954715],[-76.0134039994832,40.346633000211604],[-76.01405100019905,40.34406599986841],[-76.01490900056478,40.34305500010718],[-76.01655999979627,40.34307099972512],[-76.01818999990554,40.34215000026611],[-76.02171900064019,40.34224999980174],[-76.02229000035292,40.34041200010257],[-76.02342400040239,40.339592000284746],[-76.02293199997284,40.33811499999284],[-76.02339500029508,40.337166000359396],[-76.02402299984593,40.337066000419014],[-76.02460899972748,40.33559299975208],[-76.02584299955055,40.33464199990776],[-76.02642600031783,40.33252000042328],[-76.02813000048843,40.3314049998627],[-76.03141900048595,40.32726100021797],[-76.03484200039945,40.326415000437706],[-76.04911099992351,40.326865999621496],[-76.05934500050643,40.3263049999577],[-76.06673800008267,40.327305999978776],[-76.06729299945314,40.32627100030665],[-76.0708420001007,40.32667800039438],[-76.07468900041754,40.32289000012531],[-76.09300100044561,40.328300999687535],[-76.09086699961517,40.33237800037628],[-76.1022989999812,40.33570200027635],[-76.10852199980235,40.33836099975502],[-76.11975100004382,40.345800000353535],[-76.1158979995843,40.35063499968017],[-76.11611900043891,40.349019000110644],[-76.11382599964936,40.3483229997791],[-76.11350199987125,40.348736000113306],[-76.11120600007489,40.34832800035747],[-76.11053300051476,40.3490609998332],[-76.10766000003059,40.34895000011209],[-76.10731700063636,40.349811999686466],[-76.10602900015074,40.35058799976039],[-76.10379199953371,40.35016699991618],[-76.10187799948108,40.35142400010333],[-76.09873100050352,40.34993700012845],[-76.0935500003287,40.34933299976855],[-76.09331899947736,40.34870500023066],[-76.09273700020155,40.34879600033841],[-76.0902840002407,40.34703500037101],[-76.0880949995324,40.346487000290395],[-76.08365299939489,40.34723800017455],[-76.08297600024403,40.34805499995968],[-76.08463899964214,40.3496710002699],[-76.08537500042455,40.351230000425055],[-76.08265899993222,40.35474899998836],[-76.08302900010021,40.35576199988267],[-76.0823589996954,40.356844000170355],[-76.08285800037618,40.35716899996364],[-76.08243199970629,40.35831199996037],[-76.08304100029946,40.35931899972633],[-76.0822969995348,40.360813999682726],[-76.08298400011827,40.362102999773164],[-76.0856290001406,40.36429399993959],[-76.08421999950502,40.36542199973289],[-76.08345999931596,40.3668820003264],[-76.08151100009442,40.36775100015066],[-76.08092799967788,40.37078299966389],[-76.08006700048446,40.370834000050856],[-76.07979399962174,40.37153199951106],[-76.07754700023939,40.372574999773555],[-76.07761199944902,40.374395000063316],[-76.07846199998568,40.37502299963333],[-76.07702599965535,40.376807999960285],[-76.07802499995783,40.37881099969961],[-76.08076299975107,40.381337999870446],[-76.07989700058955,40.38265399973014],[-76.07656199953003,40.383484999857004],[-76.07887300054618,40.3855139996834],[-76.0772999999007,40.38709399956348],[-76.0800579998477,40.388392999974045],[-76.07722200020858,40.389999999687575],[-76.07557899961562,40.388407999806546],[-76.07359900021387,40.38777899965574],[-76.07058800026944,40.38959100035463],[-76.07021299996306,40.3909980004076],[-76.06789400000696,40.39111900014214],[-76.0632820003023,40.39276599969114],[-76.05836200000125,40.3952920000206],[-76.05633199974362,40.39442500024068],[-76.05296099981445,40.39419200001442]]]}},{"id":"628","type":"Feature","properties":{"GISJOIN":"G42001100107","pct_black":1.36},"geometry":{"type":"Polygon","coordinates":[[[-76.03484200039945,40.326415000437706],[-76.03495700030385,40.32564400035801],[-76.0410380000417,40.322083000457326],[-76.04136999936,40.31786900022207],[-76.04240599956302,40.31772400006641],[-76.04228300042185,40.31635600035319],[-76.04322100048934,40.3149630001347],[-76.04277699958295,40.31411499947906],[-76.04356400043334,40.31325199972706],[-76.04326099951935,40.31279599980758],[-76.04482099934677,40.31067400017034],[-76.04577399948829,40.31019599998133],[-76.04585300009286,40.30914700020376],[-76.04693699945086,40.30849200009516],[-76.05223000026308,40.308115000310885],[-76.055065000315,40.30728100044012],[-76.0557909998615,40.30495700006661],[-76.05557599990325,40.303957999646386],[-76.05790300054251,40.30201099994981],[-76.05997799995478,40.30116099986544],[-76.06066199958735,40.30012000023981],[-76.06892699989008,40.29537400041244],[-76.06961999953926,40.29404099965382],[-76.07197199961877,40.292130000278775],[-76.0765230000055,40.2855589996753],[-76.08059300058976,40.28316099997817],[-76.0829259998441,40.28073499957779],[-76.0891639996461,40.276091999775076],[-76.15147500003025,40.31569500004546],[-76.11975100004382,40.345800000353535],[-76.10852199980235,40.33836099975502],[-76.1022989999812,40.33570200027635],[-76.09086699961517,40.33237800037628],[-76.09300100044561,40.328300999687535],[-76.07851400028525,40.32373600022026],[-76.07468900041754,40.32289000012531],[-76.0708420001007,40.32667800039438],[-76.06729299945314,40.32627100030665],[-76.06673800008267,40.327305999978776],[-76.06016999959625,40.32631699968268],[-76.04911099992351,40.326865999621496],[-76.03484200039945,40.326415000437706]]]}},{"id":"629","type":"Feature","properties":{"GISJOIN":"G42001100108","pct_black":0.0},"geometry":{"type":"Polygon","coordinates":[[[-75.98572599962917,40.31000399986219],[-75.98892799985848,40.307427999948054],[-75.99384400024229,40.305344999846085],[-76.01088500008922,40.29444800016248],[-76.01074400049198,40.29366400013304],[-76.01186099992381,40.292952999591535],[-76.02220300058724,40.27350399972695],[-76.03315199965384,40.254957000354416],[-76.0352400006551,40.253239999762684],[-76.03607299998498,40.250955000254926],[-76.03777300049097,40.24889700030604],[-76.04272299960877,40.24638299952607],[-76.0891639996461,40.276091999775076],[-76.0829259998441,40.28073499957779],[-76.08059300058976,40.28316099997817],[-76.0765230000055,40.2855589996753],[-76.07197199961877,40.292130000278775],[-76.06961999953926,40.29404099965382],[-76.06892699989008,40.29537400041244],[-76.06066199958735,40.30012000023981],[-76.05997799995478,40.30116099986544],[-76.05790300054251,40.30201099994981],[-76.05557599990325,40.303957999646386],[-76.0557909998615,40.30495700006661],[-76.055065000315,40.30728100044012],[-76.05223000026308,40.308115000310885],[-76.04693699945086,40.30849200009516],[-76.04585300009286,40.30914700020376],[-76.04577399948829,40.31019599998133],[-76.04482099934677,40.31067400017034],[-76.04326099951935,40.31279599980758],[-76.04356400043334,40.31325199972706],[-76.04277699958295,40.31411499947906],[-76.04322100048934,40.3149630001347],[-76.04228300042185,40.31635600035319],[-76.04240599956302,40.31772400006641],[-76.04136999936,40.31786900022207],[-76.0410380000417,40.322083000457326],[-76.03720999941912,40.324335000024895],[-76.03680199961475,40.3185909998522],[-76.03136300013877,40.31492499966459],[-76.02115999966537,40.31629200021695],[-76.01022200039957,40.32156599967544],[-76.00194500016134,40.316293000415826],[-75.98572599962917,40.31000399986219]]]}},{"id":"630","type":"Feature","properties":{"GISJOIN":"G4200110010901","pct_black":0.0},"geometry":{"type":"Polygon","coordinates":[[[-75.9653549995095,40.35639200013935],[-75.97713600060469,40.34530999977712],[-75.97805300062792,40.34591599973381],[-75.9836710000497,40.3408920003183],[-75.98965700052065,40.3417299999512],[-75.99109799941833,40.33720800018711],[-75.99082400051901,40.334663999775856],[-75.99482099972043,40.3348299997056],[-75.99478900059796,40.33293499964322],[-75.99914200049531,40.330716999937316],[-75.99875400003651,40.325793000281784],[-75.99395354965148,40.32671522798886],[-75.98085699965687,40.32779199964316],[-75.9800569999856,40.32679199976483],[-75.98081899932856,40.32685500027921],[-75.97781300007942,40.323814000134334],[-75.98017800029017,40.32349500023282],[-75.98005899965112,40.3227869997485],[-75.98589599953128,40.32226500025207],[-75.98874200044789,40.32119599978934],[-75.98181599953458,40.31301999960716],[-75.98482099997241,40.31142299989008],[-75.98572599962917,40.31000399986219],[-76.00330100023042,40.31704899993566],[-76.01022200039957,40.32156599967544],[-76.00662799994288,40.32322299973119],[-76.0103699996332,40.328382000225865],[-76.01100000046173,40.32812100025209],[-76.01288799959453,40.32970499960219],[-76.01638999972671,40.33092500013228],[-76.02499399973318,40.335424999863505],[-76.02296500064975,40.337878999782575],[-76.02342400040239,40.339592000284746],[-76.02229000035292,40.34041200010257],[-76.02171900064019,40.34224999980174],[-76.01818999990554,40.34215000026611],[-76.01655999979627,40.34307099972512],[-76.01490900056478,40.34305500010718],[-76.01405100019905,40.34406599986841],[-76.0134039994832,40.346633000211604],[-76.01085199987118,40.347417999954715],[-76.00795899974669,40.34710700022944],[-76.00629700007097,40.34826799959669],[-76.00599600057794,40.348677999665846],[-76.00673000037554,40.35061900009],[-76.00589099940568,40.3510700001185],[-76.00390300037158,40.35081799963273],[-76.00268199963247,40.349979000211555],[-76.00155099986156,40.35016399977443],[-76.00237299977702,40.353323999557496],[-76.00372100055947,40.35332999986831],[-76.0033120004857,40.35382600021738],[-76.00381799967171,40.35565400002807],[-76.00124799986835,40.356535999579116],[-75.9961199998682,40.35664500023622],[-75.99514299962411,40.35923900015179],[-75.99584099977395,40.36034099992347],[-75.99464799949996,40.36083000022413],[-75.99411099979349,40.36199800018356],[-75.99304299949875,40.362228999649986],[-75.99313599950365,40.36461599962335],[-75.99465799974635,40.36639200021837],[-75.99248999963673,40.36867399952771],[-75.9843020005067,40.3669039996301],[-75.98073200060848,40.367733999805345],[-75.97713599998791,40.37002600012427],[-75.97612299972121,40.36987300022253],[-75.9751309999979,40.36840900014202],[-75.97447399982849,40.36402700002618],[-75.97118199984712,40.36221599987168],[-75.96937399990725,40.363896000329554],[-75.96813100031028,40.36399200045345],[-75.96723100037865,40.362052999849446],[-75.96442199963099,40.35995499971207],[-75.96664799932631,40.357793000241486],[-75.96668399990736,40.35718200017727],[-75.9653549995095,40.35639200013935]]]}},{"id":"631","type":"Feature","properties":{"GISJOIN":"G4200110010902","pct_black":0.0},"geometry":{"type":"Polygon","coordinates":[[[-76.00662799994288,40.32322299973119],[-76.02115999966537,40.31629200021695],[-76.03136300013877,40.31492499966459],[-76.03680199961475,40.3185909998522],[-76.03720999941912,40.324335000024895],[-76.03495700030385,40.32564400035801],[-76.03464500058871,40.32675699967292],[-76.03141900048595,40.32726100021797],[-76.02813000048843,40.3314049998627],[-76.02642600031783,40.33252000042328],[-76.02584299955055,40.33464199990776],[-76.02499399973318,40.335424999863505],[-76.01638999972671,40.33092500013228],[-76.01288799959453,40.32970499960219],[-76.01100000046173,40.32812100025209],[-76.0103699996332,40.328382000225865],[-76.00662799994288,40.32322299973119]]]}},{"id":"632","type":"Feature","properties":{"GISJOIN":"G42001100110","pct_black":0.0},"geometry":{"type":"Polygon","coordinates":[[[-75.9836710000497,40.3408920003183],[-75.97965999950816,40.339497999985994],[-75.97238799948586,40.33823199983508],[-75.97687499980852,40.3340080000149],[-75.97461600060517,40.3325499999116],[-75.97695200021342,40.3325659997509],[-75.975257000372,40.33069199972451],[-75.97304500031044,40.33022500035001],[-75.982190999383,40.32756000023546],[-75.99395354965148,40.32671522798886],[-75.99875400003651,40.325793000281784],[-75.99914200049531,40.330716999937316],[-75.99478900059796,40.33293499964322],[-75.99482099972043,40.3348299997056],[-75.99082400051901,40.334663999775856],[-75.99109799941833,40.33720800018711],[-75.98965700052065,40.3417299999512],[-75.9836710000497,40.3408920003183]]]}},{"id":"633","type":"Feature","properties":{"GISJOIN":"G42001100111","pct_black":0.27},"geometry":{"type":"Polygon","coordinates":[[[-75.960089000318,40.35426300041418],[-75.9578869997943,40.35118300035007],[-75.9508400001248,40.344603000180044],[-75.95035699992502,40.34196500011453],[-75.94761200039257,40.34057399983195],[-75.9513449998073,40.33944300024657],[-75.95095700007339,40.33878799959883],[-75.95305499977937,40.338591999981176],[-75.95372499979918,40.3353670000567],[-75.95365500032804,40.32810499983894],[-75.95663300020286,40.326956000288604],[-75.95605000045416,40.32549700040625],[-75.95829200000472,40.324494999548314],[-75.95768900001954,40.32355200031602],[-75.95933199970936,40.3224079998861],[-75.95669999977713,40.31765800019142],[-75.96078599972242,40.3140770000199],[-75.96045499948688,40.3111919999144],[-75.96523700020828,40.31030899970082],[-75.96965700033553,40.31346899971642],[-75.97532199956747,40.305734000006225],[-75.97858000008165,40.30669700002698],[-75.98489700040363,40.30968199998259],[-75.98216799938025,40.31047300005105],[-75.98290699944185,40.312458000037545],[-75.98181599953458,40.31301999960716],[-75.98874200044789,40.32119599978934],[-75.98589599953128,40.32226500025207],[-75.98005899965112,40.3227869997485],[-75.98017800029017,40.32349500023282],[-75.97781300007942,40.323814000134334],[-75.98081899932856,40.32685500027921],[-75.9800569999856,40.32679199976483],[-75.98085699965687,40.32779199964316],[-75.97304500031044,40.33022500035001],[-75.975257000372,40.33069199972451],[-75.97695200021342,40.3325659997509],[-75.97461600060517,40.3325499999116],[-75.97687499980852,40.3340080000149],[-75.97238799948586,40.33823199983508],[-75.97965999950816,40.339497999985994],[-75.9836710000497,40.3408920003183],[-75.97805300062792,40.34591599973381],[-75.97713600060469,40.34530999977712],[-75.9653549995095,40.35639200013935],[-75.96333899951007,40.35602500000076],[-75.960089000318,40.35426300041418]]]}},{"id":"634","type":"Feature","properties":{"GISJOIN":"G42001100112","pct_black":0.0},"geometry":{"type":"Polygon","coordinates":[[[-75.94004116277193,40.3376107996625],[-75.93793899973747,40.33614399995736],[-75.9374450000182,40.33499399970554],[-75.93951099970452,40.33208300006701],[-75.93963100031179,40.33099200021744],[-75.93907399997906,40.330110999720745],[-75.93950699950226,40.32948200009548],[-75.94183800018857,40.3284519999291],[-75.94405200007901,40.32838099984834],[-75.94602599982854,40.327354000272685],[-75.94626199970337,40.327792000298025],[-75.94725900037047,40.32759199966942],[-75.94665600012151,40.32689199957773],[-75.94863099987832,40.32663699980544],[-75.95212299959697,40.32820800003265],[-75.95365500032804,40.32810499983894],[-75.95372499979918,40.3353670000567],[-75.95305499977937,40.338591999981176],[-75.95095700007339,40.33878799959883],[-75.9513449998073,40.33944300024657],[-75.94761200039257,40.34057399983195],[-75.94004116277193,40.3376107996625]]]}},{"id":"635","type":"Feature","properties":{"GISJOIN":"G42001100113","pct_black":0.0},"geometry":{"type":"Polygon","coordinates":[[[-75.93972900025615,40.31445799988658],[-75.93715899999181,40.31351199955541],[-75.93627700002257,40.312197999747454],[-75.93928669163851,40.31089012481816],[-75.93986836857368,40.310123838304534],[-75.93963700030464,40.30952999988456],[-75.93592200010293,40.30619499973111],[-75.93469700033778,40.306264999904144],[-75.93466500052413,40.3050749997683],[-75.93634899985811,40.304334999902345],[-75.93891800010857,40.30424200041861],[-75.94220500040934,40.302303000047544],[-75.94321199954672,40.300017000065665],[-75.94451500035359,40.299171999621095],[-75.94475600004937,40.29834300027096],[-75.95044599989305,40.297966000194876],[-75.94934000023544,40.30265899990096],[-75.94937300037422,40.30916399991816],[-75.94955499953623,40.30979299951791],[-75.9532610004493,40.30979799998882],[-75.94774200037882,40.312707000090626],[-75.94721099990456,40.311918999632724],[-75.93972900025615,40.31445799988658]]]}},{"id":"636","type":"Feature","properties":{"GISJOIN":"G42001100114","pct_black":0.0},"geometry":{"type":"Polygon","coordinates":[[[-75.96045499948688,40.3111919999144],[-75.96037199972223,40.310599999694325],[-75.95505299977822,40.3106869997492],[-75.95495700064095,40.30894299987704],[-75.95917100011104,40.30717600021989],[-75.95930799973004,40.30156999981668],[-75.96075800006062,40.3014729997228],[-75.96045399969243,40.297393000324874],[-75.95867099983487,40.29672800041799],[-75.95814299953088,40.298550999581344],[-75.9563570005293,40.29833600015334],[-75.95622999989457,40.29565300011818],[-75.95818299956417,40.29340199999475],[-75.96118899973312,40.29228800034006],[-75.96250200002984,40.28972399959855],[-75.96132500032414,40.28832300003105],[-75.96445200009298,40.2868289996667],[-75.9655739995916,40.28568200036231],[-75.96055499935072,40.295992000276286],[-75.97055599968013,40.29799199966133],[-75.97229700008174,40.29510199971308],[-75.97735700052722,40.29479900002119],[-75.97742299948516,40.2953890001808],[-75.97844999948063,40.2953320001498],[-75.97847799957728,40.296057000333796],[-75.97756900021086,40.29619099972909],[-75.97714700030568,40.296836999968185],[-75.97769200004183,40.297049999740615],[-75.97652599991528,40.298915000176095],[-75.97610399972663,40.29958299996454],[-75.9754010005243,40.29933899967066],[-75.97510799985204,40.30009599957789],[-75.97719600048423,40.30032399970557],[-75.97683000006222,40.299622000039],[-75.97770000026438,40.299308000007045],[-75.97885599963591,40.30089499984649],[-75.96965700033553,40.31346899971642],[-75.96523700020828,40.31030899970082],[-75.96045499948688,40.3111919999144]]]}},{"id":"637","type":"Feature","properties":{"GISJOIN":"G42001100115","pct_black":0.0},"geometry":{"type":"Polygon","coordinates":[[[-75.97957500060923,40.2950419996814],[-75.97910800007615,40.28882599989678],[-75.9771110000755,40.2889960002333],[-75.97730427392257,40.2882741056318],[-75.97584099996998,40.286919000031986],[-75.97576699984769,40.28596499977797],[-75.97777999996579,40.284159999990635],[-75.97821100005453,40.28276800007768],[-75.97771699990354,40.28269199982511],[-75.97779200007356,40.28128800037103],[-75.97968900054828,40.27854299986926],[-75.98152799983824,40.27737599988384],[-75.98238500029117,40.27733700026387],[-75.98215599980898,40.2798619996526],[-75.98534500031263,40.27956400006021],[-75.98525800048512,40.28119199976764],[-75.99143599949817,40.281984999801935],[-75.9921819393779,40.284384451282115],[-75.99638388867216,40.28304204862995],[-76.0000579997977,40.284090999793165],[-75.99808099936051,40.28804900026813],[-75.99885900000115,40.288667000000984],[-75.99751800025479,40.29039000040039],[-75.99987599978348,40.29282300032706],[-75.99925900002339,40.29339300028345],[-75.99798900052868,40.291655999687734],[-75.99626299983467,40.29399200009699],[-75.99175399956437,40.2925650000917],[-75.9932049999984,40.29119899983872],[-75.99057900022116,40.29026800010606],[-75.98964800028277,40.29184800000986],[-75.98732899997208,40.29100100043854],[-75.98569099998915,40.292678999568174],[-75.9841690003965,40.292780999635546],[-75.97957500060923,40.2950419996814]]]}},{"id":"638","type":"Feature","properties":{"GISJOIN":"G42001100116","pct_black":0.95},"geometry":{"type":"MultiPolygon","coordinates":[[[[-75.93387641468051,40.3067347370232],[-75.93592200010293,40.30619499973111],[-75.93833699970652,40.30806400026132],[-75.93986836857368,40.310123838304534],[-75.93928669163851,40.31089012481816],[-75.93681600046183,40.311985000205325],[-75.93547699961834,40.31002800009511],[-75.93446000009325,40.30950299999924],[-75.93387641468051,40.3067347370232]]],[[[-75.92938400012322,40.31281300005993],[-75.93015169641292,40.31379277324133],[-75.9278519997106,40.31329200021604],[-75.92835121425034,40.31313591675136],[-75.92938400012322,40.31281300005993]]],[[[-75.90725000004603,40.32299199983635],[-75.90464099956853,40.316769999978305],[-75.90235299946411,40.31613000014788],[-75.89863499982178,40.312627000089726],[-75.8958429994176,40.30898299994808],[-75.89410399969971,40.30132300031645],[-75.89119000005891,40.29735699976185],[-75.8992789996064,40.28005400003098],[-75.9036499999993,40.27619200028981],[-75.94598900018906,40.244469000006085],[-75.9501369997391,40.24452500012132],[-75.96053399987917,40.24611699999084],[-75.97521700000867,40.24903699972525],[-75.99856099986778,40.255809999598846],[-76.02325000015834,40.27173800001522],[-76.0142070000142,40.28885799956831],[-76.01186099992381,40.292952999591535],[-76.01074400049198,40.29366400013304],[-76.01088500008922,40.29444800016248],[-75.99384400024229,40.305344999846085],[-75.98892799985848,40.307427999948054],[-75.98572599962917,40.31000399986219],[-75.9851190001709,40.311191999776945],[-75.98290699944185,40.312458000037545],[-75.98216799938025,40.31047300005105],[-75.98489700040363,40.30968199998259],[-75.97858000008165,40.30669700002698],[-75.97532199956747,40.305734000006225],[-75.97885599963591,40.30089499984649],[-75.97770000026438,40.299308000007045],[-75.97683000006222,40.299622000039],[-75.97719600048423,40.30032399970557],[-75.97510799985204,40.30009599957789],[-75.9754010005243,40.29933899967066],[-75.97610399972663,40.29958299996454],[-75.97769200004183,40.297049999740615],[-75.97714700030568,40.296836999968185],[-75.97756900021086,40.29619099972909],[-75.97843499997667,40.29612899990582],[-75.97844999948063,40.2953320001498],[-75.97742299948516,40.2953890001808],[-75.97735700052722,40.29479900002119],[-75.97229700008174,40.29510199971308],[-75.97055599968013,40.29799199966133],[-75.96048599938919,40.295891000172745],[-75.9655739995916,40.28568200036231],[-75.96445200009298,40.2868289996667],[-75.96132500032414,40.28832300003105],[-75.96250200002984,40.28972399959855],[-75.96118899973312,40.29228800034006],[-75.95818299956417,40.29340199999475],[-75.95622999989457,40.29565300011818],[-75.9563570005293,40.29833600015334],[-75.95814299953088,40.298550999581344],[-75.95867099983487,40.29672800041799],[-75.96045399969243,40.297393000324874],[-75.96075800006062,40.3014729997228],[-75.95930799973004,40.30156999981668],[-75.95917100011104,40.30717600021989],[-75.95495700064095,40.30894299987704],[-75.95505299977822,40.3106869997492],[-75.96037199972223,40.310599999694325],[-75.96078599972242,40.3140770000199],[-75.95669999977713,40.31765800019142],[-75.95148399981343,40.31073500019833],[-75.9532610004493,40.30979799998882],[-75.94955499953623,40.30979299951791],[-75.94934000023544,40.30265899990096],[-75.95044599989305,40.297966000194876],[-75.94475600004937,40.29834300027096],[-75.94451500035359,40.299171999621095],[-75.94321199954672,40.300017000065665],[-75.94264600049877,40.30187099981429],[-75.93891800010857,40.30424200041861],[-75.93634899985811,40.304334999902345],[-75.93466500052413,40.3050749997683],[-75.93467000021825,40.30434300040725],[-75.9331080000887,40.30495500029035],[-75.93244800035606,40.3046950002158],[-75.92578900039426,40.308547000153204],[-75.92414499957049,40.30797400029632],[-75.92484500044124,40.30369200010484],[-75.92300799967447,40.300929999795606],[-75.9208279993438,40.300029000221826],[-75.91990699941736,40.29852399993797],[-75.91817799969353,40.297403000210814],[-75.91412599983715,40.2964010001012],[-75.91819900000156,40.30192399968919],[-75.9173220000952,40.30122200019707],[-75.91718099975249,40.30181499977797],[-75.92250499964398,40.30612700008901],[-75.9225969997068,40.307840999900165],[-75.92161099998225,40.30899100009792],[-75.92235499944674,40.30963799990402],[-75.92114799971867,40.30924199952213],[-75.92032900007543,40.311161999883446],[-75.91987499985024,40.31878700006007],[-75.92055100004023,40.320614000056125],[-75.92202400029818,40.32198899962334],[-75.92125200037826,40.32159200045111],[-75.91631400042878,40.32326299991653],[-75.90725000004603,40.32299199983635]],[[-75.97730427392257,40.2882741056318],[-75.9771110000755,40.2889960002333],[-75.97910800007615,40.28882599989678],[-75.97957500060923,40.2950419996814],[-75.9841690003965,40.292780999635546],[-75.98569099998915,40.292678999568174],[-75.98732899997208,40.29100100043854],[-75.98964800028277,40.29184800000986],[-75.99057900022116,40.29026800010606],[-75.9932049999984,40.29119899983872],[-75.99175399956437,40.2925650000917],[-75.99626299983467,40.29399200009699],[-75.99798900052868,40.291655999687734],[-75.99925900002339,40.29339300028345],[-75.99987599978348,40.29282300032706],[-75.99751800025479,40.29039000040039],[-75.99885900000115,40.288667000000984],[-75.99808099936051,40.28804900026813],[-76.0000579997977,40.284090999793165],[-75.99638388867216,40.28304204862995],[-75.9921819393779,40.284384451282115],[-75.99143599949817,40.281984999801935],[-75.98525800048512,40.28119199976764],[-75.98534500031263,40.27956400006021],[-75.98215599980898,40.2798619996526],[-75.98238500029117,40.27733700026387],[-75.98152799983824,40.27737599988384],[-75.97968900054828,40.27854299986926],[-75.97779200007356,40.28128800037103],[-75.97771699990354,40.28269199982511],[-75.97821100005453,40.28276800007768],[-75.97777999996579,40.284159999990635],[-75.97576699984769,40.28596499977797],[-75.97584099996998,40.286919000031986],[-75.97730427392257,40.2882741056318]]]]}},{"id":"639","type":"Feature","properties":{"GISJOIN":"G4200110011701","pct_black":0.0},"geometry":{"type":"Polygon","coordinates":[[[-75.81924199982224,40.27059200023324],[-75.82722399967336,40.25651800010191],[-75.81209499987362,40.253876000130546],[-75.80957100026221,40.252622000348005],[-75.81933300015024,40.23574300018527],[-75.845688000431,40.21308700007198],[-75.80816799992405,40.177470999593936],[-75.82304699938453,40.16842200019746],[-75.83174800059417,40.178346999939016],[-75.92942000046074,40.19423100042242],[-75.91820299980795,40.2036480000138],[-75.93459500023621,40.24450900039662],[-75.94598900018906,40.244469000006085],[-75.90044999973443,40.278692000351896],[-75.8992789996064,40.28005400003098],[-75.89119000005891,40.29735699976185],[-75.8883369998091,40.29398700016035],[-75.88628199975882,40.29383899956396],[-75.87816100008847,40.28960399971722],[-75.87176000016686,40.28951799975303],[-75.85979500005494,40.28734199999275],[-75.84871999954835,40.28276900032212],[-75.84688800011003,40.28077000027323],[-75.84585100028809,40.278373999700335],[-75.84360800029289,40.27684099996725],[-75.84040299977995,40.275871999874],[-75.83265099988633,40.27580300029036],[-75.82759999961858,40.274888000264546],[-75.82306700005373,40.27317099999958],[-75.81924199982224,40.27059200023324]]]}},{"id":"640","type":"Feature","properties":{"GISJOIN":"G4200110011702","pct_black":1.1},"geometry":{"type":"Polygon","coordinates":[[[-75.9501369997391,40.24452500012132],[-75.93459500023621,40.24450900039662],[-75.91820299980795,40.2036480000138],[-75.9429870002999,40.182376000385354],[-76.04272299960877,40.24638299952607],[-76.03929900062124,40.247852999715924],[-76.03679100028802,40.249813999614474],[-76.0352400006551,40.253239999762684],[-76.03315199965384,40.254957000354416],[-76.02325000015834,40.27173800001522],[-75.99856099986778,40.255809999598846],[-75.97521700000867,40.24903699972525],[-75.96053399987917,40.24611699999084],[-75.9501369997391,40.24452500012132]]]}},{"id":"641","type":"Feature","properties":{"GISJOIN":"G4200110011703","pct_black":0.0},"geometry":{"type":"Polygon","coordinates":[[[-75.82304699938453,40.16842200019746],[-75.87377399990207,40.13737600039407],[-75.9429870002999,40.182376000385354],[-75.92942000046074,40.19423100042242],[-75.83174800059417,40.178346999939016],[-75.82304699938453,40.16842200019746]]]}},{"id":"642","type":"Feature","properties":{"GISJOIN":"G42001100118","pct_black":0.0},"geometry":{"type":"Polygon","coordinates":[[[-75.80802799972864,40.25194699995836],[-75.81209499987362,40.253876000130546],[-75.82722399967336,40.25651800010191],[-75.81924199982224,40.27059200023324],[-75.81615399970161,40.26885299988023],[-75.81121000031929,40.26796899990825],[-75.80946299990485,40.26809200038896],[-75.80640400002541,40.27005899983003],[-75.80414400052396,40.27064699969395],[-75.79661699988375,40.270910000312],[-75.80045100040695,40.253124999857455],[-75.80600099961092,40.25404199958939],[-75.80802799972864,40.25194699995836]]]}},{"id":"643","type":"Feature","properties":{"GISJOIN":"G42001100119","pct_black":0.0},"geometry":{"type":"Polygon","coordinates":[[[-75.74542600024574,40.32130300001926],[-75.69517400047545,40.30965599993729],[-75.69772799961736,40.30469100003104],[-75.69944199951728,40.299083000101696],[-75.71069599988611,40.27843800031478],[-75.71612400004062,40.263246999898236],[-75.71577299983225,40.26301500023619],[-75.71838100048308,40.25498400040176],[-75.71945700023768,40.25315400041172],[-75.72045800037075,40.248459999720474],[-75.71123800028886,40.24695400033037],[-75.69678199988826,40.24186300030114],[-75.72986300034556,40.22448900012421],[-75.80816799992405,40.177470999593936],[-75.845688000431,40.21308700007198],[-75.81933300015024,40.23574300018527],[-75.80957100026221,40.252622000348005],[-75.80802799972864,40.25194699995836],[-75.80600099961092,40.25404199958939],[-75.80045100040695,40.253124999857455],[-75.79643299950358,40.27182600017755],[-75.79421900031524,40.27757600029256],[-75.79296400057595,40.28423899998703],[-75.78003700045603,40.326259999817644],[-75.77413599982872,40.324927999676675],[-75.77334400018331,40.32719799967614],[-75.74542600024574,40.32130300001926]]]}},{"id":"644","type":"Feature","properties":{"GISJOIN":"G42001100120","pct_black":2.97},"geometry":{"type":"Polygon","coordinates":[[[-75.79392299991281,40.28004500031831],[-75.79421900031524,40.27757600029256],[-75.79661699988375,40.270910000312],[-75.80483099971994,40.27050199997459],[-75.8103399995498,40.268007999654536],[-75.81615399970161,40.26885299988023],[-75.82204500001352,40.272629000034364],[-75.82624099990547,40.27453700041585],[-75.83265099988633,40.27580300029036],[-75.83860300019643,40.27571899965526],[-75.84269200042993,40.276482000081124],[-75.84585100028809,40.278373999700335],[-75.84688800011003,40.28077000027323],[-75.84871999954835,40.28276900032212],[-75.85644499961049,40.286143000048895],[-75.86572799995137,40.28867899972788],[-75.87368099942424,40.28970400034456],[-75.87757999998622,40.28944600039986],[-75.88628199975882,40.29383899956396],[-75.8883369998091,40.29398700016035],[-75.8907039994784,40.296333000343665],[-75.8938449999236,40.300820000059495],[-75.89556900030391,40.308380999782784],[-75.898048999788,40.311692000306365],[-75.89520199986399,40.31571200029476],[-75.89205999978223,40.31438100021049],[-75.88420199982366,40.32459600024764],[-75.87702700043936,40.32487599967849],[-75.87430099964024,40.31876799951513],[-75.86801000018491,40.31179200030156],[-75.86207800024893,40.30683799963336],[-75.85472000062472,40.303113999936876],[-75.85029799941276,40.30000500008336],[-75.83606199988209,40.295162999996016],[-75.82315400025578,40.289351999957546],[-75.80791600007323,40.285204000220055],[-75.79392299991281,40.28004500031831]]]}},{"id":"645","type":"Feature","properties":{"GISJOIN":"G42001100121","pct_black":0.18},"geometry":{"type":"Polygon","coordinates":[[[-75.78003700045603,40.326259999817644],[-75.79392299991281,40.28004500031831],[-75.80791600007323,40.285204000220055],[-75.82315400025578,40.289351999957546],[-75.83606199988209,40.295162999996016],[-75.85008599975723,40.29989199980532],[-75.85472000062472,40.303113999936876],[-75.86207800024893,40.30683799963336],[-75.86801000018491,40.31179200030156],[-75.87430099964024,40.31876799951513],[-75.87702700043936,40.32487599967849],[-75.88420199982366,40.32459600024764],[-75.88178899968322,40.32734500006856],[-75.88087200014758,40.327582999652904],[-75.88138399973717,40.32827400004435],[-75.87882799978387,40.33225499982907],[-75.8663270003174,40.348520000109914],[-75.84244400095675,40.360393000665155],[-75.84108299969215,40.35975299990189],[-75.82987600008782,40.3623980000095],[-75.82499299966955,40.36227899961313],[-75.81975000021345,40.36137200002013],[-75.81562000017533,40.356665000259135],[-75.81518100024924,40.35210899970737],[-75.81367699954534,40.35011100030628],[-75.80662599973572,40.34478099965346],[-75.80528199995297,40.34473200018692],[-75.80506100045667,40.34341400020381],[-75.79935799948888,40.335276999718694],[-75.78555599958378,40.327599000184286],[-75.78003700045603,40.326259999817644]]]}},{"id":"646","type":"Feature","properties":{"GISJOIN":"G42001100122","pct_black":0.0},"geometry":{"type":"Polygon","coordinates":[[[-75.88034799968159,40.32959200015504],[-75.88138399973717,40.32827400004435],[-75.88087200014758,40.327582999652904],[-75.88178899968322,40.32734500006856],[-75.88375699987976,40.32524099997943],[-75.89972200036327,40.325313999627014],[-75.8992500000271,40.32908900040889],[-75.89454199946205,40.32911899989972],[-75.8894599999317,40.334719000315935],[-75.88634700040295,40.33179199966183],[-75.88460099963278,40.331055999764374],[-75.88404899994437,40.33133100008929],[-75.88472999968,40.332815999699605],[-75.88427100025501,40.333547999899096],[-75.88034799968159,40.32959200015504]]]}},{"id":"647","type":"Feature","properties":{"GISJOIN":"G42001100123","pct_black":0.3},"geometry":{"type":"MultiPolygon","coordinates":[[[[-75.88375699987976,40.32524099997943],[-75.89205999978223,40.31438100021049],[-75.89520199986399,40.31571200029476],[-75.898048999788,40.311692000306365],[-75.90235299946411,40.31613000014788],[-75.90464099956853,40.316769999978305],[-75.90725000004603,40.32299199983635],[-75.89995000052863,40.322792000173784],[-75.89972200036327,40.325313999627014],[-75.88375699987976,40.32524099997943]]],[[[-75.86967899973276,40.36165199970929],[-75.8712428825162,40.36049484708703],[-75.8735232927593,40.36066409658252],[-75.875008100054,40.36217080809925],[-75.87639052006855,40.36181711913189],[-75.8774708635388,40.36319785109964],[-75.86967899973276,40.36165199970929]]],[[[-75.88694996045399,40.364989105640646],[-75.88942560614748,40.364410286461705],[-75.889745939207,40.36334713133275],[-75.8875215572149,40.362726164572656],[-75.8889107522951,40.361483772403716],[-75.89299226675799,40.36344084245554],[-75.89203369112948,40.365760853096475],[-75.88694996045399,40.364989105640646]]],[[[-75.87884046525241,40.363620133775676],[-75.88291882163233,40.36263625023757],[-75.88348300005201,40.36452500039037],[-75.87884046525241,40.363620133775676]]],[[[-75.84244400095675,40.360393000665155],[-75.8663270003174,40.348520000109914],[-75.87882799978387,40.33225499982907],[-75.88034799968159,40.32959200015504],[-75.88427100025501,40.333547999899096],[-75.88472999968,40.332815999699605],[-75.88404899994437,40.33133100008929],[-75.88460099963278,40.331055999764374],[-75.88634700040295,40.33179199966183],[-75.8894599999317,40.334719000315935],[-75.89051199985964,40.33358599976265],[-75.89404900051625,40.33619200003161],[-75.89384900310958,40.33869200364298],[-75.89483400017082,40.34011999970474],[-75.89268800034253,40.341128999992286],[-75.89113200035396,40.34267699993722],[-75.89288799937712,40.343812000195584],[-75.89180030224627,40.34519675024866],[-75.89388985632485,40.34641145910539],[-75.89504902884333,40.34479201480695],[-75.89601959516536,40.34527729735291],[-75.89276178976934,40.34881813185449],[-75.89334629474942,40.34915983674077],[-75.8927333954447,40.34979503586926],[-75.89015262459438,40.34882315350397],[-75.89059865233415,40.34808733535954],[-75.88993223613623,40.347804756998435],[-75.8868534294145,40.34990665378921],[-75.88152886752164,40.346777658496904],[-75.87704799989712,40.349456000091216],[-75.87260700032876,40.35612800046275],[-75.87049800017569,40.35594500046081],[-75.86988099951277,40.35487599970641],[-75.86979000010238,40.35608100030124],[-75.86788593084064,40.356128649502665],[-75.86747636116824,40.359305375334415],[-75.86915623418972,40.360004087645976],[-75.8682670002658,40.36129700028135],[-75.86323500040795,40.360495000040125],[-75.85064599954302,40.36468900011531],[-75.84244400095675,40.360393000665155]]]]}},{"id":"648","type":"Feature","properties":{"GISJOIN":"G42001100124","pct_black":1.47},"geometry":{"type":"Polygon","coordinates":[[[-75.88604800045377,40.42779300042145],[-75.89368900065026,40.380691999817984],[-75.89596400043024,40.37241500032599],[-75.89848099994492,40.36710900010591],[-75.91948799943827,40.36709500024497],[-75.91999000055387,40.37215600003283],[-75.91884699972832,40.374012999717856],[-75.91833500059651,40.37666999985819],[-75.91988599957133,40.381281999711724],[-75.92031899976683,40.38558200015634],[-75.91403100061206,40.387778999902196],[-75.91220799996651,40.385107000332],[-75.91289500014695,40.3848009998401],[-75.91224679948678,40.381210418533016],[-75.9076990000391,40.38196899975195],[-75.90844099945373,40.38440600018133],[-75.907428000222,40.38467099979539],[-75.90844599963769,40.386383000152286],[-75.90458300002376,40.3877569996248],[-75.9039079997179,40.38980700003872],[-75.90518799972405,40.389321000006746],[-75.9057719993701,40.3922550001999],[-75.90514793828592,40.396558189475066],[-75.91465099932803,40.393293000257074],[-75.91588599339993,40.39602958443955],[-75.9194889998513,40.39544700025608],[-75.91911700026745,40.3982169995958],[-75.91986400060749,40.402636999901446],[-75.92409800002461,40.40128500018498],[-75.92801499995677,40.408058999903005],[-75.921549000541,40.412070999920516],[-75.91705300013741,40.42079399962237],[-75.89074899962556,40.43089299969646],[-75.88604800045377,40.42779300042145]]]}},{"id":"649","type":"Feature","properties":{"GISJOIN":"G42001100125","pct_black":0.0},"geometry":{"type":"Polygon","coordinates":[[[-75.91911700026745,40.3982169995958],[-75.91986899940989,40.3918320003354],[-75.92749099974213,40.390487000354646],[-75.92545499987621,40.3872379995684],[-75.9344619999368,40.38465500021467],[-75.93639899968021,40.40253000006784],[-75.93855799954338,40.412454999600186],[-75.93408500034481,40.41351800033444],[-75.93027599943306,40.415742999955626],[-75.91705300013741,40.42079399962237],[-75.921549000541,40.412070999920516],[-75.92801499995677,40.408058999903005],[-75.92409800002461,40.40128500018498],[-75.91986400060749,40.402636999901446],[-75.91911700026745,40.3982169995958]]]}},{"id":"650","type":"Feature","properties":{"GISJOIN":"G42001100126","pct_black":0.0},"geometry":{"type":"Polygon","coordinates":[[[-75.92012199961177,40.38317100003727],[-75.91833500059651,40.37666999985819],[-75.91884699972832,40.374012999717856],[-75.91999000055387,40.37215600003283],[-75.91948799943827,40.36709500024497],[-75.92192599994203,40.36714800028665],[-75.92030199954715,40.37022199958149],[-75.92044300031208,40.3711339996801],[-75.92775100015218,40.3691190003206],[-75.92684499982785,40.36785399958565],[-75.93277599937855,40.36751300026209],[-75.9344619999368,40.38465500021467],[-75.92639000066322,40.38690999978308],[-75.92411099969763,40.38190799976149],[-75.92012199961177,40.38317100003727]]]}},{"id":"651","type":"Feature","properties":{"GISJOIN":"G42001100127","pct_black":0.0},"geometry":{"type":"Polygon","coordinates":[[[-75.93639899968021,40.40253000006784],[-75.93277599937855,40.36751300026209],[-75.9403080003623,40.36712600041107],[-75.94313500002762,40.370951999603804],[-75.94701300057822,40.36944399992701],[-75.94804300056498,40.37076300004278],[-75.95328299982093,40.36819499957002],[-75.95592200040163,40.37134500002214],[-75.9559829994463,40.37261100034055],[-75.95558599962186,40.37372499987657],[-75.95268500008487,40.37700499993816],[-75.95097500056181,40.38032100013337],[-75.95134500020409,40.38143299989066],[-75.9538170001229,40.3840109997773],[-75.96108099967219,40.38859599987726],[-75.96901499990113,40.39071699993701],[-75.9731969996001,40.39385299996873],[-75.97353300047361,40.395515999716714],[-75.97296800048,40.39628600007017],[-75.96550599996687,40.39999500017922],[-75.9646360004168,40.40129200027608],[-75.9657499998051,40.40249800017967],[-75.96829799938472,40.40310800006793],[-75.97313600035558,40.40229200039639],[-75.97508899953314,40.40352799974349],[-75.97508900033525,40.40522899988292],[-75.97083200025875,40.41096600039466],[-75.96947200032602,40.41157500049703],[-75.96759600006705,40.41141700038129],[-75.96350699980258,40.408265999694656],[-75.96158399958631,40.40799099967739],[-75.95563200035973,40.40995899996364],[-75.94558900019749,40.40986700042729],[-75.93855799954338,40.412454999600186],[-75.93639899968021,40.40253000006784]]]}},{"id":"652","type":"Feature","properties":{"GISJOIN":"G42001100128","pct_black":0.0},"geometry":{"type":"Polygon","coordinates":[[[-75.92012199961177,40.38317100003727],[-75.92411099969763,40.38190799976149],[-75.92639000066322,40.38690999978308],[-75.92545499987621,40.3872379995684],[-75.92749099974213,40.390487000354646],[-75.91986899940989,40.3918320003354],[-75.9194889998513,40.39544700025608],[-75.91588599339993,40.39602958443955],[-75.91465099932803,40.393293000257074],[-75.90514793828592,40.396558189475066],[-75.9057719993701,40.3922550001999],[-75.90518799972405,40.389321000006746],[-75.9039079997179,40.38980700003872],[-75.90458300002376,40.3877569996248],[-75.90844599963769,40.386383000152286],[-75.907428000222,40.38467099979539],[-75.90844099945373,40.38440600018133],[-75.9076990000391,40.38196899975195],[-75.91224679948678,40.381210418533016],[-75.91289500014695,40.3848009998401],[-75.91220799996651,40.385107000332],[-75.91403100061206,40.387778999902196],[-75.92031899976683,40.38558200015634],[-75.92012199961177,40.38317100003727]]]}},{"id":"653","type":"Feature","properties":{"GISJOIN":"G42001100129","pct_black":0.0},"geometry":{"type":"Polygon","coordinates":[[[-75.72013299994154,40.39363400016758],[-75.74542600024574,40.32130300001926],[-75.77334400018331,40.32719799967614],[-75.77413599982872,40.324927999676675],[-75.78513900028946,40.32744300031816],[-75.7902019999898,40.32989900037935],[-75.79935799948888,40.335276999718694],[-75.80506100045667,40.34341400020381],[-75.80528199995297,40.34473200018692],[-75.80662599973572,40.34478099965346],[-75.81319499969072,40.34952399964593],[-75.81518100024924,40.35210899970737],[-75.81562000017533,40.356665000259135],[-75.82005899977067,40.36152299992006],[-75.8299569999457,40.362395000414736],[-75.84108299969215,40.35975299990189],[-75.85064599954302,40.36468900011531],[-75.86323500040795,40.360495000040125],[-75.8682670002658,40.36129700028135],[-75.8634689996693,40.36714399950514],[-75.85982400023632,40.368927000457944],[-75.86049000008266,40.369753000317374],[-75.86334500054578,40.368263000069206],[-75.86533099968447,40.367933000075716],[-75.86639800012803,40.36574799975306],[-75.86743200003598,40.3649009999451],[-75.86783499965468,40.362722999983724],[-75.86967899973276,40.36165199970929],[-75.88348300005201,40.36452500039037],[-75.88395822587408,40.36515479421572],[-75.88683546348481,40.366021309721674],[-75.88697262541694,40.36499240581405],[-75.89193256405153,40.36574427012094],[-75.88997300021359,40.36911100047849],[-75.89085099964603,40.36962899961433],[-75.89077492410486,40.37029190744423],[-75.89316600798043,40.37057207585376],[-75.89606954828791,40.36848861048454],[-75.89559300004898,40.366515999899654],[-75.89860299999631,40.366927999995056],[-75.89623500031036,40.371647000466396],[-75.89368900065026,40.380691999817984],[-75.88604800045377,40.42779300042145],[-75.87844800033957,40.422893000386566],[-75.86443700055962,40.41245299998058],[-75.85221899937342,40.40555000027752],[-75.82426000034789,40.387810000472435],[-75.80379099986602,40.40293199959496],[-75.79674099953203,40.4175929996253],[-75.75883699967477,40.409692999966694],[-75.738206000199,40.4042339995835],[-75.73847000032889,40.3981569998466],[-75.72013299994154,40.39363400016758]]]}},{"id":"654","type":"Feature","properties":{"GISJOIN":"G42001100130","pct_black":4.55},"geometry":{"type":"Polygon","coordinates":[[[-75.66276300051986,40.36760200016098],[-75.68286499985868,40.342886999945065],[-75.65484900001802,40.32279600022533],[-75.64626599943169,40.31830200030116],[-75.6389879995109,40.312580000041194],[-75.69660800030984,40.24199100040168],[-75.71221500007516,40.24722499959233],[-75.72045800037075,40.248459999720474],[-75.71945700023768,40.25315400041172],[-75.71838100048308,40.25498400040176],[-75.71577299983225,40.26301500023619],[-75.71612400004062,40.263246999898236],[-75.71069599988611,40.27843800031478],[-75.69944199951728,40.299083000101696],[-75.69772799961736,40.30469100003104],[-75.69517400047545,40.30965599993729],[-75.74542600024574,40.32130300001926],[-75.72265199950132,40.38642099962573],[-75.66276300051986,40.36760200016098]]]}},{"id":"655","type":"Feature","properties":{"GISJOIN":"G42001100131","pct_black":0.23},"geometry":{"type":"Polygon","coordinates":[[[-75.6065569997106,40.35245700030496],[-75.62534600028378,40.329234999800725],[-75.62868399982948,40.33066099982069],[-75.62803899945403,40.334132999805476],[-75.62970499953663,40.33620199971054],[-75.63287300057705,40.338237999798515],[-75.63367900050329,40.33754399963638],[-75.63295099935306,40.34105300029853],[-75.63428799997857,40.341107000248094],[-75.6367760006196,40.33870799978735],[-75.63778599943784,40.33885900023702],[-75.64485399950328,40.3361740002672],[-75.64549100051511,40.337401000193466],[-75.64841400023072,40.33661299967563],[-75.64718999964508,40.33348799979696],[-75.65010699993758,40.33180600009499],[-75.64719099991876,40.32858999958149],[-75.63969099994564,40.328447999825755],[-75.63833399978056,40.32714000026523],[-75.63352100049495,40.32449999978036],[-75.63118300042814,40.32733599984262],[-75.62862600043789,40.32521500047384],[-75.6389879995109,40.312580000041194],[-75.64626599943169,40.31830200030116],[-75.65484900001802,40.32279600022533],[-75.68286499985868,40.342886999945065],[-75.66276300051986,40.36760200016098],[-75.65505499970129,40.3757450003028],[-75.6065569997106,40.35245700030496]]]}},{"id":"656","type":"Feature","properties":{"GISJOIN":"G42001100132","pct_black":0.0},"geometry":{"type":"Polygon","coordinates":[[[-75.62534600028378,40.329234999800725],[-75.62862600043789,40.32521500047384],[-75.63118300042814,40.32733599984262],[-75.63352100049495,40.32449999978036],[-75.63833399978056,40.32714000026523],[-75.63969099994564,40.328447999825755],[-75.64719099991876,40.32858999958149],[-75.65010699993758,40.33180600009499],[-75.64718999964508,40.33348799979696],[-75.64841400023072,40.33661299967563],[-75.64549100051511,40.337401000193466],[-75.64485399950328,40.3361740002672],[-75.63778599943784,40.33885900023702],[-75.6367760006196,40.33870799978735],[-75.63428799997857,40.341107000248094],[-75.63295099935306,40.34105300029853],[-75.63367900050329,40.33754399963638],[-75.63287300057705,40.338237999798515],[-75.62970499953663,40.33620199971054],[-75.62803899945403,40.334132999805476],[-75.62868399982948,40.33066099982069],[-75.62534600028378,40.329234999800725]]]}},{"id":"657","type":"Feature","properties":{"GISJOIN":"G42001100133","pct_black":0.0},"geometry":{"type":"Polygon","coordinates":[[[-75.58974400028796,40.48463799976593],[-75.52962300014002,40.44708199973653],[-75.6065569997106,40.35245700030496],[-75.65505499970129,40.3757450003028],[-75.62789899937546,40.420589000352656],[-75.63756800046717,40.44035500008254],[-75.58974400028796,40.48463799976593]]]}},{"id":"658","type":"Feature","properties":{"GISJOIN":"G42001100134","pct_black":0.0},"geometry":{"type":"Polygon","coordinates":[[[-75.61515499991424,40.461078999656856],[-75.63756800046717,40.44035500008254],[-75.62789899937546,40.420589000352656],[-75.65505499970129,40.3757450003028],[-75.66276300051986,40.36760200016098],[-75.72265199950132,40.38642099962573],[-75.72013299994154,40.39363400016758],[-75.73847000032889,40.3981569998466],[-75.738206000199,40.4042339995835],[-75.75883699967477,40.409692999966694],[-75.79674099953203,40.4175929996253],[-75.80379099986602,40.40293199959496],[-75.82426000034789,40.387810000472435],[-75.85221899937342,40.40555000027752],[-75.86443700055962,40.41245299998058],[-75.87844800033957,40.422893000386566],[-75.89074899962556,40.43089299969646],[-75.8806800006214,40.434661999952],[-75.87336900048423,40.43318800025967],[-75.85961700016509,40.4360609999618],[-75.84964499949703,40.44479300010042],[-75.84418800055899,40.44123399986227],[-75.81728100055996,40.44643699994663],[-75.79880499947569,40.457559000079335],[-75.79664099955896,40.45619300024846],[-75.75033700054496,40.468094000151474],[-75.72676200020912,40.492483999950686],[-75.70556499976294,40.47517099986237],[-75.68955799934703,40.45639400034952],[-75.66501600031374,40.45865499986117],[-75.61515499991424,40.461078999656856]]]}},{"id":"659","type":"Feature","properties":{"GISJOIN":"G42001100135","pct_black":0.0},"geometry":{"type":"Polygon","coordinates":[[[-75.84964499949703,40.44479300010042],[-75.85961700016509,40.4360609999618],[-75.87336900048423,40.43318800025967],[-75.8806800006214,40.434661999952],[-75.93027599943306,40.415742999955626],[-75.93408500034481,40.41351800033444],[-75.9404530004108,40.41199299967031],[-75.93915199935651,40.41340800024003],[-75.9397819995937,40.41470700023611],[-75.94598900012389,40.416536999732934],[-75.94696500000742,40.417764999831995],[-75.94776199959163,40.421809999992625],[-75.95218399973436,40.42440899995408],[-75.95729600024998,40.42920099985606],[-75.9575549995544,40.43494599960397],[-75.95956900046515,40.44004199972051],[-75.96145500058887,40.44209299988535],[-75.96071200054207,40.442343999832374],[-75.95793700018429,40.445961999670125],[-75.96491400028886,40.4516490002813],[-75.97177100042849,40.45455400021856],[-75.97644700012086,40.452187999712976],[-75.977115000165,40.45638700032209],[-75.9746959993414,40.460712000266355],[-75.97632500002175,40.46651600017398],[-75.89664900004435,40.4959929997931],[-75.83856100029931,40.45602000038653],[-75.85212799987767,40.44645800008173],[-75.84964499949703,40.44479300010042]]]}},{"id":"660","type":"Feature","properties":{"GISJOIN":"G42001100136","pct_black":0.0},"geometry":{"type":"Polygon","coordinates":[[[-75.81191799958957,40.449781999839324],[-75.81728100055996,40.44643699994663],[-75.81901299976029,40.449176999695375],[-75.82111900063757,40.448696999770036],[-75.82454199963806,40.452254999520726],[-75.82648099981809,40.45132200029873],[-75.82767399955114,40.452443999737305],[-75.83071499957423,40.45105800033964],[-75.83094399965746,40.451593000249616],[-75.82804300010062,40.45299300011293],[-75.82970700040724,40.45369899971595],[-75.82870999983713,40.45410100022431],[-75.83085800048754,40.455706999969735],[-75.8321620004987,40.454007999684926],[-75.83594100007247,40.45578799999144],[-75.8363350000238,40.45542199967833],[-75.83876100034661,40.45699499966246],[-75.83181399968458,40.46536200004069],[-75.82751800052154,40.463439999796904],[-75.83021699975782,40.46118299985933],[-75.82789099954708,40.460537999877054],[-75.82651899964166,40.46349400008366],[-75.82339199984261,40.462821000031404],[-75.82281100021731,40.46189200017552],[-75.8230089998254,40.46113599977362],[-75.82125300057052,40.45984000003336],[-75.8206569997484,40.45865800004514],[-75.81708300061784,40.46063999974085],[-75.81113400026632,40.46222200036996],[-75.80802200045201,40.45890499977529],[-75.80267500046403,40.46151100030351],[-75.80187399983787,40.45972200013705],[-75.81123499962968,40.45505000017728],[-75.81191799958957,40.449781999839324]]]}},{"id":"661","type":"Feature","properties":{"GISJOIN":"G42001100137","pct_black":0.42},"geometry":{"type":"Polygon","coordinates":[[[-75.81148199949573,40.51976200019031],[-75.81832999985582,40.51397900034716],[-75.77634800014182,40.485725999773834],[-75.7655949993274,40.47773500031182],[-75.75033700054496,40.468094000151474],[-75.79664099955896,40.45619300024846],[-75.79880499947569,40.457559000079335],[-75.81191799958957,40.449781999839324],[-75.81123499962968,40.45505000017728],[-75.80187399983787,40.45972200013705],[-75.80267500046403,40.46151100030351],[-75.80802200045201,40.45890499977529],[-75.81113400026632,40.46222200036996],[-75.81708300061784,40.46063999974085],[-75.8206569997484,40.45865800004514],[-75.82125300057052,40.45984000003336],[-75.8230089998254,40.46113599977362],[-75.82281100021731,40.46189200017552],[-75.82339199984261,40.462821000031404],[-75.82651899964166,40.46349400008366],[-75.82789099954708,40.460537999877054],[-75.83021699975782,40.46118299985933],[-75.82751800052154,40.463439999796904],[-75.83181399968458,40.46536200004069],[-75.83876100034661,40.45699499966246],[-75.8363350000238,40.45542199967833],[-75.83594100007247,40.45578799999144],[-75.8321620004987,40.454007999684926],[-75.83085800048754,40.455706999969735],[-75.82870999983713,40.45410100022431],[-75.82970700040724,40.45369899971595],[-75.82804300010062,40.45299300011293],[-75.83094399965746,40.451593000249616],[-75.83071499957423,40.45105800033964],[-75.82767399955114,40.452443999737305],[-75.82648099981809,40.45132200029873],[-75.82454199963806,40.452254999520726],[-75.82111900063757,40.448696999770036],[-75.81901299976029,40.449176999695375],[-75.81728100055996,40.44643699994663],[-75.84418800055899,40.44123399986227],[-75.85212799987767,40.44645800008173],[-75.83856100029931,40.45602000038653],[-75.89664900004435,40.4959929997931],[-75.97632500002175,40.46651600017398],[-75.9768829999386,40.4676979996496],[-75.97664099942563,40.4686480003194],[-75.97294199952296,40.471083999841625],[-75.96991899962296,40.47482500011128],[-75.96987500009635,40.47987400028508],[-75.96778399957086,40.48176400026523],[-75.96730800006245,40.483060000386374],[-75.9676059999067,40.484443999644924],[-75.9702989995757,40.48803299959494],[-75.9719619997327,40.49162799963934],[-75.97130500041594,40.494649000356105],[-75.9718699999625,40.49637999972328],[-75.97370600043838,40.49836700050989],[-75.97494200028407,40.498932000388564],[-75.98306121038154,40.50008879440133],[-75.98467520768855,40.50095230086636],[-75.98851089298863,40.50425223013947],[-75.98857566210106,40.508709582122584],[-75.98907803161075,40.50981234368488],[-75.9929527340181,40.512067632381815],[-75.99659348313334,40.512581134385805],[-75.99965939246134,40.51375779201805],[-76.00143300006258,40.51487700014686],[-76.00197899960457,40.516776999972805],[-76.00165299937919,40.51795300034226],[-75.99965600026903,40.51930800040145],[-75.99652799938022,40.52402300031482],[-75.99243099938762,40.52700900019943],[-75.9886810002864,40.52716199978706],[-75.9839200002179,40.53094100007295],[-75.877609000572,40.5384249997731],[-75.87816200026505,40.53388899985632],[-75.87908400017298,40.532696000017765],[-75.87828499954205,40.5285569999701],[-75.8746470001913,40.52583800012719],[-75.87318899968793,40.52611500000161],[-75.87210599955318,40.52528400006137],[-75.8704629996626,40.52542300032035],[-75.8663929999266,40.52445400028763],[-75.86285499980875,40.52495300002926],[-75.8605470000425,40.52318600032484],[-75.85748799960949,40.52440300022621],[-75.85745500034128,40.52620200045694],[-75.8589899996423,40.531403000392466],[-75.85812199984565,40.53284200001202],[-75.85560200030686,40.53380400046887],[-75.8511620002994,40.53187699979866],[-75.84879100023474,40.533380999632215],[-75.84730400032971,40.53300900036354],[-75.8444119999311,40.53618500027809],[-75.84565200029023,40.53862799967179],[-75.8431049998592,40.5392470000941],[-75.83839599959778,40.53714400012249],[-75.83340199947126,40.535688999779715],[-75.82851800016412,40.53650300040883],[-75.82560099953518,40.5360300002447],[-75.82484700013931,40.535419000005945],[-75.82404499954373,40.53298099963805],[-75.8215499999934,40.531073000217205],[-75.81148199949573,40.51976200019031]]]}},{"id":"662","type":"Feature","properties":{"GISJOIN":"G42001100138","pct_black":0.0},"geometry":{"type":"Polygon","coordinates":[[[-75.98019699979791,40.53752500008522],[-75.98053400057665,40.54035200001491],[-75.98424000058719,40.541911999659106],[-75.98709100038185,40.545217000099456],[-75.99139700010065,40.54772099976528],[-75.9930369999271,40.550043000110286],[-75.99285400066952,40.55222399968071],[-75.99023600059354,40.55406900001284],[-75.98971300021783,40.55578299978736],[-75.99058000012273,40.55878600005776],[-75.99012600029833,40.561327000231046],[-75.991610000604,40.56329399973947],[-75.99231599938818,40.565307000287355],[-75.99751799977913,40.56673299969171],[-75.99885099952692,40.56838199961175],[-75.99846400007445,40.57018000038122],[-75.99898700037313,40.57129000011967],[-76.00017600022075,40.57199399987052],[-75.99955500029344,40.57207200036015],[-76.00272600065148,40.57465199977014],[-76.00625700061015,40.575997999739094],[-76.00548800039901,40.577106000115876],[-75.9960319998357,40.57223699960947],[-75.994080999541,40.56994299996668],[-75.9924939997348,40.56906499968574],[-75.99076499950421,40.569045000024616],[-75.98243299963583,40.57125499993495],[-75.98019099988429,40.57082699987391],[-75.97925299968641,40.56985299967722],[-75.97566499948934,40.562531000059934],[-75.96976000012975,40.555515999785726],[-75.9748510003173,40.53938499983856],[-75.97663700016574,40.53880000032259],[-75.97625699956514,40.53775499973893],[-75.98019699979791,40.53752500008522]]]}},{"id":"663","type":"Feature","properties":{"GISJOIN":"G42001100139","pct_black":2.05},"geometry":{"type":"Polygon","coordinates":[[[-75.8239090005281,40.63276100015101],[-75.739926000069,40.58022900000888],[-75.81148199949573,40.51976200019031],[-75.8215499999934,40.531073000217205],[-75.82404499954373,40.53298099963805],[-75.82484700013931,40.535419000005945],[-75.82560099953518,40.5360300002447],[-75.82851800016412,40.53650300040883],[-75.83340199947126,40.535688999779715],[-75.83839599959778,40.53714400012249],[-75.8431049998592,40.5392470000941],[-75.84565200029023,40.53862799967179],[-75.8444119999311,40.53618500027809],[-75.84730400032971,40.53300900036354],[-75.84879100023474,40.533380999632215],[-75.8511620002994,40.53187699979866],[-75.85560200030686,40.53380400046887],[-75.85812199984565,40.53284200001202],[-75.8589899996423,40.531403000392466],[-75.85745500034128,40.52620200045694],[-75.85748799960949,40.52440300022621],[-75.8605470000425,40.52318600032484],[-75.86285499980875,40.52495300002926],[-75.8663929999266,40.52445400028763],[-75.8704629996626,40.52542300032035],[-75.87210599955318,40.52528400006137],[-75.87318899968793,40.52611500000161],[-75.8746470001913,40.52583800012719],[-75.87828499954205,40.5285569999701],[-75.87908400017298,40.532696000017765],[-75.87816200026505,40.53388899985632],[-75.877609000572,40.5384249997731],[-75.9839200002179,40.53094100007295],[-75.98160599996062,40.53290500018867],[-75.98019699979791,40.53752500008522],[-75.97625699956514,40.53775499973893],[-75.97663700016574,40.53880000032259],[-75.9748510003173,40.53938499983856],[-75.96976000012975,40.555515999785726],[-75.97566499948934,40.562531000059934],[-75.97925299968641,40.56985299967722],[-75.98019099988429,40.57082699987391],[-75.98243299963583,40.57125499993495],[-75.99076499950421,40.569045000024616],[-75.9924939997348,40.56906499968574],[-75.994080999541,40.56994299996668],[-75.9960319998357,40.57223699960947],[-76.00486799965091,40.576875999869934],[-76.00548800039901,40.577106000115876],[-76.00625700061015,40.575997999739094],[-76.00871300030852,40.57744699962135],[-76.01337200041968,40.57766899975981],[-75.99321199988889,40.63971200019776],[-75.89147299997603,40.677270000138996],[-75.8239090005281,40.63276100015101]]]}},{"id":"664","type":"Feature","properties":{"GISJOIN":"G42001100140","pct_black":0.7},"geometry":{"type":"Polygon","coordinates":[[[-75.76684199976505,40.53440200026499],[-75.7642710003627,40.52928700039002],[-75.76736499988682,40.52796299979802],[-75.76374899966164,40.526436999617054],[-75.76833099946991,40.524527999861924],[-75.76636200008761,40.52327899984573],[-75.76852100024632,40.521191999795604],[-75.76673499949167,40.52000100035625],[-75.76809499969704,40.518511999982614],[-75.76937100056487,40.518922999735665],[-75.76454199952808,40.51126299960501],[-75.77121999963967,40.508835000039326],[-75.77313300041865,40.512008999760056],[-75.77919100014716,40.50974099996859],[-75.78567800053476,40.51682099987494],[-75.79072300029114,40.51502799987861],[-75.79185899939243,40.51638500019822],[-75.79477699977141,40.516221999575045],[-75.79759500041912,40.51855400042809],[-75.79802999967606,40.520300999542116],[-75.79387500053699,40.521794000123215],[-75.7949460001555,40.52336000003801],[-75.79538599988967,40.523168999760045],[-75.7953800000083,40.52374299988188],[-75.79392099996845,40.52679799961215],[-75.79358200033684,40.528911999880606],[-75.78958499983202,40.52903499961911],[-75.79166100015584,40.52647900020983],[-75.7925650003308,40.52626100024089],[-75.79139299973032,40.52443599953148],[-75.7921630000051,40.52414099994721],[-75.78718999988558,40.51850899955618],[-75.78236199976105,40.52177600001179],[-75.78343000001081,40.52274700030846],[-75.78284399951907,40.52330699961889],[-75.78385699964092,40.52379500002993],[-75.78260799961288,40.52369199997938],[-75.78226799963826,40.52701200020077],[-75.78161599942818,40.52678300019306],[-75.78068000046083,40.52491200043158],[-75.7800270002763,40.52515799976313],[-75.78117600051132,40.527204000309204],[-75.78025599986972,40.527321999797266],[-75.78092800031882,40.52992000021197],[-75.78221800063805,40.52993599968553],[-75.78248100039121,40.5312729997439],[-75.77660799951283,40.53150399975344],[-75.77800400028647,40.53253699974283],[-75.76684199976505,40.53440200026499]]]}},{"id":"665","type":"Feature","properties":{"GISJOIN":"G42001100141","pct_black":0.76},"geometry":{"type":"Polygon","coordinates":[[[-75.739926000069,40.58022900000888],[-75.67510500046485,40.538940999961625],[-75.68160899995509,40.528424999994044],[-75.69238799947941,40.52599399991493],[-75.71622199945699,40.503135000008655],[-75.71993000012908,40.50014200034916],[-75.734381000129,40.484399000425164],[-75.75033700054496,40.468094000151474],[-75.7655949993274,40.47773500031182],[-75.77634800014182,40.485725999773834],[-75.81832999985582,40.51397900034716],[-75.739926000069,40.58022900000888]],[[-75.76684199976505,40.53440200026499],[-75.77800400028647,40.53253699974283],[-75.77660799951283,40.53150399975344],[-75.78248100039121,40.5312729997439],[-75.78221800063805,40.52993599968553],[-75.78092800031882,40.52992000021197],[-75.78025599986972,40.527321999797266],[-75.78117600051132,40.527204000309204],[-75.7800270002763,40.52515799976313],[-75.78068000046083,40.52491200043158],[-75.78161599942818,40.52678300019306],[-75.78226799963826,40.52701200020077],[-75.78260799961288,40.52369199997938],[-75.78385699964092,40.52379500002993],[-75.78284399951907,40.52330699961889],[-75.78343000001081,40.52274700030846],[-75.78236199976105,40.52177600001179],[-75.78718999988558,40.51850899955618],[-75.7921630000051,40.52414099994721],[-75.79139299973032,40.52443599953148],[-75.7925650003308,40.52626100024089],[-75.79166100015584,40.52647900020983],[-75.78958499983202,40.52903499961911],[-75.79358200033684,40.528911999880606],[-75.79392099996845,40.52679799961215],[-75.7953800000083,40.52374299988188],[-75.79538599988967,40.523168999760045],[-75.7949460001555,40.52336000003801],[-75.79387500053699,40.521794000123215],[-75.79802999967606,40.520300999542116],[-75.79759500041912,40.51855400042809],[-75.79477699977141,40.516221999575045],[-75.79185899939243,40.51638500019822],[-75.79072300029114,40.51502799987861],[-75.78567800053476,40.51682099987494],[-75.77919100014716,40.50974099996859],[-75.77313300041865,40.512008999760056],[-75.77121999963967,40.508835000039326],[-75.76454199952808,40.51126299960501],[-75.76937100056487,40.518922999735665],[-75.76809499969704,40.518511999982614],[-75.76673499949167,40.52000100035625],[-75.76852100024632,40.521191999795604],[-75.76636200008761,40.52327899984573],[-75.76833099946991,40.524527999861924],[-75.76374899966164,40.526436999617054],[-75.76736499988682,40.52796299979802],[-75.7642710003627,40.52928700039002],[-75.76684199976505,40.53440200026499]]]}},{"id":"666","type":"Feature","properties":{"GISJOIN":"G42001100142","pct_black":0.17},"geometry":{"type":"Polygon","coordinates":[[[-75.67510500046485,40.538940999961625],[-75.61233600013821,40.498575999983],[-75.58974400028796,40.48463799976593],[-75.61515499991424,40.461078999656856],[-75.66501600031374,40.45865499986117],[-75.68955799934703,40.45639400034952],[-75.70556499976294,40.47517099986237],[-75.72676200020912,40.492483999950686],[-75.71993000012908,40.50014200034916],[-75.71622199945699,40.503135000008655],[-75.69238799947941,40.52599399991493],[-75.68176200025647,40.528218000274116],[-75.67510500046485,40.538940999961625]]]}}]}