{"type":"FeatureCollection","features":[{"id":"932","type":"Feature","properties":{"GISJOIN":"G48016700001","pct_black":0.0},"geometry":{"type":"MultiPolygon","coordinates":[[[[-94.72970699882202,29.337524999780374],[-94.72489799944141,29.332663000189036],[-94.72230799868191,29.331393999597665],[-94.72643799861793,29.331764999804385],[-94.7271699986254,29.331394000305593],[-94.74360700027455,29.321353000289854],[-94.76828763259797,29.304982922649316],[-94.76941700010451,29.308483999751363],[-94.76926299922827,29.309930000221538],[-94.77056882073757,29.30959332234974],[-94.77023712377745,29.308754198093798],[-94.7711859988707,29.308501999889305],[-94.77560099980748,29.32081399963627],[-94.77432499969888,29.32092499989639],[-94.77304100014497,29.328263999988994],[-94.77289700038372,29.329540000418866],[-94.77452100004837,29.33013499965147],[-94.77344099988005,29.330704999803622],[-94.77398499948319,29.331215000218368],[-94.77250600016886,29.331572000417705],[-94.77212300011838,29.333229999952337],[-94.77021699949968,29.336039000380026],[-94.76861800045593,29.33697600029557],[-94.76526300014038,29.33766599983289],[-94.7550510003323,29.33646999986113],[-94.751176000009,29.335174000067664],[-94.74981599887943,29.333924000213372],[-94.74852699970428,29.334575000214286],[-94.74554099987094,29.334827999769054],[-94.73715400022893,29.33320600031971],[-94.74037199877267,29.335330000104076],[-94.74178400040184,29.33484799963269],[-94.74518400004278,29.335282000366313],[-94.73303699908737,29.337365999786762],[-94.73150399988016,29.33646799987074],[-94.73118700019106,29.33535799992091],[-94.73118699972781,29.33678500027189],[-94.73203199997688,29.33731300005356],[-94.73081700027019,29.337682999730493],[-94.72970699882202,29.337524999780374]]],[[[-94.62416900014505,29.33519800045016],[-94.62519099909619,29.3327939999368],[-94.62519199849208,29.347758000414498],[-94.62389800014924,29.343142999761067],[-94.62416900014505,29.33519800045016]]]]}},{"id":"933","type":"Feature","properties":{"GISJOIN":"G48016700002","pct_black":4.07},"geometry":{"type":"Polygon","coordinates":[[[-94.77318600002152,29.314259999822845],[-94.7708889994874,29.30763699993666],[-94.77320999978741,29.307014999911814],[-94.77255600042933,29.30519200036014],[-94.78740400041895,29.30129499968037],[-94.79010200008987,29.309527000396134],[-94.77318600002152,29.314259999822845]]]}},{"id":"934","type":"Feature","properties":{"GISJOIN":"G48016700003","pct_black":16.43},"geometry":{"type":"Polygon","coordinates":[[[-94.7869929998795,29.292752000087013],[-94.78816799966435,29.296224999942147],[-94.7927910003223,29.29500799981653],[-94.79431299960233,29.29948099959291],[-94.77369500021432,29.304885000058395],[-94.77337399973075,29.303906999563292],[-94.77450999942539,29.303601999638985],[-94.77419199920219,29.30268800002846],[-94.77534199850166,29.30244000001035],[-94.77506499884511,29.30163000013963],[-94.77618499989009,29.3012449999911],[-94.77618499920753,29.300273999985293],[-94.77817700000561,29.299788999849607],[-94.77787599999023,29.298919999894178],[-94.77901999849028,29.298619000263447],[-94.77871799978388,29.29775099999926],[-94.78100199848932,29.297146999979205],[-94.78070499950488,29.29628199956126],[-94.78302499994595,29.29569300032833],[-94.78271100039092,29.29482700003433],[-94.78500499976317,29.294237000338573],[-94.78471000008375,29.29333300002857],[-94.7869929998795,29.292752000087013]]]}},{"id":"935","type":"Feature","properties":{"GISJOIN":"G48016700004","pct_black":16.42},"geometry":{"type":"MultiPolygon","coordinates":[[[[-94.74793200019965,29.25024000016831],[-94.75019400001067,29.24746100012577],[-94.75019299946553,29.250238000367062],[-94.74793200019965,29.25024000016831]]],[[[-94.79010499955383,29.288152999762225],[-94.78927300029132,29.28512299977188],[-94.79048800049358,29.287604999967055],[-94.79419599939021,29.284880000418333],[-94.79448600024497,29.284469999559914],[-94.79382199891147,29.283719000255605],[-94.79456400005361,29.28442300016243],[-94.79583899928726,29.283998999941883],[-94.80498700006405,29.278134000141915],[-94.81916099969183,29.270173000403556],[-94.8206950004981,29.274429000447267],[-94.80779300009708,29.27782300022362],[-94.80702799867927,29.27822200026752],[-94.80756800045212,29.279778000125045],[-94.80300999968841,29.280976000013474],[-94.80330500048838,29.281860999772803],[-94.80102499876206,29.282490999969053],[-94.80131099887784,29.283322000121395],[-94.79674900022984,29.284513999946245],[-94.79793299999253,29.28799599963143],[-94.78866699967148,29.290396999782917],[-94.78896399969621,29.291276999832426],[-94.78668400024931,29.29185000002919],[-94.7869929998795,29.292752000087013],[-94.78471000008375,29.29333300002857],[-94.78500499976317,29.294237000338573],[-94.78271100039092,29.29482700003433],[-94.78302499994595,29.29569300032833],[-94.78070499950488,29.29628199956126],[-94.78100199848932,29.297146999979205],[-94.77871799978388,29.29775099999926],[-94.77901999849028,29.298619000263447],[-94.77787599999023,29.298919999894178],[-94.77817700000561,29.299788999849607],[-94.77618499920753,29.300273999985293],[-94.77618499989009,29.3012449999911],[-94.77506499884511,29.30163000013963],[-94.77534199850166,29.30244000001035],[-94.77419199920219,29.30268800002846],[-94.77450999942539,29.303601999638985],[-94.77337399973075,29.303906999563292],[-94.77369500021432,29.304885000058395],[-94.77255600042933,29.30519200036014],[-94.77320999978741,29.307014999911814],[-94.7708889994874,29.30763699993666],[-94.7711859988707,29.308501999889305],[-94.77023712377745,29.308754198093798],[-94.77056882073757,29.30959332234974],[-94.76926299922827,29.309930000221538],[-94.76941700010451,29.308483999751363],[-94.76828763259797,29.304982922649316],[-94.79010499955383,29.288152999762225]]]]}},{"id":"936","type":"Feature","properties":{"GISJOIN":"G48016700005","pct_black":8.79},"geometry":{"type":"Polygon","coordinates":[[[-94.78816799966435,29.296224999942147],[-94.78668400024931,29.29185000002919],[-94.78896399969621,29.291276999832426],[-94.78866699967148,29.290396999782917],[-94.79793299999253,29.28799599963143],[-94.7991249991145,29.291476000260538],[-94.79683099971912,29.292075000154572],[-94.79742199888351,29.2937970002922],[-94.78816799966435,29.296224999942147]]]}},{"id":"937","type":"Feature","properties":{"GISJOIN":"G48016700006","pct_black":79.32},"geometry":{"type":"Polygon","coordinates":[[[-94.7927910003223,29.29500799981653],[-94.79742199888351,29.2937970002922],[-94.79683099971912,29.292075000154572],[-94.8059649989324,29.289683000220595],[-94.80715500030152,29.293156000250114],[-94.80259500029972,29.294357000304576],[-94.80350599987693,29.29706700016841],[-94.79431299960233,29.29948099959291],[-94.7927910003223,29.29500799981653]]]}},{"id":"938","type":"Feature","properties":{"GISJOIN":"G48016700007","pct_black":60.31},"geometry":{"type":"MultiPolygon","coordinates":[[[[-94.77501499948153,29.31862800006344],[-94.77318600002152,29.314259999822845],[-94.80102799999642,29.30630977825465],[-94.80209899958021,29.30828900030156],[-94.79363999994786,29.309111999687513],[-94.79357100039527,29.30978400042925],[-94.79282599855087,29.309548999930747],[-94.79323300021113,29.309922000383875],[-94.79185999994704,29.31049999961628],[-94.79147700042364,29.310025000295504],[-94.78942899968435,29.310785999874636],[-94.7894800000025,29.31173199959063],[-94.78635899998889,29.31364600016283],[-94.78609500036495,29.311839000348236],[-94.78559599899457,29.31229800006688],[-94.78550299987155,29.314079000412885],[-94.78466199988647,29.314321999955187],[-94.78459899981821,29.312594000114345],[-94.78406999903412,29.31286400042452],[-94.78387599910833,29.31559299986305],[-94.78094999997272,29.318254000386894],[-94.78157699993626,29.31739799992483],[-94.78117099951595,29.316536999806104],[-94.7803379997832,29.316442999761193],[-94.77912200024626,29.31316000015543],[-94.77818600027155,29.313440999991116],[-94.77901999921815,29.31678300033694],[-94.7787479989285,29.31750599962063],[-94.77838999911343,29.31769299977406],[-94.77742899949318,29.31526100029697],[-94.77649399996763,29.315515999730746],[-94.77770999989862,29.317888999757344],[-94.77501499948153,29.31862800006344]]],[[[-94.81008500010681,29.352048000254165],[-94.80397900015045,29.349566000210764],[-94.79843300023431,29.34492400004466],[-94.79098599970952,29.34036299964018],[-94.78628200002986,29.336044999948875],[-94.7840390000996,29.334750000241105],[-94.78068499965956,29.33427499955662],[-94.77847999849493,29.335899999551927],[-94.77773600035432,29.337436000410104],[-94.77673899873032,29.337231000316688],[-94.77819999887097,29.333790000376496],[-94.78006400016088,29.333892000034144],[-94.78170200018947,29.33099899976405],[-94.78142100021299,29.328408000088526],[-94.78186699953648,29.325999999840647],[-94.78136799936473,29.323699000324936],[-94.78241300002254,29.323343999992257],[-94.78347099967895,29.324163000241867],[-94.78396299988131,29.323672000132703],[-94.78291100026111,29.32284499986017],[-94.78338200044841,29.321991999882773],[-94.7846319998042,29.322764000356315],[-94.78495899985451,29.322312999753233],[-94.78379899932331,29.321569000002714],[-94.78425600030587,29.320892999617744],[-94.78493200004993,29.321308999923673],[-94.78533499847568,29.32080399997577],[-94.78478599881952,29.320231999838438],[-94.78550300019438,29.319800000110938],[-94.78675500006813,29.32057899987792],[-94.78709700030008,29.320134999666458],[-94.78590799932465,29.319232999996157],[-94.79207699922335,29.314834000186533],[-94.7935619992346,29.31424299982725],[-94.79497399961096,29.31656099996375],[-94.79936600008554,29.31461800034578],[-94.79849499978538,29.31272900015141],[-94.80052000025573,29.312351999650136],[-94.80645300002736,29.312398999919434],[-94.80830900042359,29.313079999592524],[-94.8090569997281,29.3140520003843],[-94.80999199862566,29.31378200010346],[-94.81022100037632,29.312980000241758],[-94.81500799934946,29.312297999866956],[-94.81628599935841,29.312298000206976],[-94.81660499959462,29.313451000202953],[-94.81721999964546,29.313566000306267],[-94.81728799913878,29.312802000078467],[-94.8218739998081,29.313407999953593],[-94.82345199860595,29.31847700021635],[-94.82338900007734,29.32457599966911],[-94.82214199860717,29.327003000327426],[-94.8226480002366,29.330887999687707],[-94.8222589992108,29.333668999675602],[-94.81996200019496,29.340336000023814],[-94.8200870002564,29.341874000099374],[-94.8222050002662,29.34246800020733],[-94.82169200043506,29.344823000341428],[-94.8179679985815,29.348378000156018],[-94.81494599952158,29.349753999571185],[-94.81276500020657,29.351723999677446],[-94.81008500010681,29.352048000254165]]],[[[-94.82460400034685,29.35493600018977],[-94.81964999852991,29.352453000222052],[-94.81887200019592,29.350699000358947],[-94.81908799971544,29.349470000007425],[-94.81992999953037,29.349623000167238],[-94.8223339998601,29.34802600036128],[-94.82485400007748,29.349215000278857],[-94.82740800007149,29.349295999723548],[-94.82532099866833,29.34943100036824],[-94.82566399948955,29.350132000424942],[-94.82497799984094,29.350023999579708],[-94.8258509991541,29.351320000050816],[-94.8268789998002,29.35129300019113],[-94.82669200004831,29.350401999813137],[-94.82756399867151,29.350266999785696],[-94.82753299937953,29.349404000107537],[-94.8291219999491,29.34907999978126],[-94.82990099964465,29.346947999602335],[-94.82870399866387,29.3485440001282],[-94.83046199966115,29.346002999634322],[-94.83061800010714,29.34724500015187],[-94.82940199912592,29.349350000197774],[-94.82619300043538,29.352318000222375],[-94.82460400034685,29.35493600018977]]]]}},{"id":"939","type":"Feature","properties":{"GISJOIN":"G48016700008","pct_black":87.02},"geometry":{"type":"Polygon","coordinates":[[[-94.79894899979102,29.29826299981073],[-94.81840099987981,29.293161000335658],[-94.81929799925027,29.295881000212308],[-94.8135729999642,29.297394999822945],[-94.813856999942,29.29824699965884],[-94.80016999866592,29.30184299964054],[-94.79894899979102,29.29826299981073]]]}},{"id":"940","type":"Feature","properties":{"GISJOIN":"G48016700009","pct_black":28.24},"geometry":{"type":"Polygon","coordinates":[[[-94.80715500030152,29.293156000250114],[-94.80567899927085,29.2888179997138],[-94.81023400020227,29.28758799955664],[-94.80935700032977,29.285001999976146],[-94.81392399995158,29.283798999589052],[-94.81511299958339,29.28727300011925],[-94.81282599957358,29.28787200003597],[-94.81431000003093,29.292219000079353],[-94.81089599895556,29.29311299961033],[-94.81151099998898,29.29495900018236],[-94.80350599987693,29.29706700016841],[-94.80259500029972,29.294357000304576],[-94.80715500030152,29.293156000250114]]]}},{"id":"941","type":"Feature","properties":{"GISJOIN":"G48016700010","pct_black":3.52},"geometry":{"type":"Polygon","coordinates":[[[-94.7991249991145,29.291476000260538],[-94.79674900022984,29.284513999946245],[-94.80131099887784,29.283322000121395],[-94.80102499876206,29.282490999969053],[-94.80330500048838,29.281860999772803],[-94.80300999968841,29.280976000013474],[-94.80756800045212,29.279778000125045],[-94.80702799867927,29.27822200026752],[-94.8092700000967,29.27743500035744],[-94.8101550001646,29.280041999950306],[-94.81243899877286,29.27944699987157],[-94.81392399995158,29.283798999589052],[-94.80935700032977,29.285001999976146],[-94.81023400020227,29.28758799955664],[-94.80567899927085,29.2888179997138],[-94.8059649989324,29.289683000220595],[-94.7991249991145,29.291476000260538]]]}},{"id":"942","type":"Feature","properties":{"GISJOIN":"G48016700011","pct_black":0.17},"geometry":{"type":"Polygon","coordinates":[[[-94.8092700000967,29.27743500035744],[-94.8206950004981,29.274429000447267],[-94.81916099969183,29.270173000403556],[-94.82228299908348,29.26863899955126],[-94.82658899923547,29.276630999782],[-94.81273299958632,29.280308000034772],[-94.81243899877286,29.27944699987157],[-94.8101550001646,29.280041999950306],[-94.8092700000967,29.27743500035744]]]}},{"id":"943","type":"Feature","properties":{"GISJOIN":"G48016700012","pct_black":0.16},"geometry":{"type":"Polygon","coordinates":[[[-94.81511299958339,29.28727300011925],[-94.81273299958632,29.280308000034772],[-94.82618899992647,29.276850000037687],[-94.82708399957889,29.276991999718952],[-94.82850599993563,29.279977000300228],[-94.82762799858929,29.280207999608518],[-94.82858299973286,29.283214000251228],[-94.82753099956736,29.283514999857726],[-94.82768599958636,29.283999000230644],[-94.81511299958339,29.28727300011925]]]}},{"id":"944","type":"Feature","properties":{"GISJOIN":"G48016700013","pct_black":0.41},"geometry":{"type":"Polygon","coordinates":[[[-94.81340800048004,29.289618999888095],[-94.81571100035784,29.289010999657204],[-94.81660200049116,29.291607000070968],[-94.81773399998556,29.291323999891294],[-94.81802999995179,29.292188999719045],[-94.82260199985836,29.29098299954774],[-94.8214130002488,29.287502000244494],[-94.82256699850936,29.28722299993555],[-94.82284999957395,29.288079999971966],[-94.82966799998408,29.286302000130554],[-94.83092099938571,29.289874999689992],[-94.81151099998898,29.29495900018236],[-94.81089599895556,29.29311299961033],[-94.81431000003093,29.292219000079353],[-94.81340800048004,29.289618999888095]]]}},{"id":"945","type":"Feature","properties":{"GISJOIN":"G48016700014","pct_black":63.46},"geometry":{"type":"Polygon","coordinates":[[[-94.81340800048004,29.289618999888095],[-94.81282599957358,29.28787200003597],[-94.82768599958636,29.283999000230644],[-94.82753099956736,29.283514999857726],[-94.82858299973286,29.283214000251228],[-94.82762799858929,29.280207999608518],[-94.82850599993563,29.279977000300228],[-94.82887199938861,29.28051200023996],[-94.83272600006667,29.278949999594925],[-94.83795700015203,29.288556000161446],[-94.83092099938571,29.289874999689992],[-94.82966799998408,29.286302000130554],[-94.82284999957395,29.288079999971966],[-94.82256699850936,29.28722299993555],[-94.8214130002488,29.287502000244494],[-94.82260199985836,29.29098299954774],[-94.81802999995179,29.292188999719045],[-94.81773399998556,29.291323999891294],[-94.81660200049116,29.291607000070968],[-94.81571100035784,29.289010999657204],[-94.81340800048004,29.289618999888095]]]}},{"id":"946","type":"Feature","properties":{"GISJOIN":"G48016700015","pct_black":50.34},"geometry":{"type":"Polygon","coordinates":[[[-94.80209899958021,29.30828900030156],[-94.80111999953353,29.307006999649815],[-94.80102799999642,29.30630977825465],[-94.80157363683459,29.306048028810118],[-94.80016999866592,29.30184299964054],[-94.813856999942,29.29824699965884],[-94.8135729999642,29.297394999822945],[-94.81929799925027,29.295881000212308],[-94.81840099987981,29.293161000335658],[-94.83534499983638,29.288738999886377],[-94.84902899961946,29.28869300032519],[-94.86024900019055,29.285529999664966],[-94.86456700046978,29.2854599998463],[-94.86689199872505,29.28610099984659],[-94.88674699948245,29.29567699957227],[-94.87716299970063,29.291403999946372],[-94.87597599969428,29.29153399999266],[-94.87551699966491,29.290870999551185],[-94.87165099976994,29.289332000278353],[-94.87270999985951,29.29054700042235],[-94.8858270004817,29.297337999712827],[-94.87059099895073,29.29003399988422],[-94.86850400041239,29.29043900043939],[-94.86772499980339,29.28973700001337],[-94.86529500017745,29.291221000294104],[-94.86510800049288,29.29184200028621],[-94.86587299921767,29.2932349995432],[-94.86199200007161,29.295295999999407],[-94.85912599888891,29.294379000195857],[-94.85781699970482,29.295485000127726],[-94.85825299907238,29.29491900040852],[-94.85762399898215,29.293753999615802],[-94.85673100026267,29.294817000077547],[-94.85746200011238,29.295778000302796],[-94.85685899935436,29.295964999909355],[-94.85625900022498,29.294838000255787],[-94.8565870003021,29.295769000411134],[-94.85498200042814,29.2962139996254],[-94.85432800024822,29.29705000001643],[-94.85304999964707,29.296052000251535],[-94.85348599957717,29.297508999766286],[-94.8528629991326,29.297995000144187],[-94.85320600004167,29.298751000365293],[-94.85241899893695,29.299059999838736],[-94.85108699966227,29.2991280002471],[-94.85005899855547,29.297266000364765],[-94.8477760004282,29.29756399997045],[-94.84737999941252,29.29696900016333],[-94.8459149998492,29.296887999945746],[-94.84519899963246,29.297292999811983],[-94.84569299851196,29.29818499958312],[-94.84412699858301,29.298609999859593],[-94.84373400002507,29.298156999827576],[-94.84164700049602,29.298830999605045],[-94.84091299962652,29.297479000093034],[-94.84054799975799,29.297622999571846],[-94.84114799959656,29.299154999912773],[-94.839465999289,29.29950600036954],[-94.83865599860181,29.298670000290855],[-94.83715999974508,29.299451999612568],[-94.8376819999448,29.300957000154124],[-94.83497899986915,29.30169200032212],[-94.83451199901079,29.301286999765292],[-94.83194100004901,29.30208799997886],[-94.83157599952447,29.30142500026635],[-94.82990099894326,29.30161100042557],[-94.83002599972524,29.29985700014225],[-94.82750199988995,29.300423999559037],[-94.82787600005413,29.30395899998926],[-94.82718999877025,29.304201999937103],[-94.82597499963782,29.30692700015037],[-94.8255390003594,29.306791999759525],[-94.8265050005008,29.30522700040141],[-94.82572599949867,29.305092000029155],[-94.82357599982296,29.305686000350548],[-94.82208100013537,29.307872000377344],[-94.82164399995682,29.307791000024192],[-94.82201800008818,29.305739999709896],[-94.82120799950738,29.305632000172654],[-94.8201489989581,29.309328999767242],[-94.8184350004128,29.30895100014786],[-94.81933899870737,29.305497000352496],[-94.81852900035913,29.305091999718105],[-94.81743799980707,29.30868099983565],[-94.81601300004681,29.30859400004203],[-94.81550700002977,29.305361999996556],[-94.81513700016436,29.305404999974492],[-94.8153820004218,29.308600999807506],[-94.81285800038374,29.30851700021038],[-94.81410500020559,29.305388999647093],[-94.8135209995591,29.305396000098167],[-94.81214199976829,29.30822299978148],[-94.81106400045026,29.308347000153258],[-94.81239900020489,29.305310999717705],[-94.8118299994748,29.30525400009337],[-94.81024100006867,29.308357999667134],[-94.80209899958021,29.30828900030156]]]}},{"id":"947","type":"Feature","properties":{"GISJOIN":"G48016700016","pct_black":0.18},"geometry":{"type":"Polygon","coordinates":[[[-94.83795700015203,29.288556000161446],[-94.83272600006667,29.278949999594925],[-94.82880499933972,29.280511999578316],[-94.82228299908348,29.26863899955126],[-94.82595299851585,29.266054000292204],[-94.83912300050993,29.259269999652272],[-94.86558060751113,29.243514504997368],[-94.88096899953163,29.272780000330826],[-94.87979800038183,29.272402000417415],[-94.87787299952859,29.268553999785254],[-94.87822899923121,29.267882999954644],[-94.87741100018812,29.267416000255537],[-94.87762999982527,29.266949999596935],[-94.87689700003318,29.265589000220068],[-94.87647399999095,29.26517500044497],[-94.87684900024291,29.26610300044016],[-94.87414299960962,29.265638000290764],[-94.87355100019559,29.266556000337502],[-94.8747350001634,29.268391000208872],[-94.87660499903747,29.268228999935555],[-94.87828699982647,29.27200699961932],[-94.87759899999882,29.27261800029821],[-94.87423700001719,29.272762999774564],[-94.87230599855697,29.272268999655317],[-94.86763100021255,29.275192000094908],[-94.86644800032103,29.27489500013963],[-94.86417300010142,29.275839000193002],[-94.86361200006532,29.274354999752646],[-94.86392399882273,29.275785000022267],[-94.86323799955498,29.276190000253354],[-94.86336299862755,29.276675999843846],[-94.86152499895735,29.27686500043538],[-94.86071499879675,29.276406000182746],[-94.86093299968984,29.277646999602602],[-94.85875200011786,29.27837600040626],[-94.8581289999893,29.27840299976922],[-94.8595309997186,29.277430999992205],[-94.85869000029598,29.276864999564175],[-94.8589699999238,29.276432999862934],[-94.85803500047328,29.27656799965854],[-94.85799100029267,29.27539700003004],[-94.85781699956875,29.278268000277077],[-94.85719400024757,29.279213000246102],[-94.85541799996555,29.276919000423298],[-94.84996599867047,29.276108999993358],[-94.84666300031036,29.278213999780768],[-94.84516799862335,29.27853799981171],[-94.84482499953131,29.27810600031449],[-94.84448200005835,29.278754000338623],[-94.8414600002272,29.27950899990159],[-94.84092999966775,29.27991399999931],[-94.84108600009698,29.28134400045064],[-94.83843799960667,29.282127000168842],[-94.83809499953843,29.2810750004365],[-94.83464999952031,29.278464000169567],[-94.83369000016121,29.27866100009131],[-94.8335200001385,29.279349999987122],[-94.83540399953466,29.280975000352765],[-94.83585199997982,29.284528999860353],[-94.83697300002599,29.2860130003724],[-94.83790799934457,29.286147999577445],[-94.84002699889709,29.285230000253133],[-94.84254999978683,29.287577999936097],[-94.84516799849224,29.287712999656158],[-94.84535499963725,29.28830700021852],[-94.84667099979528,29.288437999754244],[-94.8462889994146,29.28760499992464],[-94.84759000014056,29.28785100035486],[-94.84968500018962,29.28698500027706],[-94.85021499851335,29.28752399980865],[-94.85283199987383,29.28622899997413],[-94.85326799985255,29.286633999642227],[-94.85498200036248,29.28622900020375],[-94.86389299943781,29.282342999930105],[-94.86451599910785,29.282234999673783],[-94.86526399848556,29.283340999855376],[-94.8648589994382,29.280994000409365],[-94.86577099906266,29.282205000117994],[-94.86558399983252,29.28117600007598],[-94.86707100048301,29.28112900040613],[-94.86688399948122,29.281856999930923],[-94.86735099925616,29.282288999992613],[-94.86812999966537,29.28169499971968],[-94.86775600019654,29.280858999954102],[-94.86844199974432,29.28069700039696],[-94.8692319990429,29.281924999562708],[-94.86875299888968,29.28061599958019],[-94.86918899939923,29.280561999646526],[-94.87002299971483,29.281780000442605],[-94.86965699996891,29.280454000072734],[-94.8705209987541,29.281773000363504],[-94.8701239997259,29.2802920000117],[-94.87166400029207,29.28098899987214],[-94.87347599935502,29.28073400000752],[-94.87386299931397,29.28161399966706],[-94.87373799998521,29.28067000025114],[-94.87417400007008,29.280561999557623],[-94.87481999977122,29.28165200000791],[-94.87438200040886,29.280255999789834],[-94.87554500023795,29.280777999658806],[-94.87573199975093,29.280346000404965],[-94.87866099995189,29.27991399978013],[-94.87909699950295,29.27896999958342],[-94.88021900018714,29.27967100020144],[-94.88060199987794,29.278964999955164],[-94.88062399900443,29.280048999818472],[-94.87903799980594,29.28187399958957],[-94.87358200045037,29.285742999821892],[-94.87408099946656,29.2870389998166],[-94.87389399955744,29.2877400003397],[-94.87086599987873,29.28220300039377],[-94.86940000014465,29.28252499993172],[-94.87091999945125,29.28494799957115],[-94.87202200027909,29.284524999763807],[-94.87273499968829,29.286228000142096],[-94.87194700034745,29.286713999738584],[-94.87300499885838,29.286729999707415],[-94.87211699926458,29.287167000341263],[-94.87317399923626,29.286979000373325],[-94.87330300038276,29.28827800019729],[-94.87414200037496,29.289278000067412],[-94.88674699948245,29.29567699957227],[-94.86689199872505,29.28610099984659],[-94.86456700046978,29.2854599998463],[-94.86024900019055,29.285529999664966],[-94.84902899961946,29.28869300032519],[-94.83795700015203,29.288556000161446]]]}},{"id":"948","type":"Feature","properties":{"GISJOIN":"G4801670BP0100","pct_black":0.3},"geometry":{"type":"MultiPolygon","coordinates":[[[[-94.78010799979094,29.371577999729187],[-94.77970000013066,29.371321999773343],[-94.77966000003904,29.369948000061044],[-94.7803399992485,29.37085799962205],[-94.78010799979094,29.371577999729187]]],[[[-94.7507740002643,29.47469400005007],[-94.751992999956,29.474721999785547],[-94.75262099957533,29.475065999730617],[-94.75083900050218,29.4750650001761],[-94.7507740002643,29.47469400005007]]],[[[-94.74727699918589,29.475200999947315],[-94.74858599894645,29.475291999945206],[-94.74701599868673,29.4760489996888],[-94.74727699918589,29.475200999947315]]],[[[-94.75966499949111,29.477130999605137],[-94.76044999854533,29.477130999585608],[-94.7606600000327,29.477497999674252],[-94.75987400000223,29.477704000407428],[-94.75966499949111,29.477130999605137]]],[[[-94.70833400016988,29.478009999628572],[-94.70898900008541,29.477596999727034],[-94.70898900017345,29.477895000185885],[-94.70833400016988,29.478009999628572]]],[[[-94.73591299910024,29.478413999786152],[-94.73711699860225,29.47836800026549],[-94.73580799998369,29.47880400029545],[-94.73591299910024,29.478413999786152]]],[[[-94.70987999951322,29.478261999639876],[-94.71053400010132,29.478352999793977],[-94.70993199982568,29.47858299973396],[-94.70987999951322,29.478261999639876]]],[[[-94.76330399912976,29.479056999687508],[-94.76419500003384,29.479241000384658],[-94.764298999612,29.479905999854466],[-94.76385399875633,29.479929000113977],[-94.76330399912976,29.479056999687508]]],[[[-94.77935799987677,29.485731000176756],[-94.780195999778,29.485638999873917],[-94.78071900045134,29.48644099982828],[-94.77935799987677,29.485731000176756]]],[[[-94.78265699974385,29.487977000420674],[-94.78401899853537,29.487909000083366],[-94.7867950003825,29.48985599970353],[-94.7847519995554,29.489809999905738],[-94.78265699974385,29.487977000420674]]],[[[-94.80471199997982,29.495723999923335],[-94.80594299948545,29.496618000102842],[-94.80594299964397,29.496960999889097],[-94.80497399882967,29.496892999678707],[-94.80434499894248,29.49622799965284],[-94.80471199997982,29.495723999923335]]],[[[-94.87600299984209,29.514318999791342],[-94.87694699969143,29.514067000289025],[-94.8752000004675,29.51467099993865],[-94.87600299984209,29.514318999791342]]],[[[-94.50263399960004,29.51804199964053],[-94.50349000042604,29.517657000279208],[-94.50369999956551,29.518159000186177],[-94.50263399960004,29.51804199964053]]],[[[-94.4996589994545,29.518358999561627],[-94.50062699950502,29.51836199956536],[-94.50065300048783,29.51882000034387],[-94.4996589997589,29.519114999933205],[-94.4996589994545,29.518358999561627]]],[[[-94.49295299953333,29.521501999634133],[-94.49402700032732,29.521043000440663],[-94.49410500034163,29.521134999879756],[-94.49295299953333,29.521501999634133]]],[[[-94.50372600039671,29.52217599987913],[-94.50511099949767,29.521255000105285],[-94.50685499850881,29.521282000152546],[-94.50645299937352,29.52195200035728],[-94.50372600039671,29.52217599987913]]],[[[-94.50176400016481,29.52354000004475],[-94.50218499982718,29.522763000175],[-94.50278399958782,29.523150000407913],[-94.50176400016481,29.52354000004475]]],[[[-94.49926799960804,29.52296600033474],[-94.49977700027026,29.523075999833214],[-94.49975399936544,29.523722000033548],[-94.49916400045535,29.523539000303774],[-94.49926799960804,29.52296600033474]]],[[[-94.80870400043315,29.536473999923416],[-94.80945399857413,29.53633400002944],[-94.80771799984242,29.537244999940178],[-94.80870400043315,29.536473999923416]]],[[[-94.79172200002058,29.546190999561613],[-94.79134499851398,29.546684999552912],[-94.79033000045685,29.54747799986115],[-94.79024799918754,29.547305000298213],[-94.79172200002058,29.546190999561613]]],[[[-94.7916110004849,29.550416000408845],[-94.79060499901638,29.54840099966484],[-94.79333500027856,29.551066999600295],[-94.7916110004849,29.550416000408845]]],[[[-94.40407199978965,29.596459000170245],[-94.40088699973052,29.59586299984468],[-94.40005300052188,29.59470899963599],[-94.3988309993678,29.594453000012905],[-94.39848399900875,29.59484299971097],[-94.39905300049533,29.596068999647212],[-94.39806399890787,29.596797000097435],[-94.3942840004982,29.596294999965163],[-94.39359899883627,29.59503199959615],[-94.39227199920484,29.595622999924498],[-94.38994200008291,29.594715999650216],[-94.388787998815,29.596071000308317],[-94.388409000264,29.594526000384626],[-94.38715299952408,29.59431900042617],[-94.38655299997768,29.59610399958703],[-94.38453499962624,29.595141000396712],[-94.38291700006582,29.596345999754686],[-94.38060400015337,29.595204999636373],[-94.37876199930362,29.59604599978762],[-94.37813899977327,29.594081999829555],[-94.37713900012763,29.593702000406658],[-94.376501998495,29.594894999909084],[-94.37535000015177,29.595299999857033],[-94.3753179993503,29.596775999545567],[-94.37307499961777,29.595685999805845],[-94.37321200029822,29.597444999623367],[-94.37228299882149,29.596186999867914],[-94.37162200031398,29.59724699995155],[-94.37086499952804,29.555032999919177],[-94.41712100002182,29.537718999834976],[-94.44934100024669,29.526471000004424],[-94.49856899928109,29.507085999869616],[-94.49920499966261,29.50698399965494],[-94.50001099997564,29.508502000296556],[-94.50064699936667,29.508270000115207],[-94.49993999967515,29.50650899975182],[-94.5009230000705,29.50687299999846],[-94.56554899990418,29.48088900027949],[-94.5846800000975,29.472989999958656],[-94.62149000004965,29.456666000203953],[-94.66051400037207,29.43701199975135],[-94.67716999964794,29.427303999944204],[-94.69506299976321,29.414931000234276],[-94.70710300027334,29.403700000315386],[-94.71538599952683,29.394015000029793],[-94.7217919995854,29.383857999756916],[-94.72699400030614,29.372136999624257],[-94.72914099891842,29.36885500025699],[-94.73278799859841,29.367274999623046],[-94.73726499959247,29.369240000192654],[-94.73827699921904,29.37017200014698],[-94.73777099900154,29.372481000118366],[-94.73843899891784,29.373351999895274],[-94.7403029993892,29.370577000417647],[-94.74149799854446,29.370475999590223],[-94.74380800027025,29.368894999929996],[-94.74432299998145,29.369417999650885],[-94.74435499982563,29.371043000130733],[-94.74328099853562,29.371690999539435],[-94.74155900004763,29.3751550004377],[-94.75039100049207,29.37061700045083],[-94.75095899968288,29.369483000193654],[-94.7542609999024,29.367578999933862],[-94.75462499970307,29.367031999599458],[-94.75379500045632,29.36628199996703],[-94.75782600017058,29.363202999631422],[-94.76094599881507,29.36198800027829],[-94.76246999922795,29.36299299981301],[-94.76201599929223,29.363993999790512],[-94.76292299994542,29.36555400007515],[-94.76450400047602,29.366028999699548],[-94.76890899933045,29.365259000013356],[-94.77418999963675,29.362528999789657],[-94.778636998673,29.36128599977531],[-94.77849999889006,29.36196000024982],[-94.77945999992035,29.36290899960439],[-94.77914299989723,29.363298999906025],[-94.78082999967307,29.365458999817317],[-94.77936499974177,29.365607000253167],[-94.77965999980815,29.366471000021992],[-94.78108300041761,29.365986000376957],[-94.77935400017627,29.366670999622624],[-94.77794199904557,29.36843199956422],[-94.777214999094,29.370708000111726],[-94.77812499987824,29.371728999848127],[-94.77799499949376,29.3732689996563],[-94.77711999902105,29.374260000041332],[-94.77745899984372,29.375550000168218],[-94.77656799892286,29.376767999578664],[-94.78340799956143,29.373643999982285],[-94.78355900023557,29.37417100017342],[-94.78015799924482,29.37828900013936],[-94.76944299890613,29.387565999846853],[-94.76692600011836,29.39271899986099],[-94.75443999970375,29.39997000039552],[-94.74510199856164,29.407212999715462],[-94.7439500002616,29.408410000118533],[-94.74341300033127,29.410110000076422],[-94.73970199959726,29.412446999706315],[-94.73773899954786,29.41458100026872],[-94.73536199878357,29.41534999965106],[-94.73257999983912,29.41784000019208],[-94.73198700050304,29.419284999626527],[-94.72948400027224,29.420588000367378],[-94.72771099969064,29.423230000369887],[-94.72504499946061,29.424257000070625],[-94.72405799881146,29.42614800016607],[-94.72212599978606,29.426377000172216],[-94.72150400033505,29.427659999853184],[-94.71958599988264,29.42914299956185],[-94.71584200002363,29.431040000272006],[-94.71313900014393,29.431417999805106],[-94.7113960000277,29.430319000148458],[-94.7056539984798,29.435300999653844],[-94.70499099994827,29.435258000011135],[-94.70393799956784,29.437960000436323],[-94.7043489995212,29.4394520003204],[-94.69900799860689,29.445160999694558],[-94.69892100010561,29.44641499969011],[-94.6978620004024,29.447062999848786],[-94.69797000018123,29.448707000348488],[-94.69669399968078,29.449226000009077],[-94.69461799954178,29.455259000345254],[-94.69375299915791,29.454761999948502],[-94.69271499961657,29.455388999891465],[-94.69344999982243,29.456685999639177],[-94.69310399953423,29.459822000377507],[-94.6899910003264,29.460751999770004],[-94.68737399854703,29.459930000085038],[-94.68674699979054,29.46060000005924],[-94.68748199976692,29.462568000026653],[-94.6865520001951,29.463606000377165],[-94.6880229992818,29.464233000277442],[-94.68593499914829,29.46542600007249],[-94.6816719999645,29.470233000235933],[-94.68051400025068,29.47051399958983],[-94.68056599925887,29.471022999848323],[-94.67665399969091,29.47347899983329],[-94.67337299966336,29.474443999738757],[-94.67328899952696,29.475760999992097],[-94.67041299986576,29.476857999933493],[-94.66752999979356,29.47698199959061],[-94.66543599949874,29.477724999589107],[-94.65720300027502,29.477296999799865],[-94.65063799855398,29.4758780003012],[-94.64562599971904,29.47270200021307],[-94.64457900038462,29.47279300026782],[-94.64499599967186,29.474426000247682],[-94.64264699921625,29.47377700035216],[-94.64122199962893,29.472511000243877],[-94.64043099952305,29.472652999982692],[-94.63969000029054,29.47421900034364],[-94.63675900010355,29.47424400012027],[-94.6352260001369,29.475068000345047],[-94.62949599895539,29.47561799989473],[-94.62171000026815,29.478932000334815],[-94.61661299987048,29.48039799986164],[-94.61563799893185,29.481255999715025],[-94.61010899988582,29.48276300004325],[-94.6078799995227,29.48284099984331],[-94.60477000039438,29.484393000321404],[-94.59907299974275,29.490291000007943],[-94.59840299977881,29.489821999759997],[-94.59732999864757,29.490057000431978],[-94.59515199975357,29.491095999765378],[-94.59377799959253,29.492570000294],[-94.59176799985994,29.492536000332898],[-94.5930529984816,29.493154999822682],[-94.59505200005218,29.492869999608683],[-94.59757399981571,29.49524900025394],[-94.59443300028661,29.50319599997992],[-94.59262500009407,29.503767999979484],[-94.59129199885982,29.505005000013387],[-94.59386200039285,29.506146999804997],[-94.5943379999873,29.505813999792142],[-94.59362400016025,29.504529000195355],[-94.59505199994754,29.504576999643483],[-94.59424299925506,29.50824099983472],[-94.59224399983133,29.510381999727603],[-94.59205399953036,29.511524999632694],[-94.58972199955768,29.513333000016928],[-94.58539099906376,29.51842500000476],[-94.57706299850776,29.525800999815612],[-94.57563500010399,29.52641999997797],[-94.57458800051961,29.52775199956387],[-94.57158999906491,29.52746700012439],[-94.57068599995837,29.52922800011244],[-94.56897299997802,29.53018000017665],[-94.56725999987916,29.529989000179775],[-94.566164999313,29.53056000021772],[-94.56307199980255,29.53075099998955],[-94.55850299973324,29.53003700023321],[-94.55702800009733,29.529085000369705],[-94.55398199864237,29.528275999651587],[-94.55222199970584,29.526229999717444],[-94.54888999996707,29.5252299997569],[-94.54717699861816,29.52313599970055],[-94.54408399959438,29.52256499990864],[-94.54160899965463,29.5211379999596],[-94.54113300048492,29.519948000330594],[-94.54032399876405,29.520232999842978],[-94.53899199990641,29.519328999580555],[-94.53813499944302,29.519899999846952],[-94.5368499998456,29.518330000372195],[-94.53009300042163,29.51680699962556],[-94.52371600020615,29.517091999651424],[-94.52128799912104,29.51775899959375],[-94.51757699950309,29.517091999595387],[-94.51543499939204,29.51880600012275],[-94.51467399958955,29.518853000238995],[-94.51376900022139,29.51809199993592],[-94.51429300018582,29.516664000169623],[-94.51042899907952,29.51534099970191],[-94.51038599988553,29.513817999841695],[-94.50863499891285,29.512012999726107],[-94.50457499936114,29.5099740000479],[-94.50044100021601,29.51059400040378],[-94.49930300033611,29.51165100035057],[-94.49753999857157,29.511458999763185],[-94.49420400043094,29.51245999963889],[-94.48966899919557,29.51557499987202],[-94.48877499961797,29.517980999816498],[-94.48871500017917,29.522504000242034],[-94.4895249995321,29.521241000069264],[-94.49060099911321,29.521282999620745],[-94.49100799905743,29.522028999567524],[-94.48892299924967,29.523884999988887],[-94.48662600041516,29.524494999822558],[-94.48658700005926,29.525058000439987],[-94.48729699989799,29.527273999668076],[-94.49153099948212,29.52559300035271],[-94.49463500022196,29.525168000119923],[-94.49584399949131,29.52605000028503],[-94.49565899974168,29.527331999881913],[-94.49483099894312,29.528141000277145],[-94.49371999999632,29.528271999845014],[-94.49205399907385,29.527553000113247],[-94.49103699969169,29.52773200017444],[-94.4905290005116,29.528647999606566],[-94.48885099914965,29.529318000106016],[-94.48796899963567,29.530526999767982],[-94.48780599888019,29.53314100012977],[-94.48633600008127,29.536735000349527],[-94.48470199920818,29.53784599974655],[-94.48264300029581,29.540394000039974],[-94.47829700044774,29.542845000242316],[-94.47601000030335,29.54493599990472],[-94.47509500039311,29.546897000104483],[-94.47401700031563,29.547124999758953],[-94.47398399975026,29.548530999605386],[-94.47313499999927,29.549058999625746],[-94.47187899964769,29.548814000419984],[-94.47091499879572,29.549027000034123],[-94.47192099967587,29.549056999732763],[-94.47213100017946,29.549676000032377],[-94.46910000001277,29.551493999821837],[-94.47003399909997,29.550959000313686],[-94.47068999856687,29.551256999981703],[-94.47011399974245,29.552998999563833],[-94.46839100009076,29.552514999653226],[-94.46716700008912,29.554937000022008],[-94.46954099955433,29.555066000032316],[-94.4705539985086,29.556110999927213],[-94.47033399866946,29.55704799967047],[-94.46312099934518,29.5607399999911],[-94.45805500008018,29.56096200008616],[-94.45397399899956,29.562752999654894],[-94.45141499970269,29.56295200000473],[-94.44866499958451,29.564004000045806],[-94.44662499945042,29.563875999903885],[-94.44305599920207,29.562302999606352],[-94.43926199918936,29.56542599995687],[-94.43624399846284,29.564309999893457],[-94.43422599996326,29.565319999682323],[-94.42969199971823,29.56470299967886],[-94.4278060001913,29.56547300011616],[-94.42767500036646,29.566526000292416],[-94.427019000468,29.566869000193332],[-94.42220899949348,29.56726199982715],[-94.4216700000061,29.56971000000419],[-94.4178250003077,29.569280000301017],[-94.41574400006705,29.57284500039878],[-94.41367800028844,29.57236999965984],[-94.41277099857963,29.572612000378648],[-94.41244499849226,29.573371000007356],[-94.41420900046448,29.57761800014539],[-94.41599999911098,29.57725800027019],[-94.41734299994654,29.57812099988191],[-94.41676600039229,29.57912899959179],[-94.41328499997995,29.5800939996994],[-94.41270799952318,29.580881999613663],[-94.4134669999038,29.581494999939366],[-94.41576900020678,29.581626999767675],[-94.41545800040485,29.582333000449005],[-94.41417200007535,29.582528000275683],[-94.41692000029401,29.584559999582872],[-94.41676400009983,29.585006999597073],[-94.41376700051477,29.585416999662595],[-94.4137910004579,29.586872000407812],[-94.41460699977085,29.587558999939624],[-94.41465199974921,29.58685900015833],[-94.41555399846143,29.58614899988737],[-94.41909800013022,29.586127999623308],[-94.41917699936714,29.58919299981028],[-94.41825799912934,29.590015999909536],[-94.41849400027658,29.591368999866052],[-94.4176469997536,29.592373999738832],[-94.41681300030284,29.592483999578644],[-94.41381199955357,29.590024000278728],[-94.41318100049624,29.592372000226614],[-94.40976899933085,29.594581000269482],[-94.40940399988145,29.59559300041738],[-94.40981900033253,29.596657999859435],[-94.40899200049249,29.597466999572134],[-94.40805299911761,29.596515999883604],[-94.40733500044163,29.596819000217966],[-94.40700999965992,29.597943000089113],[-94.4059580002915,29.598240999562783],[-94.40407199978965,29.596459000170245]]]]}},{"id":"949","type":"Feature","properties":{"GISJOIN":"G4801670DI0101","pct_black":11.06},"geometry":{"type":"Polygon","coordinates":[[[-95.01820499964745,29.554596999604254],[-95.01663700005842,29.55235699981509],[-95.01666800027316,29.545972999862382],[-95.01581199985414,29.54157199969923],[-95.01458299982683,29.53888400042187],[-95.00930000037796,29.534529000356045],[-95.00742399883036,29.531110000139225],[-95.0030959985168,29.52605699991575],[-94.99248999904873,29.51831800003938],[-94.97805700006842,29.511673000015257],[-94.9673589996623,29.508504999662055],[-94.96493399905934,29.508413000304397],[-94.95884500044883,29.506471999638947],[-94.95779599993126,29.506623000136422],[-94.95623000037081,29.505337999738046],[-94.95558100046227,29.50666800044529],[-94.95384799945538,29.505381999561312],[-94.95094999918685,29.50518500029608],[-94.93936799970719,29.50192000025198],[-94.93613099903412,29.50179699962011],[-94.93431899970183,29.500849999781845],[-94.92138999860332,29.49777600023919],[-94.91209700028621,29.496270000452746],[-94.9098450003941,29.496440999896798],[-94.9097069986895,29.497044000143717],[-94.90989199987072,29.495043000124788],[-94.91118800043027,29.49288899972783],[-94.91044499910431,29.492372000079126],[-94.910768999801,29.491407999921012],[-94.91159299957125,29.491621000342196],[-94.91520699853862,29.48514399959452],[-94.91710799858947,29.483713999813933],[-94.91866599972191,29.48063699974951],[-94.92483499901769,29.47272999954227],[-94.92542700043944,29.47086800034258],[-94.92539599981276,29.47197499977241],[-94.9259249984536,29.471300000007105],[-94.926954000194,29.471435000436358],[-94.92779500031921,29.472515000154825],[-94.92707800023929,29.47650900040106],[-94.9288850005126,29.480151999693376],[-94.93266499989502,29.48113799983045],[-94.93615199993502,29.48069899969728],[-94.93644399999687,29.48202599961432],[-94.93703099953943,29.481066999934036],[-94.93896099940683,29.480268000307422],[-94.93966499883157,29.47936899980626],[-94.9403200001516,29.47985499994171],[-94.94181500028286,29.479446999654414],[-94.94223900006882,29.478620999710706],[-94.94567900028797,29.477453000118466],[-94.95075700001198,29.47370199963148],[-94.95343699995918,29.4724610001823],[-94.95409900026671,29.47074499987727],[-94.95247099966504,29.46973299997154],[-94.95438718053761,29.466558133215905],[-94.96011093593624,29.46648373625773],[-94.96482999863268,29.46432600017108],[-94.96830800024284,29.463715999648414],[-94.97354699972742,29.46062799981434],[-94.97023277630886,29.452746966474496],[-95.01702962740394,29.450833729946083],[-95.03693699945651,29.450850000207573],[-95.01651446821846,29.428995053240058],[-95.05779472640701,29.42790252572475],[-95.0699259988469,29.4403450000407],[-95.09519099982465,29.471597999801865],[-95.1171390003146,29.508030999631885],[-95.11318699980156,29.51083300020381],[-95.11155799952228,29.510856000104784],[-95.10810200012654,29.509648999801605],[-95.10432599917668,29.510733999946304],[-95.10387400028894,29.511290000148758],[-95.10403600030232,29.512561999746314],[-95.10618000050651,29.51658799976921],[-95.10322899965702,29.518198999605815],[-95.103400998827,29.52053900011171],[-95.10237800005974,29.52149999991525],[-95.10055199966517,29.520786999586313],[-95.09923300007146,29.51840800011196],[-95.0976120001261,29.518610999735866],[-95.09704600045166,29.52051700024754],[-95.09478499968091,29.522587000290386],[-95.09369299851006,29.525344000096055],[-95.09387099906583,29.526526000297654],[-95.09506599872186,29.52815999962037],[-95.09542600002413,29.530737999561797],[-95.09682100010579,29.53317800000944],[-95.09645300006706,29.534952999757497],[-95.09451799953248,29.535739999548472],[-95.09146000006598,29.53357100013852],[-95.0909669997056,29.53167700006551],[-95.09003799916611,29.531128000273313],[-95.08818699853805,29.53189099965134],[-95.08592600007051,29.534848000143466],[-95.08312900018477,29.533920000036055],[-95.08010599915978,29.53367199984652],[-95.07954099900829,29.53413500043612],[-95.07859399857277,29.53725500033027],[-95.08023200005299,29.540140999556527],[-95.07925499984037,29.541773000024936],[-95.0794849991762,29.543339999816972],[-95.07884000034028,29.544615000398146],[-95.07342300013444,29.5490199999128],[-95.07247199890901,29.550205999633334],[-95.07075999967452,29.55517800016379],[-95.0692660000752,29.55676599962159],[-95.0674989997555,29.55760600042939],[-95.06314299967156,29.558889000401205],[-95.05623900026615,29.559094000363732],[-95.05012600043908,29.558549000422637],[-95.04676599928507,29.55736499969547],[-95.04507700003892,29.55561400007854],[-95.0418859999894,29.554596999782326],[-95.03294099976003,29.552228999872405],[-95.02877699940642,29.552264999877842],[-95.0284409986634,29.55075100012685],[-95.02894299962297,29.547536000045152],[-95.02807699999204,29.54744600039943],[-95.0232160003406,29.549455999663714],[-95.02164799893376,29.548563000081472],[-95.01761000051856,29.548180999624996],[-95.01740200013677,29.549725999594827],[-95.0209409998996,29.552369000024655],[-95.02054100045997,29.5534449999706],[-95.01820499964745,29.554596999604254]]]}},{"id":"950","type":"Feature","properties":{"GISJOIN":"G4801670GI0112","pct_black":7.19},"geometry":{"type":"MultiPolygon","coordinates":[[[[-95.11951800045377,29.08857799994557],[-95.11900599878243,29.089313999579346],[-95.1179340003174,29.087793999670005],[-95.1170700005068,29.088193999585524],[-95.11630199945989,29.086289999852017],[-95.11419599978669,29.085928999925812],[-95.11426399974414,29.084814000323725],[-95.11639799866163,29.084674000364384],[-95.11731199980485,29.085225000434345],[-95.11791000047617,29.086524999651804],[-95.11979900008497,29.087036000003785],[-95.12063799997966,29.089908999899194],[-95.12007599861558,29.08990200003938],[-95.11951800045377,29.08857799994557]]],[[[-95.11619999962788,29.090530999863958],[-95.11672299913776,29.09061399969926],[-95.11690099930985,29.090803000078264],[-95.11650399985679,29.09093800035236],[-95.11619999962788,29.090530999863958]]],[[[-95.11770599991218,29.092108999794583],[-95.11729799859418,29.091712000061573],[-95.11803199959797,29.091276999845846],[-95.11770599991218,29.092108999794583]]],[[[-95.09778499999538,29.111465999796568],[-95.09797199940988,29.111762999559087],[-95.09781600006754,29.11176299993298],[-95.09778499999538,29.111465999796568]]],[[[-95.09831400000066,29.1118710003971],[-95.09843899858548,29.111762999586205],[-95.09843900001438,29.111870999768133],[-95.09831400000066,29.1118710003971]]],[[[-95.10086900018834,29.11265400043646],[-95.09990299990613,29.11233000032203],[-95.1008999998977,29.112411000053044],[-95.10086900018834,29.11265400043646]]],[[[-95.09850100046766,29.11624300005172],[-95.09875100043651,29.116134999995857],[-95.09875100020582,29.116242999910963],[-95.09850100046766,29.11624300005172]]],[[[-95.09804900013418,29.116375000173054],[-95.0982210002712,29.116512999923277],[-95.09803399903505,29.116513000170173],[-95.09804900013418,29.116375000173054]]],[[[-95.09722399898021,29.117079999742078],[-95.09747299898592,29.11689100009019],[-95.09747300026925,29.117052999687672],[-95.09722399898021,29.117079999742078]]],[[[-95.09800299975282,29.116890999790368],[-95.09819000011717,29.11702600013624],[-95.09778499990199,29.117188000053766],[-95.09800299975282,29.116890999790368]]],[[[-95.08080399951893,29.127711999973435],[-95.08096000011001,29.127550000284],[-95.0809909992847,29.127738999695058],[-95.08080399951893,29.127711999973435]]],[[[-95.07887299994353,29.12930399994666],[-95.07784499992376,29.129142000250493],[-95.07846799941883,29.128792000387325],[-95.07887299994353,29.12930399994666]]],[[[-95.07491499960487,29.132576999975413],[-95.07507200031384,29.13283900004494],[-95.07491600029215,29.132839000190796],[-95.07491499960487,29.132576999975413]]],[[[-95.07363799850943,29.13292000019326],[-95.07434499995752,29.132742000222077],[-95.07457300043858,29.133244000097513],[-95.07422500004787,29.133210999755747],[-95.07363799850943,29.13292000019326]]],[[[-95.04106099983854,29.148889999884897],[-95.04110899927333,29.148612999848126],[-95.04128299968649,29.148816000368022],[-95.04106099983854,29.148889999884897]]],[[[-95.04139999983704,29.149009000217397],[-95.04166500027605,29.149090000015935],[-95.04159599972786,29.14915599956172],[-95.04139999983704,29.149009000217397]]],[[[-95.03553199863829,29.149485000012923],[-95.03570699876285,29.14924299999407],[-95.03587300002441,29.14933300018996],[-95.03553199863829,29.149485000012923]]],[[[-95.03712799996298,29.151812000089674],[-95.03726599895082,29.151699000392583],[-95.03735099995659,29.151794000131446],[-95.03712799996298,29.151812000089674]]],[[[-95.03423399932448,29.15350699983525],[-95.0341759987068,29.15336000012581],[-95.03434299989675,29.153393999811822],[-95.03423399932448,29.15350699983525]]],[[[-95.04183499872462,29.15334099990637],[-95.042232999005,29.15303800007617],[-95.04212700008259,29.15363199968006],[-95.04183499872462,29.15334099990637]]],[[[-95.03335899885191,29.15449600013248],[-95.03377999909458,29.15400800035839],[-95.03389299993987,29.154445000151224],[-95.03335899885191,29.15449600013248]]],[[[-95.0289309988643,29.156368000358952],[-95.02857199863915,29.155973000094576],[-95.029395999103,29.156191999582823],[-95.0289309988643,29.156368000358952]]],[[[-95.04140900027056,29.158864999608234],[-95.0422539994565,29.15912299965362],[-95.0429149998061,29.15952699983013],[-95.043465999955,29.16005300017391],[-95.04342899876885,29.1606039999255],[-95.0430740003863,29.159808000228182],[-95.04140900027056,29.158864999608234]]],[[[-95.0288669997799,29.163063999573204],[-95.0290370000637,29.16290199997355],[-95.02905300031364,29.163010000249393],[-95.0288669997799,29.163063999573204]]],[[[-95.02742599864267,29.16476399969087],[-95.02772899927751,29.164612000152545],[-95.02772400009034,29.164689999876092],[-95.02742599864267,29.16476399969087]]],[[[-95.0166600004638,29.164741999897455],[-95.01689700046825,29.164453000307113],[-95.01700399956451,29.164716000387983],[-95.0166600004638,29.164741999897455]]],[[[-95.02173199985566,29.165790000388828],[-95.02193500002205,29.165964999769173],[-95.0215200000744,29.165924999663986],[-95.02173199985566,29.165790000388828]]],[[[-95.02219899917132,29.1663020000113],[-95.0224439996472,29.166199000045687],[-95.02247899963352,29.1663020002784],[-95.02219899917132,29.1663020000113]]],[[[-95.02010900023618,29.167639999865283],[-95.01972899933912,29.167401000254344],[-95.02071399964335,29.16756600002589],[-95.02010900023618,29.167639999865283]]],[[[-95.02457900011049,29.169247000144047],[-95.02098399989832,29.169135999727292],[-95.01995600048743,29.168595999877155],[-95.019960999985,29.168065000000755],[-95.02258100046103,29.16778000029001],[-95.02457900011049,29.169247000144047]]],[[[-95.02471999978634,29.16987600025027],[-95.02465999961456,29.169036000115998],[-95.02581300051665,29.169702999604517],[-95.0264320003496,29.16937300002739],[-95.02606600006753,29.169161999974957],[-95.0270789996644,29.169514000004355],[-95.02471999978634,29.16987600025027]]],[[[-95.02416900050495,29.170436999904847],[-95.02248100032979,29.17021600023741],[-95.02233599881932,29.16984200002679],[-95.02416900050495,29.170436999904847]]],[[[-95.01307000025336,29.1737239996003],[-95.01226000017974,29.173616000311537],[-95.01222899961991,29.17340000007228],[-95.01307000025336,29.1737239996003]]],[[[-95.00652499911442,29.17514099998058],[-95.00662100026035,29.17507300015969],[-95.0068559992718,29.175159000366023],[-95.00652499911442,29.17514099998058]]],[[[-95.01677799957437,29.17569400027842],[-95.01690200040564,29.175586000396162],[-95.01690199999008,29.17569400005197],[-95.01677799957437,29.17569400027842]]],[[[-95.00740000032788,29.175531999952433],[-95.00780499905751,29.175424000031846],[-95.00789799976116,29.175666999679397],[-95.00740000032788,29.175531999952433]]],[[[-95.0179929997283,29.175828000178598],[-95.01821099865427,29.17561300004714],[-95.01821099960263,29.17582799977372],[-95.0179929997283,29.175828000178598]]],[[[-95.00811600009328,29.17588199969807],[-95.00855199853908,29.175909000260866],[-95.00867699953945,29.176151999802652],[-95.00811600009328,29.17588199969807]]],[[[-95.01300799895307,29.176341000136187],[-95.01188599984931,29.175424000323424],[-95.01182400011291,29.17477599976888],[-95.01384899887879,29.176178999600616],[-95.01300799895307,29.176341000136187]]],[[[-95.01521999930722,29.17655699960578],[-95.01481499876965,29.176826999855255],[-95.01437899971461,29.17647600019523],[-95.01521999930722,29.17655699960578]]],[[[-95.01568699953513,29.177244999738523],[-95.01587400038999,29.17736699971564],[-95.0156870000034,29.177366999549957],[-95.01568699953513,29.177244999738523]]],[[[-95.01571799963618,29.17758300022621],[-95.01584300017286,29.17747500028085],[-95.0158430004318,29.17758300036305],[-95.01571799963618,29.17758300022621]]],[[[-95.01640399992321,29.177637000432586],[-95.01596800020776,29.177124000043236],[-95.0166219998231,29.177123999733443],[-95.01640399992321,29.177637000432586]]],[[[-95.01291400007342,29.177717999565996],[-95.01254099960678,29.177798000374377],[-95.01238500033683,29.177555999986748],[-95.01291400007342,29.177717999565996]]],[[[-95.01288299954635,29.178040999717705],[-95.01300799949803,29.17787899995723],[-95.01300800003216,29.17804100041403],[-95.01288299954635,29.178040999717705]]],[[[-95.00774400029763,29.177593000166564],[-95.00702600009342,29.176745999808837],[-95.0095809986957,29.178067999848796],[-95.00873899988386,29.177771000031044],[-95.00774400029763,29.177593000166564]]],[[[-94.99665100015662,29.18122600038458],[-94.99693400041969,29.181226999793044],[-94.99680699882485,29.181353999995206],[-94.99665100015662,29.18122600038458]]],[[[-94.99525799965564,29.18221700021814],[-94.99415499984916,29.181954999877732],[-94.99546299960404,29.182039999688296],[-94.99525799965564,29.18221700021814]]],[[[-95.00244600003207,29.18268299981997],[-95.00263299963189,29.18257500039166],[-95.0026330002617,29.182683000200363],[-95.00244600003207,29.18268299981997]]],[[[-94.99481199869177,29.182818000279465],[-94.99493699975268,29.182682999854364],[-94.99493699939462,29.18281800013143],[-94.99481199869177,29.182818000279465]]],[[[-95.00633999962591,29.182548000334723],[-95.00677699875061,29.182844999577313],[-95.00677699989731,29.183385000427712],[-95.00624700035706,29.1830880002228],[-95.00633999962591,29.182548000334723]]],[[[-95.00553000044684,29.184409999837328],[-95.00390999980927,29.183520000247952],[-95.00390999936687,29.183304000175905],[-95.0050629986612,29.183492999994524],[-95.00553000044684,29.184409999837328]]],[[[-95.00637199978534,29.18513899973076],[-95.00674500017986,29.185085000324253],[-95.0067449999526,29.18519300032152],[-95.00637199978534,29.18513899973076]]],[[[-95.01272699850855,29.185301000432368],[-95.0106280000862,29.185185999846304],[-95.01057799950215,29.184409999768004],[-95.00942499985335,29.184356000270437],[-95.00942499952049,29.183950999646804],[-95.00855199894748,29.183196000139557],[-95.00725799945677,29.182986000216363],[-95.00858399995745,29.182872000312642],[-95.01039099952462,29.18422099954575],[-95.01316399976787,29.18462600017769],[-95.01272699850855,29.185301000432368]]],[[[-95.00852099986366,29.185651000345906],[-95.00811100029462,29.185075000257797],[-95.00905099880421,29.184042000017616],[-95.00942899908641,29.184436000273266],[-95.00995500024307,29.184544999966363],[-95.00998599954698,29.184734000196528],[-95.01024900047317,29.18459000012634],[-95.01067099908725,29.185758999738873],[-95.00852099986366,29.185651000345906]]],[[[-94.98892399998314,29.186190999721312],[-94.98926700014256,29.186380000434912],[-94.98892399999662,29.186353000047166],[-94.98892399998314,29.186190999721312]]],[[[-94.99543599983109,29.187325000406847],[-94.99565399963193,29.187216999577824],[-94.99562299918647,29.187379000391758],[-94.99543599983109,29.187325000406847]]],[[[-94.96854700030465,29.206593000261726],[-94.96680299981908,29.205945000363172],[-94.96674000025254,29.205728999839035],[-94.96854700030465,29.206593000261726]]],[[[-94.97406199986679,29.209020999695074],[-94.96985599890816,29.20726699969472],[-94.96960700021286,29.206997999596734],[-94.97406199986679,29.209020999695074]]],[[[-94.97618099854328,29.20964200041607],[-94.97658599943438,29.20939899988473],[-94.97658600019383,29.209507000213865],[-94.97618099854328,29.20964200041607]]],[[[-94.96767499986439,29.209722999918313],[-94.96714500028781,29.209156000376627],[-94.96605500045015,29.208725000062056],[-94.96702100049832,29.208913999576733],[-94.96767499986439,29.209722999918313]]],[[[-94.97742700044354,29.210154999571426],[-94.97680399861069,29.20977700005092],[-94.97677299940982,29.20939900017279],[-94.97742699941372,29.209479999563303],[-94.97742700044354,29.210154999571426]]],[[[-94.96617999889959,29.210506000307127],[-94.96521400032753,29.209831000057136],[-94.96521399989287,29.20972299967575],[-94.96667799896822,29.21028999996933],[-94.96617999889959,29.210506000307127]]],[[[-94.96468400045676,29.210722000093057],[-94.96421900001329,29.21043499974266],[-94.96496400027185,29.21039800017807],[-94.96468400045676,29.210722000093057]]],[[[-94.97412499958942,29.21115299964767],[-94.97200600051193,29.21055999988642],[-94.97209900041301,29.20953400031816],[-94.97468499942937,29.21061399959591],[-94.97412499958942,29.21115299964767]]],[[[-94.96786199900224,29.21161200004567],[-94.96633500045108,29.211666000247213],[-94.96670900026885,29.21064100008715],[-94.96786199900224,29.21161200004567]]],[[[-94.96848499938777,29.21220600033074],[-94.96867199944198,29.212071000018998],[-94.96864100048451,29.212205999818107],[-94.96848499938777,29.21220600033074]]],[[[-94.95518099984842,29.215497999554213],[-94.95521199984313,29.215309000437298],[-94.95530599968227,29.215497999590237],[-94.95518099984842,29.215497999554213]]],[[[-94.95340499977536,29.215281999659055],[-94.95325000039492,29.2147160003672],[-94.95368599963277,29.21463500008982],[-94.95427799980631,29.215470999761365],[-94.95340499977536,29.215281999659055]]],[[[-94.95536799868705,29.216685999671558],[-94.95493199917586,29.216416000172085],[-94.95493199956458,29.21603799979137],[-94.95539899957727,29.21617300018023],[-94.95536799868705,29.216685999671558]]],[[[-94.9525019999571,29.21818700015034],[-94.95229799999738,29.21546699985091],[-94.95262600009583,29.215066000300137],[-94.95349399901806,29.217348999943336],[-94.9525019999571,29.21818700015034]]],[[[-94.93935399882128,29.224268999846224],[-94.94041299992344,29.224350000449967],[-94.94041300009584,29.224458000028182],[-94.93935399882128,29.224268999846224]]],[[[-94.94533599993726,29.2306909996691],[-94.94327999888203,29.228828999913187],[-94.93916700038884,29.22756099995357],[-94.93823199887841,29.225968999637217],[-94.93841899845836,29.224404000425448],[-94.94160299896312,29.224974999671872],[-94.94123099887506,29.226322000304386],[-94.94293700019716,29.228370999953956],[-94.94471299986219,29.22915299974859],[-94.95103699975436,29.230038000432643],[-94.95460600033142,29.229838999860164],[-94.95549599949995,29.230477999623456],[-94.94791700009347,29.229909999947893],[-94.9468940004019,29.23098799969781],[-94.94533599993726,29.2306909996691]]],[[[-94.93016299890833,29.239353999934718],[-94.93035000038056,29.239219000399018],[-94.9305049997291,29.23940800036098],[-94.93016299890833,29.239353999934718]]],[[[-94.92913399973395,29.239462000321144],[-94.92930500028564,29.239299999921855],[-94.92932100018305,29.239407999656947],[-94.92913399973395,29.239462000321144]]],[[[-94.93097300009549,29.239543000103968],[-94.9305989991395,29.239380999757014],[-94.93097299986194,29.239434999825004],[-94.93097300009549,29.239543000103968]]],[[[-94.93268600005015,29.239677999965192],[-94.93274899908072,29.239489000184626],[-94.93284199865461,29.239677999983755],[-94.93268600005015,29.239677999965192]]],[[[-94.9334339995913,29.24000199985063],[-94.93362100023857,29.239867000320697],[-94.9335900002033,29.240029000185547],[-94.9334339995913,29.24000199985063]]],[[[-94.93302900043544,29.239921000229256],[-94.93337200037429,29.23978599972459],[-94.93334099978367,29.24002900008746],[-94.93302900043544,29.239921000229256]]],[[[-94.92860499904741,29.23970500002026],[-94.92907199905486,29.239650999844585],[-94.92854299899487,29.240351999921415],[-94.92860499904741,29.23970500002026]]],[[[-94.92879200049136,29.24118900044988],[-94.9278259999927,29.240892000443633],[-94.9289159995482,29.24064900027194],[-94.92879200049136,29.24118900044988]]],[[[-94.92900999997157,29.241890999705713],[-94.92866699962481,29.241539999802928],[-94.9291969987616,29.24167499993816],[-94.92900999997157,29.241890999705713]]],[[[-94.91259000030759,29.24205299998271],[-94.91271500034466,29.241783000378252],[-94.91287099975446,29.24205299995492],[-94.91259000030759,29.24205299998271]]],[[[-94.92910299910554,29.242322000029695],[-94.92922799986637,29.24202600004146],[-94.92922800043296,29.242322000018966],[-94.92910299910554,29.242322000029695]]],[[[-94.93013099972471,29.24234900029466],[-94.93009999908125,29.241971999784134],[-94.93028700028471,29.242349000354817],[-94.93013099972471,29.24234900029466]]],[[[-94.92062899999641,29.24189100039182],[-94.92112700033509,29.241593999765847],[-94.92090900046976,29.242349000116384],[-94.92062899999641,29.24189100039182]]],[[[-94.92963299949909,29.242808000086768],[-94.93000700008979,29.24313200043416],[-94.92966400049824,29.243482999675717],[-94.92963299949909,29.242808000086768]]],[[[-94.92810599922728,29.24450799970834],[-94.92826199974473,29.244237999632986],[-94.92823099972883,29.244507999905725],[-94.92810599922728,29.24450799970834]]],[[[-94.92834499993705,29.244368999947273],[-94.92872899983132,29.244508000200543],[-94.92832699874896,29.244476000108104],[-94.92834499993705,29.244368999947273]]],[[[-94.92904099884841,29.244481000224976],[-94.92944599977261,29.244480999580766],[-94.92900999954956,29.2446159996032],[-94.92904099884841,29.244481000224976]]],[[[-94.92499099970435,29.245237000055635],[-94.92455399998971,29.24496700019263],[-94.92502199955588,29.24502099963384],[-94.92499099970435,29.245237000055635]]],[[[-94.92224899996211,29.245318000295885],[-94.92234199975019,29.24502099992391],[-94.92240500005556,29.24531799992065],[-94.92224899996211,29.245318000295885]]],[[[-94.92760799931706,29.245723000356058],[-94.92713999887785,29.24523699999425],[-94.92826199984695,29.245399000241825],[-94.92826199933366,29.24553400003345],[-94.92760799931706,29.245723000356058]]],[[[-94.92847999993896,29.245831000435924],[-94.92860499982373,29.24534499962525],[-94.92876099850506,29.24577700031402],[-94.92847999993896,29.245831000435924]]],[[[-94.92268500023606,29.2461810001396],[-94.92227999890696,29.245371999654008],[-94.92240499975618,29.245372000250917],[-94.92268500023606,29.2461810001396]]],[[[-94.92695400035926,29.246235000372504],[-94.92720299979202,29.245965999778356],[-94.927764000413,29.245939000423718],[-94.92745199885145,29.246316000374847],[-94.92695400035926,29.246235000372504]]],[[[-94.92720299970564,29.246585999784536],[-94.92732699954384,29.2463700003909],[-94.92732699979065,29.24658600010682],[-94.92720299970564,29.246585999784536]]],[[[-94.92215500000056,29.24799000014519],[-94.92037899958804,29.247476999970246],[-94.92243599966932,29.247774000354347],[-94.9238999989356,29.246856000053],[-94.92698499924796,29.24653199987503],[-94.92408700000964,29.247017999747207],[-94.92215500000056,29.24799000014519]]],[[[-94.91748199958079,29.248825999706284],[-94.91710799953275,29.249015000198312],[-94.91710800010192,29.24876199977479],[-94.91748199958079,29.248825999706284]]],[[[-94.90931900031227,29.249905999647183],[-94.90785499855124,29.249068999579322],[-94.9077609996989,29.248718000097963],[-94.90931899953374,29.249473999917896],[-94.90931900031227,29.249905999647183]]],[[[-94.92044199981326,29.24998699985966],[-94.91841399994411,29.249867999702897],[-94.91773100038125,29.248852999875105],[-94.92044199981326,29.24998699985966]]],[[[-94.90959899931333,29.250282999699074],[-94.90991100051136,29.250120999554976],[-94.90997300029959,29.250310000262324],[-94.90959899931333,29.250282999699074]]],[[[-94.92066000000217,29.250336999777197],[-94.92097100039845,29.25036400029592],[-94.92059800025368,29.250580000269682],[-94.92066000000217,29.250336999777197]]],[[[-94.91755200003429,29.250735999756266],[-94.91788099958293,29.250057999906492],[-94.91776100016419,29.25080599996327],[-94.91755200003429,29.250735999756266]]],[[[-94.90850899995802,29.25074199996714],[-94.90704400046043,29.250147999688185],[-94.90769899937072,29.24990599991683],[-94.90803199979553,29.250458000025912],[-94.90928799987329,29.250012999895112],[-94.90850899995802,29.25074199996714]]],[[[-94.92037899907402,29.250768999580963],[-94.92037899965632,29.25109300000922],[-94.9202549999652,29.25109299992286],[-94.92037899907402,29.250768999580963]]],[[[-94.92190600048951,29.252982000185728],[-94.92293399988067,29.252199000212446],[-94.92589399995173,29.251146999695276],[-94.92583200013678,29.251903000435576],[-94.92433600033127,29.252982000354603],[-94.92190600048951,29.252982000185728]]],[[[-94.92022400004043,29.251173999720937],[-94.92006800033924,29.251982999788677],[-94.92081599973704,29.253251999820097],[-94.91985000010067,29.252280000014064],[-94.92022400004043,29.251173999720937]]],[[[-94.91701500005917,29.25376500010153],[-94.9166719991359,29.253521999729553],[-94.91701500022616,29.25344099983127],[-94.91701500005917,29.25376500010153]]],[[[-94.91103299888744,29.253279000293038],[-94.90978599991513,29.252900999581936],[-94.91009799957482,29.252334000124048],[-94.91103299888744,29.253279000293038]]],[[[-94.91274599967475,29.25435799988076],[-94.91302699995063,29.254223000063778],[-94.9130269995267,29.2543310003274],[-94.91274599967475,29.25435799988076]]],[[[-94.9192889986417,29.25435799974631],[-94.91944499864294,29.25454699964846],[-94.91928899975343,29.25454699955288],[-94.9192889986417,29.25435799974631]]],[[[-94.91245100045688,29.25454400027089],[-94.9125899993223,29.254655000180126],[-94.91243499962735,29.25465500024696],[-94.91245100045688,29.25454400027089]]],[[[-94.91336900005274,29.25341399978998],[-94.91405500049763,29.253413999701284],[-94.91556099984884,29.254589999581096],[-94.91449100004229,29.25468200015784],[-94.91336900005274,29.25341399978998]]],[[[-94.91551899870468,29.255060000385715],[-94.91579900032282,29.254573999964645],[-94.91620500011504,29.254547000113217],[-94.91551899870468,29.255060000385715]]],[[[-94.9182919985016,29.25514099968582],[-94.91863500025195,29.254439000378937],[-94.91910200039726,29.254655000333713],[-94.9182919985016,29.25514099968582]]],[[[-94.91131300032792,29.255383999921126],[-94.91165599971721,29.254816999699408],[-94.91293299962045,29.254844000193117],[-94.91290200012781,29.255167999664245],[-94.91131300032792,29.255383999921126]]],[[[-94.91346300030482,29.256166000072692],[-94.91361899864827,29.256300999640754],[-94.91346300047455,29.256301000217096],[-94.91346300030482,29.256166000072692]]],[[[-94.88096899953163,29.272780000330826],[-94.86558060751113,29.243514504997368],[-94.86862799901894,29.241755999786882],[-94.86979300023245,29.242024999827382],[-94.87386299998317,29.239785999706122],[-94.87555199888682,29.23821300021121],[-94.87834899961966,29.237194999646306],[-94.98178899977017,29.175477999673262],[-95.048879999726,29.13432800037497],[-95.07133300014277,29.11972400039139],[-95.091863999535,29.10496000036737],[-95.10120000038941,29.096237999799747],[-95.10779599976973,29.087844999940007],[-95.10917199967895,29.086567000192396],[-95.10958199968391,29.086821999907162],[-95.1103169987197,29.088259000017946],[-95.10871800045771,29.088222999604127],[-95.10865400031972,29.08897700018954],[-95.1108429999701,29.09170600031425],[-95.11240199932539,29.0922840003915],[-95.11254999860004,29.09432799990839],[-95.11114499952038,29.097114999586562],[-95.10833299956484,29.09987999981548],[-95.10710800011981,29.10225199986249],[-95.10548999949312,29.103272999624057],[-95.10541800005538,29.105044000153264],[-95.10414099982525,29.105987999725052],[-95.10314399965496,29.10973900029989],[-95.10102500005891,29.111223999957673],[-95.10061999967812,29.11176299957959],[-95.10102499985251,29.112275999806936],[-95.09750399917435,29.110953999663472],[-95.09769099905401,29.111492999713136],[-95.09681899863287,29.111438999608033],[-95.09769100014765,29.112465000037375],[-95.09834599986041,29.112249000113522],[-95.10102499928024,29.11327400023649],[-95.09909300014694,29.115594999851826],[-95.09756699898135,29.11575699990098],[-95.09737999959256,29.116107999918547],[-95.0979089996759,29.11626999977713],[-95.09641399870286,29.116486000168084],[-95.09660100018272,29.116918000142086],[-95.09569699959145,29.116675000348184],[-95.09750399979285,29.117916000147883],[-95.09376600018726,29.121208000173443],[-95.094014999891,29.121558999733427],[-95.09326700050849,29.121774999658648],[-95.09311099912878,29.122557999860312],[-95.08722299899354,29.125985000322643],[-95.08444999881162,29.1263630001176],[-95.08036799851146,29.12212600040169],[-95.08176999927298,29.124635999698643],[-95.0842939995979,29.127036999931526],[-95.08264300045626,29.127064000392163],[-95.0824560002334,29.12752299977938],[-95.08301700010648,29.127604000263506],[-95.08258000014007,29.128063000310053],[-95.08086699864992,29.127360999825875],[-95.08214400018194,29.126389999729646],[-95.08176999957666,29.12566100027158],[-95.0791530003275,29.12719900022126],[-95.0782500002082,29.127333999940472],[-95.07737699954518,29.126632999813076],[-95.07771999956405,29.1276850003423],[-95.0772209985277,29.128710999704786],[-95.07441699965028,29.13027599997844],[-95.0728600003236,29.12992500038404],[-95.072547999696,29.130194999788564],[-95.07323299903263,29.13113899973214],[-95.07051699939458,29.132577000276243],[-95.07167600038122,29.133973000230448],[-95.07133299995617,29.13432400021678],[-95.0700870000923,29.133028000122188],[-95.06647200010984,29.131517000263248],[-95.067500999555,29.132543000330433],[-95.06734499871804,29.13302800031049],[-95.0667839999646,29.132920000225216],[-95.06709599928378,29.133648999989187],[-95.06912099994562,29.135726999883126],[-95.06887199956341,29.136401999691337],[-95.06762500022802,29.136886999649064],[-95.06510200047825,29.13664499967078],[-95.06373099904724,29.135835000217245],[-95.0624059988217,29.133950000313426],[-95.06335699878227,29.132865999984077],[-95.06264000011971,29.132084000355785],[-95.06080700016501,29.132708999921128],[-95.06382400032213,29.13659099998425],[-95.06310799935498,29.137319000057214],[-95.06329399911333,29.13788599970756],[-95.06236499996494,29.137476999662855],[-95.06184599964794,29.138393999941897],[-95.06101399860907,29.138105999556394],[-95.06095200040261,29.138880000257853],[-95.05997500020759,29.138052000296437],[-95.05818899901497,29.137671000304007],[-95.06016199875643,29.13871800024528],[-95.0594349995384,29.139186000344104],[-95.05943499963269,29.140031000023164],[-95.05822800023063,29.140017000100663],[-95.05837600001966,29.140949000408916],[-95.05779399874923,29.14062500020018],[-95.05575799996272,29.14123700011632],[-95.05502999917,29.140445000138207],[-95.05648500007067,29.139329999674494],[-95.05532100011905,29.13774600016437],[-95.05527999865022,29.138807999912846],[-95.05600699984414,29.139420000215296],[-95.05525900004824,29.139437999852497],[-95.05488499887223,29.140103000397215],[-95.05436500009367,29.139868999644552],[-95.05453200028455,29.139311999928225],[-95.05384600039814,29.139167999786732],[-95.05405400007636,29.138592000400273],[-95.05463600036835,29.13875400023169],[-95.05511299923192,29.13776399973815],[-95.05476000002746,29.137764000013583],[-95.05332699963107,29.138825999596733],[-95.05623500026947,29.142748000423506],[-95.0486310001999,29.147695000314016],[-95.04715599964045,29.14575199969107],[-95.0472390001806,29.145051000352822],[-95.04701000032169,29.145572000147144],[-95.04624100050219,29.145141000166692],[-95.04836100017188,29.147892999740584],[-95.04767500019325,29.148252999685578],[-95.04551399854095,29.145554000185175],[-95.04740499968658,29.14850499970478],[-95.04671899867199,29.148846999584926],[-95.04447499949698,29.14618400040917],[-95.04410099975055,29.14681400040408],[-95.04470400020281,29.14656199957021],[-95.04509799865126,29.14710199961687],[-95.04474499880433,29.147478999779885],[-95.04522299867853,29.1472280000095],[-95.04649099989258,29.149098999930754],[-95.0458049999139,29.149387000429357],[-95.0437480002819,29.146741999559026],[-95.04239099916872,29.14707699979998],[-95.04112999930936,29.146129999584062],[-95.039321999439,29.145913999937765],[-95.0395719990414,29.14665199966478],[-95.03797199992793,29.146346000225353],[-95.04052700002171,29.14803699984581],[-95.04094800018363,29.14902899958761],[-95.04048600036266,29.150357000255067],[-95.03967300005864,29.150665000230866],[-95.03624799975226,29.148672999756148],[-95.03510399937974,29.14909900043085],[-95.03568599993085,29.150573999918976],[-95.0369329997797,29.151294000165493],[-95.03630899987321,29.151581000016957],[-95.03664399983843,29.151831999793078],[-95.03311000040004,29.15156300006133],[-95.03271500050569,29.15262500001779],[-95.03360799925274,29.15284100024359],[-95.03375399952593,29.153902000333904],[-95.0285519995783,29.154996999974802],[-95.02890099951438,29.155632999841153],[-95.02777799927854,29.155445999961586],[-95.02774100007314,29.156494000399633],[-95.02666800034929,29.156207000435572],[-95.02482099984364,29.156831000136734],[-95.02316100010684,29.158240999555527],[-95.02359799957364,29.158790000209407],[-95.02289899882234,29.15931399988137],[-95.02447100008892,29.160275000049005],[-95.0246019998403,29.160909999861147],[-95.02506200016649,29.16050599955591],[-95.02762000010681,29.162065999558042],[-95.02852399886507,29.16338799972903],[-95.02709099912518,29.16473699971591],[-95.02646899852692,29.16471799973752],[-95.02648699952037,29.165238000094046],[-95.02781200000125,29.166253999671284],[-95.02959200010581,29.166396999658637],[-95.03057599964696,29.16676899989407],[-95.02681000041875,29.166328999961827],[-95.02499700035955,29.164304000170745],[-95.02444999908818,29.16476899977848],[-95.02397399857279,29.162749000110555],[-95.02280600025193,29.16280600044577],[-95.02290899947225,29.16333000033315],[-95.02244799949565,29.163415000108568],[-95.01995600036918,29.163171999924337],[-95.02089000000771,29.163981999977647],[-95.02148199909485,29.165870999558578],[-95.01945500043115,29.16580300021603],[-95.01824800003435,29.16472900035229],[-95.01657499961927,29.164216999866607],[-95.01628199946762,29.164352999744573],[-95.0184699988688,29.166632999644737],[-95.01889600024371,29.16627500018735],[-95.01846000012817,29.167220000266752],[-95.01912799932884,29.168263000115964],[-95.0171099985939,29.166356000208108],[-95.01680599964855,29.167528000416233],[-95.01772199888042,29.168779999550317],[-95.0167149995737,29.16811000029209],[-95.01378700027787,29.168865999715173],[-95.01640399900684,29.170646999764003],[-95.01740100003228,29.172482000127506],[-95.0160609992377,29.172266000407202],[-95.01500200045157,29.170970999863396],[-95.01139099867375,29.169733000147982],[-95.01157900002927,29.169477000179597],[-95.01134199986326,29.16911899980035],[-95.01172600043726,29.168791999689386],[-95.01176199998169,29.168585999688247],[-95.0126030001631,29.169054999849784],[-95.01079600039661,29.16716600021069],[-95.01171499934642,29.168665000124875],[-95.01130200000483,29.169078000289048],[-95.01128299950574,29.169731000362155],[-95.01051499956989,29.169378999697763],[-95.01060899961062,29.170431000254467],[-95.01247800032233,29.171914999675717],[-95.01111299961414,29.171815999837158],[-95.0111880001071,29.17272400035243],[-95.01023499966853,29.172589999799115],[-95.00815499981034,29.169901999986337],[-95.00788099983886,29.17098400017893],[-95.00696700043801,29.170749999942082],[-95.00674599985683,29.171307000401967],[-95.01085799998843,29.17461400012195],[-95.0053119995347,29.173723999781412],[-95.00032699979205,29.17396600040177],[-95.00144900026461,29.174614000403196],[-95.00581100002253,29.174964999907466],[-95.00762499856422,29.175941000135197],[-95.00416200047874,29.175260000122563],[-95.00606000001015,29.176313999887945],[-95.006276998886,29.17722200027345],[-95.00472000002551,29.177824999993916],[-95.00596599943407,29.17825699958637],[-95.00702599917618,29.17957999961869],[-95.00683899906333,29.179956999981425],[-95.00479299916267,29.17986299976248],[-95.0064759996668,29.181324999952675],[-95.00681599978087,29.181409000140277],[-95.00715599918655,29.181174999671086],[-95.00731999961278,29.181268000353995],[-95.00625500042476,29.18197499986],[-95.0053449994234,29.181329999699447],[-95.0053429995327,29.182413000305406],[-95.00599799986873,29.1827910000377],[-95.00272600015313,29.181737999591395],[-95.00091899939471,29.179713999792053],[-94.99901900049548,29.179012999831762],[-94.99861400015928,29.17841900027921],[-94.99901899972112,29.177933000406092],[-94.99717999971239,29.17774399962455],[-94.99851999869144,29.179606999858436],[-95.0002339989569,29.18028100019399],[-95.0018849998919,29.18216999964281],[-94.99998400000266,29.180605000222002],[-94.99792799987515,29.18071300025749],[-94.99605899985967,29.179606999699445],[-94.99630799960511,29.18071299980544],[-94.99512399979561,29.180442999683905],[-94.995030999936,29.181117999579968],[-94.99425200031922,29.181387999755692],[-94.99207100015659,29.18133400031093],[-94.99066899955855,29.181899999957253],[-94.98839399898144,29.181171999937668],[-94.98998300014291,29.182412999747168],[-94.99294299981324,29.181873000123584],[-94.99462499898321,29.183114999855697],[-94.99266299850184,29.18387000027106],[-94.99020099972455,29.183574000385114],[-94.99073100038355,29.18446399971638],[-94.98858099976212,29.185381999844548],[-94.98870600016865,29.18629899994926],[-94.98820699945499,29.186650000108116],[-94.98671199960677,29.186812000028116],[-94.98359599991234,29.185705000206603],[-94.98309800023587,29.185974999699685],[-94.98780199972322,29.187864000184234],[-94.98979599973113,29.187783000171613],[-94.99172800000308,29.186866000233607],[-94.99521700038568,29.18748699982752],[-94.99263099886252,29.188241999562813],[-94.99135399976642,29.1893489999176],[-94.98487399998645,29.18813399957115],[-94.98558999848198,29.189025000029428],[-94.98424999971267,29.189159999865026],[-94.98552799854058,29.1904279998341],[-94.98456199924664,29.190914000435185],[-94.98795799888941,29.19261400019607],[-94.98739699893306,29.192965000120516],[-94.9892669996633,29.19560900032728],[-94.988580999502,29.196067999649713],[-94.989203999194,29.19701300014864],[-94.99060599953222,29.19823800024996],[-94.9921950001279,29.197605999800633],[-94.99147899889404,29.199145000258014],[-94.99166599948643,29.200247999731857],[-94.99020099901881,29.200251000305375],[-94.99045099895973,29.199602999576655],[-94.99107400017125,29.199656999588665],[-94.99016999915762,29.199251999721128],[-94.9900140000117,29.198416000124684],[-94.98904799911554,29.198983000322027],[-94.98995199889573,29.199576000367234],[-94.98929799856606,29.200385999885274],[-94.9866040004222,29.200775999771235],[-94.98543400022393,29.199172000413515],[-94.98481100013726,29.19960300015337],[-94.98562099897879,29.199872999875108],[-94.98571500009854,29.200440000082256],[-94.9836989996568,29.200748999867848],[-94.98107199972522,29.197524999936288],[-94.9800750001264,29.197660000155764],[-94.97995100037808,29.196257000304087],[-94.97764500039398,29.193100000265478],[-94.9772710000724,29.1946919995702],[-94.97786300027298,29.195366000274884],[-94.9754019996227,29.196014000408166],[-94.97446699949658,29.196797000240757],[-94.97069699876285,29.194206000331974],[-94.96976300023336,29.194124999674315],[-94.96989000004403,29.194857999963858],[-94.9717570001512,29.1966619999462],[-94.97667900002013,29.198254000349493],[-94.97814400019364,29.19911799984916],[-94.97630499976184,29.198604999594725],[-94.97614999992668,29.198956000283186],[-94.9725199987522,29.19761600018683],[-94.97019899875832,29.198119000025276],[-94.96577500003957,29.196634999831442],[-94.96673999940717,29.197740999798846],[-94.96988700034984,29.198713000377293],[-94.97132000034087,29.198524000197867],[-94.97393800033916,29.199737999973955],[-94.96699000010068,29.19987300025053],[-94.96524499960142,29.20095300023844],[-94.96524499948579,29.201735000069455],[-94.96814199889145,29.202572000311207],[-94.96764399901247,29.203327000332163],[-94.96627299903247,29.203623999672914],[-94.9669899990952,29.20437999986827],[-94.96652199907676,29.205620999608236],[-94.96284599931658,29.204244999821736],[-94.96169299991108,29.202896000308083],[-94.9641860000077,29.202329000196134],[-94.96399900042594,29.202004999748628],[-94.9597300001954,29.202356000323565],[-94.96312599985633,29.205486000061985],[-94.97194699874653,29.209562000432996],[-94.97141299993375,29.21028700000157],[-94.96577499969197,29.20745600034462],[-94.96415400031873,29.20799600038874],[-94.96318899953472,29.207618000224105],[-94.96362499944188,29.208563000419822],[-94.96125699885327,29.20772600010644],[-94.9596680002709,29.205998999984462],[-94.95857699937365,29.20273399982616],[-94.95795400047882,29.202463999794283],[-94.95661499991357,29.20300399999944],[-94.9587949997505,29.207672000274567],[-94.96471499994303,29.209750000067867],[-94.9643100002132,29.210344000122486],[-94.96088300037951,29.20937200040418],[-94.95870200004806,29.207942000439306],[-94.95810999895131,29.20710500026181],[-94.95729999904277,29.208050000436934],[-94.95783000047864,29.20937199973862],[-94.95723799866668,29.21088399985934],[-94.9557110000657,29.211773999848052],[-94.95608499954626,29.21280000017122],[-94.95533700013668,29.213095999796018],[-94.95546199929723,29.21374399966855],[-94.95390399993526,29.214203000215544],[-94.95318700029485,29.213068999987353],[-94.95315599882393,29.2097770001908],[-94.95216199875532,29.209315999918342],[-94.95253199988986,29.209117000045854],[-94.95189500013466,29.20875499963585],[-94.95212799983638,29.208184999936204],[-94.95075699982618,29.206646999982233],[-94.94819899897813,29.207988999723753],[-94.94831899958382,29.208564999771383],[-94.94764099992159,29.20888699974003],[-94.94904299999918,29.208751999619704],[-94.95071099983588,29.209431999761136],[-94.95038299913415,29.210668000172703],[-94.95112299991564,29.212187999972528],[-94.9496669995842,29.21290699972578],[-94.94947999988446,29.213744000028456],[-94.94870099958862,29.21333899954871],[-94.94798400028513,29.213879000104498],[-94.94835800038317,29.214662000446044],[-94.94736099954464,29.21417599983626],[-94.9466129984588,29.214554000280888],[-94.9477349992296,29.21501200017926],[-94.9478280004049,29.215633000124605],[-94.94619999914516,29.21525799987291],[-94.94599000010056,29.21563300043036],[-94.94739200004304,29.216577999779666],[-94.94508700029648,29.216631999925013],[-94.94670699957437,29.21700899963243],[-94.9468630004378,29.217603000379924],[-94.94461899878193,29.217089999730433],[-94.94390299951097,29.21760300023609],[-94.94536699951718,29.218143000040488],[-94.94729900011292,29.217954000427298],[-94.9475980005064,29.21728200010431],[-94.94862299956112,29.21772899974584],[-94.94779700047566,29.216766999634185],[-94.94798400044436,29.216254000446064],[-94.94954199989243,29.217521999991348],[-94.9482649989493,29.215849000418434],[-94.94841899864178,29.2152849996313],[-94.94904899997238,29.215398000206232],[-94.95055599950128,29.21746899991763],[-94.94954199941134,29.215579000202105],[-94.94980399966181,29.214988000036122],[-94.9516839996627,29.217642999748605],[-94.95091499947745,29.214880999590505],[-94.95172799955087,29.215575000007217],[-94.95226399963589,29.21804100020312],[-94.95059299979094,29.218456000259607],[-94.94960400003193,29.219465000345693],[-94.94894999994914,29.219005999788223],[-94.9484739998671,29.219774000181946],[-94.94655399978434,29.2202749996228],[-94.94500299984058,29.22026100008551],[-94.9443079996634,29.219545999902092],[-94.9453669997298,29.221705000259284],[-94.94418300006113,29.222183000305982],[-94.94351700039937,29.220962000090577],[-94.94383999967941,29.220652999949074],[-94.94449499975165,29.221273000412285],[-94.94346599852611,29.21943800018517],[-94.94365300043452,29.220409999765575],[-94.94296800050974,29.22065299967319],[-94.94222000030925,29.219384000065077],[-94.94339800015047,29.218480000276635],[-94.94253199956253,29.21876300001757],[-94.94169100039645,29.219141000014453],[-94.9411099999849,29.22105300035194],[-94.93963999980997,29.222074000183355],[-94.94116100049497,29.222218000354747],[-94.94000799982808,29.222433999782503],[-94.94035099919017,29.223296999670136],[-94.93929099873341,29.223756000116065],[-94.93792099989757,29.221326999818377],[-94.93602000027353,29.220572000106497],[-94.93656499985404,29.21945499981394],[-94.93520999995017,29.21995099999146],[-94.93100399940712,29.219600000415326],[-94.93064941813968,29.22032935839844],[-94.93106599941319,29.22092199989872],[-94.93485500050652,29.22269600045349],[-94.93603600044925,29.224158000347447],[-94.93556899961591,29.22607500022287],[-94.93751899977596,29.228039999594777],[-94.94295599987751,29.229837999980386],[-94.94504299859526,29.231179999666626],[-94.94729500042678,29.231396000302052],[-94.94816100002771,29.230615000137682],[-94.94884999939697,29.231189000254936],[-94.95034699941095,29.23115300003272],[-94.95065999982296,29.231310999841583],[-94.94707899847221,29.233806000369025],[-94.94489299895663,29.23273600044001],[-94.94352299930146,29.23300599990475],[-94.94365499851553,29.233806000056557],[-94.94496699910793,29.23492600041641],[-94.9460390004119,29.234413999928794],[-94.9442019993509,29.2364149998474],[-94.93971599908615,29.235148999906674],[-94.93852200032323,29.234102999644495],[-94.93887700034588,29.233920000407085],[-94.93710500011814,29.233456999941072],[-94.93496599948911,29.23331899985905],[-94.93245300024036,29.234276000163906],[-94.93931100037663,29.24004299976325],[-94.9348349999807,29.239735999629307],[-94.93106799905745,29.238541000038104],[-94.92841800014969,29.238814000328787],[-94.92727599950312,29.23812899959717],[-94.92481899910653,29.238396999831014],[-94.92439499959862,29.2389840000813],[-94.92397100045055,29.237539000235746],[-94.92387699862678,29.23893899965462],[-94.9225520001506,29.239598000068007],[-94.92461199952193,29.240636999868777],[-94.92557499959901,29.24045600033078],[-94.92589399878122,29.24218799968882],[-94.9252089995261,29.242861999999974],[-94.92287199981139,29.24242999956977],[-94.92084700011559,29.24116199992122],[-94.9196009989208,29.24162099995117],[-94.92131399995861,29.244588999806957],[-94.92028599984998,29.246991000324737],[-94.91872799978329,29.246559000408727],[-94.91792600018084,29.243448000421388],[-94.91673399977492,29.24183699999785],[-94.91361899976908,29.24035200030349],[-94.91311999981919,29.24154000013641],[-94.91311999968644,29.24072999955081],[-94.91227899965858,29.240513999931157],[-94.91218499933451,29.241351000101936],[-94.90922499973513,29.23600800031612],[-94.90866499981814,29.236007999555504],[-94.91184699960921,29.24239600024489],[-94.91377399916999,29.2424029995417],[-94.91464699960477,29.243105000344187],[-94.91452199927922,29.2462619996688],[-94.91495800031838,29.24701799959611],[-94.91231600039245,29.24668599983615],[-94.91286799993934,29.247224999708642],[-94.91536300020051,29.24699099997484],[-94.91667199951407,29.248016999577942],[-94.91611100021541,29.248582999782784],[-94.91692099966885,29.248745000143995],[-94.91607999913911,29.248880000420584],[-94.91608000032922,29.249636000342715],[-94.91511399976167,29.249743999641524],[-94.91508299896425,29.24901499961419],[-94.91417899881138,29.248339999921964],[-94.91368099881903,29.248636999609523],[-94.91411699943622,29.25041799976394],[-94.91327600025443,29.251309000331762],[-94.91405500038302,29.252792999640096],[-94.91271499894832,29.253062999683465],[-94.91006700027707,29.251228000280875],[-94.91085199912396,29.250052000382503],[-94.91062400001204,29.24862599959462],[-94.90921099946114,29.24876500030814],[-94.90669399959124,29.246807000379434],[-94.90611000017215,29.247180000399332],[-94.90601599943385,29.244345999956348],[-94.90349299915609,29.24148600002994],[-94.90189700049292,29.240722000301936],[-94.90346099997909,29.243212999644573],[-94.90533100023747,29.2444540002316],[-94.9039290003549,29.24496699966254],[-94.90433399983112,29.24742299980706],[-94.9066709998174,29.248447999947476],[-94.90688899939877,29.25133600024743],[-94.9089449990038,29.251632999921117],[-94.90972400010627,29.252819999764103],[-94.90906999875234,29.25327900011915],[-94.90897599976111,29.254384999870474],[-94.91087699902762,29.254034000015466],[-94.91112599960344,29.255464999909464],[-94.91143800005932,29.25573499978436],[-94.9071689994423,29.25918899961631],[-94.90531899925485,29.259477000330904],[-94.90504999958071,29.258838000154345],[-94.9039909999336,29.258757000142918],[-94.9038979995436,29.257974000026305],[-94.90296299994573,29.25978199978777],[-94.9032430001008,29.260375999772798],[-94.90283800005054,29.260537999752422],[-94.90243299925194,29.259377999603686],[-94.90159199975035,29.260862000038056],[-94.90327500037117,29.26132099966624],[-94.90386700030223,29.260268000010345],[-94.90358599885656,29.25991700031863],[-94.90545199993862,29.26034500037343],[-94.91355599847604,29.256760000157755],[-94.91380499907135,29.256193000433836],[-94.91343199896345,29.25576199990184],[-94.9125589990718,29.255680999705202],[-94.91249699861491,29.255302999887608],[-94.91296400036623,29.25530299987191],[-94.91315100000955,29.254763000409728],[-94.91517599859334,29.25584300023999],[-94.91651600042272,29.255195000294908],[-94.91698299986369,29.25568099969133],[-94.91692099984934,29.25506000039658],[-94.91785600041004,29.254979000408184],[-94.91841699861406,29.255977000274388],[-94.91589299964357,29.256976000122236],[-94.91541599961536,29.25746100034351],[-94.91567500017076,29.258028000147743],[-94.90922499863429,29.25970199960068],[-94.90623399966502,29.261672000321408],[-94.90174799903147,29.263371999705278],[-94.90043900021863,29.26450499955247],[-94.8994730004373,29.263425999737468],[-94.90003400022083,29.264936999996003],[-94.89892400035397,29.26377399963793],[-94.90006500037659,29.26623200032325],[-94.89906800028503,29.265152999820604],[-94.8974790000402,29.265422999632236],[-94.89847599918434,29.264369999996077],[-94.89788399991079,29.263345000377978],[-94.8971680002776,29.263399000320177],[-94.89651399995971,29.263938000045474],[-94.89741600021519,29.265960999584784],[-94.89654499981802,29.266933999961573],[-94.89290399923647,29.268957999624913],[-94.89180899865103,29.268688000027964],[-94.89088899875165,29.269458000152888],[-94.88704199993644,29.270685000160906],[-94.88472799930251,29.27227299990209],[-94.88396800050063,29.272047999743627],[-94.88294999981898,29.27042600032386],[-94.88364899944577,29.2720479997743],[-94.88096899953163,29.272780000330826]]],[[[-94.90794200004605,29.27050899970082],[-94.91053499899293,29.268621000144673],[-94.91287100051329,29.268925000052096],[-94.91443899971365,29.27025300035249],[-94.91543099874403,29.273132999536475],[-94.91360700005458,29.275404999962447],[-94.91218299925528,29.27594899999305],[-94.90784700012257,29.274268999920462],[-94.9073660002496,29.272429000196492],[-94.90794200004605,29.27050899970082]]],[[[-94.89188499938676,29.283695000308185],[-94.8920269999334,29.28355699964705],[-94.89199599916896,29.283719000412603],[-94.89188499938676,29.283695000308185]]],[[[-94.9236200003514,29.288739000428624],[-94.92115799962649,29.288117999831353],[-94.91991199987181,29.28706599971102],[-94.91960099874633,29.286121000178635],[-94.92078499896245,29.285742999721005],[-94.92019299958912,29.284447999706266],[-94.92131400025181,29.285068999934097],[-94.9217820002914,29.284205000452182],[-94.92340199982682,29.283935000402916],[-94.92389999940504,29.284879999656003],[-94.92698500006286,29.285176000036678],[-94.92779500046805,29.284799000421398],[-94.92701600035298,29.284205000396362],[-94.92773199883308,29.28380000007359],[-94.92872899852118,29.284178000365646],[-94.929694999726,29.285877999637883],[-94.9310350003185,29.28523000036185],[-94.93240600010454,29.285365000065617],[-94.92745199976287,29.287713000228784],[-94.92604999998095,29.2874970002993],[-94.92371300044776,29.288280000150888],[-94.9236200003514,29.288739000428624]]],[[[-94.88762599969368,29.29640999999491],[-94.88677799893526,29.295624000259302],[-94.88796900029595,29.296199999809957],[-94.88762599969368,29.29640999999491]]],[[[-94.88610100011476,29.297371999553608],[-94.8858979999695,29.297138999978348],[-94.8862199997318,29.297291999675895],[-94.88610100011476,29.297371999553608]]]]}},{"id":"951","type":"Feature","properties":{"GISJOIN":"G4801670HI0111","pct_black":27.78},"geometry":{"type":"MultiPolygon","coordinates":[[[[-94.95267999987105,29.28695599978131],[-94.95335199963583,29.286524000290154],[-94.95645599998427,29.286396000063746],[-94.95267999987105,29.28695599978131]]],[[[-94.93205099995463,29.29010400034104],[-94.935411000342,29.28935199963117],[-94.93646700015441,29.28989600010629],[-94.93374700007843,29.28989599981136],[-94.93294699936854,29.290424000365086],[-94.93205099995463,29.29010400034104]]],[[[-94.910316000408,29.302366999947385],[-94.9057669998259,29.301584000051868],[-94.9046450002579,29.30034299980749],[-94.90489499897362,29.299478999912044],[-94.90380399954431,29.298454000265057],[-94.90504999972514,29.29931699974726],[-94.90732499884989,29.297806000057864],[-94.90847799967703,29.29632200001874],[-94.90975500037922,29.296105999930926],[-94.9097549988116,29.2950529999354],[-94.91050299969247,29.294351999944503],[-94.91386799876464,29.2929759996251],[-94.92016099977478,29.293542000211012],[-94.9227789990496,29.295188000181955],[-94.92760800022003,29.296672999631575],[-94.92925900036745,29.298076000229177],[-94.92810599935741,29.299478999827695],[-94.92530200013682,29.300854999632097],[-94.92436800026712,29.300586000169968],[-94.92449200013446,29.29999200029961],[-94.92586299951533,29.300126999914713],[-94.92614299886512,29.29969499968181],[-94.92545799971744,29.299775999611892],[-94.92517800022392,29.29912800015693],[-94.92399400015782,29.298697000119702],[-94.92249799991998,29.298562000039315],[-94.92355699940332,29.299694999993054],[-94.92352600031745,29.29902000031155],[-94.9242120003917,29.299074000397535],[-94.92439899865748,29.29985700001682],[-94.92243599886143,29.301287000373648],[-94.92075300021642,29.30093599955697],[-94.91860400004217,29.301853999627596],[-94.91648500019205,29.301314000302426],[-94.91436599895555,29.29983000013816],[-94.91274599947305,29.30082800044409],[-94.91206099997424,29.29999199998601],[-94.91193600001573,29.298129999584862],[-94.91140599996473,29.298346000225784],[-94.91181099849105,29.299749000151333],[-94.90997299966475,29.300234999821452],[-94.910316000408,29.302366999947385]]],[[[-95.03065600049143,29.367586999638817],[-95.00416799861654,29.367854999706083],[-95.0040379993701,29.355687000105867],[-95.0031009989181,29.354153999868867],[-95.00154199985855,29.353666999967295],[-95.00060799869406,29.3523180001833],[-94.99908100021793,29.35156200024062],[-94.99515499907461,29.352642000052285],[-94.9930989985046,29.351913000436117],[-94.99151000041697,29.352182999627022],[-94.98864799888915,29.349873000234254],[-94.98667100019358,29.350118999822875],[-94.98494599882576,29.349504999672817],[-94.98396799881066,29.348506999904004],[-94.98031499990937,29.347693999599787],[-94.97985499962567,29.346896000157816],[-94.97743000015979,29.346773000171343],[-94.97635599881102,29.34523900031603],[-94.976478999629,29.344088000431633],[-94.9750060002197,29.34083499996397],[-94.97139999878219,29.34052799967657],[-94.97159999976152,29.33850199975219],[-94.96945699974336,29.33891700028488],[-94.96851899924022,29.340473999720267],[-94.96625699977439,29.340076999816304],[-94.96410599954184,29.341284000105315],[-94.96316799994635,29.34100499960061],[-94.96359700039922,29.339334999659087],[-94.96305199995594,29.33873699973656],[-94.95712899891767,29.338158999905797],[-94.94959099928155,29.343356000241464],[-94.93346190844947,29.33073912698987],[-94.93169299876679,29.331806000200785],[-94.93154399917451,29.336434999928496],[-94.93084400025789,29.337524999752024],[-94.90030500027717,29.304693999653466],[-94.8858270004817,29.297337999712827],[-94.89850799913623,29.303372999637894],[-94.89966099941762,29.302333999813015],[-94.88762599969368,29.29640999999491],[-94.89984800040764,29.302069000069046],[-94.90137399854682,29.30212399987457],[-94.90330599866523,29.300478000283864],[-94.90439599891198,29.300531999927426],[-94.90548700022003,29.3025289998939],[-94.90517499967847,29.302986999692894],[-94.90582899962334,29.303067999732683],[-94.90526899951954,29.303770000192262],[-94.90567399999382,29.303796999857298],[-94.90729399900388,29.307817999686225],[-94.9126219998814,29.310677999959417],[-94.92389999915757,29.311703999684468],[-94.92804399954863,29.313188000100766],[-94.93365799982253,29.314031000345178],[-94.93745299983938,29.31421399968915],[-94.94175300049481,29.312486999880775],[-94.9423759993642,29.309437000336352],[-94.94387200046457,29.306819000096205],[-94.94356000003116,29.306063999848103],[-94.94841999992529,29.30028900038259],[-94.94832699921604,29.299721999790698],[-94.94966700031057,29.29823799960346],[-94.94969799969284,29.297238999820465],[-94.95391699973891,29.294832000134367],[-94.95325400021835,29.294221000291945],[-94.95414099982874,29.294685000038395],[-94.95390400034032,29.293352999978218],[-94.95646499972536,29.291048999871357],[-94.95963299899104,29.289488999776214],[-94.96164199926957,29.29011199967149],[-94.96192999906879,29.289650000298042],[-94.96082200012324,29.28933399983242],[-94.96292999983967,29.28888699976081],[-94.96376400021194,29.287787000048084],[-94.96595499997333,29.287079999935514],[-94.96652100030616,29.285466000289208],[-94.9709920003689,29.283056000199554],[-94.97068700006744,29.28110200039883],[-94.96808000015147,29.28158699972905],[-94.96673999964646,29.281289999996307],[-94.97262899960356,29.28004899988881],[-94.97611899969546,29.277619999736416],[-94.97761400009591,29.275757999664393],[-94.97904699862195,29.27513800027657],[-94.9902660002252,29.26434599983135],[-94.99286699968349,29.260504000165835],[-94.99420099965376,29.25947999979295],[-94.9940460002026,29.259028999590555],[-94.99767399973767,29.25578799986386],[-94.99962099971313,29.252803999957127],[-95.00190499953553,29.25053200017699],[-95.00292599991731,29.248536000391734],[-95.00284899991604,29.24725200031481],[-95.00565700012464,29.24592600030974],[-95.01043600012707,29.240854999919378],[-95.01454099886726,29.239051000138907],[-95.01861399932598,29.2361459998045],[-95.0196589985901,29.236033999952337],[-95.02054200013747,29.23460400022523],[-95.0226299990041,29.2338809997689],[-95.02471899975578,29.23164900035197],[-95.02518500043531,29.230524000066218],[-95.02752999963471,29.22821100010567],[-95.0285949986323,29.225765999634895],[-95.02963199982635,29.22330599976114],[-95.03079399975451,29.21725099992891],[-95.03307199853495,29.21482299954311],[-95.03368499921355,29.212121000245098],[-95.0353629994495,29.21045399981592],[-95.04670699933415,29.204345999967234],[-95.05244100030531,29.20230200018947],[-95.05533199938935,29.200772000155908],[-95.05549999855252,29.200099000304373],[-95.05656399974269,29.200065000358467],[-95.08315299983092,29.241261999730128],[-95.11995499892322,29.296109999671827],[-95.11870199988059,29.296790000355582],[-95.10554799925563,29.30969599957141],[-95.08156499991243,29.314470000404565],[-95.08083899919139,29.315376000348785],[-95.0809820001164,29.343406000392502],[-95.06095399955431,29.34344100041657],[-95.06090500009097,29.354412000137053],[-95.05866300046618,29.35438499956549],[-95.05554699894168,29.358860000225057],[-95.05343000044152,29.3596100003856],[-95.05309699991544,29.360285000320925],[-95.04221155799478,29.356545445685914],[-95.04219875239751,29.35879606146583],[-95.03834388366715,29.358895134045554],[-95.03831312318859,29.360250122678607],[-95.03244499990033,29.360184000310092],[-95.0324909441806,29.36339350098926],[-95.03538811981727,29.363283637189664],[-95.03586026600729,29.374677589481937],[-95.03078399994698,29.375195999917864],[-95.03065600049143,29.367586999638817]]],[[[-94.8831399999631,29.364492999830436],[-94.88466799989418,29.35966900024899],[-94.88552799885076,29.35861699982148],[-94.88780799870504,29.358474999615815],[-94.88836590138179,29.357873880035598],[-94.8885786629407,29.364482506463812],[-94.8875710002575,29.36413700026014],[-94.8843939984682,29.36665599982663],[-94.8849189986335,29.376208000417687],[-94.88416799938199,29.37715000028655],[-94.88117299991055,29.377185000450208],[-94.88027200000658,29.376862999887603],[-94.87889399887338,29.373206000059824],[-94.87894799980604,29.370531000121762],[-94.88266299916238,29.365668999784884],[-94.88347299965689,29.36567099966071],[-94.8831399999631,29.364492999830436]]],[[[-94.88658000036214,29.387165000198788],[-94.88816352800214,29.384028526080485],[-94.88700764618336,29.38945415910031],[-94.88610711065094,29.389152492195272],[-94.88676200022036,29.388561000209798],[-94.88658000036214,29.387165000198788]]]]}},{"id":"952","type":"Feature","properties":{"GISJOIN":"G4801670LM0110","pct_black":14.9},"geometry":{"type":"Polygon","coordinates":[[[-95.04122203820853,29.411090895204577],[-95.01391500005745,29.38340999985512],[-95.00771400032309,29.37830599967462],[-94.95183399938098,29.379155999965086],[-94.94598299922541,29.354609999565806],[-94.94434899949918,29.352075000175592],[-94.93084400025789,29.337524999752024],[-94.93154399917451,29.336434999928496],[-94.93183599992788,29.331518000191206],[-94.93346190844947,29.33073912698987],[-94.94959099928155,29.343356000241464],[-94.95712899891767,29.338158999905797],[-94.96305199995594,29.33873699973656],[-94.96359700039922,29.339334999659087],[-94.96316799994635,29.34100499960061],[-94.96410599954184,29.341284000105315],[-94.96625699977439,29.340076999816304],[-94.96851899924022,29.340473999720267],[-94.96945699974336,29.33891700028488],[-94.97159999976152,29.33850199975219],[-94.97139999878219,29.34052799967657],[-94.9750060002197,29.34083499996397],[-94.976478999629,29.344088000431633],[-94.97635599881102,29.34523900031603],[-94.97743000015979,29.346773000171343],[-94.97985499962567,29.346896000157816],[-94.98031499990937,29.347693999599787],[-94.98396799881066,29.348506999904004],[-94.98494599882576,29.349504999672817],[-94.98667100019358,29.350118999822875],[-94.98864799888915,29.349873000234254],[-94.99151000041697,29.352182999627022],[-94.9930989985046,29.351913000436117],[-94.99515499907461,29.352642000052285],[-94.99908100021793,29.35156200024062],[-95.00060799869406,29.3523180001833],[-95.00154199985855,29.353666999967295],[-95.0031009989181,29.354153999868867],[-95.0040379993701,29.355687000105867],[-95.00416799861654,29.367854999706083],[-95.03065000026135,29.36728999955305],[-95.03078399994698,29.375195999917864],[-95.03586026600729,29.374677589481937],[-95.03538811981727,29.363283637189664],[-95.0324909441806,29.36339350098926],[-95.03244499990033,29.360184000310092],[-95.03831312318859,29.360250122678607],[-95.03834388366715,29.358895134045554],[-95.04219875239751,29.35879606146583],[-95.04221155799478,29.356545445685914],[-95.04926399911848,29.358973000074837],[-95.04915899873002,29.36675499981351],[-95.0497230003608,29.36732400017326],[-95.04909999962577,29.371652000386995],[-95.05054199893111,29.392368000085263],[-95.05026699996158,29.401145000252615],[-95.04154100032856,29.401574999816592],[-95.04167699981583,29.41101200021493],[-95.04122203820853,29.411090895204577]]]}},{"id":"953","type":"Feature","properties":{"GISJOIN":"G4801670SF0102","pct_black":2.31},"geometry":{"type":"Polygon","coordinates":[[[-95.1171390003146,29.508030999631885],[-95.09519099982465,29.471597999801865],[-95.0699259988469,29.4403450000407],[-95.04122203820853,29.411090895204577],[-95.04167699981583,29.41101200021493],[-95.04154100032856,29.401574999816592],[-95.05026699996158,29.401145000252615],[-95.05054199893111,29.392368000085263],[-95.04909999962577,29.371652000386995],[-95.0497230003608,29.36732400017326],[-95.04915899873002,29.36675499981351],[-95.04926399911848,29.358973000074837],[-95.05309699991544,29.360285000320925],[-95.05343000044152,29.3596100003856],[-95.05554699894168,29.358860000225057],[-95.05866300046618,29.35438499956549],[-95.06090500009097,29.354412000137053],[-95.06095399955431,29.34344100041657],[-95.0809820001164,29.343406000392502],[-95.08083899919139,29.315376000348785],[-95.08156499991243,29.314470000404565],[-95.10554799925563,29.30969599957141],[-95.11870199988059,29.296790000355582],[-95.11995499892322,29.296109999671827],[-95.23308099965527,29.465566000365513],[-95.22540199956136,29.5024139997214],[-95.22532199862582,29.509037000284124],[-95.21680100018726,29.55458500032567],[-95.2164219995262,29.556080000221012],[-95.21572500022961,29.554696999558956],[-95.2148129998096,29.555632000199985],[-95.2138949993395,29.55523700031286],[-95.21410200004601,29.556325000214635],[-95.21312699869662,29.55576999983011],[-95.21276300019888,29.557145000061787],[-95.21373799964148,29.556991000288868],[-95.21273799982839,29.557980999631372],[-95.21360600050566,29.55845299970933],[-95.21312899971966,29.558915999750155],[-95.21230500034713,29.55860800036776],[-95.21141800016812,29.559202000373563],[-95.21031699967662,29.558405000343317],[-95.20876400039813,29.55916899966652],[-95.20853800037997,29.55990100029154],[-95.20674499880394,29.558851000262052],[-95.20772599964717,29.557794999725704],[-95.20566899913489,29.557674000096405],[-95.20585800035441,29.559164000270037],[-95.20432399918532,29.558905999674764],[-95.20466899977598,29.558274000217278],[-95.20419099883989,29.558141999862073],[-95.20356900037444,29.559797000076948],[-95.20299699982994,29.559643000310555],[-95.20312299958465,29.560165999616565],[-95.20243099904378,29.560550999667736],[-95.20278900030648,29.56133699990364],[-95.20120999974051,29.561454999609527],[-95.20105399882073,29.563211999661878],[-95.2000289988256,29.562629000338767],[-95.20060699978498,29.561568000251924],[-95.19905999993382,29.561178000164848],[-95.20007900033852,29.56051799968571],[-95.19901499938999,29.559698999760695],[-95.19917199945924,29.558708999615938],[-95.19810299984809,29.55899499955127],[-95.1977949999229,29.558214000131585],[-95.19600899999062,29.558616000167376],[-95.1969209998206,29.56018300043272],[-95.19571399995436,29.56017200011811],[-95.19517300013322,29.559397000408666],[-95.19398400028835,29.560089999852732],[-95.19315400042758,29.55951799957329],[-95.1936379995454,29.557527000039762],[-95.19490800045965,29.55722999998205],[-95.19427900006667,29.556591999761945],[-95.19450500012739,29.55591099982334],[-95.1956749997326,29.557702999866056],[-95.19681400050236,29.55685099994281],[-95.19753699853457,29.55740000041927],[-95.19905899963514,29.554035000018715],[-95.19996399863355,29.554106000373267],[-95.19954299859916,29.55343000000884],[-95.19992600016033,29.552380000305973],[-95.19821500027913,29.551016000374933],[-95.19827200003608,29.55030700032264],[-95.19723399962965,29.549136000106795],[-95.19739199859973,29.54757199960798],[-95.19914599972583,29.54608900044475],[-95.19945299983276,29.544527999820254],[-95.19748999899669,29.54197399962651],[-95.19565399871566,29.542329000071607],[-95.19561699954286,29.543642999718678],[-95.19501999939133,29.543582000028927],[-95.19482499992273,29.542939000210215],[-95.19417100038244,29.543235999625207],[-95.19466500011195,29.542140000071992],[-95.1941769985439,29.541684999973178],[-95.19464399852261,29.541232999638463],[-95.19319099891845,29.540880999752265],[-95.19308100024529,29.541516999574704],[-95.19264500030428,29.541309999926455],[-95.19223899905474,29.540389999675906],[-95.19294300045901,29.540153999866405],[-95.19303299889059,29.539381999840064],[-95.19213599926785,29.538724999618776],[-95.1945270000524,29.53826700039989],[-95.19423100043382,29.536694000391876],[-95.19220099950805,29.535896000224643],[-95.19091199966691,29.535778000387072],[-95.19069899890715,29.536270000342956],[-95.18986899881784,29.535594000008214],[-95.18923799955304,29.535995000424748],[-95.18836000050051,29.53489199976586],[-95.18846199954122,29.534243000180297],[-95.18742999868414,29.534005000302372],[-95.18939199983782,29.532394999550377],[-95.18942599996453,29.53116699985464],[-95.1906399999539,29.53046899955446],[-95.18745399981867,29.528154999578],[-95.1898939984611,29.52731699956825],[-95.18693000042322,29.527402999622435],[-95.18674500015949,29.52549000021977],[-95.18782899847153,29.524200999648166],[-95.18465900016855,29.523097999822774],[-95.18516699981215,29.521630000013776],[-95.18427499881349,29.520366000281676],[-95.18280500048887,29.520240000363096],[-95.18309699856748,29.519017000390935],[-95.18007000006435,29.518323000071526],[-95.18021500040946,29.51981000000719],[-95.17928699907573,29.519850999737095],[-95.17867400037636,29.517450999623364],[-95.17655000020999,29.516826999611357],[-95.17467399991298,29.518221999806883],[-95.17360299932682,29.516817999889696],[-95.17436799899032,29.515529999973175],[-95.17412800018717,29.51490700036735],[-95.17210699961151,29.514220999912695],[-95.16995199957354,29.515035999853165],[-95.16905599888598,29.513369000251853],[-95.16742700007512,29.512351000091115],[-95.16805599876211,29.51095600036101],[-95.17105899967572,29.510019000135316],[-95.17099599855537,29.507719999547053],[-95.17040899945722,29.50691500007335],[-95.16733899992792,29.505790000403067],[-95.16775500035942,29.504545999641586],[-95.16702399898216,29.503814999770658],[-95.16708199880624,29.502400000292727],[-95.16421199899276,29.50232600019326],[-95.16302099986231,29.501575000097507],[-95.16310300027902,29.50006799979355],[-95.16426500011198,29.498703000013798],[-95.16392699856326,29.498050999733113],[-95.16145600031454,29.497339000400302],[-95.15870199999858,29.49834700034932],[-95.15672199957011,29.498185000273676],[-95.15387600047671,29.499985000193558],[-95.15215800041209,29.500444000009598],[-95.15110299867452,29.500081999587472],[-95.1502269986333,29.49853699964117],[-95.14888500013666,29.498703000264587],[-95.1472759998929,29.50186900003896],[-95.14494799879478,29.502635000242705],[-95.14211799972759,29.506191999857972],[-95.13388999948998,29.506424999753815],[-95.13020699962301,29.50494399958289],[-95.12894999964998,29.505742999666776],[-95.12887600049409,29.507556999766877],[-95.12814799958008,29.508902999796035],[-95.12509400032648,29.51026300018214],[-95.12144899897031,29.51018499967381],[-95.11873499956575,29.506972999554755],[-95.1171390003146,29.508030999631885]]]}},{"id":"954","type":"Feature","properties":{"GISJOIN":"G4801670TC0103","pct_black":0.14},"geometry":{"type":"MultiPolygon","coordinates":[[[[-94.92884199856809,29.465095000201934],[-94.929194000372,29.46472699982496],[-94.93056999968954,29.46432700024388],[-94.93018599964276,29.465238999869516],[-94.92884199856809,29.465095000201934]]],[[[-94.92535699942934,29.467937999619014],[-94.92631400031426,29.46637500014634],[-94.92551799987376,29.466099999644175],[-94.92656999885182,29.466278999541604],[-94.927497999611,29.465478999747937],[-94.92884199876853,29.465382999804262],[-94.92719400039475,29.466454999963535],[-94.92688999963518,29.467335000136377],[-94.92535699942934,29.467937999619014]]],[[[-94.92613399999541,29.451520000379638],[-94.9186039999925,29.446716000105063],[-94.9180119993377,29.445609000421225],[-94.91940699894101,29.445494999860962],[-94.9189590000806,29.44686800003137],[-94.92100600005294,29.44666900033397],[-94.92888300042523,29.443340999740293],[-94.92970199963247,29.442023000399995],[-94.92904100024187,29.44062899980836],[-94.93135899989097,29.43733500011046],[-94.93742199926429,29.43538200030889],[-94.93751599914464,29.434815000374485],[-94.94193999907809,29.4316839997923],[-94.94648600029171,29.430194999801188],[-94.94712599923226,29.42930300018329],[-94.94764499848547,29.429378999780077],[-94.94617699900589,29.4312260000308],[-94.9466410000529,29.433120999804714],[-94.94726799977914,29.433626999721714],[-94.94883299898054,29.433475999692668],[-94.94752300051303,29.432219999788412],[-94.94778100037824,29.431770999666206],[-94.94916800007465,29.433385000006638],[-94.94845200036693,29.43198100025429],[-94.94854500036925,29.42968800030294],[-94.9508509991945,29.429309999619022],[-94.9502900004338,29.429255999723342],[-94.9504769984659,29.42882399991964],[-94.95215899974934,29.428122000096845],[-94.955202000422,29.42550800029338],[-94.9556019994751,29.42333500023741],[-94.95450199963865,29.42116199960279],[-94.95343400042374,29.420317000171664],[-94.95256299955672,29.420076000132227],[-94.95081999968848,29.421524000136845],[-94.94406399906926,29.420678999728096],[-94.94356299884528,29.419954999828335],[-94.94486399989448,29.419955000189177],[-94.94616399979965,29.41850700042119],[-94.94685099982968,29.4148859999185],[-94.94646400008148,29.414161999918154],[-94.9411299996791,29.414683000018435],[-94.93776499997313,29.4158980003368],[-94.93754699946643,29.416787999641354],[-94.93860600013241,29.418002000135775],[-94.93770299882024,29.42094400027963],[-94.9396339989593,29.420674000244897],[-94.93957200013907,29.420997999667414],[-94.93355899947814,29.42223899963655],[-94.92866700041327,29.422752000443793],[-94.92641799968,29.422063999633387],[-94.9216259998725,29.421887999772608],[-94.9192269997445,29.42056599966592],[-94.91323200016919,29.419088999638817],[-94.9120920000525,29.418110000216295],[-94.91026699904346,29.41877900041502],[-94.90640400027183,29.41868900042221],[-94.9049019998649,29.420505000008742],[-94.89896800039047,29.421994000192964],[-94.89841399895788,29.429415000014608],[-94.8968870003287,29.43028099976661],[-94.89663399957509,29.432043000283084],[-94.89567400027177,29.432530000417973],[-94.89633099996632,29.433465999869124],[-94.89867299918646,29.434149000292816],[-94.90217899956826,29.43396799996293],[-94.90984000019546,29.43161600028727],[-94.91551899943097,29.432142999605436],[-94.91367200005243,29.437621000039446],[-94.91437899961363,29.438676999838478],[-94.91513300027479,29.442399000109777],[-94.91708199969783,29.443290000150665],[-94.91792100007802,29.444732999553814],[-94.91785599856954,29.445473999596082],[-94.91682800036592,29.445771000034085],[-94.91190500015585,29.4428570003143],[-94.90177900006486,29.438485000243908],[-94.89548500043858,29.43497700036239],[-94.89386499987778,29.435031000423646],[-94.89202699892022,29.43368100024437],[-94.89109200021839,29.427178000235966],[-94.88922299868601,29.422968000281397],[-94.88987700046884,29.422536000321468],[-94.88934800012109,29.42272499982591],[-94.88863099874767,29.421619000401726],[-94.88806999903566,29.41970299999875],[-94.88785199963664,29.416814999914052],[-94.88881799973004,29.416328999832807],[-94.88903599907655,29.41279400003088],[-94.8867619992383,29.390907999557093],[-94.88283399965793,29.389108999548558],[-94.87875400044943,29.388317999594545],[-94.87741499976,29.387399999720312],[-94.86829500027193,29.384409999852153],[-94.86713399987251,29.384557999614096],[-94.86451399976815,29.38316199957974],[-94.85097700046613,29.378792999730134],[-94.83681699953199,29.374528000428406],[-94.83616000027519,29.374887999870502],[-94.83488399921478,29.37394399955398],[-94.83086500038154,29.372605000393804],[-94.82886999880445,29.372604999580776],[-94.82055700032817,29.368667999803595],[-94.80871499896922,29.36506400018939],[-94.8095750004939,29.362659000159937],[-94.81013999994032,29.36287899989779],[-94.80997300036843,29.363700000342043],[-94.82845999894703,29.371373999979816],[-94.87509099875453,29.385802999635146],[-94.87523399941352,29.38637500035418],[-94.88137899989793,29.388377000186036],[-94.88546499959624,29.389676999828186],[-94.88610711065094,29.389152492195272],[-94.88700764618336,29.38945415910031],[-94.88716857408745,29.388546211860863],[-94.89048000493248,29.389716158552293],[-94.89342799942918,29.389382999940466],[-94.89357300015935,29.40680399960818],[-94.89483499995197,29.408169999978423],[-94.9509940001103,29.40806000032811],[-94.95106899987282,29.395328000383405],[-94.97539199972466,29.39566299997623],[-94.98002699949028,29.39645799989436],[-94.99025699987749,29.396255000131426],[-94.99612900027235,29.397618999628992],[-95.00656899969928,29.397995000359863],[-95.02397400011223,29.40249000013735],[-95.03099499953856,29.40501900037189],[-95.03107500014318,29.40393300019619],[-95.03003999969788,29.403648999852408],[-95.03138000031113,29.403629000239224],[-95.0329429994594,29.402684999980544],[-95.05779472640701,29.42790252572475],[-95.01651446821846,29.428995053240058],[-95.03693699945651,29.450850000207573],[-95.01702962740394,29.450833729946083],[-94.97023277630886,29.452746966474496],[-94.97354699972742,29.46062799981434],[-94.96830800024284,29.463715999648414],[-94.96482999863268,29.46432600017108],[-94.96011093593624,29.46648373625773],[-94.95438718053761,29.466558133215905],[-94.95247099966504,29.46973299997154],[-94.95181599958721,29.467252000013552],[-94.94957300008669,29.465957000195992],[-94.94608399968358,29.46228700022837],[-94.93331300044355,29.455089999918954],[-94.93099199971752,29.452432000119327],[-94.92613399999541,29.451520000379638]]],[[[-94.94026310615992,29.479834443305837],[-94.94004600049252,29.479755999896987],[-94.9404720002822,29.47982299988241],[-94.94026310615992,29.479834443305837]]],[[[-94.87704799982411,29.505829000267845],[-94.87978400015272,29.50486899960061],[-94.8803119998068,29.50594099975749],[-94.87898400045046,29.50523700037204],[-94.87821600010243,29.50661300032448],[-94.8804399995534,29.508037000339314],[-94.88144799965025,29.509780999555716],[-94.88378100013341,29.511781000113917],[-94.88217699947853,29.51235999975167],[-94.87797600047577,29.50792499975362],[-94.87704799982411,29.505829000267845]]]]}},{"id":"955","type":"Feature","properties":{"GISJOIN":"G4801670TC0104","pct_black":73.81},"geometry":{"type":"Polygon","coordinates":[[[-94.95562000009075,29.39532600003196],[-94.95183399938098,29.379155999965086],[-95.0066619988245,29.378179000061312],[-95.00771400032309,29.37830599967462],[-95.01391500005745,29.38340999985512],[-95.0329429994594,29.402684999980544],[-95.03138000031113,29.403629000239224],[-95.03003999969788,29.403648999852408],[-95.03107500014318,29.40393300019619],[-95.03099499953856,29.40501900037189],[-95.02397400011223,29.40249000013735],[-95.00656899969928,29.397995000359863],[-94.99612900027235,29.397618999628992],[-94.99025699987749,29.396255000131426],[-94.98002699949028,29.39645799989436],[-94.97539199972466,29.39566299997623],[-94.95562000009075,29.39532600003196]]]}},{"id":"956","type":"Feature","properties":{"GISJOIN":"G4801670TC0105","pct_black":0.04},"geometry":{"type":"Polygon","coordinates":[[[-94.9097020002366,29.383994000177253],[-94.93550599882381,29.383872000285056],[-94.9385929996374,29.38329200035968],[-94.94815500016372,29.37958899974233],[-94.95183399938098,29.379155999965086],[-94.95562000009075,29.39532600003196],[-94.93185800033265,29.395232999725458],[-94.92505600037491,29.393250999627316],[-94.92511999984981,29.397132000347202],[-94.90715800023646,29.39724000017475],[-94.90713100002127,29.393369999664856],[-94.90866199924885,29.3933620000329],[-94.90865299916793,29.389295999964904],[-94.90974599944751,29.389289000361252],[-94.9097020002366,29.383994000177253]]]}},{"id":"957","type":"Feature","properties":{"GISJOIN":"G4801670TC0106","pct_black":0.0},"geometry":{"type":"Polygon","coordinates":[[[-94.9251900002224,29.408048000045323],[-94.92505600037491,29.393250999627316],[-94.93185800033265,29.395232999725458],[-94.95106899987282,29.395328000383405],[-94.9509940001103,29.40806000032811],[-94.9251900002224,29.408048000045323]]]}},{"id":"958","type":"Feature","properties":{"GISJOIN":"G4801670TC0107","pct_black":0.04},"geometry":{"type":"Polygon","coordinates":[[[-94.89346200042579,29.393424999564587],[-94.89654600019364,29.39342299976246],[-94.8965740002188,29.397301999640334],[-94.92511999984981,29.397132000347202],[-94.9251900002224,29.408048000045323],[-94.89429499949108,29.40796099968606],[-94.89355199881508,29.406510999645278],[-94.89346200042579,29.393424999564587]]]}},{"id":"959","type":"Feature","properties":{"GISJOIN":"G4801670TC0108","pct_black":6.51},"geometry":{"type":"Polygon","coordinates":[[[-94.89346200042579,29.393424999564587],[-94.8934129995021,29.38409299967473],[-94.9097020002366,29.383994000177253],[-94.90974599944751,29.389289000361252],[-94.90865299916793,29.389295999964904],[-94.90866199924885,29.3933620000329],[-94.90713100002127,29.393369999664856],[-94.90715800023646,29.39724000017475],[-94.8965740002188,29.397301999640334],[-94.89654600019364,29.39342299976246],[-94.89346200042579,29.393424999564587]]]}},{"id":"960","type":"Feature","properties":{"GISJOIN":"G4801670TC0109","pct_black":48.09},"geometry":{"type":"Polygon","coordinates":[[[-94.88716857408745,29.388546211860863],[-94.88866199966647,29.38240799990494],[-94.89314899962561,29.382651000011364],[-94.89314900041212,29.38208400017037],[-94.8890359998083,29.38208400011653],[-94.88968999864149,29.378603000026935],[-94.89395899957691,29.37787400020577],[-94.89395899970339,29.377334000122946],[-94.89296199990665,29.37703699996425],[-94.89347999983823,29.37544399990926],[-94.88975299993135,29.375444999948794],[-94.88990500004886,29.372934000376944],[-94.89335499994337,29.372811999647013],[-94.89320900049775,29.37192500033671],[-94.89078100014868,29.37123500036015],[-94.89096799989066,29.369507999688153],[-94.89267300023066,29.36878200006403],[-94.89240200004596,29.3674779998787],[-94.8930499997213,29.366114999750707],[-94.8885786629407,29.364482506463812],[-94.88836590138179,29.357873880035598],[-94.89020799898857,29.355889000077394],[-94.89163100004252,29.355832000104673],[-94.89159899850937,29.348335000431003],[-94.89429899999385,29.34083499959268],[-94.89469899915241,29.337635000329797],[-94.89616199906027,29.33443599969845],[-94.89653299924848,29.33440699974116],[-94.89629899911172,29.337134999792504],[-94.897398999858,29.336934999762093],[-94.89861000045235,29.334305999920606],[-94.89875899973303,29.333442999547053],[-94.89800900033866,29.332402000235135],[-94.89841399918622,29.331511999832873],[-94.89757299855229,29.329379999948742],[-94.89617099971652,29.32857000034794],[-94.8938960000669,29.325845000053206],[-94.89261899931914,29.3253590001348],[-94.89302400027384,29.321311000319852],[-94.89212099978643,29.31831599995713],[-94.89252600039984,29.31380899970527],[-94.89470700005698,29.311542000201285],[-94.8959220002825,29.307548000048563],[-94.89775999975208,29.305983000436374],[-94.8986189990648,29.303559000138193],[-94.90053000045205,29.3049029997615],[-94.94534099920376,29.353325000389972],[-94.9462400000773,29.355345000182254],[-94.95183399938098,29.379155999965086],[-94.94815500016372,29.37958899974233],[-94.9385929996374,29.38329200035968],[-94.93550599882381,29.383872000285056],[-94.8934129995021,29.38409299967473],[-94.89342799942918,29.389382999940466],[-94.89048000493248,29.389716158552293],[-94.88716857408745,29.388546211860863]]]}}]}