{"type":"FeatureCollection","features":[{"id":"877","type":"Feature","properties":{"GISJOIN":"G36006700001","pct_black":0.0},"geometry":{"type":"Polygon","coordinates":[[[-76.15756799998947,43.082740999987244],[-76.16513500010765,43.072609000152376],[-76.17052500007395,43.06692100045225],[-76.18511500051457,43.05554500014928],[-76.1935320004493,43.06137999971251],[-76.19918600013433,43.063668000450285],[-76.19467299982593,43.06507699998088],[-76.17840900032614,43.07767700000811],[-76.17706299997057,43.08001299986871],[-76.17091900023881,43.078010999646544],[-76.16928400055201,43.078668000018006],[-76.16245500016942,43.08610199962106],[-76.15756799998947,43.082740999987244]]]}},{"id":"878","type":"Feature","properties":{"GISJOIN":"G36006700002","pct_black":0.33},"geometry":{"type":"Polygon","coordinates":[[[-76.15756799998947,43.082740999987244],[-76.14909399952772,43.07686999957445],[-76.15324600044757,43.075061000049075],[-76.15902900001866,43.06730600012033],[-76.16706699952569,43.070652999925194],[-76.15756799998947,43.082740999987244]]]}},{"id":"879","type":"Feature","properties":{"GISJOIN":"G36006700003","pct_black":0.0},"geometry":{"type":"Polygon","coordinates":[[[-76.1440459993609,43.083366000318954],[-76.14232599955044,43.08134899965365],[-76.13944799976045,43.08292699994273],[-76.13895499936032,43.08245200026452],[-76.14909399952772,43.07686999957445],[-76.15606900021203,43.08171200011252],[-76.15527800005535,43.082601999573036],[-76.15385199935744,43.081640000121865],[-76.15144600014752,43.08436600004015],[-76.15014700014106,43.084065999571926],[-76.1474779997234,43.084604000330216],[-76.1440459993609,43.083366000318954]]]}},{"id":"880","type":"Feature","properties":{"GISJOIN":"G36006700004","pct_black":0.0},"geometry":{"type":"Polygon","coordinates":[[[-76.12499900044342,43.07295900019261],[-76.1419459997194,43.07213800032649],[-76.15349899937215,43.07472400001984],[-76.13895499936032,43.08245200026452],[-76.13678000023944,43.081079999638185],[-76.13664499984989,43.07895000038283],[-76.12649399978606,43.079644999799676],[-76.12602199988035,43.07360800031483],[-76.1250270002971,43.07360400001678],[-76.12499900044342,43.07295900019261]]]}},{"id":"881","type":"Feature","properties":{"GISJOIN":"G36006700005","pct_black":0.0},"geometry":{"type":"Polygon","coordinates":[[[-76.16706699952569,43.070652999925194],[-76.15240899956831,43.06469699971499],[-76.15340499994092,43.06335899998295],[-76.15636099996769,43.062425999642485],[-76.15538300024771,43.06121400031109],[-76.15631599983688,43.06106899981182],[-76.16032099971807,43.06467899964739],[-76.16526899987132,43.06691500032259],[-76.16820699994283,43.069490999783625],[-76.16706699952569,43.070652999925194]]]}},{"id":"882","type":"Feature","properties":{"GISJOIN":"G36006700006","pct_black":0.0},"geometry":{"type":"Polygon","coordinates":[[[-76.14602700001672,43.073269000450104],[-76.15240899956831,43.06469699971499],[-76.15902900001866,43.06730600012033],[-76.15349899937215,43.07472400001984],[-76.14602700001672,43.073269000450104]]]}},{"id":"883","type":"Feature","properties":{"GISJOIN":"G36006700007","pct_black":0.0},"geometry":{"type":"Polygon","coordinates":[[[-76.1419459997194,43.07213800032649],[-76.14272700059465,43.07210599995551],[-76.14328300023777,43.07025699978492],[-76.1433419996096,43.06504699983939],[-76.15010400002727,43.067786999686994],[-76.14602700001672,43.073269000450104],[-76.1419459997194,43.07213800032649]]]}},{"id":"884","type":"Feature","properties":{"GISJOIN":"G36006700008","pct_black":0.0},"geometry":{"type":"Polygon","coordinates":[[[-76.13394000022434,43.064421999638455],[-76.13851800044087,43.06424600036038],[-76.13849199981757,43.06311999983996],[-76.13949200012048,43.06307500015706],[-76.13958399991444,43.06413800024274],[-76.14335299974104,43.06397999957841],[-76.14328300023777,43.07025699978492],[-76.14272700059465,43.07210599995551],[-76.1344729994459,43.07249700012985],[-76.13394000022434,43.064421999638455]]]}},{"id":"885","type":"Feature","properties":{"GISJOIN":"G36006700009","pct_black":0.0},"geometry":{"type":"Polygon","coordinates":[[[-76.11476400027249,43.06843500037014],[-76.11615000014874,43.06820499969382],[-76.13134700040304,43.06075899992591],[-76.13385300015788,43.06349599969355],[-76.1344729994459,43.07249700012985],[-76.12482999955643,43.07294000006333],[-76.11476400027249,43.06843500037014]]]}},{"id":"886","type":"Feature","properties":{"GISJOIN":"G36006700010","pct_black":0.32},"geometry":{"type":"Polygon","coordinates":[[[-76.09646600066625,43.069311999719616],[-76.11476400027249,43.06843500037014],[-76.12499900044342,43.07295900019261],[-76.11562800018714,43.07357799980442],[-76.11496899981942,43.07571699972902],[-76.10261900026036,43.076425000310586],[-76.10094599996357,43.07542900004791],[-76.10006399991475,43.07080999980705],[-76.09918500065493,43.07085699974818],[-76.09912900043432,43.07027500007214],[-76.0964650000423,43.07031400024438],[-76.09646600066625,43.069311999719616]]]}},{"id":"887","type":"Feature","properties":{"GISJOIN":"G36006700011","pct_black":0.0},"geometry":{"type":"Polygon","coordinates":[[[-76.16044100001321,43.064758999714904],[-76.16027099972159,43.06276100025282],[-76.16258900011611,43.06017199982033],[-76.17037499962925,43.05723900038278],[-76.17042899952109,43.05585299961911],[-76.17679599967927,43.05616900007667],[-76.18192199962245,43.058013999513065],[-76.1707839998315,43.066683999617716],[-76.16820699994283,43.069490999783625],[-76.16526899987132,43.06691500032259],[-76.16044100001321,43.064758999714904]]]}},{"id":"888","type":"Feature","properties":{"GISJOIN":"G36006700012","pct_black":0.0},"geometry":{"type":"Polygon","coordinates":[[[-76.15631599983688,43.06106899981182],[-76.154304000077,43.05836400009318],[-76.15322299950917,43.05553499955202],[-76.15145099958526,43.05354799985038],[-76.15658499985243,43.05468299955734],[-76.17042899952109,43.05585299961911],[-76.17037499962925,43.05723900038278],[-76.16258900011611,43.06017199982033],[-76.16027099972159,43.06276100025282],[-76.16044100001321,43.064758999714904],[-76.15631599983688,43.06106899981182]]]}},{"id":"889","type":"Feature","properties":{"GISJOIN":"G36006700013","pct_black":1.29},"geometry":{"type":"Polygon","coordinates":[[[-76.15340499994092,43.06335899998295],[-76.15206999956837,43.06262899977158],[-76.14694799960483,43.059871000001216],[-76.15255599971438,43.0574619996394],[-76.15357600051539,43.05636099970968],[-76.15449000027964,43.05868599971088],[-76.15631599983688,43.06106899981182],[-76.15538300024771,43.06121400031109],[-76.15636099996769,43.062425999642485],[-76.15340499994092,43.06335899998295]]]}},{"id":"890","type":"Feature","properties":{"GISJOIN":"G36006700014","pct_black":0.38},"geometry":{"type":"Polygon","coordinates":[[[-76.1433419996096,43.06504699983939],[-76.14345699983399,43.06360400020934],[-76.14588599958277,43.06035999984022],[-76.14694799960483,43.059871000001216],[-76.15340499994092,43.06335899998295],[-76.15010400002727,43.067786999686994],[-76.1433419996096,43.06504699983939]]]}},{"id":"891","type":"Feature","properties":{"GISJOIN":"G36006700015","pct_black":0.99},"geometry":{"type":"Polygon","coordinates":[[[-76.13277700005887,43.062314999971115],[-76.14003099941999,43.05871700010414],[-76.13935900023179,43.057986000278284],[-76.14150100004753,43.05692799963791],[-76.14694799960483,43.059871000001216],[-76.14588599958277,43.06035999984022],[-76.14335299974104,43.06397999957841],[-76.13958399991444,43.06413800024274],[-76.13949200012048,43.06307500015706],[-76.13849199981757,43.06311999983996],[-76.13851800044087,43.06424600036038],[-76.13394000022434,43.064421999638455],[-76.13385300015788,43.06349599969355],[-76.13277700005887,43.062314999971115]]]}},{"id":"892","type":"Feature","properties":{"GISJOIN":"G36006700016","pct_black":1.25},"geometry":{"type":"Polygon","coordinates":[[[-76.13053000001945,43.061161999711636],[-76.12784900047295,43.05806500031843],[-76.13346299984985,43.05776700031988],[-76.14203900040262,43.05331000037027],[-76.14210200060676,43.051732999664075],[-76.14560099967935,43.051592999503995],[-76.14597199962367,43.053589000122045],[-76.14454799980417,43.05428800011971],[-76.14521699969177,43.055110999692424],[-76.13935900023179,43.057986000278284],[-76.14003099941999,43.05871700010414],[-76.13277700005887,43.062314999971115],[-76.13134700040304,43.06075899992591],[-76.13053000001945,43.061161999711636]]]}},{"id":"893","type":"Feature","properties":{"GISJOIN":"G3600670001701","pct_black":2.12},"geometry":{"type":"Polygon","coordinates":[[[-76.1218679999284,43.053298000142775],[-76.12879600020744,43.05149399975669],[-76.1313079995387,43.05143399955264],[-76.13257099939725,43.05212100021001],[-76.13008099971888,43.05206000039829],[-76.13053200023359,43.05788100016466],[-76.12784900047295,43.05806500031843],[-76.13053000001945,43.061161999711636],[-76.12268599960493,43.06502400029495],[-76.1218679999284,43.053298000142775]]]}},{"id":"894","type":"Feature","properties":{"GISJOIN":"G3600670001702","pct_black":0.98},"geometry":{"type":"Polygon","coordinates":[[[-76.11559500018792,43.05477599967498],[-76.1218679999284,43.053298000142775],[-76.12268599960493,43.06502400029495],[-76.11615000014874,43.06820499969382],[-76.11410400021477,43.06847400033493],[-76.11303400039816,43.05668099975417],[-76.11570399961654,43.05598899968525],[-76.11559500018792,43.05477599967498]]]}},{"id":"895","type":"Feature","properties":{"GISJOIN":"G36006700018","pct_black":0.0},"geometry":{"type":"Polygon","coordinates":[[[-76.10409999973204,43.057664999933614],[-76.11559500018792,43.05477599967498],[-76.11570399961654,43.05598899968525],[-76.11303400039816,43.05668099975417],[-76.11410400021477,43.06847400033493],[-76.10637700038627,43.06884099993823],[-76.10538499972711,43.058236000026184],[-76.10418100040542,43.058507000115384],[-76.10409999973204,43.057664999933614]]]}},{"id":"896","type":"Feature","properties":{"GISJOIN":"G36006700019","pct_black":0.79},"geometry":{"type":"Polygon","coordinates":[[[-76.09060699996324,43.068062999681565],[-76.08639699940868,43.06223500009557],[-76.08443999975242,43.06079800009417],[-76.08379200051071,43.05829500000896],[-76.09329300008267,43.0594800001071],[-76.10409999973204,43.057664999933614],[-76.10418100040542,43.058507000115384],[-76.10538499972711,43.058236000026184],[-76.10637700038627,43.06884099993823],[-76.09401299985491,43.06942500033059],[-76.09395500052263,43.06796200025392],[-76.09060699996324,43.068062999681565]]]}},{"id":"897","type":"Feature","properties":{"GISJOIN":"G36006700020","pct_black":0.16},"geometry":{"type":"Polygon","coordinates":[[[-76.18511500051457,43.05554500014928],[-76.182209000093,43.05211199972772],[-76.18782600064432,43.05244399975164],[-76.18772199977623,43.05346100010309],[-76.18859300045756,43.054688000258615],[-76.19714958925832,43.05157970176866],[-76.19986999982599,43.05599399995932],[-76.20003999949161,43.060427999949106],[-76.19730099991021,43.059630000047974],[-76.19940700040553,43.0625299999032],[-76.19941399942347,43.063671000255255],[-76.1935320004493,43.06137999971251],[-76.18511500051457,43.05554500014928]]]}},{"id":"898","type":"Feature","properties":{"GISJOIN":"G36006700021","pct_black":0.0},"geometry":{"type":"Polygon","coordinates":[[[-76.17042899952109,43.05585299961911],[-76.17082400044993,43.04810700029145],[-76.1765020003979,43.0483990000191],[-76.18192599955538,43.051867999675714],[-76.18537700000073,43.05534300037167],[-76.18192199962245,43.058013999513065],[-76.17679599967927,43.05616900007667],[-76.17042899952109,43.05585299961911]]]}},{"id":"899","type":"Feature","properties":{"GISJOIN":"G36006700022","pct_black":0.87},"geometry":{"type":"Polygon","coordinates":[[[-76.15647200030743,43.05440699999927],[-76.15812699962585,43.05222800032636],[-76.15766999971414,43.05070399990024],[-76.16782600031013,43.04833199974978],[-76.17082400044993,43.04810700029145],[-76.17042899952109,43.05585299961911],[-76.15647200030743,43.05440699999927]]]}},{"id":"900","type":"Feature","properties":{"GISJOIN":"G36006700023","pct_black":0.83},"geometry":{"type":"Polygon","coordinates":[[[-76.14150100004753,43.05692799963791],[-76.14521699969177,43.055110999692424],[-76.14454799980417,43.05428800011971],[-76.14597199962367,43.053589000122045],[-76.14560099967935,43.051592999503995],[-76.14852999956567,43.05208599964526],[-76.15145099958526,43.05354799985038],[-76.15357600051539,43.05636099970968],[-76.15255599971438,43.0574619996394],[-76.14694799960483,43.059871000001216],[-76.14150100004753,43.05692799963791]]]}},{"id":"901","type":"Feature","properties":{"GISJOIN":"G36006700024","pct_black":10.21},"geometry":{"type":"Polygon","coordinates":[[[-76.1313079995387,43.05143399955264],[-76.14210200060676,43.051732999664075],[-76.14205299983647,43.05324900016241],[-76.13346299984985,43.05776700031988],[-76.13053200023359,43.05788100016466],[-76.13008099971888,43.05206000039829],[-76.13257099939725,43.05212100021001],[-76.1313079995387,43.05143399955264]]]}},{"id":"902","type":"Feature","properties":{"GISJOIN":"G36006700027","pct_black":0.0},"geometry":{"type":"Polygon","coordinates":[[[-76.18648200057184,43.05236200001831],[-76.18422400022736,43.04859699966886],[-76.19238100021556,43.045497000101676],[-76.19323899955069,43.04670899954592],[-76.19424800021608,43.04656600114446],[-76.19541500050035,43.04834399970269],[-76.19599199997656,43.048294000295975],[-76.1955630001681,43.04940900007266],[-76.19714958925832,43.05157970176866],[-76.18859300045756,43.054688000258615],[-76.18772199977623,43.05346100010309],[-76.18782600064432,43.05244399975164],[-76.18648200057184,43.05236200001831]]]}},{"id":"903","type":"Feature","properties":{"GISJOIN":"G36006700028","pct_black":0.19},"geometry":{"type":"Polygon","coordinates":[[[-76.1798919996623,43.04553999989935],[-76.18065099950196,43.044694000016946],[-76.18735200014817,43.0421539999842],[-76.18793499997142,43.042726999658136],[-76.19649100051018,43.04182299992055],[-76.20398900031074,43.04156600003427],[-76.20447399956709,43.0449979999619],[-76.20414900034324,43.04703499972193],[-76.20052399996479,43.047190999898],[-76.20085799973572,43.045583999591635],[-76.19955799978912,43.04442500014556],[-76.199118999715,43.04180400007643],[-76.19223499952726,43.04241599996717],[-76.19484799966867,43.0462660003358],[-76.19424800021608,43.04656600114446],[-76.19323899955069,43.04670899954592],[-76.19238100021556,43.045497000101676],[-76.18422400022736,43.04859699966886],[-76.18337000004718,43.047381000319746],[-76.18164600014268,43.04803099980216],[-76.1798919996623,43.04553999989935]]]}},{"id":"904","type":"Feature","properties":{"GISJOIN":"G36006700029","pct_black":0.0},"geometry":{"type":"Polygon","coordinates":[[[-76.17082400044993,43.04810700029145],[-76.17128299966875,43.042828999674235],[-76.17426299967974,43.042645999679074],[-76.17743699948186,43.04591799993279],[-76.1798919996623,43.04553999989935],[-76.18164600014268,43.04803099980216],[-76.18337000004718,43.047381000319746],[-76.18648200057184,43.05236200001831],[-76.182209000093,43.05211199972772],[-76.17600999960317,43.04820700032185],[-76.17082400044993,43.04810700029145]]]}},{"id":"905","type":"Feature","properties":{"GISJOIN":"G36006700030","pct_black":12.89},"geometry":{"type":"Polygon","coordinates":[[[-76.15392000002845,43.043649999784385],[-76.17128299966875,43.042828999674235],[-76.17082400044993,43.04810700029145],[-76.16782600031013,43.04833199974978],[-76.15766999971414,43.05070399990024],[-76.15679100031846,43.047667000241],[-76.15711900040456,43.04606699989398],[-76.15466800012622,43.044727000081544],[-76.15392000002845,43.043649999784385]]]}},{"id":"906","type":"Feature","properties":{"GISJOIN":"G36006700031","pct_black":8.98},"geometry":{"type":"Polygon","coordinates":[[[-76.15145099958526,43.05354799985038],[-76.1499920001137,43.05275699961314],[-76.1505129999605,43.05236499954393],[-76.14932599935509,43.0509120001545],[-76.14927300006198,43.04702699986624],[-76.14871999968733,43.04701900011537],[-76.148866999835,43.04275100000101],[-76.153878999888,43.04238699975208],[-76.15453199960022,43.044610000119405],[-76.15711900040456,43.04606699989398],[-76.15679100031846,43.047667000241],[-76.15812699962585,43.05222800032636],[-76.15647200030743,43.05440699999927],[-76.15145099958526,43.05354799985038]]]}},{"id":"907","type":"Feature","properties":{"GISJOIN":"G36006700032","pct_black":12.66},"geometry":{"type":"Polygon","coordinates":[[[-76.1499920001137,43.05275699961314],[-76.14443699970286,43.0509709995656],[-76.14277099958429,43.049517999479825],[-76.142548999427,43.04271200010633],[-76.148866999835,43.04275100000101],[-76.14871999968733,43.04701900011537],[-76.14927300006198,43.04702699986624],[-76.14932599935509,43.0509120001545],[-76.15054500063623,43.05247499987096],[-76.1499920001137,43.05275699961314]]]}},{"id":"908","type":"Feature","properties":{"GISJOIN":"G36006700033","pct_black":67.06},"geometry":{"type":"Polygon","coordinates":[[[-76.13436200054853,43.045332999660715],[-76.1377740004735,43.04537200011587],[-76.13774700062464,43.04696899975477],[-76.1424789999232,43.0474119999969],[-76.14260500035695,43.04916700029934],[-76.14359099964523,43.050444999992806],[-76.14787199958224,43.05190100001594],[-76.13419697925184,43.05140858829999],[-76.13436200054853,43.045332999660715]]]}},{"id":"909","type":"Feature","properties":{"GISJOIN":"G36006700034","pct_black":43.07},"geometry":{"type":"Polygon","coordinates":[[[-76.12543700007512,43.04535199991956],[-76.13436200054853,43.045332999660715],[-76.13419697925184,43.05140858829999],[-76.12757999941529,43.05166099985839],[-76.12765000010988,43.049188999634936],[-76.12546599939574,43.049130000200876],[-76.12543700007512,43.04535199991956]]]}},{"id":"910","type":"Feature","properties":{"GISJOIN":"G36006700035","pct_black":40.42},"geometry":{"type":"Polygon","coordinates":[[[-76.11559500018792,43.05477599967498],[-76.1143020003487,43.04176000041274],[-76.12113999978025,43.04179799975968],[-76.12542499980472,43.045301000116645],[-76.12546599939574,43.049130000200876],[-76.12765000010988,43.049188999634936],[-76.12757999941529,43.05166099985839],[-76.11559500018792,43.05477599967498]]]}},{"id":"911","type":"Feature","properties":{"GISJOIN":"G3600670003601","pct_black":30.26},"geometry":{"type":"Polygon","coordinates":[[[-76.10346199982975,43.04625700033988],[-76.11187699992846,43.04490699958976],[-76.1145210000171,43.04524000000319],[-76.11559500018792,43.05477599967498],[-76.10409999973204,43.057664999933614],[-76.10346199982975,43.04625700033988]]]}},{"id":"912","type":"Feature","properties":{"GISJOIN":"G3600670003602","pct_black":15.54},"geometry":{"type":"Polygon","coordinates":[[[-76.08379200051071,43.05829500000896],[-76.08261400031394,43.05478100044973],[-76.08959100038187,43.05479000034849],[-76.0898230001965,43.05125899994663],[-76.09075600017334,43.051074000305896],[-76.09378500051608,43.04786000011219],[-76.10346199982975,43.04625700033988],[-76.10409999973204,43.057664999933614],[-76.09329300008267,43.0594800001071],[-76.08379200051071,43.05829500000896]]]}},{"id":"913","type":"Feature","properties":{"GISJOIN":"G36006700037","pct_black":0.0},"geometry":{"type":"Polygon","coordinates":[[[-76.17743699948186,43.04591799993279],[-76.1739310003516,43.04179499996778],[-76.1746370002691,43.040412000162085],[-76.17395499958748,43.03961399990519],[-76.18276699984992,43.03818699955125],[-76.18683299981987,43.03652900042081],[-76.18922300028973,43.036386000082864],[-76.1890280003044,43.037427000375835],[-76.1880329995063,43.03742799967434],[-76.18968999970137,43.04259600018533],[-76.18793499997142,43.042726999658136],[-76.18735200014817,43.0421539999842],[-76.18065099950196,43.044694000016946],[-76.17977700030461,43.045585000455304],[-76.17743699948186,43.04591799993279]]]}},{"id":"914","type":"Feature","properties":{"GISJOIN":"G36006700038","pct_black":0.32},"geometry":{"type":"Polygon","coordinates":[[[-76.17128299966875,43.042828999674235],[-76.17520999960068,43.03283600039457],[-76.18684599970413,43.032048999553325],[-76.1881199999531,43.03642600013318],[-76.18276699984992,43.03818699955125],[-76.17385999983682,43.03965800011488],[-76.1746370002691,43.040412000162085],[-76.1739310003516,43.04179499996778],[-76.17402299960932,43.04295800019671],[-76.17128299966875,43.042828999674235]]]}},{"id":"915","type":"Feature","properties":{"GISJOIN":"G36006700039","pct_black":13.15},"geometry":{"type":"Polygon","coordinates":[[[-76.1551539997545,43.038472000075934],[-76.15466000039127,43.036379000354735],[-76.1643389998336,43.035444999662126],[-76.16477599993995,43.03321500021714],[-76.17520999960068,43.03283600039457],[-76.17239599956463,43.040011999785406],[-76.161311999379,43.04080300010946],[-76.15918499970432,43.0392600002729],[-76.15818499963021,43.03998000036655],[-76.15605299966549,43.03833299988085],[-76.1551539997545,43.038472000075934]]]}},{"id":"916","type":"Feature","properties":{"GISJOIN":"G36006700040","pct_black":14.46},"geometry":{"type":"Polygon","coordinates":[[[-76.15392000002845,43.043649999784385],[-76.15547100062005,43.04037099968553],[-76.1551539997545,43.038472000075934],[-76.15605299966549,43.03833299988085],[-76.15818499963021,43.03998000036655],[-76.15918499970432,43.0392600002729],[-76.161311999379,43.04080300010946],[-76.17239599956463,43.040011999785406],[-76.17128299966875,43.042828999674235],[-76.15392000002845,43.043649999784385]]]}},{"id":"917","type":"Feature","properties":{"GISJOIN":"G36006700041","pct_black":83.52},"geometry":{"type":"Polygon","coordinates":[[[-76.14849400023886,43.035440000201625],[-76.14945600042098,43.035401999994605],[-76.1495760006313,43.03633099968346],[-76.15066800003031,43.03638399982355],[-76.15382799995146,43.031416000092406],[-76.15477199986515,43.03308400032664],[-76.15466299959857,43.036620999616105],[-76.1554859999968,43.040194000109274],[-76.15417400027677,43.04247400028099],[-76.148866999835,43.04275100000101],[-76.14849400023886,43.035440000201625]]]}},{"id":"918","type":"Feature","properties":{"GISJOIN":"G36006700042","pct_black":67.09},"geometry":{"type":"Polygon","coordinates":[[[-76.1427569995784,43.03570899987084],[-76.14849400023886,43.035440000201625],[-76.148866999835,43.04275100000101],[-76.142548999427,43.04271200010633],[-76.14216200054427,43.03827599985394],[-76.1427569995784,43.03570899987084]]]}},{"id":"919","type":"Feature","properties":{"GISJOIN":"G36006700043","pct_black":7.53},"geometry":{"type":"Polygon","coordinates":[[[-76.1377740004735,43.04537200011587],[-76.12901200004988,43.045291999853085],[-76.12817400010262,43.03634999978264],[-76.12979699964035,43.0362779997719],[-76.12944300029193,43.03238899999896],[-76.13248599969405,43.03370800003918],[-76.14285600042719,43.03332899975041],[-76.14216200054427,43.03827599985394],[-76.1424789999232,43.0474119999969],[-76.13774700062464,43.04696899975477],[-76.1377740004735,43.04537200011587]]]}},{"id":"920","type":"Feature","properties":{"GISJOIN":"G36006700044","pct_black":3.85},"geometry":{"type":"Polygon","coordinates":[[[-76.12543700007512,43.04535199991956],[-76.12290499932264,43.04316000024916],[-76.12418500046456,43.042308000172596],[-76.12284499937459,43.0407660002597],[-76.12211599986894,43.03882499995507],[-76.12458900061509,43.038788999847384],[-76.12454099985922,43.038293999919695],[-76.12332000029613,43.03834900041446],[-76.12255999966219,43.0302060002438],[-76.12922199996359,43.02999900014125],[-76.12979699964035,43.0362779997719],[-76.12817400010262,43.03634999978264],[-76.12901200004988,43.045291999853085],[-76.12543700007512,43.04535199991956]]]}},{"id":"921","type":"Feature","properties":{"GISJOIN":"G36006700045","pct_black":9.07},"geometry":{"type":"Polygon","coordinates":[[[-76.1143020003487,43.04176000041274],[-76.11394599999765,43.03705099974282],[-76.11277399987823,43.03710799955053],[-76.11248499946171,43.03273200018882],[-76.111601999695,43.03275199963728],[-76.1116810005866,43.03072499973903],[-76.12255999966219,43.0302060002438],[-76.12332000029613,43.03834900041446],[-76.12454099985922,43.038293999919695],[-76.12458900061509,43.038788999847384],[-76.12211599986894,43.03882499995507],[-76.12284499937459,43.0407660002597],[-76.12418500046456,43.042308000172596],[-76.12290499932264,43.04316000024916],[-76.12113999978025,43.04179799975968],[-76.11938600004764,43.04196599995723],[-76.11934400057947,43.04150099995167],[-76.1143020003487,43.04176000041274]]]}},{"id":"922","type":"Feature","properties":{"GISJOIN":"G36006700046","pct_black":2.57},"geometry":{"type":"Polygon","coordinates":[[[-76.07408399973677,43.03649700037691],[-76.07743000028455,43.037676999841814],[-76.07817300000241,43.036573000425854],[-76.08215099963712,43.03606599949264],[-76.0836170005569,43.037064000225726],[-76.08360500018432,43.037561999636],[-76.09334500036688,43.03724699990192],[-76.09294799984663,43.03294799989085],[-76.09563699953904,43.03293199952606],[-76.09665699953281,43.0319990000789],[-76.09892899938357,43.03322700000784],[-76.10749400046562,43.032706000453224],[-76.10792199987672,43.03214700004729],[-76.10774599994187,43.02957700022136],[-76.11157900022604,43.02934400000889],[-76.111601999695,43.03275199963728],[-76.11248499946171,43.03273200018882],[-76.11277399987823,43.03710799955053],[-76.11394599999765,43.03705099974282],[-76.1145210000171,43.04524000000319],[-76.11161000005889,43.04493799996332],[-76.09413499989118,43.04771700031506],[-76.09058699984934,43.05121300018856],[-76.0898230001965,43.05125899994663],[-76.09272199955427,43.04825700025456],[-76.08960899993664,43.0481499996952],[-76.08558899961497,43.046638999882454],[-76.08211300001868,43.04444899998169],[-76.0819519996233,43.04149199981881],[-76.07966200001994,43.0398670002198],[-76.07692899987741,43.038861999912854],[-76.07496000033355,43.04154899982002],[-76.07434899929801,43.04144800024899],[-76.07408399973677,43.03649700037691]]]}},{"id":"923","type":"Feature","properties":{"GISJOIN":"G36006700048","pct_black":0.0},"geometry":{"type":"Polygon","coordinates":[[[-76.18301100023153,43.0325579999232],[-76.1824430003461,43.02491599982827],[-76.18296299999403,43.0244499997872],[-76.18525099960905,43.02522799990141],[-76.18530500001708,43.025876999734145],[-76.19391499971769,43.02538500037994],[-76.19456799992375,43.02245999989304],[-76.19993300061893,43.02264199970719],[-76.20115999984604,43.02363499957015],[-76.20314700012315,43.022470999691734],[-76.20357800051745,43.02413500026293],[-76.20331599984522,43.0267390004079],[-76.19962900012236,43.02736699990925],[-76.1995559999981,43.02816399999902],[-76.19674000026957,43.02839300006329],[-76.19654800039092,43.02706600036088],[-76.19544999999337,43.02694799983523],[-76.19535899960242,43.03163999962018],[-76.19268799954448,43.032675999483494],[-76.18793700001719,43.03256100015257],[-76.18953399979554,43.03591300034842],[-76.18922300028973,43.036386000082864],[-76.1881199999531,43.03642600013318],[-76.18684599970413,43.032048999553325],[-76.18301100023153,43.0325579999232]]]}},{"id":"924","type":"Feature","properties":{"GISJOIN":"G36006700049","pct_black":1.06},"geometry":{"type":"Polygon","coordinates":[[[-76.1739210002968,43.01941399996483],[-76.175556999733,43.01950900012201],[-76.1774099999049,43.0187200002511],[-76.18065200042834,43.0221290004618],[-76.1806299997883,43.02379200038702],[-76.18221399997091,43.023666000241796],[-76.18200599942104,43.02415499992655],[-76.18296299999403,43.0244499997872],[-76.1824430003461,43.02491599982827],[-76.18301100023153,43.0325579999232],[-76.17520999960068,43.03283600039457],[-76.17469900008359,43.02336500035228],[-76.1739210002968,43.01941399996483]]]}},{"id":"925","type":"Feature","properties":{"GISJOIN":"G36006700050","pct_black":0.49},"geometry":{"type":"Polygon","coordinates":[[[-76.16409600054921,43.02943100001566],[-76.1648830005423,43.02823099969212],[-76.16566900048217,43.02819400022978],[-76.16447200040749,43.02653900004181],[-76.16514900001418,43.0253710000152],[-76.1647729993722,43.02382300011507],[-76.16572799989387,43.02357000031455],[-76.16544600019824,43.01986500040675],[-76.1739210002968,43.01941399996483],[-76.17469900008359,43.02336500035228],[-76.17520999960068,43.03283600039457],[-76.16477599993995,43.03321500021714],[-76.16409600054921,43.02943100001566]]]}},{"id":"926","type":"Feature","properties":{"GISJOIN":"G36006700051","pct_black":4.2},"geometry":{"type":"Polygon","coordinates":[[[-76.16041200024793,43.02813900017515],[-76.15729199979,43.026994000419755],[-76.15479199964749,43.02443100020977],[-76.15521700000399,43.02185600029881],[-76.1542790004846,43.01932799969254],[-76.15996399956099,43.01898100020832],[-76.16173500047972,43.0197110004682],[-76.16205799978616,43.01930900004403],[-76.16544600019824,43.01986500040675],[-76.16572799989387,43.02357000031455],[-76.1647729993722,43.02382300011507],[-76.16514900001418,43.0253710000152],[-76.16447200040749,43.02653900004181],[-76.16566900048217,43.02819400022978],[-76.1648830005423,43.02823099969212],[-76.16409600054921,43.02943100001566],[-76.16089999994684,43.029670000312144],[-76.1619079993886,43.02804399999171],[-76.16041200024793,43.02813900017515]]]}},{"id":"927","type":"Feature","properties":{"GISJOIN":"G36006700052","pct_black":54.37},"geometry":{"type":"Polygon","coordinates":[[[-76.15477199986515,43.03308400032664],[-76.15283700048569,43.029345999985196],[-76.15807199990728,43.02801300033499],[-76.15829799965677,43.02736600005432],[-76.16041200024793,43.02813900017515],[-76.16176500045086,43.027959999870454],[-76.162018999787,43.028410000075176],[-76.16089999994684,43.029670000312144],[-76.16409600054921,43.02943100001566],[-76.16449599962988,43.030251999488186],[-76.16478700059926,43.03347699963581],[-76.1643389998336,43.035444999662126],[-76.15466000039127,43.036379000354735],[-76.15477199986515,43.03308400032664]]]}},{"id":"928","type":"Feature","properties":{"GISJOIN":"G36006700053","pct_black":57.33},"geometry":{"type":"Polygon","coordinates":[[[-76.14285600042719,43.03332899975041],[-76.14149300027344,43.02967299981681],[-76.1423870003475,43.02967500027795],[-76.14213299976313,43.02833999971478],[-76.14644600047647,43.02799300014995],[-76.14680100054372,43.02874399962678],[-76.15205899987534,43.027396999537594],[-76.15382799995146,43.031416000092406],[-76.15066800003031,43.03638399982355],[-76.1495760006313,43.03633099968346],[-76.14945600042098,43.035401999994605],[-76.1427569995784,43.03570899987084],[-76.14285600042719,43.03332899975041]]]}},{"id":"929","type":"Feature","properties":{"GISJOIN":"G36006700054","pct_black":40.7},"geometry":{"type":"Polygon","coordinates":[[[-76.14149300027344,43.02967299981681],[-76.14017800047758,43.02563999984101],[-76.14054200024738,43.020140999800894],[-76.14306299936737,43.020678000161],[-76.14927799981784,43.02001700032459],[-76.15205899987534,43.027396999537594],[-76.14680100054372,43.02874399962678],[-76.14644600047647,43.02799300014995],[-76.14213299976313,43.02833999971478],[-76.1423870003475,43.02967500027795],[-76.14149300027344,43.02967299981681]]]}},{"id":"930","type":"Feature","properties":{"GISJOIN":"G36006700055","pct_black":6.02},"geometry":{"type":"Polygon","coordinates":[[[-76.12944300029193,43.03238899999896],[-76.12790200056907,43.01563699989425],[-76.12445800021507,43.011394999716956],[-76.12271899986848,43.01014899974095],[-76.12445099974448,43.007835000220894],[-76.13291300041206,43.00948399973604],[-76.13585599962029,43.009142999797184],[-76.13910500000377,43.01433800040539],[-76.14034799958579,43.018204999567764],[-76.14017800047758,43.02563999984101],[-76.14285600042719,43.03332899975041],[-76.13248599969405,43.03370800003918],[-76.12944300029193,43.03238899999896]]]}},{"id":"931","type":"Feature","properties":{"GISJOIN":"G3600670005601","pct_black":0.0},"geometry":{"type":"Polygon","coordinates":[[[-76.1116810005866,43.03072499973903],[-76.11056800013091,43.02095400029598],[-76.11291000041716,43.020765999797014],[-76.11314799951855,43.022331999957956],[-76.12300199958665,43.021775999633775],[-76.12455900036402,43.022125000077395],[-76.1230399996207,43.014326999548665],[-76.12427699978451,43.01402999994171],[-76.12476900036378,43.012983000005526],[-76.12231000039999,43.01072700050718],[-76.12271899986848,43.01014899974095],[-76.12445800021507,43.011394999716956],[-76.12790200056907,43.01563699989425],[-76.12922199996359,43.02999900014125],[-76.1116810005866,43.03072499973903]]]}},{"id":"932","type":"Feature","properties":{"GISJOIN":"G3600670005602","pct_black":2.26},"geometry":{"type":"Polygon","coordinates":[[[-76.11056800013091,43.02095400029598],[-76.11078499969753,43.01445200006524],[-76.1230399996207,43.014326999548665],[-76.12455900036402,43.022125000077395],[-76.12300199958665,43.021775999633775],[-76.11314799951855,43.022331999957956],[-76.11291000041716,43.020765999797014],[-76.11056800013091,43.02095400029598]]]}},{"id":"933","type":"Feature","properties":{"GISJOIN":"G36006700057","pct_black":3.2},"geometry":{"type":"Polygon","coordinates":[[[-76.15701700004193,43.015369000227366],[-76.14995799989902,43.01044000022082],[-76.155454000435,43.01114000007901],[-76.160440000227,43.01068300038996],[-76.16059299937733,43.01196900016677],[-76.16134599973391,43.010865999773536],[-76.16585299940743,43.011096000245054],[-76.16625500032214,43.00990800040961],[-76.16735699959844,43.00971499974816],[-76.1676599993825,43.01163300004417],[-76.17061699996728,43.009748000245764],[-76.17099800055989,43.01659700005162],[-76.17546699980439,43.01755700014608],[-76.17468200021125,43.018120999691426],[-76.17549399979491,43.01951199974695],[-76.16669200048594,43.01992900007645],[-76.16205799978616,43.01930900004403],[-76.16173500047972,43.0197110004682],[-76.15996399956099,43.01898100020832],[-76.1542790004846,43.01932799969254],[-76.15445499983728,43.018237000376054],[-76.15696899992672,43.01678699959033],[-76.15701700004193,43.015369000227366]]]}},{"id":"934","type":"Feature","properties":{"GISJOIN":"G36006700058","pct_black":9.54},"geometry":{"type":"Polygon","coordinates":[[[-76.15283700048569,43.029345999985196],[-76.14828599954245,43.017367999703694],[-76.14788400018261,43.01290899957744],[-76.15353900049055,43.012604000212775],[-76.15698599957072,43.01521599968173],[-76.15696899992672,43.01678699959033],[-76.15410200051373,43.01882699996751],[-76.15521700000399,43.02185600029881],[-76.15479199964749,43.02443100020977],[-76.15729199979,43.026994000419755],[-76.15829799965677,43.02736600005432],[-76.15807199990728,43.02801300033499],[-76.15283700048569,43.029345999985196]]]}},{"id":"935","type":"Feature","properties":{"GISJOIN":"G36006700059","pct_black":11.81},"geometry":{"type":"Polygon","coordinates":[[[-76.14054200024738,43.020140999800894],[-76.13999700025978,43.01667999972464],[-76.13869699945893,43.01353100032552],[-76.13898499995852,43.013927999977426],[-76.13942199953559,43.01345599968686],[-76.14789999952238,43.013069999894725],[-76.14828599954245,43.017367999703694],[-76.14927799981784,43.02001700032459],[-76.14306299936737,43.020678000161],[-76.14054200024738,43.020140999800894]]]}},{"id":"936","type":"Feature","properties":{"GISJOIN":"G36006700060","pct_black":0.86},"geometry":{"type":"Polygon","coordinates":[[[-76.14687899952838,43.00121599973474],[-76.14857099966342,43.001442999577826],[-76.14750999969739,42.99820399957874],[-76.14833399951391,42.99339000011839],[-76.14802499978965,42.98990199962083],[-76.15001100007615,42.98470999955816],[-76.16274700030478,42.98436599981178],[-76.16577700012546,43.00552499959777],[-76.16008000057614,43.00365300017479],[-76.16115600017045,43.01172899969213],[-76.16059299937733,43.01196900016677],[-76.160440000227,43.01068300038996],[-76.155454000435,43.01114000007901],[-76.15065299948752,43.010358999646044],[-76.14995799989902,43.01044000022082],[-76.15353900049055,43.012604000212775],[-76.14788400018261,43.01290899957744],[-76.14687899952838,43.00121599973474]]]}},{"id":"937","type":"Feature","properties":{"GISJOIN":"G3600670006101","pct_black":0.61},"geometry":{"type":"Polygon","coordinates":[[[-76.13898499995852,43.013927999977426],[-76.13499599976525,43.007429000368965],[-76.13501099948462,43.00225299967337],[-76.13857399968103,43.00031500033685],[-76.14687899952838,43.00121599973474],[-76.14789999952238,43.013069999894725],[-76.13942199953559,43.01345599968686],[-76.13898499995852,43.013927999977426]]]}},{"id":"938","type":"Feature","properties":{"GISJOIN":"G3600670006102","pct_black":2.33},"geometry":{"type":"Polygon","coordinates":[[[-76.12445099974448,43.007835000220894],[-76.1267339999309,43.004197000337676],[-76.12512799956079,42.987968999999005],[-76.13380400047238,42.98762299987775],[-76.13531799977719,42.99835700002384],[-76.13469400018883,43.006027000483705],[-76.13585599962029,43.009142999797184],[-76.13291300041206,43.00948399973604],[-76.12445099974448,43.007835000220894]]]}},{"id":"939","type":"Feature","properties":{"GISJOIN":"G3600670006103","pct_black":0.12},"geometry":{"type":"Polygon","coordinates":[[[-76.13380400047238,42.98762299987775],[-76.13533099998837,42.98756400014138],[-76.135243999511,42.98466600016109],[-76.14209699947627,42.9845950000396],[-76.14224700042857,42.98510499991354],[-76.14359000027834,42.985139000217835],[-76.15001100007615,42.98470999955816],[-76.14802499978965,42.98990199962083],[-76.14833399951391,42.99339000011839],[-76.14750999969739,42.99820399957874],[-76.14857099966342,43.001442999577826],[-76.13869800049586,43.000305000366204],[-76.13501099948462,43.00225299967337],[-76.13529900048795,42.9980989996854],[-76.13380400047238,42.98762299987775]]]}},{"id":"940","type":"Feature","properties":{"GISJOIN":"G36006700101","pct_black":0.0},"geometry":{"type":"Polygon","coordinates":[[[-75.99339400021994,43.18337599991898],[-75.99143700057502,43.183250000007774],[-75.99076600009721,43.18091699984858],[-75.9896090001245,43.179224999845204],[-75.99235500047385,43.17522100017208],[-75.99263499962929,43.173849000201265],[-75.99002800046418,43.17152700010865],[-75.98938300061012,43.171471999733704],[-75.98844699969051,43.172616000071216],[-75.98603200004204,43.17155399982042],[-75.98308399978401,43.17370599973312],[-75.98150999961226,43.17277899979025],[-75.97947799977818,43.17069799991921],[-75.98100799990154,43.167704000271435],[-75.97809900035413,43.16760599976144],[-75.97913099985199,43.166262000313964],[-75.97866099964611,43.16509499985815],[-75.97438000021872,43.16317499961333],[-75.97462900015891,43.16191700028108],[-75.97743900011311,43.159400000451605],[-75.97706800058403,43.157645999767624],[-75.9715109999601,43.15492600021146],[-75.97359000036838,43.15451699965277],[-75.97449300043353,43.15498500044404],[-75.98153500043124,43.158767000074405],[-75.985900999579,43.16225999977141],[-75.99475199975895,43.16783899966407],[-76.00354999988522,43.17187100014537],[-76.01319899973335,43.17292199958146],[-76.02851000035888,43.17883499996082],[-76.03245399992842,43.17922499959699],[-76.06950300047464,43.17767600007707],[-76.0707969996464,43.1957050002508],[-76.07143100021975,43.19562200009485],[-76.07169499973998,43.19984799991046],[-76.06237099947442,43.200657999832245],[-76.06018500036475,43.20058900016442],[-76.05870000019802,43.199769999876246],[-76.05790499994234,43.2007240000623],[-76.05753300060248,43.20068499963662],[-76.05802799975301,43.20003400006736],[-76.05538599935993,43.199168000302826],[-76.05534099984749,43.20009899976956],[-76.05439500021157,43.19988700026267],[-76.05348000030874,43.200477999647866],[-76.05341399958616,43.20142599999519],[-76.0519910004041,43.20073699970074],[-76.05209700014484,43.20156199960719],[-76.05341400033768,43.20182600050558],[-76.05261899977383,43.20285700025713],[-76.05005500046879,43.20296600032227],[-76.04613100048049,43.2021609998712],[-76.0349540001792,43.19550200040226],[-76.03422999939917,43.194774000225095],[-76.03425599978303,43.19364799965989],[-76.03203099999358,43.190919000361816],[-76.03043299999337,43.19051399994385],[-76.0285440000697,43.19094500021233],[-76.02365299953667,43.189946999667455],[-76.0172970000228,43.188113999871035],[-76.01181700056789,43.18557999985809],[-76.00851199961664,43.182601999938264],[-76.0090769995922,43.18223099960429],[-76.0076459995413,43.18046699964443],[-76.00521499983583,43.17935200013116],[-76.00278699955565,43.17946899997645],[-76.00257299976018,43.17883800040723],[-76.00434299981397,43.17809500000639],[-76.00256700009021,43.178486000238095],[-76.00363299947284,43.17729500001196],[-76.00574399946639,43.17777399998812],[-76.00394099933958,43.17675700012249],[-76.00302299989052,43.17686399964931],[-76.00228500051112,43.17813899968672],[-76.00258600019029,43.17959600013259],[-75.99941799985005,43.180238999583516],[-75.99537900040599,43.182586000353695],[-75.99421699961302,43.18218000008803],[-75.99339400021994,43.18337599991898]]]}},{"id":"941","type":"Feature","properties":{"GISJOIN":"G36006700102","pct_black":0.0},"geometry":{"type":"Polygon","coordinates":[[[-76.13014799993404,43.23455499967944],[-76.12938100048584,43.23497399997421],[-76.12572399959895,43.233792999976686],[-76.12149599965018,43.23454799949329],[-76.11596699951811,43.23356100033364],[-76.1157450003784,43.23294800004639],[-76.11431099960122,43.23253599982819],[-76.11370000002557,43.23147099982087],[-76.10980499969173,43.22952300031664],[-76.10827400007803,43.22778199998989],[-76.10696800049341,43.22747600019957],[-76.1066630003912,43.22680199975346],[-76.10743299966782,43.22564700031976],[-76.10637999952675,43.224311999726545],[-76.10265300057094,43.22368600014403],[-76.09925400017893,43.224937000053416],[-76.0957500001168,43.22365999995037],[-76.09523599985366,43.22286700038332],[-76.08751700034452,43.21919700003336],[-76.08642500045183,43.21780099998795],[-76.08499200043323,43.21778100000448],[-76.08451400012031,43.21676900001412],[-76.0831339999452,43.21695000013262],[-76.08030299946401,43.215807999869455],[-76.07998400065722,43.21805199983689],[-76.07906399964097,43.218593000167814],[-76.0797810001539,43.216627000467604],[-76.07873699976997,43.215461000362026],[-76.07571200046802,43.214970000511954],[-76.07495099979764,43.215820999871234],[-76.0741549999464,43.21573099979145],[-76.07427900006417,43.215260000177935],[-76.07340299929356,43.21473200034679],[-76.07188700016911,43.214719000430904],[-76.07134899991797,43.21413299981398],[-76.06936100025848,43.21466699971476],[-76.0690609996626,43.213970999753634],[-76.06945900015302,43.21348100021041],[-76.06807100025745,43.21255800020946],[-76.07176200003614,43.21359400022935],[-76.07682499947414,43.2141450003447],[-76.07778099954274,43.21348799998197],[-76.07805500041343,43.21395800046752],[-76.07977899994387,43.213559000291085],[-76.08126600030144,43.214319000225075],[-76.08396200004206,43.21408699960775],[-76.0853239996955,43.212674999677525],[-76.08489899970523,43.21108299993219],[-76.08022999963758,43.209969999951646],[-76.07967299978026,43.20913199976054],[-76.07840000022048,43.209364000488364],[-76.07689700055006,43.20844900007941],[-76.07692300026594,43.20798499977763],[-76.07776300009421,43.20782400008692],[-76.0781079995581,43.20808199994703],[-76.0771179996148,43.208300999960535],[-76.07871799938847,43.20919000036078],[-76.07951400036008,43.2088869999168],[-76.07827400011516,43.208221000064945],[-76.08075999959627,43.20861600028954],[-76.08204199994432,43.2078359998671],[-76.08273100048555,43.20496199969641],[-76.08180300007973,43.202173999682564],[-76.07867199962108,43.19940999998417],[-76.07438399980003,43.199204000110484],[-76.07169499973998,43.19984799991046],[-76.07143100021975,43.19562200009485],[-76.07452500038553,43.19410799961781],[-76.08259899971388,43.19667500030743],[-76.08835300014519,43.19632400005152],[-76.09509099975595,43.19749100032746],[-76.1103419994335,43.19309300008396],[-76.12542500063364,43.19238199980641],[-76.12405699976188,43.18957699954142],[-76.12297699995943,43.1851780003651],[-76.137445999863,43.185167999781605],[-76.13894500044793,43.20256899997974],[-76.14304500060459,43.202668999643606],[-76.14364500020346,43.216730999699976],[-76.15564099945013,43.216369999861435],[-76.15764700038187,43.24326800011176],[-76.1485259999561,43.23963599956686],[-76.13983800013882,43.24035599987212],[-76.1381419994777,43.23963699964086],[-76.13729800036053,43.23828400023828],[-76.13624000000482,43.23832799982885],[-76.13457799932951,43.23648100028036],[-76.13188099958481,43.23589399975372],[-76.13139199965741,43.23501499999342],[-76.13014799993404,43.23455499967944]]]}},{"id":"942","type":"Feature","properties":{"GISJOIN":"G36006700103","pct_black":0.0},"geometry":{"type":"Polygon","coordinates":[[[-76.06950300047464,43.17767600007707],[-76.07938099976154,43.177225000370015],[-76.09279000042258,43.165204000449044],[-76.09200999970358,43.152522999585116],[-76.09399100056754,43.15167500008334],[-76.10366200047963,43.153872999894425],[-76.12300399963158,43.152793999640544],[-76.12308200015428,43.15187400029975],[-76.12447400040861,43.152186999697626],[-76.12567699929464,43.14954200028121],[-76.12936899968655,43.14937099994965],[-76.1298139994277,43.14892500018308],[-76.1320790004046,43.17418399986768],[-76.13226499957322,43.17495500016229],[-76.13562199985618,43.17492700024864],[-76.137445999863,43.185167999781605],[-76.12297699995943,43.1851780003651],[-76.12405699976188,43.18957699954142],[-76.12542500063364,43.19238199980641],[-76.1103419994335,43.19309300008396],[-76.09509099975595,43.19749100032746],[-76.08835300014519,43.19632400005152],[-76.08259899971388,43.19667500030743],[-76.07452500038553,43.19410799961781],[-76.07084600064442,43.19590499971882],[-76.06950300047464,43.17767600007707]]]}},{"id":"943","type":"Feature","properties":{"GISJOIN":"G36006700104","pct_black":0.0},"geometry":{"type":"Polygon","coordinates":[[[-75.9715109999601,43.15492600021146],[-75.97127599962471,43.15398499963528],[-75.97337399952428,43.148996000366004],[-75.9727020003488,43.14547299974067],[-75.97178300057479,43.14384699986609],[-75.97726700039978,43.14047000035253],[-75.97747100048784,43.13955399970782],[-75.97677999996101,43.13790499960103],[-75.97718300049917,43.13608799969939],[-75.97592399987867,43.1360280000391],[-75.97383699992197,43.137341999973536],[-75.97529900017874,43.139120000199654],[-75.9723469998219,43.14047599992224],[-75.97047199949822,43.1393410002585],[-75.96943300038595,43.13706700041369],[-75.96751999992524,43.13494700026878],[-75.96635200015038,43.13467799976007],[-75.96449500031626,43.1351680002491],[-75.96381400046606,43.13363199993984],[-75.96190200029014,43.13408199972539],[-75.9601090003674,43.13277300045437],[-75.9585920006066,43.13378599970154],[-75.9574049995678,43.13367199985441],[-75.95821500019183,43.135229999796906],[-75.95757999978044,43.136290000148705],[-75.95593299959259,43.1357459999174],[-75.95501500014812,43.13392699974003],[-75.95446499958973,43.134977000201204],[-75.95340499963346,43.13545899962794],[-75.9500939993905,43.13498100015828],[-75.95020400045672,43.134194999743855],[-75.95253200015044,43.13381300038924],[-75.9533040003689,43.13318799974796],[-75.9527890002681,43.1327319997683],[-75.95071899969089,43.13278599963946],[-75.9501859993978,43.13239600034239],[-75.9503420004744,43.13176500048152],[-75.95242100008015,43.13070500044107],[-75.95459200049642,43.12798599998735],[-75.95642300046096,43.1268849999181],[-75.9586769993587,43.1283280002906],[-75.95900800012694,43.126904999589215],[-75.958627999682,43.12539600021142],[-75.96048299972848,43.123612999513284],[-75.96015600055934,43.122968999966645],[-75.95833900018403,43.12372800024135],[-75.95700999984327,43.121973000280505],[-75.95747899968535,43.12095899974955],[-75.95932000041117,43.11959700034882],[-75.9560010002133,43.120153999881445],[-75.95594999981654,43.119514999942744],[-75.95741599957525,43.11819400017256],[-75.9573040001492,43.11737700003072],[-75.9558429997626,43.118313999986086],[-75.95450099999407,43.117311000381534],[-75.95463599947114,43.116629999862276],[-75.95599499988495,43.116229999620344],[-75.95602300000255,43.11514799976706],[-75.96064600027489,43.115535999932675],[-75.96163900035857,43.11689899962501],[-75.96351699959708,43.11756300006104],[-75.9635749997193,43.119442999504116],[-75.96469499998747,43.11981099986481],[-76.01192100047376,43.117469999932574],[-76.01255000050192,43.12304699999862],[-76.08144291528976,43.12094531603321],[-76.0819222388965,43.126203229573235],[-76.0864389999364,43.12546099972032],[-76.08687500010171,43.1265609999297],[-76.08993300042837,43.12574200042547],[-76.09279000042258,43.165204000449044],[-76.07938099976154,43.177225000370015],[-76.03245399992842,43.17922499959699],[-76.02888299952053,43.17891900016027],[-76.01319899973335,43.17292199958146],[-76.00354999988522,43.17187100014537],[-75.99475199975895,43.16783899966407],[-75.985900999579,43.16225999977141],[-75.98153500043124,43.158767000074405],[-75.97449300043353,43.15498500044404],[-75.97359000036838,43.15451699965277],[-75.9715109999601,43.15492600021146]]]}},{"id":"944","type":"Feature","properties":{"GISJOIN":"G36006700105","pct_black":0.0},"geometry":{"type":"Polygon","coordinates":[[[-76.0907779995321,43.13774300007904],[-76.09261299985835,43.1379179997053],[-76.09841699995049,43.13505399983961],[-76.11273299966285,43.134873000321846],[-76.1118209998619,43.13575699966064],[-76.11152600000871,43.139777999879854],[-76.11175099970782,43.140375000213325],[-76.11481599950832,43.14044799959417],[-76.11485900056489,43.14382099975552],[-76.12121300047254,43.14339700010565],[-76.12095699999534,43.14489200011798],[-76.12957599972017,43.14489099986896],[-76.13015300023945,43.14793100020455],[-76.12936899968655,43.14937099994965],[-76.12567699929464,43.14954200028121],[-76.12447400040861,43.152186999697626],[-76.12308200015428,43.15187400029975],[-76.12300399963158,43.152793999640544],[-76.10366200047963,43.153872999894425],[-76.09399100056754,43.15167500008334],[-76.09200999970358,43.152522999585116],[-76.0907779995321,43.13774300007904]]]}},{"id":"945","type":"Feature","properties":{"GISJOIN":"G36006700106","pct_black":3.08},"geometry":{"type":"Polygon","coordinates":[[[-76.0907779995321,43.13774300007904],[-76.08993300042837,43.12574200042547],[-76.08687500010171,43.1265609999297],[-76.0864389999364,43.12546099972032],[-76.0819222388965,43.126203229573235],[-76.08144291528976,43.12094531603321],[-76.12764500040548,43.11916700011584],[-76.1278690005111,43.123991000085006],[-76.12324099977901,43.125685000326364],[-76.11988100012331,43.12617699997844],[-76.11979999985068,43.13296499964716],[-76.1144019995903,43.13328600010141],[-76.11273299966285,43.134873000321846],[-76.09841699995049,43.13505399983961],[-76.09261299985835,43.1379179997053],[-76.0907779995321,43.13774300007904]]]}},{"id":"946","type":"Feature","properties":{"GISJOIN":"G36006700107","pct_black":0.0},"geometry":{"type":"Polygon","coordinates":[[[-76.1118209998619,43.13575699966064],[-76.1144019995903,43.13328600010141],[-76.11979999985068,43.13296499964716],[-76.11988100012331,43.12617699997844],[-76.12324099977901,43.125685000326364],[-76.1278690005111,43.123991000085006],[-76.12957599972017,43.14489099986896],[-76.12095699999534,43.14489200011798],[-76.12121300047254,43.14339700010565],[-76.11485900056489,43.14382099975552],[-76.11481599950832,43.14044799959417],[-76.11175099970782,43.140375000213325],[-76.11152600000871,43.139777999879854],[-76.1118209998619,43.13575699966064]]]}},{"id":"947","type":"Feature","properties":{"GISJOIN":"G36006700108","pct_black":0.79},"geometry":{"type":"Polygon","coordinates":[[[-76.12924500021829,43.1419669997536],[-76.1278429999871,43.123359999768375],[-76.1283630004895,43.12331100038329],[-76.1421390004834,43.122335999849085],[-76.14191599992436,43.12270200023902],[-76.14322099940627,43.12264100027735],[-76.14374600002796,43.128567000325795],[-76.14787999938638,43.12843400023151],[-76.14813600023365,43.12904899965811],[-76.14837699948464,43.13210000025817],[-76.14631399969318,43.13237100032224],[-76.14660200003776,43.13555600038605],[-76.14824500061533,43.13549299986315],[-76.14874099982693,43.13870899981641],[-76.14236600004017,43.13912800035464],[-76.1424550002656,43.14053100044002],[-76.1364080004272,43.140379000355274],[-76.13646099943338,43.14117100012597],[-76.12924500021829,43.1419669997536]]]}},{"id":"948","type":"Feature","properties":{"GISJOIN":"G36006700109","pct_black":0.0},"geometry":{"type":"Polygon","coordinates":[[[-76.1278429999871,43.123359999768375],[-76.12764500040548,43.11916700011584],[-76.14409899958709,43.118473000335996],[-76.14908999953913,43.11741700006178],[-76.15041299955776,43.1181689995362],[-76.15910400047578,43.11746600029682],[-76.1595389993149,43.12189700023156],[-76.15594100070471,43.122066999709126],[-76.15659300015257,43.13010100014732],[-76.15594200025627,43.133997000064646],[-76.14846199930537,43.13435000026862],[-76.14660200003776,43.13555600038605],[-76.14631399969318,43.13237100032224],[-76.14837699948464,43.13210000025817],[-76.14813600023365,43.12904899965811],[-76.14787999938638,43.12843400023151],[-76.14374600002796,43.128567000325795],[-76.14322099940627,43.12264100027735],[-76.14191599992436,43.12270200023902],[-76.1421390004834,43.122335999849085],[-76.1278429999871,43.123359999768375]]]}},{"id":"949","type":"Feature","properties":{"GISJOIN":"G36006700110","pct_black":0.25},"geometry":{"type":"Polygon","coordinates":[[[-76.13019899986911,43.1528029995419],[-76.13015300023945,43.14793100020455],[-76.12924500021829,43.1419669997536],[-76.13646099943338,43.14117100012597],[-76.1364080004272,43.140379000355274],[-76.1424550002656,43.14053100044002],[-76.14236600004017,43.13912800035464],[-76.14874099982693,43.13870899981641],[-76.14824500061533,43.13549299986315],[-76.1466720004176,43.135526000168504],[-76.14809599978864,43.134524999739334],[-76.15594200025627,43.133997000064646],[-76.15659300015257,43.13010100014732],[-76.15594100070471,43.122066999709126],[-76.1595389993149,43.12189700023156],[-76.15910400047578,43.11746600029682],[-76.18529999997973,43.116254000245775],[-76.18825799949852,43.15117900025206],[-76.18905399949637,43.15261199994845],[-76.18397200067133,43.16303799967272],[-76.18250999954682,43.16250599955917],[-76.18086499975881,43.16063500006614],[-76.17886499996648,43.16061400025497],[-76.17782100042393,43.15957599971707],[-76.1755189995191,43.1600050002868],[-76.17043100055858,43.15849599971105],[-76.16515199946964,43.157739999932986],[-76.16303299979623,43.156043999751006],[-76.1589200001287,43.15529799959604],[-76.15631800024167,43.15303199980296],[-76.14978199997927,43.15135500045293],[-76.14762400051524,43.15164000020138],[-76.14673000033952,43.150340000191214],[-76.14191199960538,43.150166999495674],[-76.14051799975053,43.15076100016681],[-76.1319160004493,43.15094600005931],[-76.13019899986911,43.1528029995419]]]}},{"id":"950","type":"Feature","properties":{"GISJOIN":"G36006700111","pct_black":1.2},"geometry":{"type":"Polygon","coordinates":[[[-76.18807999977625,43.1491390001895],[-76.18529999997973,43.116254000245775],[-76.19638499949234,43.11512900010856],[-76.20497199987747,43.115365999730045],[-76.20724199949156,43.117499999972125],[-76.23296100005706,43.13568499984829],[-76.23399099957435,43.1358099996766],[-76.2377280004752,43.13835800027323],[-76.23893800045963,43.14334299999533],[-76.23664900057155,43.14736699963313],[-76.23692599953354,43.14958100028319],[-76.19469699979662,43.15114400032419],[-76.18807999977625,43.1491390001895]]]}},{"id":"951","type":"Feature","properties":{"GISJOIN":"G36006700112","pct_black":0.0},"geometry":{"type":"Polygon","coordinates":[[[-76.13562199985618,43.17492700024864],[-76.13226499957322,43.17495500016229],[-76.1320790004046,43.17418399986768],[-76.13019899986911,43.1528029995419],[-76.13184100060748,43.15096599989024],[-76.14051799975053,43.15076100016681],[-76.14191199960538,43.150166999495674],[-76.14685199964053,43.150366999525396],[-76.14762400051524,43.15164000020138],[-76.14978199997927,43.15135500045293],[-76.15631800024167,43.15303199980296],[-76.1589200001287,43.15529799959604],[-76.16303299979623,43.156043999751006],[-76.16515199946964,43.157739999932986],[-76.17043100055858,43.15849599971105],[-76.1755189995191,43.1600050002868],[-76.17782100042393,43.15957599971707],[-76.17886499996648,43.16061400025497],[-76.18086499975881,43.16063500006614],[-76.18250999954682,43.16250599955917],[-76.18397200067133,43.16303799967272],[-76.18905399949637,43.15261199994845],[-76.1883229997605,43.15148499951116],[-76.18807999977625,43.1491390001895],[-76.19469699979662,43.15114400032419],[-76.23692599953354,43.14958100028319],[-76.23814899954625,43.15166700026504],[-76.24495000004482,43.15916700035825],[-76.24685000022008,43.16056700026912],[-76.25175000053524,43.16266700020137],[-76.25614999936764,43.163367000279955],[-76.26484899981065,43.16726599994094],[-76.2681499998552,43.169565000060246],[-76.26922900041633,43.17236899992892],[-76.27044900060024,43.17336399977084],[-76.27655500045338,43.17590600035273],[-76.24410399949372,43.18515499999961],[-76.22089200049162,43.18590899992888],[-76.21760499981572,43.1864160002056],[-76.19218299974284,43.186899999856614],[-76.16781100045586,43.18531799981271],[-76.16232800006964,43.18577100042002],[-76.15970800010132,43.18485299988942],[-76.14535300015032,43.177076000475886],[-76.13562199985618,43.17492700024864]]]}},{"id":"952","type":"Feature","properties":{"GISJOIN":"G36006700113","pct_black":0.0},"geometry":{"type":"Polygon","coordinates":[[[-76.15764700038187,43.24326800011176],[-76.15564099945013,43.216369999861435],[-76.14364500020346,43.216730999699976],[-76.14304500060459,43.202668999643606],[-76.13894500044793,43.20256899997974],[-76.137445999863,43.185167999781605],[-76.13562199985618,43.17492700024864],[-76.14535300015032,43.177076000475886],[-76.15970800010132,43.18485299988942],[-76.16232800006964,43.18577100042002],[-76.16781100045586,43.18531799981271],[-76.19218299974284,43.186899999856614],[-76.21760499981572,43.1864160002056],[-76.22089200049162,43.18590899992888],[-76.24410399949372,43.18515499999961],[-76.27655500045338,43.17590600035273],[-76.27824900050805,43.17786299986661],[-76.27715000049726,43.1814650003634],[-76.27895100022928,43.18586699971949],[-76.27645099952741,43.18916700002262],[-76.27935099981693,43.19306700020553],[-76.28255100011262,43.195367000298646],[-76.28295099961251,43.19656700025373],[-76.28102699934223,43.201091000253626],[-76.27615100019638,43.20176800000884],[-76.27135099998029,43.20396799968957],[-76.26975099971764,43.205567999748],[-76.26815099982855,43.20946799972075],[-76.2644509996222,43.213467999779844],[-76.26435099984405,43.21496800007197],[-76.2620509996927,43.218467999631905],[-76.26295100010748,43.22086799995194],[-76.2621509998525,43.22356800028466],[-76.26285099949787,43.2251679997784],[-76.2635509999446,43.22616799985284],[-76.26685099983438,43.22746799977662],[-76.26775100046504,43.2327680004156],[-76.27215099979576,43.234868000222285],[-76.27555100020383,43.23876800029955],[-76.27405100038594,43.24016800011274],[-76.27005100026227,43.23936800012217],[-76.26755100021941,43.239667999917565],[-76.26375099953674,43.236367999787994],[-76.25805099971467,43.237367999591115],[-76.25744999978866,43.2368680001749],[-76.2577500001015,43.234067999716004],[-76.25285000034536,43.22776800040536],[-76.25000100036169,43.225190999653385],[-76.24465000025923,43.21456799983955],[-76.24015000046452,43.21416799981321],[-76.23384900000848,43.212368000427176],[-76.2300490004602,43.207867999978745],[-76.22444899985764,43.204967999991474],[-76.21787300050687,43.204772000049914],[-76.21491300044077,43.20541199977776],[-76.21234899977044,43.20726799989465],[-76.21014900005363,43.20696800015921],[-76.20833600039359,43.2080359996448],[-76.21064900054104,43.21056800024362],[-76.20972900025721,43.21306000018228],[-76.2061759996787,43.216612000024924],[-76.19874799998959,43.212568000205614],[-76.19424800017624,43.21706800034219],[-76.202547999764,43.222267999620556],[-76.2047199998352,43.228980000082004],[-76.20483200049695,43.23206799986095],[-76.20393600032939,43.234756000271425],[-76.20500800027612,43.23741200046896],[-76.20665599987325,43.2382279996039],[-76.21201700004173,43.238963999775926],[-76.21339299990827,43.24002000033793],[-76.21060900063137,43.244003999685475],[-76.21206499943634,43.25055600031662],[-76.2119500002816,43.25360000018077],[-76.21298100002839,43.256092000262726],[-76.21275700032525,43.25740900010896],[-76.20895699985917,43.262917000244364],[-76.20959800029986,43.26527099964292],[-76.21189999996746,43.26713200028485],[-76.21065799992974,43.26860099985611],[-76.20501300042937,43.271115999737226],[-76.2029439998627,43.271605000313876],[-76.20159899966255,43.27120100038115],[-76.19406800005491,43.26606600004156],[-76.1894300003823,43.261671999818276],[-76.18527799955072,43.258674000360465],[-76.18210400006119,43.25762100030302],[-76.17962599986215,43.25359299984337],[-76.17353300040692,43.25099999983854],[-76.16904700010001,43.24666800026325],[-76.16134699942563,43.24356800036836],[-76.15764700038187,43.24326800011176]]]}},{"id":"953","type":"Feature","properties":{"GISJOIN":"G36006700114","pct_black":0.73},"geometry":{"type":"Polygon","coordinates":[[[-76.28952400016074,43.21902799980154],[-76.28768399941934,43.2161800002973],[-76.28757199998876,43.21165200045412],[-76.28291500000259,43.20675600010419],[-76.28105000018158,43.20117000047307],[-76.28295099961251,43.19656700025373],[-76.28255100011262,43.195367000298646],[-76.27935099981693,43.19306700020553],[-76.27645099952741,43.18916700002262],[-76.27895100022928,43.18586699971949],[-76.27715000049726,43.1814650003634],[-76.27824900050805,43.17786299986661],[-76.27655500045338,43.17590600035273],[-76.2803680004634,43.17474699999328],[-76.28484200023655,43.17245900012081],[-76.31320899988405,43.16460699998185],[-76.31798099998562,43.162660999715655],[-76.31802399944989,43.1659140001485],[-76.32661000004559,43.16562100006139],[-76.32712799962856,43.16683800008025],[-76.32831199974498,43.166648999964266],[-76.32972800000029,43.17140800031939],[-76.33444701157306,43.176912835436134],[-76.33920839959498,43.177509841111856],[-76.34360299987952,43.17737900042591],[-76.34361900003381,43.17403999973887],[-76.34656199952553,43.17276799970334],[-76.34596699999986,43.17188000011396],[-76.3467229997769,43.17180499993417],[-76.34686799989946,43.171213999636215],[-76.34898500041056,43.17126700035432],[-76.34926199989916,43.17012600030624],[-76.34797000049025,43.17002199963489],[-76.3476420003721,43.165275000323454],[-76.34653799965845,43.165746999504805],[-76.34578799974214,43.16533699996823],[-76.34602299949927,43.16419799960904],[-76.34279999965469,43.16371499969665],[-76.34259899968998,43.16196099954814],[-76.34535399996612,43.160867000187245],[-76.35400399975396,43.16253099978112],[-76.35804699954312,43.162593999736416],[-76.3680959996966,43.1611370000468],[-76.37135200030771,43.16024200013771],[-76.37287199940154,43.158886999921904],[-76.37388500066223,43.156616999747435],[-76.37515699980777,43.15563399958226],[-76.37774900004817,43.15613899958562],[-76.38059600044724,43.15830400019527],[-76.38733000049827,43.159658999733104],[-76.39212400016571,43.16317500024132],[-76.40180199994093,43.161648999694556],[-76.40405499984884,43.16249299967668],[-76.40591900001766,43.16514099994045],[-76.40731400028108,43.16559099994444],[-76.40976100012452,43.16522500000411],[-76.41145900050127,43.164023000222016],[-76.41484899952138,43.15940099987696],[-76.42110900051117,43.15689500015457],[-76.42778999998285,43.152415000172816],[-76.43083700013207,43.14709999993007],[-76.43164900069094,43.14369899976853],[-76.43545099951511,43.14192100028365],[-76.43628100006191,43.140792000053715],[-76.43613599987033,43.13658599978551],[-76.43838799972836,43.13396399955423],[-76.43869100029507,43.132722999887875],[-76.4366520006152,43.12414099982044],[-76.43843199942408,43.119868999810436],[-76.43889700026445,43.116939000326255],[-76.43752799998707,43.11493200018824],[-76.4319569994795,43.110899000038145],[-76.42393399945125,43.10317299992939],[-76.42294599952334,43.101354000146785],[-76.42341200006317,43.0986469998662],[-76.42443300063339,43.09783799982919],[-76.43113699991949,43.0962020003921],[-76.4359299996369,43.09659599995471],[-76.44453799977182,43.10325899976204],[-76.45092799962056,43.106318000323725],[-76.45774799997997,43.11165200034168],[-76.4718730005711,43.10705899975142],[-76.47278500045415,43.11464699975806],[-76.47612499992562,43.125065999876824],[-76.47864000032415,43.13123100027426],[-76.48346200009449,43.13780900028393],[-76.48617099978637,43.142207999589935],[-76.48630299969773,43.143222999716286],[-76.48457399950603,43.14461399976118],[-76.48122699945739,43.145885999869584],[-76.47306599951794,43.14601700006253],[-76.47922399959441,43.22751899985072],[-76.34463200054932,43.23266999987585],[-76.34458199990488,43.23152500039886],[-76.32421300060757,43.23230799964038],[-76.32149299979805,43.230499999819045],[-76.31734900005785,43.22953999958598],[-76.30886900032704,43.23088400049883],[-76.30643700046161,43.230451000172735],[-76.30147599990785,43.22758799952871],[-76.29787600014309,43.22378000013553],[-76.28952400016074,43.21902799980154]]]}},{"id":"954","type":"Feature","properties":{"GISJOIN":"G36006700115","pct_black":0.0},"geometry":{"type":"Polygon","coordinates":[[[-76.23692599953354,43.14958100028319],[-76.23664900057155,43.14736699963313],[-76.23893800045963,43.14334299999533],[-76.2377280004752,43.13835800027323],[-76.23858699940475,43.13656400023023],[-76.2460770005699,43.130936999713406],[-76.24785600049341,43.13036700013871],[-76.25154999958487,43.1306670001702],[-76.25348100019306,43.130238000315366],[-76.25434999977149,43.127766999556286],[-76.2532499999088,43.12586700020396],[-76.25125000014597,43.124167000290655],[-76.25154999958056,43.12236700033667],[-76.2539499997468,43.12086699954059],[-76.2574499992967,43.12076700033189],[-76.26082800012524,43.12359599979075],[-76.2618579993716,43.12384300034524],[-76.26544999958914,43.12316699978546],[-76.26975099944067,43.124766999848134],[-76.27235100032037,43.12506700029988],[-76.27645100058184,43.12376699974861],[-76.27875499990638,43.124195000034604],[-76.29085100046147,43.13186700036264],[-76.29365199953382,43.13456699961395],[-76.29575300048788,43.13796700039913],[-76.30395700015701,43.14196499989334],[-76.30795700048886,43.14116500018682],[-76.31015600034486,43.14166600002287],[-76.31575300012744,43.14846700045875],[-76.32046100000224,43.14875299966043],[-76.32290599992704,43.14977800004897],[-76.31798299981966,43.15333800038023],[-76.31735100009168,43.156202999635425],[-76.31935799979928,43.15649200037564],[-76.31905900032187,43.1577479996291],[-76.32018599985851,43.15925500033826],[-76.31854400043946,43.15994900005353],[-76.31910100025719,43.162204000487634],[-76.31320899988405,43.16460699998185],[-76.28484200023655,43.17245900012081],[-76.2803680004634,43.17474699999328],[-76.27655500045338,43.17590600035273],[-76.27044900060024,43.17336399977084],[-76.26922900041633,43.17236899992892],[-76.2681499998552,43.169565000060246],[-76.26484899981065,43.16726599994094],[-76.25614999936764,43.163367000279955],[-76.25175000053524,43.16266700020137],[-76.24685000022008,43.16056700026912],[-76.24495000004482,43.15916700035825],[-76.23814899954625,43.15166700026504],[-76.23692599953354,43.14958100028319]]]}},{"id":"955","type":"Feature","properties":{"GISJOIN":"G36006700116","pct_black":0.0},"geometry":{"type":"Polygon","coordinates":[[[-76.31798099998562,43.162660999715655],[-76.31910100025719,43.162204000487634],[-76.31854400043946,43.15994900005353],[-76.32018599985851,43.15925500033826],[-76.31905900032187,43.1577479996291],[-76.31935799979928,43.15649200037564],[-76.31735100009168,43.156202999635425],[-76.31798299981966,43.15333800038023],[-76.32290599992704,43.14977800004897],[-76.32600200057921,43.1556679996311],[-76.32977899960069,43.156868000089936],[-76.33618999992335,43.15696799960045],[-76.34535399996612,43.160867000187245],[-76.34259899968998,43.16196099954814],[-76.34279999965469,43.16371499969665],[-76.34602299949927,43.16419799960904],[-76.34578799974214,43.16533699996823],[-76.34653799965845,43.165746999504805],[-76.3476420003721,43.165275000323454],[-76.34797000049025,43.17002199963489],[-76.34926199989916,43.17012600030624],[-76.34915799934164,43.1707300003064],[-76.34898500041056,43.17126700035432],[-76.34686799989946,43.171213999636215],[-76.3467229997769,43.17180499993417],[-76.34596699999986,43.17188000011396],[-76.34656199952553,43.17276799970334],[-76.34361900003381,43.17403999973887],[-76.34360299987952,43.17737900042591],[-76.33920839959498,43.177509841111856],[-76.33444701157306,43.176912835436134],[-76.32972800000029,43.17140800031939],[-76.32831199974498,43.166648999964266],[-76.32712799962856,43.16683800008025],[-76.32661000004559,43.16562100006139],[-76.31802399944989,43.1659140001485],[-76.31798099998562,43.162660999715655]]]}},{"id":"956","type":"Feature","properties":{"GISJOIN":"G36006700117","pct_black":0.0},"geometry":{"type":"Polygon","coordinates":[[[-76.32290599992704,43.14977800004897],[-76.31883125994622,43.14865364017261],[-76.31898398793045,43.147717932275135],[-76.31950896163514,43.147669771094485],[-76.3194700005312,43.14614399973207],[-76.31718100007679,43.14375200012055],[-76.32016699983686,43.14417599956316],[-76.31990900020897,43.14276999961886],[-76.32055299983556,43.14295299980105],[-76.32058199951831,43.14457899983406],[-76.32117500057001,43.14389499981069],[-76.32247400019256,43.1452939999302],[-76.32171100031336,43.14558099985922],[-76.32414099983997,43.147354999548135],[-76.32386499961092,43.14772100009031],[-76.32448800009558,43.148587999950905],[-76.32966400020862,43.148054000180394],[-76.32788099967529,43.144172999616785],[-76.32657700020005,43.14444099970416],[-76.32550300027434,43.14245900003357],[-76.32584599953417,43.13778900036125],[-76.32747600043228,43.13820000042835],[-76.3285720005536,43.1375499996703],[-76.32778799962654,43.13698800022235],[-76.32852199981333,43.13697100002891],[-76.32849700049131,43.13629999962846],[-76.33054000039051,43.135219000219294],[-76.34572700018295,43.14307799990916],[-76.34481200023448,43.14462500029214],[-76.34614199995978,43.16040799997079],[-76.34535399996612,43.160867000187245],[-76.33618999992335,43.15696799960045],[-76.32977899960069,43.156868000089936],[-76.32600200057921,43.1556679996311],[-76.32290599992704,43.14977800004897]]]}},{"id":"957","type":"Feature","properties":{"GISJOIN":"G36006700118","pct_black":0.45},"geometry":{"type":"Polygon","coordinates":[[[-76.27875499990638,43.124195000034604],[-76.27167099943709,43.11568099984285],[-76.26987700063295,43.11234699975882],[-76.26614999930631,43.10956700031737],[-76.25975000053913,43.101465999702015],[-76.27851099958156,43.100164999933845],[-76.28189800041991,43.103694000519404],[-76.2909780003041,43.10785699975362],[-76.29398700021827,43.110095000323405],[-76.3127589998497,43.11965400032408],[-76.3160439998526,43.12234599972747],[-76.3186720003737,43.12675200009831],[-76.32481199966945,43.14409799970536],[-76.32721399989576,43.14829399953822],[-76.32448800009558,43.148587999950905],[-76.32386499961092,43.14772100009031],[-76.32414099983997,43.147354999548135],[-76.32171100031336,43.14558099985922],[-76.32247400019256,43.1452939999302],[-76.32117500057001,43.14389499981069],[-76.32058199951831,43.14457899983406],[-76.32055299983556,43.14295299980105],[-76.31990900020897,43.14276999961886],[-76.32016699983686,43.14417599956316],[-76.31718100007679,43.14375200012055],[-76.3194700005312,43.14614399973207],[-76.31950896163514,43.147669771094485],[-76.31898398793045,43.147717932275135],[-76.31883125994622,43.14865364017261],[-76.31575300012744,43.14846700045875],[-76.31015600034486,43.14166600002287],[-76.30795700048886,43.14116500018682],[-76.30395700015701,43.14196499989334],[-76.29575300048788,43.13796700039913],[-76.29365199953382,43.13456699961395],[-76.29085100046147,43.13186700036264],[-76.27875499990638,43.124195000034604]]]}},{"id":"958","type":"Feature","properties":{"GISJOIN":"G36006700119","pct_black":0.0},"geometry":{"type":"Polygon","coordinates":[[[-76.34535399996612,43.160867000187245],[-76.34614199995978,43.16040799997079],[-76.34481200023448,43.14462500029214],[-76.34572700018295,43.14307799990916],[-76.33054000039051,43.135219000219294],[-76.32849700049131,43.13629999962846],[-76.32852199981333,43.13697100002891],[-76.32778799962654,43.13698800022235],[-76.3285720005536,43.1375499996703],[-76.32747600043228,43.13820000042835],[-76.32584599953417,43.13778900036125],[-76.32559099970182,43.14285199981597],[-76.32657700020005,43.14444099970416],[-76.32788099967529,43.144172999616785],[-76.32971699966048,43.14793000037331],[-76.32721399989576,43.14829399953822],[-76.32481199966945,43.14409799970536],[-76.3187560002534,43.126936000028245],[-76.31580099983547,43.12207499966292],[-76.3119760004507,43.11916300041235],[-76.29398700021827,43.110095000323405],[-76.2909780003041,43.10785699975362],[-76.28143100028271,43.103390999875266],[-76.27851099958156,43.100164999933845],[-76.27895099980307,43.100166000121135],[-76.27875099984632,43.096066000036124],[-76.29739999936882,43.09464300024801],[-76.29683900054894,43.08902299972969],[-76.30980000041266,43.08795300006557],[-76.31381600016206,43.088143999675346],[-76.3132150001818,43.08489699966419],[-76.34929200034817,43.08136900009527],[-76.36039300001563,43.08274400035848],[-76.39689799977195,43.08105699990921],[-76.3977410004744,43.09400600040169],[-76.42085100062724,43.093018999717046],[-76.42202099959565,43.101100000188296],[-76.4229430002439,43.10109900041384],[-76.42393399945125,43.10317299992939],[-76.4319569994795,43.110899000038145],[-76.43752799998707,43.11493200018824],[-76.43889700026445,43.116939000326255],[-76.43843199942408,43.119868999810436],[-76.4366520006152,43.12414099982044],[-76.43882000049987,43.13188500043762],[-76.43838799972836,43.13396399955423],[-76.43613599987033,43.13658599978551],[-76.43628100006191,43.140792000053715],[-76.43545099951511,43.14192100028365],[-76.43164900069094,43.14369899976853],[-76.43083700013207,43.14709999993007],[-76.42909100028025,43.150688000458764],[-76.42725399959929,43.152955000004084],[-76.41935499982628,43.15781600033052],[-76.41484899952138,43.15940099987696],[-76.41145900050127,43.164023000222016],[-76.40976100012452,43.16522500000411],[-76.40731400028108,43.16559099994444],[-76.40591900001766,43.16514099994045],[-76.40405499984884,43.16249299967668],[-76.40180199994093,43.161648999694556],[-76.39212400016571,43.16317500024132],[-76.38733000049827,43.159658999733104],[-76.38059600044724,43.15830400019527],[-76.37774900004817,43.15613899958562],[-76.37598000041486,43.15560100050677],[-76.37465500003421,43.15580699991933],[-76.37287199940154,43.158886999921904],[-76.37135200030771,43.16024200013771],[-76.3680959996966,43.1611370000468],[-76.35804699954312,43.162593999736416],[-76.35400399975396,43.16253099978112],[-76.34535399996612,43.160867000187245]]]}},{"id":"959","type":"Feature","properties":{"GISJOIN":"G36006700120","pct_black":0.51},"geometry":{"type":"Polygon","coordinates":[[[-76.4229430002439,43.10109900041384],[-76.42202099959565,43.101100000188296],[-76.42085100062724,43.093018999717046],[-76.3977410004744,43.09400600040169],[-76.39689799977195,43.08105699990921],[-76.37703100032378,43.081797000396534],[-76.37117400053309,43.01038500009991],[-76.49194100032035,43.00496400019284],[-76.49565800026372,43.05636700022536],[-76.49932399938028,43.09772300036265],[-76.49921899936761,43.099837000281106],[-76.4978289997908,43.10265699982031],[-76.49123199978021,43.106295000353725],[-76.48826100022838,43.10671099989872],[-76.47359399952319,43.10402899989912],[-76.47177400031366,43.104983000373196],[-76.4718730005711,43.10705899975142],[-76.45774799997997,43.11165200034168],[-76.45092799962056,43.106318000323725],[-76.44453799977182,43.10325899976204],[-76.4359299996369,43.09659599995471],[-76.43113699991949,43.0962020003921],[-76.42443300063339,43.09783799982919],[-76.42341200006317,43.0986469998662],[-76.4229430002439,43.10109900041384]]]}},{"id":"960","type":"Feature","properties":{"GISJOIN":"G36006700121","pct_black":0.15},"geometry":{"type":"Polygon","coordinates":[[[-76.23764100010794,43.076113000006444],[-76.24641000023668,43.078143999971566],[-76.24925299985503,43.07969600033238],[-76.2523689994055,43.08039700011623],[-76.2578409995879,43.0785639999013],[-76.26124200051763,43.0791150003573],[-76.26185699976273,43.07812699966685],[-76.2652439992981,43.076535000280884],[-76.27024100040329,43.077120000443976],[-76.27079500044904,43.07665699989599],[-76.27071000016879,43.075604000103766],[-76.27189300057623,43.075528000078044],[-76.27258400010494,43.07444200011155],[-76.27294299958172,43.07287200037795],[-76.27200599951802,43.07099900034594],[-76.27434600029986,43.06879999968972],[-76.27441199970416,43.06794800008352],[-76.28062100049311,43.06406600037402],[-76.28330899990591,43.06086699967692],[-76.2879460002669,43.056916999937165],[-76.28833300026619,43.05597499973306],[-76.29239899996699,43.053327000060186],[-76.29468800033847,43.052531000206315],[-76.29484499995492,43.05075799967833],[-76.29581500068173,43.04966099978411],[-76.29483099934356,43.04867300019306],[-76.29575199981485,43.047416000150584],[-76.29767199979855,43.04787699976166],[-76.29849700006855,43.049289000258405],[-76.30108000042043,43.04835400026814],[-76.30276200041976,43.048733000170465],[-76.30371199971135,43.048159999690334],[-76.30255700027716,43.04751900001373],[-76.30245399999873,43.045794999912324],[-76.30491999974153,43.04557200025859],[-76.30440200001249,43.04453500032859],[-76.30550100030636,43.043922999822286],[-76.30514099944827,43.04270000006871],[-76.30601399946713,43.04165499995535],[-76.30709099972184,43.04249900026513],[-76.30649799947173,43.04376300004407],[-76.30961300046414,43.04375700023479],[-76.31015200059338,43.04256599999241],[-76.31365200042531,43.0426659997246],[-76.31370299993179,43.04138899973283],[-76.31564100047991,43.04080099991371],[-76.31525200047984,43.03466599989724],[-76.31685200063971,43.03336599982206],[-76.31565199938818,43.03236600010109],[-76.31375199981308,43.033665999768736],[-76.3131420001573,43.033257999691074],[-76.31326099970893,43.03256699968447],[-76.31524099965834,43.03137899969589],[-76.31568899978772,43.0301300000086],[-76.3177490000156,43.03045000045047],[-76.32070400052982,43.029364999979656],[-76.32080999983926,43.028759999768816],[-76.31991100032548,43.027721999817224],[-76.32127099937155,43.02647900033576],[-76.32279499960858,43.02760500017232],[-76.32426099967253,43.0275689995427],[-76.32463600067662,43.026715999828085],[-76.32313999975244,43.02661399955462],[-76.3238779992929,43.025576000290926],[-76.32569899997591,43.02521199979003],[-76.32684199976282,43.026246000090346],[-76.32794499988738,43.025048000037444],[-76.32989699998265,43.02544499988604],[-76.33047899975985,43.02509899977907],[-76.33036199946373,43.024148000167344],[-76.33096900019227,43.0233680002449],[-76.33395099996821,43.0242500001243],[-76.33611299940884,43.02267600034354],[-76.33704299955014,43.022675999637805],[-76.33617400050863,43.021509999918514],[-76.3403070005113,43.019672999794395],[-76.33890000004888,43.01644000004668],[-76.33727099942467,43.015465000293844],[-76.33744499977668,43.01323099998547],[-76.33542600038334,43.01206399960906],[-76.37117400053309,43.01038500009991],[-76.37703100032378,43.081797000396534],[-76.36039300001563,43.08274400035848],[-76.34929200034817,43.08136900009527],[-76.3132150001818,43.08489699966419],[-76.31381600016206,43.088143999675346],[-76.30980000041266,43.08795300006557],[-76.29683900054894,43.08902299972969],[-76.29739999936882,43.09464300024801],[-76.27875099984632,43.096066000036124],[-76.27895099980307,43.100166000121135],[-76.25975000053913,43.101465999702015],[-76.23764100010794,43.076113000006444]]]}},{"id":"961","type":"Feature","properties":{"GISJOIN":"G36006700122","pct_black":0.0},"geometry":{"type":"Polygon","coordinates":[[[-76.30527300007851,43.04258100046182],[-76.30276300020195,43.04308399962951],[-76.29910700050809,43.04233299978301],[-76.30083800037265,43.0393500004383],[-76.3020150004157,43.03835299977255],[-76.3031389995009,43.03838299993933],[-76.30697799991175,43.03670599976565],[-76.31192399987424,43.032343999821784],[-76.31375199981308,43.033665999768736],[-76.31565199938818,43.03236600010109],[-76.31685200063971,43.03336599982206],[-76.31525200047984,43.03466599989724],[-76.31564100047991,43.04080099991371],[-76.31370299993179,43.04138899973283],[-76.31365200042531,43.0426659997246],[-76.31015200059338,43.04256599999241],[-76.30961300046414,43.04375700023479],[-76.30808000022937,43.043850000249314],[-76.30649799947173,43.04376300004407],[-76.30709099972184,43.04249900026513],[-76.30601399946713,43.04165499995535],[-76.30527300007851,43.04258100046182]]]}},{"id":"962","type":"Feature","properties":{"GISJOIN":"G36006700123","pct_black":0.0},"geometry":{"type":"Polygon","coordinates":[[[-76.25801400033346,43.02990899996283],[-76.29172500026313,43.02812499959168],[-76.2905650002734,43.01429499973942],[-76.33542600038334,43.01206399960906],[-76.33744499977668,43.01323099998547],[-76.33727099942467,43.015465000293844],[-76.33890000004888,43.01644000004668],[-76.34033200051522,43.01958199975266],[-76.33617400050863,43.021509999918514],[-76.33700300014128,43.022723999882395],[-76.33611299940884,43.02267600034354],[-76.33365300045243,43.02437400047047],[-76.33096900019227,43.0233680002449],[-76.33036199946373,43.024148000167344],[-76.33047899975985,43.02509899977907],[-76.32989699998265,43.02544499988604],[-76.32794499988738,43.025048000037444],[-76.32684199976282,43.026246000090346],[-76.32569899997591,43.02521199979003],[-76.3238779992929,43.025576000290926],[-76.32313999975244,43.02661399955462],[-76.32463600067662,43.026715999828085],[-76.32396500030971,43.027671000440876],[-76.32261799956328,43.02752500004216],[-76.32158800015297,43.026443000250445],[-76.3208140001871,43.02668300014365],[-76.31991100032548,43.027721999817224],[-76.32080999983926,43.028759999768816],[-76.32070400052982,43.029364999979656],[-76.3177490000156,43.03045000045047],[-76.31585699959018,43.03001700004597],[-76.31524099965834,43.03137899969589],[-76.31326099970893,43.03256699968447],[-76.3131420001573,43.033257999691074],[-76.31192399987424,43.032343999821784],[-76.30697799991175,43.03670599976565],[-76.3031389995009,43.03838299993933],[-76.30225699961935,43.03823900030832],[-76.29922200038355,43.04013900003435],[-76.29495000049275,43.03976199996138],[-76.25684900057215,43.04181099980379],[-76.24997099992919,43.04378700023144],[-76.24840600049151,43.04127300046347],[-76.24944100041054,43.04087799980346],[-76.25101500017212,43.03911800032525],[-76.25169900022767,43.03676799993102],[-76.25361900024575,43.036195000101564],[-76.2535700003436,43.035455000382655],[-76.25489499997896,43.034144999666715],[-76.25416499991832,43.03373799966299],[-76.25552199966678,43.032361000368745],[-76.25537999940319,43.031147000364],[-76.25801400033346,43.02990899996283]]]}},{"id":"963","type":"Feature","properties":{"GISJOIN":"G36006700124","pct_black":0.32},"geometry":{"type":"Polygon","coordinates":[[[-76.26550199942194,43.05239799984285],[-76.26531500052796,43.041399000266544],[-76.2952159994649,43.0397520002321],[-76.2984130005678,43.040271999971175],[-76.30083800037265,43.0393500004383],[-76.29910700050809,43.04233299978301],[-76.30276300020195,43.04308399962951],[-76.30527300007851,43.04258100046182],[-76.30552899982382,43.04354700024642],[-76.30440200001249,43.04453500032859],[-76.30483799959079,43.04564300036604],[-76.30245399999873,43.045794999912324],[-76.30255700027716,43.04751900001373],[-76.30371199971135,43.048159999690334],[-76.30276200041976,43.048733000170465],[-76.30108000042043,43.04835400026814],[-76.29849700006855,43.049289000258405],[-76.29767199979855,43.04787699976166],[-76.29575199981485,43.047416000150584],[-76.29483099934356,43.04867300019306],[-76.29581500068173,43.04966099978411],[-76.29484499995492,43.05075799967833],[-76.29468800033847,43.052531000206315],[-76.29239899996699,43.053327000060186],[-76.28833300026619,43.05597499973306],[-76.2879460002669,43.056916999937165],[-76.28330899990591,43.06086699967692],[-76.28062100049311,43.06406600037402],[-76.27441199970416,43.06794800008352],[-76.27434600029986,43.06879999968972],[-76.27322099954587,43.069907999702664],[-76.2662369994028,43.05960699990212],[-76.26550199942194,43.05239799984285]]]}},{"id":"964","type":"Feature","properties":{"GISJOIN":"G36006700125","pct_black":0.49},"geometry":{"type":"Polygon","coordinates":[[[-76.23874199957037,43.04698999991514],[-76.24565100047352,43.04536600050352],[-76.2551050000429,43.04202199963354],[-76.26531500052796,43.041399000266544],[-76.26550199942194,43.05239799984285],[-76.24286700012497,43.05203900021513],[-76.2420429999281,43.051629000382555],[-76.23874199957037,43.04698999991514]]]}},{"id":"965","type":"Feature","properties":{"GISJOIN":"G36006700126","pct_black":0.0},"geometry":{"type":"Polygon","coordinates":[[[-76.2278589999571,43.030763000363905],[-76.23981900026074,43.03082299987705],[-76.25801400033346,43.02990899996283],[-76.25537999940319,43.031147000364],[-76.25552199966678,43.032361000368745],[-76.25416499991832,43.03373799966299],[-76.25489499997896,43.034144999666715],[-76.2535700003436,43.035455000382655],[-76.25361900024575,43.036195000101564],[-76.25169900022767,43.03676799993102],[-76.25101500017212,43.03911800032525],[-76.24944100041054,43.04087799980346],[-76.24840600049151,43.04127300046347],[-76.24997099992919,43.04378700023144],[-76.24546000028103,43.04541199968562],[-76.23114099994453,43.04831900041531],[-76.22899000040486,43.03412899999892],[-76.2278589999571,43.030763000363905]]]}},{"id":"966","type":"Feature","properties":{"GISJOIN":"G36006700127","pct_black":1.62},"geometry":{"type":"Polygon","coordinates":[[[-76.23764100010794,43.076113000006444],[-76.23321500029905,43.071564000000556],[-76.23064699992426,43.06751399992298],[-76.23000699971313,43.05827500007496],[-76.23101200011202,43.05807300010797],[-76.23137900041219,43.05558599965282],[-76.23016300032742,43.051389000439535],[-76.2315749994503,43.05066900006352],[-76.23114099994453,43.04831900041531],[-76.23874199957037,43.04698999991514],[-76.2420429999281,43.051629000382555],[-76.24286700012497,43.05203900021513],[-76.26550199942194,43.05239799984285],[-76.2662369994028,43.05960699990212],[-76.27322099954587,43.069907999702664],[-76.27198800037763,43.07110900010799],[-76.27294299958172,43.07287200037795],[-76.27258400010494,43.07444200011155],[-76.27189300057623,43.075528000078044],[-76.27071000016879,43.075604000103766],[-76.270613000695,43.07686399974735],[-76.26935599989318,43.07731999974471],[-76.26822199987261,43.07661799956516],[-76.2652439992981,43.076535000280884],[-76.26185699976273,43.07812699966685],[-76.26124200051763,43.0791150003573],[-76.2578409995879,43.0785639999013],[-76.2523689994055,43.08039700011623],[-76.24925299985503,43.07969600033238],[-76.24641000023668,43.078143999971566],[-76.23764100010794,43.076113000006444]]]}},{"id":"967","type":"Feature","properties":{"GISJOIN":"G36006700128","pct_black":0.42},"geometry":{"type":"Polygon","coordinates":[[[-76.24127199950927,43.11462400037014],[-76.18245399957087,43.07465099957649],[-76.19467299982593,43.06507699998088],[-76.19876499954167,43.063671000210206],[-76.19941399942347,43.063671000255255],[-76.19943900047703,43.06453400013601],[-76.20476000011779,43.06443400002118],[-76.20535399957419,43.06493999975261],[-76.21895300010223,43.06488900012826],[-76.23098999987747,43.068442999673195],[-76.23321500029905,43.071564000000556],[-76.25975000053913,43.101465999702015],[-76.26614999930631,43.10956700031737],[-76.26987700063295,43.11234699975882],[-76.27167099943709,43.11568099984285],[-76.27875499990638,43.124195000034604],[-76.27645100058184,43.12376699974861],[-76.27235100032037,43.12506700029988],[-76.26975099944067,43.124766999848134],[-76.26544999958914,43.12316699978546],[-76.2618579993716,43.12384300034524],[-76.26082800012524,43.12359599979075],[-76.2574499992967,43.12076700033189],[-76.2539499997468,43.12086699954059],[-76.25154999958056,43.12236700033667],[-76.24127199950927,43.11462400037014]]]}},{"id":"968","type":"Feature","properties":{"GISJOIN":"G36006700129","pct_black":1.28},"geometry":{"type":"Polygon","coordinates":[[[-76.19943900047703,43.06453400013601],[-76.19940700040553,43.0625299999032],[-76.19730099991021,43.059630000047974],[-76.20003999949161,43.060427999949106],[-76.19986999982599,43.05599399995932],[-76.20173600021826,43.05592099978795],[-76.2053069996586,43.05813300015303],[-76.21050800066985,43.05797399972998],[-76.2126379998563,43.05956299974761],[-76.21281799987804,43.060268999610734],[-76.22731699986711,43.058548999659024],[-76.2280930005837,43.0591419999497],[-76.2314080001722,43.05679899966731],[-76.23101200011202,43.05807300010797],[-76.23000699971313,43.05827500007496],[-76.23098999987747,43.068442999673195],[-76.21895300010223,43.06488900012826],[-76.20535399957419,43.06493999975261],[-76.20476000011779,43.06443400002118],[-76.19943900047703,43.06453400013601]]]}},{"id":"969","type":"Feature","properties":{"GISJOIN":"G36006700130","pct_black":0.0},"geometry":{"type":"Polygon","coordinates":[[[-76.19986999982599,43.05599399995932],[-76.1955630001681,43.04940900007266],[-76.19599199997656,43.048294000295975],[-76.19572700045016,43.046363000282604],[-76.19622800017694,43.045567999570196],[-76.194782000223,43.04229400033913],[-76.199118999715,43.04180400007643],[-76.19911699986429,43.04729599958837],[-76.20795200022155,43.04716699992641],[-76.20780900024445,43.05109200046372],[-76.21118699983911,43.0501060000392],[-76.21114800036602,43.047018000415605],[-76.21233000026896,43.046962000384035],[-76.21302099985793,43.05328699995849],[-76.21524400058983,43.053466000131756],[-76.21524500054278,43.05306400019092],[-76.21807300004672,43.05269700004737],[-76.22096900039864,43.05301799999193],[-76.22119699942259,43.05424400006752],[-76.22550600034752,43.05399799988903],[-76.22675399942177,43.0563560000776],[-76.22789699987773,43.05552800039515],[-76.23137900041219,43.05558599965282],[-76.2314080001722,43.05679899966731],[-76.2280930005837,43.0591419999497],[-76.22731699986711,43.058548999659024],[-76.21281799987804,43.060268999610734],[-76.2126379998563,43.05956299974761],[-76.21050800066985,43.05797399972998],[-76.2053069996586,43.05813300015303],[-76.20173600021826,43.05592099978795],[-76.19986999982599,43.05599399995932]]]}},{"id":"970","type":"Feature","properties":{"GISJOIN":"G36006700131","pct_black":0.09},"geometry":{"type":"Polygon","coordinates":[[[-76.21233000026896,43.046962000384035],[-76.21357600004492,43.046756000393195],[-76.21257400060759,43.034485999810855],[-76.21247120505723,43.03371829666299],[-76.21095317536636,43.03335353826893],[-76.2125620002384,43.03138400045159],[-76.22807700053853,43.030908999686254],[-76.2315749994503,43.05066900006352],[-76.23016300032742,43.051389000439535],[-76.23137900041219,43.05558599965282],[-76.22789699987773,43.05552800039515],[-76.22675399942177,43.0563560000776],[-76.22550600034752,43.05399799988903],[-76.22119699942259,43.05424400006752],[-76.22096900039864,43.05301799999193],[-76.21807300004672,43.05269700004737],[-76.21524500054278,43.05306400019092],[-76.21524400058983,43.053466000131756],[-76.21302099985793,43.05328699995849],[-76.21233000026896,43.046962000384035]]]}},{"id":"971","type":"Feature","properties":{"GISJOIN":"G36006700132","pct_black":0.12},"geometry":{"type":"MultiPolygon","coordinates":[[[[-76.19911699986429,43.04729599958837],[-76.199118999715,43.04180400007643],[-76.19955799978912,43.04442500014556],[-76.20085799973572,43.045583999591635],[-76.20052399996479,43.047190999898],[-76.19911699986429,43.04729599958837]]],[[[-76.19223499952726,43.04241599996717],[-76.19503899941128,43.042687999924865],[-76.19542199936014,43.044577000042125],[-76.19622800017694,43.045567999570196],[-76.19572700045016,43.046363000282604],[-76.19599199997656,43.048294000295975],[-76.19541500050035,43.04834399970269],[-76.19435000036934,43.04678100017123],[-76.19484799966867,43.0462660003358],[-76.19223499952726,43.04241599996717]]],[[[-76.20780900024445,43.05109200046372],[-76.20795200022155,43.04716699992641],[-76.20414900034324,43.04703499972193],[-76.20447399956709,43.0449979999619],[-76.20398900031074,43.04156600003427],[-76.19649100051018,43.04182299992055],[-76.18967600018694,43.042464999776705],[-76.1880329995063,43.03742799967434],[-76.1890280003044,43.037427000375835],[-76.18953399979554,43.03591300034842],[-76.18793700001719,43.03256100015257],[-76.2125620002384,43.03138400045159],[-76.21095317536636,43.03335353826893],[-76.21247120505723,43.03371829666299],[-76.21357600004492,43.046756000393195],[-76.21114800036602,43.047018000415605],[-76.21118699983911,43.0501060000392],[-76.20878599978626,43.05103399963001],[-76.20780900024445,43.05109200046372]]]]}},{"id":"972","type":"Feature","properties":{"GISJOIN":"G36006700133","pct_black":0.12},"geometry":{"type":"Polygon","coordinates":[[[-76.205121000508,43.1145700002459],[-76.205354999704,43.113373000200546],[-76.20435700028028,43.11342400047055],[-76.20425899956915,43.11289499990128],[-76.20136400009754,43.11206999976291],[-76.20186600043142,43.111117000274795],[-76.20397399964885,43.1112159997574],[-76.20431200018591,43.11025900025461],[-76.20374099953597,43.110085999691776],[-76.20471599986779,43.10691300012998],[-76.20057599968422,43.10455099964835],[-76.20013699978865,43.104169000221695],[-76.20075600048075,43.10330400013242],[-76.19871799956941,43.10231099985235],[-76.2015219996709,43.097554000348126],[-76.20345899967829,43.0963769999477],[-76.20990499972594,43.100967999942284],[-76.21104800023787,43.10130800006211],[-76.21127100042256,43.100151999668604],[-76.21242199941692,43.10182499984862],[-76.21772000037008,43.103882000208664],[-76.21723699950958,43.10459400010631],[-76.22297000021878,43.10817500040075],[-76.21997999993411,43.109983999969046],[-76.21965199945227,43.10948099981841],[-76.21523200033734,43.11153300038726],[-76.21426700061366,43.11302699967958],[-76.21194299979184,43.112357999615604],[-76.21006299953248,43.11296000024743],[-76.20978099936451,43.11455200024965],[-76.205121000508,43.1145700002459]]]}},{"id":"973","type":"Feature","properties":{"GISJOIN":"G36006700134","pct_black":0.0},"geometry":{"type":"Polygon","coordinates":[[[-76.20497199987747,43.115365999730045],[-76.205121000508,43.1145700002459],[-76.20978099936451,43.11455200024965],[-76.21006299953248,43.11296000024743],[-76.21194299979184,43.112357999615604],[-76.21426700061366,43.11302699967958],[-76.21523200033734,43.11153300038726],[-76.21965199945227,43.10948099981841],[-76.21997999993411,43.109983999969046],[-76.22297000021878,43.10817500040075],[-76.21723699950958,43.10459400010631],[-76.21934900006369,43.09976699988055],[-76.24127199950927,43.11462400037014],[-76.25154999958056,43.12236700033667],[-76.25125000014597,43.124167000290655],[-76.2532499999088,43.12586700020396],[-76.25434999977149,43.127766999556286],[-76.25405000015421,43.129367000447665],[-76.25348100019306,43.130238000315366],[-76.25154999958487,43.1306670001702],[-76.24785600049341,43.13036700013871],[-76.2460770005699,43.130936999713406],[-76.23858699940475,43.13656400023023],[-76.2377280004752,43.13835800027323],[-76.23399099957435,43.1358099996766],[-76.23296100005706,43.13568499984829],[-76.20724199949156,43.117499999972125],[-76.20497199987747,43.115365999730045]]]}},{"id":"974","type":"Feature","properties":{"GISJOIN":"G36006700135","pct_black":0.34},"geometry":{"type":"Polygon","coordinates":[[[-76.16966299991661,43.095398999768335],[-76.18160000010118,43.10229699999478],[-76.20186600043142,43.111117000274795],[-76.20136400009754,43.11206999976291],[-76.20425899956915,43.11289499990128],[-76.20435700028028,43.11342400047055],[-76.205354999704,43.113373000200546],[-76.20497199987747,43.115365999730045],[-76.19638499949234,43.11512900010856],[-76.1896189998679,43.11602899961798],[-76.15910400047578,43.11746600029682],[-76.16082599974764,43.10624799966038],[-76.16966299991661,43.095398999768335]]]}},{"id":"975","type":"Feature","properties":{"GISJOIN":"G36006700136","pct_black":0.0},"geometry":{"type":"Polygon","coordinates":[[[-76.18601599983609,43.10423999957299],[-76.18767200003492,43.101486999991195],[-76.18277899957614,43.09976699958557],[-76.17795800063371,43.096794999915524],[-76.18294312242341,43.0931603429626],[-76.18394596701793,43.093864545837675],[-76.19221399989432,43.08759699991813],[-76.19390099983016,43.09056399986474],[-76.20152799946703,43.096010000294335],[-76.20345899967829,43.0963769999477],[-76.2015219996709,43.097554000348126],[-76.19871799956941,43.10231099985235],[-76.20075600048075,43.10330400013242],[-76.20013699978865,43.104169000221695],[-76.20057599968422,43.10455099964835],[-76.20471599986779,43.10691300012998],[-76.20374099953597,43.110085999691776],[-76.20431200018591,43.11025900025461],[-76.204172999791,43.11090100031515],[-76.20186600043142,43.111117000274795],[-76.18601599983609,43.10423999957299]]]}},{"id":"976","type":"Feature","properties":{"GISJOIN":"G36006700137","pct_black":0.17},"geometry":{"type":"Polygon","coordinates":[[[-76.16966299991661,43.095398999768335],[-76.17664299957536,43.0834009997829],[-76.17756799938918,43.07852200014072],[-76.18245399957087,43.07465099957649],[-76.21934900006369,43.09976699988055],[-76.21772000037008,43.103882000208664],[-76.21242199941692,43.10182499984862],[-76.21127100042256,43.100151999668604],[-76.21104800023787,43.10130800006211],[-76.20990499972594,43.100967999942284],[-76.20339499997027,43.09630799975736],[-76.201461999549,43.095967999521605],[-76.19419799991113,43.0907889996822],[-76.19221399989432,43.08759699991813],[-76.18394596701793,43.093864545837675],[-76.18294312242341,43.0931603429626],[-76.17795800063371,43.096794999915524],[-76.18277899957614,43.09976699958557],[-76.18767200003492,43.101486999991195],[-76.18601599983609,43.10423999957299],[-76.17971300061274,43.10130499989229],[-76.16966299991661,43.095398999768335]]]}},{"id":"977","type":"Feature","properties":{"GISJOIN":"G36006700138","pct_black":0.0},"geometry":{"type":"Polygon","coordinates":[[[-76.1452350005394,43.11216500025607],[-76.15077599979391,43.107028999965095],[-76.16382599964572,43.09318399985389],[-76.16966299991661,43.095398999768335],[-76.16082599974764,43.10624799966038],[-76.15910400047578,43.11746600029682],[-76.15041299955776,43.1181689995362],[-76.14908999953913,43.11741700006178],[-76.14409899958709,43.118473000335996],[-76.12998899950628,43.119001000017384],[-76.1452350005394,43.11216500025607]]]}},{"id":"978","type":"Feature","properties":{"GISJOIN":"G36006700139","pct_black":0.3},"geometry":{"type":"Polygon","coordinates":[[[-76.11722800015168,43.098399000321585],[-76.12119700022753,43.09884300015131],[-76.14544399990186,43.0977790000637],[-76.1461550005249,43.10694299999424],[-76.1459929995688,43.11000599951775],[-76.1452350005394,43.11216500025607],[-76.12998899950628,43.119001000017384],[-76.1191449999989,43.11946699977788],[-76.11722800015168,43.098399000321585]]]}},{"id":"979","type":"Feature","properties":{"GISJOIN":"G36006700140","pct_black":0.41},"geometry":{"type":"Polygon","coordinates":[[[-76.11722800015168,43.098399000321585],[-76.11676099951735,43.09287500001353],[-76.12640899992783,43.093473999835915],[-76.1550699996158,43.09188199990071],[-76.16006199952265,43.092262000052784],[-76.16382599964572,43.09318399985389],[-76.15077599979391,43.107028999965095],[-76.1452350005394,43.11216500025607],[-76.1459929995688,43.11000599951775],[-76.1461550005249,43.10694299999424],[-76.14544399990186,43.0977790000637],[-76.12119700022753,43.09884300015131],[-76.11722800015168,43.098399000321585]]]}},{"id":"980","type":"Feature","properties":{"GISJOIN":"G36006700141","pct_black":0.0},"geometry":{"type":"Polygon","coordinates":[[[-76.1440459993609,43.083366000318954],[-76.1474779997234,43.084604000330216],[-76.15014700014106,43.084065999571926],[-76.15144600014752,43.08436600004015],[-76.15385199935744,43.081640000121865],[-76.15527800005535,43.082601999573036],[-76.15606900021203,43.08171200011252],[-76.16245500016942,43.08610199962106],[-76.16928400055201,43.078668000018006],[-76.17091900023881,43.078010999646544],[-76.17706299997057,43.08001299986871],[-76.17664299957536,43.0834009997829],[-76.16966299991661,43.095398999768335],[-76.1624640001931,43.092771999655575],[-76.1573280003936,43.091944999652966],[-76.13684999944789,43.0929249998452],[-76.13674299965125,43.08987800020998],[-76.14247499997394,43.08887099955826],[-76.1435790001187,43.0880780000911],[-76.14250999942412,43.08815400019207],[-76.14242899985351,43.08748399954331],[-76.14041300033038,43.08632800031106],[-76.1440459993609,43.083366000318954]]]}},{"id":"981","type":"Feature","properties":{"GISJOIN":"G36006700142","pct_black":0.5},"geometry":{"type":"Polygon","coordinates":[[[-76.11531600065618,43.0755439997508],[-76.11562800018714,43.07357799980442],[-76.12499900044342,43.07295900019261],[-76.1250270002971,43.07360400001678],[-76.12602199988035,43.07360800031483],[-76.12649399978606,43.079644999799676],[-76.13664499984989,43.07895000038283],[-76.13678000023944,43.081079999638185],[-76.13944799976045,43.08292699994273],[-76.14232599955044,43.08134899965365],[-76.14272200001125,43.081619999705836],[-76.1440459993609,43.083366000318954],[-76.14041300033038,43.08632800031106],[-76.14242899985351,43.08748399954331],[-76.14250999942412,43.08815400019207],[-76.1436789997139,43.087932000042656],[-76.14247499997394,43.08887099955826],[-76.13674299965125,43.08987800020998],[-76.13684999944789,43.0929249998452],[-76.12640899992783,43.093473999835915],[-76.11676099951735,43.09287500001353],[-76.1165290002083,43.08992300043315],[-76.11699199989735,43.08714700009488],[-76.11580700027497,43.08238200024673],[-76.11531600065618,43.0755439997508]]]}},{"id":"982","type":"Feature","properties":{"GISJOIN":"G36006700143","pct_black":0.12},"geometry":{"type":"Polygon","coordinates":[[[-76.05157599965496,43.068061000336634],[-76.05113700025848,43.06309999977157],[-76.05733800063994,43.063370999905594],[-76.057057999538,43.058102000086826],[-76.06184199989181,43.056981000331426],[-76.06183300066512,43.055788999780866],[-76.07048200038162,43.05575599965815],[-76.07312599995858,43.05628899996104],[-76.0832009994594,43.055519999973264],[-76.0851429995973,43.06446599949362],[-76.08767999974192,43.06373900019869],[-76.0903540004614,43.067420999889045],[-76.0879019998174,43.068274000293734],[-76.08561999958498,43.067212000031134],[-76.08597700013836,43.06767300032615],[-76.08547800025359,43.06982299966604],[-76.05352600011926,43.07113900030519],[-76.05104100000504,43.071078999736564],[-76.05157599965496,43.068061000336634]]]}},{"id":"983","type":"Feature","properties":{"GISJOIN":"G36006700144","pct_black":0.12},"geometry":{"type":"Polygon","coordinates":[[[-76.07701100048097,43.070226999994844],[-76.08547800025359,43.06982299966604],[-76.08597700013836,43.06767300032615],[-76.08561999958498,43.067212000031134],[-76.0879019998174,43.068274000293734],[-76.0903540004614,43.067420999889045],[-76.09060699996324,43.068062999681565],[-76.09395500052263,43.06796200025392],[-76.09401299985491,43.06942500033059],[-76.09646600066625,43.069311999719616],[-76.0964650000423,43.07031400024438],[-76.09912900043432,43.07027500007214],[-76.09918500065493,43.07085699974818],[-76.10006399991475,43.07080999980705],[-76.10094599996357,43.07542900004791],[-76.10261900026036,43.076425000310586],[-76.11531600065618,43.0755439997508],[-76.11580700027497,43.08238200024673],[-76.11699199989735,43.08714700009488],[-76.1165290002083,43.08992300043315],[-76.1191449999989,43.11946699977788],[-76.07849100036155,43.121025000269675],[-76.07684000056027,43.102540999678965],[-76.07767199982938,43.100799000357284],[-76.07934600018244,43.100101999947725],[-76.07912699958625,43.09846499951511],[-76.07855300045392,43.098031000459834],[-76.07899000046936,43.096489999877434],[-76.07846100014771,43.090356000369326],[-76.07886400045156,43.08761500007385],[-76.07822099996767,43.08656999971202],[-76.07701100048097,43.070226999994844]]]}},{"id":"984","type":"Feature","properties":{"GISJOIN":"G36006700145","pct_black":0.78},"geometry":{"type":"Polygon","coordinates":[[[-76.04266699986921,43.121959999929295],[-76.03914299973333,43.07103399966636],[-76.05157599965496,43.068061000336634],[-76.05104100000504,43.071078999736564],[-76.07701100048097,43.070226999994844],[-76.07822099996767,43.08656999971202],[-76.07886400045156,43.08761500007385],[-76.07846100014771,43.090356000369326],[-76.07899000046936,43.096489999877434],[-76.07855300045392,43.098031000459834],[-76.07912699958625,43.09846499951511],[-76.07934600018244,43.100101999947725],[-76.07767199982938,43.100799000357284],[-76.07684000056027,43.102540999678965],[-76.07849100036155,43.121025000269675],[-76.04266699986921,43.121959999929295]]]}},{"id":"985","type":"Feature","properties":{"GISJOIN":"G36006700146","pct_black":0.7},"geometry":{"type":"MultiPolygon","coordinates":[[[[-76.0851429995973,43.06446599949362],[-76.08443999975242,43.06079800009417],[-76.08767999974192,43.06373900019869],[-76.0851429995973,43.06446599949362]]],[[[-76.03906500067336,43.07127799982885],[-76.03712199995896,43.04403099972828],[-76.04136299964836,43.04314699982299],[-76.04473499953114,43.04082799986315],[-76.04966699970028,43.042917000340665],[-76.0502209998078,43.04360300008889],[-76.05075199981664,43.04302499953802],[-76.05185600046936,43.04336800010505],[-76.05970600000722,43.033495999726824],[-76.07408399973677,43.03649700037691],[-76.07434899929801,43.04144800024899],[-76.07496000033355,43.04154899982002],[-76.07692899987741,43.038861999912854],[-76.07966200001994,43.0398670002198],[-76.0819519996233,43.04149199981881],[-76.08211300001868,43.04444899998169],[-76.08558899961497,43.046638999882454],[-76.08960899993664,43.0481499996952],[-76.09272199955427,43.04825700025456],[-76.08984100005887,43.051067999562086],[-76.08959100038187,43.05479000034849],[-76.08474600053935,43.054583999900686],[-76.08261400031394,43.05478100044973],[-76.0830449997158,43.055608000132025],[-76.07312599995858,43.05628899996104],[-76.07048200038162,43.05575599965815],[-76.06183300066512,43.055788999780866],[-76.06184199989181,43.056981000331426],[-76.057057999538,43.058102000086826],[-76.05733800063994,43.063370999905594],[-76.05113700025848,43.06309999977157],[-76.05157599965496,43.068061000336634],[-76.04015299975197,43.07050900022868],[-76.03906500067336,43.07127799982885]]]]}},{"id":"986","type":"Feature","properties":{"GISJOIN":"G36006700147","pct_black":0.0},"geometry":{"type":"Polygon","coordinates":[[[-76.07408399973677,43.03649700037691],[-76.05970600000722,43.033495999726824],[-76.06232300056485,43.02973299977794],[-76.06232100062657,43.02347499983854],[-76.06323799943515,43.020552000269475],[-76.06492099968884,43.01822899979492],[-76.06812300000125,43.01583599996882],[-76.06967099993767,43.013835000259704],[-76.07279900019968,43.01138299966955],[-76.07459800004688,43.01086300007337],[-76.07461599955217,43.0071760001355],[-76.07664299954871,43.0023070001655],[-76.07990800049706,43.00487600038417],[-76.08284800013897,43.005781999899206],[-76.09692100007068,43.003850999833396],[-76.10948400008013,43.00550900038991],[-76.11078499969753,43.01445200006524],[-76.11056800013091,43.02095400029598],[-76.11157900022604,43.02934400000889],[-76.10774599994187,43.02957700022136],[-76.10792199987672,43.03214700004729],[-76.10749400046562,43.032706000453224],[-76.09892899938357,43.03322700000784],[-76.09665699953281,43.0319990000789],[-76.09563699953904,43.03293199952606],[-76.09294799984663,43.03294799989085],[-76.09334500036688,43.03724699990192],[-76.08360500018432,43.037561999636],[-76.0836170005569,43.037064000225726],[-76.08215099963712,43.03606599949264],[-76.07817300000241,43.036573000425854],[-76.07743000028455,43.037676999841814],[-76.07408399973677,43.03649700037691]]]}},{"id":"987","type":"Feature","properties":{"GISJOIN":"G36006700148","pct_black":0.26},"geometry":{"type":"Polygon","coordinates":[[[-76.0257949996756,43.020047000124656],[-76.02488530674286,43.000723093323046],[-76.02813251447654,43.002272467914274],[-76.0305043536095,43.00267750187184],[-76.03239901754709,43.0039392772392],[-76.04017119794115,43.00436099527912],[-76.04415049989612,43.00222648710161],[-76.0433787505635,43.004332110642586],[-76.05444300017639,43.00656599982158],[-76.06212699974996,43.00681799965549],[-76.0657859999312,43.0094199996466],[-76.06853199997623,43.00934600027297],[-76.07057099978054,43.00852700025666],[-76.07283799993043,43.004605999674226],[-76.07408200035249,43.0048320003886],[-76.07468099947798,43.00303000000104],[-76.07416699956487,43.00250399975683],[-76.07553692868318,43.000579095982715],[-76.07664299954871,43.0023070001655],[-76.07461599955217,43.0071760001355],[-76.07459800004688,43.01086300007337],[-76.07279900019968,43.01138299966955],[-76.06967099993767,43.013835000259704],[-76.06378299988563,43.0196360003718],[-76.0624149999817,43.022811000442815],[-76.0625379993871,43.02868100012856],[-76.06195200063497,43.03066399973426],[-76.05185600046936,43.04336800010505],[-76.05075199981664,43.04302499953802],[-76.0502209998078,43.04360300008889],[-76.04966699970028,43.042917000340665],[-76.04473499953114,43.04082799986315],[-76.04136299964836,43.04314699982299],[-76.03712199995896,43.04403099972828],[-76.0358749999357,43.02426499978747],[-76.0257949996756,43.020047000124656]]]}},{"id":"988","type":"Feature","properties":{"GISJOIN":"G36006700149","pct_black":2.52},"geometry":{"type":"Polygon","coordinates":[[[-76.02488530674286,43.000723093323046],[-76.02344200012935,42.98506599991827],[-76.10774500027193,42.98116599978429],[-76.10948400008013,43.00550900038991],[-76.09692100007068,43.003850999833396],[-76.08284800013897,43.005781999899206],[-76.07872999968811,43.004134999763195],[-76.07553692868318,43.000579095982715],[-76.07416699956487,43.00250399975683],[-76.07468099947798,43.00303000000104],[-76.07408200035249,43.0048320003886],[-76.07283799993043,43.004605999674226],[-76.07057099978054,43.00852700025666],[-76.06853199997623,43.00934600027297],[-76.0657859999312,43.0094199996466],[-76.06212699974996,43.00681799965549],[-76.05444300017639,43.00656599982158],[-76.0433787505635,43.004332110642586],[-76.04415049989612,43.00222648710161],[-76.04017119794115,43.00436099527912],[-76.03239901754709,43.0039392772392],[-76.0305043536095,43.00267750187184],[-76.02813251447654,43.002272467914274],[-76.02488530674286,43.000723093323046]]]}},{"id":"989","type":"Feature","properties":{"GISJOIN":"G36006700150","pct_black":0.1},"geometry":{"type":"Polygon","coordinates":[[[-75.97708899964871,43.03036199956198],[-75.97684099977269,43.025666000327405],[-75.982240999746,43.02616600037946],[-75.98244100009089,43.02846600006601],[-75.98374100031054,43.02736599966373],[-75.98624700048158,43.027429000013775],[-75.98662899949646,43.02610600001364],[-75.99497299971411,43.02731899965213],[-75.99711299999699,43.027957999640705],[-75.996882000069,43.0294250002085],[-75.99830700007145,43.02964599994837],[-75.99833499964693,43.03086999995036],[-75.99943400008145,43.030710000360536],[-75.99910899991407,43.02828100019246],[-75.9973879995259,43.0279059997983],[-75.99381699980192,43.02463700004054],[-75.99529300005794,43.02286200019472],[-75.99820100024232,43.022492999981466],[-75.99843500019358,43.023067999978295],[-76.00057099968785,43.023374999734024],[-76.00056999940577,43.022948000284515],[-76.00275500035997,43.022788999891084],[-76.00437999962983,43.02149800033901],[-76.00595100054062,43.022261999984934],[-76.01652199996195,43.02197099988802],[-76.01644700024241,43.02043200014824],[-76.01849499948955,43.020355999765535],[-76.0189910000388,43.02795299956195],[-76.01664099987907,43.02754700026629],[-76.01714099999869,43.034057000247934],[-76.01244599958247,43.034341000021385],[-76.01119800058588,43.03642799975131],[-75.99989199949819,43.0346280001472],[-76.00002599968651,43.03630600033951],[-75.99734099960001,43.035965999966606],[-75.99494099948012,43.036765999815145],[-75.9946409994841,43.037766000163145],[-75.98764099967978,43.03936600025866],[-75.98814099981043,43.04486599998722],[-75.98234100002006,43.04506599988082],[-75.98204099999761,43.03416599998642],[-75.98624100034328,43.03336599978582],[-75.98638899960892,43.03380399987253],[-75.98720200007325,43.0337009996169],[-75.9869389999411,43.03246700002976],[-75.9822299997234,43.03338900013212],[-75.98184099998714,43.03036699960905],[-75.97708899964871,43.03036199956198]]]}},{"id":"990","type":"Feature","properties":{"GISJOIN":"G36006700151","pct_black":0.0},"geometry":{"type":"Polygon","coordinates":[[[-75.97708899964871,43.03036199956198],[-75.98184099998714,43.03036699960905],[-75.9822299997234,43.03338900013212],[-75.9869389999411,43.03246700002976],[-75.98720200007325,43.0337009996169],[-75.98638899960892,43.03380399987253],[-75.98624100034328,43.03336599978582],[-75.98204099999761,43.03416599998642],[-75.98234100002006,43.04506599988082],[-75.98814099981043,43.04486599998722],[-75.98764099967978,43.03936600025866],[-75.9946409994841,43.037766000163145],[-75.99494099948012,43.036765999815145],[-75.99734099960001,43.035965999966606],[-76.00002599968651,43.03630600033951],[-75.99989199949819,43.0346280001472],[-76.01119800058588,43.03642799975131],[-76.01244599958247,43.034341000021385],[-76.01714099999869,43.034057000247934],[-76.01664099987907,43.02754700026629],[-76.0189910000388,43.02795299956195],[-76.01849499948955,43.020355999765535],[-76.01644700024241,43.02043200014824],[-76.01652199996195,43.02197099988802],[-76.00595100054062,43.022261999984934],[-76.00437999962983,43.02149800033901],[-76.00275500035997,43.022788999891084],[-76.00056999940577,43.022948000284515],[-76.00057099968785,43.023374999734024],[-75.99843500019358,43.023067999978295],[-75.99820100024232,43.022492999981466],[-75.99529300005794,43.02286200019472],[-75.99381699980192,43.02463700004054],[-75.9973879995259,43.0279059997983],[-75.99910899991407,43.02828100019246],[-75.99943400008145,43.030710000360536],[-75.99833499964693,43.03086999995036],[-75.99830700007145,43.02964599994837],[-75.996882000069,43.0294250002085],[-75.99711299999699,43.027957999640705],[-75.99497299971411,43.02731899965213],[-75.98662899949646,43.02610600001364],[-75.98624700048158,43.027429000013775],[-75.98374100031054,43.02736599966373],[-75.98244100009089,43.02846600006601],[-75.982240999746,43.02616600037946],[-75.97684099977269,43.025666000327405],[-75.97556700047765,43.0065300001966],[-75.9791170006482,43.00817399966795],[-75.98302700041388,43.00749899979187],[-75.98426299964763,43.00816800016011],[-75.98433999966575,43.00715800039664],[-75.98510400009027,43.00663399975625],[-75.98687100039612,43.00927000029455],[-75.98759199984309,43.00902100023926],[-75.98757000063955,43.00948299995078],[-75.98892499965116,43.009407999990145],[-75.98895899989546,43.00779499968323],[-76.00342600047334,43.013314999797394],[-76.0136810004565,43.01445300047193],[-76.0358749999357,43.02426499978747],[-76.03712199995896,43.04403099972828],[-76.02344299988602,43.04327399998997],[-76.012454999877,43.04336400026904],[-76.00957700008114,43.04485800024699],[-76.0055099997078,43.05041700025718],[-76.00119800032508,43.05304300006335],[-75.99325700026051,43.05621899977115],[-75.9812399999849,43.05942599988196],[-75.97416699991652,43.06073500036704],[-75.96910999991493,43.061247999529435],[-75.96234999980857,43.06009399957237],[-75.95815899956354,43.06141699996857],[-75.95915800016797,43.05464199971236],[-75.95876899987609,43.047595999946616],[-75.95915400041375,43.04534199962812],[-75.96308799966582,43.04250400015865],[-75.96461199977816,43.039796999659615],[-75.97111200000478,43.03688000031685],[-75.97780400032673,43.034663999812665],[-75.97708899964871,43.03036199956198]]]}},{"id":"991","type":"Feature","properties":{"GISJOIN":"G36006700152","pct_black":0.0},"geometry":{"type":"Polygon","coordinates":[[[-75.93569999938988,42.98897300018275],[-76.02344200012935,42.98506599991827],[-76.02540000053955,43.00680800006848],[-76.02524899981404,43.014530999545364],[-76.0257949996756,43.020047000124656],[-76.01325699968837,43.01431800000682],[-76.00342600047334,43.013314999797394],[-75.98895899989546,43.00779499968323],[-75.98892499965116,43.009407999990145],[-75.98687100039612,43.00927000029455],[-75.98510400009027,43.00663399975625],[-75.98433999966575,43.00715800039664],[-75.98426299964763,43.00816800016011],[-75.98302700041388,43.00749899979187],[-75.9791170006482,43.00817399966795],[-75.97556700047765,43.0065300001966],[-75.97674299958517,43.02426100009327],[-75.9565740001018,43.020026999603154],[-75.94604799949252,43.01200599971502],[-75.94271299946163,43.01316500030903],[-75.93655300023487,43.00118399976794],[-75.93569999938988,42.98897300018275]]]}},{"id":"992","type":"Feature","properties":{"GISJOIN":"G36006700153","pct_black":1.64},"geometry":{"type":"Polygon","coordinates":[[[-75.91635600023625,43.074899999792734],[-75.91061299959907,42.98941000028616],[-75.93289000007105,42.98859399985678],[-75.93569999938988,42.98897300018275],[-75.93655300023487,43.00118399976794],[-75.94271299946163,43.01316500030903],[-75.94604799949252,43.01200599971502],[-75.9565740001018,43.020026999603154],[-75.97674299958517,43.02426100009327],[-75.97780400032673,43.034663999812665],[-75.97111200000478,43.03688000031685],[-75.96461199977816,43.039796999659615],[-75.96308799966582,43.04250400015865],[-75.95915400041375,43.04534199962812],[-75.95876899987609,43.047595999946616],[-75.95915800016797,43.05464199971236],[-75.95815899956354,43.06141699996857],[-75.94790199976575,43.071188999611834],[-75.93659399978625,43.07663699964869],[-75.93371200004721,43.07669900005739],[-75.92668800013652,43.07409100041523],[-75.91635600023625,43.074899999792734]]]}},{"id":"993","type":"Feature","properties":{"GISJOIN":"G36006700154","pct_black":0.0},"geometry":{"type":"Polygon","coordinates":[[[-76.00005599999164,43.06711699972067],[-76.00167299944818,43.06579499983097],[-76.01744299967741,43.06527000024466],[-76.01854200019915,43.07556599983222],[-76.02063100014402,43.07547099993504],[-76.02103899964476,43.08256400037057],[-76.01229099984513,43.08306599952232],[-76.0123989995909,43.0811140001273],[-76.00104399978026,43.08144899964499],[-75.99608443312722,43.082132790504744],[-75.99349909245285,43.0832525555459],[-75.99335832973249,43.08275266240638],[-75.99546020384786,43.08161871603707],[-75.99817599999825,43.0782750000201],[-75.99968728336965,43.077827176485506],[-76.00086795914784,43.078253166466496],[-76.00005599999164,43.06711699972067]]]}},{"id":"994","type":"Feature","properties":{"GISJOIN":"G36006700155","pct_black":0.0},"geometry":{"type":"Polygon","coordinates":[[[-76.00104399978026,43.08144899964499],[-76.0123989995909,43.0811140001273],[-76.01229099984513,43.08306599952232],[-76.02103899964476,43.08256400037057],[-76.02063100014402,43.07547099993504],[-76.01854200019915,43.07556599983222],[-76.01744299967741,43.06527000024466],[-76.00167299944818,43.06579499983097],[-76.00005599999164,43.06711699972067],[-75.99938300062584,43.05695099987578],[-76.00111900016321,43.05370600032229],[-76.000497000067,43.053342999556925],[-76.00582899980714,43.050179000371706],[-76.00957700008114,43.04485800024699],[-76.012454999877,43.04336400026904],[-76.02344299988602,43.04327399998997],[-76.03712199995896,43.04403099972828],[-76.04083800022167,43.09493100040934],[-76.02894799946317,43.095321000215925],[-76.0018929999202,43.094405999808764],[-76.00104399978026,43.08144899964499]]]}},{"id":"995","type":"Feature","properties":{"GISJOIN":"G36006700156","pct_black":0.0},"geometry":{"type":"Polygon","coordinates":[[[-75.91764000026538,43.086552000066874],[-75.91635600023625,43.074899999792734],[-75.92668800013652,43.07409100041523],[-75.9334609998457,43.07663200024117],[-75.93639799948626,43.0766920000222],[-75.94790199976575,43.071188999611834],[-75.95526400047004,43.06376500044815],[-75.95977500020327,43.060692999804324],[-75.96328400035469,43.06007999978688],[-75.9695319993688,43.06124100019518],[-75.9790100000981,43.05988500031737],[-75.99325700026051,43.05621899977115],[-76.000497000067,43.053342999556925],[-76.00111900016321,43.05370600032229],[-75.99938299992701,43.05721300020674],[-76.00086795914784,43.078253166466496],[-75.99968728336965,43.077827176485506],[-75.99817599999825,43.0782750000201],[-75.99546020384786,43.08161871603707],[-75.99335832973249,43.08275266240638],[-75.99349909245285,43.0832525555459],[-75.99608443312722,43.082132790504744],[-76.00104399978026,43.08144899964499],[-76.0018929999202,43.094405999808764],[-76.02894799946317,43.095321000215925],[-76.04083800022167,43.09493100040934],[-76.04266699986921,43.121959999929295],[-76.01255000050192,43.12304699999862],[-76.01192100047376,43.117469999932574],[-75.9655939997152,43.11955200003816],[-75.9654299999668,43.11672099971528],[-75.96592800015219,43.11539999974579],[-75.96875699963105,43.11089799981721],[-75.97179299949852,43.10902899966064],[-75.9703490001192,43.10756700022275],[-75.97202999983783,43.10752199978277],[-75.9729699997868,43.10663400027448],[-75.9714039999494,43.1056259998238],[-75.97152400048472,43.1049140002146],[-75.97639599992975,43.1030379995778],[-75.97564099999865,43.100336000155146],[-75.97634400021202,43.09869399971582],[-75.9745689995292,43.096509000172574],[-75.97587799993083,43.094347000155594],[-75.97521200015532,43.09075300000896],[-75.97426299983847,43.090645000020416],[-75.97452099978392,43.09169500042231],[-75.97260500031274,43.09147299964381],[-75.97210699999182,43.09239399964937],[-75.97112100064291,43.092467999709974],[-75.9708909995382,43.092057999799316],[-75.97212599950723,43.0912299997208],[-75.97068800053535,43.09090800018705],[-75.97044899985778,43.09026200034468],[-75.9716570005877,43.08954899965421],[-75.9715839997951,43.088903000353945],[-75.9695469995817,43.089548999569125],[-75.96908700049154,43.08833099973132],[-75.96753000057667,43.08762499988936],[-75.96728099975915,43.08807000037569],[-75.96879199969385,43.08952899991845],[-75.96738200059823,43.08992000003746],[-75.9652719994852,43.08886299973979],[-75.96664500047042,43.088197000328734],[-75.96667300034005,43.08753099975535],[-75.96397299966422,43.08669699958537],[-75.9634939997746,43.08705399963292],[-75.96405599954703,43.087813999800545],[-75.96281300040467,43.08780000021668],[-75.96188200012911,43.08888299959839],[-75.9608140002145,43.0890110004197],[-75.96059200026087,43.08769900039469],[-75.96178999961829,43.086953000251974],[-75.96219599944465,43.08583599981453],[-75.96182499935881,43.08550500007584],[-75.95917399973725,43.086623000038436],[-75.95447499948986,43.08746400037546],[-75.9541150001359,43.08882299958706],[-75.95289499959765,43.08741099977827],[-75.95126000003727,43.0873149996945],[-75.95043099990369,43.08962899953119],[-75.948698999675,43.08681700015405],[-75.947087000236,43.08895000028237],[-75.94649900042266,43.08814999977695],[-75.94526399994457,43.088734999573944],[-75.94393700014126,43.08733600012544],[-75.94293300052055,43.08823700014932],[-75.94181799965136,43.08825699993947],[-75.94158899986485,43.08685799964087],[-75.93948799986828,43.08666299993917],[-75.93850500031604,43.08676200032744],[-75.93805699957832,43.08910900013901],[-75.93760799954873,43.089010999725616],[-75.9375929999596,43.088170000309326],[-75.93575299994006,43.08830799969143],[-75.93444999990055,43.08710199964115],[-75.9323099995824,43.088142000184035],[-75.9333059995405,43.088793999686544],[-75.93113500051774,43.09022099990749],[-75.93074000032829,43.089912000204464],[-75.93092300001518,43.08863400039456],[-75.92970700005327,43.08733900020241],[-75.92866600014666,43.08721399968686],[-75.92777300013535,43.087798999972826],[-75.92880899974817,43.08830400035282],[-75.92891999966153,43.088985999585006],[-75.92758000052643,43.089260000209876],[-75.92675700067291,43.09056499974174],[-75.92428100022973,43.08946800048952],[-75.91989399961757,43.089875999867495],[-75.91985400018605,43.08856200044555],[-75.91854399964038,43.087894999779195],[-75.91920400001423,43.086944999752546],[-75.91881800007766,43.086114999574065],[-75.91764000026538,43.086552000066874]]]}},{"id":"996","type":"Feature","properties":{"GISJOIN":"G36006700157","pct_black":1.26},"geometry":{"type":"Polygon","coordinates":[[[-75.90168100005545,42.861942999940645],[-76.04833799961594,42.855701999742],[-76.05944799987724,42.9686109998187],[-76.05740200003994,42.96897899959401],[-76.05843000048634,42.983526999780665],[-75.93569999938988,42.98897300018275],[-75.93289000007105,42.98859399985678],[-75.91061299959907,42.98941000028616],[-75.90168100005545,42.861942999940645]]]}},{"id":"997","type":"Feature","properties":{"GISJOIN":"G36006700158","pct_black":0.16},"geometry":{"type":"Polygon","coordinates":[[[-76.04833799961594,42.855701999742],[-76.1620440000253,42.850292000183806],[-76.16428799943743,42.88203399988665],[-76.17385599982124,42.881649999544],[-76.1755979995971,42.903836999828975],[-76.17881600032479,42.90366599970928],[-76.17955400064608,42.91103799981132],[-76.1317240004003,42.91341700037719],[-76.13390200063922,42.94188999979725],[-76.1046389995698,42.94314599960953],[-76.10774500027193,42.98116599978429],[-76.05843000048634,42.983526999780665],[-76.05740200003994,42.96897899959401],[-76.05944799987724,42.9686109998187],[-76.04833799961594,42.855701999742]]]}},{"id":"998","type":"Feature","properties":{"GISJOIN":"G36006700159","pct_black":0.0},"geometry":{"type":"Polygon","coordinates":[[[-76.13637899951563,42.97134500037484],[-76.13477599998517,42.95049800000143],[-76.13419399956025,42.94916399987338],[-76.13457999970807,42.94775899956252],[-76.1317240004003,42.91341700037719],[-76.17947899955566,42.91112499977457],[-76.181170000255,42.92817300029447],[-76.18076000015834,42.92844600043652],[-76.18398600013394,42.96976199997809],[-76.17184800006662,42.9700660003903],[-76.17090000041834,42.959175999980054],[-76.15878599982058,42.95951300005418],[-76.15937599996334,42.970200999898324],[-76.13637899951563,42.97134500037484]]]}},{"id":"999","type":"Feature","properties":{"GISJOIN":"G36006700160","pct_black":0.0},"geometry":{"type":"Polygon","coordinates":[[[-76.22729099960074,43.01219899987929],[-76.2257540004524,42.99406499968735],[-76.22129700039488,42.99459200030799],[-76.21555799956951,42.99441599981576],[-76.20927100015054,42.99618900032007],[-76.20809099975689,42.985535999953065],[-76.20638499999251,42.980344000220576],[-76.18784700063476,42.98126199993663],[-76.1912360004081,42.97629700006583],[-76.17672600019588,42.97696099999089],[-76.17617900049568,42.97010899981503],[-76.18398600013394,42.96976199997809],[-76.18076000015834,42.92844600043652],[-76.181170000255,42.92817300029447],[-76.17881600032479,42.90366599970928],[-76.28084900024794,42.898929000333666],[-76.29172500026313,43.02812499959168],[-76.27352699945337,43.02938800035561],[-76.27395200033827,43.027016999774546],[-76.27038900027047,43.02037199993214],[-76.2700409996123,43.015983000033216],[-76.25934300013269,43.015902999907965],[-76.24379100036637,43.01393900030712],[-76.23463900043005,43.012125999907475],[-76.22729099960074,43.01219899987929]]]}},{"id":"1000","type":"Feature","properties":{"GISJOIN":"G36006700161","pct_black":1.25},"geometry":{"type":"Polygon","coordinates":[[[-76.10948400008013,43.00550900038991],[-76.1046389995698,42.94314599960953],[-76.13390200063922,42.94188999979725],[-76.13594700007113,42.966213000184425],[-76.13233099984862,42.97529000019966],[-76.13168399976509,42.97862499964769],[-76.13203399993137,42.981998000117784],[-76.13380400047238,42.98762299987775],[-76.12512799956079,42.987968999999005],[-76.1267339999309,43.004197000337676],[-76.12231000039999,43.01072700050718],[-76.12476900036378,43.012983000005526],[-76.12427699978451,43.01402999994171],[-76.11078499969753,43.01445200006524],[-76.10948400008013,43.00550900038991]]]}},{"id":"1001","type":"Feature","properties":{"GISJOIN":"G36006700162","pct_black":5.33},"geometry":{"type":"Polygon","coordinates":[[[-76.13594700007113,42.966213000184425],[-76.13637899951563,42.97134500037484],[-76.15937599996334,42.970200999898324],[-76.15878599982058,42.95951300005418],[-76.17090000041834,42.959175999980054],[-76.17184700043735,42.969066000182565],[-76.16652699999196,42.97715799999946],[-76.16471000015828,42.98112600000983],[-76.16174699995591,42.98436599976291],[-76.14359000027834,42.985139000217835],[-76.14224700042857,42.98510499991354],[-76.14209699947627,42.9845950000396],[-76.135243999511,42.98466600016109],[-76.13533099998837,42.98756400014138],[-76.13380400047238,42.98762299987775],[-76.13192700002843,42.98151699968114],[-76.13172100006294,42.97814199986827],[-76.13233099984862,42.97529000019966],[-76.13594700007113,42.966213000184425]]]}},{"id":"1002","type":"Feature","properties":{"GISJOIN":"G36006700163","pct_black":0.6},"geometry":{"type":"Polygon","coordinates":[[[-76.18525099960905,43.02522799990141],[-76.18200599942104,43.02415499992655],[-76.18221399997091,43.023666000241796],[-76.1806299997883,43.02379200038702],[-76.18065200042834,43.0221290004618],[-76.1774099999049,43.0187200002511],[-76.17549399979491,43.01951199974695],[-76.17468200021125,43.018120999691426],[-76.17546699980439,43.01755700014608],[-76.17099800055989,43.01659700005162],[-76.17061699996728,43.009748000245764],[-76.1676599993825,43.01163300004417],[-76.16735699959844,43.00971499974816],[-76.16625500032214,43.00990800040961],[-76.16585299940743,43.011096000245054],[-76.16134599973391,43.010865999773536],[-76.15986600015542,43.004182000014346],[-76.16008000057614,43.00365300017479],[-76.16577700012546,43.00552499959777],[-76.16274700030478,42.98436599981178],[-76.16174699995591,42.98436599976291],[-76.16471000015828,42.98112600000983],[-76.16652699999196,42.97715799999946],[-76.17184700043735,42.969066000182565],[-76.17184800006662,42.9700660003903],[-76.17617900049568,42.97010899981503],[-76.17672600019588,42.97696099999089],[-76.1912360004081,42.97629700006583],[-76.18784700063476,42.98126199993663],[-76.20638499999251,42.980344000220576],[-76.20809099975689,42.985535999953065],[-76.20927100015054,42.99618900032007],[-76.21555799956951,42.99441599981576],[-76.22129700039488,42.99459200030799],[-76.2257540004524,42.99406499968735],[-76.22729099960074,43.01219899987929],[-76.20480999972342,43.01308999995263],[-76.20255699949587,43.0122910000465],[-76.20249100016827,43.01429500039513],[-76.19702300051588,43.01488100030294],[-76.19713462057379,43.018527545301076],[-76.19801589399385,43.02243631515287],[-76.19456799992375,43.02245999989304],[-76.19391499971769,43.02538500037994],[-76.18530500001708,43.025876999734145],[-76.18525099960905,43.02522799990141]]]}},{"id":"1003","type":"Feature","properties":{"GISJOIN":"G36006700164","pct_black":0.51},"geometry":{"type":"Polygon","coordinates":[[[-76.19822000042832,43.02283600007182],[-76.19713462057379,43.018527545301076],[-76.19702300051588,43.01488100030294],[-76.20249100016827,43.01429500039513],[-76.20255699949587,43.0122910000465],[-76.20480999972342,43.01308999995263],[-76.23431800027932,43.01210099976502],[-76.24379100036637,43.01393900030712],[-76.25934300013269,43.015902999907965],[-76.2700409996123,43.015983000033216],[-76.27038900027047,43.02037199993214],[-76.27396800033493,43.02737099969415],[-76.27352699945337,43.02938800035561],[-76.19417599968398,43.032116999986265],[-76.19535899960242,43.03163999962018],[-76.19569400040606,43.0305989999978],[-76.19544999999337,43.02694799983523],[-76.19654800039092,43.02706600036088],[-76.19674000026957,43.02839300006329],[-76.1995559999981,43.02816399999902],[-76.19962900012236,43.02736699990925],[-76.20331599984522,43.0267390004079],[-76.20357800051745,43.02413500026293],[-76.20314700012315,43.022470999691734],[-76.20115999984604,43.02363499957015],[-76.19993300061893,43.02264199970719],[-76.19822000042832,43.02283600007182]]]}},{"id":"1004","type":"Feature","properties":{"GISJOIN":"G36006700165","pct_black":0.07},"geometry":{"type":"Polygon","coordinates":[[[-76.2905650002734,43.01429499973942],[-76.28075200002462,42.89748600006323],[-76.3609560002083,42.89424000031291],[-76.36670199980374,42.973818000297356],[-76.36992600002765,43.01044899990733],[-76.31849300038846,43.01257900045139],[-76.2905650002734,43.01429499973942]]]}},{"id":"1005","type":"Feature","properties":{"GISJOIN":"G36006700166","pct_black":0.0},"geometry":{"type":"Polygon","coordinates":[[[-76.41946499957412,42.95510699951687],[-76.40927999945217,42.937869999945],[-76.42924599969777,42.937500999531814],[-76.42878200047296,42.93644400005044],[-76.43954600025059,42.93648299982473],[-76.44172100036353,42.95404100027091],[-76.43853914734285,42.954177523033714],[-76.44136666644467,42.956094847263365],[-76.43848930182277,42.95664978774027],[-76.43738847544218,42.95424492427328],[-76.41946499957412,42.95510699951687]]]}},{"id":"1006","type":"Feature","properties":{"GISJOIN":"G36006700167","pct_black":0.26},"geometry":{"type":"Polygon","coordinates":[[[-76.3609560002083,42.89424000031291],[-76.39989599985823,42.89232099996839],[-76.39228200056829,42.875071000138405],[-76.38835400065935,42.870187999661034],[-76.37870400034902,42.86299000026626],[-76.3570180004474,42.849447999883125],[-76.45073800008122,42.8457599998131],[-76.46299900017802,43.00631600015537],[-76.36992600002765,43.01044899990733],[-76.36670199980374,42.973818000297356],[-76.3609560002083,42.89424000031291]],[[-76.40927999945217,42.937869999945],[-76.41946499957412,42.95510699951687],[-76.43738847544218,42.95424492427328],[-76.43848930182277,42.95664978774027],[-76.44136666644467,42.956094847263365],[-76.43853914734285,42.954177523033714],[-76.44172100036353,42.95404100027091],[-76.43954600025059,42.93648299982473],[-76.42878200047296,42.93644400005044],[-76.42924599969777,42.937500999531814],[-76.40927999945217,42.937869999945]]]}},{"id":"1007","type":"Feature","properties":{"GISJOIN":"G36006700168","pct_black":0.0},"geometry":{"type":"Polygon","coordinates":[[[-76.1620440000253,42.850292000183806],[-76.16529299945412,42.85016800024407],[-76.1624240004794,42.82083000044501],[-76.19967000042672,42.81933499971422],[-76.19594400021212,42.774729999943325],[-76.27467299992189,42.77125700026035],[-76.27534800035376,42.78047000024391],[-76.27906699968162,42.78586600034224],[-76.28619800013759,42.7944429998755],[-76.2987700000163,42.80746000016944],[-76.30576200041894,42.81333800026432],[-76.32979599998924,42.82946899962917],[-76.35466499954492,42.84796399984483],[-76.38561600044989,42.86779199999197],[-76.39037599984626,42.872394999619225],[-76.39228200056829,42.875071000138405],[-76.39989599985823,42.89232099996839],[-76.28525899994074,42.897239000013286],[-76.28075200002462,42.89748600006323],[-76.28084900024794,42.898929000333666],[-76.1755979995971,42.903836999828975],[-76.17385599982124,42.881649999544],[-76.16428799943743,42.88203399988665],[-76.1620440000253,42.850292000183806]]]}},{"id":"1008","type":"Feature","properties":{"GISJOIN":"G36006700169","pct_black":0.0},"geometry":{"type":"Polygon","coordinates":[[[-75.90168100005545,42.861942999940645],[-75.8960789994989,42.79096399997227],[-75.99574999983469,42.78523899996197],[-76.08017000056643,42.78159900009026],[-76.0802129998745,42.780013999943385],[-76.19594400021212,42.774729999943325],[-76.19967000042672,42.81933499971422],[-76.1624240004794,42.82083000044501],[-76.16529299945412,42.85016800024407],[-75.90168100005545,42.861942999940645]]]}}]}