{"type":"FeatureCollection","features":[{"id":"264","type":"Feature","properties":{"GISJOIN":"G42010100001A","pct_black":1.19},"geometry":{"type":"Polygon","coordinates":[[[-75.13243299968066,39.92185100019573],[-75.14784199994288,39.92401499958127],[-75.14616999944391,39.931321000225786],[-75.13568715359504,39.930139093767025],[-75.13243299968066,39.92185100019573]]]}},{"id":"265","type":"Feature","properties":{"GISJOIN":"G42010100001B","pct_black":1.23},"geometry":{"type":"Polygon","coordinates":[[[-75.14784199994288,39.92401499958127],[-75.1560949999889,39.92510300013383],[-75.15445399974726,39.93242000023297],[-75.14616999944391,39.931321000225786],[-75.14784199994288,39.92401499958127]]]}},{"id":"266","type":"Feature","properties":{"GISJOIN":"G42010100001C","pct_black":1.08},"geometry":{"type":"Polygon","coordinates":[[[-75.1560949999889,39.92510300013383],[-75.16604200028172,39.9264139998545],[-75.16734999964858,39.926579000132925],[-75.15951699973299,39.93309999997606],[-75.15445399974726,39.93242000023297],[-75.1560949999889,39.92510300013383]]]}},{"id":"267","type":"Feature","properties":{"GISJOIN":"G42010100002A","pct_black":31.89},"geometry":{"type":"Polygon","coordinates":[[[-75.13607099953363,39.93382900032278],[-75.13568715359504,39.930139093767025],[-75.15445399974726,39.93242000023297],[-75.15328600025566,39.93773599973402],[-75.14264299968563,39.93486199971795],[-75.13607099953363,39.93382900032278]]]}},{"id":"268","type":"Feature","properties":{"GISJOIN":"G42010100002B","pct_black":8.45},"geometry":{"type":"Polygon","coordinates":[[[-75.15328600025566,39.93773599973402],[-75.15445399974726,39.93242000023297],[-75.15951699973299,39.93309999997606],[-75.15735099971371,39.93489699950798],[-75.1670829997412,39.936741999509906],[-75.16681599942639,39.93786900010529],[-75.16139900069841,39.93715699967103],[-75.16091999981928,39.93936700013887],[-75.15328600025566,39.93773599973402]]]}},{"id":"269","type":"Feature","properties":{"GISJOIN":"G42010100002C","pct_black":62.0},"geometry":{"type":"Polygon","coordinates":[[[-75.16681599942639,39.93786900010529],[-75.1663599999747,39.94002999999651],[-75.16091999981928,39.93936700013887],[-75.16139900069841,39.93715699967103],[-75.16681599942639,39.93786900010529]]]}},{"id":"270","type":"Feature","properties":{"GISJOIN":"G42010100003A","pct_black":22.73},"geometry":{"type":"Polygon","coordinates":[[[-75.13617699939064,39.9365480001962],[-75.13607099953363,39.93382900032278],[-75.14264299968563,39.93486199971795],[-75.15784799972899,39.93898199994792],[-75.16091999981928,39.93936700013887],[-75.1605329996269,39.94114600028396],[-75.14310530250566,39.938208234889714],[-75.14323999992388,39.93703800026562],[-75.13617699939064,39.9365480001962]]]}},{"id":"271","type":"Feature","properties":{"GISJOIN":"G42010100003B","pct_black":74.56},"geometry":{"type":"Polygon","coordinates":[[[-75.16091999981928,39.93936700013887],[-75.1663599999747,39.94002999999651],[-75.16598800034905,39.94182000028359],[-75.1605329996269,39.94114600028396],[-75.16091999981928,39.93936700013887]]]}},{"id":"272","type":"Feature","properties":{"GISJOIN":"G42010100004A","pct_black":30.96},"geometry":{"type":"Polygon","coordinates":[[[-75.13622100055923,39.939764000081226],[-75.13617699939064,39.9365480001962],[-75.14323999992388,39.93703800026562],[-75.14310530250566,39.938208234889714],[-75.1605329996269,39.94114600028396],[-75.16020499934005,39.942997000224324],[-75.13622100055923,39.939764000081226]]]}},{"id":"273","type":"Feature","properties":{"GISJOIN":"G42010100004B","pct_black":90.65},"geometry":{"type":"Polygon","coordinates":[[[-75.1605329996269,39.94114600028396],[-75.16598800034905,39.94182000028359],[-75.16557499975613,39.94366400026234],[-75.16020499934005,39.942997000224324],[-75.1605329996269,39.94114600028396]]]}},{"id":"274","type":"Feature","properties":{"GISJOIN":"G42010100005A","pct_black":19.39},"geometry":{"type":"Polygon","coordinates":[[[-75.13581600051687,39.94696799972795],[-75.13622100055923,39.939764000081226],[-75.15391600022886,39.942204999724964],[-75.1530239996558,39.94629900017407],[-75.15350000011608,39.94644000025401],[-75.15330200018144,39.94739799979104],[-75.15317400048626,39.94796199982169],[-75.15267100047203,39.94789900039848],[-75.15233699964759,39.94942099973768],[-75.13581600051687,39.94696799972795]]]}},{"id":"275","type":"Feature","properties":{"GISJOIN":"G42010100006A","pct_black":27.74},"geometry":{"type":"Polygon","coordinates":[[[-75.13417000058155,39.95340899995309],[-75.135238999965,39.950676999770195],[-75.13581600051687,39.94696799972795],[-75.15233699964759,39.94942099973768],[-75.15112500034968,39.95484799970832],[-75.15166900000409,39.95491300023571],[-75.15122299993813,39.95686200030215],[-75.14912999953944,39.95619100016046],[-75.14183799982281,39.95551400002277],[-75.14183300033307,39.95498900009442],[-75.14256499955665,39.9549779999998],[-75.14186700014528,39.954891000023416],[-75.14009599938991,39.95545200021172],[-75.13417000058155,39.95340899995309]]]}},{"id":"276","type":"Feature","properties":{"GISJOIN":"G42010100007A","pct_black":6.66},"geometry":{"type":"Polygon","coordinates":[[[-75.15349100001455,39.94412300008588],[-75.16067699961712,39.94454799969903],[-75.16676700016797,39.94576799962622],[-75.16687200043548,39.94532100028876],[-75.16844299972277,39.94552399964759],[-75.16802999948484,39.947386000005146],[-75.15318399972698,39.94553600028437],[-75.15349100001455,39.94412300008588]]]}},{"id":"277","type":"Feature","properties":{"GISJOIN":"G42010100007B","pct_black":77.93},"geometry":{"type":"Polygon","coordinates":[[[-75.15391600022886,39.942204999724964],[-75.1580420001258,39.94273000042348],[-75.16876199991445,39.9440499995558],[-75.16844299972277,39.94552399964759],[-75.16687200043548,39.94532100028876],[-75.16676700016797,39.94576799962622],[-75.16067699961712,39.94454799969903],[-75.15349100001455,39.94412300008588],[-75.15391600022886,39.942204999724964]]]}},{"id":"278","type":"Feature","properties":{"GISJOIN":"G42010100007C","pct_black":4.17},"geometry":{"type":"Polygon","coordinates":[[[-75.1684210003063,39.94559099967359],[-75.17664699944311,39.94659399996266],[-75.17656300053521,39.94699799972134],[-75.18495391179071,39.94850225479755],[-75.1832879997137,39.949512000036904],[-75.16802999948484,39.947386000005146],[-75.1684210003063,39.94559099967359]]]}},{"id":"279","type":"Feature","properties":{"GISJOIN":"G42010100007D","pct_black":66.65},"geometry":{"type":"Polygon","coordinates":[[[-75.1684210003063,39.94559099967359],[-75.16876199991445,39.9440499995558],[-75.18568500049291,39.946159000028466],[-75.18723099933739,39.947176000298924],[-75.18495391179071,39.94850225479755],[-75.17656300053521,39.94699799972134],[-75.17664699944311,39.94659399996266],[-75.1684210003063,39.94559099967359]]]}},{"id":"280","type":"Feature","properties":{"GISJOIN":"G42010100008A","pct_black":1.48},"geometry":{"type":"Polygon","coordinates":[[[-75.15267100047203,39.94789900039848],[-75.17066700038295,39.95013100020983],[-75.18166299973085,39.9515090001202],[-75.18090900004225,39.95298199955636],[-75.15233699964759,39.94942099973768],[-75.15267100047203,39.94789900039848]]]}},{"id":"281","type":"Feature","properties":{"GISJOIN":"G42010100008B","pct_black":3.72},"geometry":{"type":"Polygon","coordinates":[[[-75.15318399972698,39.94553600028437],[-75.18113399981884,39.94900799976202],[-75.1832879997137,39.949512000036904],[-75.18166299973085,39.9515090001202],[-75.15317400048626,39.94796199982169],[-75.15318399972698,39.94553600028437]]]}},{"id":"282","type":"Feature","properties":{"GISJOIN":"G42010100009A","pct_black":2.39},"geometry":{"type":"Polygon","coordinates":[[[-75.15233699964759,39.94942099973768],[-75.16719500027592,39.95126299988343],[-75.16636500032567,39.95481600028401],[-75.15153899975546,39.952947999605335],[-75.15233699964759,39.94942099973768]]]}},{"id":"283","type":"Feature","properties":{"GISJOIN":"G42010100009B","pct_black":0.6},"geometry":{"type":"Polygon","coordinates":[[[-75.16719500027592,39.95126299988343],[-75.16876699991913,39.951468000099275],[-75.18090900004225,39.95298199955636],[-75.17976800050342,39.955992999752105],[-75.17892299982046,39.95576700016843],[-75.17868500002128,39.95637000042564],[-75.16636500032567,39.95481600028401],[-75.16719500027592,39.95126299988343]]]}},{"id":"284","type":"Feature","properties":{"GISJOIN":"G42010100010A","pct_black":7.95},"geometry":{"type":"Polygon","coordinates":[[[-75.15153899975546,39.952947999605335],[-75.16483999947256,39.95461900011541],[-75.16412299956978,39.95804299995248],[-75.15445100046799,39.956777000098405],[-75.15122299993813,39.95686200030215],[-75.15153899975546,39.952947999605335]]]}},{"id":"285","type":"Feature","properties":{"GISJOIN":"G42010100010B","pct_black":2.23},"geometry":{"type":"Polygon","coordinates":[[[-75.16412299956978,39.95804299995248],[-75.16483999947256,39.95461900011541],[-75.17868500002128,39.95637000042564],[-75.17892299982046,39.95576700016843],[-75.17976800050342,39.955992999752105],[-75.179122000173,39.95598400027898],[-75.1786479998714,39.95755899967255],[-75.17924199960385,39.95993099978782],[-75.16412299956978,39.95804299995248]]]}},{"id":"286","type":"Feature","properties":{"GISJOIN":"G42010100011A","pct_black":22.56},"geometry":{"type":"Polygon","coordinates":[[[-75.1380809999577,39.962935999590705],[-75.13886499999987,39.9604269997365],[-75.14327900061912,39.96139999979364],[-75.14252800006005,39.964985000073234],[-75.1380809999577,39.962935999590705]]]}},{"id":"287","type":"Feature","properties":{"GISJOIN":"G42010100011B","pct_black":46.18},"geometry":{"type":"Polygon","coordinates":[[[-75.13040399964063,39.958736999773144],[-75.13417000058155,39.95340899995309],[-75.14009599938991,39.95545200021172],[-75.14186700014528,39.954891000023416],[-75.14257200002768,39.95504900015884],[-75.1418650001732,39.95496800035723],[-75.14183799982281,39.95551400002277],[-75.14444700063454,39.95585499974821],[-75.14327900061912,39.96139999979364],[-75.13886499999987,39.9604269997365],[-75.1380809999577,39.962935999590705],[-75.1336349998288,39.961295999590234],[-75.13040399964063,39.958736999773144]]]}},{"id":"288","type":"Feature","properties":{"GISJOIN":"G42010100012A","pct_black":28.93},"geometry":{"type":"Polygon","coordinates":[[[-75.14252800006005,39.964985000073234],[-75.14327900061912,39.96139999979364],[-75.14802899950128,39.962264999707756],[-75.14714599982985,39.967125999785814],[-75.14252800006005,39.964985000073234]]]}},{"id":"289","type":"Feature","properties":{"GISJOIN":"G42010100012B","pct_black":30.44},"geometry":{"type":"Polygon","coordinates":[[[-75.14327900061912,39.96139999979364],[-75.14444700063454,39.95585499974821],[-75.14912999953944,39.95619100016046],[-75.14802899950128,39.962264999707756],[-75.14327900061912,39.96139999979364]]]}},{"id":"290","type":"Feature","properties":{"GISJOIN":"G42010100013A","pct_black":66.46},"geometry":{"type":"Polygon","coordinates":[[[-75.14714599982985,39.967125999785814],[-75.14802899950128,39.962264999707756],[-75.15431199954214,39.96261399971467],[-75.15301800028176,39.96854900023163],[-75.14714599982985,39.967125999785814]]]}},{"id":"291","type":"Feature","properties":{"GISJOIN":"G42010100013B","pct_black":47.89},"geometry":{"type":"Polygon","coordinates":[[[-75.14912999953944,39.95619100016046],[-75.15149100026743,39.9568959999164],[-75.1555380000856,39.95692300018149],[-75.15431199954214,39.96261399971467],[-75.14802899950128,39.962264999707756],[-75.14912999953944,39.95619100016046]]]}},{"id":"292","type":"Feature","properties":{"GISJOIN":"G42010100014A","pct_black":77.96},"geometry":{"type":"Polygon","coordinates":[[[-75.15301800028176,39.96854900023163],[-75.15431199954214,39.96261399971467],[-75.16118799971854,39.96342199992854],[-75.15970200014816,39.970202000040246],[-75.15301800028176,39.96854900023163]]]}},{"id":"293","type":"Feature","properties":{"GISJOIN":"G42010100014B","pct_black":15.63},"geometry":{"type":"Polygon","coordinates":[[[-75.1555380000856,39.95692300018149],[-75.16247099969111,39.9578420000607],[-75.16118799971854,39.96342199992854],[-75.15431199954214,39.96261399971467],[-75.1555380000856,39.95692300018149]]]}},{"id":"294","type":"Feature","properties":{"GISJOIN":"G42010100015A","pct_black":15.24},"geometry":{"type":"Polygon","coordinates":[[[-75.15970200014816,39.970202000040246],[-75.16138399997224,39.96247400038046],[-75.1760560003202,39.96436600008529],[-75.1796829994358,39.96741600018639],[-75.16534899966094,39.967149000095645],[-75.16494100047046,39.96906100035026],[-75.16386899942617,39.969668999903284],[-75.16474400062235,39.97043599988413],[-75.1645549997909,39.97081600002117],[-75.15970200014816,39.970202000040246]]]}},{"id":"295","type":"Feature","properties":{"GISJOIN":"G42010100015B","pct_black":12.77},"geometry":{"type":"Polygon","coordinates":[[[-75.16138399997224,39.96247400038046],[-75.16247099969111,39.9578420000607],[-75.17924199960385,39.95993099978782],[-75.17865100037147,39.95764700002633],[-75.17907099966392,39.95612200029296],[-75.17912600033443,39.95800399969626],[-75.1799369997052,39.96002799978844],[-75.18160100013985,39.96200600047942],[-75.17762700008745,39.96272300040538],[-75.17515100019185,39.96092700022289],[-75.17153680698372,39.9608386072483],[-75.1731117601962,39.96155610585831],[-75.17621899943072,39.96440900028258],[-75.16138399997224,39.96247400038046]]]}},{"id":"296","type":"Feature","properties":{"GISJOIN":"G42010100015C","pct_black":32.15},"geometry":{"type":"Polygon","coordinates":[[[-75.17538999998914,39.967344999733726],[-75.17436699945839,39.972035000194154],[-75.1645549997909,39.97081600002117],[-75.16474400062235,39.97043599988413],[-75.16386899942617,39.969668999903284],[-75.16494100047046,39.96906100035026],[-75.16534899966094,39.967149000095645],[-75.17538999998914,39.967344999733726]]]}},{"id":"297","type":"Feature","properties":{"GISJOIN":"G42010100015D","pct_black":0.59},"geometry":{"type":"Polygon","coordinates":[[[-75.17538999998914,39.967344999733726],[-75.1796829994358,39.96741600018639],[-75.18546499954479,39.97237300025974],[-75.18604499986685,39.973497000008614],[-75.17436699945839,39.972035000194154],[-75.17538999998914,39.967344999733726]]]}},{"id":"298","type":"Feature","properties":{"GISJOIN":"G42010100015E","pct_black":0.0},"geometry":{"type":"Polygon","coordinates":[[[-75.18636799995504,39.97353699985597],[-75.1731117601962,39.96155610585831],[-75.17153680698372,39.9608386072483],[-75.17515100019185,39.96092700022289],[-75.17762700008745,39.96272300040538],[-75.18160100013985,39.96200600047942],[-75.18497600009879,39.966128999784715],[-75.19101199992458,39.97003400005062],[-75.1932509400912,39.974217142359095],[-75.18636799995504,39.97353699985597]]]}},{"id":"299","type":"Feature","properties":{"GISJOIN":"G42010100016A","pct_black":8.64},"geometry":{"type":"Polygon","coordinates":[[[-75.12542100055694,39.961960000033734],[-75.13040399964063,39.958736999773144],[-75.1336349998288,39.961295999590234],[-75.1388269997009,39.96312899963072],[-75.14714599982985,39.967125999785814],[-75.14654300007628,39.97037999987934],[-75.13442799983001,39.96879100000858],[-75.13406681864959,39.96389072896706],[-75.12812269604746,39.966211269909444],[-75.12542100055694,39.961960000033734]]]}},{"id":"300","type":"Feature","properties":{"GISJOIN":"G42010100017A","pct_black":2.94},"geometry":{"type":"Polygon","coordinates":[[[-75.13337400027369,39.97408999965869],[-75.13440100051017,39.97230300004216],[-75.13442799983001,39.96879100000858],[-75.14654300007628,39.97037999987934],[-75.14555900001098,39.97563800039241],[-75.13337400027369,39.97408999965869]]]}},{"id":"301","type":"Feature","properties":{"GISJOIN":"G42010100018A","pct_black":0.05},"geometry":{"type":"Polygon","coordinates":[[[-75.11895800012125,39.96553499994973],[-75.12542100055694,39.961960000033734],[-75.12812269604746,39.966211269909444],[-75.13406681864959,39.96389072896706],[-75.13442799983001,39.96879100000858],[-75.12150399975762,39.97320999966399],[-75.12023100041641,39.97238699997713],[-75.12192400023021,39.97072699994146],[-75.12176500042963,39.96914200026506],[-75.11895800012125,39.96553499994973]]]}},{"id":"302","type":"Feature","properties":{"GISJOIN":"G42010100018B","pct_black":0.03},"geometry":{"type":"Polygon","coordinates":[[[-75.12740100017251,39.976845000436626],[-75.12150399975762,39.97320999966399],[-75.13442799983001,39.96879100000858],[-75.13440100051017,39.97230300004216],[-75.1264060004489,39.97508099965648],[-75.12740100017251,39.976845000436626]]]}},{"id":"303","type":"Feature","properties":{"GISJOIN":"G42010100018C","pct_black":0.0},"geometry":{"type":"Polygon","coordinates":[[[-75.12740100017251,39.976845000436626],[-75.1264060004489,39.97508099965648],[-75.13440100051017,39.97230300004216],[-75.13044800006818,39.97858899978088],[-75.12740100017251,39.976845000436626]]]}},{"id":"304","type":"Feature","properties":{"GISJOIN":"G42010100018D","pct_black":0.0},"geometry":{"type":"Polygon","coordinates":[[[-75.1173549999868,39.98148100038808],[-75.10755699973114,39.97053300010113],[-75.11895800012125,39.96553499994973],[-75.12176500042963,39.96914200026506],[-75.12192400023021,39.97072699994146],[-75.12023100041641,39.97238699997713],[-75.12268799964633,39.97395400023691],[-75.1199689999161,39.97591100032368],[-75.1173549999868,39.98148100038808]]]}},{"id":"305","type":"Feature","properties":{"GISJOIN":"G42010100019A","pct_black":4.88},"geometry":{"type":"Polygon","coordinates":[[[-75.12549100002259,39.98983599971827],[-75.13190699962455,39.98630600031524],[-75.13288100029561,39.98163099977705],[-75.14416900026214,39.98309199976554],[-75.14419599963956,39.98523099990939],[-75.14512599960744,39.986485000170475],[-75.13966899993893,39.98580200009316],[-75.13835200049404,39.9918510002061],[-75.12549100002259,39.98983599971827]]]}},{"id":"306","type":"Feature","properties":{"GISJOIN":"G42010100019B","pct_black":1.49},"geometry":{"type":"Polygon","coordinates":[[[-75.14512599960744,39.986485000170475],[-75.14830500008208,39.990967999776906],[-75.1478869997749,39.99307799966956],[-75.13835200049404,39.9918510002061],[-75.13966899993893,39.98580200009316],[-75.14512599960744,39.986485000170475]]]}},{"id":"307","type":"Feature","properties":{"GISJOIN":"G42010100019C","pct_black":1.45},"geometry":{"type":"Polygon","coordinates":[[[-75.13044800006818,39.97858899978088],[-75.13337400027369,39.97408999965869],[-75.14555900001098,39.97563800039241],[-75.14416900026214,39.98309199976554],[-75.13288100029561,39.98163099977705],[-75.13318999950225,39.980134000221575],[-75.13044800006818,39.97858899978088]]]}},{"id":"308","type":"Feature","properties":{"GISJOIN":"G42010100020A","pct_black":25.51},"geometry":{"type":"Polygon","coordinates":[[[-75.14415399953558,39.98472399993697],[-75.14608200003634,39.97283299973286],[-75.15191499955947,39.97358799953447],[-75.14934199931358,39.98539200029353],[-75.14415399953558,39.98472399993697]]]}},{"id":"309","type":"Feature","properties":{"GISJOIN":"G42010100020B","pct_black":94.91},"geometry":{"type":"Polygon","coordinates":[[[-75.14934199931358,39.98539200029353],[-75.15218799986228,39.97231800031826],[-75.15689299992432,39.97292699982019],[-75.15538499950259,39.979935999993835],[-75.15223499993742,39.979530999661904],[-75.15091299985386,39.98559699993175],[-75.14934199931358,39.98539200029353]]]}},{"id":"310","type":"Feature","properties":{"GISJOIN":"G42010100020C","pct_black":74.57},"geometry":{"type":"Polygon","coordinates":[[[-75.15689299992432,39.97292699982019],[-75.15905599977314,39.97320499963554],[-75.15758099951692,39.980222999891566],[-75.15538499950259,39.979935999993835],[-75.15689299992432,39.97292699982019]]]}},{"id":"311","type":"Feature","properties":{"GISJOIN":"G42010100020D","pct_black":56.6},"geometry":{"type":"Polygon","coordinates":[[[-75.14608200003634,39.97283299973286],[-75.14714599982985,39.967125999785814],[-75.15970200014816,39.970202000040246],[-75.15905599977314,39.97320499963554],[-75.15218799986228,39.97231800031826],[-75.15191499955947,39.97358799953447],[-75.14608200003634,39.97283299973286]]]}},{"id":"312","type":"Feature","properties":{"GISJOIN":"G42010100021A","pct_black":0.57},"geometry":{"type":"Polygon","coordinates":[[[-75.18166799962604,40.02565700002193],[-75.19040099966061,40.02229399980476],[-75.20113699996679,40.012958000442175],[-75.20613900040156,40.01475299993346],[-75.20242200029836,40.01580399993595],[-75.19763600030832,40.02146099976655],[-75.19277900000931,40.02427500043548],[-75.19323100054764,40.02499600000543],[-75.18914700052837,40.0273619999503],[-75.18673999995045,40.027996999572075],[-75.18601200021386,40.027572999754796],[-75.18546300056714,40.028874999812764],[-75.18166799962604,40.02565700002193]]]}},{"id":"313","type":"Feature","properties":{"GISJOIN":"G42010100021B","pct_black":2.41},"geometry":{"type":"Polygon","coordinates":[[[-75.21000190618527,40.04971613574019],[-75.19329000006316,40.03552000021323],[-75.18906300022311,40.03190500040762],[-75.19072300006717,40.03124600008728],[-75.19185899985023,40.03208199979704],[-75.19334300017015,40.03206300041082],[-75.1971210002624,40.033375000250224],[-75.19891800058038,40.03897299974999],[-75.20035899979116,40.03747699979337],[-75.20284600020881,40.03950300037743],[-75.20316399989314,40.037634999633],[-75.20554600014194,40.03905700020036],[-75.20504700017952,40.04312300040392],[-75.20701600036358,40.04160000042736],[-75.20817300021663,40.041989999901794],[-75.2099399996753,40.044635999888456],[-75.20986000001452,40.04610800043771],[-75.20886400008281,40.04625799999254],[-75.21019699981973,40.04754099964822],[-75.21000190618527,40.04971613574019]]]}},{"id":"314","type":"Feature","properties":{"GISJOIN":"G42010100021C","pct_black":0.0},"geometry":{"type":"Polygon","coordinates":[[[-75.22254456971882,40.05997618511339],[-75.2100105114615,40.049771935672545],[-75.21019699981973,40.04754099964822],[-75.20886400008281,40.04625799999254],[-75.20986000001452,40.04610800043771],[-75.2099399996753,40.044635999888456],[-75.20817300021663,40.041989999901794],[-75.20701600036358,40.04160000042736],[-75.20504700017952,40.04312300040392],[-75.20554600014194,40.03905700020036],[-75.20316399989314,40.037634999633],[-75.20284600020881,40.03950300037743],[-75.20035899979116,40.03747699979337],[-75.19891800058038,40.03897299974999],[-75.1971210002624,40.033375000250224],[-75.19334300017015,40.03206300041082],[-75.19185899985023,40.03208199979704],[-75.19072300006717,40.03124600008728],[-75.18906300022311,40.03190500040762],[-75.18546300056714,40.028874999812764],[-75.18601200021386,40.027572999754796],[-75.18673999995045,40.027996999572075],[-75.18914700052837,40.0273619999503],[-75.19323100054764,40.02499600000543],[-75.19277900000931,40.02427500043548],[-75.19763600030832,40.02146099976655],[-75.20242200029836,40.01580399993595],[-75.2059710004927,40.01498599998283],[-75.2011009445778,40.01297829406443],[-75.20354337079269,40.01038812203617],[-75.20800799978231,40.012997000394],[-75.20690299977652,40.0149579996562],[-75.20722099960179,40.016673000043],[-75.20405500015114,40.01727299969657],[-75.20339199995176,40.01824199988894],[-75.20447900012994,40.02094199991719],[-75.20397599974874,40.02322699959666],[-75.20249600050029,40.02560900033837],[-75.20400600017474,40.026441000094216],[-75.20561600016093,40.02866099963947],[-75.20340699945507,40.029561000109425],[-75.20556900045777,40.03251400042454],[-75.2077150003776,40.031573000182696],[-75.21001400019341,40.03708499962987],[-75.2169230006496,40.04224899972766],[-75.21784600026211,40.04434300027045],[-75.2179000001267,40.04741599968195],[-75.2187059997171,40.048509999919034],[-75.2271609998977,40.05253400010301],[-75.23122299971176,40.05370299966538],[-75.22620486884028,40.05613083318481],[-75.22096459288869,40.05708747329014],[-75.22254456971882,40.05997618511339]]]}},{"id":"315","type":"Feature","properties":{"GISJOIN":"G42010100021D","pct_black":0.15},"geometry":{"type":"Polygon","coordinates":[[[-75.22254456971882,40.05997618511339],[-75.22096459288869,40.05708747329014],[-75.22620486884028,40.05613083318481],[-75.23122299971176,40.05370299966538],[-75.2271609998977,40.05253400010301],[-75.23060300015972,40.05096199957851],[-75.23623400043556,40.05273899970392],[-75.23860000066219,40.05204299970934],[-75.24068700026095,40.05381599999823],[-75.22538006782047,40.06235313669319],[-75.22254456971882,40.05997618511339]]]}},{"id":"316","type":"Feature","properties":{"GISJOIN":"G42010100021E","pct_black":1.88},"geometry":{"type":"Polygon","coordinates":[[[-75.22538006782047,40.06235313669319],[-75.24068700026095,40.05381599999823],[-75.2434230004305,40.05612699972197],[-75.22935400050662,40.06570000027491],[-75.22538006782047,40.06235313669319]]]}},{"id":"317","type":"Feature","properties":{"GISJOIN":"G42010100021F","pct_black":0.44},"geometry":{"type":"Polygon","coordinates":[[[-75.24086900031183,40.07583000002648],[-75.22935400050662,40.06570000027491],[-75.23818199987309,40.05977099979782],[-75.2395450006241,40.06297699979404],[-75.24083899987426,40.069818999886216],[-75.24328800062558,40.073493999837744],[-75.24086900031183,40.07583000002648]]]}},{"id":"318","type":"Feature","properties":{"GISJOIN":"G42010100021G","pct_black":0.75},"geometry":{"type":"Polygon","coordinates":[[[-75.23818199987309,40.05977099979782],[-75.24148300026235,40.05751200027022],[-75.24917399958667,40.063971999634155],[-75.24813696459371,40.06561708284581],[-75.2520488304494,40.06542571691814],[-75.24328800062558,40.073493999837744],[-75.24083899987426,40.069818999886216],[-75.2395450006241,40.06297699979404],[-75.23818199987309,40.05977099979782]]]}},{"id":"319","type":"Feature","properties":{"GISJOIN":"G42010100021H","pct_black":7.53},"geometry":{"type":"Polygon","coordinates":[[[-75.24148300026235,40.05751200027022],[-75.25389099987386,40.048867000154274],[-75.25373400015154,40.04737699971713],[-75.25509800012138,40.0461220003626],[-75.25962100022964,40.04923799978589],[-75.26443099983148,40.0540940002073],[-75.2520488304494,40.06542571691814],[-75.24813696459371,40.06561708284581],[-75.24917399958667,40.063971999634155],[-75.24148300026235,40.05751200027022]]]}},{"id":"320","type":"Feature","properties":{"GISJOIN":"G42010100021I","pct_black":0.0},"geometry":{"type":"Polygon","coordinates":[[[-75.2434230004305,40.05612699972197],[-75.23860000066219,40.05204299970934],[-75.24565199930669,40.049312000322594],[-75.25122200060123,40.04344699987826],[-75.25509800012138,40.0461220003626],[-75.25373400015154,40.04737699971713],[-75.25389099987386,40.048867000154274],[-75.2434230004305,40.05612699972197]]]}},{"id":"321","type":"Feature","properties":{"GISJOIN":"G42010100021J","pct_black":0.0},"geometry":{"type":"Polygon","coordinates":[[[-75.23060300015972,40.05096199957851],[-75.24348300016996,40.045379000416325],[-75.24776799963412,40.04279700039253],[-75.25013099995417,40.0446200001537],[-75.24565199930669,40.049312000322594],[-75.2377240003072,40.05243100047984],[-75.23623400043556,40.05273899970392],[-75.23060300015972,40.05096199957851]]]}},{"id":"322","type":"Feature","properties":{"GISJOIN":"G42010100021K","pct_black":0.0},"geometry":{"type":"Polygon","coordinates":[[[-75.23204000057865,40.045327999817104],[-75.23727100042194,40.04294599972597],[-75.24009799988859,40.03856500008899],[-75.23493699986254,40.03490000000689],[-75.23806000054493,40.032136000155056],[-75.24297899955918,40.03622499964345],[-75.24579700028006,40.03727799973073],[-75.2470000000975,40.03973799981747],[-75.25122200060123,40.04344699987826],[-75.25013099995417,40.0446200001537],[-75.24776799963412,40.04279700039253],[-75.24348300016996,40.045379000416325],[-75.23541899996634,40.04877499980121],[-75.2347979997396,40.047585999809556],[-75.23204000057865,40.045327999817104]]]}},{"id":"323","type":"Feature","properties":{"GISJOIN":"G42010100021L","pct_black":0.0},"geometry":{"type":"Polygon","coordinates":[[[-75.21784200018925,40.04608000035506],[-75.22072999968401,40.044769999757534],[-75.22330699969002,40.0450540001843],[-75.22744399962596,40.043197000105195],[-75.23245000016105,40.045571000411805],[-75.2347979997396,40.047585999809556],[-75.23541899996634,40.04877499980121],[-75.2271609998977,40.05253400010301],[-75.2187059997171,40.048509999919034],[-75.2179000001267,40.04741599968195],[-75.21784200018925,40.04608000035506]]]}},{"id":"324","type":"Feature","properties":{"GISJOIN":"G42010100021M","pct_black":0.0},"geometry":{"type":"Polygon","coordinates":[[[-75.23204000057865,40.045327999817104],[-75.2262669996896,40.042401000313006],[-75.23493699986254,40.03490000000689],[-75.24009799988859,40.03856500008899],[-75.23727100042194,40.04294599972597],[-75.23204000057865,40.045327999817104]]]}},{"id":"325","type":"Feature","properties":{"GISJOIN":"G42010100021N","pct_black":1.78},"geometry":{"type":"Polygon","coordinates":[[[-75.22465699968406,40.03189899979744],[-75.23200499967697,40.02822799973163],[-75.23806000054493,40.032136000155056],[-75.22977899976074,40.03944299966302],[-75.22947799958175,40.03788699992203],[-75.22465699968406,40.03189899979744]]]}},{"id":"326","type":"Feature","properties":{"GISJOIN":"G42010100021O","pct_black":0.0},"geometry":{"type":"Polygon","coordinates":[[[-75.21875899968965,40.03665400040003],[-75.2237531906016,40.0344336261559],[-75.22239100026862,40.03305199978114],[-75.22465699968406,40.03189899979744],[-75.22947799958175,40.03788699992203],[-75.22977899976074,40.03944299966302],[-75.2262669996896,40.042401000313006],[-75.22280800021397,40.03811200030739],[-75.21875899968965,40.03665400040003]]]}},{"id":"327","type":"Feature","properties":{"GISJOIN":"G42010100021P","pct_black":0.04},"geometry":{"type":"Polygon","coordinates":[[[-75.21302600051285,40.039411999894455],[-75.21875899968965,40.03665400040003],[-75.22280800021397,40.03811200030739],[-75.22561400032603,40.041740000165255],[-75.22744399962596,40.043197000105195],[-75.22330699969002,40.0450540001843],[-75.22072999968401,40.044769999757534],[-75.21784200018925,40.04608000035506],[-75.21715500004244,40.04256400036902],[-75.21302600051285,40.039411999894455]]]}},{"id":"328","type":"Feature","properties":{"GISJOIN":"G42010100021Q","pct_black":0.66},"geometry":{"type":"Polygon","coordinates":[[[-75.2077150003776,40.031573000182696],[-75.21130799993027,40.02996999965178],[-75.21875899968965,40.03665400040003],[-75.21302600051285,40.039411999894455],[-75.2096369998653,40.0365740000314],[-75.2077150003776,40.031573000182696]]]}},{"id":"329","type":"Feature","properties":{"GISJOIN":"G42010100021R","pct_black":1.91},"geometry":{"type":"Polygon","coordinates":[[[-75.21130799993027,40.02996999965178],[-75.2166319999628,40.027601999781986],[-75.2237531906016,40.0344336261559],[-75.21875899968965,40.03665400040003],[-75.21130799993027,40.02996999965178]]]}},{"id":"330","type":"Feature","properties":{"GISJOIN":"G42010100021S","pct_black":8.71},"geometry":{"type":"Polygon","coordinates":[[[-75.2166319999628,40.027601999781986],[-75.22060399974248,40.025743000110644],[-75.22102700027743,40.02622799962015],[-75.22225099949709,40.02571499992967],[-75.22366999943083,40.02363300020639],[-75.23250200028795,40.02833500000336],[-75.22239100026862,40.03305199978114],[-75.2166319999628,40.027601999781986]]]}},{"id":"331","type":"Feature","properties":{"GISJOIN":"G42010100021T","pct_black":1.77},"geometry":{"type":"Polygon","coordinates":[[[-75.20773200023748,40.023783000429155],[-75.21198400051345,40.02146600017858],[-75.21484099997836,40.02059399995725],[-75.21446700030512,40.02013299988277],[-75.21566999942316,40.01888599995048],[-75.21848800047259,40.02125799994946],[-75.22220499993438,40.02254199974305],[-75.22366999943083,40.02363300020639],[-75.22225099949709,40.02571499992967],[-75.22102700027743,40.02622799962015],[-75.22060399974248,40.025743000110644],[-75.21130799993027,40.02996999965178],[-75.20773200023748,40.023783000429155]]]}},{"id":"332","type":"Feature","properties":{"GISJOIN":"G42010100021U","pct_black":0.05},"geometry":{"type":"Polygon","coordinates":[[[-75.20405700026028,40.02021299977784],[-75.20759500014132,40.019535999999405],[-75.20750100005918,40.023327999577916],[-75.21130799993027,40.02996999965178],[-75.20556900045777,40.03251400042454],[-75.20340699945507,40.029561000109425],[-75.20561600016093,40.02866099963947],[-75.20400600017474,40.026441000094216],[-75.20249600050029,40.02560900033837],[-75.20397599974874,40.02322699959666],[-75.20447900012994,40.02094199991719],[-75.20405700026028,40.02021299977784]]]}},{"id":"333","type":"Feature","properties":{"GISJOIN":"G42010100021V","pct_black":0.2},"geometry":{"type":"Polygon","coordinates":[[[-75.20405700026028,40.02021299977784],[-75.20339199995176,40.01824199988894],[-75.20405500015114,40.01727299969657],[-75.20722099960179,40.016673000043],[-75.20690299977652,40.0149579996562],[-75.20800799978231,40.012997000394],[-75.2110129996017,40.0141799996283],[-75.21566999942316,40.01888599995048],[-75.21446700030512,40.02013299988277],[-75.21484099997836,40.02059399995725],[-75.21198400051345,40.02146600017858],[-75.20773200023748,40.023783000429155],[-75.20759500014132,40.019535999999405],[-75.20405700026028,40.02021299977784]]]}},{"id":"334","type":"Feature","properties":{"GISJOIN":"G42010100022A","pct_black":9.97},"geometry":{"type":"Polygon","coordinates":[[[-75.16069100011737,40.05683100044803],[-75.15753800034342,40.05487599999761],[-75.15813199951069,40.046417999710194],[-75.16452899958897,40.0503060003111],[-75.16044800011625,40.05423999966302],[-75.16216121393572,40.05527511416081],[-75.16069100011737,40.05683100044803]]]}},{"id":"335","type":"Feature","properties":{"GISJOIN":"G42010100022AA","pct_black":18.43},"geometry":{"type":"Polygon","coordinates":[[[-75.18117300027299,40.04360900003986],[-75.1764279999431,40.03779399964895],[-75.18123499992967,40.03309700007681],[-75.18839600036446,40.03725499994529],[-75.18792199998349,40.03754700021193],[-75.18879700024046,40.039479999771814],[-75.18220299945624,40.04589400029474],[-75.18117300027299,40.04360900003986]]]}},{"id":"336","type":"Feature","properties":{"GISJOIN":"G42010100022B","pct_black":0.61},"geometry":{"type":"Polygon","coordinates":[[[-75.16069100011737,40.05683100044803],[-75.16216121393572,40.05527511416081],[-75.16044800011625,40.05423999966302],[-75.16452899958897,40.0503060003111],[-75.16583613480087,40.051161297866],[-75.16926899963704,40.048205999707044],[-75.17060399965341,40.04902899971597],[-75.17153600055155,40.047887999753],[-75.17325999976968,40.050666999841425],[-75.17060088036841,40.05324714917531],[-75.16894367406994,40.05240538262759],[-75.1631729999076,40.05823300039814],[-75.16069100011737,40.05683100044803]]]}},{"id":"337","type":"Feature","properties":{"GISJOIN":"G42010100022BB","pct_black":1.42},"geometry":{"type":"Polygon","coordinates":[[[-75.18731499995774,40.04092899959017],[-75.18879700024046,40.039479999771814],[-75.18792199998349,40.03754700021193],[-75.18839600036446,40.03725499994529],[-75.18123499992967,40.03309700007681],[-75.18389299945987,40.03051599978656],[-75.18619399987854,40.02946800018878],[-75.19612700035461,40.037924000394476],[-75.19176900031381,40.042146000494455],[-75.19119899963162,40.043386000318],[-75.18731499995774,40.04092899959017]]]}},{"id":"338","type":"Feature","properties":{"GISJOIN":"G42010100022C","pct_black":0.15},"geometry":{"type":"Polygon","coordinates":[[[-75.1631729999076,40.05823300039814],[-75.16894367406994,40.05240538262759],[-75.17060088036841,40.05324714917531],[-75.17325999976968,40.050666999841425],[-75.17719299994941,40.053080000226764],[-75.1686410003878,40.06137299988791],[-75.1631729999076,40.05823300039814]]]}},{"id":"339","type":"Feature","properties":{"GISJOIN":"G42010100022CC","pct_black":3.89},"geometry":{"type":"Polygon","coordinates":[[[-75.1756329998455,40.02986199951818],[-75.1778829999938,40.02768399989908],[-75.1779020003422,40.02706899960736],[-75.17826999965307,40.02730399975906],[-75.17984599988642,40.02576699986604],[-75.17857800038999,40.02494400008214],[-75.1790340004843,40.02332899962921],[-75.18619399987854,40.02946800018878],[-75.18389299945987,40.03051599978656],[-75.18123499992967,40.03309700007681],[-75.1756329998455,40.02986199951818]]]}},{"id":"340","type":"Feature","properties":{"GISJOIN":"G42010100022D","pct_black":0.23},"geometry":{"type":"Polygon","coordinates":[[[-75.17652600026076,40.06589600033032],[-75.1686410003878,40.06137299988791],[-75.17574300001532,40.05457700018858],[-75.18336600031607,40.05921999979992],[-75.17652600026076,40.06589600033032]]]}},{"id":"341","type":"Feature","properties":{"GISJOIN":"G42010100022DD","pct_black":29.87},"geometry":{"type":"Polygon","coordinates":[[[-75.17060999967983,40.03313100025034],[-75.17530099958954,40.028555000303705],[-75.17632699934626,40.0291920003468],[-75.1756329998455,40.02986199951818],[-75.18123499992967,40.03309700007681],[-75.1764279999431,40.03779399964895],[-75.17351400034124,40.03483099982563],[-75.17060999967983,40.03313100025034]]]}},{"id":"342","type":"Feature","properties":{"GISJOIN":"G42010100022E","pct_black":0.43},"geometry":{"type":"Polygon","coordinates":[[[-75.17652600026076,40.06589600033032],[-75.18730600048451,40.05548399972291],[-75.18837799982414,40.05743600028676],[-75.19105400005611,40.06017600005982],[-75.18175099963551,40.06890200023201],[-75.17652600026076,40.06589600033032]]]}},{"id":"343","type":"Feature","properties":{"GISJOIN":"G42010100022EE","pct_black":28.15},"geometry":{"type":"Polygon","coordinates":[[[-75.16870799987963,40.041686000080034],[-75.16979399959251,40.04062899975253],[-75.16902499965552,40.04012100013804],[-75.16841599980427,40.03717800041939],[-75.1640499999683,40.03681600009083],[-75.16921099948718,40.03231400004147],[-75.17472400040188,40.035819999995205],[-75.17775699969312,40.039401000163025],[-75.17072499980765,40.04615100000118],[-75.17013400048738,40.04491899965597],[-75.17160699988543,40.04349000010228],[-75.16870799987963,40.041686000080034]]]}},{"id":"344","type":"Feature","properties":{"GISJOIN":"G42010100022F","pct_black":0.26},"geometry":{"type":"Polygon","coordinates":[[[-75.18920599934147,40.073163000237386],[-75.18175099963551,40.06890200023201],[-75.19105400005611,40.06017600005982],[-75.19415400006801,40.06437600025322],[-75.19602199967139,40.06540099953043],[-75.1963850006229,40.06662299973613],[-75.18920599934147,40.073163000237386]]]}},{"id":"345","type":"Feature","properties":{"GISJOIN":"G42010100022FF","pct_black":7.35},"geometry":{"type":"Polygon","coordinates":[[[-75.16583613480087,40.051161297866],[-75.16165599938212,40.04855900012144],[-75.16870799987963,40.041686000080034],[-75.17160699988543,40.04349000010228],[-75.17013400048738,40.04491899965597],[-75.17153600055155,40.047887999753],[-75.17060399965341,40.04902899971597],[-75.16926899963704,40.048205999707044],[-75.16583613480087,40.051161297866]]]}},{"id":"346","type":"Feature","properties":{"GISJOIN":"G42010100022G","pct_black":0.13},"geometry":{"type":"Polygon","coordinates":[[[-75.18920599934147,40.073163000237386],[-75.1963850006229,40.06662299973613],[-75.1998549997146,40.069620000255554],[-75.20265100010838,40.073211999946224],[-75.2008780001778,40.074957999680535],[-75.19949600032909,40.07546999987168],[-75.1976090000861,40.07797699971525],[-75.18920599934147,40.073163000237386]]]}},{"id":"347","type":"Feature","properties":{"GISJOIN":"G42010100022GG","pct_black":3.53},"geometry":{"type":"Polygon","coordinates":[[[-75.15813199951069,40.046417999710194],[-75.15834099976732,40.04202099970736],[-75.16275199978003,40.03749900009342],[-75.1640499999683,40.03681600009083],[-75.16841599980427,40.03717800041939],[-75.16902499965552,40.04012100013804],[-75.16979399959251,40.04062899975253],[-75.16165599938212,40.04855900012144],[-75.15813199951069,40.046417999710194]]]}},{"id":"348","type":"Feature","properties":{"GISJOIN":"G42010100022H","pct_black":0.48},"geometry":{"type":"Polygon","coordinates":[[[-75.1976090000861,40.07797699971525],[-75.19949600032909,40.07546999987168],[-75.2008780001778,40.074957999680535],[-75.20532971445553,40.07063768426821],[-75.206191842016,40.07187535650882],[-75.20619666087995,40.073723128189776],[-75.20878600055809,40.07526099982264],[-75.20743600034774,40.07662599995553],[-75.21063800046883,40.07799000040489],[-75.20804300013393,40.080556999566305],[-75.20827900036724,40.0812769996995],[-75.2063229999563,40.082969000152374],[-75.1976090000861,40.07797699971525]]]}},{"id":"349","type":"Feature","properties":{"GISJOIN":"G42010100022HH","pct_black":14.48},"geometry":{"type":"Polygon","coordinates":[[[-75.15834099976732,40.04202099970736],[-75.15836299998558,40.0363459996123],[-75.1588339997112,40.03588400013675],[-75.15724600036978,40.034564000419785],[-75.15711899982928,40.03099299951877],[-75.15903299977636,40.03031599982795],[-75.15929500023218,40.02659100015118],[-75.16057400017965,40.026722999793755],[-75.16212500032637,40.02824500008898],[-75.16921099948718,40.03231400004147],[-75.16501099974606,40.036304000267705],[-75.16275199978003,40.03749900009342],[-75.15834099976732,40.04202099970736]]]}},{"id":"350","type":"Feature","properties":{"GISJOIN":"G42010100022I","pct_black":4.3},"geometry":{"type":"Polygon","coordinates":[[[-75.21239599987393,40.08598099966774],[-75.2063229999563,40.082969000152374],[-75.20827900036724,40.0812769996995],[-75.20804300013393,40.080556999566305],[-75.21515699956939,40.07348499947585],[-75.21698399975577,40.074810999952895],[-75.21509299945201,40.07714099992244],[-75.2172000003555,40.07694400007294],[-75.218189000055,40.07582300004388],[-75.22196100005341,40.07826300022912],[-75.22155599942309,40.07895100008063],[-75.2229470000287,40.07843300042077],[-75.22463300004213,40.0796049995878],[-75.22037300043716,40.08166500005292],[-75.21717999945986,40.08457800010319],[-75.2152549998524,40.08521400025662],[-75.21358200001602,40.087153000242566],[-75.21239599987393,40.08598099966774]]]}},{"id":"351","type":"Feature","properties":{"GISJOIN":"G42010100022II","pct_black":17.65},"geometry":{"type":"Polygon","coordinates":[[[-75.17060999967983,40.03313100025034],[-75.16374900008579,40.029254999744616],[-75.16912399995655,40.02386500028003],[-75.17511500003594,40.02725499985207],[-75.1762769997422,40.02608699985795],[-75.17520700061766,40.02543999976261],[-75.17575800031496,40.024884000104635],[-75.178140999614,40.02259500007927],[-75.1790340004843,40.02332899962921],[-75.17857800038999,40.02494400008214],[-75.17984599988642,40.02576699986604],[-75.17826999965307,40.02730399975906],[-75.1779020003422,40.02706899960736],[-75.1778829999938,40.02768399989908],[-75.17632699934626,40.0291920003468],[-75.17530099958954,40.028555000303705],[-75.17060999967983,40.03313100025034]]]}},{"id":"352","type":"Feature","properties":{"GISJOIN":"G42010100022J","pct_black":0.3},"geometry":{"type":"Polygon","coordinates":[[[-75.21358200001602,40.087153000242566],[-75.2152549998524,40.08521400025662],[-75.21717999945986,40.08457800010319],[-75.22037300043716,40.08166500005292],[-75.22463300004213,40.0796049995878],[-75.22413800001492,40.080030000105914],[-75.22556099980994,40.08182200035725],[-75.22738100029153,40.083105999747396],[-75.22688499979921,40.083225000122425],[-75.22789899968164,40.08428199996386],[-75.23050000046146,40.08602200044596],[-75.22360600050149,40.0928890001179],[-75.21358200001602,40.087153000242566]]]}},{"id":"353","type":"Feature","properties":{"GISJOIN":"G42010100022JJ","pct_black":0.18},"geometry":{"type":"Polygon","coordinates":[[[-75.15929500023218,40.02659100015118],[-75.15955100025609,40.023924999669546],[-75.15802199941498,40.02154000021578],[-75.16375800013812,40.01923400046648],[-75.16278199979372,40.020368000196946],[-75.16912399995655,40.02386500028003],[-75.16374900008579,40.029254999744616],[-75.16057400017965,40.026722999793755],[-75.15929500023218,40.02659100015118]]]}},{"id":"354","type":"Feature","properties":{"GISJOIN":"G42010100022K","pct_black":0.0},"geometry":{"type":"Polygon","coordinates":[[[-75.22786712865971,40.07533208180684],[-75.236125000315,40.07113600020558],[-75.24086900031183,40.07583000002648],[-75.23295199984003,40.0836180002684],[-75.22779000020444,40.081489999683804],[-75.226325999505,40.079759000200795],[-75.22598800022311,40.07906800042701],[-75.23041100013184,40.07704200030969],[-75.22786712865971,40.07533208180684]]]}},{"id":"355","type":"Feature","properties":{"GISJOIN":"G42010100022KK","pct_black":9.01},"geometry":{"type":"Polygon","coordinates":[[[-75.17511500003594,40.02725499985207],[-75.16278199979372,40.020368000196946],[-75.16382799987096,40.019181000252615],[-75.16990699974971,40.015250000127],[-75.178140999614,40.02259500007927],[-75.17520700061766,40.02543999976261],[-75.1762769997422,40.02608699985795],[-75.17511500003594,40.02725499985207]]]}},{"id":"356","type":"Feature","properties":{"GISJOIN":"G42010100022L","pct_black":null},"geometry":{"type":"Polygon","coordinates":[[[-75.22538006782047,40.06235313669319],[-75.22821099955814,40.06467800034564],[-75.2359509995758,40.07123800018113],[-75.22786712865971,40.07533208180684],[-75.22565800040488,40.07485000005531],[-75.22520199963034,40.07407199970729],[-75.2270049998106,40.07260500018925],[-75.22808800047223,40.07064900001538],[-75.22665099952106,40.07045800033601],[-75.22353800040065,40.06743500025781],[-75.2251090003947,40.06608000051511],[-75.22480000003658,40.06255399967783],[-75.22538006782047,40.06235313669319]]]}},{"id":"357","type":"Feature","properties":{"GISJOIN":"G42010100022M","pct_black":0.0},"geometry":{"type":"Polygon","coordinates":[[[-75.22463300004213,40.0796049995878],[-75.2229470000287,40.07843300042077],[-75.22155599942309,40.07895100008063],[-75.22196100005341,40.07826300022912],[-75.218189000055,40.07582300004388],[-75.2172000003555,40.07694400007294],[-75.21509299945201,40.07714099992244],[-75.21698399975577,40.074810999952895],[-75.21515699956939,40.07348499947585],[-75.21798600047646,40.07062300015612],[-75.22134799940116,40.07243200009974],[-75.22253599997893,40.07132799988457],[-75.21889800016065,40.06781299962749],[-75.21888068683455,40.06647151106057],[-75.22076900030092,40.06406500022041],[-75.21714152136433,40.05760168106064],[-75.21674899993525,40.05616699972492],[-75.21732158851313,40.05559684243565],[-75.22538006782047,40.06235313669319],[-75.22480000003658,40.06255399967783],[-75.2251090003947,40.06608000051511],[-75.22353800040065,40.06743500025781],[-75.22665099952106,40.07045800033601],[-75.22808800047223,40.07064900001538],[-75.2270049998106,40.07260500018925],[-75.22520199963034,40.07407199970729],[-75.22565800040488,40.07485000005531],[-75.22790800015943,40.075341000455595],[-75.23041100013184,40.07704200030969],[-75.22598800022311,40.07906800042701],[-75.226325999505,40.079759000200795],[-75.22779000020444,40.081489999683804],[-75.23295199984003,40.0836180002684],[-75.23050000046146,40.08602200044596],[-75.22789899968164,40.08428199996386],[-75.22688499979921,40.083225000122425],[-75.22738100029153,40.083105999747396],[-75.22556099980994,40.08182200035725],[-75.22413800001492,40.080030000105914],[-75.22463300004213,40.0796049995878]]]}},{"id":"358","type":"Feature","properties":{"GISJOIN":"G42010100022N","pct_black":1.83},"geometry":{"type":"Polygon","coordinates":[[[-75.2089330005141,40.06701499975127],[-75.21319799967902,40.06351899998919],[-75.21609786274705,40.060023871464956],[-75.21674899993525,40.05616699972492],[-75.21900999971979,40.060467999763866],[-75.21872999945077,40.060879999866415],[-75.22076900030092,40.06406500022041],[-75.21888068683455,40.06647151106057],[-75.21889800016065,40.06781299962749],[-75.22253599997893,40.07132799988457],[-75.22134799940116,40.07243200009974],[-75.21807100019137,40.070565000337126],[-75.2153850002495,40.07325700042143],[-75.2114420002132,40.070918999965244],[-75.21123400043308,40.0684359996658],[-75.2089330005141,40.06701499975127]]]}},{"id":"359","type":"Feature","properties":{"GISJOIN":"G42010100022O","pct_black":2.77},"geometry":{"type":"Polygon","coordinates":[[[-75.20532971445553,40.07063768426821],[-75.2089330005141,40.06701499975127],[-75.21123400043308,40.0684359996658],[-75.2114420002132,40.070918999965244],[-75.2153850002495,40.07325700042143],[-75.21063800046883,40.07799000040489],[-75.20743600034774,40.07662599995553],[-75.20878600055809,40.07526099982264],[-75.20619666087995,40.073723128189776],[-75.206191842016,40.07187535650882],[-75.20532971445553,40.07063768426821]]]}},{"id":"360","type":"Feature","properties":{"GISJOIN":"G42010100022P","pct_black":3.11},"geometry":{"type":"Polygon","coordinates":[[[-75.1963850006229,40.06662299973613],[-75.19788200052565,40.06546199980036],[-75.19975400025315,40.06538100037188],[-75.20247500011253,40.06265000013434],[-75.20181000043556,40.0615600005031],[-75.20249499965314,40.059879000295986],[-75.21153899977496,40.06457099983726],[-75.20265100010838,40.073211999946224],[-75.1998549997146,40.069620000255554],[-75.1963850006229,40.06662299973613]]]}},{"id":"361","type":"Feature","properties":{"GISJOIN":"G42010100022Q","pct_black":0.0},"geometry":{"type":"Polygon","coordinates":[[[-75.20254499982568,40.05988400000324],[-75.20270345505861,40.05647348608504],[-75.2065814693812,40.05348424365074],[-75.21038692784406,40.05275572765061],[-75.21160425845407,40.053472692591725],[-75.21031315055427,40.05470730965364],[-75.21207192567213,40.05561075814384],[-75.21421245234997,40.05363694298422],[-75.21430295879796,40.054364603132974],[-75.21674899993525,40.05616699972492],[-75.21609786274705,40.060023871464956],[-75.21319799967902,40.06351899998919],[-75.21153899977496,40.06457099983726],[-75.20254499982568,40.05988400000324]]]}},{"id":"362","type":"Feature","properties":{"GISJOIN":"G42010100022R","pct_black":4.1},"geometry":{"type":"Polygon","coordinates":[[[-75.1918760003914,40.06125700015805],[-75.20146200011243,40.052316000430835],[-75.2040819994227,40.05422900030025],[-75.20162500042098,40.056795999668786],[-75.20146899989082,40.060401999586134],[-75.20056500042261,40.06071399970451],[-75.1999999994265,40.06167800026917],[-75.20043499952932,40.06337200026639],[-75.19663800018691,40.06648100017275],[-75.19602199967139,40.06540099953043],[-75.19415400006801,40.06437600025322],[-75.1918760003914,40.06125700015805]]]}},{"id":"363","type":"Feature","properties":{"GISJOIN":"G42010100022S","pct_black":0.0},"geometry":{"type":"Polygon","coordinates":[[[-75.20162500042098,40.056795999668786],[-75.20534899934296,40.05310900021573],[-75.20880700042017,40.05224000015831],[-75.20897799966859,40.050945000112335],[-75.2100105114615,40.049771935672545],[-75.21732158851313,40.05559684243565],[-75.21674899993525,40.05616699972492],[-75.21430295879796,40.054364603132974],[-75.21421245234997,40.05363694298422],[-75.21207192567213,40.05561075814384],[-75.21031315055427,40.05470730965364],[-75.21160425845407,40.053472692591725],[-75.21038692784406,40.05275572765061],[-75.2065814693812,40.05348424365074],[-75.20270345505861,40.05647348608504],[-75.20254499982568,40.05988400000324],[-75.20181000043556,40.0615600005031],[-75.20247500011253,40.06265000013434],[-75.19975400025315,40.06538100037188],[-75.19788200052565,40.06546199980036],[-75.20043499952932,40.06337200026639],[-75.1999999994265,40.06167800026917],[-75.20056500042261,40.06071399970451],[-75.20146899989082,40.060401999586134],[-75.20162500042098,40.056795999668786]]]}},{"id":"364","type":"Feature","properties":{"GISJOIN":"G42010100022T","pct_black":2.07},"geometry":{"type":"Polygon","coordinates":[[[-75.2040819994227,40.05422900030025],[-75.19651100018604,40.04918799994962],[-75.20048758795717,40.045273512082545],[-75.20005999997612,40.044287000261455],[-75.201432999589,40.042403999722055],[-75.21004999957937,40.05002799979632],[-75.20897799966859,40.050945000112335],[-75.20880700042017,40.05224000015831],[-75.20534899934296,40.05310900021573],[-75.2040819994227,40.05422900030025]]]}},{"id":"365","type":"Feature","properties":{"GISJOIN":"G42010100022U","pct_black":0.48},"geometry":{"type":"Polygon","coordinates":[[[-75.1918760003914,40.06125700015805],[-75.18807699947723,40.05689799978553],[-75.19337300003613,40.05379800004246],[-75.19401200036192,40.051731999796424],[-75.19651100018604,40.04918799994962],[-75.20146200011243,40.052316000430835],[-75.1918760003914,40.06125700015805]]]}},{"id":"366","type":"Feature","properties":{"GISJOIN":"G42010100022V","pct_black":0.87},"geometry":{"type":"Polygon","coordinates":[[[-75.18807699947723,40.05689799978553],[-75.18522099944089,40.051585000209116],[-75.18974100066661,40.047585999713135],[-75.19212299956605,40.047679000264054],[-75.194410999785,40.05063699991802],[-75.19337300003613,40.05379800004246],[-75.18807699947723,40.05689799978553]]]}},{"id":"367","type":"Feature","properties":{"GISJOIN":"G42010100022W","pct_black":1.4},"geometry":{"type":"Polygon","coordinates":[[[-75.19212299956605,40.047679000264054],[-75.19309099964975,40.04459000026733],[-75.19119899963162,40.043386000318],[-75.19134699964336,40.042835999918694],[-75.19612700035461,40.037924000394476],[-75.201432999589,40.042403999722055],[-75.20005999997612,40.044287000261455],[-75.20048758795717,40.045273512082545],[-75.1943260000687,40.05171099968784],[-75.19431299990417,40.050248000136605],[-75.19212299956605,40.047679000264054]]]}},{"id":"368","type":"Feature","properties":{"GISJOIN":"G42010100022X","pct_black":17.56},"geometry":{"type":"Polygon","coordinates":[[[-75.18522099944089,40.051585000209116],[-75.18220299945624,40.04589400029474],[-75.18731499995774,40.04092899959017],[-75.19309099964975,40.04459000026733],[-75.19212299956605,40.047679000264054],[-75.18974100066661,40.047585999713135],[-75.18522099944089,40.051585000209116]]]}},{"id":"369","type":"Feature","properties":{"GISJOIN":"G42010100022Y","pct_black":32.61},"geometry":{"type":"Polygon","coordinates":[[[-75.17574300001532,40.05457700018858],[-75.17719299994941,40.053080000226764],[-75.17798299995549,40.05355999957532],[-75.1833980001224,40.048253999947086],[-75.18730600048451,40.05548399972291],[-75.18336600031607,40.05921999979992],[-75.17574300001532,40.05457700018858]]]}},{"id":"370","type":"Feature","properties":{"GISJOIN":"G42010100022Z","pct_black":5.25},"geometry":{"type":"Polygon","coordinates":[[[-75.17798299995549,40.05355999957532],[-75.17288799991175,40.05043099986264],[-75.17072499980765,40.04615100000118],[-75.17775699969312,40.039401000163025],[-75.18125700054229,40.04373199988459],[-75.1833980001224,40.048253999947086],[-75.17798299995549,40.05355999957532]]]}},{"id":"371","type":"Feature","properties":{"GISJOIN":"G42010100023A","pct_black":0.17},"geometry":{"type":"Polygon","coordinates":[[[-75.06133899997438,40.01276399957024],[-75.06147099996423,40.01169700041941],[-75.06065000014667,40.01111400041723],[-75.05969225341485,40.011687449364985],[-75.05289136748794,40.00495627537068],[-75.05371199985395,40.00407800031533],[-75.05845699940065,40.00498800007151],[-75.05822599967807,40.00541199991778],[-75.0614859995813,40.00676999966281],[-75.06769599943206,40.0053330002146],[-75.06998999962124,40.01203200031377],[-75.06414499962266,40.01368099959069],[-75.06260900036737,40.01245799978566],[-75.06133899997438,40.01276399957024]]]}},{"id":"372","type":"Feature","properties":{"GISJOIN":"G42010100023B","pct_black":0.0},"geometry":{"type":"Polygon","coordinates":[[[-75.06908700040638,40.02190399970494],[-75.06133899997438,40.01276399957024],[-75.06260900036737,40.01245799978566],[-75.06414499962266,40.01368099959069],[-75.0692890000314,40.01219100035754],[-75.07016200007186,40.01451400006305],[-75.07086399938368,40.01435300021577],[-75.07184699959915,40.01695199994645],[-75.06778200054181,40.017853000077515],[-75.07063600018418,40.021098000432275],[-75.06908700040638,40.02190399970494]]]}},{"id":"373","type":"Feature","properties":{"GISJOIN":"G42010100023C","pct_black":0.12},"geometry":{"type":"Polygon","coordinates":[[[-75.07548800027597,40.0270710001578],[-75.06908700040638,40.02190399970494],[-75.07063600018418,40.021098000432275],[-75.06778200054181,40.017853000077515],[-75.07184699959915,40.01695199994645],[-75.07257499987094,40.01886799959254],[-75.07683999973449,40.02325699951369],[-75.07653199958432,40.025615999715164],[-75.07548800027597,40.0270710001578]]]}},{"id":"374","type":"Feature","properties":{"GISJOIN":"G42010100023D","pct_black":0.05},"geometry":{"type":"Polygon","coordinates":[[[-75.07548800027597,40.0270710001578],[-75.07653199958432,40.025615999715164],[-75.07683999973449,40.02325699951369],[-75.07941399945885,40.02138700035467],[-75.08028100040245,40.02186599962406],[-75.08130900029165,40.020759999897],[-75.09056299980645,40.02579099984075],[-75.08469099965652,40.03176499974541],[-75.07721399953373,40.02749099993236],[-75.07548800027597,40.0270710001578]]]}},{"id":"375","type":"Feature","properties":{"GISJOIN":"G42010100023E","pct_black":0.14},"geometry":{"type":"Polygon","coordinates":[[[-75.08130900029165,40.020759999897],[-75.0863820003087,40.015256999618295],[-75.0944099995671,40.01953399953239],[-75.09547316933613,40.01863262052889],[-75.09674400046406,40.01873000028204],[-75.09056299980645,40.02579099984075],[-75.08130900029165,40.020759999897]]]}},{"id":"376","type":"Feature","properties":{"GISJOIN":"G42010100023F","pct_black":0.6},"geometry":{"type":"Polygon","coordinates":[[[-75.0944099995671,40.01953399953239],[-75.0855189995247,40.014786999733566],[-75.0896580000226,40.00946599985708],[-75.09249399960879,40.007975999632876],[-75.09499500046174,40.00998400016265],[-75.0934359995356,40.01321900033273],[-75.09466200047596,40.0150669999816],[-75.09704000003947,40.01601799982669],[-75.09691499981349,40.018256000015064],[-75.0944099995671,40.01953399953239]]]}},{"id":"377","type":"Feature","properties":{"GISJOIN":"G42010100023G","pct_black":16.88},"geometry":{"type":"Polygon","coordinates":[[[-75.07337999945116,40.01965399983598],[-75.07583900013212,40.01613700006408],[-75.08085699958451,40.01190300005129],[-75.0863820003087,40.015256999618295],[-75.08028100040245,40.02186599962406],[-75.07941399945885,40.02138700035467],[-75.07683999973449,40.02325699951369],[-75.07337999945116,40.01965399983598]]]}},{"id":"378","type":"Feature","properties":{"GISJOIN":"G42010100023H","pct_black":0.29},"geometry":{"type":"Polygon","coordinates":[[[-75.07337999945116,40.01965399983598],[-75.07086399938368,40.01435300021577],[-75.07016200007186,40.01451400006305],[-75.0692890000314,40.01219100035754],[-75.06998999962124,40.01203200031377],[-75.06978599965016,40.01154300007938],[-75.07198700030143,40.00887200003125],[-75.07833099952404,40.008065999736004],[-75.07874899988735,40.00987800006866],[-75.08085699958451,40.01190300005129],[-75.07583900013212,40.01613700006408],[-75.07337999945116,40.01965399983598]]]}},{"id":"379","type":"Feature","properties":{"GISJOIN":"G42010100023I","pct_black":3.34},"geometry":{"type":"Polygon","coordinates":[[[-75.08085699958451,40.01190300005129],[-75.07874899988735,40.00987800006866],[-75.07819400015772,40.00741100036417],[-75.08286399991528,40.006792000113585],[-75.08378800067034,40.008502999705826],[-75.0882090004319,40.00661799966133],[-75.0927749998504,40.00597699961254],[-75.09201100038442,40.00719900002347],[-75.09249399960879,40.007975999632876],[-75.0896580000226,40.00946599985708],[-75.0855189995247,40.014786999733566],[-75.08085699958451,40.01190300005129]]]}},{"id":"380","type":"Feature","properties":{"GISJOIN":"G42010100023J","pct_black":58.81},"geometry":{"type":"Polygon","coordinates":[[[-75.08082500050129,40.007055999827735],[-75.0794209995866,40.00069000014349],[-75.08027599996737,39.99940400031764],[-75.08183499981388,39.999419000027494],[-75.08178500027212,39.99860199974086],[-75.08407699969688,39.996855999646634],[-75.0865049998873,39.99882500040898],[-75.08818299963622,40.00326600037632],[-75.09205699950436,40.00493699987176],[-75.09281100026709,40.00587099969626],[-75.0882090004319,40.00661799966133],[-75.08378800067034,40.008502999705826],[-75.08286399991528,40.006792000113585],[-75.08082500050129,40.007055999827735]]]}},{"id":"381","type":"Feature","properties":{"GISJOIN":"G42010100023K","pct_black":0.02},"geometry":{"type":"Polygon","coordinates":[[[-75.06769599943206,40.0053330002146],[-75.07456800039432,40.00342699998355],[-75.07514600010978,40.00285400015263],[-75.07736299982494,40.00356000016714],[-75.0794209995866,40.00069000014349],[-75.08082500050129,40.007055999827735],[-75.07819400015772,40.00741100036417],[-75.07833099952404,40.008065999736004],[-75.07198700030143,40.00887200003125],[-75.06978599965016,40.01154300007938],[-75.06769599943206,40.0053330002146]]]}},{"id":"382","type":"Feature","properties":{"GISJOIN":"G42010100024A","pct_black":0.16},"geometry":{"type":"Polygon","coordinates":[[[-75.21799400030679,39.99422299999816],[-75.22069600035809,40.00392399979722],[-75.20939499954196,40.0089909999369],[-75.20770799962897,40.008494000144296],[-75.2059640000812,40.009350999905486],[-75.20315599965535,40.00825599963892],[-75.20686799965809,40.00694400001047],[-75.20157699981338,40.00453300036245],[-75.20357900032329,40.00075500020737],[-75.20436999988769,40.001037999867854],[-75.20621700026015,40.000418999704614],[-75.20796699956722,39.99810200030326],[-75.2108439997199,39.99851100008365],[-75.21096099987997,39.9979350000116],[-75.21238100003967,39.99718799967808],[-75.21599100030808,39.996055999934775],[-75.21799400030679,39.99422299999816]]]}},{"id":"383","type":"Feature","properties":{"GISJOIN":"G42010100024B","pct_black":11.08},"geometry":{"type":"Polygon","coordinates":[[[-75.20354337079269,40.01038812203617],[-75.19280999945946,40.00673299983436],[-75.19131999952832,40.00371500037292],[-75.19175400004224,39.99974800041895],[-75.19398599992448,39.99536499954031],[-75.20110700009616,39.987634999846684],[-75.20408400058967,39.98585599975719],[-75.20441700028636,39.98316899971902],[-75.2018309994523,39.98035699998913],[-75.19398500043091,39.976132000526356],[-75.19101199992458,39.97003400005062],[-75.18497600009879,39.966128999784715],[-75.18332300009662,39.96437399966059],[-75.1799369997052,39.96002799978844],[-75.17912600033443,39.95800399969626],[-75.17907099966392,39.95612200029296],[-75.17976800050342,39.955992999752105],[-75.18022300036212,39.95447199965182],[-75.18821099956429,39.95572100027254],[-75.18764899997883,39.96054800017172],[-75.18703300061888,39.961284999827285],[-75.18773400023602,39.964825000429066],[-75.18875899962362,39.965780999593285],[-75.19813441213523,39.96896045008098],[-75.20215500026518,39.96857200042037],[-75.20234200025429,39.969606000181194],[-75.20344900054543,39.96948999980694],[-75.20367499965573,39.9706739994988],[-75.21214799958945,39.97301200026436],[-75.21799400030679,39.99422299999816],[-75.21599100030808,39.996055999934775],[-75.21238100003967,39.99718799967808],[-75.21096099987997,39.9979350000116],[-75.2108439997199,39.99851100008365],[-75.20796699956722,39.99810200030326],[-75.20621700026015,40.000418999704614],[-75.20436999988769,40.001037999867854],[-75.20357900032329,40.00075500020737],[-75.20157699981338,40.00453300036245],[-75.20686799965809,40.00694400001047],[-75.20315599965535,40.00825599963892],[-75.2059640000812,40.009350999905486],[-75.20770799962897,40.008494000144296],[-75.20849299971415,40.008939999589984],[-75.2104709993671,40.008694000320766],[-75.20724099982752,40.01021600041266],[-75.20729199956806,40.011104999575245],[-75.20628600061755,40.01192299978148],[-75.20354337079269,40.01038812203617]]]}},{"id":"384","type":"Feature","properties":{"GISJOIN":"G42010100024C","pct_black":72.83},"geometry":{"type":"Polygon","coordinates":[[[-75.20367499965573,39.9706739994988],[-75.20236000055749,39.96285900005519],[-75.2105599994029,39.96257100022907],[-75.21214799958945,39.97301200026436],[-75.20367499965573,39.9706739994988]]]}},{"id":"385","type":"Feature","properties":{"GISJOIN":"G42010100024D","pct_black":86.04},"geometry":{"type":"Polygon","coordinates":[[[-75.19531000020996,39.96804500007224],[-75.19429700024467,39.96260700042848],[-75.20223499959391,39.96164299972959],[-75.20344900054543,39.96948999980694],[-75.20234200025429,39.969606000181194],[-75.20215500026518,39.96857200042037],[-75.19813441213523,39.96896045008098],[-75.19531000020996,39.96804500007224]]]}},{"id":"386","type":"Feature","properties":{"GISJOIN":"G42010100024E","pct_black":59.9},"geometry":{"type":"Polygon","coordinates":[[[-75.18741500017632,39.96336700035464],[-75.19429700024467,39.96260700042848],[-75.19531000020996,39.96804500007224],[-75.18875899962362,39.965780999593285],[-75.18773400023602,39.964825000429066],[-75.18741500017632,39.96336700035464]]]}},{"id":"387","type":"Feature","properties":{"GISJOIN":"G42010100024F","pct_black":41.35},"geometry":{"type":"Polygon","coordinates":[[[-75.18722799978383,39.95531499992279],[-75.20195300035137,39.9571490002185],[-75.20223499959391,39.96164299972959],[-75.18741500017632,39.96336700035464],[-75.18703300061888,39.961284999827285],[-75.18764899997883,39.96054800017172],[-75.18821099956429,39.95572100027254],[-75.18722799978383,39.95531499992279]]]}},{"id":"388","type":"Feature","properties":{"GISJOIN":"G42010100024G","pct_black":83.0},"geometry":{"type":"Polygon","coordinates":[[[-75.20236000055749,39.96285900005519],[-75.20195300035137,39.9571490002185],[-75.21401799965928,39.95864300017913],[-75.21306000053318,39.96257700016291],[-75.20897600041512,39.96231099971433],[-75.20236000055749,39.96285900005519]]]}},{"id":"389","type":"Feature","properties":{"GISJOIN":"G42010100025A","pct_black":0.01},"geometry":{"type":"Polygon","coordinates":[[[-75.10970900008917,39.992333999934324],[-75.12150999989666,39.98616499991319],[-75.12549100002259,39.98983599971827],[-75.11338699946887,39.996493000010254],[-75.10970900008917,39.992333999934324]]]}},{"id":"390","type":"Feature","properties":{"GISJOIN":"G42010100025B","pct_black":4.39},"geometry":{"type":"Polygon","coordinates":[[[-75.10591500010709,39.98803700045164],[-75.11525100054108,39.98315699984443],[-75.11560499995869,39.98355100013387],[-75.1173549999868,39.98148100038808],[-75.12150999989666,39.98616499991319],[-75.10952799992407,39.99212300032367],[-75.10591500010709,39.98803700045164]]]}},{"id":"391","type":"Feature","properties":{"GISJOIN":"G42010100025C","pct_black":0.03},"geometry":{"type":"Polygon","coordinates":[[[-75.10591500010709,39.98803700045164],[-75.10143900037502,39.982974000014174],[-75.11322699975226,39.97680299997074],[-75.1173549999868,39.98148100038808],[-75.11560499995869,39.98355100013387],[-75.11525100054108,39.98315699984443],[-75.10591500010709,39.98803700045164]]]}},{"id":"392","type":"Feature","properties":{"GISJOIN":"G42010100025D","pct_black":0.97},"geometry":{"type":"Polygon","coordinates":[[[-75.09236500013895,39.97453600036223],[-75.09637200016004,39.97398099978394],[-75.10755699973114,39.97053300010113],[-75.11322699975226,39.97680299997074],[-75.10143900037502,39.982974000014174],[-75.0977820001555,39.97881299984615],[-75.09236500013895,39.97453600036223]]]}},{"id":"393","type":"Feature","properties":{"GISJOIN":"G42010100026A","pct_black":79.32},"geometry":{"type":"Polygon","coordinates":[[[-75.17082900035591,39.93456300036323],[-75.17397000024557,39.93497399972058],[-75.17317299998578,39.93864100000712],[-75.17002500032949,39.93826300002368],[-75.17082900035591,39.93456300036323]]]}},{"id":"394","type":"Feature","properties":{"GISJOIN":"G42010100026B","pct_black":16.74},"geometry":{"type":"Polygon","coordinates":[[[-75.15951699973299,39.93309999997606],[-75.17082900035591,39.93456300036323],[-75.17002500032949,39.93826300002368],[-75.16681599942639,39.93786900010529],[-75.1670829997412,39.936741999509906],[-75.15735099971371,39.93489699950798],[-75.15951699973299,39.93309999997606]]]}},{"id":"395","type":"Feature","properties":{"GISJOIN":"G42010100026C","pct_black":5.58},"geometry":{"type":"Polygon","coordinates":[[[-75.16734999964858,39.926579000132925],[-75.1694940001537,39.92559599985326],[-75.16763999974891,39.934149999916315],[-75.15951699973299,39.93309999997606],[-75.16734999964858,39.926579000132925]]]}},{"id":"396","type":"Feature","properties":{"GISJOIN":"G42010100026D","pct_black":14.93},"geometry":{"type":"Polygon","coordinates":[[[-75.16922799987779,39.92680599982237],[-75.1755619999594,39.92764199988781],[-75.17397000024557,39.93497399972058],[-75.16763999974891,39.934149999916315],[-75.16922799987779,39.92680599982237]]]}},{"id":"397","type":"Feature","properties":{"GISJOIN":"G42010100026E","pct_black":0.05},"geometry":{"type":"Polygon","coordinates":[[[-75.16922799987779,39.92680599982237],[-75.17229399997517,39.91239300045133],[-75.17780600005152,39.913089999561066],[-75.17718000011142,39.91489000003713],[-75.1782680001747,39.9150530002801],[-75.1755619999594,39.92764199988781],[-75.16922799987779,39.92680599982237]]]}},{"id":"398","type":"Feature","properties":{"GISJOIN":"G42010100026F","pct_black":64.32},"geometry":{"type":"Polygon","coordinates":[[[-75.17231700013065,39.91228700033216],[-75.17491800054493,39.89860300001973],[-75.17606461710461,39.89577162300113],[-75.1792620004547,39.89660199998859],[-75.18102539520288,39.896253885015405],[-75.17780600005152,39.913089999561066],[-75.17231700013065,39.91228700033216]]]}},{"id":"399","type":"Feature","properties":{"GISJOIN":"G42010100027A","pct_black":15.14},"geometry":{"type":"Polygon","coordinates":[[[-75.18022300036212,39.95447199965182],[-75.1832879997137,39.949512000036904],[-75.18723099933739,39.947176000298924],[-75.1916890001197,39.95032000043118],[-75.19724300028909,39.951020999819455],[-75.19612100016234,39.95642899958183],[-75.18022300036212,39.95447199965182]]]}},{"id":"400","type":"Feature","properties":{"GISJOIN":"G42010100027B","pct_black":10.82},"geometry":{"type":"Polygon","coordinates":[[[-75.19724300028909,39.951020999819455],[-75.20565599952886,39.9480530002371],[-75.20582000048111,39.950952999764176],[-75.20414500004601,39.95742199995325],[-75.19612100016234,39.95642899958183],[-75.19724300028909,39.951020999819455]]]}},{"id":"401","type":"Feature","properties":{"GISJOIN":"G42010100027C","pct_black":4.6},"geometry":{"type":"Polygon","coordinates":[[[-75.20575900022428,39.949832000261424],[-75.21291999966978,39.94906499980857],[-75.21103899972586,39.95827599977685],[-75.20414500004601,39.95742199995325],[-75.20575900022428,39.949832000261424]]]}},{"id":"402","type":"Feature","properties":{"GISJOIN":"G42010100027D","pct_black":42.92},"geometry":{"type":"Polygon","coordinates":[[[-75.20565599952886,39.9480530002371],[-75.20704599999489,39.946754000230975],[-75.2053730004045,39.94505800046551],[-75.20520299985547,39.94377099975686],[-75.20779699997586,39.94277399957779],[-75.2114009999755,39.945802000060816],[-75.21010300045367,39.94669700027601],[-75.21291999966978,39.94906499980857],[-75.20575900022428,39.949832000261424],[-75.20565599952886,39.9480530002371]]]}},{"id":"403","type":"Feature","properties":{"GISJOIN":"G42010100027E","pct_black":18.0},"geometry":{"type":"Polygon","coordinates":[[[-75.18723099933739,39.947176000298924],[-75.19149500020889,39.943153000331215],[-75.1939849997856,39.94215399968731],[-75.20027699941843,39.943652000307814],[-75.20297999986461,39.94329400005554],[-75.204581999583,39.942352000096854],[-75.20518500047609,39.941116000321884],[-75.20879899955224,39.9416440001774],[-75.20779699997586,39.94277399957779],[-75.20520299985547,39.94377099975686],[-75.2053730004045,39.94505800046551],[-75.20704599999489,39.946754000230975],[-75.20516699950346,39.94852200033662],[-75.19724300028909,39.951020999819455],[-75.1916890001197,39.95032000043118],[-75.18723099933739,39.947176000298924]]]}},{"id":"404","type":"Feature","properties":{"GISJOIN":"G42010100028A","pct_black":41.64},"geometry":{"type":"Polygon","coordinates":[[[-75.15593399975967,39.987876999761895],[-75.16384200038074,39.98890600008519],[-75.16294000019721,39.9930430002226],[-75.16428199995833,39.994606999929964],[-75.16409399950956,39.99516899990317],[-75.15458799977031,39.99393800022561],[-75.15593399975967,39.987876999761895]]]}},{"id":"405","type":"Feature","properties":{"GISJOIN":"G42010100028B","pct_black":76.97},"geometry":{"type":"Polygon","coordinates":[[[-75.16294000019721,39.9930430002226],[-75.16418400001264,39.98731100037627],[-75.1740440003183,39.98850700024673],[-75.1731819995979,39.99241199950705],[-75.17159399947698,39.99220000004028],[-75.17076699947553,39.996036000050296],[-75.16409399950956,39.99516899990317],[-75.16428199995833,39.994606999929964],[-75.16294000019721,39.9930430002226]]]}},{"id":"406","type":"Feature","properties":{"GISJOIN":"G42010100028C","pct_black":23.96},"geometry":{"type":"Polygon","coordinates":[[[-75.1740440003183,39.98850700024673],[-75.18345900055053,39.98979999984577],[-75.18179200021991,39.997443999874584],[-75.17076699947553,39.996036000050296],[-75.17159399947698,39.99220000004028],[-75.1731819995979,39.99241199950705],[-75.1740440003183,39.98850700024673]]]}},{"id":"407","type":"Feature","properties":{"GISJOIN":"G42010100028D","pct_black":0.02},"geometry":{"type":"Polygon","coordinates":[[[-75.18345900055053,39.98979999984577],[-75.18566399969721,39.990076999944556],[-75.19748148580149,39.99163423582715],[-75.19398599992448,39.99536499954031],[-75.19236743981415,39.99854348615781],[-75.18179200021991,39.997443999874584],[-75.18345900055053,39.98979999984577]]]}},{"id":"408","type":"Feature","properties":{"GISJOIN":"G42010100028E","pct_black":54.37},"geometry":{"type":"Polygon","coordinates":[[[-75.15627500034472,39.98628300033599],[-75.16418400001264,39.98731100037627],[-75.16384200038074,39.98890600008519],[-75.15593399975967,39.987876999761895],[-75.15627500034472,39.98628300033599]]]}},{"id":"409","type":"Feature","properties":{"GISJOIN":"G42010100029A","pct_black":48.81},"geometry":{"type":"Polygon","coordinates":[[[-75.1727989996349,39.97915999971048],[-75.18866100016315,39.98120700030237],[-75.18803299991538,39.98412599979874],[-75.1721610003731,39.982100000500324],[-75.1727989996349,39.97915999971048]]]}},{"id":"410","type":"Feature","properties":{"GISJOIN":"G42010100029B","pct_black":0.0},"geometry":{"type":"Polygon","coordinates":[[[-75.18803299991538,39.98412599979874],[-75.18978099989914,39.97743199962445],[-75.18800499964742,39.976584000243285],[-75.18636799995504,39.97353699985597],[-75.1932509400912,39.974217142359095],[-75.19398500043091,39.976132000526356],[-75.2018309994523,39.98035699998913],[-75.20441700028636,39.98316899971902],[-75.20408400058967,39.98585599975719],[-75.18803299991538,39.98412599979874]]]}},{"id":"411","type":"Feature","properties":{"GISJOIN":"G42010100029C","pct_black":4.79},"geometry":{"type":"Polygon","coordinates":[[[-75.18072899994034,39.97284099955938],[-75.18636799995504,39.97353699985597],[-75.18800499964742,39.976584000243285],[-75.18978099989914,39.97743199962445],[-75.18866100016315,39.98120700030237],[-75.17917199982159,39.97998800015527],[-75.18072899994034,39.97284099955938]]]}},{"id":"412","type":"Feature","properties":{"GISJOIN":"G42010100029D","pct_black":76.16},"geometry":{"type":"Polygon","coordinates":[[[-75.17786199993026,39.9724800001326],[-75.18072899994034,39.97284099955938],[-75.17917199982159,39.97998800015527],[-75.1727989996349,39.97915999971048],[-75.173785000298,39.97467700014392],[-75.17785200044177,39.974247000122745],[-75.17786199993026,39.9724800001326]]]}},{"id":"413","type":"Feature","properties":{"GISJOIN":"G42010100030A","pct_black":96.69},"geometry":{"type":"Polygon","coordinates":[[[-75.16557499975613,39.94366400026234],[-75.16681599942639,39.93786900010529],[-75.17825099994934,39.93926799991783],[-75.17698499938598,39.94508000006112],[-75.16557499975613,39.94366400026234]]]}},{"id":"414","type":"Feature","properties":{"GISJOIN":"G42010100030B","pct_black":73.13},"geometry":{"type":"Polygon","coordinates":[[[-75.17698499938598,39.94508000006112],[-75.17825099994934,39.93926799991783],[-75.18744500057142,39.94036399994988],[-75.18900999958254,39.93942400019002],[-75.1939849997856,39.94215399968731],[-75.19149500020889,39.943153000331215],[-75.18723099933739,39.947176000298924],[-75.18568500049291,39.946159000028466],[-75.17698499938598,39.94508000006112]]]}},{"id":"415","type":"Feature","properties":{"GISJOIN":"G42010100031A","pct_black":0.04},"geometry":{"type":"Polygon","coordinates":[[[-75.12549100002259,39.98983599971827],[-75.12025200012177,39.984755000111306],[-75.12757900025305,39.9813829995967],[-75.13044800006818,39.97858899978088],[-75.13318999950225,39.980134000221575],[-75.13190699962455,39.98630600031524],[-75.12549100002259,39.98983599971827]]]}},{"id":"416","type":"Feature","properties":{"GISJOIN":"G42010100031B","pct_black":0.01},"geometry":{"type":"Polygon","coordinates":[[[-75.1173549999868,39.98148100038808],[-75.11976299974269,39.97636899978269],[-75.12244899994049,39.979410999807264],[-75.12740100017251,39.976845000436626],[-75.13044800006818,39.97858899978088],[-75.12757900025305,39.9813829995967],[-75.12025200012177,39.984755000111306],[-75.1173549999868,39.98148100038808]]]}},{"id":"417","type":"Feature","properties":{"GISJOIN":"G42010100031C","pct_black":0.0},"geometry":{"type":"Polygon","coordinates":[[[-75.11976299974269,39.97636899978269],[-75.12268799964633,39.97395400023691],[-75.12740100017251,39.976845000436626],[-75.12244899994049,39.979410999807264],[-75.11976299974269,39.97636899978269]]]}},{"id":"418","type":"Feature","properties":{"GISJOIN":"G42010100032A","pct_black":97.2},"geometry":{"type":"Polygon","coordinates":[[[-75.15538499950259,39.979935999993835],[-75.15406299993563,39.98600299962277],[-75.15091299985386,39.98559699993175],[-75.15223499993742,39.979530999661904],[-75.15538499950259,39.979935999993835]]]}},{"id":"419","type":"Feature","properties":{"GISJOIN":"G42010100032B","pct_black":37.24},"geometry":{"type":"Polygon","coordinates":[[[-75.15538499950259,39.979935999993835],[-75.15758099951692,39.980222999891566],[-75.15627500034472,39.98628300033599],[-75.15406299993563,39.98600299962277],[-75.15538499950259,39.979935999993835]]]}},{"id":"420","type":"Feature","properties":{"GISJOIN":"G42010100032C","pct_black":83.81},"geometry":{"type":"Polygon","coordinates":[[[-75.15758099951692,39.980222999891566],[-75.16551100037908,39.98124400000961],[-75.16418400001264,39.98731100037627],[-75.15627500034472,39.98628300033599],[-75.15758099951692,39.980222999891566]]]}},{"id":"421","type":"Feature","properties":{"GISJOIN":"G42010100032D","pct_black":98.5},"geometry":{"type":"Polygon","coordinates":[[[-75.16551100037908,39.98124400000961],[-75.17534399940796,39.98251700000566],[-75.17469399955984,39.98550600014367],[-75.17150999955813,39.98508999989172],[-75.17119700016622,39.9866030001034],[-75.1695740005493,39.98640600000321],[-75.16923400028415,39.98795899991029],[-75.16418400001264,39.98731100037627],[-75.16551100037908,39.98124400000961]]]}},{"id":"422","type":"Feature","properties":{"GISJOIN":"G42010100032E","pct_black":38.28},"geometry":{"type":"Polygon","coordinates":[[[-75.16923400028415,39.98795899991029],[-75.1695740005493,39.98640600000321],[-75.17119700016622,39.9866030001034],[-75.17150999955813,39.98508999989172],[-75.17469399955984,39.98550600014367],[-75.17534399940796,39.98251700000566],[-75.18803299991538,39.98412599979874],[-75.18671299937456,39.99021500028355],[-75.16923400028415,39.98795899991029]]]}},{"id":"423","type":"Feature","properties":{"GISJOIN":"G42010100032F","pct_black":0.0},"geometry":{"type":"Polygon","coordinates":[[[-75.18803299991538,39.98412599979874],[-75.19736374636864,39.98504647772845],[-75.20408400058967,39.98585599975719],[-75.20110700009616,39.987634999846684],[-75.19748148580149,39.99163423582715],[-75.18671299937456,39.99021500028355],[-75.18803299991538,39.98412599979874]]]}},{"id":"424","type":"Feature","properties":{"GISJOIN":"G42010100033A","pct_black":0.0},"geometry":{"type":"Polygon","coordinates":[[[-75.09704000003947,40.01601799982669],[-75.09743099987868,40.01332499954301],[-75.10742700002996,40.014647000360114],[-75.1075989999204,40.016489000214804],[-75.09704000003947,40.01601799982669]]]}},{"id":"425","type":"Feature","properties":{"GISJOIN":"G42010100033B","pct_black":0.04},"geometry":{"type":"Polygon","coordinates":[[[-75.09249399960879,40.007975999632876],[-75.1018110001609,40.002862999771615],[-75.1041970000471,40.001524999987886],[-75.10155700037154,40.01387799987618],[-75.09743099987868,40.01332499954301],[-75.09704000003947,40.01601799982669],[-75.09506799989542,40.015342999867265],[-75.09341199936377,40.01304700032608],[-75.09499500046174,40.00998400016265],[-75.09249399960879,40.007975999632876]]]}},{"id":"426","type":"Feature","properties":{"GISJOIN":"G42010100033C","pct_black":0.09},"geometry":{"type":"Polygon","coordinates":[[[-75.1075989999204,40.016489000214804],[-75.10742700002996,40.014647000360114],[-75.10155700037154,40.01387799987618],[-75.1041970000471,40.001524999987886],[-75.1141610092261,40.002809149182404],[-75.1112701585075,40.01627449175387],[-75.1075989999204,40.016489000214804]]]}},{"id":"427","type":"Feature","properties":{"GISJOIN":"G42010100033D","pct_black":0.0},"geometry":{"type":"Polygon","coordinates":[[[-75.1112701585075,40.01627449175387],[-75.1141609993391,40.00281100025823],[-75.11608999966438,40.00306700032732],[-75.1164110004801,40.00162400028584],[-75.12441000023992,40.00263400041927],[-75.12332299949267,40.007554999991314],[-75.11627199953826,40.017423000147446],[-75.1112701585075,40.01627449175387]]]}},{"id":"428","type":"Feature","properties":{"GISJOIN":"G42010100033E","pct_black":19.05},"geometry":{"type":"Polygon","coordinates":[[[-75.12342500012785,40.007211999866165],[-75.12728699988244,40.00769499998953],[-75.12713699984747,40.008405999518835],[-75.131186000089,40.00854799982689],[-75.12888300034612,40.01894499971165],[-75.11627199953826,40.017423000147446],[-75.12342500012785,40.007211999866165]]]}},{"id":"429","type":"Feature","properties":{"GISJOIN":"G42010100033F","pct_black":0.48},"geometry":{"type":"Polygon","coordinates":[[[-75.12888300034612,40.01894499971165],[-75.13193700034213,40.005156000031334],[-75.13766899986214,40.00364500009012],[-75.13419399954137,40.019618999742754],[-75.12888300034612,40.01894499971165]]]}},{"id":"430","type":"Feature","properties":{"GISJOIN":"G42010100033G","pct_black":0.1},"geometry":{"type":"Polygon","coordinates":[[[-75.12342500012785,40.007211999866165],[-75.12537999992834,39.99804299997499],[-75.13852399970516,39.99974299957182],[-75.13766899986214,40.00364500009012],[-75.13193700034213,40.005156000031334],[-75.131186000089,40.00854799982689],[-75.12713699984747,40.008405999518835],[-75.12728699988244,40.00769499998953],[-75.12342500012785,40.007211999866165]]]}},{"id":"431","type":"Feature","properties":{"GISJOIN":"G42010100033H","pct_black":0.03},"geometry":{"type":"Polygon","coordinates":[[[-75.11098300029717,39.997801000307064],[-75.12093299996583,39.999097000185834],[-75.12028399955351,40.00212299969483],[-75.1164110004801,40.00162400028584],[-75.11608999966438,40.00306700032732],[-75.1041970000471,40.001524999987886],[-75.11098300029717,39.997801000307064]]]}},{"id":"432","type":"Feature","properties":{"GISJOIN":"G42010100033I","pct_black":0.04},"geometry":{"type":"Polygon","coordinates":[[[-75.11098300029717,39.997801000307064],[-75.12549100002259,39.98983599971827],[-75.1270310005345,39.99038599994789],[-75.12711100000246,39.99171600040475],[-75.12662899937764,39.992007000093366],[-75.12441000023992,40.00263400041927],[-75.12028399955351,40.00212299969483],[-75.12093299996583,39.999097000185834],[-75.11098300029717,39.997801000307064]]]}},{"id":"433","type":"Feature","properties":{"GISJOIN":"G42010100033J","pct_black":0.1},"geometry":{"type":"Polygon","coordinates":[[[-75.1270310005345,39.99038599994789],[-75.13784199961789,39.991787999644025],[-75.13656000028347,39.99767099999177],[-75.13887600010352,39.99814900021565],[-75.13852399970516,39.99974299957182],[-75.12537999992834,39.99804299997499],[-75.12662899937764,39.992007000093366],[-75.12711100000246,39.99171600040475],[-75.1270310005345,39.99038599994789]]]}},{"id":"434","type":"Feature","properties":{"GISJOIN":"G42010100033K","pct_black":0.04},"geometry":{"type":"Polygon","coordinates":[[[-75.13784199961789,39.991787999644025],[-75.14019800053435,39.99208599980317],[-75.13887600010352,39.99814900021565],[-75.13656000028347,39.99767099999177],[-75.13784199961789,39.991787999644025]]]}},{"id":"435","type":"Feature","properties":{"GISJOIN":"G42010100034A","pct_black":0.93},"geometry":{"type":"Polygon","coordinates":[[[-75.21799400030679,39.99422299999816],[-75.22031700051836,39.99028599985975],[-75.22510899970843,39.9875820001352],[-75.22650100058611,39.98860099965988],[-75.22657299989194,39.99367000021644],[-75.22763099963225,39.99503199963096],[-75.22616100038252,39.99571700028093],[-75.22733200023394,39.997165000046685],[-75.22690399951175,39.99837199975394],[-75.22837499999281,40.0003170002245],[-75.22069600035809,40.00392399979722],[-75.21799400030679,39.99422299999816]]]}},{"id":"436","type":"Feature","properties":{"GISJOIN":"G42010100034B","pct_black":3.44},"geometry":{"type":"Polygon","coordinates":[[[-75.22657299968667,39.99151600020926],[-75.23367199952295,39.99188199990669],[-75.2341300005434,39.99560199989348],[-75.23528500046089,39.99708799983652],[-75.22837499999281,40.0003170002245],[-75.22690399951175,39.99837199975394],[-75.22733200023394,39.997165000046685],[-75.22616100038252,39.99571700028093],[-75.22763099963225,39.99503199963096],[-75.22657299989194,39.99367000021644],[-75.22657299968667,39.99151600020926]]]}},{"id":"437","type":"Feature","properties":{"GISJOIN":"G42010100034C","pct_black":0.78},"geometry":{"type":"Polygon","coordinates":[[[-75.23367199952295,39.99188199990669],[-75.23836100011529,39.990486000265285],[-75.2398379998501,39.98928699960504],[-75.24752100052766,39.98566500021164],[-75.2508209999743,39.98979499957769],[-75.23528500046089,39.99708799983652],[-75.2341300005434,39.99560199989348],[-75.23367199952295,39.99188199990669]]]}},{"id":"438","type":"Feature","properties":{"GISJOIN":"G42010100034D","pct_black":0.23},"geometry":{"type":"Polygon","coordinates":[[[-75.23904199995559,39.98195000008395],[-75.24575400030666,39.9842729998738],[-75.24737000021518,39.98505299997792],[-75.24752100052766,39.98566500021164],[-75.23778499991579,39.99066900006875],[-75.23702200054609,39.98540499976807],[-75.23904199995559,39.98195000008395]]]}},{"id":"439","type":"Feature","properties":{"GISJOIN":"G42010100034E","pct_black":0.23},"geometry":{"type":"Polygon","coordinates":[[[-75.22619399998864,39.978115000354556],[-75.22676499991923,39.97721099982748],[-75.23209699983646,39.97969400019478],[-75.23904199995559,39.98195000008395],[-75.23702200054609,39.98540499976807],[-75.23778499991579,39.99066900006875],[-75.23367199952295,39.99188199990669],[-75.23079099965376,39.98251599976837],[-75.22879200032807,39.9807049997356],[-75.22847100050954,39.97895999968657],[-75.22619399998864,39.978115000354556]]]}},{"id":"440","type":"Feature","properties":{"GISJOIN":"G42010100034F","pct_black":0.26},"geometry":{"type":"Polygon","coordinates":[[[-75.22510899970843,39.9875820001352],[-75.22682499965002,39.98432000002314],[-75.2270570005582,39.98269099980918],[-75.22620199956687,39.981607999553574],[-75.22406599971995,39.98150799974497],[-75.22619399998864,39.978115000354556],[-75.22847100050954,39.97895999968657],[-75.22879200032807,39.9807049997356],[-75.23079099965376,39.98251599976837],[-75.23367199952295,39.99188199990669],[-75.22657299968667,39.99151600020926],[-75.22650100058611,39.98860099965988],[-75.22510899970843,39.9875820001352]]]}},{"id":"441","type":"Feature","properties":{"GISJOIN":"G42010100034G","pct_black":0.0},"geometry":{"type":"Polygon","coordinates":[[[-75.21346900034254,39.97779100013095],[-75.22315699982164,39.981380999642646],[-75.22620199956687,39.981607999553574],[-75.2270570005582,39.98269099980918],[-75.22557300017704,39.98715100048618],[-75.22031700051836,39.99028599985975],[-75.21799400030679,39.99422299999816],[-75.21346900034254,39.97779100013095]]]}},{"id":"442","type":"Feature","properties":{"GISJOIN":"G42010100034H","pct_black":31.17},"geometry":{"type":"Polygon","coordinates":[[[-75.23017099948953,39.978793999730186],[-75.2287349995797,39.97110699986783],[-75.23745500020135,39.97014100040932],[-75.23946700018273,39.980913999939446],[-75.23904199995559,39.98195000008395],[-75.23017099948953,39.978793999730186]]]}},{"id":"443","type":"Feature","properties":{"GISJOIN":"G42010100034I","pct_black":15.07},"geometry":{"type":"Polygon","coordinates":[[[-75.23904199995559,39.98195000008395],[-75.23946700018273,39.980913999939446],[-75.23745500020135,39.97014100040932],[-75.23569699970494,39.970335999725414],[-75.23552099931771,39.96760500026409],[-75.24751799980683,39.969093000088215],[-75.24690399962431,39.9720279994945],[-75.2474940001799,39.9751129999635],[-75.24853400038013,39.97853699964103],[-75.25106300035024,39.98160100047991],[-75.24575400030666,39.9842729998738],[-75.23904199995559,39.98195000008395]]]}},{"id":"444","type":"Feature","properties":{"GISJOIN":"G42010100034J","pct_black":1.11},"geometry":{"type":"Polygon","coordinates":[[[-75.2508209999743,39.98979499957769],[-75.24737000021518,39.98505299997792],[-75.24575400030666,39.9842729998738],[-75.25221000017459,39.98101199960644],[-75.25502300036979,39.978467999676894],[-75.25538500015634,39.98033400044203],[-75.25451099978872,39.98073500030569],[-75.2582309999332,39.985114000159086],[-75.25903400048291,39.98521200037642],[-75.2561179997719,39.98731199959856],[-75.2508209999743,39.98979499957769]]]}},{"id":"445","type":"Feature","properties":{"GISJOIN":"G42010100034K","pct_black":1.79},"geometry":{"type":"Polygon","coordinates":[[[-75.26559100005093,39.98180099967694],[-75.2595089999539,39.98495100014052],[-75.25898400023361,39.98417299986251],[-75.2589149997456,39.98288700030791],[-75.26043499994063,39.98213400033714],[-75.25947100004343,39.97977999991248],[-75.26101700022728,39.978487999977695],[-75.26415799965268,39.98012400035759],[-75.26559100005093,39.98180099967694]]]}},{"id":"446","type":"Feature","properties":{"GISJOIN":"G42010100034L","pct_black":null},"geometry":{"type":"Polygon","coordinates":[[[-75.25502300036979,39.978467999676894],[-75.25592399976635,39.978119999987356],[-75.25489999963379,39.97269000018331],[-75.25993299992956,39.97444800016093],[-75.26010799968931,39.97539200028706],[-75.2609620004846,39.97575299970879],[-75.26104700022937,39.97664000021658],[-75.2619960001507,39.97759800023298],[-75.26604199961261,39.97911599999299],[-75.26789700052328,39.978699999675534],[-75.26926999968295,39.980169999792984],[-75.26559100005093,39.98180099967694],[-75.26415799965268,39.98012400035759],[-75.26101700022728,39.978487999977695],[-75.25947100004343,39.97977999991248],[-75.26043499994063,39.98213400033714],[-75.2589149997456,39.98288700030791],[-75.2595089999539,39.98495100014052],[-75.25903400048291,39.98521200037642],[-75.2582309999332,39.985114000159086],[-75.25451099978872,39.98073500030569],[-75.25538500015634,39.98033400044203],[-75.25502300036979,39.978467999676894]]]}},{"id":"447","type":"Feature","properties":{"GISJOIN":"G42010100034M","pct_black":0.05},"geometry":{"type":"Polygon","coordinates":[[[-75.24653100000988,39.96896699985401],[-75.24716900057977,39.96592699988238],[-75.25093500014314,39.96636600045484],[-75.25080099989825,39.967936999560465],[-75.25231400015689,39.968114999979555],[-75.25256599967526,39.96971599992687],[-75.25512300009264,39.97003600036103],[-75.25475199977005,39.97152699963146],[-75.25592399976635,39.978119999987356],[-75.25425200010773,39.978834999834696],[-75.25106300035024,39.98160100047991],[-75.24842900050824,39.978295000086156],[-75.24690399962431,39.9720279994945],[-75.24751799980683,39.969093000088215],[-75.24653100000988,39.96896699985401]]]}},{"id":"448","type":"Feature","properties":{"GISJOIN":"G42010100034N","pct_black":0.32},"geometry":{"type":"Polygon","coordinates":[[[-75.25993299992956,39.97444800016093],[-75.26561999997402,39.9699409998046],[-75.26931399974549,39.97300999971252],[-75.27163899982091,39.97208200003925],[-75.27586600022268,39.9772340004089],[-75.26926999968295,39.980169999792984],[-75.26789700052328,39.978699999675534],[-75.26604199961261,39.97911599999299],[-75.2619960001507,39.97759800023298],[-75.26104700022937,39.97664000021658],[-75.2609620004846,39.97575299970879],[-75.26010799968931,39.97539200028706],[-75.25993299992956,39.97444800016093]]]}},{"id":"449","type":"Feature","properties":{"GISJOIN":"G42010100034O","pct_black":null},"geometry":{"type":"Polygon","coordinates":[[[-75.25993299992956,39.97444800016093],[-75.25489999963379,39.97269000018331],[-75.25512300009264,39.97003600036103],[-75.25256599967526,39.96971599992687],[-75.25231400015689,39.968114999979555],[-75.25080099989825,39.967936999560465],[-75.25111900044352,39.96639800042814],[-75.24716900057977,39.96592699988238],[-75.2474460004331,39.9643899998374],[-75.2464250001337,39.96427600028046],[-75.24675299963954,39.96270500007601],[-75.24768799951443,39.96281700020544],[-75.2474049998082,39.96332699975942],[-75.24805600012292,39.964073999868894],[-75.25160299988329,39.96535600036026],[-75.25413999968951,39.96540400003754],[-75.25674600033808,39.96368800027244],[-75.25785799960369,39.96359399997688],[-75.25879699989815,39.96557100043851],[-75.26049100011343,39.966312999845144],[-75.26538799965174,39.96522399966299],[-75.26604800009109,39.96592599996949],[-75.26991899990692,39.967380000037885],[-75.27059799996186,39.96865999964359],[-75.27526600043747,39.96936400020605],[-75.27565200033692,39.97025900046824],[-75.27641100028836,39.970415999916945],[-75.27652400037655,39.971223999697266],[-75.2775400003695,39.97112699978387],[-75.27860899961526,39.97226299996714],[-75.27912299954538,39.973913000254775],[-75.28030299981339,39.974991000328195],[-75.27586600022268,39.9772340004089],[-75.27163899982091,39.97208200003925],[-75.26931399974549,39.97300999971252],[-75.26561999997402,39.9699409998046],[-75.25993299992956,39.97444800016093]]]}},{"id":"450","type":"Feature","properties":{"GISJOIN":"G42010100034P","pct_black":50.95},"geometry":{"type":"Polygon","coordinates":[[[-75.23680800037076,39.96147099986714],[-75.24675299963954,39.96270500007601],[-75.2464250001337,39.96427600028046],[-75.24746400007638,39.96450800003329],[-75.24653100000988,39.96896699985401],[-75.23552099931771,39.96760500026409],[-75.23680800037076,39.96147099986714]]]}},{"id":"451","type":"Feature","properties":{"GISJOIN":"G42010100034Q","pct_black":88.15},"geometry":{"type":"Polygon","coordinates":[[[-75.22864499973257,39.960463000151506],[-75.23680800037076,39.96147099986714],[-75.23535199961788,39.96844600028089],[-75.23569699970494,39.970335999725414],[-75.2287349995797,39.97110699986783],[-75.22767900033402,39.965071999910585],[-75.22864499973257,39.960463000151506]]]}},{"id":"452","type":"Feature","properties":{"GISJOIN":"G42010100035A","pct_black":9.58},"geometry":{"type":"Polygon","coordinates":[[[-74.96226700049418,40.078708999640526],[-74.96494499963771,40.08097800031401],[-74.96496300022574,40.08167499984153],[-74.96648199952804,40.08237499995713],[-74.97122500027588,40.087636000380044],[-74.97979499999929,40.09388600001132],[-74.9767829996677,40.0959690003567],[-74.97809999982006,40.099212000292354],[-74.97118299947981,40.10223300029113],[-74.96100099981143,40.10332400000917],[-74.96080699978644,40.101571999556406],[-74.96168700023914,40.10073100013239],[-74.9618580003026,40.099692999878606],[-74.9613709996907,40.099286999729294],[-74.96187200060976,40.09864399995859],[-74.96162800029302,40.09779300045406],[-74.95616399987418,40.09574499972861],[-74.95576300015549,40.09498199990609],[-74.95805700034435,40.09042300037747],[-74.95767799945095,40.08775400001458],[-74.95880600028723,40.08258500015165],[-74.96226700049418,40.078708999640526]]]}},{"id":"453","type":"Feature","properties":{"GISJOIN":"G42010100035AA","pct_black":0.0},"geometry":{"type":"Polygon","coordinates":[[[-75.06720199955947,40.075883000234356],[-75.06923199995732,40.07149700022536],[-75.07660599966849,40.06369500009898],[-75.08213600008277,40.066764000453446],[-75.0710070002396,40.07768199959776],[-75.06720199955947,40.075883000234356]]]}},{"id":"454","type":"Feature","properties":{"GISJOIN":"G42010100035AAA","pct_black":0.0},"geometry":{"type":"Polygon","coordinates":[[[-75.06436200023464,40.03630599961908],[-75.06239400025079,40.027443999835086],[-75.0733639995647,40.02536900016434],[-75.07548800027597,40.0270710001578],[-75.07091699967573,40.035102999909164],[-75.06436200023464,40.03630599961908]]]}},{"id":"455","type":"Feature","properties":{"GISJOIN":"G42010100035B","pct_black":0.76},"geometry":{"type":"Polygon","coordinates":[[[-74.96408000018495,40.11776599973984],[-74.96313700019306,40.11540100038866],[-74.96363000046004,40.11336900016069],[-74.96337099982316,40.11033699962019],[-74.96534399943124,40.1079309999381],[-74.9636409993932,40.107014000136594],[-74.96320499995659,40.10572400037235],[-74.96115599971694,40.103446000100995],[-74.97118299947981,40.10223300029113],[-74.97809999982006,40.099212000292354],[-74.9767829996677,40.0959690003567],[-74.98418000044545,40.0899060000993],[-74.9912639995466,40.09577799988581],[-74.98199699990698,40.10245399976624],[-74.9833930000511,40.10368400030548],[-74.97946500044357,40.1057900005299],[-74.96994100063782,40.11333899983683],[-74.96949900034241,40.11617400046143],[-74.96662100006563,40.1179319997645],[-74.96408000018495,40.11776599973984]]]}},{"id":"456","type":"Feature","properties":{"GISJOIN":"G42010100035BB","pct_black":0.0},"geometry":{"type":"Polygon","coordinates":[[[-75.06898400028214,40.07202100000976],[-75.06111799936592,40.068122000240216],[-75.06807400018404,40.06082400048502],[-75.06987900038054,40.06182400020899],[-75.0710439995533,40.060592999811924],[-75.07660599966849,40.06369500009898],[-75.06898400028214,40.07202100000976]]]}},{"id":"457","type":"Feature","properties":{"GISJOIN":"G42010100035BBB","pct_black":0.0},"geometry":{"type":"Polygon","coordinates":[[[-75.09110999991914,40.02810099960576],[-75.09438999978191,40.02633600022049],[-75.09601300046936,40.02613300032696],[-75.10172799942566,40.02972600027331],[-75.10460099934353,40.02978000029359],[-75.09841599956584,40.03610100019791],[-75.09433900056274,40.03221700003602],[-75.09110999991914,40.02810099960576]]]}},{"id":"458","type":"Feature","properties":{"GISJOIN":"G42010100035C","pct_black":21.28},"geometry":{"type":"Polygon","coordinates":[[[-74.96408000018495,40.11776599973984],[-74.96662100006563,40.1179319997645],[-74.96949900034241,40.11617400046143],[-74.96994100063782,40.11333899983683],[-74.97946500044357,40.1057900005299],[-74.9833930000511,40.10368400030548],[-74.98199699990698,40.10245399976624],[-74.9912639995466,40.09577799988581],[-75.00179600054464,40.10492999990072],[-74.9991899994102,40.1067140003428],[-75.00334399983946,40.11038699983102],[-75.00539099985683,40.1148020003076],[-74.99705200001084,40.12116799986995],[-74.99353300020996,40.11867999992865],[-74.98794300064266,40.123290999864196],[-74.9866920001557,40.12318700020949],[-74.98498299970286,40.12389600010375],[-74.98267800017102,40.12300700030555],[-74.98221300034679,40.12205700050938],[-74.98274799964028,40.12088700016911],[-74.98228300046377,40.1203379999061],[-74.9792919994785,40.11952599976207],[-74.97735399970612,40.12015900039383],[-74.97321899946581,40.119891000192744],[-74.96983300002394,40.11711800008134],[-74.96520499938623,40.11861300012674],[-74.96408000018495,40.11776599973984]]]}},{"id":"459","type":"Feature","properties":{"GISJOIN":"G42010100035CC","pct_black":0.0},"geometry":{"type":"Polygon","coordinates":[[[-75.0500910000749,40.06216000010436],[-75.05357400027894,40.05847700040604],[-75.06449100025694,40.0645880003266],[-75.06111799936592,40.068122000240216],[-75.0500910000749,40.06216000010436]]]}},{"id":"460","type":"Feature","properties":{"GISJOIN":"G42010100035CCC","pct_black":0.07},"geometry":{"type":"Polygon","coordinates":[[[-75.10993099961148,40.04319799950152],[-75.09841599956584,40.03610100019791],[-75.10460099934353,40.02978000029359],[-75.11277299969414,40.02703600020227],[-75.11279200013725,40.0276760004595],[-75.11094799970932,40.02884699978654],[-75.11068900057148,40.03352900008726],[-75.11374099953252,40.03731399999926],[-75.1144579995288,40.03983800006043],[-75.11196299981347,40.04363999958809],[-75.10993099961148,40.04319799950152]]]}},{"id":"461","type":"Feature","properties":{"GISJOIN":"G42010100035D","pct_black":0.0},"geometry":{"type":"Polygon","coordinates":[[[-74.98719300057792,40.12328599973569],[-74.98794300064266,40.123290999864196],[-74.99353300020996,40.11867999992865],[-74.99705200001084,40.12116799986995],[-75.00539099985683,40.1148020003076],[-75.00699100001343,40.118598999597324],[-75.01538399939065,40.12359900023623],[-75.01493599982025,40.12462100031486],[-75.0098379998605,40.128391999985936],[-75.00325500011735,40.13101200013376],[-74.99788499953593,40.1278159998227],[-74.99367300030383,40.13249200015776],[-74.99228799943577,40.13068200025829],[-74.9939089997585,40.12677600003765],[-74.99242000008141,40.12619399982381],[-74.9892719997839,40.12626200013719],[-74.98864199975218,40.12553199993486],[-74.9886320004948,40.12441600033764],[-74.98719300057792,40.12328599973569]]]}},{"id":"462","type":"Feature","properties":{"GISJOIN":"G42010100035DD","pct_black":0.0},"geometry":{"type":"Polygon","coordinates":[[[-75.05357400027894,40.05847700040604],[-75.05712499983998,40.05472200034807],[-75.06807400018404,40.06082400048502],[-75.06449100025694,40.0645880003266],[-75.05357400027894,40.05847700040604]]]}},{"id":"463","type":"Feature","properties":{"GISJOIN":"G42010100035DDD","pct_black":0.07},"geometry":{"type":"Polygon","coordinates":[[[-75.09731800022354,40.026948999840315],[-75.10340101711002,40.0236094728834],[-75.10197739988494,40.02299194247237],[-75.10234264453763,40.02239803053512],[-75.10133499957253,40.02094499949135],[-75.10282800018877,40.020818999941895],[-75.10348799983674,40.020867999523915],[-75.10368199997902,40.022299999813306],[-75.10484499958486,40.02356000008459],[-75.10558899957688,40.022899000317864],[-75.1076280004219,40.02307000031782],[-75.10877600018539,40.022156000451616],[-75.11086400025133,40.022425000216565],[-75.11164599977415,40.024542000352085],[-75.11144699963602,40.0254969995952],[-75.11269199983282,40.02600699994125],[-75.11288799993783,40.026875999951514],[-75.10513200010989,40.02961899989893],[-75.10266999996003,40.02998699979203],[-75.09731800022354,40.026948999840315]]]}},{"id":"464","type":"Feature","properties":{"GISJOIN":"G42010100035E","pct_black":0.0},"geometry":{"type":"Polygon","coordinates":[[[-75.00325500011735,40.13101200013376],[-75.0098379998605,40.128391999985936],[-75.01493599982025,40.12462100031486],[-75.01538399939065,40.12359900023623],[-75.02489099960881,40.12921599983639],[-75.02057100011378,40.13227399994064],[-75.01506599986688,40.137991999704155],[-75.00325500011735,40.13101200013376]]]}},{"id":"465","type":"Feature","properties":{"GISJOIN":"G42010100035EE","pct_black":0.19},"geometry":{"type":"Polygon","coordinates":[[[-75.03863799982311,40.05863200027993],[-75.03871899982238,40.05643499989184],[-75.0400020006755,40.05441199966945],[-75.04005200001674,40.053432000132524],[-75.04151499983357,40.05176200031825],[-75.04177800031954,40.05036100042679],[-75.04737200039436,40.04803900025183],[-75.0504200003214,40.04921899986038],[-75.05105699943454,40.049022000161045],[-75.05046399983259,40.052506999898014],[-75.05139199947196,40.05468699990337],[-75.05657800051318,40.05531700028757],[-75.0500910000749,40.06216000010436],[-75.0422829996473,40.058061999769976],[-75.03863799982311,40.05863200027993]]]}},{"id":"466","type":"Feature","properties":{"GISJOIN":"G42010100035EEE","pct_black":0.08},"geometry":{"type":"Polygon","coordinates":[[[-75.08469099965652,40.03176499974541],[-75.09674400046406,40.01873000028204],[-75.09704000003947,40.01601799982669],[-75.09885700003991,40.01643299967185],[-75.10492199984024,40.01619399961908],[-75.10734899965695,40.017041999889706],[-75.10714699994467,40.01808799977236],[-75.10550399968324,40.019292000074394],[-75.1038340001083,40.01951899964329],[-75.10348799983674,40.020867999523915],[-75.10133499957253,40.02094499949135],[-75.10234264453763,40.02239803053512],[-75.10197739988494,40.02299194247237],[-75.10340101711002,40.0236094728834],[-75.10251213556192,40.024478870470254],[-75.10186861814772,40.02411805791664],[-75.10053140653879,40.02556314981315],[-75.09962471750978,40.02535452840827],[-75.09731800022354,40.026948999840315],[-75.09601300046936,40.02613300032696],[-75.09438999978191,40.02633600022049],[-75.08469099965652,40.03176499974541]]]}},{"id":"467","type":"Feature","properties":{"GISJOIN":"G42010100035F","pct_black":0.0},"geometry":{"type":"Polygon","coordinates":[[[-75.01779500033325,40.12501200043532],[-75.02696334185474,40.11529376460544],[-75.03005900015826,40.11629799967829],[-75.0364950000583,40.120390000188756],[-75.03790799963379,40.12016700002012],[-75.02489099960881,40.12921599983639],[-75.01779500033325,40.12501200043532]]]}},{"id":"468","type":"Feature","properties":{"GISJOIN":"G42010100035FF","pct_black":0.15},"geometry":{"type":"Polygon","coordinates":[[[-75.02175200064366,40.04366799984884],[-75.03133999954359,40.04023599983029],[-75.03439300037186,40.04437900048404],[-75.03153999983601,40.045681000243626],[-75.03171200014897,40.047332000476565],[-75.03048900007224,40.04840699967235],[-75.02603700042292,40.04816300005881],[-75.023007000246,40.04919700011282],[-75.0213429999212,40.04829399957238],[-75.02048899954913,40.04639000022472],[-75.02175200064366,40.04366799984884]]]}},{"id":"469","type":"Feature","properties":{"GISJOIN":"G42010100035G","pct_black":0.28},"geometry":{"type":"Polygon","coordinates":[[[-75.01779500033325,40.12501200043532],[-75.00699100001343,40.118598999597324],[-75.02631175917818,40.10830875874502],[-75.0230410000915,40.11299800014459],[-75.02696334185474,40.11529376460544],[-75.01779500033325,40.12501200043532]]]}},{"id":"470","type":"Feature","properties":{"GISJOIN":"G42010100035GG","pct_black":0.05},"geometry":{"type":"Polygon","coordinates":[[[-75.03133999954359,40.04023599983029],[-75.04086000004297,40.03675699959903],[-75.04591899962088,40.039643000344455],[-75.04320300043692,40.04032400030827],[-75.03439300037186,40.04437900048404],[-75.03133999954359,40.04023599983029]]]}},{"id":"471","type":"Feature","properties":{"GISJOIN":"G42010100035H","pct_black":17.24},"geometry":{"type":"Polygon","coordinates":[[[-75.02696334185474,40.11529376460544],[-75.0230410000915,40.11299800014459],[-75.02630500060056,40.10832399971198],[-75.03299800032582,40.105110000175394],[-75.03564500014544,40.106671999784],[-75.03945999964917,40.10736200003453],[-75.0485420001633,40.112728999753706],[-75.03790799963379,40.12016700002012],[-75.0364950000583,40.120390000188756],[-75.03005900015826,40.11629799967829],[-75.02696334185474,40.11529376460544]]]}},{"id":"472","type":"Feature","properties":{"GISJOIN":"G42010100035HH","pct_black":0.0},"geometry":{"type":"Polygon","coordinates":[[[-75.03382399974159,40.04465999989406],[-75.04320300043692,40.04032400030827],[-75.04591899962088,40.039643000344455],[-75.05428700016284,40.044448000377756],[-75.05168200043217,40.04696300052116],[-75.04754499978749,40.046256999797954],[-75.04526899997228,40.04650900033214],[-75.04369399938862,40.047502000337715],[-75.04132300047398,40.04729199997336],[-75.03925499963836,40.04598200039243],[-75.03382399974159,40.04465999989406]]]}},{"id":"473","type":"Feature","properties":{"GISJOIN":"G42010100035I","pct_black":0.0},"geometry":{"type":"Polygon","coordinates":[[[-75.00699100001343,40.118598999597324],[-75.00334399983946,40.11038699983102],[-74.9991899994102,40.1067140003428],[-75.00864100018237,40.100211000037],[-75.01823300059156,40.09710499977824],[-75.02184200001483,40.100097999927975],[-75.0276350002118,40.10176499981621],[-75.03299800032582,40.105110000175394],[-75.01785200034294,40.11250699986357],[-75.00699100001343,40.118598999597324]]]}},{"id":"474","type":"Feature","properties":{"GISJOIN":"G42010100035II","pct_black":0.33},"geometry":{"type":"Polygon","coordinates":[[[-75.05046399983259,40.052506999898014],[-75.05168499968057,40.046957000114254],[-75.05428700016284,40.044448000377756],[-75.06238400042558,40.04914800017392],[-75.05657800051318,40.05531700028757],[-75.05139199947196,40.05468699990337],[-75.05046399983259,40.052506999898014]]]}},{"id":"475","type":"Feature","properties":{"GISJOIN":"G42010100035J","pct_black":0.27},"geometry":{"type":"Polygon","coordinates":[[[-75.00179600054464,40.10492999990072],[-74.98418000044545,40.0899060000993],[-74.98845999981829,40.08491699982896],[-74.99723300015167,40.08002299986078],[-75.00916499972197,40.09037300019574],[-75.01019100032069,40.09059900030703],[-75.01823300059156,40.09710499977824],[-75.00864100018237,40.100211000037],[-75.00179600054464,40.10492999990072]]]}},{"id":"476","type":"Feature","properties":{"GISJOIN":"G42010100035JJ","pct_black":0.0},"geometry":{"type":"Polygon","coordinates":[[[-75.06987900038054,40.06182400020899],[-75.05712499983998,40.05472200034807],[-75.06238400042558,40.04914800017392],[-75.07503200021863,40.05635899990952],[-75.06987900038054,40.06182400020899]]]}},{"id":"477","type":"Feature","properties":{"GISJOIN":"G42010100035K","pct_black":0.0},"geometry":{"type":"Polygon","coordinates":[[[-74.96226700049418,40.078708999640526],[-74.96378699999151,40.07729500007394],[-74.96976400011359,40.07672800024419],[-74.97089299968702,40.0761229996506],[-74.97129299989527,40.07368999984857],[-74.9729510003376,40.07175699971846],[-74.98029599984865,40.0661470002245],[-74.98071800032868,40.06472000029024],[-74.98235500029797,40.0646719996226],[-74.98117300033854,40.07198500010748],[-74.98738199996522,40.07565400001895],[-74.99434799991302,40.08168099966589],[-74.98706499984924,40.086048999858626],[-74.98487699961285,40.08930300021853],[-74.97979499999929,40.09388600001132],[-74.97122500027588,40.087636000380044],[-74.96648199952804,40.08237499995713],[-74.96496300022574,40.08167499984153],[-74.96494499963771,40.08097800031401],[-74.96226700049418,40.078708999640526]]]}},{"id":"478","type":"Feature","properties":{"GISJOIN":"G42010100035KK","pct_black":0.0},"geometry":{"type":"Polygon","coordinates":[[[-75.08007099999195,40.06561700041096],[-75.0710439995533,40.060592999811924],[-75.0769019995587,40.05438699984771],[-75.08498000038901,40.05889300012976],[-75.08347900042139,40.06198100033488],[-75.08007099999195,40.06561700041096]]]}},{"id":"479","type":"Feature","properties":{"GISJOIN":"G42010100035L","pct_black":4.98},"geometry":{"type":"Polygon","coordinates":[[[-74.98235500029797,40.0646719996226],[-74.99043199965917,40.060395999671684],[-74.99427500005099,40.06178099988871],[-75.00726899990543,40.06916099996021],[-75.00330100000254,40.07163400033035],[-75.0016299998707,40.07494200037294],[-74.99778700008828,40.07954000044761],[-74.99434799991302,40.08168099966589],[-74.98738199996522,40.07565400001895],[-74.98117300033854,40.07198500010748],[-74.98235500029797,40.0646719996226]]]}},{"id":"480","type":"Feature","properties":{"GISJOIN":"G42010100035LL","pct_black":0.0},"geometry":{"type":"Polygon","coordinates":[[[-75.07965999939456,40.069203000234396],[-75.08213600008277,40.066764000453446],[-75.08007099999195,40.06561700041096],[-75.08383300055672,40.06147199993326],[-75.0903699999702,40.065274999542076],[-75.08535000001783,40.07015699974982],[-75.0850439995109,40.07214099977604],[-75.07965999939456,40.069203000234396]]]}},{"id":"481","type":"Feature","properties":{"GISJOIN":"G42010100035M","pct_black":1.23},"geometry":{"type":"Polygon","coordinates":[[[-74.99723300015167,40.08002299986078],[-75.0016299998707,40.07494200037294],[-75.00303999989711,40.071905999737446],[-75.00726899990543,40.06916099996021],[-75.02895200020735,40.08096800015391],[-75.01536700037904,40.09473399982743],[-75.01019100032069,40.09059900030703],[-75.00916499972197,40.09037300019574],[-74.99723300015167,40.08002299986078]]]}},{"id":"482","type":"Feature","properties":{"GISJOIN":"G42010100035MM","pct_black":6.76},"geometry":{"type":"Polygon","coordinates":[[[-75.0850439995109,40.07214099977604],[-75.08535000001783,40.07015699974982],[-75.0903699999702,40.065274999542076],[-75.09673800056719,40.06897899975897],[-75.09035600057992,40.07509400004284],[-75.0850439995109,40.07214099977604]]]}},{"id":"483","type":"Feature","properties":{"GISJOIN":"G42010100035N","pct_black":0.26},"geometry":{"type":"Polygon","coordinates":[[[-75.03564500014544,40.106671999784],[-75.0276350002118,40.10176499981621],[-75.02184200001483,40.100097999927975],[-75.01536700037904,40.09473399982743],[-75.02522899968557,40.08482000032364],[-75.03982200042276,40.09287699967494],[-75.04413900034464,40.08837899996098],[-75.04568500009323,40.08902100038851],[-75.04756699968966,40.09191999975133],[-75.04673700017169,40.095240000471414],[-75.04711499976688,40.09837699956088],[-75.04942199977326,40.10179499978385],[-75.05161200037797,40.10393099978465],[-75.05427099970473,40.10872700027697],[-75.0485420001633,40.112728999753706],[-75.03945999964917,40.10736200003453],[-75.03564500014544,40.106671999784]]]}},{"id":"484","type":"Feature","properties":{"GISJOIN":"G42010100035NN","pct_black":0.0},"geometry":{"type":"Polygon","coordinates":[[[-75.08746400022936,40.06358400023797],[-75.08352500058253,40.061270000068944],[-75.08498000038901,40.05889300012976],[-75.08245799992108,40.057477999627835],[-75.08673300002674,40.05334499969516],[-75.08616499986668,40.050023999888026],[-75.09213100016326,40.053178000084245],[-75.09280699978258,40.05632900027255],[-75.0936150001086,40.05741999965421],[-75.08746400022936,40.06358400023797]]]}},{"id":"485","type":"Feature","properties":{"GISJOIN":"G42010100035O","pct_black":0.0},"geometry":{"type":"Polygon","coordinates":[[[-75.04711499976688,40.09837699956088],[-75.05359499988634,40.09214399980501],[-75.05706799961038,40.089696999581065],[-75.06391699984606,40.09060300029099],[-75.06842699991567,40.094538000405485],[-75.06945600007347,40.094410999709126],[-75.05842300008285,40.10582199971576],[-75.05427099970473,40.10872700027697],[-75.05161200037797,40.10393099978465],[-75.04942199977326,40.10179499978385],[-75.04711499976688,40.09837699956088]]]}},{"id":"486","type":"Feature","properties":{"GISJOIN":"G42010100035OO","pct_black":0.0},"geometry":{"type":"Polygon","coordinates":[[[-75.0714619996478,40.05428899965659],[-75.07918799997967,40.04613299974839],[-75.08616499986668,40.050023999888026],[-75.08598899965223,40.05087799951645],[-75.08679999999019,40.052743999938734],[-75.08584700002038,40.05440999996206],[-75.08245799992108,40.057477999627835],[-75.0769019995587,40.05438699984771],[-75.07503200021863,40.05635899990952],[-75.0714619996478,40.05428899965659]]]}},{"id":"487","type":"Feature","properties":{"GISJOIN":"G42010100035P","pct_black":0.0},"geometry":{"type":"Polygon","coordinates":[[[-75.04413900034464,40.08837899996098],[-75.04758900050273,40.084715000293386],[-75.04651700025437,40.08351600008287],[-75.05103099962444,40.080086000156],[-75.05176099952565,40.08021700000321],[-75.05273700054433,40.079426999647175],[-75.0549850000095,40.08122800013724],[-75.05673799969226,40.08698400024762],[-75.05580699992137,40.08809499973858],[-75.05706799961038,40.089696999581065],[-75.05359499988634,40.09214399980501],[-75.04711499976688,40.09837699956088],[-75.04673700017169,40.095240000471414],[-75.04754799999029,40.09183500001337],[-75.04568500009323,40.08902100038851],[-75.04413900034464,40.08837899996098]]]}},{"id":"488","type":"Feature","properties":{"GISJOIN":"G42010100035PP","pct_black":0.06},"geometry":{"type":"Polygon","coordinates":[[[-75.06604500039595,40.05118100028115],[-75.07146400037387,40.04564699961005],[-75.07302099966996,40.04652399985643],[-75.07539599976693,40.044027000041666],[-75.07918799997967,40.04613299974839],[-75.0714619996478,40.05428899965659],[-75.06604500039595,40.05118100028115]]]}},{"id":"489","type":"Feature","properties":{"GISJOIN":"G42010100035Q","pct_black":0.0},"geometry":{"type":"Polygon","coordinates":[[[-75.02522899968557,40.08482000032364],[-75.03289899985279,40.076875999651705],[-75.03297599963336,40.07995299971264],[-75.03477800020305,40.08207600044322],[-75.0370800004066,40.0802149997294],[-75.03675800033349,40.079083000336105],[-75.0390360000983,40.076871999725604],[-75.04177700012826,40.07848499961534],[-75.04312000026992,40.07716600042868],[-75.04728600060196,40.08293199986222],[-75.04651700025437,40.08351600008287],[-75.04758900050273,40.084715000293386],[-75.03982200042276,40.09287699967494],[-75.02522899968557,40.08482000032364]]]}},{"id":"490","type":"Feature","properties":{"GISJOIN":"G42010100035QQ","pct_black":0.04},"geometry":{"type":"Polygon","coordinates":[[[-75.06604500039595,40.05118100028115],[-75.05428700016284,40.044448000377756],[-75.06104299970865,40.0379809995998],[-75.07421999995759,40.04527699955979],[-75.07302099966996,40.04652399985643],[-75.07146400037387,40.04564699961005],[-75.06604500039595,40.05118100028115]]]}},{"id":"491","type":"Feature","properties":{"GISJOIN":"G42010100035R","pct_black":0.0},"geometry":{"type":"Polygon","coordinates":[[[-75.01312599974709,40.07207100018429],[-75.0217069997442,40.06339200014275],[-75.02965999984619,40.06815399990134],[-75.03508700013893,40.074616999894005],[-75.02895200020735,40.08096800015391],[-75.01312599974709,40.07207100018429]]]}},{"id":"492","type":"Feature","properties":{"GISJOIN":"G42010100035RR","pct_black":0.01},"geometry":{"type":"Polygon","coordinates":[[[-75.05428700016284,40.044448000377756],[-75.04086000004297,40.03675699959903],[-75.04665700040208,40.03372600046932],[-75.05097200010604,40.03232399983355],[-75.06104299970865,40.0379809995998],[-75.05428700016284,40.044448000377756]]]}},{"id":"493","type":"Feature","properties":{"GISJOIN":"G42010100035S","pct_black":3.04},"geometry":{"type":"Polygon","coordinates":[[[-75.01312599974709,40.07207100018429],[-74.99427500005099,40.06178099988871],[-74.99043199965917,40.060395999671684],[-75.00118099943246,40.05723200005442],[-75.01850199998046,40.04408099978422],[-75.01940899995607,40.04647399995915],[-75.01707499983897,40.04861000031877],[-75.01707600017362,40.05119799974886],[-75.01819600020923,40.05250599974536],[-75.0241110004946,40.05604400003604],[-75.02470100050041,40.057277999683826],[-75.02481800061312,40.06028599968087],[-75.01312599974709,40.07207100018429]]]}},{"id":"494","type":"Feature","properties":{"GISJOIN":"G42010100035SS","pct_black":0.02},"geometry":{"type":"Polygon","coordinates":[[[-75.06558000041487,40.04044199967472],[-75.05986700020765,40.03726699991409],[-75.05097200010604,40.03232399983355],[-75.05337899956754,40.03164700036923],[-75.05866999974761,40.02814399998343],[-75.06239400025079,40.027443999835086],[-75.06558000041487,40.04044199967472]]]}},{"id":"495","type":"Feature","properties":{"GISJOIN":"G42010100035T","pct_black":48.01},"geometry":{"type":"Polygon","coordinates":[[[-75.0217069997442,40.06339200014275],[-75.02481800061312,40.06028599968087],[-75.02470100050041,40.057277999683826],[-75.02337399990863,40.05533400021833],[-75.0242500005116,40.05399099992109],[-75.02293100068913,40.053254999662606],[-75.02417299968755,40.05148299989343],[-75.02675299974419,40.05077899982348],[-75.03113599953616,40.05135899955007],[-75.03254600050006,40.052618999734676],[-75.03478300059581,40.05128899978815],[-75.0359500003795,40.051513000398124],[-75.03646699949881,40.053965000114054],[-75.03506199980346,40.05732700041182],[-75.03553199983614,40.0588100000757],[-75.03425093146149,40.06275738799622],[-75.03249692261765,40.06424350090465],[-75.0254269995405,40.06564700020258],[-75.0217069997442,40.06339200014275]]]}},{"id":"496","type":"Feature","properties":{"GISJOIN":"G42010100035TT","pct_black":0.12},"geometry":{"type":"Polygon","coordinates":[[[-75.06558000041487,40.04044199967472],[-75.06436200023464,40.03630599961908],[-75.07487600037986,40.03421000029526],[-75.08128099952947,40.03778200020409],[-75.07421999995759,40.04527699955979],[-75.06558000041487,40.04044199967472]]]}},{"id":"497","type":"Feature","properties":{"GISJOIN":"G42010100035U","pct_black":0.0},"geometry":{"type":"Polygon","coordinates":[[[-75.03289899985279,40.076875999651705],[-75.03508700013893,40.074616999894005],[-75.02965999984619,40.06815399990134],[-75.0254269995405,40.06564700020258],[-75.03249692261765,40.06424350090465],[-75.03425093146149,40.06275738799622],[-75.03528000017216,40.06499499977462],[-75.04204800045302,40.06916600025799],[-75.0417040001837,40.07061900039575],[-75.03974800029918,40.07241099964087],[-75.04312000026992,40.07716600042868],[-75.04177700012826,40.07848499961534],[-75.0390360000983,40.076871999725604],[-75.03675800033349,40.079083000336105],[-75.0370800004066,40.0802149997294],[-75.03477800020305,40.08207600044322],[-75.03297599963336,40.07995299971264],[-75.03289899985279,40.076875999651705]]]}},{"id":"498","type":"Feature","properties":{"GISJOIN":"G42010100035UU","pct_black":0.05},"geometry":{"type":"Polygon","coordinates":[[[-75.08616499986668,40.050023999888026],[-75.07539599976693,40.044027000041666],[-75.08128099952947,40.03778200020409],[-75.08965599981765,40.042519999873136],[-75.0887690000126,40.04327700038508],[-75.08897500036647,40.044331999684964],[-75.08616499986668,40.050023999888026]]]}},{"id":"499","type":"Feature","properties":{"GISJOIN":"G42010100035V","pct_black":0.0},"geometry":{"type":"Polygon","coordinates":[[[-75.05706799961038,40.089696999581065],[-75.05580699992137,40.08809499973858],[-75.05673799969226,40.08698400024762],[-75.0549850000095,40.08122800013724],[-75.05273700054433,40.079426999647175],[-75.05176099952565,40.08021700000321],[-75.05103099962444,40.080086000156],[-75.04728600060196,40.08293199986222],[-75.03974800029918,40.07241099964087],[-75.0417040001837,40.07061900039575],[-75.04204800045302,40.06916600025799],[-75.03528000017216,40.06499499977462],[-75.03422499974894,40.062700999793115],[-75.03553199983614,40.0588100000757],[-75.03506199980346,40.05732700041182],[-75.03646699949881,40.053965000114054],[-75.0359500003795,40.051513000398124],[-75.03478300059581,40.05128899978815],[-75.03254600050006,40.052618999734676],[-75.03113599953616,40.05135899955007],[-75.02519899959779,40.05100500035054],[-75.02417299968755,40.05148299989343],[-75.02293100068913,40.053254999662606],[-75.0242500005116,40.05399099992109],[-75.02337399990863,40.05533400021833],[-75.01819600020923,40.05250599974536],[-75.01707600017362,40.05119799974886],[-75.01707499983897,40.04861000031877],[-75.01940899995607,40.04647399995915],[-75.01850199998046,40.04408099978422],[-75.02175200064366,40.04366799984884],[-75.02048899954913,40.04639000022472],[-75.0213429999212,40.04829399957238],[-75.023007000246,40.04919700011282],[-75.02603700042292,40.04816300005881],[-75.03048900007224,40.04840699967235],[-75.03171200014897,40.047332000476565],[-75.03153999983601,40.045681000243626],[-75.03382399974159,40.04465999989406],[-75.03925499963836,40.04598200039243],[-75.04132300047398,40.04729199997336],[-75.04369399938862,40.047502000337715],[-75.04526899997228,40.04650900033214],[-75.04777499959306,40.04624600028273],[-75.05168200043217,40.04696300052116],[-75.05105699943454,40.049022000161045],[-75.0504200003214,40.04921899986038],[-75.04737200039436,40.04803900025183],[-75.04193400016497,40.0502010001612],[-75.03865799992825,40.05670800000323],[-75.03853900000655,40.060858000182726],[-75.0416199996046,40.06455200026169],[-75.04467499965419,40.06484000018503],[-75.04796300026769,40.06682199967657],[-75.04711400001298,40.06803699986627],[-75.04795900037037,40.06998099966098],[-75.04738099984868,40.0705579995246],[-75.04548400042545,40.06965199999089],[-75.04408800002469,40.07263899964786],[-75.04579299967601,40.07532899992843],[-75.04707199935991,40.0766320003296],[-75.04934700046465,40.07703599972025],[-75.0556650004098,40.073846999640296],[-75.05585700022128,40.07324899998585],[-75.05850299984834,40.0748039995873],[-75.06572400035178,40.07019300045638],[-75.06876700040729,40.071708000061854],[-75.06895800020753,40.07235799984226],[-75.06627299959426,40.07754399979502],[-75.0634780004187,40.078723999656226],[-75.06228799973935,40.08447800031635],[-75.06823499954254,40.0850349997336],[-75.07091900037733,40.08687400041153],[-75.07448800044382,40.086788000518524],[-75.07506100043078,40.08417400024796],[-75.07717900036964,40.082798000078405],[-75.07884500020063,40.08204799995387],[-75.08245600027442,40.08288399968205],[-75.08118899999944,40.08411600017819],[-75.07780099958957,40.08576900030904],[-75.06945600007347,40.094410999709126],[-75.06842699991567,40.094538000405485],[-75.06391699984606,40.09060300029099],[-75.05706799961038,40.089696999581065]]]}},{"id":"500","type":"Feature","properties":{"GISJOIN":"G42010100035VV","pct_black":0.02},"geometry":{"type":"Polygon","coordinates":[[[-75.08616499986668,40.050023999888026],[-75.08897500036647,40.044331999684964],[-75.0887690000126,40.04327700038508],[-75.08965599981765,40.042519999873136],[-75.09955899949888,40.04797299973159],[-75.10322999997439,40.051354999889774],[-75.09345500016192,40.05718799992482],[-75.09213100016326,40.053178000084245],[-75.08616499986668,40.050023999888026]]]}},{"id":"501","type":"Feature","properties":{"GISJOIN":"G42010100035W","pct_black":0.7},"geometry":{"type":"Polygon","coordinates":[[[-75.03863799982311,40.05863200027993],[-75.04248800012765,40.058132000467864],[-75.05922100055889,40.06729700015819],[-75.06572400035178,40.07019300045638],[-75.05850299984834,40.0748039995873],[-75.05585700022128,40.07324899998585],[-75.0556650004098,40.073846999640296],[-75.04934700046465,40.07703599972025],[-75.04707199935991,40.0766320003296],[-75.04408800002469,40.07263899964786],[-75.04548400042545,40.06965199999089],[-75.04738099984868,40.0705579995246],[-75.04795900037037,40.06998099966098],[-75.04711400001298,40.06803699986627],[-75.04796300026769,40.06682199967657],[-75.04467499965419,40.06484000018503],[-75.04173799974625,40.06465800010278],[-75.03853900000655,40.060858000182726],[-75.03863799982311,40.05863200027993]]]}},{"id":"502","type":"Feature","properties":{"GISJOIN":"G42010100035WW","pct_black":0.0},"geometry":{"type":"Polygon","coordinates":[[[-75.09801699998046,40.04709599981978],[-75.10672899976592,40.04132000006217],[-75.10993099961148,40.04319799950152],[-75.11196299981347,40.04363999958809],[-75.1110050002379,40.04448400026846],[-75.11108200043937,40.046719000499934],[-75.10940600014732,40.045839999731534],[-75.10767500001819,40.048399000165695],[-75.10322999997439,40.051354999889774],[-75.09801699998046,40.04709599981978]]]}},{"id":"503","type":"Feature","properties":{"GISJOIN":"G42010100035X","pct_black":0.0},"geometry":{"type":"Polygon","coordinates":[[[-75.06720199955947,40.075883000234356],[-75.06855400043678,40.07628500048294],[-75.07884500020063,40.08204799995387],[-75.07506100043078,40.08417400024796],[-75.07448800044382,40.086788000518524],[-75.07091900037733,40.08687400041153],[-75.06823499954254,40.0850349997336],[-75.06228799973935,40.08447800031635],[-75.0634780004187,40.078723999656226],[-75.06627299959426,40.07754399979502],[-75.06720199955947,40.075883000234356]]]}},{"id":"504","type":"Feature","properties":{"GISJOIN":"G42010100035XX","pct_black":0.03},"geometry":{"type":"Polygon","coordinates":[[[-75.08965599981765,40.042519999873136],[-75.09598899981614,40.037143000184386],[-75.09750299977159,40.03692600023649],[-75.09841599956584,40.03610100019791],[-75.10672899976592,40.04132000006217],[-75.09801699998046,40.04709599981978],[-75.08965599981765,40.042519999873136]]]}},{"id":"505","type":"Feature","properties":{"GISJOIN":"G42010100035Y","pct_black":0.12},"geometry":{"type":"Polygon","coordinates":[[[-75.07884500020063,40.08204799995387],[-75.0710070002396,40.07768199959776],[-75.07472199946403,40.074049000351884],[-75.08543147669603,40.08000266122916],[-75.08245600027442,40.08288399968205],[-75.07884500020063,40.08204799995387]]]}},{"id":"506","type":"Feature","properties":{"GISJOIN":"G42010100035YY","pct_black":0.03},"geometry":{"type":"Polygon","coordinates":[[[-75.08965599981765,40.042519999873136],[-75.07983600019047,40.036921000034134],[-75.08427300014827,40.03217200008086],[-75.09110999991914,40.02810099960576],[-75.09433900056274,40.03221700003602],[-75.09841599956584,40.03610100019791],[-75.09750299977159,40.03692600023649],[-75.09598899981614,40.037143000184386],[-75.08965599981765,40.042519999873136]]]}},{"id":"507","type":"Feature","properties":{"GISJOIN":"G42010100035Z","pct_black":0.0},"geometry":{"type":"Polygon","coordinates":[[[-75.07472199946403,40.074049000351884],[-75.07965999939456,40.069203000234396],[-75.09035600057992,40.07509400004284],[-75.08543147669603,40.08000266122916],[-75.07472199946403,40.074049000351884]]]}},{"id":"508","type":"Feature","properties":{"GISJOIN":"G42010100035ZZ","pct_black":0.04},"geometry":{"type":"Polygon","coordinates":[[[-75.07091699967573,40.035102999909164],[-75.07548800027597,40.0270710001578],[-75.07721399953373,40.02749099993236],[-75.08469099965652,40.03176499974541],[-75.07983600019047,40.036921000034134],[-75.07487600037986,40.03421000029526],[-75.07091699967573,40.035102999909164]]]}},{"id":"509","type":"Feature","properties":{"GISJOIN":"G42010100036A","pct_black":96.92},"geometry":{"type":"Polygon","coordinates":[[[-75.17397000024557,39.93497399972058],[-75.17710699978568,39.93536999981425],[-75.17631000040086,39.93902100033832],[-75.17317299998578,39.93864100000712],[-75.17397000024557,39.93497399972058]]]}},{"id":"510","type":"Feature","properties":{"GISJOIN":"G42010100036B","pct_black":69.69},"geometry":{"type":"Polygon","coordinates":[[[-75.17397000024557,39.93497399972058],[-75.17528900036766,39.92886700022681],[-75.18194400030436,39.929728999762276],[-75.17983900012634,39.93947799989542],[-75.17631000040086,39.93902100033832],[-75.17710699978568,39.93536999981425],[-75.17397000024557,39.93497399972058]]]}},{"id":"511","type":"Feature","properties":{"GISJOIN":"G42010100036C","pct_black":37.19},"geometry":{"type":"Polygon","coordinates":[[[-75.18194400030436,39.929728999762276],[-75.1902220002796,39.93077900013169],[-75.18824000031859,39.93987800045908],[-75.18744500057142,39.94036399994988],[-75.17983900012634,39.93947799989542],[-75.18194400030436,39.929728999762276]]]}},{"id":"512","type":"Feature","properties":{"GISJOIN":"G42010100036D","pct_black":10.77},"geometry":{"type":"Polygon","coordinates":[[[-75.1902220002796,39.93077900013169],[-75.19335299985062,39.931184999753825],[-75.19282599976019,39.93362799998884],[-75.19950300008814,39.934507999614326],[-75.19887999997029,39.936911999637466],[-75.19986599967486,39.937171000195406],[-75.19961500044646,39.93842400000358],[-75.19865399969594,39.93820100011634],[-75.1981210003228,39.939637999963786],[-75.19022099970236,39.93818999952285],[-75.190028000483,39.939089999871655],[-75.18824000031859,39.93987800045908],[-75.1902220002796,39.93077900013169]]]}},{"id":"513","type":"Feature","properties":{"GISJOIN":"G42010100036E","pct_black":41.74},"geometry":{"type":"Polygon","coordinates":[[[-75.1939849997856,39.94215399968731],[-75.18876129147165,39.939543346920395],[-75.190028000483,39.939089999871655],[-75.19022099970236,39.93818999952285],[-75.1981210003228,39.939637999963786],[-75.19865399969594,39.93820100011634],[-75.19961500044646,39.93842400000358],[-75.19986599967486,39.937171000195406],[-75.19887999997029,39.936911999637466],[-75.19950300008814,39.934507999614326],[-75.19282599976019,39.93362799998884],[-75.19335299985062,39.931184999753825],[-75.20743300052887,39.93351299984734],[-75.20610099947376,39.935281000072564],[-75.204581999583,39.942352000096854],[-75.20297999986461,39.94329400005554],[-75.20027699941843,39.943652000307814],[-75.1939849997856,39.94215399968731]]]}},{"id":"514","type":"Feature","properties":{"GISJOIN":"G42010100037A","pct_black":2.06},"geometry":{"type":"Polygon","coordinates":[[[-75.14959900017546,40.005295999892766],[-75.1510659996024,39.999718999704626],[-75.15196700046558,39.99983199991664],[-75.15210300045268,39.99924799988499],[-75.15356500018692,39.99872300017709],[-75.15108999981707,40.00993400006116],[-75.14959900017546,40.005295999892766]]]}},{"id":"515","type":"Feature","properties":{"GISJOIN":"G42010100037B","pct_black":0.03},"geometry":{"type":"Polygon","coordinates":[[[-75.14959900017546,40.005295999892766],[-75.1467309998609,39.99762699981016],[-75.1478869997749,39.99307799966956],[-75.15458799977031,39.99393800022561],[-75.15356500018692,39.99872300017709],[-75.15210300045268,39.99924799988499],[-75.15196700046558,39.99983199991664],[-75.1510659996024,39.999718999704626],[-75.14959900017546,40.005295999892766]]]}},{"id":"516","type":"Feature","properties":{"GISJOIN":"G42010100037C","pct_black":19.29},"geometry":{"type":"Polygon","coordinates":[[[-75.1537110003096,39.987592000326046],[-75.15593399975967,39.987876999761895],[-75.15458799977031,39.99393800022561],[-75.15238900046735,39.993658999932286],[-75.1537110003096,39.987592000326046]]]}},{"id":"517","type":"Feature","properties":{"GISJOIN":"G42010100037D","pct_black":56.97},"geometry":{"type":"Polygon","coordinates":[[[-75.14415399953558,39.98472399993697],[-75.1454450002459,39.98489500006952],[-75.15406299993563,39.98600299962277],[-75.1537110003096,39.987592000326046],[-75.14643400049214,39.98665399965478],[-75.14512599960744,39.986485000170475],[-75.14415399953558,39.98472399993697]]]}},{"id":"518","type":"Feature","properties":{"GISJOIN":"G42010100037E","pct_black":42.25},"geometry":{"type":"Polygon","coordinates":[[[-75.15406299993563,39.98600299962277],[-75.15627500034472,39.98628300033599],[-75.15593399975967,39.987876999761895],[-75.1537110003096,39.987592000326046],[-75.15406299993563,39.98600299962277]]]}},{"id":"519","type":"Feature","properties":{"GISJOIN":"G42010100037F","pct_black":29.87},"geometry":{"type":"Polygon","coordinates":[[[-75.14512599960744,39.986485000170475],[-75.1537110003096,39.987592000326046],[-75.15238900046735,39.993658999932286],[-75.1478869997749,39.99307799966956],[-75.14830500008208,39.990967999776906],[-75.14512599960744,39.986485000170475]]]}},{"id":"520","type":"Feature","properties":{"GISJOIN":"G42010100038A","pct_black":1.13},"geometry":{"type":"Polygon","coordinates":[[[-75.15384900032012,40.01589100047639],[-75.16914000019759,40.008832000172106],[-75.16555399998181,40.004858999548134],[-75.16394199962919,40.004654999827416],[-75.16428600047603,40.003071999854704],[-75.16894299947798,40.003659999838604],[-75.17081400029939,40.006169000019035],[-75.17445500008827,40.00718900001825],[-75.17543099943647,40.00669500000734],[-75.17948300033645,40.00733000027385],[-75.18033500006074,40.00961100022769],[-75.18223900014429,40.011676000006034],[-75.17566899954677,40.01605100003188],[-75.17330600004921,40.013429000339414],[-75.16375800013812,40.01923400046648],[-75.15802199941498,40.02154000021578],[-75.15609399962827,40.019694999639235],[-75.15384900032012,40.01589100047639]]]}},{"id":"521","type":"Feature","properties":{"GISJOIN":"G42010100038B","pct_black":57.58},"geometry":{"type":"Polygon","coordinates":[[[-75.16990699974971,40.015250000127],[-75.17330600004921,40.013429000339414],[-75.17566899954677,40.01605100003188],[-75.18223900014429,40.011676000006034],[-75.1870839995085,40.01586300018686],[-75.178140999614,40.02259500007927],[-75.16990699974971,40.015250000127]]]}},{"id":"522","type":"Feature","properties":{"GISJOIN":"G42010100038C","pct_black":1.2},"geometry":{"type":"Polygon","coordinates":[[[-75.18166799962604,40.02565700002193],[-75.178140999614,40.02259500007927],[-75.18012700038959,40.02066299977485],[-75.1870839995085,40.01586300018686],[-75.19240500049271,40.020495000221345],[-75.1900069999112,40.022524000143314],[-75.18166799962604,40.02565700002193]]]}},{"id":"523","type":"Feature","properties":{"GISJOIN":"G42010100038D","pct_black":0.27},"geometry":{"type":"Polygon","coordinates":[[[-75.1870839995085,40.01586300018686],[-75.19081700046205,40.013294000170426],[-75.19187399966047,40.01420099961281],[-75.1932209996142,40.00967300028225],[-75.19486495767988,40.00746826035835],[-75.20354337079269,40.01038812203617],[-75.19240500049271,40.020495000221345],[-75.1870839995085,40.01586300018686]]]}},{"id":"524","type":"Feature","properties":{"GISJOIN":"G42010100038E","pct_black":0.04},"geometry":{"type":"Polygon","coordinates":[[[-75.1870839995085,40.01586300018686],[-75.18033500006074,40.00961100022769],[-75.17948300033645,40.00733000027385],[-75.19246699992212,40.00648200012869],[-75.19486495767988,40.00746826035835],[-75.1932209996142,40.00967300028225],[-75.19187399966047,40.01420099961281],[-75.19081700046205,40.013294000170426],[-75.1870839995085,40.01586300018686]]]}},{"id":"525","type":"Feature","properties":{"GISJOIN":"G42010100038F","pct_black":0.04},"geometry":{"type":"Polygon","coordinates":[[[-75.16894299947798,40.003659999838604],[-75.16975400051517,40.00062199998617],[-75.18045357621166,40.001782384501006],[-75.18002089352893,40.00352010640849],[-75.18114100004983,40.00369700041503],[-75.18430999956335,40.00267499970375],[-75.18686099989775,40.00040899971149],[-75.18745400004826,40.00496599997765],[-75.18875500009482,40.006876999887396],[-75.17818599985677,40.00747299985067],[-75.17543099943647,40.00669500000734],[-75.17445500008827,40.00718900001825],[-75.17081400029939,40.006169000019035],[-75.16894299947798,40.003659999838604]]]}},{"id":"526","type":"Feature","properties":{"GISJOIN":"G42010100038G","pct_black":11.48},"geometry":{"type":"Polygon","coordinates":[[[-75.15892600028084,40.00400899964139],[-75.1604949999614,40.00421500031158],[-75.16084299990126,40.00263400027016],[-75.16428600047603,40.003071999854704],[-75.16394199962919,40.004654999827416],[-75.16555399998181,40.004858999548134],[-75.16914000019759,40.008832000172106],[-75.1566520003126,40.01461800005049],[-75.15892600028084,40.00400899964139]]]}},{"id":"527","type":"Feature","properties":{"GISJOIN":"G42010100038H","pct_black":24.41},"geometry":{"type":"Polygon","coordinates":[[[-75.15108999981707,40.00993400006116],[-75.15360900001083,39.99851499988849],[-75.15831400050713,39.999179999984996],[-75.15736499967298,40.00379899997099],[-75.15892600028084,40.00400899964139],[-75.1566520003126,40.01461800005049],[-75.15384900032012,40.01589100047639],[-75.15108999981707,40.00993400006116]]]}},{"id":"528","type":"Feature","properties":{"GISJOIN":"G42010100038I","pct_black":3.97},"geometry":{"type":"Polygon","coordinates":[[[-75.15360900001083,39.99851499988849],[-75.15458799977031,39.99393800022561],[-75.1675680006779,39.995620999674124],[-75.16589599937967,40.0032690001004],[-75.16084299990126,40.00263400027016],[-75.1604949999614,40.00421500031158],[-75.15736499967298,40.00379899997099],[-75.15831400050713,39.999179999984996],[-75.15360900001083,39.99851499988849]]]}},{"id":"529","type":"Feature","properties":{"GISJOIN":"G42010100038J","pct_black":0.67},"geometry":{"type":"Polygon","coordinates":[[[-75.1675680006779,39.995620999674124],[-75.173947999983,39.99643200027972],[-75.18018800040504,39.997252999865545],[-75.17823699974252,39.99861099966965],[-75.17762065575906,40.00136206253757],[-75.16975400051517,40.00062199998617],[-75.16909300021821,40.00367099964611],[-75.16589599937967,40.0032690001004],[-75.1675680006779,39.995620999674124]]]}},{"id":"530","type":"Feature","properties":{"GISJOIN":"G42010100038K","pct_black":0.0},"geometry":{"type":"Polygon","coordinates":[[[-75.17762065575906,40.00136206253757],[-75.17823699974252,39.99861099966965],[-75.18018800040504,39.997252999865545],[-75.19236743981415,39.99854348615781],[-75.19175400004224,39.99974800041895],[-75.19131999952832,40.00371500037292],[-75.19246699992212,40.00648200012869],[-75.18875500009482,40.006876999887396],[-75.18810000041039,40.006425000330175],[-75.18686099989775,40.00040899971149],[-75.18430999956335,40.00267499970375],[-75.18114100004983,40.00369700041503],[-75.18002089352893,40.00352010640849],[-75.18045357621166,40.001782384501006],[-75.17762065575906,40.00136206253757]]]}},{"id":"531","type":"Feature","properties":{"GISJOIN":"G42010100039A","pct_black":null},"geometry":{"type":"Polygon","coordinates":[[[-75.12887000036443,39.91478099989713],[-75.13629599989363,39.91488299989389],[-75.14229899947341,39.91570099976356],[-75.14384600010953,39.918500000249416],[-75.14807900012674,39.91903500002573],[-75.14690999994461,39.923887000324726],[-75.13243299968066,39.92185100019573],[-75.12887000036443,39.91478099989713]]]}},{"id":"532","type":"Feature","properties":{"GISJOIN":"G42010100039B","pct_black":2.27},"geometry":{"type":"Polygon","coordinates":[[[-75.14653799954434,39.91883999979432],[-75.14765300038603,39.91371100026143],[-75.15670799968416,39.91486900031075],[-75.15452600007245,39.92489500027032],[-75.14690999994461,39.923887000324726],[-75.14807900012674,39.91903500002573],[-75.14653799954434,39.91883999979432]]]}},{"id":"533","type":"Feature","properties":{"GISJOIN":"G42010100039C","pct_black":6.76},"geometry":{"type":"Polygon","coordinates":[[[-75.15670799968416,39.91486900031075],[-75.16452999965435,39.9158750000617],[-75.16233799999353,39.925919999632036],[-75.15452600007245,39.92489500027032],[-75.15670799968416,39.91486900031075]]]}},{"id":"534","type":"Feature","properties":{"GISJOIN":"G42010100039D","pct_black":0.11},"geometry":{"type":"Polygon","coordinates":[[[-75.16452999965435,39.9158750000617],[-75.17142299980907,39.91675700035004],[-75.1694940001537,39.92559599985326],[-75.16734999964858,39.926579000132925],[-75.16233799999353,39.925919999632036],[-75.16452999965435,39.9158750000617]]]}},{"id":"535","type":"Feature","properties":{"GISJOIN":"G42010100039E","pct_black":2.36},"geometry":{"type":"Polygon","coordinates":[[[-75.14885899979373,39.908548000286025],[-75.15973799948848,39.91078900017778],[-75.17231700013065,39.91228700033216],[-75.17142299980907,39.91675700035004],[-75.14765300038603,39.91371100026143],[-75.14885899979373,39.908548000286025]]]}},{"id":"536","type":"Feature","properties":{"GISJOIN":"G42010100039F","pct_black":1.87},"geometry":{"type":"Polygon","coordinates":[[[-75.12887000036443,39.91478099989713],[-75.12825299968044,39.91316399972928],[-75.12838100000701,39.91071699989018],[-75.1295599998971,39.905180000018156],[-75.14885899979373,39.908548000286025],[-75.14653799954434,39.91883999979432],[-75.14384600010953,39.918500000249416],[-75.14204800008883,39.91563799958237],[-75.13629599989363,39.91488299989389],[-75.12887000036443,39.91478099989713]]]}},{"id":"537","type":"Feature","properties":{"GISJOIN":"G42010100039G","pct_black":0.0},"geometry":{"type":"Polygon","coordinates":[[[-75.1295599998971,39.905180000018156],[-75.1313630003732,39.899137999910074],[-75.13542899990281,39.89300899953958],[-75.14153300013646,39.89506199969074],[-75.15122611168623,39.89661307757683],[-75.14825500009016,39.90844500000793],[-75.1295599998971,39.905180000018156]]]}},{"id":"538","type":"Feature","properties":{"GISJOIN":"G42010100039H","pct_black":0.85},"geometry":{"type":"Polygon","coordinates":[[[-75.15881999995857,39.91061299968677],[-75.14825500009016,39.90844500000793],[-75.14852092528625,39.907057783596464],[-75.15121521718417,39.89660568475244],[-75.16151297945513,39.89702688523391],[-75.15881999995857,39.91061299968677]]]}},{"id":"539","type":"Feature","properties":{"GISJOIN":"G42010100039I","pct_black":0.0},"geometry":{"type":"Polygon","coordinates":[[[-75.15881999995857,39.91061299968677],[-75.16151297945513,39.89702688523391],[-75.16836706897354,39.89722401086815],[-75.16696600029003,39.90453999980947],[-75.16415600059595,39.90710299966165],[-75.16638799963872,39.907359000217824],[-75.16551300009026,39.91139299970855],[-75.15881999995857,39.91061299968677]]]}},{"id":"540","type":"Feature","properties":{"GISJOIN":"G42010100039J","pct_black":0.0},"geometry":{"type":"Polygon","coordinates":[[[-75.16836706897354,39.89722401086815],[-75.17495900021262,39.89848799993565],[-75.17231700013065,39.91228700033216],[-75.16551300009026,39.91139299970855],[-75.16638799963872,39.907359000217824],[-75.16415600059595,39.90710299966165],[-75.16696600029003,39.90453999980947],[-75.16836706897354,39.89722401086815]]]}},{"id":"541","type":"Feature","properties":{"GISJOIN":"G42010100039K","pct_black":4.32},"geometry":{"type":"Polygon","coordinates":[[[-75.13542899990281,39.89300899953958],[-75.13852700009744,39.888890000232074],[-75.14010800039593,39.88819199991281],[-75.14374599951609,39.88499800027076],[-75.14736599989438,39.88392099958966],[-75.16287200002175,39.88264899998162],[-75.18395599960454,39.88188500026961],[-75.1900990005071,39.8803479999619],[-75.19523599989985,39.87736499956685],[-75.19533799995736,39.89242999979745],[-75.19616600038647,39.89311400018324],[-75.19623900021585,39.893364999854924],[-75.19504100014638,39.89288300018813],[-75.19139300044166,39.89367800045608],[-75.19081300015293,39.89432300035242],[-75.1792620004547,39.89660199998859],[-75.17606461710461,39.89577162300113],[-75.17495900021262,39.89848799993565],[-75.16902800032852,39.89724300029926],[-75.15464399987077,39.896848999843385],[-75.14427700009476,39.895682000385534],[-75.13542899990281,39.89300899953958]]]}},{"id":"542","type":"Feature","properties":{"GISJOIN":"G42010100040A","pct_black":93.74},"geometry":{"type":"Polygon","coordinates":[[[-75.20607199966418,39.93537099987641],[-75.20882245036809,39.931393294448554],[-75.21369499977214,39.93357500017214],[-75.21643400033017,39.936336999646045],[-75.20879899955224,39.9416440001774],[-75.20518500047609,39.941116000321884],[-75.20607199966418,39.93537099987641]]]}},{"id":"543","type":"Feature","properties":{"GISJOIN":"G42010100040AA","pct_black":null},"geometry":{"type":"MultiPolygon","coordinates":[[[[-75.24016100035531,39.93349199982401],[-75.24224606015649,39.93217219447637],[-75.24227126080693,39.930725309173],[-75.2434039995378,39.929498000350726],[-75.24396699962334,39.9296039994871],[-75.24438100002475,39.930398999816894],[-75.24218600020262,39.933425999675734],[-75.24016100035531,39.93349199982401]]],[[[-75.24008923714712,39.943751055698385],[-75.23378400006442,39.93803400007749],[-75.2348229996533,39.935535000398446],[-75.23683299964569,39.933767999840185],[-75.23640400005236,39.93531799994978],[-75.23491999992487,39.93633299963516],[-75.23507099952724,39.938204000206596],[-75.2401449993994,39.93823800020489],[-75.24073799972533,39.938966999831365],[-75.23939799967548,39.94074399989539],[-75.24014900013263,39.942086000284114],[-75.24619000059027,39.94261299976364],[-75.24702800053164,39.94341399977215],[-75.2458529996609,39.94381400011191],[-75.24552099991382,39.94326400028976],[-75.24229813261242,39.94279155345725],[-75.24008923714712,39.943751055698385]]]]}},{"id":"544","type":"Feature","properties":{"GISJOIN":"G42010100040B","pct_black":32.92},"geometry":{"type":"Polygon","coordinates":[[[-75.20779699997586,39.94277399957779],[-75.21643400033017,39.936336999646045],[-75.2215449999582,39.94065200022901],[-75.21713599986342,39.94374000032924],[-75.21524600003093,39.94308700005799],[-75.2114009999755,39.945802000060816],[-75.20779699997586,39.94277399957779]]]}},{"id":"545","type":"Feature","properties":{"GISJOIN":"G42010100040BB","pct_black":0.0},"geometry":{"type":"Polygon","coordinates":[[[-75.2434039995378,39.929498000350726],[-75.24349400044935,39.92696299998103],[-75.24627699968656,39.92254399968895],[-75.24685600017175,39.918759000255136],[-75.24734100013691,39.918541000464174],[-75.24775899948436,39.92170800034039],[-75.24440000000213,39.92613400014491],[-75.24396699962334,39.9296039994871],[-75.2434039995378,39.929498000350726]]]}},{"id":"546","type":"Feature","properties":{"GISJOIN":"G42010100040C","pct_black":0.0},"geometry":{"type":"Polygon","coordinates":[[[-75.21713599986342,39.94374000032924],[-75.2215449999582,39.94065200022901],[-75.22730800026333,39.945509000432914],[-75.22868600030093,39.94591299964428],[-75.22820199962591,39.94627000037789],[-75.22989400004367,39.94779100023058],[-75.22331500046005,39.947925000103005],[-75.2191379998918,39.94418599989969],[-75.21713599986342,39.94374000032924]]]}},{"id":"547","type":"Feature","properties":{"GISJOIN":"G42010100040D","pct_black":0.04},"geometry":{"type":"Polygon","coordinates":[[[-75.22680500049317,39.94508300032628],[-75.23520699960321,39.93917800026228],[-75.24008923714712,39.943751055698385],[-75.24229813261242,39.94279155345725],[-75.24552099991382,39.94326400028976],[-75.2458529996609,39.94381400011191],[-75.24026599954264,39.9458660000738],[-75.23127099999171,39.94790900028272],[-75.22989400004367,39.94779100023058],[-75.22820199962591,39.94627000037789],[-75.22868600030093,39.94591299964428],[-75.22680500049317,39.94508300032628]]]}},{"id":"548","type":"Feature","properties":{"GISJOIN":"G42010100040E","pct_black":0.08},"geometry":{"type":"Polygon","coordinates":[[[-75.22680500049317,39.94508300032628],[-75.2202780000076,39.939572000063094],[-75.2272520005418,39.934660999650504],[-75.23363200011646,39.940292000425245],[-75.22680500049317,39.94508300032628]]]}},{"id":"549","type":"Feature","properties":{"GISJOIN":"G42010100040F","pct_black":0.19},"geometry":{"type":"Polygon","coordinates":[[[-75.2202780000076,39.939572000063094],[-75.21480839292074,39.934585911840315],[-75.21585799955245,39.933065999762846],[-75.21557899955432,39.93254900034331],[-75.2193630001398,39.92803400038685],[-75.2272520005418,39.934660999650504],[-75.2202780000076,39.939572000063094]]]}},{"id":"550","type":"Feature","properties":{"GISJOIN":"G42010100040G","pct_black":0.0},"geometry":{"type":"Polygon","coordinates":[[[-75.20882245036809,39.931393294448554],[-75.21125299952892,39.9285190001845],[-75.21242800042607,39.925230000273444],[-75.2193630001398,39.92803400038685],[-75.21557899955432,39.93254900034331],[-75.21585799955245,39.933065999762846],[-75.21480662837554,39.93458845773461],[-75.21369499977214,39.93357500017214],[-75.20882245036809,39.931393294448554]]]}},{"id":"551","type":"Feature","properties":{"GISJOIN":"G42010100040H","pct_black":0.0},"geometry":{"type":"Polygon","coordinates":[[[-75.21242800042607,39.925230000273444],[-75.2120570003496,39.92356199978361],[-75.21079000053156,39.92209500020916],[-75.20852599984951,39.92103300003421],[-75.20339600049773,39.921007000134374],[-75.20170000007869,39.9198340003059],[-75.20603477526072,39.91226275083741],[-75.22277200010132,39.91991799981014],[-75.22414600018055,39.92103299966657],[-75.2193630001398,39.92803400038685],[-75.21242800042607,39.925230000273444]]]}},{"id":"552","type":"Feature","properties":{"GISJOIN":"G42010100040I","pct_black":0.04},"geometry":{"type":"Polygon","coordinates":[[[-75.2193630001398,39.92803400038685],[-75.22414600018055,39.92103299966657],[-75.23297399992198,39.92846600040337],[-75.23541299982975,39.928926000351765],[-75.2272520005418,39.934660999650504],[-75.2193630001398,39.92803400038685]]]}},{"id":"553","type":"Feature","properties":{"GISJOIN":"G42010100040J","pct_black":0.02},"geometry":{"type":"Polygon","coordinates":[[[-75.2272520005418,39.934660999650504],[-75.23547800004668,39.92887700045388],[-75.24239337523369,39.93082103444649],[-75.24224606015649,39.93217219447637],[-75.24016100035531,39.93349199982401],[-75.23794999966903,39.9324720003225],[-75.2372069993906,39.932860000097044],[-75.23395100022559,39.93716600010394],[-75.23378400006442,39.93803400007749],[-75.23520699960321,39.93917800026228],[-75.23363200011646,39.940292000425245],[-75.2272520005418,39.934660999650504]]]}},{"id":"554","type":"Feature","properties":{"GISJOIN":"G42010100040K","pct_black":7.49},"geometry":{"type":"Polygon","coordinates":[[[-75.23547800004668,39.92887700045388],[-75.23698599959063,39.927821000034285],[-75.23559400004955,39.92664000034624],[-75.24685600017175,39.918759000255136],[-75.24627699968656,39.92254399968895],[-75.24349400044935,39.92696299998103],[-75.24291438828988,39.930314817673676],[-75.24227126080693,39.930725309173],[-75.23547800004668,39.92887700045388]]]}},{"id":"555","type":"Feature","properties":{"GISJOIN":"G42010100040L","pct_black":0.05},"geometry":{"type":"Polygon","coordinates":[[[-75.22414600018055,39.92103299966657],[-75.2262039997444,39.9180440002425],[-75.22583800007044,39.91564499987999],[-75.22721100017502,39.91337299965235],[-75.23678900051259,39.920899000141226],[-75.23967100051941,39.92377900023922],[-75.23559400004955,39.92664000034624],[-75.23698599959063,39.927821000034285],[-75.23509799951542,39.92887700003649],[-75.23297399992198,39.92846600040337],[-75.22414600018055,39.92103299966657]]]}},{"id":"556","type":"Feature","properties":{"GISJOIN":"G42010100040M","pct_black":4.55},"geometry":{"type":"Polygon","coordinates":[[[-75.20603477526072,39.91226275083741],[-75.20684099963287,39.91118600029494],[-75.21390600035919,39.91107200047794],[-75.21612300048005,39.909636999730225],[-75.21549804215645,39.90544592607671],[-75.22596101821426,39.90662827666219],[-75.22868999058187,39.90374123780243],[-75.23218026281333,39.905613149034295],[-75.23409000031174,39.9075939999658],[-75.22656600051651,39.91413799988603],[-75.22583800007044,39.91564499987999],[-75.2262039997444,39.9180440002425],[-75.22414600018055,39.92103299966657],[-75.22277200010132,39.91991799981014],[-75.20603477526072,39.91226275083741]]]}},{"id":"557","type":"Feature","properties":{"GISJOIN":"G42010100040N","pct_black":0.59},"geometry":{"type":"Polygon","coordinates":[[[-75.22721100017502,39.91337299965235],[-75.23196399963464,39.9098740003158],[-75.23409000031174,39.9075939999658],[-75.23544800007667,39.90865999975865],[-75.23791548451666,39.90883211622006],[-75.24317590269189,39.912435539703374],[-75.24413200047331,39.91444499984272],[-75.2388309998892,39.918385999961046],[-75.2396960002089,39.919122000155454],[-75.2367910000297,39.92137099989947],[-75.23678900051259,39.920899000141226],[-75.22721100017502,39.91337299965235]]]}},{"id":"558","type":"Feature","properties":{"GISJOIN":"G42010100040O","pct_black":18.48},"geometry":{"type":"Polygon","coordinates":[[[-75.2367910000297,39.92137099989947],[-75.2396960002089,39.919122000155454],[-75.2388309998892,39.918385999961046],[-75.24413200047331,39.91444499984272],[-75.24686799984327,39.9180990004224],[-75.24685600017175,39.918759000255136],[-75.23967100051941,39.92377900023922],[-75.2367910000297,39.92137099989947]]]}},{"id":"559","type":"Feature","properties":{"GISJOIN":"G42010100040P","pct_black":2.21},"geometry":{"type":"Polygon","coordinates":[[[-75.24678699966809,39.9179149996073],[-75.24317590269189,39.912435539703374],[-75.23791548451666,39.90883211622006],[-75.23544800007667,39.90865999975865],[-75.2445210001833,39.90078200022451],[-75.25349199949517,39.90558500012044],[-75.25031899968782,39.907625999761436],[-75.24992899975905,39.909351999872975],[-75.2514979998601,39.91005100001231],[-75.2470680001906,39.9137780003618],[-75.24771499988735,39.91483699953561],[-75.24675200038548,39.91623200034758],[-75.24723800058813,39.91864199975195],[-75.24685600017175,39.918759000255136],[-75.24678699966809,39.9179149996073]]]}},{"id":"560","type":"Feature","properties":{"GISJOIN":"G42010100040Q","pct_black":31.99},"geometry":{"type":"Polygon","coordinates":[[[-75.23544800007667,39.90865999975865],[-75.23218026281333,39.905613149034295],[-75.22874699580098,39.903772041523915],[-75.22935765019454,39.903046347726104],[-75.22596620585416,39.9015381105389],[-75.23151665532112,39.895392885825196],[-75.23278895606609,39.895511424346864],[-75.2445210001833,39.90078200022451],[-75.23544800007667,39.90865999975865]]]}},{"id":"561","type":"Feature","properties":{"GISJOIN":"G42010100040R","pct_black":0.0},"geometry":{"type":"Polygon","coordinates":[[[-75.21176200046344,39.897747000324436],[-75.22611253556424,39.89147868686048],[-75.22713191632127,39.892890187667604],[-75.23151665532112,39.895392885825196],[-75.22596620585416,39.9015381105389],[-75.22935765019454,39.903046347726104],[-75.22596101821426,39.90662827666219],[-75.21549804215645,39.90544592607671],[-75.21492700039182,39.90161600037273],[-75.21176200046344,39.897747000324436]]]}},{"id":"562","type":"Feature","properties":{"GISJOIN":"G42010100040S","pct_black":21.05},"geometry":{"type":"Polygon","coordinates":[[[-75.20405181183332,39.89448234812833],[-75.19551399996217,39.89184000044899],[-75.19523599989985,39.87736499956685],[-75.19985699973945,39.87322200033014],[-75.21146299987177,39.867004000045],[-75.21603900053515,39.871115000031786],[-75.2157219997635,39.876086999678215],[-75.21670200039927,39.87587599990604],[-75.2142850003563,39.877318000203545],[-75.20763399979077,39.885864999800454],[-75.2117520001083,39.88556299962481],[-75.21173300005344,39.88623700032416],[-75.20514760214358,39.891594931527976],[-75.20599747509536,39.89256444930963],[-75.20405181183332,39.89448234812833]]]}},{"id":"563","type":"Feature","properties":{"GISJOIN":"G42010100040T","pct_black":null},"geometry":{"type":"Polygon","coordinates":[[[-75.20405181183332,39.89448234812833],[-75.20599747509536,39.89256444930963],[-75.20514760214358,39.891594931527976],[-75.21173300005344,39.88623700032416],[-75.2117520001083,39.88556299962481],[-75.20763399979077,39.885864999800454],[-75.20930300002233,39.883281999827034],[-75.21471499959794,39.87688299975301],[-75.21670200039927,39.87587599990604],[-75.21973500055107,39.875472999993065],[-75.23401799948482,39.877178999905574],[-75.23596600042612,39.8764610001512],[-75.239362435214,39.878725813034144],[-75.23814700057042,39.88062199967915],[-75.23866600030665,39.88331100040326],[-75.23640084520116,39.88644104953354],[-75.23041167453974,39.88884509187182],[-75.22948141625109,39.88722898794886],[-75.22672521499231,39.887966068159244],[-75.2266978163388,39.888854342205754],[-75.22855000016007,39.89132099958099],[-75.22516800003037,39.89174400036778],[-75.21176200046344,39.897747000324436],[-75.20812400044446,39.89567499992297],[-75.20405181183332,39.89448234812833]]]}},{"id":"564","type":"Feature","properties":{"GISJOIN":"G42010100040U","pct_black":57.43},"geometry":{"type":"Polygon","coordinates":[[[-75.23151665532112,39.895392885825196],[-75.22628506901,39.89205358890798],[-75.22611253556424,39.89147868686048],[-75.22855000016007,39.89132099958099],[-75.2266978163388,39.888854342205754],[-75.22672521499231,39.887966068159244],[-75.22948141625109,39.88722898794886],[-75.23041167453974,39.88884509187182],[-75.23375811450411,39.88746692109473],[-75.24384700036599,39.892918000247654],[-75.23912063096616,39.89816029731568],[-75.23151665532112,39.895392885825196]]]}},{"id":"565","type":"Feature","properties":{"GISJOIN":"G42010100040V","pct_black":33.02},"geometry":{"type":"Polygon","coordinates":[[[-75.2512880005876,39.90440299977537],[-75.23906400000529,39.89822299959364],[-75.24384700036599,39.892918000247654],[-75.24676599969321,39.89445700010545],[-75.24725200021537,39.8941359997975],[-75.24729299960755,39.89458599990717],[-75.25435499969845,39.89851099981867],[-75.2538984196104,39.89885793962859],[-75.25569799949214,39.89982899996014],[-75.2512880005876,39.90440299977537]]]}},{"id":"566","type":"Feature","properties":{"GISJOIN":"G42010100040W","pct_black":58.97},"geometry":{"type":"Polygon","coordinates":[[[-75.24384700036599,39.892918000247654],[-75.2499313696922,39.88613866417326],[-75.26492616560134,39.88785842118484],[-75.26427599974498,39.88840099983134],[-75.26230600036287,39.888537000322515],[-75.26174299958517,39.89177400009175],[-75.25896200029833,39.89252200008314],[-75.25674099958187,39.894726000257414],[-75.25736199946815,39.8958440000111],[-75.25509500045868,39.898665999858004],[-75.25569799949214,39.89982899996014],[-75.2538984196104,39.89885793962859],[-75.25435499969845,39.89851099981867],[-75.24729299960755,39.89458599990717],[-75.24725200021537,39.8941359997975],[-75.24676599969321,39.89445700010545],[-75.24384700036599,39.892918000247654]]]}},{"id":"567","type":"Feature","properties":{"GISJOIN":"G42010100040X","pct_black":54.38},"geometry":{"type":"Polygon","coordinates":[[[-75.23379350041971,39.88747917160052],[-75.23640084520116,39.88644104953354],[-75.23861100976676,39.883049118408024],[-75.2452368059366,39.8855519575806],[-75.24600049689343,39.882357185237346],[-75.25140474165308,39.88449641050936],[-75.24384700036599,39.892918000247654],[-75.23379350041971,39.88747917160052]]]}},{"id":"568","type":"Feature","properties":{"GISJOIN":"G42010100040Y","pct_black":28.68},"geometry":{"type":"Polygon","coordinates":[[[-75.23861100976676,39.883049118408024],[-75.23814700057042,39.88062199967915],[-75.239362435214,39.878725813034144],[-75.23596600042612,39.8764610001512],[-75.24047000047867,39.87238099998184],[-75.24673400010568,39.87506799956841],[-75.24843099985993,39.87648499958358],[-75.25225700014431,39.87593700007727],[-75.26253900003442,39.87657800018783],[-75.25696600030227,39.87893700018206],[-75.25140474165308,39.88449641050936],[-75.24600049689343,39.882357185237346],[-75.2452368059366,39.8855519575806],[-75.23861100976676,39.883049118408024]]]}},{"id":"569","type":"Feature","properties":{"GISJOIN":"G42010100040Z","pct_black":100.0},"geometry":{"type":"Polygon","coordinates":[[[-75.2499313696922,39.88613866417326],[-75.25696600030227,39.87893700018206],[-75.26253900003442,39.87657800018783],[-75.26532199961099,39.88159399950917],[-75.26187100001506,39.88281499964568],[-75.26440800044023,39.88432000045802],[-75.26460199991504,39.88473699959862],[-75.26275899986794,39.88593100002307],[-75.2648120000418,39.88642500032245],[-75.26492616560134,39.88785842118484],[-75.2499313696922,39.88613866417326]]]}},{"id":"570","type":"Feature","properties":{"GISJOIN":"G42010100041A","pct_black":0.0},"geometry":{"type":"Polygon","coordinates":[[[-74.98071800032868,40.06472000029024],[-74.98108099968768,40.06242199980638],[-74.98037799987621,40.0603489999676],[-74.98489299991309,40.05728699960925],[-74.98409799954001,40.054782000185305],[-74.99043199965917,40.060395999671684],[-74.98417100036504,40.06407499990139],[-74.98071800032868,40.06472000029024]]]}},{"id":"571","type":"Feature","properties":{"GISJOIN":"G42010100041B","pct_black":0.19},"geometry":{"type":"Polygon","coordinates":[[[-74.98536099985995,40.05588900000547],[-74.99376300049555,40.05065000003495],[-75.00118099943246,40.05723200005442],[-74.99043199965917,40.060395999671684],[-74.98536099985995,40.05588900000547]]]}},{"id":"572","type":"Feature","properties":{"GISJOIN":"G42010100041C","pct_black":0.33},"geometry":{"type":"Polygon","coordinates":[[[-75.00118099943246,40.05723200005442],[-74.99302080392533,40.05001578180892],[-74.99679899995097,40.04767700030973],[-74.99762700061788,40.04843899971207],[-75.00109153739581,40.04600114594115],[-75.00796400050795,40.05231500021366],[-75.00118099943246,40.05723200005442]]]}},{"id":"573","type":"Feature","properties":{"GISJOIN":"G42010100041D","pct_black":0.0},"geometry":{"type":"Polygon","coordinates":[[[-75.00109153739581,40.04600114594115],[-75.00905431961397,40.04084694580703],[-75.01570599968488,40.04617999999315],[-75.00796400050795,40.05231500021366],[-75.00109153739581,40.04600114594115]]]}},{"id":"574","type":"Feature","properties":{"GISJOIN":"G42010100041E","pct_black":44.1},"geometry":{"type":"Polygon","coordinates":[[[-75.00905431961397,40.04084694580703],[-75.01303918307909,40.038425778763205],[-75.01131200048927,40.03704099962917],[-75.01804799994584,40.03331900040587],[-75.02183400026486,40.0341959999734],[-75.02119900019721,40.035659000155654],[-75.02168199977042,40.037087999578794],[-75.01967099936135,40.03812500020079],[-75.02031199976172,40.03918999984548],[-75.01959199931781,40.041078000302825],[-75.01952400020816,40.04362000034991],[-75.01570599968488,40.04617999999315],[-75.00905431961397,40.04084694580703]]]}},{"id":"575","type":"Feature","properties":{"GISJOIN":"G42010100041F","pct_black":80.65},"geometry":{"type":"Polygon","coordinates":[[[-75.01804799994584,40.03331900040587],[-75.02127299965933,40.031518999613255],[-75.02359029657286,40.03379555860938],[-75.02357399962634,40.03912299963324],[-75.02173899992403,40.04183800005597],[-75.02175200064366,40.04366799984884],[-75.01952400020816,40.04362000034991],[-75.01939800059219,40.04251399979755],[-75.02030300021647,40.039336000288934],[-75.01967099936135,40.03812500020079],[-75.02168199977042,40.037087999578794],[-75.02119900019721,40.035659000155654],[-75.02185699976367,40.034258000373896],[-75.01804799994584,40.03331900040587]]]}},{"id":"576","type":"Feature","properties":{"GISJOIN":"G42010100041G","pct_black":10.47},"geometry":{"type":"Polygon","coordinates":[[[-75.02359029657286,40.03379555860938],[-75.02472000038958,40.03260799988844],[-75.02536700026405,40.03334699985103],[-75.02798000034127,40.03189400026701],[-75.03066299973243,40.03496499992548],[-75.03342699970543,40.0394729996202],[-75.02175200064366,40.04366799984884],[-75.02173899992403,40.04183800005597],[-75.02357399962634,40.03912299963324],[-75.02359029657286,40.03379555860938]]]}},{"id":"577","type":"Feature","properties":{"GISJOIN":"G42010100041H","pct_black":0.17},"geometry":{"type":"Polygon","coordinates":[[[-75.02798000034127,40.03189400026701],[-75.02970600056646,40.03094699990127],[-75.02741500007974,40.028118000173535],[-75.02881800009123,40.0273379996418],[-75.02999556849201,40.028761786354885],[-75.03275199958475,40.02705000029738],[-75.04059399976175,40.036858999781344],[-75.03342699970543,40.0394729996202],[-75.03066299973243,40.03496499992548],[-75.02798000034127,40.03189400026701]]]}},{"id":"578","type":"Feature","properties":{"GISJOIN":"G42010100041I","pct_black":0.72},"geometry":{"type":"Polygon","coordinates":[[[-75.04059399976175,40.036858999781344],[-75.03238399976948,40.02658600013908],[-75.03494700049747,40.02495500018055],[-75.03581200051819,40.02457200014529],[-75.03645200046485,40.02535899977371],[-75.038625000113,40.02423900047091],[-75.04677000063838,40.033682999708894],[-75.04059399976175,40.036858999781344]]]}},{"id":"579","type":"Feature","properties":{"GISJOIN":"G42010100041J","pct_black":0.0},"geometry":{"type":"Polygon","coordinates":[[[-75.04745299997005,40.028293999564575],[-75.05449499953738,40.02464800032112],[-75.05360400030936,40.0236150000002],[-75.05751300012679,40.02159700040612],[-75.0624189997269,40.02713600037496],[-75.0568719998907,40.02894299975995],[-75.05337899956754,40.03164700036923],[-75.05097200010604,40.03232399983355],[-75.04745299997005,40.028293999564575]]]}},{"id":"580","type":"Feature","properties":{"GISJOIN":"G42010100041K","pct_black":0.04},"geometry":{"type":"Polygon","coordinates":[[[-75.05751300012679,40.02159700040612],[-75.06511299976786,40.01751099998996],[-75.06862300049191,40.02151399971622],[-75.0733639995647,40.02536900016434],[-75.06239400025079,40.027443999835086],[-75.05751300012679,40.02159700040612]]]}},{"id":"581","type":"Feature","properties":{"GISJOIN":"G42010100041L","pct_black":0.05},"geometry":{"type":"Polygon","coordinates":[[[-75.052229999802,40.01556800007656],[-75.06065000014667,40.01111400041723],[-75.06147099996423,40.01169700041941],[-75.0614129995238,40.01328400029475],[-75.06511299976786,40.01751099998996],[-75.05751300012679,40.02159700040612],[-75.052229999802,40.01556800007656]]]}},{"id":"582","type":"Feature","properties":{"GISJOIN":"G42010100041M","pct_black":0.0},"geometry":{"type":"Polygon","coordinates":[[[-75.04538100013171,40.019867999915014],[-75.04879000052239,40.018141000128544],[-75.04779800033789,40.017326000154675],[-75.052229999802,40.01556800007656],[-75.05751300012679,40.02159700040612],[-75.05360400030936,40.0236150000002],[-75.05449499953738,40.02464800032112],[-75.05110399992691,40.02640699957288],[-75.04538100013171,40.019867999915014]]]}},{"id":"583","type":"Feature","properties":{"GISJOIN":"G42010100041N","pct_black":0.06},"geometry":{"type":"Polygon","coordinates":[[[-75.038625000113,40.02423900047091],[-75.03999499976229,40.02362999997157],[-75.03945199973427,40.022916999553935],[-75.04538100013171,40.019867999915014],[-75.05110399992691,40.02640699957288],[-75.04745299997005,40.028293999564575],[-75.05097200010604,40.03232399983355],[-75.04677000063838,40.033682999708894],[-75.038625000113,40.02423900047091]]]}},{"id":"584","type":"Feature","properties":{"GISJOIN":"G42010100041O","pct_black":0.0},"geometry":{"type":"Polygon","coordinates":[[[-75.04322899950547,40.01188900021588],[-75.04708999999845,40.00994100027207],[-75.05289136748794,40.00495627537068],[-75.05969225341485,40.011687449364985],[-75.04823600009277,40.01736499971268],[-75.04322899950547,40.01188900021588]]]}},{"id":"585","type":"Feature","properties":{"GISJOIN":"G42010100041P","pct_black":6.17},"geometry":{"type":"Polygon","coordinates":[[[-75.03388613081022,40.0153067010747],[-75.04322899950547,40.01188900021588],[-75.04879000052239,40.018141000128544],[-75.03945199973427,40.022916999553935],[-75.03388613081022,40.0153067010747]]]}},{"id":"586","type":"Feature","properties":{"GISJOIN":"G42010100041Q","pct_black":17.82},"geometry":{"type":"Polygon","coordinates":[[[-75.02999556849201,40.028761786354885],[-75.02121100029214,40.01822199968972],[-75.03388613081022,40.0153067010747],[-75.03999499976229,40.02362999997157],[-75.03645200046485,40.02535899977371],[-75.03581200051819,40.02457200014529],[-75.03494700049747,40.02495500018055],[-75.02999556849201,40.028761786354885]]]}},{"id":"587","type":"Feature","properties":{"GISJOIN":"G42010100041R","pct_black":11.63},"geometry":{"type":"Polygon","coordinates":[[[-75.02303650263498,40.033706431219876],[-75.01942410229013,40.02930657004991],[-75.012421000333,40.02092499998993],[-75.01323700004689,40.02030299987532],[-75.02121100029214,40.01822199968972],[-75.02881800009123,40.0273379996418],[-75.02741500007974,40.028118000173535],[-75.02970600056646,40.03094699990127],[-75.02686699993981,40.032531000216544],[-75.02536700026405,40.03334699985103],[-75.02472000038958,40.03260799988844],[-75.02359029657286,40.03379555860938],[-75.02303650263498,40.033706431219876]]]}},{"id":"588","type":"Feature","properties":{"GISJOIN":"G42010100041S","pct_black":43.74},"geometry":{"type":"Polygon","coordinates":[[[-75.00207953796733,40.02792994798758],[-75.012421000333,40.02092499998993],[-75.02127299965933,40.031518999613255],[-75.0136356719982,40.035772775026885],[-75.01419418815331,40.034386229384765],[-75.01339086159207,40.033668122496906],[-75.01128215923899,40.03451346801545],[-75.01060392847296,40.0340575068307],[-75.00841300049433,40.035428999824646],[-75.00207953796733,40.02792994798758]]]}},{"id":"589","type":"Feature","properties":{"GISJOIN":"G42010100041T","pct_black":0.0},"geometry":{"type":"Polygon","coordinates":[[[-74.99762700061788,40.04843899971207],[-74.98657299932509,40.03895800024111],[-75.00207953796733,40.02792994798758],[-75.00841300049433,40.035428999824646],[-75.01060392847296,40.0340575068307],[-75.01128215923899,40.03451346801545],[-75.01339086159207,40.033668122496906],[-75.01419418815331,40.034386229384765],[-75.0136356719982,40.035772775026885],[-75.01131200048927,40.03704099962917],[-75.01303918307909,40.038425778763205],[-74.99762700061788,40.04843899971207]]]}},{"id":"590","type":"Feature","properties":{"GISJOIN":"G42010100041U","pct_black":0.0},"geometry":{"type":"Polygon","coordinates":[[[-74.981342063112,40.04304216551995],[-74.98657299932509,40.03895800024111],[-74.99679899995097,40.04767700030973],[-74.99302080392533,40.05001578180892],[-74.99376300049555,40.05065000003495],[-74.99156699975087,40.052127999716184],[-74.981342063112,40.04304216551995]]]}},{"id":"591","type":"Feature","properties":{"GISJOIN":"G42010100041V","pct_black":0.97},"geometry":{"type":"Polygon","coordinates":[[[-74.98536099985995,40.05588900000547],[-74.98202199993595,40.05372700040972],[-74.97973499988383,40.05354700031044],[-74.97398100037144,40.048595000233036],[-74.981342063112,40.04304216551995],[-74.99156699975087,40.052127999716184],[-74.98536099985995,40.05588900000547]]]}},{"id":"592","type":"Feature","properties":{"GISJOIN":"G42010100042A","pct_black":0.0},"geometry":{"type":"Polygon","coordinates":[[[-75.11098500011538,40.046769000331174],[-75.11110800016354,40.044287000407245],[-75.11224799953791,40.04321000014046],[-75.11306999976016,40.043970999518976],[-75.11354400001134,40.042710999904706],[-75.1154879995482,40.041183000071335],[-75.12207799966322,40.04166400009263],[-75.11998899985907,40.05194899980217],[-75.11098500011538,40.046769000331174]]]}},{"id":"593","type":"Feature","properties":{"GISJOIN":"G42010100042AA","pct_black":0.02},"geometry":{"type":"Polygon","coordinates":[[[-75.12216599976735,40.03186000005226],[-75.12352500012867,40.02546300027402],[-75.13328700021745,40.0237839999541],[-75.13129000011135,40.03281800022707],[-75.12422900026252,40.032551999788325],[-75.12216599976735,40.03186000005226]]]}},{"id":"594","type":"Feature","properties":{"GISJOIN":"G42010100042B","pct_black":0.02},"geometry":{"type":"Polygon","coordinates":[[[-75.12634700047013,40.05541600032806],[-75.11998899985907,40.05194899980217],[-75.12207799966322,40.04166400009263],[-75.12916000029442,40.0425699996712],[-75.12634700047013,40.05541600032806]]]}},{"id":"595","type":"Feature","properties":{"GISJOIN":"G42010100042BB","pct_black":0.09},"geometry":{"type":"Polygon","coordinates":[[[-75.11224888934495,40.03126367101429],[-75.11204200008922,40.030181999744556],[-75.1144570000727,40.0274219997807],[-75.11446099989949,40.02678400012014],[-75.12352500012867,40.02546300027402],[-75.12171099997036,40.03347000025402],[-75.11347399988624,40.03271800007512],[-75.11224888934495,40.03126367101429]]]}},{"id":"596","type":"Feature","properties":{"GISJOIN":"G42010100042C","pct_black":0.34},"geometry":{"type":"Polygon","coordinates":[[[-75.12634700047013,40.05541600032806],[-75.12714300018982,40.0517480003678],[-75.13776699978163,40.05311199968791],[-75.13658499972857,40.05856600026668],[-75.1370250001559,40.0587729998785],[-75.1352130001002,40.06089399965149],[-75.12634700047013,40.05541600032806]]]}},{"id":"597","type":"Feature","properties":{"GISJOIN":"G42010100042CC","pct_black":null},"geometry":{"type":"Polygon","coordinates":[[[-75.11224799953791,40.04321000014046],[-75.11447999968532,40.03972300028555],[-75.1136649994116,40.037188000272714],[-75.11068900057148,40.03352900008726],[-75.11082800003604,40.02923099966119],[-75.11151299985457,40.028090999986105],[-75.1128109998476,40.02765099995886],[-75.11280799946151,40.02622900033969],[-75.11144699963602,40.0254969995952],[-75.11164599977415,40.024542000352085],[-75.11081700058926,40.02239699971944],[-75.10877600018539,40.022156000451616],[-75.1076280004219,40.02307000031782],[-75.10558899957688,40.022899000317864],[-75.10484499958486,40.02356000008459],[-75.10320400041006,40.02105700044538],[-75.10390199973442,40.01946399953718],[-75.10528499937226,40.0193910002479],[-75.10714699994467,40.01808799977236],[-75.10744999943577,40.0173049998877],[-75.107063000344,40.016776999750164],[-75.1075989999204,40.016489000214804],[-75.10902400012031,40.01628599968186],[-75.10832000030017,40.01953600050154],[-75.10654099975889,40.019329999662034],[-75.10650733684955,40.019859372505906],[-75.10849526826105,40.021419550815914],[-75.11491699978129,40.02195600025417],[-75.11346499984474,40.023453999779456],[-75.1133229997933,40.02491599976043],[-75.11433699980799,40.02569699972189],[-75.11460299999563,40.02721200010521],[-75.11204200008922,40.030181999744556],[-75.11224888934495,40.03126367101429],[-75.11138107781349,40.03343931575768],[-75.11433447658273,40.035117349347246],[-75.11402999969283,40.03547099965986],[-75.11489299952183,40.03891700011595],[-75.116726000174,40.03942800009436],[-75.11354400001134,40.042710999904706],[-75.11306999976016,40.043970999518976],[-75.11224799953791,40.04321000014046]]]}},{"id":"598","type":"Feature","properties":{"GISJOIN":"G42010100042D","pct_black":0.36},"geometry":{"type":"Polygon","coordinates":[[[-75.1352130001002,40.06089399965149],[-75.1370250001559,40.0587729998785],[-75.13658499972857,40.05856600026668],[-75.13875900000048,40.048558000074316],[-75.14254699989445,40.04903999969954],[-75.1422140003134,40.05056299963701],[-75.1438410000344,40.05077100019484],[-75.14090100010053,40.06423099962513],[-75.1352130001002,40.06089399965149]]]}},{"id":"599","type":"Feature","properties":{"GISJOIN":"G42010100042DD","pct_black":0.03},"geometry":{"type":"Polygon","coordinates":[[[-75.10902400012031,40.01628599968186],[-75.11897622111033,40.01760096536812],[-75.11864300024406,40.01920000032302],[-75.12140700010602,40.01954799990778],[-75.12048099980937,40.021090000408265],[-75.11973500040531,40.02601700015108],[-75.11446099989949,40.02678400012014],[-75.11433699980799,40.02569699972189],[-75.1133229997933,40.02491599976043],[-75.11340799940056,40.02367200001966],[-75.11491699978129,40.02195600025417],[-75.10849526826105,40.021419550815914],[-75.10650733684955,40.019859372505906],[-75.10654099975889,40.019329999662034],[-75.10832000030017,40.01953600050154],[-75.10902400012031,40.01628599968186]]]}},{"id":"600","type":"Feature","properties":{"GISJOIN":"G42010100042E","pct_black":0.05},"geometry":{"type":"Polygon","coordinates":[[[-75.14090100010053,40.06423099962513],[-75.14229199986298,40.057941000419234],[-75.14921900014828,40.05843200015895],[-75.15351299948253,40.06428500030944],[-75.15158799982795,40.07031600040886],[-75.14090100010053,40.06423099962513]]]}},{"id":"601","type":"Feature","properties":{"GISJOIN":"G42010100042EE","pct_black":0.0},"geometry":{"type":"Polygon","coordinates":[[[-75.11897622111033,40.01760096536812],[-75.12841100011583,40.01888700041927],[-75.12758799970658,40.021934999731606],[-75.13585399981466,40.02308199988117],[-75.11973500040531,40.02601700015108],[-75.12048099980937,40.021090000408265],[-75.12140700010602,40.01954799990778],[-75.11864300024406,40.01920000032302],[-75.11897622111033,40.01760096536812]]]}},{"id":"602","type":"Feature","properties":{"GISJOIN":"G42010100042F","pct_black":0.11},"geometry":{"type":"Polygon","coordinates":[[[-75.16339099971955,40.07696300001021],[-75.15158799982795,40.07031600040886],[-75.15351299948253,40.06428500030944],[-75.1548669996515,40.065042999814736],[-75.15672599961995,40.06444199992212],[-75.16899000026821,40.07147299966053],[-75.16339099971955,40.07696300001021]]]}},{"id":"603","type":"Feature","properties":{"GISJOIN":"G42010100042FF","pct_black":0.0},"geometry":{"type":"Polygon","coordinates":[[[-75.12841100011583,40.01888700041927],[-75.14094799953462,40.02049699982021],[-75.14126000005918,40.02045600027442],[-75.13585399981466,40.02308199988117],[-75.12758799970658,40.021934999731606],[-75.12841100011583,40.01888700041927]]]}},{"id":"604","type":"Feature","properties":{"GISJOIN":"G42010100042G","pct_black":0.1},"geometry":{"type":"Polygon","coordinates":[[[-75.16339099971955,40.07696300001021],[-75.16899000026821,40.07147299966053],[-75.1755089999438,40.07521399979847],[-75.16993199958311,40.080809999792876],[-75.16339099971955,40.07696300001021]]]}},{"id":"605","type":"Feature","properties":{"GISJOIN":"G42010100042GG","pct_black":0.04},"geometry":{"type":"Polygon","coordinates":[[[-75.13328700021745,40.0237839999541],[-75.14126000005918,40.02045600027442],[-75.14158899977308,40.02081099975751],[-75.13930399977922,40.0312879999052],[-75.13675699989655,40.030963999565316],[-75.13709099952975,40.02941200031977],[-75.1341460002953,40.02904299963194],[-75.1338050006661,40.03058399975203],[-75.13182900046415,40.03032099977102],[-75.13328700021745,40.0237839999541]]]}},{"id":"606","type":"Feature","properties":{"GISJOIN":"G42010100042H","pct_black":0.04},"geometry":{"type":"Polygon","coordinates":[[[-75.16993199958311,40.080809999792876],[-75.1755089999438,40.07521399979847],[-75.18203700001803,40.07910800011653],[-75.17643799958093,40.08465099969446],[-75.16993199958311,40.080809999792876]]]}},{"id":"607","type":"Feature","properties":{"GISJOIN":"G42010100042HH","pct_black":0.19},"geometry":{"type":"Polygon","coordinates":[[[-75.14126000005918,40.02045600027442],[-75.14711000000442,40.02127999982328],[-75.14824500013056,40.02295900018208],[-75.14622700042261,40.0321849999509],[-75.13930399977922,40.0312879999052],[-75.14158899977308,40.02081099975751],[-75.14126000005918,40.02045600027442]]]}},{"id":"608","type":"Feature","properties":{"GISJOIN":"G42010100042I","pct_black":0.0},"geometry":{"type":"Polygon","coordinates":[[[-75.17684099972298,40.07597999996889],[-75.17944799982062,40.071260999907686],[-75.18175099963551,40.06890200023201],[-75.18849899956454,40.07276399960026],[-75.18203700001803,40.07910800011653],[-75.17684099972298,40.07597999996889]]]}},{"id":"609","type":"Feature","properties":{"GISJOIN":"G42010100042II","pct_black":0.14},"geometry":{"type":"Polygon","coordinates":[[[-75.14555399973614,40.035261999625845],[-75.14682600001822,40.02960200045827],[-75.14824500013056,40.02295900018208],[-75.1532819999019,40.029954999569526],[-75.15113200010096,40.032780000265554],[-75.14985900020422,40.035827000463556],[-75.14555399973614,40.035261999625845]]]}},{"id":"610","type":"Feature","properties":{"GISJOIN":"G42010100042J","pct_black":0.46},"geometry":{"type":"Polygon","coordinates":[[[-75.17684099972298,40.07597999996889],[-75.16899000026821,40.07147299966053],[-75.17532699980077,40.06521599960352],[-75.18175099963551,40.06890200023201],[-75.17944799982062,40.071260999907686],[-75.17684099972298,40.07597999996889]]]}},{"id":"611","type":"Feature","properties":{"GISJOIN":"G42010100042JJ","pct_black":0.05},"geometry":{"type":"Polygon","coordinates":[[[-75.15126300030258,40.0271860003229],[-75.15724100011799,40.02408799994501],[-75.15903499976352,40.02280000011554],[-75.15955100025609,40.023924999669546],[-75.15903299977636,40.03031599982795],[-75.15444300025453,40.03152000002441],[-75.15236900001446,40.03138700022346],[-75.1532819999019,40.029954999569526],[-75.15126300030258,40.0271860003229]]]}},{"id":"612","type":"Feature","properties":{"GISJOIN":"G42010100042K","pct_black":0.03},"geometry":{"type":"Polygon","coordinates":[[[-75.16249499955693,40.06773200034294],[-75.1686410003878,40.06137299988791],[-75.17532699980077,40.06521599960352],[-75.16899000026821,40.07147299966053],[-75.16249499955693,40.06773200034294]]]}},{"id":"613","type":"Feature","properties":{"GISJOIN":"G42010100042KK","pct_black":0.02},"geometry":{"type":"Polygon","coordinates":[[[-75.15126300030258,40.0271860003229],[-75.14711000000442,40.02127999982328],[-75.15903499976352,40.02280000011554],[-75.15126300030258,40.0271860003229]]]}},{"id":"614","type":"Feature","properties":{"GISJOIN":"G42010100042L","pct_black":0.06},"geometry":{"type":"Polygon","coordinates":[[[-75.15351299948253,40.06428500030944],[-75.16069100011737,40.05683100044803],[-75.1686410003878,40.06137299988791],[-75.16249499955693,40.06773200034294],[-75.15672599961995,40.06444199992212],[-75.1548669996515,40.065042999814736],[-75.15351299948253,40.06428500030944]]]}},{"id":"615","type":"Feature","properties":{"GISJOIN":"G42010100042M","pct_black":0.05},"geometry":{"type":"Polygon","coordinates":[[[-75.14921900014828,40.05843200015895],[-75.15555399979245,40.05407400020933],[-75.16069100011737,40.05683100044803],[-75.15351299948253,40.06428500030944],[-75.14921900014828,40.05843200015895]]]}},{"id":"616","type":"Feature","properties":{"GISJOIN":"G42010100042N","pct_black":0.1},"geometry":{"type":"Polygon","coordinates":[[[-75.14229199986298,40.057941000419234],[-75.1438410000344,40.05077100019484],[-75.15014199957379,40.051578000123826],[-75.15555399979245,40.05407400020933],[-75.14921900014828,40.05843200015895],[-75.14229199986298,40.057941000419234]]]}},{"id":"617","type":"Feature","properties":{"GISJOIN":"G42010100042O","pct_black":1.88},"geometry":{"type":"Polygon","coordinates":[[[-75.12849499954032,40.04562599961302],[-75.13601900026191,40.0462290003236],[-75.13611599978465,40.047654000132255],[-75.13875900000048,40.048558000074316],[-75.13776699978163,40.05311199968791],[-75.12714300018982,40.0517480003678],[-75.12849499954032,40.04562599961302]]]}},{"id":"618","type":"Feature","properties":{"GISJOIN":"G42010100042P","pct_black":0.0},"geometry":{"type":"Polygon","coordinates":[[[-75.11224888934495,40.03126367101429],[-75.11347399988624,40.03271800007512],[-75.12403299998684,40.03403900011192],[-75.12353500030301,40.03871900044297],[-75.12207799966322,40.04166400009263],[-75.1154879995482,40.041183000071335],[-75.116726000174,40.03942800009436],[-75.11489299952183,40.03891700011595],[-75.11402999969283,40.03547099965986],[-75.11433447658273,40.035117349347246],[-75.11138107781349,40.03343931575768],[-75.11224888934495,40.03126367101429]]]}},{"id":"619","type":"Feature","properties":{"GISJOIN":"G42010100042Q","pct_black":0.06},"geometry":{"type":"Polygon","coordinates":[[[-75.12171099997036,40.03347000025402],[-75.12216599976735,40.03186000005226],[-75.12422900026252,40.032551999788325],[-75.13129000011135,40.03281800022707],[-75.12916000029442,40.0425699996712],[-75.12207799966322,40.04166400009263],[-75.12353500030301,40.03871900044297],[-75.12403299998684,40.03403900011192],[-75.12215099950942,40.033957000112856],[-75.12171099997036,40.03347000025402]]]}},{"id":"620","type":"Feature","properties":{"GISJOIN":"G42010100042R","pct_black":0.03},"geometry":{"type":"Polygon","coordinates":[[[-75.12849499954032,40.04562599961302],[-75.13016200023092,40.03798799992892],[-75.13525700038474,40.0386399996252],[-75.13472599999818,40.044850999589364],[-75.13601900026191,40.0462290003236],[-75.12849499954032,40.04562599961302]]]}},{"id":"621","type":"Feature","properties":{"GISJOIN":"G42010100042S","pct_black":0.37},"geometry":{"type":"Polygon","coordinates":[[[-75.13601900026191,40.0462290003236],[-75.13472599999818,40.044850999589364],[-75.13525700038474,40.0386399996252],[-75.14457100039637,40.03983600033519],[-75.14254699989445,40.04903999969954],[-75.13757599978419,40.04837499992352],[-75.13611599978465,40.047654000132255],[-75.13601900026191,40.0462290003236]]]}},{"id":"622","type":"Feature","properties":{"GISJOIN":"G42010100042T","pct_black":0.16},"geometry":{"type":"Polygon","coordinates":[[[-75.1422140003134,40.05056299963701],[-75.14386799975027,40.04290099969511],[-75.14979600024775,40.04367300041321],[-75.14964900011812,40.044986999939276],[-75.15108299972282,40.04711999997035],[-75.15014199957379,40.051578000123826],[-75.1422140003134,40.05056299963701]]]}},{"id":"623","type":"Feature","properties":{"GISJOIN":"G42010100042U","pct_black":9.61},"geometry":{"type":"Polygon","coordinates":[[[-75.15755700012,40.05503400004262],[-75.15014199957379,40.051578000123826],[-75.15108299972282,40.04711999997035],[-75.15068000000691,40.04635200004992],[-75.15396799993879,40.04658099995052],[-75.15821699958607,40.04507600014163],[-75.15755700012,40.05503400004262]]]}},{"id":"624","type":"Feature","properties":{"GISJOIN":"G42010100042V","pct_black":0.06},"geometry":{"type":"Polygon","coordinates":[[[-75.14959100058452,40.044829999811384],[-75.15020500012598,40.042182000021576],[-75.15150499946765,40.04061200036381],[-75.14998799955121,40.03897099987383],[-75.15843682070474,40.03921959376914],[-75.15821699958607,40.04507600014163],[-75.15396799993879,40.04658099995052],[-75.15068000000691,40.04635200004992],[-75.14959100058452,40.044829999811384]]]}},{"id":"625","type":"Feature","properties":{"GISJOIN":"G42010100042W","pct_black":0.33},"geometry":{"type":"Polygon","coordinates":[[[-75.14386799975027,40.04290099969511],[-75.14555399973614,40.035261999625845],[-75.14985900020422,40.035827000463556],[-75.14917400030605,40.037769999810884],[-75.15150499946765,40.04061200036381],[-75.15020500012598,40.042182000021576],[-75.14979600024775,40.04367300041321],[-75.14386799975027,40.04290099969511]]]}},{"id":"626","type":"Feature","properties":{"GISJOIN":"G42010100042X","pct_black":0.0},"geometry":{"type":"Polygon","coordinates":[[[-75.14912600026894,40.037463999653866],[-75.15098900053933,40.03303199975615],[-75.15236900001446,40.03138700022346],[-75.15711899982928,40.03099299951877],[-75.15724600036978,40.034564000419785],[-75.1588339997112,40.03588400013675],[-75.15836299998558,40.0363459996123],[-75.15843682070474,40.03921959376914],[-75.14998799955121,40.03897099987383],[-75.14912600026894,40.037463999653866]]]}},{"id":"627","type":"Feature","properties":{"GISJOIN":"G42010100042Y","pct_black":0.49},"geometry":{"type":"Polygon","coordinates":[[[-75.13930399977922,40.0312879999052],[-75.14622700042261,40.0321849999509],[-75.14457100039637,40.03983600033519],[-75.13525700038474,40.0386399996252],[-75.1369500003719,40.03585200020284],[-75.13971900062381,40.033867999773115],[-75.13897099943239,40.032845000089004],[-75.13930399977922,40.0312879999052]]]}},{"id":"628","type":"Feature","properties":{"GISJOIN":"G42010100042Z","pct_black":0.0},"geometry":{"type":"Polygon","coordinates":[[[-75.13016200023092,40.03798799992892],[-75.13182900046415,40.03032099977102],[-75.1338050006661,40.03058399975203],[-75.1341460002953,40.02904299963194],[-75.13505999943706,40.029150000109894],[-75.13709099952975,40.02941200031977],[-75.13675699989655,40.030963999565316],[-75.13930399977922,40.0312879999052],[-75.13897099943239,40.032845000089004],[-75.13971900062381,40.033867999773115],[-75.1369500003719,40.03585200020284],[-75.13525700038474,40.0386399996252],[-75.13016200023092,40.03798799992892]]]}},{"id":"629","type":"Feature","properties":{"GISJOIN":"G42010100043A","pct_black":0.01},"geometry":{"type":"Polygon","coordinates":[[[-75.13585800018373,40.01198199996483],[-75.1412520002881,40.01268499998536],[-75.14720499969309,40.01518799984165],[-75.14711000000442,40.02127999982328],[-75.13419399954137,40.019618999742754],[-75.13585800018373,40.01198199996483]]]}},{"id":"630","type":"Feature","properties":{"GISJOIN":"G42010100043B","pct_black":5.05},"geometry":{"type":"Polygon","coordinates":[[[-75.14714300024303,40.01901000025727],[-75.15384900032012,40.01589100047639],[-75.15609399962827,40.019694999639235],[-75.15903499976352,40.02280000011554],[-75.14711000000442,40.02127999982328],[-75.14714300024303,40.01901000025727]]]}},{"id":"631","type":"Feature","properties":{"GISJOIN":"G42010100043C","pct_black":5.6},"geometry":{"type":"Polygon","coordinates":[[[-75.14714300024303,40.01901000025727],[-75.14760300047747,40.008778999880654],[-75.14864399986789,40.00420200003225],[-75.14926600007968,40.004271999848],[-75.15112200002793,40.01024900013869],[-75.15384900032012,40.01589100047639],[-75.14714300024303,40.01901000025727]]]}},{"id":"632","type":"Feature","properties":{"GISJOIN":"G42010100043D","pct_black":1.09},"geometry":{"type":"Polygon","coordinates":[[[-75.13585800018373,40.01198199996483],[-75.13852399970516,39.99974299957182],[-75.14215500029333,40.00020399992954],[-75.14192899974462,40.00126900021434],[-75.14334600013832,40.000743000336236],[-75.14412400039447,40.00200700027316],[-75.14374200008385,40.00358100012392],[-75.14864399986789,40.00420200003225],[-75.14732500048714,40.01038200005175],[-75.14720499969309,40.01518799984165],[-75.1412520002881,40.01268499998536],[-75.13585800018373,40.01198199996483]]]}},{"id":"633","type":"Feature","properties":{"GISJOIN":"G42010100043E","pct_black":0.02},"geometry":{"type":"Polygon","coordinates":[[[-75.13852399970516,39.99974299957182],[-75.14019800053435,39.99208599980317],[-75.1478869997749,39.99307799966956],[-75.1467309998609,39.99762699981016],[-75.14926600007968,40.004271999848],[-75.14374200008385,40.00358100012392],[-75.14412400039447,40.00200700027316],[-75.14334600013832,40.000743000336236],[-75.14192899974462,40.00126900021434],[-75.14215500029333,40.00020399992954],[-75.13852399970516,39.99974299957182]]]}},{"id":"634","type":"Feature","properties":{"GISJOIN":"G42010100044A","pct_black":19.63},"geometry":{"type":"Polygon","coordinates":[[[-75.21346900034254,39.97779100013095],[-75.21151600039258,39.96965400003535],[-75.2169959996488,39.9689689996323],[-75.21717199998385,39.97035100018598],[-75.22537199945864,39.96951700022065],[-75.22584100008058,39.97143000013484],[-75.2287349995797,39.97110699986783],[-75.23017099948953,39.978793999730186],[-75.22676499991923,39.97721099982748],[-75.2237889998787,39.98151999988608],[-75.21346900034254,39.97779100013095]]]}},{"id":"635","type":"Feature","properties":{"GISJOIN":"G42010100044B","pct_black":73.06},"geometry":{"type":"Polygon","coordinates":[[[-75.2105599994029,39.96257100022907],[-75.21306000053318,39.96257700016291],[-75.21401799965928,39.95864300017913],[-75.21917500040584,39.959287999862454],[-75.21982399998974,39.963784999681906],[-75.2219520006492,39.964249999664986],[-75.22311800005674,39.969746999562105],[-75.21717199998385,39.97035100018598],[-75.2169959996488,39.9689689996323],[-75.21151600039258,39.96965400003535],[-75.2105599994029,39.96257100022907]]]}},{"id":"636","type":"Feature","properties":{"GISJOIN":"G42010100044C","pct_black":70.68},"geometry":{"type":"Polygon","coordinates":[[[-75.22311800005674,39.969746999562105],[-75.2219520006492,39.964249999664986],[-75.21982399998974,39.963784999681906],[-75.21917500040584,39.959287999862454],[-75.22864499973257,39.960463000151506],[-75.22767900033402,39.965071999910585],[-75.2287349995797,39.97110699986783],[-75.22584100008058,39.97143000013484],[-75.22537199945864,39.96951700022065],[-75.22311800005674,39.969746999562105]]]}},{"id":"637","type":"Feature","properties":{"GISJOIN":"G42010100045A","pct_black":0.06},"geometry":{"type":"Polygon","coordinates":[[[-75.05371199985395,40.00407800031533],[-75.05808899954994,39.997403999705355],[-75.05850199973952,39.99480099985179],[-75.05991300022224,39.991529000486224],[-75.06604700055387,39.99551800000204],[-75.07177000046983,40.00305299977316],[-75.07195941022017,40.00401329537385],[-75.065901000478,40.00603800023166],[-75.06291499983105,40.006104999638886],[-75.06169000046216,40.00678600034484],[-75.05822599967807,40.00541199991778],[-75.05845699940065,40.00498800007151],[-75.05371199985395,40.00407800031533]]]}},{"id":"638","type":"Feature","properties":{"GISJOIN":"G42010100045B","pct_black":11.76},"geometry":{"type":"Polygon","coordinates":[[[-75.05991300022224,39.991529000486224],[-75.06574799995106,39.984643000341485],[-75.0733669999061,39.988208000410715],[-75.07803479015993,39.99260091094557],[-75.07214800049758,39.995767999994214],[-75.072869000066,39.996619000099564],[-75.07121699984219,39.99749000011236],[-75.0718010001232,39.998167000177844],[-75.06904899991085,39.999565999567544],[-75.06604700055387,39.99551800000204],[-75.05991300022224,39.991529000486224]]]}},{"id":"639","type":"Feature","properties":{"GISJOIN":"G42010100045C","pct_black":0.02},"geometry":{"type":"Polygon","coordinates":[[[-75.06904899991085,39.999565999567544],[-75.0718010001232,39.998167000177844],[-75.07121699984219,39.99749000011236],[-75.072869000066,39.996619000099564],[-75.07214800049758,39.995767999994214],[-75.07803479015993,39.99260091094557],[-75.07936399950688,39.99426399989276],[-75.08093200053665,39.99349799971016],[-75.08407699969688,39.996855999646634],[-75.08178500027212,39.99860199974086],[-75.08183499981388,39.999419000027494],[-75.07979600050099,39.99966700027518],[-75.07736299982494,40.00356000016714],[-75.07514600010978,40.00285400015263],[-75.07195941022017,40.00401329537385],[-75.07177000046983,40.00305299977316],[-75.06904899991085,39.999565999567544]]]}},{"id":"640","type":"Feature","properties":{"GISJOIN":"G42010100045D","pct_black":0.2},"geometry":{"type":"Polygon","coordinates":[[[-75.0865049998873,39.99882500040898],[-75.08093200053665,39.99349799971016],[-75.0896160006179,39.98906399981251],[-75.09842300010652,39.999067999865375],[-75.09618400008739,40.00024100040125],[-75.09460299979199,39.9987570002651],[-75.09160199957107,40.000208999968294],[-75.08708800010115,39.998517999629705],[-75.0865049998873,39.99882500040898]]]}},{"id":"641","type":"Feature","properties":{"GISJOIN":"G42010100045E","pct_black":0.0},"geometry":{"type":"Polygon","coordinates":[[[-75.0927749998504,40.00597699961254],[-75.09205699950436,40.00493699987176],[-75.08812800008938,40.00320799974729],[-75.0865049998873,39.99882500040898],[-75.08708800010115,39.998517999629705],[-75.09160199957107,40.000208999968294],[-75.09460299979199,39.9987570002651],[-75.09648999998545,40.00052699989853],[-75.1041970000471,40.001524999987886],[-75.09249399960879,40.007975999632876],[-75.09201100038442,40.00719900002347],[-75.0927749998504,40.00597699961254]]]}},{"id":"642","type":"Feature","properties":{"GISJOIN":"G42010100045F","pct_black":0.52},"geometry":{"type":"Polygon","coordinates":[[[-75.11098300029717,39.997801000307064],[-75.1041970000471,40.001524999987886],[-75.10288999950892,40.000050000340096],[-75.10978500028044,39.99644299997286],[-75.11098300029717,39.997801000307064]]]}},{"id":"643","type":"Feature","properties":{"GISJOIN":"G42010100045G","pct_black":0.08},"geometry":{"type":"Polygon","coordinates":[[[-75.09618400008739,40.00024100040125],[-75.09842300010652,39.999067999865375],[-75.09794899993045,39.99849599993849],[-75.10970900008917,39.992333999934324],[-75.11338699946887,39.996493000010254],[-75.11098300029717,39.997801000307064],[-75.10978500028044,39.99644299997286],[-75.10288999950892,40.000050000340096],[-75.1041970000471,40.001524999987886],[-75.09618400008739,40.00024100040125]]]}},{"id":"644","type":"Feature","properties":{"GISJOIN":"G42010100045H","pct_black":2.32},"geometry":{"type":"Polygon","coordinates":[[[-75.09329200043757,39.99322000000033],[-75.10506400019933,39.98707300036353],[-75.10970900008917,39.992333999934324],[-75.09794899993045,39.99849599993849],[-75.09329200043757,39.99322000000033]]]}},{"id":"645","type":"Feature","properties":{"GISJOIN":"G42010100045I","pct_black":0.22},"geometry":{"type":"Polygon","coordinates":[[[-75.0896160006179,39.98906399981251],[-75.10143900037502,39.982974000014174],[-75.10506400019933,39.98707300036353],[-75.09329200043757,39.99322000000033],[-75.0896160006179,39.98906399981251]]]}},{"id":"646","type":"Feature","properties":{"GISJOIN":"G42010100045J","pct_black":3.43},"geometry":{"type":"Polygon","coordinates":[[[-75.0787312325314,39.977346378456716],[-75.08583099978384,39.97510199975276],[-75.09236500013895,39.97453600036223],[-75.0977820001555,39.97881299984615],[-75.10143900037502,39.982974000014174],[-75.0896160006179,39.98906399981251],[-75.0787312325314,39.977346378456716]]]}},{"id":"647","type":"Feature","properties":{"GISJOIN":"G42010100045K","pct_black":0.0},"geometry":{"type":"Polygon","coordinates":[[[-75.07936399950688,39.99426399989276],[-75.0733669999061,39.988208000410715],[-75.06574799995106,39.984643000341485],[-75.07126399985616,39.98049300014153],[-75.075604999911,39.97804100012543],[-75.0787312325314,39.977346378456716],[-75.0896160006179,39.98906399981251],[-75.07936399950688,39.99426399989276]]]}},{"id":"648","type":"Feature","properties":{"GISJOIN":"G42010100046A","pct_black":2.74},"geometry":{"type":"Polygon","coordinates":[[[-75.21239299974413,39.95181099974422],[-75.22227900013566,39.953040000381215],[-75.22092000009107,39.95950500035951],[-75.21103899972586,39.95827599977685],[-75.21239299974413,39.95181099974422]]]}},{"id":"649","type":"Feature","properties":{"GISJOIN":"G42010100046B","pct_black":8.56},"geometry":{"type":"Polygon","coordinates":[[[-75.22227900013566,39.953040000381215],[-75.23215299967744,39.954261999496474],[-75.23080099970326,39.960722000360725],[-75.22092000009107,39.95950500035951],[-75.22227900013566,39.953040000381215]]]}},{"id":"650","type":"Feature","properties":{"GISJOIN":"G42010100046C","pct_black":9.74},"geometry":{"type":"Polygon","coordinates":[[[-75.23215299967744,39.954261999496474],[-75.2401369997589,39.955252000401394],[-75.23878500058747,39.96171499975647],[-75.23080099970326,39.960722000360725],[-75.23215299967744,39.954261999496474]]]}},{"id":"651","type":"Feature","properties":{"GISJOIN":"G42010100046D","pct_black":0.18},"geometry":{"type":"Polygon","coordinates":[[[-75.23816599991973,39.95501100040503],[-75.23879599956172,39.95194199996558],[-75.24873999974969,39.95316899997923],[-75.24675299963954,39.96270500007601],[-75.23878500058747,39.96171499975647],[-75.2401369997589,39.955252000401394],[-75.23816599991973,39.95501100040503]]]}},{"id":"652","type":"Feature","properties":{"GISJOIN":"G42010100046E","pct_black":0.06},"geometry":{"type":"Polygon","coordinates":[[[-75.24005200051714,39.945917000059886],[-75.24663399998816,39.943540999725954],[-75.24599900066764,39.94655999976365],[-75.24868699962997,39.946965999768544],[-75.24972499958662,39.948039000255534],[-75.24873999974969,39.95316899997923],[-75.23879599956172,39.95194199996558],[-75.24005200051714,39.945917000059886]]]}},{"id":"653","type":"Feature","properties":{"GISJOIN":"G42010100046F","pct_black":0.2},"geometry":{"type":"Polygon","coordinates":[[[-75.23127099999171,39.94790900028272],[-75.24005200051714,39.945917000059886],[-75.23816599991973,39.95501100040503],[-75.22999900009489,39.953995999846896],[-75.23127099999171,39.94790900028272]]]}},{"id":"654","type":"Feature","properties":{"GISJOIN":"G42010100046G","pct_black":0.06},"geometry":{"type":"Polygon","coordinates":[[[-75.22331500046005,39.947925000103005],[-75.23127099999171,39.94790900028272],[-75.22999900009489,39.953995999846896],[-75.22227900013566,39.953040000381215],[-75.22331500046005,39.947925000103005]]]}},{"id":"655","type":"Feature","properties":{"GISJOIN":"G42010100046H","pct_black":0.42},"geometry":{"type":"Polygon","coordinates":[[[-75.21291999966978,39.94906499980857],[-75.22331500046005,39.947925000103005],[-75.22332899999839,39.94801199992732],[-75.22227900013566,39.953040000381215],[-75.21239299974413,39.95181099974422],[-75.21291999966978,39.94906499980857]]]}},{"id":"656","type":"Feature","properties":{"GISJOIN":"G42010100046I","pct_black":2.55},"geometry":{"type":"Polygon","coordinates":[[[-75.21010300045367,39.94669700027601],[-75.21524600003093,39.94308700005799],[-75.2191379998918,39.94418599989969],[-75.22331500046005,39.947925000103005],[-75.21291999966978,39.94906499980857],[-75.21010300045367,39.94669700027601]]]}},{"id":"657","type":"Feature","properties":{"GISJOIN":"G42010100046J","pct_black":null},"geometry":{"type":"Polygon","coordinates":[[[-75.24675299963954,39.96270500007601],[-75.24972499958662,39.948039000255534],[-75.24868699962997,39.946965999768544],[-75.24599900066764,39.94655999976365],[-75.24702800053164,39.94341399977215],[-75.25144200013492,39.94913899980285],[-75.25112199983037,39.950700999591156],[-75.25164699989008,39.951845999530924],[-75.24892600054798,39.95662799985624],[-75.2508499996536,39.95909899988795],[-75.24845899962651,39.96033300025536],[-75.24768799951443,39.96281700020544],[-75.24675299963954,39.96270500007601]]]}},{"id":"658","type":"Feature","properties":{"GISJOIN":"G42010100047A","pct_black":69.19},"geometry":{"type":"Polygon","coordinates":[[[-75.15905599977314,39.97320499963554],[-75.16389199946475,39.973833000197146],[-75.1645549997909,39.97081600002117],[-75.1677029995013,39.97121100025392],[-75.16551100037908,39.98124400000961],[-75.15758099951692,39.980222999891566],[-75.15905599977314,39.97320499963554]]]}},{"id":"659","type":"Feature","properties":{"GISJOIN":"G42010100047B","pct_black":97.57},"geometry":{"type":"Polygon","coordinates":[[[-75.16615999951672,39.978307999937854],[-75.1727989996349,39.97915999971048],[-75.1721610003731,39.982100000500324],[-75.16551100037908,39.98124400000961],[-75.16615999951672,39.978307999937854]]]}},{"id":"660","type":"Feature","properties":{"GISJOIN":"G42010100047C","pct_black":77.35},"geometry":{"type":"Polygon","coordinates":[[[-75.1677029995013,39.97121100025392],[-75.17786199993026,39.9724800001326],[-75.17785200044177,39.974247000122745],[-75.173785000298,39.97467700014392],[-75.1727989996349,39.97915999971048],[-75.16615999951672,39.978307999937854],[-75.1677029995013,39.97121100025392]]]}},{"id":"661","type":"Feature","properties":{"GISJOIN":"G42010100047D","pct_black":62.42},"geometry":{"type":"Polygon","coordinates":[[[-75.15970200014816,39.970202000040246],[-75.1645549997909,39.97081600002117],[-75.16389199946475,39.973833000197146],[-75.15905599977314,39.97320499963554],[-75.15970200014816,39.970202000040246]]]}},{"id":"662","type":"Feature","properties":{"GISJOIN":"G42010100048A","pct_black":0.06},"geometry":{"type":"Polygon","coordinates":[[[-75.17528900036766,39.92886700022681],[-75.17716799952038,39.92021799973425],[-75.18031399957255,39.92061999977684],[-75.17924199989986,39.925605999820895],[-75.18274299986702,39.92605799963202],[-75.18343400052379,39.92293899989113],[-75.18693699988303,39.92231799967682],[-75.18523999999103,39.93014600033146],[-75.17528900036766,39.92886700022681]]]}},{"id":"663","type":"Feature","properties":{"GISJOIN":"G42010100048B","pct_black":2.25},"geometry":{"type":"Polygon","coordinates":[[[-75.18523999999103,39.93014600033146],[-75.18739100016998,39.92026099972668],[-75.1882530000817,39.919752999991765],[-75.18740399993062,39.91906299957826],[-75.18089899989322,39.91797099972858],[-75.18188400020937,39.91351700010405],[-75.18429200018461,39.91379399966834],[-75.18551500033448,39.91267499973134],[-75.18906300017157,39.91317399958337],[-75.18949499939994,39.9112320002365],[-75.19792392596557,39.91330599447183],[-75.2051616686647,39.91354504189801],[-75.20170000007869,39.9198340003059],[-75.20339600049773,39.921007000134374],[-75.20852599984951,39.92103300003421],[-75.21079000053156,39.92209500020916],[-75.2120570003496,39.92356199978361],[-75.21242800042607,39.925230000273444],[-75.21125299952892,39.9285190001845],[-75.20747899980124,39.9335220004084],[-75.19962230575719,39.93186789924063],[-75.18523999999103,39.93014600033146]]]}},{"id":"664","type":"Feature","properties":{"GISJOIN":"G42010100048C","pct_black":0.19},"geometry":{"type":"Polygon","coordinates":[[[-75.17716799952038,39.92021799973425],[-75.1782680001747,39.9150530002801],[-75.17762999952505,39.91498299997371],[-75.18188400020937,39.91351700010405],[-75.18089899989322,39.91797099972858],[-75.18663400055297,39.9188340000279],[-75.1882530000817,39.919752999991765],[-75.18739100016998,39.92026099972668],[-75.18693699988303,39.92231799967682],[-75.18343400052379,39.92293899989113],[-75.18274299986702,39.92605799963202],[-75.17924199989986,39.925605999820895],[-75.18031399957255,39.92061999977684],[-75.17716799952038,39.92021799973425]]]}},{"id":"665","type":"Feature","properties":{"GISJOIN":"G42010100048D","pct_black":25.29},"geometry":{"type":"Polygon","coordinates":[[[-75.17748299998739,39.91504200016665],[-75.18102539520288,39.896253885015405],[-75.19081300015293,39.89432300035242],[-75.19139300044166,39.89367800045608],[-75.19504100014638,39.89288300018813],[-75.19597200013433,39.893084000383375],[-75.19525299967852,39.89932199964549],[-75.19631000049134,39.901071000364105],[-75.19392299943428,39.90040300034197],[-75.19376200044339,39.90486299990097],[-75.19228499964562,39.90642800008302],[-75.18985700021389,39.90737100003648],[-75.18906300017157,39.91317399958337],[-75.18551500033448,39.91267499973134],[-75.18429200018461,39.91379399966834],[-75.18116699971164,39.91355199955055],[-75.17748299998739,39.91504200016665]]]}},{"id":"666","type":"Feature","properties":{"GISJOIN":"G42010100048E","pct_black":0.2},"geometry":{"type":"Polygon","coordinates":[[[-75.18949499939994,39.9112320002365],[-75.18985700021389,39.90737100003648],[-75.19228499964562,39.90642800008302],[-75.19376200044339,39.90486299990097],[-75.19392299943428,39.90040300034197],[-75.19631000049134,39.901071000364105],[-75.19525299967852,39.89932199964549],[-75.19623900021585,39.893364999854924],[-75.19533799995736,39.89242999979745],[-75.19551399996217,39.89184000044899],[-75.20094143900388,39.89368053089742],[-75.19933600013832,39.90497800045823],[-75.2004189995225,39.909497000255655],[-75.19936700013031,39.91346999982523],[-75.18949499939994,39.9112320002365]]]}},{"id":"667","type":"Feature","properties":{"GISJOIN":"G42010100048F","pct_black":0.0},"geometry":{"type":"Polygon","coordinates":[[[-75.20094143900388,39.89368053089742],[-75.20812400044446,39.89567499992297],[-75.21176200046344,39.897747000324436],[-75.21492700039182,39.90161600037273],[-75.21612300048005,39.909636999730225],[-75.21390600035919,39.91107200047794],[-75.20684099963287,39.91118600029494],[-75.2051616686647,39.91354504189801],[-75.19936700013031,39.91346999982523],[-75.2004189995225,39.909497000255655],[-75.19933600013832,39.90497800045823],[-75.20094143900388,39.89368053089742]]]}}]}