{"type":"FeatureCollection","features":[{"id":"562","type":"Feature","properties":{"GISJOIN":"G42010100001A","pct_black":0.0},"geometry":{"type":"Polygon","coordinates":[[[-75.13243299968066,39.92185100019573],[-75.14784199994288,39.92401499958127],[-75.14616999944391,39.931321000225786],[-75.13568715359504,39.930139093767025],[-75.13243299968066,39.92185100019573]]]}},{"id":"563","type":"Feature","properties":{"GISJOIN":"G42010100001B","pct_black":3.19},"geometry":{"type":"Polygon","coordinates":[[[-75.14784199994288,39.92401499958127],[-75.1560949999889,39.92510300013383],[-75.15445399974726,39.93242000023297],[-75.14616999944391,39.931321000225786],[-75.14784199994288,39.92401499958127]]]}},{"id":"564","type":"Feature","properties":{"GISJOIN":"G42010100001C","pct_black":1.05},"geometry":{"type":"Polygon","coordinates":[[[-75.1560949999889,39.92510300013383],[-75.16604200028172,39.9264139998545],[-75.16734999964858,39.926579000132925],[-75.15951699973299,39.93309999997606],[-75.15445399974726,39.93242000023297],[-75.1560949999889,39.92510300013383]]]}},{"id":"565","type":"Feature","properties":{"GISJOIN":"G42010100002A","pct_black":28.05},"geometry":{"type":"Polygon","coordinates":[[[-75.13607099953363,39.93382900032278],[-75.13568715359504,39.930139093767025],[-75.15445399974726,39.93242000023297],[-75.15328600025566,39.93773599973402],[-75.14264299968563,39.93486199971795],[-75.13607099953363,39.93382900032278]]]}},{"id":"566","type":"Feature","properties":{"GISJOIN":"G42010100002B","pct_black":20.75},"geometry":{"type":"Polygon","coordinates":[[[-75.15328600025566,39.93773599973402],[-75.15445399974726,39.93242000023297],[-75.15951699973299,39.93309999997606],[-75.15735099971371,39.93489699950798],[-75.1670829997412,39.936741999509906],[-75.1663599999747,39.94002999999651],[-75.15784799972899,39.93898199994792],[-75.15328600025566,39.93773599973402]]]}},{"id":"567","type":"Feature","properties":{"GISJOIN":"G42010100003A","pct_black":48.9},"geometry":{"type":"Polygon","coordinates":[[[-75.13607099953363,39.93382900032278],[-75.14264299968563,39.93486199971795],[-75.15328600025566,39.93773599973402],[-75.15277099997239,39.94003899997662],[-75.14624600000131,39.93856700022689],[-75.13622999955305,39.93769699958308],[-75.13607099953363,39.93382900032278]]]}},{"id":"568","type":"Feature","properties":{"GISJOIN":"G42010100003B","pct_black":28.56},"geometry":{"type":"Polygon","coordinates":[[[-75.15328600025566,39.93773599973402],[-75.15784799972899,39.93898199994792],[-75.1663599999747,39.94002999999651],[-75.16598800034905,39.94182000028359],[-75.15277099997239,39.94003899997662],[-75.15328600025566,39.93773599973402]]]}},{"id":"569","type":"Feature","properties":{"GISJOIN":"G42010100004A","pct_black":45.95},"geometry":{"type":"Polygon","coordinates":[[[-75.13622100055923,39.939764000081226],[-75.13622999955305,39.93769699958308],[-75.14624600000131,39.93856700022689],[-75.15277099997239,39.94003899997662],[-75.15233400044012,39.94201500048014],[-75.13622100055923,39.939764000081226]]]}},{"id":"570","type":"Feature","properties":{"GISJOIN":"G42010100004B","pct_black":67.34},"geometry":{"type":"Polygon","coordinates":[[[-75.15277099997239,39.94003899997662],[-75.15588799983207,39.94056000030438],[-75.16598800034905,39.94182000028359],[-75.16557499975613,39.94366400026234],[-75.15233400044012,39.94201500048014],[-75.15277099997239,39.94003899997662]]]}},{"id":"571","type":"Feature","properties":{"GISJOIN":"G42010100005A","pct_black":20.28},"geometry":{"type":"Polygon","coordinates":[[[-75.13581600051687,39.94696799972795],[-75.13622100055923,39.939764000081226],[-75.15391600022886,39.942204999724964],[-75.1530239996558,39.94629900017407],[-75.15350000011608,39.94644000025401],[-75.15330200018144,39.94739799979104],[-75.15317400048626,39.94796199982169],[-75.15267100047203,39.94789900039848],[-75.15233699964759,39.94942099973768],[-75.13581600051687,39.94696799972795]]]}},{"id":"572","type":"Feature","properties":{"GISJOIN":"G42010100006A","pct_black":32.78},"geometry":{"type":"Polygon","coordinates":[[[-75.13417000058155,39.95340899995309],[-75.135238999965,39.950676999770195],[-75.13581600051687,39.94696799972795],[-75.15233699964759,39.94942099973768],[-75.15112500034968,39.95484799970832],[-75.15166900000409,39.95491300023571],[-75.15122299993813,39.95686200030215],[-75.14912999953944,39.95619100016046],[-75.14183799982281,39.95551400002277],[-75.14183300033307,39.95498900009442],[-75.14256499955665,39.9549779999998],[-75.14186700014528,39.954891000023416],[-75.14009599938991,39.95545200021172],[-75.13417000058155,39.95340899995309]]]}},{"id":"573","type":"Feature","properties":{"GISJOIN":"G42010100007A","pct_black":43.18},"geometry":{"type":"Polygon","coordinates":[[[-75.15391600022886,39.942204999724964],[-75.16557499975613,39.94366400026234],[-75.16484500056106,39.946998999662696],[-75.15318399972698,39.94553600028437],[-75.15391600022886,39.942204999724964]]]}},{"id":"574","type":"Feature","properties":{"GISJOIN":"G42010100007C","pct_black":32.36},"geometry":{"type":"Polygon","coordinates":[[[-75.16557499975613,39.94366400026234],[-75.18568500049291,39.946159000028466],[-75.18723099933739,39.947176000298924],[-75.1832879997137,39.949512000036904],[-75.16484500056106,39.946998999662696],[-75.16557499975613,39.94366400026234]]]}},{"id":"575","type":"Feature","properties":{"GISJOIN":"G42010100008A","pct_black":1.4},"geometry":{"type":"Polygon","coordinates":[[[-75.15267100047203,39.94789900039848],[-75.1621140005082,39.94907999969546],[-75.16433800034682,39.94934600036632],[-75.16401099962822,39.950876000273574],[-75.15233699964759,39.94942099973768],[-75.15267100047203,39.94789900039848]]]}},{"id":"576","type":"Feature","properties":{"GISJOIN":"G42010100008B","pct_black":2.84},"geometry":{"type":"Polygon","coordinates":[[[-75.15318399972698,39.94553600028437],[-75.16484500056106,39.946998999662696],[-75.16433800034682,39.94934600036632],[-75.15317400048626,39.94796199982169],[-75.15318399972698,39.94553600028437]]]}},{"id":"577","type":"Feature","properties":{"GISJOIN":"G42010100008C","pct_black":0.49},"geometry":{"type":"Polygon","coordinates":[[[-75.16433800034682,39.94934600036632],[-75.16672999957693,39.94965499955791],[-75.18166299973085,39.9515090001202],[-75.18090900004225,39.95298199955636],[-75.16401099962822,39.950876000273574],[-75.16433800034682,39.94934600036632]]]}},{"id":"578","type":"Feature","properties":{"GISJOIN":"G42010100008D","pct_black":0.81},"geometry":{"type":"Polygon","coordinates":[[[-75.16484500056106,39.946998999662696],[-75.18113399981884,39.94900799976202],[-75.1832879997137,39.949512000036904],[-75.18166299973085,39.9515090001202],[-75.16433800034682,39.94934600036632],[-75.16484500056106,39.946998999662696]]]}},{"id":"579","type":"Feature","properties":{"GISJOIN":"G42010100009A","pct_black":11.27},"geometry":{"type":"Polygon","coordinates":[[[-75.15233699964759,39.94942099973768],[-75.16401099962822,39.950876000273574],[-75.16391699991473,39.95156400012482],[-75.16524400011646,39.95199999975898],[-75.16506299981228,39.95360799956983],[-75.1633290001973,39.9533300000601],[-75.16309300005715,39.95440000004392],[-75.15153899975546,39.952947999605335],[-75.15233699964759,39.94942099973768]]]}},{"id":"580","type":"Feature","properties":{"GISJOIN":"G42010100009B","pct_black":1.14},"geometry":{"type":"Polygon","coordinates":[[[-75.16309300005715,39.95440000004392],[-75.1633290001973,39.9533300000601],[-75.16506299981228,39.95360799956983],[-75.16524400011646,39.95199999975898],[-75.16391699991473,39.95156400012482],[-75.16401099962822,39.950876000273574],[-75.18090900004225,39.95298199955636],[-75.17976800050342,39.955992999752105],[-75.17758499949353,39.95521899968422],[-75.17737699953688,39.956176000378036],[-75.16309300005715,39.95440000004392]]]}},{"id":"581","type":"Feature","properties":{"GISJOIN":"G42010100010A","pct_black":5.94},"geometry":{"type":"Polygon","coordinates":[[[-75.15153899975546,39.952947999605335],[-75.16309300005715,39.95440000004392],[-75.16247099969111,39.9578420000607],[-75.15445100046799,39.956777000098405],[-75.15122299993813,39.95686200030215],[-75.15153899975546,39.952947999605335]]]}},{"id":"582","type":"Feature","properties":{"GISJOIN":"G42010100010B","pct_black":2.26},"geometry":{"type":"Polygon","coordinates":[[[-75.16247099969111,39.9578420000607],[-75.16309300005715,39.95440000004392],[-75.17737699953688,39.956176000378036],[-75.17758499949353,39.95521899968422],[-75.17976800050342,39.955992999752105],[-75.179122000173,39.95598400027898],[-75.1786479998714,39.95755899967255],[-75.17924199960385,39.95993099978782],[-75.16247099969111,39.9578420000607]]]}},{"id":"583","type":"Feature","properties":{"GISJOIN":"G42010100011A","pct_black":33.14},"geometry":{"type":"Polygon","coordinates":[[[-75.13040399964063,39.958736999773144],[-75.13417000058155,39.95340899995309],[-75.14009599938991,39.95545200021172],[-75.14186700014528,39.954891000023416],[-75.14257200002768,39.95504900015884],[-75.1418650001732,39.95496800035723],[-75.14183799982281,39.95551400002277],[-75.14444700063454,39.95585499974821],[-75.14252800006005,39.964985000073234],[-75.1336349998288,39.961295999590234],[-75.13040399964063,39.958736999773144]]]}},{"id":"584","type":"Feature","properties":{"GISJOIN":"G42010100012A","pct_black":33.75},"geometry":{"type":"Polygon","coordinates":[[[-75.14252800006005,39.964985000073234],[-75.14327900061912,39.96139999979364],[-75.14802899950128,39.962264999707756],[-75.14714599982985,39.967125999785814],[-75.14252800006005,39.964985000073234]]]}},{"id":"585","type":"Feature","properties":{"GISJOIN":"G42010100012B","pct_black":41.51},"geometry":{"type":"Polygon","coordinates":[[[-75.14327900061912,39.96139999979364],[-75.14444700063454,39.95585499974821],[-75.14912999953944,39.95619100016046],[-75.14802899950128,39.962264999707756],[-75.14327900061912,39.96139999979364]]]}},{"id":"586","type":"Feature","properties":{"GISJOIN":"G42010100013A","pct_black":71.36},"geometry":{"type":"Polygon","coordinates":[[[-75.14714599982985,39.967125999785814],[-75.14802899950128,39.962264999707756],[-75.15431199954214,39.96261399971467],[-75.15301800028176,39.96854900023163],[-75.14714599982985,39.967125999785814]]]}},{"id":"587","type":"Feature","properties":{"GISJOIN":"G42010100013B","pct_black":67.92},"geometry":{"type":"Polygon","coordinates":[[[-75.14912999953944,39.95619100016046],[-75.15149100026743,39.9568959999164],[-75.1555380000856,39.95692300018149],[-75.15431199954214,39.96261399971467],[-75.14802899950128,39.962264999707756],[-75.14912999953944,39.95619100016046]]]}},{"id":"588","type":"Feature","properties":{"GISJOIN":"G42010100014A","pct_black":89.58},"geometry":{"type":"Polygon","coordinates":[[[-75.15301800028176,39.96854900023163],[-75.15431199954214,39.96261399971467],[-75.16118799971854,39.96342199992854],[-75.15970200014816,39.970202000040246],[-75.15301800028176,39.96854900023163]]]}},{"id":"589","type":"Feature","properties":{"GISJOIN":"G42010100014B","pct_black":32.58},"geometry":{"type":"Polygon","coordinates":[[[-75.1555380000856,39.95692300018149],[-75.16247099969111,39.9578420000607],[-75.16118799971854,39.96342199992854],[-75.15431199954214,39.96261399971467],[-75.1555380000856,39.95692300018149]]]}},{"id":"590","type":"Feature","properties":{"GISJOIN":"G42010100015A","pct_black":58.42},"geometry":{"type":"Polygon","coordinates":[[[-75.15970200014816,39.970202000040246],[-75.16138399997224,39.96247400038046],[-75.16622700041245,39.96311200032619],[-75.16494100047046,39.96906100035026],[-75.16386899942617,39.969668999903284],[-75.16474400062235,39.97043599988413],[-75.1645549997909,39.97081600002117],[-75.15970200014816,39.970202000040246]]]}},{"id":"591","type":"Feature","properties":{"GISJOIN":"G42010100015B","pct_black":6.93},"geometry":{"type":"Polygon","coordinates":[[[-75.16138399997224,39.96247400038046],[-75.16247099969111,39.9578420000607],[-75.17924199960385,39.95993099978782],[-75.17865100037147,39.95764700002633],[-75.17907099966392,39.95612200029296],[-75.17912600033443,39.95800399969626],[-75.1799369997052,39.96002799978844],[-75.18332300009662,39.96437399966059],[-75.1780679998947,39.96467100020871],[-75.16138399997224,39.96247400038046]]]}},{"id":"592","type":"Feature","properties":{"GISJOIN":"G42010100015C","pct_black":60.23},"geometry":{"type":"Polygon","coordinates":[[[-75.16534899966094,39.967149000095645],[-75.17538999998914,39.967344999733726],[-75.17436699945839,39.972035000194154],[-75.1645549997909,39.97081600002117],[-75.16474400062235,39.97043599988413],[-75.16386899942617,39.969668999903284],[-75.16494100047046,39.96906100035026],[-75.16534899966094,39.967149000095645]]]}},{"id":"593","type":"Feature","properties":{"GISJOIN":"G42010100015D","pct_black":2.52},"geometry":{"type":"Polygon","coordinates":[[[-75.17538999998914,39.967344999733726],[-75.1796829994358,39.96741600018639],[-75.17598400057925,39.96420799971915],[-75.1780679998947,39.96467100020871],[-75.18332300009662,39.96437399966059],[-75.18497600009879,39.966128999784715],[-75.19101199992458,39.97003400005062],[-75.1932509400912,39.974217142359095],[-75.17436699945839,39.972035000194154],[-75.17538999998914,39.967344999733726]]]}},{"id":"594","type":"Feature","properties":{"GISJOIN":"G42010100015E","pct_black":17.75},"geometry":{"type":"Polygon","coordinates":[[[-75.16622700041245,39.96311200032619],[-75.17621899943072,39.96440900028258],[-75.1796829994358,39.96741600018639],[-75.16534899966094,39.967149000095645],[-75.16622700041245,39.96311200032619]]]}},{"id":"595","type":"Feature","properties":{"GISJOIN":"G42010100016A","pct_black":10.86},"geometry":{"type":"Polygon","coordinates":[[[-75.12542100055694,39.961960000033734],[-75.13040399964063,39.958736999773144],[-75.1336349998288,39.961295999590234],[-75.1388269997009,39.96312899963072],[-75.14714599982985,39.967125999785814],[-75.14654300007628,39.97037999987934],[-75.13442799983001,39.96879100000858],[-75.13434700004565,39.96447700007296],[-75.12869700020804,39.966977000167255],[-75.12542100055694,39.961960000033734]]]}},{"id":"596","type":"Feature","properties":{"GISJOIN":"G42010100017A","pct_black":6.81},"geometry":{"type":"Polygon","coordinates":[[[-75.13337400027369,39.97408999965869],[-75.13440100051017,39.97230300004216],[-75.13442799983001,39.96879100000858],[-75.14654300007628,39.97037999987934],[-75.14555900001098,39.97563800039241],[-75.13337400027369,39.97408999965869]]]}},{"id":"597","type":"Feature","properties":{"GISJOIN":"G42010100018A","pct_black":0.03},"geometry":{"type":"Polygon","coordinates":[[[-75.11895800012125,39.96553499994973],[-75.12542100055694,39.961960000033734],[-75.12869700020804,39.966977000167255],[-75.13434700004565,39.96447700007296],[-75.13442799983001,39.96879100000858],[-75.12150399975762,39.97320999966399],[-75.12023100041641,39.97238699997713],[-75.12192400023021,39.97072699994146],[-75.12176500042963,39.96914200026506],[-75.11895800012125,39.96553499994973]]]}},{"id":"598","type":"Feature","properties":{"GISJOIN":"G42010100018B","pct_black":0.0},"geometry":{"type":"Polygon","coordinates":[[[-75.13044800006818,39.97858899978088],[-75.12150399975762,39.97320999966399],[-75.13442799983001,39.96879100000858],[-75.13440100051017,39.97230300004216],[-75.13044800006818,39.97858899978088]]]}},{"id":"599","type":"Feature","properties":{"GISJOIN":"G42010100018D","pct_black":0.13},"geometry":{"type":"Polygon","coordinates":[[[-75.1173549999868,39.98148100038808],[-75.10755699973114,39.97053300010113],[-75.11895800012125,39.96553499994973],[-75.12176500042963,39.96914200026506],[-75.12192400023021,39.97072699994146],[-75.12023100041641,39.97238699997713],[-75.12268799964633,39.97395400023691],[-75.1199689999161,39.97591100032368],[-75.1173549999868,39.98148100038808]]]}},{"id":"600","type":"Feature","properties":{"GISJOIN":"G42010100019A","pct_black":4.28},"geometry":{"type":"Polygon","coordinates":[[[-75.12549100002259,39.98983599971827],[-75.13190699962455,39.98630600031524],[-75.13220799937191,39.98474100019569],[-75.13966899993893,39.98580200009316],[-75.13835200049404,39.9918510002061],[-75.12549100002259,39.98983599971827]]]}},{"id":"601","type":"Feature","properties":{"GISJOIN":"G42010100019B","pct_black":15.51},"geometry":{"type":"Polygon","coordinates":[[[-75.13966899993893,39.98580200009316],[-75.14512599960744,39.986485000170475],[-75.14830500008208,39.990967999776906],[-75.1478869997749,39.99307799966956],[-75.13835200049404,39.9918510002061],[-75.13966899993893,39.98580200009316]]]}},{"id":"602","type":"Feature","properties":{"GISJOIN":"G42010100019C","pct_black":2.17},"geometry":{"type":"Polygon","coordinates":[[[-75.13044800006818,39.97858899978088],[-75.13337400027369,39.97408999965869],[-75.13971499966169,39.974896999839466],[-75.1381369995707,39.982312000198114],[-75.13288100029561,39.98163099977705],[-75.13318999950225,39.980134000221575],[-75.13044800006818,39.97858899978088]]]}},{"id":"603","type":"Feature","properties":{"GISJOIN":"G42010100019D","pct_black":11.17},"geometry":{"type":"Polygon","coordinates":[[[-75.13220799937191,39.98474100019569],[-75.13288100029561,39.98163099977705],[-75.14416900026214,39.98309199976554],[-75.14419599963956,39.98523099990939],[-75.14512599960744,39.986485000170475],[-75.13220799937191,39.98474100019569]]]}},{"id":"604","type":"Feature","properties":{"GISJOIN":"G42010100019E","pct_black":11.03},"geometry":{"type":"Polygon","coordinates":[[[-75.13971499966169,39.974896999839466],[-75.14555900001098,39.97563800039241],[-75.14416900026214,39.98309199976554],[-75.1381369995707,39.982312000198114],[-75.13971499966169,39.974896999839466]]]}},{"id":"605","type":"Feature","properties":{"GISJOIN":"G42010100020A","pct_black":79.82},"geometry":{"type":"Polygon","coordinates":[[[-75.14415399953558,39.98472399993697],[-75.1450099999231,39.97859700006786],[-75.15223499993742,39.979530999661904],[-75.15091299985386,39.98559699993175],[-75.14415399953558,39.98472399993697]]]}},{"id":"606","type":"Feature","properties":{"GISJOIN":"G42010100020B","pct_black":96.27},"geometry":{"type":"Polygon","coordinates":[[[-75.1506609995522,39.97932499995898],[-75.15218799986228,39.97231800031826],[-75.15905599977314,39.97320499963554],[-75.15758099951692,39.980222999891566],[-75.1506609995522,39.97932499995898]]]}},{"id":"607","type":"Feature","properties":{"GISJOIN":"G42010100020D","pct_black":61.98},"geometry":{"type":"Polygon","coordinates":[[[-75.14608200003634,39.97283299973286],[-75.14714599982985,39.967125999785814],[-75.15970200014816,39.970202000040246],[-75.15905599977314,39.97320499963554],[-75.15218799986228,39.97231800031826],[-75.15191499955947,39.97358799953447],[-75.14608200003634,39.97283299973286]]]}},{"id":"608","type":"Feature","properties":{"GISJOIN":"G42010100020E","pct_black":61.18},"geometry":{"type":"Polygon","coordinates":[[[-75.1450099999231,39.97859700006786],[-75.14608200003634,39.97283299973286],[-75.15191499955947,39.97358799953447],[-75.1506609995522,39.97932499995898],[-75.1450099999231,39.97859700006786]]]}},{"id":"609","type":"Feature","properties":{"GISJOIN":"G42010100021A","pct_black":0.64},"geometry":{"type":"Polygon","coordinates":[[[-75.18166799962604,40.02565700002193],[-75.19040099966061,40.02229399980476],[-75.20113699996679,40.012958000442175],[-75.20613900040156,40.01475299993346],[-75.20242200029836,40.01580399993595],[-75.19763600030832,40.02146099976655],[-75.19277900000931,40.02427500043548],[-75.19323100054764,40.02499600000543],[-75.18914700052837,40.0273619999503],[-75.18673999995045,40.027996999572075],[-75.18601200021386,40.027572999754796],[-75.18546300056714,40.028874999812764],[-75.18166799962604,40.02565700002193]]]}},{"id":"610","type":"Feature","properties":{"GISJOIN":"G42010100021B","pct_black":0.62},"geometry":{"type":"Polygon","coordinates":[[[-75.21000190618527,40.04971613574019],[-75.19329000006316,40.03552000021323],[-75.18906300022311,40.03190500040762],[-75.19072300006717,40.03124600008728],[-75.19185899985023,40.03208199979704],[-75.19334300017015,40.03206300041082],[-75.1971210002624,40.033375000250224],[-75.19891800058038,40.03897299974999],[-75.20035899979116,40.03747699979337],[-75.20284600020881,40.03950300037743],[-75.20316399989314,40.037634999633],[-75.20554600014194,40.03905700020036],[-75.20504700017952,40.04312300040392],[-75.20701600036358,40.04160000042736],[-75.20817300021663,40.041989999901794],[-75.2099399996753,40.044635999888456],[-75.20986000001452,40.04610800043771],[-75.20886400008281,40.04625799999254],[-75.21019699981973,40.04754099964822],[-75.21000190618527,40.04971613574019]]]}},{"id":"611","type":"Feature","properties":{"GISJOIN":"G42010100021C","pct_black":0.0},"geometry":{"type":"Polygon","coordinates":[[[-75.22538006782047,40.06235313669319],[-75.2100105114615,40.049771935672545],[-75.21019699981973,40.04754099964822],[-75.20886400008281,40.04625799999254],[-75.20986000001452,40.04610800043771],[-75.2099399996753,40.044635999888456],[-75.20817300021663,40.041989999901794],[-75.20701600036358,40.04160000042736],[-75.20504700017952,40.04312300040392],[-75.20554600014194,40.03905700020036],[-75.20316399989314,40.037634999633],[-75.20284600020881,40.03950300037743],[-75.20035899979116,40.03747699979337],[-75.19891800058038,40.03897299974999],[-75.1971210002624,40.033375000250224],[-75.19334300017015,40.03206300041082],[-75.19185899985023,40.03208199979704],[-75.19072300006717,40.03124600008728],[-75.18906300022311,40.03190500040762],[-75.18546300056714,40.028874999812764],[-75.18601200021386,40.027572999754796],[-75.18673999995045,40.027996999572075],[-75.18914700052837,40.0273619999503],[-75.19323100054764,40.02499600000543],[-75.19277900000931,40.02427500043548],[-75.19763600030832,40.02146099976655],[-75.20242200029836,40.01580399993595],[-75.2059710004927,40.01498599998283],[-75.2011009445778,40.01297829406443],[-75.20354337079269,40.01038812203617],[-75.20800799978231,40.012997000394],[-75.20690299977652,40.0149579996562],[-75.20722099960179,40.016673000043],[-75.20405500015114,40.01727299969657],[-75.20339199995176,40.01824199988894],[-75.20447900012994,40.02094199991719],[-75.20397599974874,40.02322699959666],[-75.20249600050029,40.02560900033837],[-75.20400600017474,40.026441000094216],[-75.20561600016093,40.02866099963947],[-75.20340699945507,40.029561000109425],[-75.20556900045777,40.03251400042454],[-75.2077150003776,40.031573000182696],[-75.21001400019341,40.03708499962987],[-75.2169230006496,40.04224899972766],[-75.21784600026211,40.04434300027045],[-75.2179000001267,40.04741599968195],[-75.2187059997171,40.048509999919034],[-75.2271609998977,40.05253400010301],[-75.23122299971176,40.05370299966538],[-75.22940699983363,40.05462399988648],[-75.22981500021497,40.055776000026505],[-75.22883799994365,40.056168000004554],[-75.22944999948251,40.05666599985946],[-75.22856100027805,40.0572650001561],[-75.23015600032357,40.05955000036074],[-75.2284930001287,40.06033099958262],[-75.22699100051516,40.05889899994091],[-75.22494999989684,40.05986599987974],[-75.2264119996819,40.06198700037762],[-75.22538006782047,40.06235313669319]]]}},{"id":"612","type":"Feature","properties":{"GISJOIN":"G42010100021D","pct_black":0.4},"geometry":{"type":"Polygon","coordinates":[[[-75.22538006782047,40.06235313669319],[-75.2264119996819,40.06198700037762],[-75.22494999989684,40.05986599987974],[-75.22699100051516,40.05889899994091],[-75.2284930001287,40.06033099958262],[-75.23015600032357,40.05955000036074],[-75.22856100027805,40.0572650001561],[-75.22944999948251,40.05666599985946],[-75.22883799994365,40.056168000004554],[-75.22981500021497,40.055776000026505],[-75.22940699983363,40.05462399988648],[-75.23122299971176,40.05370299966538],[-75.2271609998977,40.05253400010301],[-75.23541899996634,40.04877499980121],[-75.23632800033425,40.05137200040616],[-75.23604200000383,40.056710999906],[-75.23818199987309,40.05977099979782],[-75.23172400017066,40.06409900036167],[-75.23243900034937,40.06473900000835],[-75.2300819994348,40.06629999997351],[-75.22538006782047,40.06235313669319]]]}},{"id":"613","type":"Feature","properties":{"GISJOIN":"G42010100021F","pct_black":0.09},"geometry":{"type":"Polygon","coordinates":[[[-75.2300819994348,40.06629999997351],[-75.23243900034937,40.06473900000835],[-75.23172400017066,40.06409900036167],[-75.23818199987309,40.05977099979782],[-75.2395450006241,40.06297699979404],[-75.24083899987426,40.069818999886216],[-75.24328800062558,40.073493999837744],[-75.24086900031183,40.07583000002648],[-75.23793835082932,40.07268689111677],[-75.2300819994348,40.06629999997351]]]}},{"id":"614","type":"Feature","properties":{"GISJOIN":"G42010100021H","pct_black":0.89},"geometry":{"type":"Polygon","coordinates":[[[-75.23818199987309,40.05977099979782],[-75.25389099987386,40.048867000154274],[-75.25373400015154,40.04737699971713],[-75.25509800012138,40.0461220003626],[-75.25962100022964,40.04923799978589],[-75.26443099983148,40.0540940002073],[-75.24328800062558,40.073493999837744],[-75.24083899987426,40.069818999886216],[-75.2395450006241,40.06297699979404],[-75.23818199987309,40.05977099979782]]]}},{"id":"615","type":"Feature","properties":{"GISJOIN":"G42010100021J","pct_black":0.18},"geometry":{"type":"Polygon","coordinates":[[[-75.23541899996634,40.04877499980121],[-75.24348300016996,40.045379000416325],[-75.2491809998523,40.04195099998045],[-75.25509800012138,40.0461220003626],[-75.25373400015154,40.04737699971713],[-75.25389099987386,40.048867000154274],[-75.23818199987309,40.05977099979782],[-75.23604200000383,40.056710999906],[-75.23632800033425,40.05137200040616],[-75.23541899996634,40.04877499980121]]]}},{"id":"616","type":"Feature","properties":{"GISJOIN":"G42010100021K","pct_black":0.0},"geometry":{"type":"Polygon","coordinates":[[[-75.2262669996896,40.042401000313006],[-75.23806000054493,40.032136000155056],[-75.24297899955918,40.03622499964345],[-75.24579700028006,40.03727799973073],[-75.2470000000975,40.03973799981747],[-75.2491809998523,40.04195099998045],[-75.24348300016996,40.045379000416325],[-75.23541899996634,40.04877499980121],[-75.2347979997396,40.047585999809556],[-75.23245000016105,40.045571000411805],[-75.2262669996896,40.042401000313006]]]}},{"id":"617","type":"Feature","properties":{"GISJOIN":"G42010100021L","pct_black":0.06},"geometry":{"type":"Polygon","coordinates":[[[-75.21302600051285,40.039411999894455],[-75.21875899968965,40.03665400040003],[-75.22205199995577,40.03777499956192],[-75.2263760001487,40.04251199969976],[-75.23245000016105,40.045571000411805],[-75.2347979997396,40.047585999809556],[-75.23541899996634,40.04877499980121],[-75.2271609998977,40.05253400010301],[-75.21850699972565,40.04833500008299],[-75.21782699968018,40.04709999953553],[-75.21733499980562,40.042836000029475],[-75.21302600051285,40.039411999894455]]]}},{"id":"618","type":"Feature","properties":{"GISJOIN":"G42010100021N","pct_black":1.72},"geometry":{"type":"Polygon","coordinates":[[[-75.21875899968965,40.03665400040003],[-75.22584899950094,40.03350600035949],[-75.22465699968406,40.03189899979744],[-75.23200499967697,40.02822799973163],[-75.23806000054493,40.032136000155056],[-75.2262669996896,40.042401000313006],[-75.22280800021397,40.03811200030739],[-75.21875899968965,40.03665400040003]]]}},{"id":"619","type":"Feature","properties":{"GISJOIN":"G42010100021Q","pct_black":0.47},"geometry":{"type":"Polygon","coordinates":[[[-75.2077150003776,40.031573000182696],[-75.21130799993027,40.02996999965178],[-75.21875899968965,40.03665400040003],[-75.21302600051285,40.039411999894455],[-75.2096369998653,40.0365740000314],[-75.2077150003776,40.031573000182696]]]}},{"id":"620","type":"Feature","properties":{"GISJOIN":"G42010100021R","pct_black":1.38},"geometry":{"type":"Polygon","coordinates":[[[-75.21130799993027,40.02996999965178],[-75.2166319999628,40.027601999781986],[-75.22239100026862,40.03305199978114],[-75.22465699968406,40.03189899979744],[-75.22584899950094,40.03350600035949],[-75.21875899968965,40.03665400040003],[-75.21130799993027,40.02996999965178]]]}},{"id":"621","type":"Feature","properties":{"GISJOIN":"G42010100021S","pct_black":9.74},"geometry":{"type":"Polygon","coordinates":[[[-75.2166319999628,40.027601999781986],[-75.22060399974248,40.025743000110644],[-75.22102700027743,40.02622799962015],[-75.22225099949709,40.02571499992967],[-75.22366999943083,40.02363300020639],[-75.23250200028795,40.02833500000336],[-75.22239100026862,40.03305199978114],[-75.2166319999628,40.027601999781986]]]}},{"id":"622","type":"Feature","properties":{"GISJOIN":"G42010100021T","pct_black":1.4},"geometry":{"type":"Polygon","coordinates":[[[-75.20773200023748,40.023783000429155],[-75.20921300023561,40.021899000155564],[-75.21208000006902,40.02067499977788],[-75.21275000011642,40.021541000110105],[-75.21484099997836,40.02059399995725],[-75.21446700030512,40.02013299988277],[-75.21566999942316,40.01888599995048],[-75.21848800047259,40.02125799994946],[-75.22220499993438,40.02254199974305],[-75.22366999943083,40.02363300020639],[-75.22225099949709,40.02571499992967],[-75.22102700027743,40.02622799962015],[-75.22060399974248,40.025743000110644],[-75.21130799993027,40.02996999965178],[-75.20773200023748,40.023783000429155]]]}},{"id":"623","type":"Feature","properties":{"GISJOIN":"G42010100021U","pct_black":0.0},"geometry":{"type":"Polygon","coordinates":[[[-75.20405700026028,40.02021299977784],[-75.20759500014132,40.019535999999405],[-75.20750100005918,40.023327999577916],[-75.21130799993027,40.02996999965178],[-75.20556900045777,40.03251400042454],[-75.20340699945507,40.029561000109425],[-75.20561600016093,40.02866099963947],[-75.20400600017474,40.026441000094216],[-75.20249600050029,40.02560900033837],[-75.20397599974874,40.02322699959666],[-75.20447900012994,40.02094199991719],[-75.20405700026028,40.02021299977784]]]}},{"id":"624","type":"Feature","properties":{"GISJOIN":"G42010100021V","pct_black":0.15},"geometry":{"type":"Polygon","coordinates":[[[-75.20405700026028,40.02021299977784],[-75.20339199995176,40.01824199988894],[-75.20405500015114,40.01727299969657],[-75.20722099960179,40.016673000043],[-75.20690299977652,40.0149579996562],[-75.20800799978231,40.012997000394],[-75.2110129996017,40.0141799996283],[-75.21566999942316,40.01888599995048],[-75.21446700030512,40.02013299988277],[-75.21484099997836,40.02059399995725],[-75.21275000011642,40.021541000110105],[-75.21208000006902,40.02067499977788],[-75.20921300023561,40.021899000155564],[-75.20773200023748,40.023783000429155],[-75.20759500014132,40.019535999999405],[-75.20405700026028,40.02021299977784]]]}},{"id":"625","type":"Feature","properties":{"GISJOIN":"G42010100022A","pct_black":25.81},"geometry":{"type":"Polygon","coordinates":[[[-75.15888899980972,40.0557679997388],[-75.15753800034342,40.05487599999761],[-75.15813199951069,40.046417999710194],[-75.16452899958897,40.0503060003111],[-75.15888899980972,40.0557679997388]]]}},{"id":"626","type":"Feature","properties":{"GISJOIN":"G42010100022B","pct_black":31.45},"geometry":{"type":"Polygon","coordinates":[[[-75.16460200013569,40.059043999780414],[-75.15888899980972,40.0557679997388],[-75.16770099937901,40.0472450002976],[-75.17065700004842,40.04916299991344],[-75.1717549996331,40.04835899957051],[-75.17325999976968,40.050666999841425],[-75.16460200013569,40.059043999780414]]]}},{"id":"627","type":"Feature","properties":{"GISJOIN":"G42010100022C","pct_black":21.04},"geometry":{"type":"Polygon","coordinates":[[[-75.16460200013569,40.059043999780414],[-75.17325999976968,40.050666999841425],[-75.17719299994941,40.053080000226764],[-75.1686410003878,40.06137299988791],[-75.16460200013569,40.059043999780414]]]}},{"id":"628","type":"Feature","properties":{"GISJOIN":"G42010100022D","pct_black":26.26},"geometry":{"type":"Polygon","coordinates":[[[-75.17652600026076,40.06589600033032],[-75.1686410003878,40.06137299988791],[-75.17574300001532,40.05457700018858],[-75.18336600031607,40.05921999979992],[-75.17652600026076,40.06589600033032]]]}},{"id":"629","type":"Feature","properties":{"GISJOIN":"G42010100022E","pct_black":8.39},"geometry":{"type":"Polygon","coordinates":[[[-75.17652600026076,40.06589600033032],[-75.18730600048451,40.05548399972291],[-75.18837799982414,40.05743600028676],[-75.19105400005611,40.06017600005982],[-75.18175099963551,40.06890200023201],[-75.17652600026076,40.06589600033032]]]}},{"id":"630","type":"Feature","properties":{"GISJOIN":"G42010100022F","pct_black":0.03},"geometry":{"type":"Polygon","coordinates":[[[-75.18920599934147,40.073163000237386],[-75.18175099963551,40.06890200023201],[-75.19105400005611,40.06017600005982],[-75.19415400006801,40.06437600025322],[-75.19602199967139,40.06540099953043],[-75.1963850006229,40.06662299973613],[-75.18920599934147,40.073163000237386]]]}},{"id":"631","type":"Feature","properties":{"GISJOIN":"G42010100022G","pct_black":0.23},"geometry":{"type":"Polygon","coordinates":[[[-75.18920599934147,40.073163000237386],[-75.1963850006229,40.06662299973613],[-75.1998549997146,40.069620000255554],[-75.20265100010838,40.073211999946224],[-75.2008780001778,40.074957999680535],[-75.19949600032909,40.07546999987168],[-75.1976090000861,40.07797699971525],[-75.18920599934147,40.073163000237386]]]}},{"id":"632","type":"Feature","properties":{"GISJOIN":"G42010100022H","pct_black":0.13},"geometry":{"type":"Polygon","coordinates":[[[-75.1976090000861,40.07797699971525],[-75.19949600032909,40.07546999987168],[-75.2008780001778,40.074957999680535],[-75.20265100010838,40.073211999946224],[-75.2049019999961,40.075121999582365],[-75.21063800046883,40.07799000040489],[-75.20804300013393,40.080556999566305],[-75.20827900036724,40.0812769996995],[-75.2063229999563,40.082969000152374],[-75.1976090000861,40.07797699971525]]]}},{"id":"633","type":"Feature","properties":{"GISJOIN":"G42010100022I","pct_black":2.01},"geometry":{"type":"Polygon","coordinates":[[[-75.21239599987393,40.08598099966774],[-75.2063229999563,40.082969000152374],[-75.20827900036724,40.0812769996995],[-75.20804300013393,40.080556999566305],[-75.21063800046883,40.07799000040489],[-75.21746300048149,40.08057499973699],[-75.2198069994771,40.08208399999454],[-75.21717999945986,40.08457800010319],[-75.2152549998524,40.08521400025662],[-75.21358200001602,40.087153000242566],[-75.21239599987393,40.08598099966774]]]}},{"id":"634","type":"Feature","properties":{"GISJOIN":"G42010100022J","pct_black":1.08},"geometry":{"type":"Polygon","coordinates":[[[-75.22360600050149,40.0928890001179],[-75.21358200001602,40.087153000242566],[-75.2152549998524,40.08521400025662],[-75.21717999945986,40.08457800010319],[-75.2198069994771,40.08208399999454],[-75.22401200005314,40.08421799990704],[-75.22773599981045,40.08417699989482],[-75.23050000046146,40.08602200044596],[-75.22360600050149,40.0928890001179]]]}},{"id":"635","type":"Feature","properties":{"GISJOIN":"G42010100022K","pct_black":71.48},"geometry":{"type":"Polygon","coordinates":[[[-75.17574300001532,40.05457700018858],[-75.17719299994941,40.053080000226764],[-75.17798299995549,40.05355999957532],[-75.1833980001224,40.048253999947086],[-75.18730600048451,40.05548399972291],[-75.18336600031607,40.05921999979992],[-75.17574300001532,40.05457700018858]]]}},{"id":"636","type":"Feature","properties":{"GISJOIN":"G42010100022L","pct_black":56.39},"geometry":{"type":"Polygon","coordinates":[[[-75.17798299995549,40.05355999957532],[-75.17288799991175,40.05043099986264],[-75.17072499980765,40.04615100000118],[-75.17775699969312,40.039401000163025],[-75.18125700054229,40.04373199988459],[-75.1833980001224,40.048253999947086],[-75.17798299995549,40.05355999957532]]]}},{"id":"637","type":"Feature","properties":{"GISJOIN":"G42010100022M","pct_black":7.6},"geometry":{"type":"Polygon","coordinates":[[[-75.16165599938212,40.04855900012144],[-75.16720699970777,40.04314899986167],[-75.17013400048738,40.04491899965597],[-75.1717549996331,40.04835899957051],[-75.17065700004842,40.04916299991344],[-75.16770099937901,40.0472450002976],[-75.16452899958897,40.0503060003111],[-75.16165599938212,40.04855900012144]]]}},{"id":"638","type":"Feature","properties":{"GISJOIN":"G42010100022N","pct_black":12.97},"geometry":{"type":"Polygon","coordinates":[[[-75.15813199951069,40.046417999710194],[-75.15834099976732,40.04202099970736],[-75.16275199978003,40.03749900009342],[-75.16480900020929,40.036451999739796],[-75.17037699985985,40.03692099983195],[-75.17179199963104,40.03763200016779],[-75.17212399950179,40.038896999814156],[-75.17057599981273,40.04092300036039],[-75.16949199969382,40.0445310000527],[-75.16720699970777,40.04314899986167],[-75.16165599938212,40.04855900012144],[-75.15813199951069,40.046417999710194]]]}},{"id":"639","type":"Feature","properties":{"GISJOIN":"G42010100022O","pct_black":50.01},"geometry":{"type":"Polygon","coordinates":[[[-75.16949199969382,40.0445310000527],[-75.17057599981273,40.04092300036039],[-75.17212399950179,40.038896999814156],[-75.17193999997104,40.03786999955291],[-75.17037699985985,40.03692099983195],[-75.16480900020929,40.036451999739796],[-75.16921099948718,40.03231400004147],[-75.17472400040188,40.035819999995205],[-75.17775699969312,40.039401000163025],[-75.17072499980765,40.04615100000118],[-75.16949199969382,40.0445310000527]]]}},{"id":"640","type":"Feature","properties":{"GISJOIN":"G42010100022P","pct_black":21.59},"geometry":{"type":"Polygon","coordinates":[[[-75.1576339997624,40.03140900021775],[-75.15903299977636,40.03031599982795],[-75.15955100025609,40.023924999669546],[-75.16005300022415,40.02602299978543],[-75.16142500030496,40.02776399974172],[-75.16921099948718,40.03231400004147],[-75.16501099974606,40.036304000267705],[-75.16275199978003,40.03749900009342],[-75.15834099976732,40.04202099970736],[-75.15836299998558,40.0363459996123],[-75.15960100018512,40.035136999971925],[-75.15763999986683,40.03320599961792],[-75.1576339997624,40.03140900021775]]]}},{"id":"641","type":"Feature","properties":{"GISJOIN":"G42010100023A","pct_black":0.1},"geometry":{"type":"Polygon","coordinates":[[[-75.0522249998364,40.00546000021458],[-75.05371199985395,40.00407800031533],[-75.05845699940065,40.00498800007151],[-75.05822599967807,40.00541199991778],[-75.06169000046216,40.00678600034484],[-75.06291499983105,40.006104999638886],[-75.065901000478,40.00603800023166],[-75.06769599943206,40.0053330002146],[-75.0695080005842,40.01079799969704],[-75.06133899997438,40.01276399957024],[-75.06147099996423,40.01169700041941],[-75.06065000014667,40.01111400041723],[-75.05844700044719,40.012424999671126],[-75.0522249998364,40.00546000021458]]]}},{"id":"642","type":"Feature","properties":{"GISJOIN":"G42010100023B","pct_black":0.0},"geometry":{"type":"Polygon","coordinates":[[[-75.06908700040638,40.02190399970494],[-75.06133899997438,40.01276399957024],[-75.0695080005842,40.01079799969704],[-75.07257499987094,40.01886799959254],[-75.07337999945116,40.01965399983598],[-75.06908700040638,40.02190399970494]]]}},{"id":"643","type":"Feature","properties":{"GISJOIN":"G42010100023D","pct_black":0.0},"geometry":{"type":"Polygon","coordinates":[[[-75.07548800027597,40.0270710001578],[-75.0733639995647,40.02536900016434],[-75.07941399945885,40.02138700035467],[-75.08028100040245,40.02186599962406],[-75.08130900029165,40.020759999897],[-75.09056299980645,40.02579099984075],[-75.08469099965652,40.03176499974541],[-75.07721399953373,40.02749099993236],[-75.07548800027597,40.0270710001578]]]}},{"id":"644","type":"Feature","properties":{"GISJOIN":"G42010100023E","pct_black":0.12},"geometry":{"type":"Polygon","coordinates":[[[-75.08130900029165,40.020759999897],[-75.0863820003087,40.015256999618295],[-75.0944099995671,40.01953399953239],[-75.09589699971977,40.019603999772066],[-75.09056299980645,40.02579099984075],[-75.08130900029165,40.020759999897]]]}},{"id":"645","type":"Feature","properties":{"GISJOIN":"G42010100023F","pct_black":0.44},"geometry":{"type":"Polygon","coordinates":[[[-75.0944099995671,40.01953399953239],[-75.0855189995247,40.014786999733566],[-75.0896580000226,40.00946599985708],[-75.09249399960879,40.007975999632876],[-75.09499500046174,40.00998400016265],[-75.0934359995356,40.01321900033273],[-75.09466200047596,40.0150669999816],[-75.09704000003947,40.01601799982669],[-75.09691499981349,40.018256000015064],[-75.09589699971977,40.019603999772066],[-75.0944099995671,40.01953399953239]]]}},{"id":"646","type":"Feature","properties":{"GISJOIN":"G42010100023G","pct_black":19.35},"geometry":{"type":"Polygon","coordinates":[[[-75.06908700040638,40.02190399970494],[-75.07333399997385,40.01970899968499],[-75.07583900013212,40.01613700006408],[-75.08085699958451,40.01190300005129],[-75.0863820003087,40.015256999618295],[-75.08028100040245,40.02186599962406],[-75.07941399945885,40.02138700035467],[-75.0733639995647,40.02536900016434],[-75.06908700040638,40.02190399970494]]]}},{"id":"647","type":"Feature","properties":{"GISJOIN":"G42010100023H","pct_black":4.16},"geometry":{"type":"Polygon","coordinates":[[[-75.0695080005842,40.01079799969704],[-75.07844800005907,40.00858599987603],[-75.07874899988735,40.00987800006866],[-75.08085699958451,40.01190300005129],[-75.07583900013212,40.01613700006408],[-75.07337999945116,40.01965399983598],[-75.07257499987094,40.01886799959254],[-75.0695080005842,40.01079799969704]]]}},{"id":"648","type":"Feature","properties":{"GISJOIN":"G42010100023I","pct_black":8.81},"geometry":{"type":"Polygon","coordinates":[[[-75.08085699958451,40.01190300005129],[-75.07874899988735,40.00987800006866],[-75.07844800005907,40.00858599987603],[-75.08655000018715,40.00646300016878],[-75.09002799946191,40.00426399978655],[-75.09205699950436,40.00493699987176],[-75.09277000048813,40.00578000035373],[-75.09201100038442,40.00719900002347],[-75.09249399960879,40.007975999632876],[-75.0896580000226,40.00946599985708],[-75.0855189995247,40.014786999733566],[-75.08085699958451,40.01190300005129]]]}},{"id":"649","type":"Feature","properties":{"GISJOIN":"G42010100023J","pct_black":0.14},"geometry":{"type":"Polygon","coordinates":[[[-75.07736299982494,40.00356000016714],[-75.07979600050099,39.99966700027518],[-75.08183499981388,39.999419000027494],[-75.08178500027212,39.99860199974086],[-75.08407699969688,39.996855999646634],[-75.0865049998873,39.99882500040898],[-75.08808099976164,40.003153999721796],[-75.09002799946191,40.00426399978655],[-75.08655000018715,40.00646300016878],[-75.07844800005907,40.00858599987603],[-75.07736299982494,40.00356000016714]]]}},{"id":"650","type":"Feature","properties":{"GISJOIN":"G42010100023K","pct_black":0.0},"geometry":{"type":"Polygon","coordinates":[[[-75.06769599943206,40.0053330002146],[-75.07456800039432,40.00342699998355],[-75.07514600010978,40.00285400015263],[-75.07618100019027,40.00314900031134],[-75.07736299982494,40.00356000016714],[-75.07844800005907,40.00858599987603],[-75.0695080005842,40.01079799969704],[-75.06769599943206,40.0053330002146]]]}},{"id":"651","type":"Feature","properties":{"GISJOIN":"G42010100024A","pct_black":0.8},"geometry":{"type":"Polygon","coordinates":[[[-75.21799400030679,39.99422299999816],[-75.22069600035809,40.00392399979722],[-75.20939499954196,40.0089909999369],[-75.20770799962897,40.008494000144296],[-75.2059640000812,40.009350999905486],[-75.20315599965535,40.00825599963892],[-75.20686799965809,40.00694400001047],[-75.20157699981338,40.00453300036245],[-75.20357900032329,40.00075500020737],[-75.20436999988769,40.001037999867854],[-75.20621700026015,40.000418999704614],[-75.20796699956722,39.99810200030326],[-75.2108439997199,39.99851100008365],[-75.21096099987997,39.9979350000116],[-75.21238100003967,39.99718799967808],[-75.21599100030808,39.996055999934775],[-75.21799400030679,39.99422299999816]]]}},{"id":"652","type":"Feature","properties":{"GISJOIN":"G42010100024B","pct_black":0.0},"geometry":{"type":"Polygon","coordinates":[[[-75.20354337079269,40.01038812203617],[-75.19280999945946,40.00673299983436],[-75.19131999952832,40.00371500037292],[-75.19175400004224,39.99974800041895],[-75.19398599992448,39.99536499954031],[-75.20110700009616,39.987634999846684],[-75.20408400058967,39.98585599975719],[-75.20441700028636,39.98316899971902],[-75.2018309994523,39.98035699998913],[-75.19398500043091,39.976132000526356],[-75.19372400005851,39.9752850003702],[-75.20371999995722,39.97418200038277],[-75.21346900034254,39.97779100013095],[-75.21370499977701,39.97862100033999],[-75.21799400030679,39.99422299999816],[-75.21599100030808,39.996055999934775],[-75.21238100003967,39.99718799967808],[-75.21096099987997,39.9979350000116],[-75.2108439997199,39.99851100008365],[-75.20796699956722,39.99810200030326],[-75.20621700026015,40.000418999704614],[-75.20436999988769,40.001037999867854],[-75.20357900032329,40.00075500020737],[-75.20157699981338,40.00453300036245],[-75.20686799965809,40.00694400001047],[-75.20315599965535,40.00825599963892],[-75.2059640000812,40.009350999905486],[-75.20770799962897,40.008494000144296],[-75.20849299971415,40.008939999589984],[-75.2104709993671,40.008694000320766],[-75.20724099982752,40.01021600041266],[-75.20729199956806,40.011104999575245],[-75.20628600061755,40.01192299978148],[-75.20354337079269,40.01038812203617]]]}},{"id":"653","type":"Feature","properties":{"GISJOIN":"G42010100024C","pct_black":92.69},"geometry":{"type":"Polygon","coordinates":[[[-75.2037220004014,39.97092899963683],[-75.20234200034021,39.96313700002318],[-75.21133399953435,39.96872600020207],[-75.21214799958945,39.97301200026436],[-75.2037220004014,39.97092899963683]]]}},{"id":"654","type":"Feature","properties":{"GISJOIN":"G42010100024D","pct_black":96.16},"geometry":{"type":"Polygon","coordinates":[[[-75.19531000020996,39.96804500007224],[-75.19429700024467,39.96260700042848],[-75.20223499959391,39.96164299972959],[-75.2037220004014,39.97092899963683],[-75.19531000020996,39.96804500007224]]]}},{"id":"655","type":"Feature","properties":{"GISJOIN":"G42010100024E","pct_black":91.46},"geometry":{"type":"Polygon","coordinates":[[[-75.18741500017632,39.96336700035464],[-75.19429700024467,39.96260700042848],[-75.19531000020996,39.96804500007224],[-75.18875899962362,39.965780999593285],[-75.18773400023602,39.964825000429066],[-75.18741500017632,39.96336700035464]]]}},{"id":"656","type":"Feature","properties":{"GISJOIN":"G42010100024F","pct_black":50.18},"geometry":{"type":"Polygon","coordinates":[[[-75.18722799978383,39.95531499992279],[-75.19415199947548,39.95618000019072],[-75.19357399975085,39.95868900009266],[-75.19429700024467,39.96260700042848],[-75.18741500017632,39.96336700035464],[-75.18703300061888,39.961284999827285],[-75.18764899997883,39.96054800017172],[-75.18821099956429,39.95572100027254],[-75.18722799978383,39.95531499992279]]]}},{"id":"657","type":"Feature","properties":{"GISJOIN":"G42010100024G","pct_black":97.94},"geometry":{"type":"Polygon","coordinates":[[[-75.20236000055749,39.96285900005519],[-75.20195300035137,39.9571490002185],[-75.21401799965928,39.95864300017913],[-75.21306000053318,39.96257700016291],[-75.20897600041512,39.96231099971433],[-75.20236000055749,39.96285900005519]]]}},{"id":"658","type":"Feature","properties":{"GISJOIN":"G42010100024H","pct_black":96.17},"geometry":{"type":"Polygon","coordinates":[[[-75.20234200034021,39.96313700002318],[-75.20897600041512,39.96231099971433],[-75.2105599994029,39.96257100022907],[-75.21133399953435,39.96872600020207],[-75.20234200034021,39.96313700002318]]]}},{"id":"659","type":"Feature","properties":{"GISJOIN":"G42010100024I","pct_black":78.89},"geometry":{"type":"Polygon","coordinates":[[[-75.19415199947548,39.95618000019072],[-75.20195300035137,39.9571490002185],[-75.20223499959391,39.96164299972959],[-75.19429700024467,39.96260700042848],[-75.19357399975085,39.95868900009266],[-75.19415199947548,39.95618000019072]]]}},{"id":"660","type":"Feature","properties":{"GISJOIN":"G42010100024J","pct_black":72.21},"geometry":{"type":"Polygon","coordinates":[[[-75.19880900006689,39.97472199983433],[-75.19856899968812,39.97277000040381],[-75.19906500006039,39.9722519997166],[-75.20179399967745,39.97118500008781],[-75.20451000013458,39.971069999985936],[-75.21214799958945,39.97301200026436],[-75.21346900034254,39.97779100013095],[-75.20371999995722,39.97418200038277],[-75.19880900006689,39.97472199983433]]]}},{"id":"661","type":"Feature","properties":{"GISJOIN":"G42010100024K","pct_black":null},"geometry":{"type":"Polygon","coordinates":[[[-75.19372400005851,39.9752850003702],[-75.19101199992458,39.97003400005062],[-75.18497600009879,39.966128999784715],[-75.1799369997052,39.96002799978844],[-75.17912600033443,39.95800399969626],[-75.17907099966392,39.95612200029296],[-75.17976800050342,39.955992999752105],[-75.18022300036212,39.95447199965182],[-75.18821099956429,39.95572100027254],[-75.18764899997883,39.96054800017172],[-75.18703300061888,39.961284999827285],[-75.18773400023602,39.964825000429066],[-75.18875899962362,39.965780999593285],[-75.2037220004014,39.97092899963683],[-75.1988170005161,39.972433999760256],[-75.19880900006689,39.97472199983433],[-75.19372400005851,39.9752850003702]]]}},{"id":"662","type":"Feature","properties":{"GISJOIN":"G42010100025A","pct_black":0.0},"geometry":{"type":"Polygon","coordinates":[[[-75.10970900008917,39.992333999934324],[-75.12150999989666,39.98616499991319],[-75.12549100002259,39.98983599971827],[-75.11338699946887,39.996493000010254],[-75.10970900008917,39.992333999934324]]]}},{"id":"663","type":"Feature","properties":{"GISJOIN":"G42010100025B","pct_black":4.9},"geometry":{"type":"Polygon","coordinates":[[[-75.10591500010709,39.98803700045164],[-75.11525100054108,39.98315699984443],[-75.11560499995869,39.98355100013387],[-75.1173549999868,39.98148100038808],[-75.12150999989666,39.98616499991319],[-75.10952799992407,39.99212300032367],[-75.10591500010709,39.98803700045164]]]}},{"id":"664","type":"Feature","properties":{"GISJOIN":"G42010100025C","pct_black":0.0},"geometry":{"type":"Polygon","coordinates":[[[-75.10591500010709,39.98803700045164],[-75.10143900037502,39.982974000014174],[-75.11322699975226,39.97680299997074],[-75.1173549999868,39.98148100038808],[-75.11560499995869,39.98355100013387],[-75.11525100054108,39.98315699984443],[-75.10591500010709,39.98803700045164]]]}},{"id":"665","type":"Feature","properties":{"GISJOIN":"G42010100025D","pct_black":0.0},"geometry":{"type":"Polygon","coordinates":[[[-75.09236500013895,39.97453600036223],[-75.09637200016004,39.97398099978394],[-75.10755699973114,39.97053300010113],[-75.11322699975226,39.97680299997074],[-75.10143900037502,39.982974000014174],[-75.0977820001555,39.97881299984615],[-75.09236500013895,39.97453600036223]]]}},{"id":"666","type":"Feature","properties":{"GISJOIN":"G42010100026A","pct_black":83.5},"geometry":{"type":"Polygon","coordinates":[[[-75.16681599942639,39.93786900010529],[-75.16763999974891,39.934149999916315],[-75.17397000024557,39.93497399972058],[-75.17317299998578,39.93864100000712],[-75.16681599942639,39.93786900010529]]]}},{"id":"667","type":"Feature","properties":{"GISJOIN":"G42010100026B","pct_black":5.12},"geometry":{"type":"Polygon","coordinates":[[[-75.15951699973299,39.93309999997606],[-75.16763999974891,39.934149999916315],[-75.1670829997412,39.936741999509906],[-75.15735099971371,39.93489699950798],[-75.15951699973299,39.93309999997606]]]}},{"id":"668","type":"Feature","properties":{"GISJOIN":"G42010100026C","pct_black":10.12},"geometry":{"type":"Polygon","coordinates":[[[-75.16734999964858,39.926579000132925],[-75.1694940001537,39.92559599985326],[-75.16763999974891,39.934149999916315],[-75.15951699973299,39.93309999997606],[-75.16734999964858,39.926579000132925]]]}},{"id":"669","type":"Feature","properties":{"GISJOIN":"G42010100026D","pct_black":23.92},"geometry":{"type":"Polygon","coordinates":[[[-75.16922799987779,39.92680599982237],[-75.1755619999594,39.92764199988781],[-75.17397000024557,39.93497399972058],[-75.16763999974891,39.934149999916315],[-75.16922799987779,39.92680599982237]]]}},{"id":"670","type":"Feature","properties":{"GISJOIN":"G42010100026E","pct_black":0.04},"geometry":{"type":"Polygon","coordinates":[[[-75.16922799987779,39.92680599982237],[-75.17229399997517,39.91239300045133],[-75.17780600005152,39.913089999561066],[-75.17718000011142,39.91489000003713],[-75.1782680001747,39.9150530002801],[-75.1755619999594,39.92764199988781],[-75.16922799987779,39.92680599982237]]]}},{"id":"671","type":"Feature","properties":{"GISJOIN":"G42010100026F","pct_black":3.64},"geometry":{"type":"Polygon","coordinates":[[[-75.17231700013065,39.91228700033216],[-75.17491800054493,39.89860300001973],[-75.17606461710461,39.89577162300113],[-75.1792620004547,39.89660199998859],[-75.18102539520288,39.896253885015405],[-75.17780600005152,39.913089999561066],[-75.17231700013065,39.91228700033216]]]}},{"id":"672","type":"Feature","properties":{"GISJOIN":"G42010100027A","pct_black":16.25},"geometry":{"type":"Polygon","coordinates":[[[-75.18022300036212,39.95447199965182],[-75.1832879997137,39.949512000036904],[-75.18723099933739,39.947176000298924],[-75.1916890001197,39.95032000043118],[-75.19724300028909,39.951020999819455],[-75.19612100016234,39.95642899958183],[-75.18022300036212,39.95447199965182]]]}},{"id":"673","type":"Feature","properties":{"GISJOIN":"G42010100027B","pct_black":11.09},"geometry":{"type":"Polygon","coordinates":[[[-75.19724300028909,39.951020999819455],[-75.20565599952886,39.9480530002371],[-75.20582000048111,39.950952999764176],[-75.20414500004601,39.95742199995325],[-75.19612100016234,39.95642899958183],[-75.19724300028909,39.951020999819455]]]}},{"id":"674","type":"Feature","properties":{"GISJOIN":"G42010100027C","pct_black":11.79},"geometry":{"type":"Polygon","coordinates":[[[-75.20575900022428,39.949832000261424],[-75.21291999966978,39.94906499980857],[-75.21103899972586,39.95827599977685],[-75.20414500004601,39.95742199995325],[-75.20575900022428,39.949832000261424]]]}},{"id":"675","type":"Feature","properties":{"GISJOIN":"G42010100027D","pct_black":42.52},"geometry":{"type":"Polygon","coordinates":[[[-75.20565599952886,39.9480530002371],[-75.20704599999489,39.946754000230975],[-75.2053730004045,39.94505800046551],[-75.20506000039923,39.943624000156724],[-75.20836399999492,39.94127699996534],[-75.20879899955224,39.9416440001774],[-75.20779699997586,39.94277399957779],[-75.2114009999755,39.945802000060816],[-75.21010300045367,39.94669700027601],[-75.21291999966978,39.94906499980857],[-75.20575900022428,39.949832000261424],[-75.20565599952886,39.9480530002371]]]}},{"id":"676","type":"Feature","properties":{"GISJOIN":"G42010100027E","pct_black":25.82},"geometry":{"type":"Polygon","coordinates":[[[-75.18723099933739,39.947176000298924],[-75.19149500020889,39.943153000331215],[-75.1939849997856,39.94215399968731],[-75.20027699941843,39.943652000307814],[-75.20297999986461,39.94329400005554],[-75.204581999583,39.942352000096854],[-75.20518500047609,39.941116000321884],[-75.20783799991703,39.9412860001126],[-75.20506000039923,39.943624000156724],[-75.2053730004045,39.94505800046551],[-75.20704599999489,39.946754000230975],[-75.20516699950346,39.94852200033662],[-75.19724300028909,39.951020999819455],[-75.1916890001197,39.95032000043118],[-75.18723099933739,39.947176000298924]]]}},{"id":"677","type":"Feature","properties":{"GISJOIN":"G42010100028A","pct_black":95.37},"geometry":{"type":"Polygon","coordinates":[[[-75.15627500034472,39.98628300033599],[-75.16418400001264,39.98731100037627],[-75.16294000019721,39.9930430002226],[-75.16501499970558,39.99528799969684],[-75.15458799977031,39.99393800022561],[-75.15627500034472,39.98628300033599]]]}},{"id":"678","type":"Feature","properties":{"GISJOIN":"G42010100028B","pct_black":93.77},"geometry":{"type":"Polygon","coordinates":[[[-75.16418400001264,39.98731100037627],[-75.1740440003183,39.98850700024673],[-75.1731819995979,39.99241199950705],[-75.17159399947698,39.99220000004028],[-75.17076699947553,39.996036000050296],[-75.16501499970558,39.99528799969684],[-75.16294000019721,39.9930430002226],[-75.16418400001264,39.98731100037627]]]}},{"id":"679","type":"Feature","properties":{"GISJOIN":"G42010100028C","pct_black":88.99},"geometry":{"type":"Polygon","coordinates":[[[-75.1740440003183,39.98850700024673],[-75.18345900055053,39.98979999984577],[-75.18179200021991,39.997443999874584],[-75.17076699947553,39.996036000050296],[-75.17159399947698,39.99220000004028],[-75.1731819995979,39.99241199950705],[-75.1740440003183,39.98850700024673]]]}},{"id":"680","type":"Feature","properties":{"GISJOIN":"G42010100028D","pct_black":84.76},"geometry":{"type":"Polygon","coordinates":[[[-75.18345900055053,39.98979999984577],[-75.18566399969721,39.990076999944556],[-75.19748148580149,39.99163423582715],[-75.19398599992448,39.99536499954031],[-75.19236743981415,39.99854348615781],[-75.18179200021991,39.997443999874584],[-75.18345900055053,39.98979999984577]]]}},{"id":"681","type":"Feature","properties":{"GISJOIN":"G42010100029A","pct_black":95.24},"geometry":{"type":"Polygon","coordinates":[[[-75.1727989996349,39.97915999971048],[-75.18866100016315,39.98120700030237],[-75.18803299991538,39.98412599979874],[-75.1721610003731,39.982100000500324],[-75.1727989996349,39.97915999971048]]]}},{"id":"682","type":"Feature","properties":{"GISJOIN":"G42010100029B","pct_black":12.0},"geometry":{"type":"Polygon","coordinates":[[[-75.18803299991538,39.98412599979874],[-75.18978099989914,39.97743199962445],[-75.18800499964742,39.976584000243285],[-75.18636799995504,39.97353699985597],[-75.1932509400912,39.974217142359095],[-75.19398500043091,39.976132000526356],[-75.2018309994523,39.98035699998913],[-75.20441700028636,39.98316899971902],[-75.20408400058967,39.98585599975719],[-75.18803299991538,39.98412599979874]]]}},{"id":"683","type":"Feature","properties":{"GISJOIN":"G42010100029C","pct_black":60.02},"geometry":{"type":"Polygon","coordinates":[[[-75.18072899994034,39.97284099955938],[-75.18636799995504,39.97353699985597],[-75.18800499964742,39.976584000243285],[-75.18978099989914,39.97743199962445],[-75.18866100016315,39.98120700030237],[-75.17917199982159,39.97998800015527],[-75.18072899994034,39.97284099955938]]]}},{"id":"684","type":"Feature","properties":{"GISJOIN":"G42010100029D","pct_black":90.71},"geometry":{"type":"Polygon","coordinates":[[[-75.17786199993026,39.9724800001326],[-75.18072899994034,39.97284099955938],[-75.17917199982159,39.97998800015527],[-75.1727989996349,39.97915999971048],[-75.173785000298,39.97467700014392],[-75.17785200044177,39.974247000122745],[-75.17786199993026,39.9724800001326]]]}},{"id":"685","type":"Feature","properties":{"GISJOIN":"G42010100030A","pct_black":96.79},"geometry":{"type":"Polygon","coordinates":[[[-75.16557499975613,39.94366400026234],[-75.16620400009145,39.94081300021447],[-75.17759800042766,39.94222800016469],[-75.17698499938598,39.94508000006112],[-75.16557499975613,39.94366400026234]]]}},{"id":"686","type":"Feature","properties":{"GISJOIN":"G42010100030B","pct_black":82.76},"geometry":{"type":"Polygon","coordinates":[[[-75.17698499938598,39.94508000006112],[-75.17825099994934,39.93926799991783],[-75.18744500057142,39.94036399994988],[-75.18900999958254,39.93942400019002],[-75.1939849997856,39.94215399968731],[-75.19149500020889,39.943153000331215],[-75.18723099933739,39.947176000298924],[-75.18568500049291,39.946159000028466],[-75.17698499938598,39.94508000006112]]]}},{"id":"687","type":"Feature","properties":{"GISJOIN":"G42010100030C","pct_black":98.37},"geometry":{"type":"Polygon","coordinates":[[[-75.16620400009145,39.94081300021447],[-75.16681599942639,39.93786900010529],[-75.17825099994934,39.93926799991783],[-75.17759800042766,39.94222800016469],[-75.16620400009145,39.94081300021447]]]}},{"id":"688","type":"Feature","properties":{"GISJOIN":"G42010100031A","pct_black":0.01},"geometry":{"type":"Polygon","coordinates":[[[-75.12549100002259,39.98983599971827],[-75.12025200012177,39.984755000111306],[-75.12757900025305,39.9813829995967],[-75.13044800006818,39.97858899978088],[-75.13318999950225,39.980134000221575],[-75.13190699962455,39.98630600031524],[-75.12549100002259,39.98983599971827]]]}},{"id":"689","type":"Feature","properties":{"GISJOIN":"G42010100031B","pct_black":0.14},"geometry":{"type":"Polygon","coordinates":[[[-75.1173549999868,39.98148100038808],[-75.1199689999161,39.97591100032368],[-75.12268799964633,39.97395400023691],[-75.13044800006818,39.97858899978088],[-75.12757900025305,39.9813829995967],[-75.12025200012177,39.984755000111306],[-75.1173549999868,39.98148100038808]]]}},{"id":"690","type":"Feature","properties":{"GISJOIN":"G42010100032A","pct_black":90.0},"geometry":{"type":"Polygon","coordinates":[[[-75.15223499993742,39.979530999661904],[-75.15758099951692,39.980222999891566],[-75.15627500034472,39.98628300033599],[-75.15091299985386,39.98559699993175],[-75.15223499993742,39.979530999661904]]]}},{"id":"691","type":"Feature","properties":{"GISJOIN":"G42010100032C","pct_black":96.57},"geometry":{"type":"Polygon","coordinates":[[[-75.15758099951692,39.980222999891566],[-75.16551100037908,39.98124400000961],[-75.16418400001264,39.98731100037627],[-75.15627500034472,39.98628300033599],[-75.15758099951692,39.980222999891566]]]}},{"id":"692","type":"Feature","properties":{"GISJOIN":"G42010100032D","pct_black":99.28},"geometry":{"type":"Polygon","coordinates":[[[-75.16551100037908,39.98124400000961],[-75.17534399940796,39.98251700000566],[-75.1740440003183,39.98850700024673],[-75.16418400001264,39.98731100037627],[-75.16551100037908,39.98124400000961]]]}},{"id":"693","type":"Feature","properties":{"GISJOIN":"G42010100032E","pct_black":94.56},"geometry":{"type":"Polygon","coordinates":[[[-75.1740440003183,39.98850700024673],[-75.17534399940796,39.98251700000566],[-75.18822999973207,39.984131000100156],[-75.18681301241638,39.9902149457141],[-75.1740440003183,39.98850700024673]]]}},{"id":"694","type":"Feature","properties":{"GISJOIN":"G42010100032F","pct_black":93.91},"geometry":{"type":"Polygon","coordinates":[[[-75.18671299937456,39.99021500028355],[-75.1880541838096,39.9841081252441],[-75.19736374636864,39.98504647772845],[-75.20408400058967,39.98585599975719],[-75.20110700009616,39.987634999846684],[-75.19748148580149,39.99163423582715],[-75.18671299937456,39.99021500028355]]]}},{"id":"695","type":"Feature","properties":{"GISJOIN":"G42010100033B","pct_black":0.0},"geometry":{"type":"Polygon","coordinates":[[[-75.09249399960879,40.007975999632876],[-75.1018110001609,40.002862999771615],[-75.1041970000471,40.001524999987886],[-75.10155700037154,40.01387799987618],[-75.09743099987868,40.01332499954301],[-75.09704000003947,40.01601799982669],[-75.09506799989542,40.015342999867265],[-75.09341199936377,40.01304700032608],[-75.09499500046174,40.00998400016265],[-75.09249399960879,40.007975999632876]]]}},{"id":"696","type":"Feature","properties":{"GISJOIN":"G42010100033C","pct_black":0.01},"geometry":{"type":"Polygon","coordinates":[[[-75.09704000003947,40.01601799982669],[-75.09743099987868,40.01332499954301],[-75.10155700037154,40.01387799987618],[-75.1041970000471,40.001524999987886],[-75.1141610092261,40.002809149182404],[-75.1113599999238,40.015866999758934],[-75.107063000344,40.016776999750164],[-75.10492199984024,40.01619399961908],[-75.09885700003991,40.01643299967185],[-75.09704000003947,40.01601799982669]]]}},{"id":"697","type":"Feature","properties":{"GISJOIN":"G42010100033D","pct_black":0.0},"geometry":{"type":"Polygon","coordinates":[[[-75.11126947500303,40.016277591816795],[-75.1141609993391,40.00281100025823],[-75.11608999966438,40.00306700032732],[-75.1164110004801,40.00162400028584],[-75.12441000023992,40.00263400041927],[-75.12332299949267,40.007554999991314],[-75.11627199953826,40.017423000147446],[-75.11126947500303,40.016277591816795]]]}},{"id":"698","type":"Feature","properties":{"GISJOIN":"G42010100033E","pct_black":36.07},"geometry":{"type":"Polygon","coordinates":[[[-75.12394900006939,40.00481400017621],[-75.13193700034213,40.005156000031334],[-75.12888300034612,40.01894499971165],[-75.11627199953826,40.017423000147446],[-75.12332299949267,40.007554999991314],[-75.12394900006939,40.00481400017621]]]}},{"id":"699","type":"Feature","properties":{"GISJOIN":"G42010100033F","pct_black":1.13},"geometry":{"type":"Polygon","coordinates":[[[-75.13193700034213,40.005156000031334],[-75.13766899986214,40.00364500009012],[-75.13419399954137,40.019618999742754],[-75.12888300034612,40.01894499971165],[-75.13193700034213,40.005156000031334]]]}},{"id":"700","type":"Feature","properties":{"GISJOIN":"G42010100033G","pct_black":0.02},"geometry":{"type":"Polygon","coordinates":[[[-75.12394900006939,40.00481400017621],[-75.12537999992834,39.99804299997499],[-75.13852399970516,39.99974299957182],[-75.13766899986214,40.00364500009012],[-75.13398100020193,40.004945999859494],[-75.12872700040857,40.00531699998657],[-75.12394900006939,40.00481400017621]]]}},{"id":"701","type":"Feature","properties":{"GISJOIN":"G42010100033H","pct_black":0.03},"geometry":{"type":"Polygon","coordinates":[[[-75.11098300029717,39.997801000307064],[-75.12505799948426,39.99962799969778],[-75.12441000023992,40.00263400041927],[-75.1164110004801,40.00162400028584],[-75.11608999966438,40.00306700032732],[-75.1041970000471,40.001524999987886],[-75.11098300029717,39.997801000307064]]]}},{"id":"702","type":"Feature","properties":{"GISJOIN":"G42010100033I","pct_black":0.0},"geometry":{"type":"Polygon","coordinates":[[[-75.11098300029717,39.997801000307064],[-75.12549100002259,39.98983599971827],[-75.1270310005345,39.99038599994789],[-75.12711100000246,39.99171600040475],[-75.12662899937764,39.992007000093366],[-75.12505799948426,39.99962799969778],[-75.11098300029717,39.997801000307064]]]}},{"id":"703","type":"Feature","properties":{"GISJOIN":"G42010100033J","pct_black":0.01},"geometry":{"type":"Polygon","coordinates":[[[-75.1270310005345,39.99038599994789],[-75.14019800053435,39.99208599980317],[-75.13852399970516,39.99974299957182],[-75.12537999992834,39.99804299997499],[-75.12662899937764,39.992007000093366],[-75.12711100000246,39.99171600040475],[-75.1270310005345,39.99038599994789]]]}},{"id":"704","type":"Feature","properties":{"GISJOIN":"G42010100034I","pct_black":13.51},"geometry":{"type":"Polygon","coordinates":[[[-75.23724000011413,39.984840000050156],[-75.23946700018273,39.980913999939446],[-75.23857000034168,39.976100999987196],[-75.24779699991029,39.97507900018849],[-75.24853400038013,39.97853699964103],[-75.25106300035024,39.98160100047991],[-75.24575400030666,39.9842729998738],[-75.24669800066454,39.98605399966621],[-75.2454779996787,39.98661900004846],[-75.24449099949248,39.985666999750194],[-75.23724000011413,39.984840000050156]]]}},{"id":"705","type":"Feature","properties":{"GISJOIN":"G42010100034J","pct_black":1.58},"geometry":{"type":"Polygon","coordinates":[[[-75.2454779996787,39.98661900004846],[-75.24669800066454,39.98605399966621],[-75.24575400030666,39.9842729998738],[-75.25221000017459,39.98101199960644],[-75.25502300036979,39.978467999676894],[-75.25538500015634,39.98033400044203],[-75.25451099978872,39.98073500030569],[-75.2582309999332,39.985114000159086],[-75.25903400048291,39.98521200037642],[-75.2561179997719,39.98731199959856],[-75.2480110005872,39.991115999935865],[-75.24618699996998,39.98951600023348],[-75.24641600006346,39.98826599990879],[-75.2454779996787,39.98661900004846]]]}},{"id":"706","type":"Feature","properties":{"GISJOIN":"G42010100034K","pct_black":1.39},"geometry":{"type":"Polygon","coordinates":[[[-75.26559100005093,39.98180099967694],[-75.2595089999539,39.98495100014052],[-75.25898400023361,39.98417299986251],[-75.2589149997456,39.98288700030791],[-75.26043499994063,39.98213400033714],[-75.25947100004343,39.97977999991248],[-75.26101700022728,39.978487999977695],[-75.26415799965268,39.98012400035759],[-75.26559100005093,39.98180099967694]]]}},{"id":"707","type":"Feature","properties":{"GISJOIN":"G42010100034M","pct_black":0.05},"geometry":{"type":"Polygon","coordinates":[[[-75.24779699991029,39.97507900018849],[-75.25519599966186,39.974259999740234],[-75.25592399976635,39.978119999987356],[-75.25425200010773,39.978834999834696],[-75.25106300035024,39.98160100047991],[-75.24853400038013,39.97853699964103],[-75.24779699991029,39.97507900018849]]]}},{"id":"708","type":"Feature","properties":{"GISJOIN":"G42010100034N","pct_black":0.05},"geometry":{"type":"Polygon","coordinates":[[[-75.27586600022268,39.9772340004089],[-75.26724399982025,39.981066999519676],[-75.26752699974016,39.98074800020952],[-75.26604199961261,39.97911599999299],[-75.2619960001507,39.97759800023298],[-75.26104700022937,39.97664000021658],[-75.2609620004846,39.97575299970879],[-75.26010799968931,39.97539200028706],[-75.25993299992956,39.97444800016093],[-75.26561999997402,39.9699409998046],[-75.26931399974549,39.97300999971252],[-75.27163899982091,39.97208200003925],[-75.27586600022268,39.9772340004089]]]}},{"id":"709","type":"Feature","properties":{"GISJOIN":"G42010100034O","pct_black":0.0},"geometry":{"type":"Polygon","coordinates":[[[-75.25502300036979,39.978467999676894],[-75.25592399976635,39.978119999987356],[-75.25475199977005,39.97152699963146],[-75.25512300009264,39.97003600036103],[-75.25344099944408,39.96982200001518],[-75.25324600030652,39.96818800027285],[-75.25080099989825,39.967936999560465],[-75.25111900044352,39.96639800042814],[-75.24716900057977,39.96592699988238],[-75.2474460004331,39.9643899998374],[-75.2464250001337,39.96427600028046],[-75.24675299963954,39.96270500007601],[-75.24768799951443,39.96281700020544],[-75.2474049998082,39.96332699975942],[-75.24805600012292,39.964073999868894],[-75.25160299988329,39.96535600036026],[-75.25413999968951,39.96540400003754],[-75.25674600033808,39.96368800027244],[-75.25785799960369,39.96359399997688],[-75.25879699989815,39.96557100043851],[-75.26049100011343,39.966312999845144],[-75.26538799965174,39.96522399966299],[-75.26604800009109,39.96592599996949],[-75.26991899990692,39.967380000037885],[-75.27059799996186,39.96865999964359],[-75.27526600043747,39.96936400020605],[-75.27565200033692,39.97025900046824],[-75.27641100028836,39.970415999916945],[-75.27652400037655,39.971223999697266],[-75.2775400003695,39.97112699978387],[-75.27860899961526,39.97226299996714],[-75.27912299954538,39.973913000254775],[-75.28030299981339,39.974991000328195],[-75.27586600022268,39.9772340004089],[-75.27163899982091,39.97208200003925],[-75.26931399974549,39.97300999971252],[-75.26561999997402,39.9699409998046],[-75.26172899973353,39.97271299990248],[-75.25997600015148,39.974712000336496],[-75.2619960001507,39.97759800023298],[-75.26604199961261,39.97911599999299],[-75.26754999971472,39.980828999556635],[-75.26559100005093,39.98180099967694],[-75.26415799965268,39.98012400035759],[-75.26101700022728,39.978487999977695],[-75.25947100004343,39.97977999991248],[-75.26043499994063,39.98213400033714],[-75.2589149997456,39.98288700030791],[-75.2595089999539,39.98495100014052],[-75.25903400048291,39.98521200037642],[-75.2582309999332,39.985114000159086],[-75.25451099978872,39.98073500030569],[-75.25538500015634,39.98033400044203],[-75.25502300036979,39.978467999676894]]]}},{"id":"710","type":"Feature","properties":{"GISJOIN":"G42010100034P","pct_black":73.37},"geometry":{"type":"Polygon","coordinates":[[[-75.2407620003284,39.961960000216564],[-75.24675299963954,39.96270500007601],[-75.2464250001337,39.96427600028046],[-75.24746400007638,39.96450800003329],[-75.24653100000988,39.96896699985401],[-75.23947900035351,39.96809699968031],[-75.2407620003284,39.961960000216564]]]}},{"id":"711","type":"Feature","properties":{"GISJOIN":"G42010100034R","pct_black":0.0},"geometry":{"type":"Polygon","coordinates":[[[-75.24653100000988,39.96896699985401],[-75.24716900057977,39.96592699988238],[-75.25111900044352,39.96639800042814],[-75.25080099989825,39.967936999560465],[-75.25324600030652,39.96818800027285],[-75.25344099944408,39.96982200001518],[-75.25512300009264,39.97003600036103],[-75.25475199977005,39.97152699963146],[-75.25519599966186,39.974259999740234],[-75.2474940001799,39.9751129999635],[-75.24690399962431,39.9720279994945],[-75.24751799980683,39.969093000088215],[-75.24653100000988,39.96896699985401]]]}},{"id":"712","type":"Feature","properties":{"GISJOIN":"G42010100034S","pct_black":55.81},"geometry":{"type":"Polygon","coordinates":[[[-75.23745500020135,39.97014100040932],[-75.23913300014061,39.96989300004675],[-75.23947900035351,39.96809699968031],[-75.24751799980683,39.969093000088215],[-75.24690399962431,39.9720279994945],[-75.2474940001799,39.9751129999635],[-75.23857000034168,39.976100999987196],[-75.23745500020135,39.97014100040932]]]}},{"id":"713","type":"Feature","properties":{"GISJOIN":"G42010100035A","pct_black":0.24},"geometry":{"type":"Polygon","coordinates":[[[-75.08746400022936,40.06358400023797],[-75.08352500058253,40.061270000068944],[-75.0856599995548,40.05754300004313],[-75.08584700002038,40.05440999996206],[-75.08679499962324,40.05314099977914],[-75.086089999884,40.05087500019495],[-75.08780400029845,40.051794999764645],[-75.08834399973296,40.05123499971949],[-75.09213100016326,40.053178000084245],[-75.09280699978258,40.05632900027255],[-75.0936150001086,40.05741999965421],[-75.08746400022936,40.06358400023797]]]}},{"id":"714","type":"Feature","properties":{"GISJOIN":"G42010100035B","pct_black":0.03},"geometry":{"type":"Polygon","coordinates":[[[-75.08598899965223,40.05087799951645],[-75.08831199961726,40.04551399996668],[-75.09185900030269,40.04748499985184],[-75.09417500001324,40.045025999648956],[-75.09955899949888,40.04797299973159],[-75.10322999997439,40.051354999889774],[-75.09345500016192,40.05718799992482],[-75.09213100016326,40.053178000084245],[-75.08834399973296,40.05123499971949],[-75.08780400029845,40.051794999764645],[-75.08598899965223,40.05087799951645]]]}},{"id":"715","type":"Feature","properties":{"GISJOIN":"G42010100035C","pct_black":0.01},"geometry":{"type":"Polygon","coordinates":[[[-75.09417500001324,40.045025999648956],[-75.10157200059456,40.0382929998927],[-75.10993099961148,40.04319799950152],[-75.11115299993803,40.04218699968226],[-75.10809199994402,40.047981999756786],[-75.10322999997439,40.051354999889774],[-75.09955899949888,40.04797299973159],[-75.09417500001324,40.045025999648956]]]}},{"id":"716","type":"Feature","properties":{"GISJOIN":"G42010100035D","pct_black":0.0},"geometry":{"type":"Polygon","coordinates":[[[-75.08831199961726,40.04551399996668],[-75.08897500036647,40.044331999684964],[-75.08863099984173,40.04274700013826],[-75.09592300015284,40.03646799973397],[-75.09226999972624,40.034323000327475],[-75.09434999977191,40.032206000115366],[-75.09320399958881,40.030704000243944],[-75.09623600031041,40.02759599964682],[-75.09731800022354,40.026948999840315],[-75.10172799942566,40.02972600027331],[-75.10460099934353,40.02978000029359],[-75.09841599956584,40.03610100019791],[-75.10157200059456,40.0382929998927],[-75.09660300041126,40.04248700045075],[-75.09185900030269,40.04748499985184],[-75.08831199961726,40.04551399996668]]]}},{"id":"717","type":"Feature","properties":{"GISJOIN":"G42010100035E","pct_black":0.0},"geometry":{"type":"Polygon","coordinates":[[[-75.08870899977359,40.03794999991889],[-75.08715900033523,40.03479000026534],[-75.08490599984418,40.032919999563966],[-75.08492500001925,40.031540999599905],[-75.09438999978191,40.02633600022049],[-75.09601300046936,40.02613300032696],[-75.09731800022354,40.026948999840315],[-75.09320399958881,40.030704000243944],[-75.09434999977191,40.032206000115366],[-75.09226999972624,40.034323000327475],[-75.09592300015284,40.03646799973397],[-75.08863099984173,40.04274700013826],[-75.08818399936563,40.040767000223404],[-75.08870899977359,40.03794999991889]]]}},{"id":"718","type":"Feature","properties":{"GISJOIN":"G42010100035F","pct_black":0.11},"geometry":{"type":"Polygon","coordinates":[[[-75.10943099983069,40.0458739996374],[-75.11115299993803,40.04218699968226],[-75.10993099961148,40.04319799950152],[-75.09841599956584,40.03610100019791],[-75.10460099934353,40.02978000029359],[-75.11277299969414,40.02703600020227],[-75.11279200013725,40.0276760004595],[-75.11094799970932,40.02884699978654],[-75.11068900057148,40.03352900008726],[-75.1136649994116,40.037188000272714],[-75.11447999968532,40.03972300028555],[-75.11106100011791,40.044346000205344],[-75.11108200043937,40.046719000499934],[-75.10943099983069,40.0458739996374]]]}},{"id":"719","type":"Feature","properties":{"GISJOIN":"G42010100035G","pct_black":0.04},"geometry":{"type":"Polygon","coordinates":[[[-75.08469099965652,40.03176499974541],[-75.09674400046406,40.01873000028204],[-75.09704000003947,40.01601799982669],[-75.09885700003991,40.01643299967185],[-75.10262600038502,40.01605700047932],[-75.10601799955711,40.01635199971077],[-75.10744999943577,40.0173049998877],[-75.10550399968324,40.019292000074394],[-75.10380200051137,40.01956699995889],[-75.10320400041006,40.02105700044538],[-75.10442899988804,40.02338400011396],[-75.10584800041636,40.02288000003985],[-75.1070120001915,40.02327399965977],[-75.10921499946276,40.022074000215916],[-75.1107830002413,40.022380000459094],[-75.11164599977415,40.024542000352085],[-75.11144699963602,40.0254969995952],[-75.11269199983282,40.02600699994125],[-75.11288799993783,40.026875999951514],[-75.10513200010989,40.02961899989893],[-75.10266999996003,40.02998699979203],[-75.09601300046936,40.02613300032696],[-75.0949520000134,40.02619600021174],[-75.08469099965652,40.03176499974541]]]}},{"id":"720","type":"Feature","properties":{"GISJOIN":"G42010100036A","pct_black":98.7},"geometry":{"type":"Polygon","coordinates":[[[-75.17397000024557,39.93497399972058],[-75.18062100053137,39.93581600009251],[-75.17983900012634,39.93947799989542],[-75.17317299998578,39.93864100000712],[-75.17397000024557,39.93497399972058]]]}},{"id":"721","type":"Feature","properties":{"GISJOIN":"G42010100036B","pct_black":78.47},"geometry":{"type":"Polygon","coordinates":[[[-75.17528900036766,39.92886700022681],[-75.18194400030436,39.929728999762276],[-75.18062100053137,39.93581600009251],[-75.17397000024557,39.93497399972058],[-75.17528900036766,39.92886700022681]]]}},{"id":"722","type":"Feature","properties":{"GISJOIN":"G42010100036C","pct_black":89.08},"geometry":{"type":"Polygon","coordinates":[[[-75.18062100053137,39.93581600009251],[-75.18888500001002,39.936886999903955],[-75.18824000031859,39.93987800045908],[-75.18744500057142,39.94036399994988],[-75.17983900012634,39.93947799989542],[-75.18062100053137,39.93581600009251]]]}},{"id":"723","type":"Feature","properties":{"GISJOIN":"G42010100036D","pct_black":18.4},"geometry":{"type":"Polygon","coordinates":[[[-75.1939849997856,39.94215399968731],[-75.18900999958254,39.93942400019002],[-75.18824000031859,39.93987800045908],[-75.1902220002796,39.93077900013169],[-75.19962230575719,39.93186789924063],[-75.20006499953736,39.93212799955331],[-75.19967900052241,39.93196299983719],[-75.19888270890029,39.93760229376461],[-75.1968709998351,39.942729999921056],[-75.1939849997856,39.94215399968731]]]}},{"id":"724","type":"Feature","properties":{"GISJOIN":"G42010100036E","pct_black":55.3},"geometry":{"type":"Polygon","coordinates":[[[-75.1968709998351,39.942729999921056],[-75.19888270890029,39.93760229376461],[-75.19967900052241,39.93196299983719],[-75.20743300052887,39.93351299984734],[-75.20610099947376,39.935281000072564],[-75.204581999583,39.942352000096854],[-75.20297999986461,39.94329400005554],[-75.20027699941843,39.943652000307814],[-75.1968709998351,39.942729999921056]]]}},{"id":"725","type":"Feature","properties":{"GISJOIN":"G42010100036F","pct_black":34.51},"geometry":{"type":"Polygon","coordinates":[[[-75.18194400030436,39.929728999762276],[-75.1902220002796,39.93077900013169],[-75.18888500001002,39.936886999903955],[-75.18062100053137,39.93581600009251],[-75.18194400030436,39.929728999762276]]]}},{"id":"726","type":"Feature","properties":{"GISJOIN":"G42010100037A","pct_black":4.06},"geometry":{"type":"Polygon","coordinates":[[[-75.15108999981707,40.00993400006116],[-75.14771700010914,39.999973999835255],[-75.1537820003908,39.99771800025817],[-75.15108999981707,40.00993400006116]]]}},{"id":"727","type":"Feature","properties":{"GISJOIN":"G42010100037B","pct_black":34.77},"geometry":{"type":"Polygon","coordinates":[[[-75.1478869997749,39.99307799966956],[-75.15458799977031,39.99393800022561],[-75.1537820003908,39.99771800025817],[-75.14771700010914,39.999973999835255],[-75.1467309998609,39.99762699981016],[-75.1478869997749,39.99307799966956]]]}},{"id":"728","type":"Feature","properties":{"GISJOIN":"G42010100037C","pct_black":94.79},"geometry":{"type":"Polygon","coordinates":[[[-75.15019700022614,39.985503999855986],[-75.15627500034472,39.98628300033599],[-75.15458799977031,39.99393800022561],[-75.15238900046735,39.993658999932286],[-75.15306999959124,39.99057700029026],[-75.15019700022614,39.985503999855986]]]}},{"id":"729","type":"Feature","properties":{"GISJOIN":"G42010100037F","pct_black":82.32},"geometry":{"type":"Polygon","coordinates":[[[-75.14830500008208,39.990967999776906],[-75.14415399953558,39.98472399993697],[-75.15019700022614,39.985503999855986],[-75.15306999959124,39.99057700029026],[-75.15238900046735,39.993658999932286],[-75.1478869997749,39.99307799966956],[-75.14830500008208,39.990967999776906]]]}},{"id":"730","type":"Feature","properties":{"GISJOIN":"G42010100038A","pct_black":13.89},"geometry":{"type":"Polygon","coordinates":[[[-75.15384900032012,40.01589100047639],[-75.16914000019759,40.008832000172106],[-75.17566899954677,40.01605100003188],[-75.17234200026084,40.017603999872335],[-75.16990699974971,40.015250000127],[-75.16375800013812,40.01923400046648],[-75.15802199941498,40.02154000021578],[-75.15609399962827,40.019694999639235],[-75.15384900032012,40.01589100047639]]]}},{"id":"731","type":"Feature","properties":{"GISJOIN":"G42010100038C","pct_black":0.45},"geometry":{"type":"Polygon","coordinates":[[[-75.18166799962604,40.02565700002193],[-75.17234200026084,40.017603999872335],[-75.17731600033501,40.015073000141115],[-75.18223900014429,40.011676000006034],[-75.19240500049271,40.020495000221345],[-75.1900069999112,40.022524000143314],[-75.18166799962604,40.02565700002193]]]}},{"id":"732","type":"Feature","properties":{"GISJOIN":"G42010100038D","pct_black":4.61},"geometry":{"type":"Polygon","coordinates":[[[-75.18223900014429,40.011676000006034],[-75.1905140003593,40.00840700019939],[-75.19280999945946,40.00673299983436],[-75.20354337079269,40.01038812203617],[-75.19240500049271,40.020495000221345],[-75.18223900014429,40.011676000006034]]]}},{"id":"733","type":"Feature","properties":{"GISJOIN":"G42010100038E","pct_black":7.53},"geometry":{"type":"Polygon","coordinates":[[[-75.16914000019759,40.008832000172106],[-75.1740139999167,40.00740799988813],[-75.18114100004983,40.00369700041503],[-75.18430999956335,40.00267499970375],[-75.18686099989775,40.00040899971149],[-75.18760400014858,39.99819500034782],[-75.19236743981415,39.99854348615781],[-75.19175400004224,39.99974800041895],[-75.19131999952832,40.00371500037292],[-75.19280999945946,40.00673299983436],[-75.1905140003593,40.00840700019939],[-75.18297900002901,40.01122300008134],[-75.17566899954677,40.01605100003188],[-75.16914000019759,40.008832000172106]]]}},{"id":"734","type":"Feature","properties":{"GISJOIN":"G42010100038F","pct_black":0.31},"geometry":{"type":"Polygon","coordinates":[[[-75.16589599937967,40.0032690001004],[-75.16909300021821,40.00367099964611],[-75.16975400051517,40.00062199998617],[-75.17451999993266,40.001218000031194],[-75.18018800040504,39.997252999865545],[-75.18760400014858,39.99819500034782],[-75.18686099989775,40.00040899971149],[-75.18430999956335,40.00267499970375],[-75.18114100004983,40.00369700041503],[-75.1740139999167,40.00740799988813],[-75.16914000019759,40.008832000172106],[-75.16555399998181,40.004858999548134],[-75.16589599937967,40.0032690001004]]]}},{"id":"735","type":"Feature","properties":{"GISJOIN":"G42010100038G","pct_black":80.2},"geometry":{"type":"Polygon","coordinates":[[[-75.15892600028084,40.00400899964139],[-75.1604949999614,40.00421500031158],[-75.16084299990126,40.00263400027016],[-75.16589599937967,40.0032690001004],[-75.16555399998181,40.004858999548134],[-75.16914000019759,40.008832000172106],[-75.1566520003126,40.01461800005049],[-75.15892600028084,40.00400899964139]]]}},{"id":"736","type":"Feature","properties":{"GISJOIN":"G42010100038H","pct_black":72.69},"geometry":{"type":"Polygon","coordinates":[[[-75.15108999981707,40.00993400006116],[-75.15360900001083,39.99851499988849],[-75.15831400050713,39.999179999984996],[-75.15736499967298,40.00379899997099],[-75.15892600028084,40.00400899964139],[-75.1566520003126,40.01461800005049],[-75.15384900032012,40.01589100047639],[-75.15108999981707,40.00993400006116]]]}},{"id":"737","type":"Feature","properties":{"GISJOIN":"G42010100038I","pct_black":32.83},"geometry":{"type":"Polygon","coordinates":[[[-75.15360900001083,39.99851499988849],[-75.15458799977031,39.99393800022561],[-75.1675680006779,39.995620999674124],[-75.16589599937967,40.0032690001004],[-75.16084299990126,40.00263400027016],[-75.1604949999614,40.00421500031158],[-75.15736499967298,40.00379899997099],[-75.15831400050713,39.999179999984996],[-75.15360900001083,39.99851499988849]]]}},{"id":"738","type":"Feature","properties":{"GISJOIN":"G42010100038J","pct_black":6.1},"geometry":{"type":"Polygon","coordinates":[[[-75.1675680006779,39.995620999674124],[-75.173947999983,39.99643200027972],[-75.18018800040504,39.997252999865545],[-75.17451999993266,40.001218000031194],[-75.16975400051517,40.00062199998617],[-75.16909300021821,40.00367099964611],[-75.16589599937967,40.0032690001004],[-75.1675680006779,39.995620999674124]]]}},{"id":"739","type":"Feature","properties":{"GISJOIN":"G42010100039A","pct_black":0.0},"geometry":{"type":"Polygon","coordinates":[[[-75.1295599998971,39.905180000018156],[-75.14885899979373,39.908548000286025],[-75.14653799954434,39.91883999979432],[-75.14807900012674,39.91903500002573],[-75.14690999994461,39.923887000324726],[-75.13243299968066,39.92185100019573],[-75.12825299968044,39.91316399972928],[-75.12853699942107,39.90909500033847],[-75.1295599998971,39.905180000018156]]]}},{"id":"740","type":"Feature","properties":{"GISJOIN":"G42010100039B","pct_black":1.21},"geometry":{"type":"Polygon","coordinates":[[[-75.14765300038603,39.91371100026143],[-75.15670799968416,39.91486900031075],[-75.15452600007245,39.92489500027032],[-75.14690999994461,39.923887000324726],[-75.14807900012674,39.91903500002573],[-75.14653799954434,39.91883999979432],[-75.14765300038603,39.91371100026143]]]}},{"id":"741","type":"Feature","properties":{"GISJOIN":"G42010100039C","pct_black":11.45},"geometry":{"type":"Polygon","coordinates":[[[-75.15670799968416,39.91486900031075],[-75.16452999965435,39.9158750000617],[-75.16233799999353,39.925919999632036],[-75.15452600007245,39.92489500027032],[-75.15670799968416,39.91486900031075]]]}},{"id":"742","type":"Feature","properties":{"GISJOIN":"G42010100039D","pct_black":0.09},"geometry":{"type":"Polygon","coordinates":[[[-75.16452999965435,39.9158750000617],[-75.17142299980907,39.91675700035004],[-75.1694940001537,39.92559599985326],[-75.16734999964858,39.926579000132925],[-75.16233799999353,39.925919999632036],[-75.16452999965435,39.9158750000617]]]}},{"id":"743","type":"Feature","properties":{"GISJOIN":"G42010100039E","pct_black":0.0},"geometry":{"type":"Polygon","coordinates":[[[-75.16078900028154,39.910942000484276],[-75.17231700013065,39.91228700033216],[-75.17142299980907,39.91675700035004],[-75.15984399998904,39.915286000455296],[-75.16078900028154,39.910942000484276]]]}},{"id":"744","type":"Feature","properties":{"GISJOIN":"G42010100039F","pct_black":19.07},"geometry":{"type":"Polygon","coordinates":[[[-75.14885899979373,39.908548000286025],[-75.16078900028154,39.910942000484276],[-75.15984399998904,39.915286000455296],[-75.14765300038603,39.91371100026143],[-75.14885899979373,39.908548000286025]]]}},{"id":"745","type":"Feature","properties":{"GISJOIN":"G42010100039G","pct_black":0.0},"geometry":{"type":"Polygon","coordinates":[[[-75.1735660001797,39.90539400028355],[-75.17231700013065,39.91228700033216],[-75.16551300009026,39.91139299970855],[-75.16638799963872,39.907359000217824],[-75.16415600059595,39.90710299966165],[-75.16696600029003,39.90453999980947],[-75.1735660001797,39.90539400028355]]]}},{"id":"746","type":"Feature","properties":{"GISJOIN":"G42010100039H","pct_black":null},"geometry":{"type":"Polygon","coordinates":[[[-75.15973799948848,39.91078900017778],[-75.1295599998971,39.905180000018156],[-75.1313630003732,39.899137999910074],[-75.13542899990281,39.89300899953958],[-75.14427700009476,39.895682000385534],[-75.15464399987077,39.896848999843385],[-75.16902800032852,39.89724300029926],[-75.17495900021262,39.89848799993565],[-75.1735660001797,39.90539400028355],[-75.16696600029003,39.90453999980947],[-75.16415600059595,39.90710299966165],[-75.16638799963872,39.907359000217824],[-75.16551300009026,39.91139299970855],[-75.15973799948848,39.91078900017778]]]}},{"id":"747","type":"Feature","properties":{"GISJOIN":"G42010100039K","pct_black":4.59},"geometry":{"type":"Polygon","coordinates":[[[-75.13542899990281,39.89300899953958],[-75.13852700009744,39.888890000232074],[-75.14010800039593,39.88819199991281],[-75.14374599951609,39.88499800027076],[-75.14736599989438,39.88392099958966],[-75.16287200002175,39.88264899998162],[-75.18395599960454,39.88188500026961],[-75.1900990005071,39.8803479999619],[-75.19523599989985,39.87736499956685],[-75.19534046278672,39.88280489348364],[-75.19865765324032,39.88588223389022],[-75.1972600003024,39.89261800039414],[-75.19623900021585,39.893364999854924],[-75.19504100014638,39.89288300018813],[-75.19139300044166,39.89367800045608],[-75.19081300015293,39.89432300035242],[-75.1792620004547,39.89660199998859],[-75.17606461710461,39.89577162300113],[-75.17495900021262,39.89848799993565],[-75.16902800032852,39.89724300029926],[-75.15464399987077,39.896848999843385],[-75.14427700009476,39.895682000385534],[-75.13542899990281,39.89300899953958]]]}},{"id":"748","type":"Feature","properties":{"GISJOIN":"G42010100040A","pct_black":2.18},"geometry":{"type":"Polygon","coordinates":[[[-75.24026599954264,39.9458660000738],[-75.2272520005418,39.934660999650504],[-75.23547800004668,39.92887700045388],[-75.2377260003296,39.92931999986336],[-75.24364299977901,39.93089700005746],[-75.24342300007358,39.93183700041626],[-75.2417360005752,39.9335789997281],[-75.23740700058693,39.93264800003527],[-75.23640400005236,39.93531799994978],[-75.23491999992487,39.93633299963516],[-75.23500200039813,39.938127000412244],[-75.2401449993994,39.93823800020489],[-75.24073799972533,39.938966999831365],[-75.23939799967548,39.94074399989539],[-75.24014900013263,39.942086000284114],[-75.24619000059027,39.94261299976364],[-75.24702800053164,39.94341399977215],[-75.24026599954264,39.9458660000738]]]}},{"id":"749","type":"Feature","properties":{"GISJOIN":"G42010100040B","pct_black":0.14},"geometry":{"type":"Polygon","coordinates":[[[-75.22269600048706,39.93080800032886],[-75.232437999838,39.92396999967151],[-75.23698599959063,39.927821000034285],[-75.2272520005418,39.934660999650504],[-75.22269600048706,39.93080800032886]]]}},{"id":"750","type":"Feature","properties":{"GISJOIN":"G42010100040C","pct_black":0.01},"geometry":{"type":"Polygon","coordinates":[[[-75.21676800014097,39.9269560000848],[-75.22323600017359,39.91758900015355],[-75.22601699998393,39.91856600009624],[-75.232437999838,39.92396999967151],[-75.22269600048706,39.93080800032886],[-75.2193630001398,39.92803400038685],[-75.21676800014097,39.9269560000848]]]}},{"id":"751","type":"Feature","properties":{"GISJOIN":"G42010100040D","pct_black":null},"geometry":{"type":"Polygon","coordinates":[[[-75.21242800042607,39.925230000273444],[-75.2120570003496,39.92356199978361],[-75.21079000053156,39.92209500020916],[-75.20852599984951,39.92103300003421],[-75.20339600049773,39.921007000134374],[-75.20170000007869,39.9198340003059],[-75.22498799980691,39.91506400034228],[-75.21676800014097,39.9269560000848],[-75.21242800042607,39.925230000273444]]]}},{"id":"752","type":"Feature","properties":{"GISJOIN":"G42010100040E","pct_black":0.04},"geometry":{"type":"Polygon","coordinates":[[[-75.22323600017359,39.91758900015355],[-75.22918000032126,39.909126999672885],[-75.23058399986952,39.911492000058615],[-75.23462999946683,39.91484799994766],[-75.22753800000471,39.91984000001619],[-75.2258929998121,39.91849900005912],[-75.22323600017359,39.91758900015355]]]}},{"id":"753","type":"Feature","properties":{"GISJOIN":"G42010100040F","pct_black":0.04},"geometry":{"type":"Polygon","coordinates":[[[-75.22753800000471,39.91984000001619],[-75.23462999946683,39.91484799994766],[-75.23951099936995,39.91897900020832],[-75.232437999838,39.92396999967151],[-75.22753800000471,39.91984000001619]]]}},{"id":"754","type":"Feature","properties":{"GISJOIN":"G42010100040G","pct_black":13.56},"geometry":{"type":"Polygon","coordinates":[[[-75.232437999838,39.92396999967151],[-75.24493499951159,39.91544999990594],[-75.24686799984327,39.9180990004224],[-75.24685600017175,39.918759000255136],[-75.23559400004955,39.92664000034624],[-75.232437999838,39.92396999967151]]]}},{"id":"755","type":"Feature","properties":{"GISJOIN":"G42010100040H","pct_black":10.12},"geometry":{"type":"Polygon","coordinates":[[[-75.23547800004668,39.92887700045388],[-75.23698599959063,39.927821000034285],[-75.23559400004955,39.92664000034624],[-75.24734100013691,39.918541000464174],[-75.24775899948436,39.92170800034039],[-75.24433599968144,39.92624999963076],[-75.24396600020741,39.92953199966372],[-75.24438100002475,39.930398999816894],[-75.24297199981535,39.930940000397165],[-75.23547800004668,39.92887700045388]]]}},{"id":"756","type":"Feature","properties":{"GISJOIN":"G42010100040I","pct_black":1.14},"geometry":{"type":"Polygon","coordinates":[[[-75.23951099936995,39.91897900020832],[-75.23273099953722,39.913305000188046],[-75.23317932508671,39.91273927723351],[-75.23913700053713,39.90783399996502],[-75.24118500018331,39.90736800038421],[-75.24354900045273,39.913679999802575],[-75.24493499951159,39.91544999990594],[-75.23951099936995,39.91897900020832]]]}},{"id":"757","type":"Feature","properties":{"GISJOIN":"G42010100040J","pct_black":0.0},"geometry":{"type":"Polygon","coordinates":[[[-75.22918000032126,39.909126999672885],[-75.2335539996648,39.904326999987],[-75.2386429996201,39.89869099966187],[-75.24136800016154,39.90738199989551],[-75.23913700053713,39.90783399996502],[-75.23273099953722,39.913305000188046],[-75.23058399986952,39.911492000058615],[-75.22918000032126,39.909126999672885]]]}},{"id":"758","type":"Feature","properties":{"GISJOIN":"G42010100040K","pct_black":4.22},"geometry":{"type":"Polygon","coordinates":[[[-75.24678699966809,39.9179149996073],[-75.24354900045273,39.913679999802575],[-75.24211499993454,39.90900000032537],[-75.2525249995912,39.897706999716824],[-75.25509300044956,39.89875600031274],[-75.25576600004193,39.89976500017399],[-75.2512880005876,39.90440299977537],[-75.25349199949517,39.90558500012044],[-75.25022400018402,39.907808000007925],[-75.24992899975905,39.909351999872975],[-75.2514979998601,39.91005100001231],[-75.2470680001906,39.9137780003618],[-75.24771499988735,39.91483699953561],[-75.24675200038548,39.91623200034758],[-75.24723800058813,39.91864199975195],[-75.24685600017175,39.918759000255136],[-75.24678699966809,39.9179149996073]]]}},{"id":"759","type":"Feature","properties":{"GISJOIN":"G42010100040L","pct_black":38.49},"geometry":{"type":"Polygon","coordinates":[[[-75.24211499993454,39.90900000032537],[-75.2386429996201,39.89869099966187],[-75.24384700036599,39.892918000247654],[-75.24676599969321,39.89445700010545],[-75.24713099960798,39.89406900007148],[-75.24729299960755,39.89458599990717],[-75.25253400061739,39.89740199981589],[-75.24211499993454,39.90900000032537]]]}},{"id":"760","type":"Feature","properties":{"GISJOIN":"G42010100040M","pct_black":62.61},"geometry":{"type":"Polygon","coordinates":[[[-75.23356299966052,39.890079000129006],[-75.23433199999621,39.89072700043901],[-75.23622745354908,39.88867046161672],[-75.24384700036599,39.892918000247654],[-75.22918000032126,39.909126999672885],[-75.22500699957503,39.901970999668244],[-75.22613599962695,39.89832100032142],[-75.23058099950127,39.89285400016546],[-75.23356299966052,39.890079000129006]]]}},{"id":"761","type":"Feature","properties":{"GISJOIN":"G42010100040N","pct_black":62.65},"geometry":{"type":"Polygon","coordinates":[[[-75.2525249995912,39.897706999716824],[-75.24713099960798,39.89406900007148],[-75.24676599969321,39.89445700010545],[-75.24384700036599,39.892918000247654],[-75.25548900043788,39.880031000086944],[-75.25833799971414,39.87815700003724],[-75.26253900003442,39.87657800018783],[-75.26532500031168,39.88163000035323],[-75.26187100001506,39.88281499964568],[-75.26440800044023,39.88432000045802],[-75.26460199991504,39.88473699959862],[-75.26275899986794,39.88593100002307],[-75.26454899997645,39.88622600014194],[-75.26511299982192,39.88752400042077],[-75.26427599974498,39.88840099983134],[-75.26230600036287,39.888537000322515],[-75.26174299958517,39.89177400009175],[-75.2591119998165,39.892435999944844],[-75.25690800022954,39.89453799982871],[-75.25665899993822,39.894932999938405],[-75.25736199946815,39.8958440000111],[-75.25509300044956,39.89875600031274],[-75.2525249995912,39.897706999716824]]]}},{"id":"762","type":"Feature","properties":{"GISJOIN":"G42010100040O","pct_black":58.94},"geometry":{"type":"Polygon","coordinates":[[[-75.23433199999621,39.89072700043901],[-75.23244900033443,39.88968399974449],[-75.23342599955268,39.88917799995254],[-75.23416100011504,39.889673999867675],[-75.23866600030665,39.88331100040326],[-75.23814700057042,39.88062199967915],[-75.24094299987473,39.8769340003283],[-75.24084100058354,39.87489000006605],[-75.24256800042593,39.87295500023001],[-75.24843099985993,39.87648499958358],[-75.25225700014431,39.87593700007727],[-75.26253900003442,39.87657800018783],[-75.25833799971414,39.87815700003724],[-75.25548900043788,39.880031000086944],[-75.24384700036599,39.892918000247654],[-75.23622745354908,39.88867046161672],[-75.23433199999621,39.89072700043901]]]}},{"id":"763","type":"Feature","properties":{"GISJOIN":"G42010100040R","pct_black":0.0},"geometry":{"type":"Polygon","coordinates":[[[-75.1972600003024,39.89261800039414],[-75.19865765324032,39.88588223389022],[-75.19534046278672,39.88280489348364],[-75.19523599989985,39.87736499956685],[-75.19985699973945,39.87322200033014],[-75.21146299987177,39.867004000045],[-75.21603900053515,39.871115000031786],[-75.2157219997635,39.876086999678215],[-75.21973500055107,39.875472999993065],[-75.23412199991287,39.87718099992519],[-75.2363700001998,39.87618700020478],[-75.23693199995678,39.87511599985976],[-75.24047000047867,39.87238099998184],[-75.24256800042593,39.87295500023001],[-75.24084100058354,39.87489000006605],[-75.24094299987473,39.8769340003283],[-75.23814700057042,39.88062199967915],[-75.23866600030665,39.88331100040326],[-75.23416100011504,39.889673999867675],[-75.23342599955268,39.88917799995254],[-75.22885899965586,39.89001300003972],[-75.2278209996891,39.890454999808505],[-75.22855000016007,39.89132099958099],[-75.22516800003037,39.89174400036778],[-75.21176200046344,39.897747000324436],[-75.20812400044446,39.89567499992297],[-75.1972600003024,39.89261800039414]]]}},{"id":"764","type":"Feature","properties":{"GISJOIN":"G42010100040S","pct_black":0.0},"geometry":{"type":"Polygon","coordinates":[[[-75.21176200046344,39.897747000324436],[-75.22516800003037,39.89174400036778],[-75.22855000016007,39.89132099958099],[-75.2278209996891,39.890454999808505],[-75.22885899965586,39.89001300003972],[-75.23184400005368,39.889599000128804],[-75.23356299966052,39.890079000129006],[-75.23058099950127,39.89285400016546],[-75.22592399990508,39.89874299966901],[-75.22500699957503,39.901970999668244],[-75.22918000032126,39.909126999672885],[-75.22498799980691,39.91506400034228],[-75.20170000007869,39.9198340003059],[-75.20684099963287,39.91118600029494],[-75.21390600035919,39.91107200047794],[-75.21612300048005,39.909636999730225],[-75.21492700039182,39.90161600037273],[-75.21176200046344,39.897747000324436]]]}},{"id":"765","type":"Feature","properties":{"GISJOIN":"G42010100041A","pct_black":0.0},"geometry":{"type":"Polygon","coordinates":[[[-74.98071800032868,40.06472000029024],[-74.98108099968768,40.06242199980638],[-74.98037799987621,40.0603489999676],[-74.98489299991309,40.05728699960925],[-74.9839759995976,40.05490599982131],[-74.98816999985951,40.051239000164855],[-74.99626999947054,40.04720200025517],[-75.00479499963227,40.05474700029728],[-75.0010869996211,40.057273000162056],[-74.99158200044758,40.059829000133185],[-74.98417100036504,40.06407499990139],[-74.98071800032868,40.06472000029024]]]}},{"id":"766","type":"Feature","properties":{"GISJOIN":"G42010100041B","pct_black":0.67},"geometry":{"type":"Polygon","coordinates":[[[-74.97398100037144,40.048595000233036],[-74.98657299932509,40.03895800024111],[-74.99626999947054,40.04720200025517],[-74.98816999985951,40.051239000164855],[-74.98390400063421,40.05499399969635],[-74.98202199993595,40.05372700040972],[-74.97973499988383,40.05354700031044],[-74.97398100037144,40.048595000233036]]]}},{"id":"767","type":"Feature","properties":{"GISJOIN":"G42010100041C","pct_black":1.1},"geometry":{"type":"Polygon","coordinates":[[[-74.99626999947054,40.04720200025517],[-75.00844500014979,40.039880999932585],[-75.0150180004307,40.03706700000206],[-75.01636387662678,40.03657661680303],[-75.01843400027158,40.03876599999038],[-75.02168199977042,40.037087999578794],[-75.02190800028768,40.037433000229015],[-75.02181199979825,40.03939099978207],[-75.02039200041212,40.04352999978298],[-75.01844100015303,40.044118000342124],[-75.00479499963227,40.05474700029728],[-74.99626999947054,40.04720200025517]]]}},{"id":"768","type":"Feature","properties":{"GISJOIN":"G42010100041D","pct_black":0.0},"geometry":{"type":"Polygon","coordinates":[[[-74.98657299932509,40.03895800024111],[-75.00207953796733,40.02792994798758],[-75.00841300049433,40.035428999824646],[-75.01060392847296,40.0340575068307],[-75.01128215923899,40.03451346801545],[-75.01339086159207,40.033668122496906],[-75.01419418815331,40.034386229384765],[-75.0136356719982,40.035772775026885],[-75.01131200048927,40.03704099962917],[-75.01254099959148,40.038027000113736],[-75.0081660004995,40.040034000040706],[-74.99626999947054,40.04720200025517],[-74.98657299932509,40.03895800024111]]]}},{"id":"769","type":"Feature","properties":{"GISJOIN":"G42010100041E","pct_black":51.37},"geometry":{"type":"Polygon","coordinates":[[[-75.00207953796733,40.02792994798758],[-75.01377599963806,40.02016600004566],[-75.01558300016471,40.02313399959778],[-75.02250800022975,40.03083199962694],[-75.01804799994584,40.03331900040587],[-75.02179499972706,40.03413599965321],[-75.02119900019721,40.035659000155654],[-75.02168199977042,40.037087999578794],[-75.01843400027158,40.03876599999038],[-75.01636387662678,40.03657661680303],[-75.01254099959148,40.038027000113736],[-75.01131200048927,40.03704099962917],[-75.0136356719982,40.035772775026885],[-75.01419418815331,40.034386229384765],[-75.01339086159207,40.033668122496906],[-75.01128215923899,40.03451346801545],[-75.01060392847296,40.0340575068307],[-75.00841300049433,40.035428999824646],[-75.00207953796733,40.02792994798758]]]}},{"id":"770","type":"Feature","properties":{"GISJOIN":"G42010100041G","pct_black":8.01},"geometry":{"type":"Polygon","coordinates":[[[-75.02181199979825,40.03939099978207],[-75.02119800026964,40.03574599971024],[-75.02160299957663,40.03399600024195],[-75.02841300025875,40.02975800001465],[-75.02970600056646,40.03094699990127],[-75.02798000034127,40.03189400026701],[-75.03066299973243,40.03496499992548],[-75.03342699970543,40.0394729996202],[-75.02185199951353,40.04367699984919],[-75.02039200041212,40.04352999978298],[-75.02181199979825,40.03939099978207]]]}},{"id":"771","type":"Feature","properties":{"GISJOIN":"G42010100041H","pct_black":0.03},"geometry":{"type":"Polygon","coordinates":[[[-75.02841300025875,40.02975800001465],[-75.03275199958475,40.02705000029738],[-75.04059399976175,40.036858999781344],[-75.03342699970543,40.0394729996202],[-75.03066299973243,40.03496499992548],[-75.02798000034127,40.03189400026701],[-75.02970600056646,40.03094699990127],[-75.02841300025875,40.02975800001465]]]}},{"id":"772","type":"Feature","properties":{"GISJOIN":"G42010100041I","pct_black":0.9},"geometry":{"type":"Polygon","coordinates":[[[-75.03275199958475,40.02705000029738],[-75.03945199973427,40.022916999553935],[-75.03999499976229,40.02362999997157],[-75.038625000113,40.02423900047091],[-75.04677000063838,40.033682999708894],[-75.04059399976175,40.036858999781344],[-75.03275199958475,40.02705000029738]]]}},{"id":"773","type":"Feature","properties":{"GISJOIN":"G42010100041J","pct_black":0.0},"geometry":{"type":"Polygon","coordinates":[[[-75.04745299997005,40.028293999564575],[-75.05449499953738,40.02464800032112],[-75.05360400030936,40.0236150000002],[-75.05751300012679,40.02159700040612],[-75.0624189997269,40.02713600037496],[-75.0568719998907,40.02894299975995],[-75.05337899956754,40.03164700036923],[-75.05097200010604,40.03232399983355],[-75.04745299997005,40.028293999564575]]]}},{"id":"774","type":"Feature","properties":{"GISJOIN":"G42010100041K","pct_black":0.0},"geometry":{"type":"Polygon","coordinates":[[[-75.05751300012679,40.02159700040612],[-75.06511299976786,40.01751099998996],[-75.06862300049191,40.02151399971622],[-75.0733639995647,40.02536900016434],[-75.06239400025079,40.027443999835086],[-75.05751300012679,40.02159700040612]]]}},{"id":"775","type":"Feature","properties":{"GISJOIN":"G42010100041L","pct_black":0.02},"geometry":{"type":"Polygon","coordinates":[[[-75.05281599951581,40.01611899965894],[-75.06133899997438,40.01276399957024],[-75.06511299976786,40.01751099998996],[-75.05751300012679,40.02159700040612],[-75.05281599951581,40.01611899965894]]]}},{"id":"776","type":"Feature","properties":{"GISJOIN":"G42010100041M","pct_black":0.0},"geometry":{"type":"Polygon","coordinates":[[[-75.04538100013171,40.019867999915014],[-75.05281599951581,40.01611899965894],[-75.05751300012679,40.02159700040612],[-75.05360400030936,40.0236150000002],[-75.05449499953738,40.02464800032112],[-75.05110399992691,40.02640699957288],[-75.04538100013171,40.019867999915014]]]}},{"id":"777","type":"Feature","properties":{"GISJOIN":"G42010100041N","pct_black":0.0},"geometry":{"type":"Polygon","coordinates":[[[-75.03945199973427,40.022916999553935],[-75.04538100013171,40.019867999915014],[-75.05110399992691,40.02640699957288],[-75.04745299997005,40.028293999564575],[-75.05097200010604,40.03232399983355],[-75.04677000063838,40.033682999708894],[-75.038625000113,40.02423900047091],[-75.03999499976229,40.02362999997157],[-75.03945199973427,40.022916999553935]]]}},{"id":"778","type":"Feature","properties":{"GISJOIN":"G42010100041O","pct_black":0.0},"geometry":{"type":"Polygon","coordinates":[[[-75.04322899950547,40.01188900021588],[-75.04708999999845,40.00994100027207],[-75.0522249998364,40.00546000021458],[-75.05844700044719,40.012424999671126],[-75.06065000014667,40.01111400041723],[-75.06156499998428,40.01228100030138],[-75.04879000052239,40.018141000128544],[-75.04322899950547,40.01188900021588]]]}},{"id":"779","type":"Feature","properties":{"GISJOIN":"G42010100041P","pct_black":3.95},"geometry":{"type":"Polygon","coordinates":[[[-75.03058299972346,40.016194000280734],[-75.04322899950547,40.01188900021588],[-75.04879000052239,40.018141000128544],[-75.03613200034228,40.024946000016946],[-75.0319650000588,40.02004899987397],[-75.03058299972346,40.016194000280734]]]}},{"id":"780","type":"Feature","properties":{"GISJOIN":"G42010100041Q","pct_black":27.95},"geometry":{"type":"Polygon","coordinates":[[[-75.01377599963806,40.02016600004566],[-75.03058299972346,40.016194000280734],[-75.0319650000588,40.02004899987397],[-75.03613200034228,40.024946000016946],[-75.02160299957663,40.03399600024195],[-75.02001200040067,40.03387699989925],[-75.01804799994584,40.03331900040587],[-75.02250800022975,40.03083199962694],[-75.01558300016471,40.02313399959778],[-75.01377599963806,40.02016600004566]]]}},{"id":"781","type":"Feature","properties":{"GISJOIN":"G42010100042A","pct_black":0.05},"geometry":{"type":"Polygon","coordinates":[[[-75.11224799953791,40.04321000014046],[-75.11447999968532,40.03972300028555],[-75.11310700001295,40.03656700009438],[-75.11608300008557,40.03303700014888],[-75.12403299998684,40.03403900011192],[-75.12353500030301,40.03871900044297],[-75.12207799966322,40.04166400009263],[-75.12143200051565,40.04473100019165],[-75.11411900056086,40.0436439997828],[-75.11357899994509,40.04273900042857],[-75.11306999976016,40.043970999518976],[-75.11224799953791,40.04321000014046]]]}},{"id":"782","type":"Feature","properties":{"GISJOIN":"G42010100042B","pct_black":0.0},"geometry":{"type":"Polygon","coordinates":[[[-75.12176888282804,40.03383452036517],[-75.12519600038756,40.0323050002344],[-75.13129000011135,40.03281800022707],[-75.12849499954032,40.04562599961302],[-75.12143200051565,40.04473100019165],[-75.12207799966322,40.04166400009263],[-75.12353500030301,40.03871900044297],[-75.12403299998684,40.03403900011192],[-75.12176888282804,40.03383452036517]]]}},{"id":"783","type":"Feature","properties":{"GISJOIN":"G42010100042C","pct_black":0.04},"geometry":{"type":"Polygon","coordinates":[[[-75.13129000011135,40.03281800022707],[-75.13504199990248,40.033283999773445],[-75.13447200042714,40.03851399978167],[-75.13496900018599,40.04022000021248],[-75.13472400053826,40.04613400017723],[-75.12849499954032,40.04562599961302],[-75.13129000011135,40.03281800022707]]]}},{"id":"784","type":"Feature","properties":{"GISJOIN":"G42010100042D","pct_black":0.0},"geometry":{"type":"Polygon","coordinates":[[[-75.13328700021745,40.0237839999541],[-75.13566400044756,40.02315500001841],[-75.1350959997723,40.02607899954274],[-75.13504199990248,40.033283999773445],[-75.13129000011135,40.03281800022707],[-75.13328700021745,40.0237839999541]]]}},{"id":"785","type":"Feature","properties":{"GISJOIN":"G42010100042E","pct_black":0.0},"geometry":{"type":"Polygon","coordinates":[[[-75.12171099997036,40.03347000025402],[-75.12352500012867,40.02546300027402],[-75.13328700021745,40.0237839999541],[-75.13129000011135,40.03281800022707],[-75.12553699975494,40.03228099972697],[-75.12123487546407,40.033765091122405],[-75.12171099997036,40.03347000025402]]]}},{"id":"786","type":"Feature","properties":{"GISJOIN":"G42010100042F","pct_black":0.05},"geometry":{"type":"Polygon","coordinates":[[[-75.11277299969414,40.02703600020227],[-75.12352500012867,40.02546300027402],[-75.12171099997036,40.03347000025402],[-75.11608300008557,40.03303700014888],[-75.11290000036087,40.03644500014721],[-75.11066700028351,40.033249000232935],[-75.11094799970932,40.02884699978654],[-75.11279200013725,40.0276760004595],[-75.11277299969414,40.02703600020227]]]}},{"id":"787","type":"Feature","properties":{"GISJOIN":"G42010100042G","pct_black":0.01},"geometry":{"type":"Polygon","coordinates":[[[-75.107063000344,40.016776999750164],[-75.1113599999238,40.015866999758934],[-75.11126947500303,40.016277591816795],[-75.11732400028333,40.017443999668096],[-75.11715399974722,40.01900600014814],[-75.12140700010602,40.01954799990778],[-75.12048099980937,40.021090000408265],[-75.11973500040531,40.02601700015108],[-75.11277299969414,40.02703600020227],[-75.11269199983282,40.02600699994125],[-75.11144699963602,40.0254969995952],[-75.11164599977415,40.024542000352085],[-75.1107830002413,40.022380000459094],[-75.10921499946276,40.022074000215916],[-75.1070120001915,40.02327399965977],[-75.10584800041636,40.02288000003985],[-75.10442899988804,40.02338400011396],[-75.10320400041006,40.02105700044538],[-75.10390199973442,40.01946399953718],[-75.10528499937226,40.0193910002479],[-75.10714699994467,40.01808799977236],[-75.10744999943577,40.0173049998877],[-75.107063000344,40.016776999750164]]]}},{"id":"788","type":"Feature","properties":{"GISJOIN":"G42010100042H","pct_black":0.0},"geometry":{"type":"Polygon","coordinates":[[[-75.11732400028333,40.017443999668096],[-75.12888300034612,40.01894499971165],[-75.12696700034127,40.02481800003089],[-75.11944599960545,40.02592199969321],[-75.12048099980937,40.021090000408265],[-75.12140700010602,40.01954799990778],[-75.11715399974722,40.01900600014814],[-75.11732400028333,40.017443999668096]]]}},{"id":"789","type":"Feature","properties":{"GISJOIN":"G42010100042I","pct_black":0.0},"geometry":{"type":"Polygon","coordinates":[[[-75.12888300034612,40.01894499971165],[-75.13587600007793,40.01986599960145],[-75.13566400044756,40.02315500001841],[-75.12696700034127,40.02481800003089],[-75.12888300034612,40.01894499971165]]]}},{"id":"790","type":"Feature","properties":{"GISJOIN":"G42010100043A","pct_black":0.0},"geometry":{"type":"Polygon","coordinates":[[[-75.13585800018373,40.01198199996483],[-75.1412520002881,40.01268499998536],[-75.14720499969309,40.01518799984165],[-75.14711000000442,40.02127999982328],[-75.13419399954137,40.019618999742754],[-75.13585800018373,40.01198199996483]]]}},{"id":"791","type":"Feature","properties":{"GISJOIN":"G42010100043B","pct_black":12.45},"geometry":{"type":"Polygon","coordinates":[[[-75.14714300024303,40.01901000025727],[-75.15384900032012,40.01589100047639],[-75.15609399962827,40.019694999639235],[-75.15903499976352,40.02280000011554],[-75.14711000000442,40.02127999982328],[-75.14714300024303,40.01901000025727]]]}},{"id":"792","type":"Feature","properties":{"GISJOIN":"G42010100043C","pct_black":8.19},"geometry":{"type":"Polygon","coordinates":[[[-75.14714300024303,40.01901000025727],[-75.14732500048714,40.01038200005175],[-75.14881700042821,40.00269799966799],[-75.15112200002793,40.01024900013869],[-75.15384900032012,40.01589100047639],[-75.14714300024303,40.01901000025727]]]}},{"id":"793","type":"Feature","properties":{"GISJOIN":"G42010100043D","pct_black":0.36},"geometry":{"type":"Polygon","coordinates":[[[-75.13585800018373,40.01198199996483],[-75.13685799964722,40.007394000292585],[-75.14760300047747,40.008778999880654],[-75.14720499969309,40.01518799984165],[-75.1412520002881,40.01268499998536],[-75.13585800018373,40.01198199996483]]]}},{"id":"794","type":"Feature","properties":{"GISJOIN":"G42010100043E","pct_black":1.51},"geometry":{"type":"Polygon","coordinates":[[[-75.13766899986214,40.00364500009012],[-75.14019800053435,39.99208599980317],[-75.1478869997749,39.99307799966956],[-75.1467309998609,39.99762699981016],[-75.14771700010914,39.999973999835255],[-75.13766899986214,40.00364500009012]]]}},{"id":"795","type":"Feature","properties":{"GISJOIN":"G42010100043F","pct_black":0.1},"geometry":{"type":"Polygon","coordinates":[[[-75.13766899986214,40.00364500009012],[-75.14771700010914,39.999973999835255],[-75.14884200037686,40.002955000213795],[-75.14760300047747,40.008778999880654],[-75.13685799964722,40.007394000292585],[-75.13766899986214,40.00364500009012]]]}},{"id":"796","type":"Feature","properties":{"GISJOIN":"G42010100044A","pct_black":39.79},"geometry":{"type":"Polygon","coordinates":[[[-75.21346900034254,39.97779100013095],[-75.21221099945625,39.973242000037686],[-75.21776699981633,39.9726269995335],[-75.21717199998385,39.97035100018598],[-75.22537199945864,39.96951700022065],[-75.22584100008058,39.97143000013484],[-75.2287349995797,39.97110699986783],[-75.23017099948953,39.978793999730186],[-75.22676499991923,39.97721099982748],[-75.2237889998787,39.98151999988608],[-75.21346900034254,39.97779100013095]]]}},{"id":"797","type":"Feature","properties":{"GISJOIN":"G42010100044B","pct_black":93.59},"geometry":{"type":"Polygon","coordinates":[[[-75.21214799958945,39.97301200026436],[-75.2105599994029,39.96257100022907],[-75.21306000053318,39.96257700016291],[-75.21401799965928,39.95864300017913],[-75.2170019994742,39.959015000353254],[-75.21618100046483,39.96254599966642],[-75.21776699981633,39.9726269995335],[-75.21214799958945,39.97301200026436]]]}},{"id":"798","type":"Feature","properties":{"GISJOIN":"G42010100044C","pct_black":89.78},"geometry":{"type":"Polygon","coordinates":[[[-75.22311800005674,39.969746999562105],[-75.2219520006492,39.964249999664986],[-75.2278600005575,39.966190999943045],[-75.2287349995797,39.97110699986783],[-75.22584100008058,39.97143000013484],[-75.22537199945864,39.96951700022065],[-75.22311800005674,39.969746999562105]]]}},{"id":"799","type":"Feature","properties":{"GISJOIN":"G42010100044D","pct_black":84.25},"geometry":{"type":"Polygon","coordinates":[[[-75.2170019994742,39.959015000353254],[-75.21917500040584,39.959287999862454],[-75.21982399998974,39.963784999681906],[-75.2219520006492,39.964249999664986],[-75.22311800005674,39.969746999562105],[-75.21717199998385,39.97035100018598],[-75.21618100046483,39.96254599966642],[-75.2170019994742,39.959015000353254]]]}},{"id":"800","type":"Feature","properties":{"GISJOIN":"G42010100044E","pct_black":92.83},"geometry":{"type":"Polygon","coordinates":[[[-75.2278600005575,39.966190999943045],[-75.21982399998974,39.963784999681906],[-75.21917500040584,39.959287999862454],[-75.22864499973257,39.960463000151506],[-75.2278600005575,39.966190999943045]]]}},{"id":"801","type":"Feature","properties":{"GISJOIN":"G42010100045A","pct_black":0.0},"geometry":{"type":"Polygon","coordinates":[[[-75.05371199985395,40.00407800031533],[-75.05808899954994,39.997403999705355],[-75.05850199973952,39.99480099985179],[-75.05991300022224,39.991529000486224],[-75.06604700055387,39.99551800000204],[-75.07123099978642,40.00251199957511],[-75.07314900019081,40.001517000356266],[-75.07456800039432,40.00342699998355],[-75.065901000478,40.00603800023166],[-75.06266799975175,40.006169000122284],[-75.06169000046216,40.00678600034484],[-75.05822599967807,40.00541199991778],[-75.05845699940065,40.00498800007151],[-75.05371199985395,40.00407800031533]]]}},{"id":"802","type":"Feature","properties":{"GISJOIN":"G42010100045C","pct_black":0.02},"geometry":{"type":"Polygon","coordinates":[[[-75.05991300022224,39.991529000486224],[-75.06574799995106,39.984643000341485],[-75.06956199993755,39.98626100019238],[-75.07150200002984,39.98530799966557],[-75.07880499985055,39.99118799969988],[-75.08407699969688,39.996855999646634],[-75.08178500027212,39.99860199974086],[-75.08183499981388,39.999419000027494],[-75.07979600050099,39.99966700027518],[-75.07736299982494,40.00356000016714],[-75.07514600010978,40.00285400015263],[-75.07456800039432,40.00342699998355],[-75.07314900019081,40.001517000356266],[-75.07123099978642,40.00251199957511],[-75.06604700055387,39.99551800000204],[-75.05991300022224,39.991529000486224]]]}},{"id":"803","type":"Feature","properties":{"GISJOIN":"G42010100045D","pct_black":0.0},"geometry":{"type":"Polygon","coordinates":[[[-75.0865049998873,39.99882500040898],[-75.08318300047385,39.996047999755156],[-75.08087399983992,39.99342899957481],[-75.0896160006179,39.98906399981251],[-75.09452300026575,39.99460299973326],[-75.0865049998873,39.99882500040898]]]}},{"id":"804","type":"Feature","properties":{"GISJOIN":"G42010100045E","pct_black":0.0},"geometry":{"type":"Polygon","coordinates":[[[-75.09205699950436,40.00493699987176],[-75.08798399991323,40.00302999974118],[-75.0865049998873,39.99882500040898],[-75.09452300026575,39.99460299973326],[-75.10008500046246,40.000976999814675],[-75.1041970000471,40.001524999987886],[-75.09249399960879,40.007975999632876],[-75.09200899979417,40.00721799997414],[-75.09269999990796,40.005673999752155],[-75.09205699950436,40.00493699987176]]]}},{"id":"805","type":"Feature","properties":{"GISJOIN":"G42010100045G","pct_black":0.0},"geometry":{"type":"Polygon","coordinates":[[[-75.09794899993045,39.99849599993849],[-75.10970900008917,39.992333999934324],[-75.11338699946887,39.996493000010254],[-75.1041970000471,40.001524999987886],[-75.10008500046246,40.000976999814675],[-75.09794899993045,39.99849599993849]]]}},{"id":"806","type":"Feature","properties":{"GISJOIN":"G42010100045H","pct_black":2.61},"geometry":{"type":"Polygon","coordinates":[[[-75.09452300026575,39.99460299973326],[-75.09700699992624,39.99339899980674],[-75.09572600008538,39.99195000036196],[-75.10506400019933,39.98707300036353],[-75.10970900008917,39.992333999934324],[-75.09794899993045,39.99849599993849],[-75.09452300026575,39.99460299973326]]]}},{"id":"807","type":"Feature","properties":{"GISJOIN":"G42010100045I","pct_black":0.16},"geometry":{"type":"Polygon","coordinates":[[[-75.0896160006179,39.98906399981251],[-75.10143900037502,39.982974000014174],[-75.10506400019933,39.98707300036353],[-75.09572600008538,39.99195000036196],[-75.09700699992624,39.99339899980674],[-75.09452300026575,39.99460299973326],[-75.0896160006179,39.98906399981251]]]}},{"id":"808","type":"Feature","properties":{"GISJOIN":"G42010100045J","pct_black":1.97},"geometry":{"type":"Polygon","coordinates":[[[-75.08087399983992,39.99342899957481],[-75.07150200002984,39.98530799966557],[-75.06956199993755,39.98626100019238],[-75.06574799995106,39.984643000341485],[-75.07126399985616,39.98049300014153],[-75.075604999911,39.97804100012543],[-75.08583099978384,39.97510199975276],[-75.09236500013895,39.97453600036223],[-75.0977820001555,39.97881299984615],[-75.10143900037502,39.982974000014174],[-75.08087399983992,39.99342899957481]]]}},{"id":"809","type":"Feature","properties":{"GISJOIN":"G42010100046A","pct_black":26.23},"geometry":{"type":"Polygon","coordinates":[[[-75.21239299974413,39.95181099974422],[-75.22227900013566,39.953040000381215],[-75.22092000009107,39.95950500035951],[-75.21103899972586,39.95827599977685],[-75.21239299974413,39.95181099974422]]]}},{"id":"810","type":"Feature","properties":{"GISJOIN":"G42010100046B","pct_black":66.32},"geometry":{"type":"Polygon","coordinates":[[[-75.22227900013566,39.953040000381215],[-75.23215299967744,39.954261999496474],[-75.23080099970326,39.960722000360725],[-75.22092000009107,39.95950500035951],[-75.22227900013566,39.953040000381215]]]}},{"id":"811","type":"Feature","properties":{"GISJOIN":"G42010100046C","pct_black":81.51},"geometry":{"type":"Polygon","coordinates":[[[-75.23215299967744,39.954261999496474],[-75.2401369997589,39.955252000401394],[-75.23878500058747,39.96171499975647],[-75.23080099970326,39.960722000360725],[-75.23215299967744,39.954261999496474]]]}},{"id":"812","type":"Feature","properties":{"GISJOIN":"G42010100046D","pct_black":64.33},"geometry":{"type":"Polygon","coordinates":[[[-75.23816599991973,39.95501100040503],[-75.23879599956172,39.95194199996558],[-75.25081599937562,39.953475000142284],[-75.24916300023783,39.95551400035774],[-75.24892600054798,39.95662799985624],[-75.25088300052695,39.95902399978111],[-75.24845899962651,39.96033300025536],[-75.24768799951443,39.96281700020544],[-75.23878500058747,39.96171499975647],[-75.2401369997589,39.955252000401394],[-75.23816599991973,39.95501100040503]]]}},{"id":"813","type":"Feature","properties":{"GISJOIN":"G42010100046E","pct_black":59.35},"geometry":{"type":"Polygon","coordinates":[[[-75.24005200051714,39.945917000059886],[-75.24702800053164,39.94341399977215],[-75.25149600006439,39.949250999563326],[-75.25112199983037,39.950700999591156],[-75.25164300068603,39.95195399967761],[-75.25114899973144,39.95316099979646],[-75.23879599956172,39.95194199996558],[-75.24005200051714,39.945917000059886]]]}},{"id":"814","type":"Feature","properties":{"GISJOIN":"G42010100046F","pct_black":56.65},"geometry":{"type":"Polygon","coordinates":[[[-75.23127099999171,39.94790900028272],[-75.24005200051714,39.945917000059886],[-75.23816599991973,39.95501100040503],[-75.22999900009489,39.953995999846896],[-75.23127099999171,39.94790900028272]]]}},{"id":"815","type":"Feature","properties":{"GISJOIN":"G42010100046G","pct_black":34.33},"geometry":{"type":"Polygon","coordinates":[[[-75.22331500046005,39.947925000103005],[-75.23127099999171,39.94790900028272],[-75.22999900009489,39.953995999846896],[-75.22227900013566,39.953040000381215],[-75.22331500046005,39.947925000103005]]]}},{"id":"816","type":"Feature","properties":{"GISJOIN":"G42010100046H","pct_black":8.68},"geometry":{"type":"Polygon","coordinates":[[[-75.21291999966978,39.94906499980857],[-75.22331500046005,39.947925000103005],[-75.22332899999839,39.94801199992732],[-75.22227900013566,39.953040000381215],[-75.21239299974413,39.95181099974422],[-75.21291999966978,39.94906499980857]]]}},{"id":"817","type":"Feature","properties":{"GISJOIN":"G42010100046I","pct_black":11.37},"geometry":{"type":"Polygon","coordinates":[[[-75.21010300045367,39.94669700027601],[-75.21524600003093,39.94308700005799],[-75.2191379998918,39.94418599989969],[-75.22331500046005,39.947925000103005],[-75.21291999966978,39.94906499980857],[-75.21010300045367,39.94669700027601]]]}},{"id":"818","type":"Feature","properties":{"GISJOIN":"G42010100047A","pct_black":95.84},"geometry":{"type":"Polygon","coordinates":[[[-75.15852599964926,39.97584999949158],[-75.16646299951383,39.976877000041156],[-75.16551100037908,39.98124400000961],[-75.15758099951692,39.980222999891566],[-75.15852599964926,39.97584999949158]]]}},{"id":"819","type":"Feature","properties":{"GISJOIN":"G42010100047B","pct_black":99.02},"geometry":{"type":"Polygon","coordinates":[[[-75.16615999951672,39.978307999937854],[-75.1727989996349,39.97915999971048],[-75.1721610003731,39.982100000500324],[-75.16551100037908,39.98124400000961],[-75.16615999951672,39.978307999937854]]]}},{"id":"820","type":"Feature","properties":{"GISJOIN":"G42010100047C","pct_black":85.59},"geometry":{"type":"Polygon","coordinates":[[[-75.16615999951672,39.978307999937854],[-75.1677029995013,39.97121100025392],[-75.17786199993026,39.9724800001326],[-75.17785200044177,39.974247000122745],[-75.173785000298,39.97467700014392],[-75.1727989996349,39.97915999971048],[-75.16615999951672,39.978307999937854]]]}},{"id":"821","type":"Feature","properties":{"GISJOIN":"G42010100047D","pct_black":91.04},"geometry":{"type":"Polygon","coordinates":[[[-75.15852599964926,39.97584999949158],[-75.15970200014816,39.970202000040246],[-75.1677029995013,39.97121100025392],[-75.16646299951383,39.976877000041156],[-75.15852599964926,39.97584999949158]]]}},{"id":"822","type":"Feature","properties":{"GISJOIN":"G42010100048A","pct_black":0.12},"geometry":{"type":"Polygon","coordinates":[[[-75.17528900036766,39.92886700022681],[-75.17629500020523,39.924250000080484],[-75.18693699988303,39.92231799967682],[-75.18523999999103,39.93014600033146],[-75.17528900036766,39.92886700022681]]]}},{"id":"823","type":"Feature","properties":{"GISJOIN":"G42010100048B","pct_black":6.6},"geometry":{"type":"Polygon","coordinates":[[[-75.18693699988303,39.92231799967682],[-75.19005900055139,39.92171599971473],[-75.19962230575719,39.93186789924063],[-75.18523999999103,39.93014600033146],[-75.18693699988303,39.92231799967682]]]}},{"id":"824","type":"Feature","properties":{"GISJOIN":"G42010100048C","pct_black":0.0},"geometry":{"type":"Polygon","coordinates":[[[-75.17780600005152,39.913089999561066],[-75.18188400020937,39.91351700010405],[-75.18089899989322,39.91797099972858],[-75.18740399993062,39.91906299957826],[-75.19005900055139,39.92171599971473],[-75.17629500020523,39.924250000080484],[-75.1782680001747,39.9150530002801],[-75.17718000011142,39.91489000003713],[-75.17780600005152,39.913089999561066]]]}},{"id":"825","type":"Feature","properties":{"GISJOIN":"G42010100048D","pct_black":3.42},"geometry":{"type":"Polygon","coordinates":[[[-75.18102539520288,39.896253885015405],[-75.19081300015293,39.89432300035242],[-75.19139300044166,39.89367800045608],[-75.19504100014638,39.89288300018813],[-75.19623900021585,39.893364999854924],[-75.1972600003024,39.89261800039414],[-75.20812400044446,39.89567499992297],[-75.21176200046344,39.897747000324436],[-75.19123299993257,39.906625000385304],[-75.18188400020937,39.91351700010405],[-75.17780600005152,39.913089999561066],[-75.18102539520288,39.896253885015405]]]}},{"id":"826","type":"Feature","properties":{"GISJOIN":"G42010100048E","pct_black":9.42},"geometry":{"type":"Polygon","coordinates":[[[-75.18188400020937,39.91351700010405],[-75.19123299993257,39.906625000385304],[-75.21176200046344,39.897747000324436],[-75.21492700039182,39.90161600037273],[-75.21612300048005,39.909636999730225],[-75.21390600035919,39.91107200047794],[-75.20684099963287,39.91118600029494],[-75.20170000007869,39.9198340003059],[-75.19005900055139,39.92171599971473],[-75.18740399993062,39.91906299957826],[-75.18089899989322,39.91797099972858],[-75.18188400020937,39.91351700010405]]]}},{"id":"827","type":"Feature","properties":{"GISJOIN":"G42010100048F","pct_black":0.0},"geometry":{"type":"Polygon","coordinates":[[[-75.20743300052887,39.93351299984734],[-75.19962230575719,39.93186789924063],[-75.19005900055139,39.92171599971473],[-75.20170000007869,39.9198340003059],[-75.20339600049773,39.921007000134374],[-75.20852599984951,39.92103300003421],[-75.21079000053156,39.92209500020916],[-75.2120570003496,39.92356199978361],[-75.21242800042607,39.925230000273444],[-75.21125299952892,39.9285190001845],[-75.20743300052887,39.93351299984734]]]}},{"id":"828","type":"Feature","properties":{"GISJOIN":"G42010100049A","pct_black":0.05},"geometry":{"type":"Polygon","coordinates":[[[-75.13472400053826,40.04613400017723],[-75.13496900018599,40.04022000021248],[-75.13447200042714,40.03851399978167],[-75.14457100039637,40.03983600033519],[-75.1428979993485,40.04749300016392],[-75.13472400053826,40.04613400017723]]]}},{"id":"829","type":"Feature","properties":{"GISJOIN":"G42010100049B","pct_black":22.19},"geometry":{"type":"Polygon","coordinates":[[[-75.1428979993485,40.04749300016392],[-75.14555399973614,40.035261999625845],[-75.14985900020422,40.035827000463556],[-75.14917400030605,40.037769999810884],[-75.15150499946765,40.04061200036381],[-75.1501020002807,40.04237400020291],[-75.14959599935119,40.04469700024544],[-75.15103200036815,40.04695000018522],[-75.15081999995316,40.04851799978555],[-75.1428979993485,40.04749300016392]]]}},{"id":"830","type":"Feature","properties":{"GISJOIN":"G42010100049C","pct_black":59.18},"geometry":{"type":"Polygon","coordinates":[[[-75.14917400030605,40.037769999810884],[-75.15098900053933,40.03303199975615],[-75.15236900001446,40.03138700022346],[-75.15812400039081,40.03082500028841],[-75.1576339997624,40.03140900021775],[-75.15763999986683,40.03320599961792],[-75.15960100018512,40.035136999971925],[-75.15836299998558,40.0363459996123],[-75.1579580002634,40.049024999792216],[-75.15081999995316,40.04851799978555],[-75.15103200036815,40.04695000018522],[-75.14959599935119,40.04469700024544],[-75.1501020002807,40.04237400020291],[-75.15150499946765,40.04061200036381],[-75.14917400030605,40.037769999810884]]]}},{"id":"831","type":"Feature","properties":{"GISJOIN":"G42010100049D","pct_black":0.3},"geometry":{"type":"Polygon","coordinates":[[[-75.13447200042714,40.03851399978167],[-75.13505999943706,40.029150000109894],[-75.13709099952975,40.02941200031977],[-75.13675699989655,40.030963999565316],[-75.14247100064571,40.031765999653956],[-75.146849999767,40.02948100000828],[-75.14457100039637,40.03983600033519],[-75.13447200042714,40.03851399978167]]]}},{"id":"832","type":"Feature","properties":{"GISJOIN":"G42010100049E","pct_black":0.04},"geometry":{"type":"Polygon","coordinates":[[[-75.14555399973614,40.035261999625845],[-75.14824500013056,40.02295900018208],[-75.1532819999019,40.029954999569526],[-75.15113200010096,40.032780000265554],[-75.14985900020422,40.035827000463556],[-75.14555399973614,40.035261999625845]]]}},{"id":"833","type":"Feature","properties":{"GISJOIN":"G42010100049F","pct_black":0.0},"geometry":{"type":"Polygon","coordinates":[[[-75.14824500013056,40.02295900018208],[-75.1485670003214,40.02147599970108],[-75.15903499976352,40.02280000011554],[-75.15955100025609,40.023924999669546],[-75.15903299977636,40.03031599982795],[-75.15444300025453,40.03152000002441],[-75.15236900001446,40.03138700022346],[-75.1532819999019,40.029954999569526],[-75.14824500013056,40.02295900018208]]]}},{"id":"834","type":"Feature","properties":{"GISJOIN":"G42010100049G","pct_black":0.15},"geometry":{"type":"Polygon","coordinates":[[[-75.14168199983241,40.02074700041589],[-75.1485670003214,40.02147599970108],[-75.146849999767,40.02948100000828],[-75.14247100064571,40.031765999653956],[-75.13930399977922,40.0312879999052],[-75.14168199983241,40.02074700041589]]]}},{"id":"835","type":"Feature","properties":{"GISJOIN":"G42010100049H","pct_black":0.06},"geometry":{"type":"Polygon","coordinates":[[[-75.13505999943706,40.029150000109894],[-75.13587700052112,40.01975699994736],[-75.14186700006354,40.020625999608185],[-75.13930399977922,40.0312879999052],[-75.13675699989655,40.030963999565316],[-75.13709099952975,40.02941200031977],[-75.13505999943706,40.029150000109894]]]}},{"id":"836","type":"Feature","properties":{"GISJOIN":"G42010100050A","pct_black":0.0},"geometry":{"type":"Polygon","coordinates":[[[-75.11098500011538,40.046769000331174],[-75.11106100011791,40.044346000205344],[-75.11224799953791,40.04321000014046],[-75.11306999976016,40.043970999518976],[-75.11357899994509,40.04273900042857],[-75.11411900056086,40.0436439997828],[-75.12356600066163,40.044992999681206],[-75.1221209995149,40.05315900006847],[-75.11098500011538,40.046769000331174]]]}},{"id":"837","type":"Feature","properties":{"GISJOIN":"G42010100050B","pct_black":0.08},"geometry":{"type":"Polygon","coordinates":[[[-75.1221209995149,40.05315900006847],[-75.12356600066163,40.044992999681206],[-75.12849499954032,40.04562599961302],[-75.12634700047013,40.05541600032806],[-75.1221209995149,40.05315900006847]]]}},{"id":"838","type":"Feature","properties":{"GISJOIN":"G42010100050C","pct_black":0.37},"geometry":{"type":"Polygon","coordinates":[[[-75.12634700047013,40.05541600032806],[-75.12714300018982,40.0517480003678],[-75.13776699978163,40.05311199968791],[-75.13658499972857,40.05856600026668],[-75.1370250001559,40.0587729998785],[-75.1352130001002,40.06089399965149],[-75.12634700047013,40.05541600032806]]]}},{"id":"839","type":"Feature","properties":{"GISJOIN":"G42010100050D","pct_black":0.21},"geometry":{"type":"Polygon","coordinates":[[[-75.1352130001002,40.06089399965149],[-75.1370250001559,40.0587729998785],[-75.13658499972857,40.05856600026668],[-75.13910700007156,40.04701099963793],[-75.1428979993485,40.04749300016392],[-75.1422140003134,40.05056299963701],[-75.1438410000344,40.05077100019484],[-75.14090100010053,40.06423099962513],[-75.1352130001002,40.06089399965149]]]}},{"id":"840","type":"Feature","properties":{"GISJOIN":"G42010100050E","pct_black":0.03},"geometry":{"type":"Polygon","coordinates":[[[-75.15158799982795,40.07031600040886],[-75.14090100010053,40.06423099962513],[-75.14229199986298,40.057941000419234],[-75.14921900014828,40.05843200015895],[-75.15351299948253,40.06428500030944],[-75.15158799982795,40.07031600040886]]]}},{"id":"841","type":"Feature","properties":{"GISJOIN":"G42010100050F","pct_black":0.07},"geometry":{"type":"Polygon","coordinates":[[[-75.16339099971955,40.07696300001021],[-75.15158799982795,40.07031600040886],[-75.15351299948253,40.06428500030944],[-75.1552540001249,40.06243100020726],[-75.15649999990048,40.06439400030713],[-75.16899000026821,40.07147299966053],[-75.16339099971955,40.07696300001021]]]}},{"id":"842","type":"Feature","properties":{"GISJOIN":"G42010100050G","pct_black":0.02},"geometry":{"type":"Polygon","coordinates":[[[-75.16339099971955,40.07696300001021],[-75.16899000026821,40.07147299966053],[-75.1755089999438,40.07521399979847],[-75.16993199958311,40.080809999792876],[-75.16339099971955,40.07696300001021]]]}},{"id":"843","type":"Feature","properties":{"GISJOIN":"G42010100050H","pct_black":0.19},"geometry":{"type":"Polygon","coordinates":[[[-75.16993199958311,40.080809999792876],[-75.1755089999438,40.07521399979847],[-75.18203700001803,40.07910800011653],[-75.17643799958093,40.08465099969446],[-75.16993199958311,40.080809999792876]]]}},{"id":"844","type":"Feature","properties":{"GISJOIN":"G42010100050I","pct_black":0.28},"geometry":{"type":"Polygon","coordinates":[[[-75.17684099972298,40.07597999996889],[-75.17944799982062,40.071260999907686],[-75.18175099963551,40.06890200023201],[-75.18849899956454,40.07276399960026],[-75.18203700001803,40.07910800011653],[-75.17684099972298,40.07597999996889]]]}},{"id":"845","type":"Feature","properties":{"GISJOIN":"G42010100050J","pct_black":0.05},"geometry":{"type":"Polygon","coordinates":[[[-75.17684099972298,40.07597999996889],[-75.16899000026821,40.07147299966053],[-75.17532699980077,40.06521599960352],[-75.18175099963551,40.06890200023201],[-75.17944799982062,40.071260999907686],[-75.17684099972298,40.07597999996889]]]}},{"id":"846","type":"Feature","properties":{"GISJOIN":"G42010100050K","pct_black":0.0},"geometry":{"type":"Polygon","coordinates":[[[-75.16249499955693,40.06773200034294],[-75.1638219999903,40.06635700014126],[-75.16570600039383,40.06743800041724],[-75.16809899986377,40.06521899995062],[-75.16571400017328,40.06438999972248],[-75.1686410003878,40.06137299988791],[-75.17532699980077,40.06521599960352],[-75.16899000026821,40.07147299966053],[-75.16249499955693,40.06773200034294]]]}},{"id":"847","type":"Feature","properties":{"GISJOIN":"G42010100050L","pct_black":0.01},"geometry":{"type":"Polygon","coordinates":[[[-75.1552540001249,40.06243100020726],[-75.16069100011737,40.05683100044803],[-75.1686410003878,40.06137299988791],[-75.16571400017328,40.06438999972248],[-75.16809899986377,40.06521899995062],[-75.16570600039383,40.06743800041724],[-75.1638219999903,40.06635700014126],[-75.16249499955693,40.06773200034294],[-75.15649999990048,40.06439400030713],[-75.1552540001249,40.06243100020726]]]}},{"id":"848","type":"Feature","properties":{"GISJOIN":"G42010100050M","pct_black":0.06},"geometry":{"type":"Polygon","coordinates":[[[-75.14921900014828,40.05843200015895],[-75.15555399979245,40.05407400020933],[-75.16069100011737,40.05683100044803],[-75.15351299948253,40.06428500030944],[-75.14921900014828,40.05843200015895]]]}},{"id":"849","type":"Feature","properties":{"GISJOIN":"G42010100050N","pct_black":0.11},"geometry":{"type":"Polygon","coordinates":[[[-75.14229199986298,40.057941000419234],[-75.1438410000344,40.05077100019484],[-75.15014199957379,40.051578000123826],[-75.15555399979245,40.05407400020933],[-75.14921900014828,40.05843200015895],[-75.14229199986298,40.057941000419234]]]}},{"id":"850","type":"Feature","properties":{"GISJOIN":"G42010100050O","pct_black":0.29},"geometry":{"type":"Polygon","coordinates":[[[-75.12849499954032,40.04562599961302],[-75.13566000039958,40.046174000426134],[-75.13910700007156,40.04701099963793],[-75.13776699978163,40.05311199968791],[-75.12714300018982,40.0517480003678],[-75.12849499954032,40.04562599961302]]]}},{"id":"851","type":"Feature","properties":{"GISJOIN":"G42010100050P","pct_black":9.04},"geometry":{"type":"Polygon","coordinates":[[[-75.15755700012,40.05503400004262],[-75.15014199957379,40.051578000123826],[-75.1422140003134,40.05056299963701],[-75.1428979993485,40.04749300016392],[-75.1579580002634,40.049024999792216],[-75.15755700012,40.05503400004262]]]}},{"id":"852","type":"Feature","properties":{"GISJOIN":"G42010100051A","pct_black":null},"geometry":{"type":"Polygon","coordinates":[[[-75.20607199966418,39.93537099987641],[-75.20882245036809,39.931393294448554],[-75.21369499977214,39.93357500017214],[-75.21585799955245,39.933065999762846],[-75.21389299996082,39.93590599995547],[-75.21501799948068,39.93513199979452],[-75.21577799941359,39.93562399998693],[-75.20783799991703,39.9412860001126],[-75.20518500047609,39.941116000321884],[-75.20607199966418,39.93537099987641]]]}},{"id":"853","type":"Feature","properties":{"GISJOIN":"G42010100051B","pct_black":59.17},"geometry":{"type":"Polygon","coordinates":[[[-75.20783799991703,39.9412860001126],[-75.21577799941359,39.93562399998693],[-75.2215449999582,39.94065200022901],[-75.21713599986342,39.94374000032924],[-75.21524600003093,39.94308700005799],[-75.2114009999755,39.945802000060816],[-75.20779699997586,39.94277399957779],[-75.20879899955224,39.9416440001774],[-75.20783799991703,39.9412860001126]]]}},{"id":"854","type":"Feature","properties":{"GISJOIN":"G42010100051C","pct_black":7.57},"geometry":{"type":"Polygon","coordinates":[[[-75.21713599986342,39.94374000032924],[-75.2215449999582,39.94065200022901],[-75.22730800026333,39.945509000432914],[-75.22868600030093,39.94591299964428],[-75.22820199962591,39.94627000037789],[-75.22989400004367,39.94779100023058],[-75.22331500046005,39.947925000103005],[-75.2191379998918,39.94418599989969],[-75.21713599986342,39.94374000032924]]]}},{"id":"855","type":"Feature","properties":{"GISJOIN":"G42010100051D","pct_black":1.05},"geometry":{"type":"Polygon","coordinates":[[[-75.22680500049317,39.94508300032628],[-75.23363200011646,39.940292000425245],[-75.24026599954264,39.9458660000738],[-75.23127099999171,39.94790900028272],[-75.22989400004367,39.94779100023058],[-75.22820199962591,39.94627000037789],[-75.22868600030093,39.94591299964428],[-75.22680500049317,39.94508300032628]]]}},{"id":"856","type":"Feature","properties":{"GISJOIN":"G42010100051E","pct_black":0.14},"geometry":{"type":"Polygon","coordinates":[[[-75.22680500049317,39.94508300032628],[-75.2202780000076,39.939572000063094],[-75.2272520005418,39.934660999650504],[-75.23363200011646,39.940292000425245],[-75.22680500049317,39.94508300032628]]]}},{"id":"857","type":"Feature","properties":{"GISJOIN":"G42010100051F","pct_black":0.34},"geometry":{"type":"Polygon","coordinates":[[[-75.21577799941359,39.93562399998693],[-75.22269600048706,39.93080800032886],[-75.2272520005418,39.934660999650504],[-75.2202780000076,39.939572000063094],[-75.21577799941359,39.93562399998693]]]}},{"id":"858","type":"Feature","properties":{"GISJOIN":"G42010100051G","pct_black":9.2},"geometry":{"type":"Polygon","coordinates":[[[-75.20882245036809,39.931393294448554],[-75.21125299952892,39.9285190001845],[-75.21242800042607,39.925230000273444],[-75.2193630001398,39.92803400038685],[-75.22269600048706,39.93080800032886],[-75.21577799941359,39.93562399998693],[-75.21501799948068,39.93513199979452],[-75.21389299996082,39.93590599995547],[-75.21585799955245,39.933065999762846],[-75.21369499977214,39.93357500017214],[-75.20882245036809,39.931393294448554]]]}},{"id":"859","type":"Feature","properties":{"GISJOIN":"G42010100052A","pct_black":0.57},"geometry":{"type":"Polygon","coordinates":[[[-75.21799400030679,39.99422299999816],[-75.22031700051836,39.99028599985975],[-75.22510899970843,39.9875820001352],[-75.22589099947903,39.98813100015562],[-75.22572600027789,39.99666500003871],[-75.2274619993394,40.00074600029425],[-75.22069600035809,40.00392399979722],[-75.21799400030679,39.99422299999816]]]}},{"id":"860","type":"Feature","properties":{"GISJOIN":"G42010100052B","pct_black":0.93},"geometry":{"type":"Polygon","coordinates":[[[-75.22566199995306,39.99146899989348],[-75.23367199952295,39.99188199990669],[-75.2341300005434,39.99560199989348],[-75.23528500046089,39.99708799983652],[-75.2274619993394,40.00074600029425],[-75.22572600027789,39.99666500003871],[-75.22566199995306,39.99146899989348]]]}},{"id":"861","type":"Feature","properties":{"GISJOIN":"G42010100052C","pct_black":0.34},"geometry":{"type":"Polygon","coordinates":[[[-75.23371299968676,39.992176000361674],[-75.23836100011529,39.990486000265285],[-75.2454779996787,39.98661900004846],[-75.24641600006346,39.98826599990879],[-75.24618699996998,39.98951600023348],[-75.2480110005872,39.991115999935865],[-75.23528500046089,39.99708799983652],[-75.2341300005434,39.99560199989348],[-75.23371299968676,39.992176000361674]]]}},{"id":"862","type":"Feature","properties":{"GISJOIN":"G42010100052D","pct_black":0.14},"geometry":{"type":"Polygon","coordinates":[[[-75.23367199952295,39.99188199990669],[-75.23079099965376,39.98251599976837],[-75.22879200032807,39.9807049997356],[-75.22847100050954,39.97895999968657],[-75.22619399998864,39.978115000354556],[-75.22676499991923,39.97721099982748],[-75.23209699983646,39.97969400019478],[-75.23904199995559,39.98195000008395],[-75.23724000011413,39.984840000050156],[-75.24449099949248,39.985666999750194],[-75.2454779996787,39.98661900004846],[-75.23836100011529,39.990486000265285],[-75.23367199952295,39.99188199990669]]]}},{"id":"863","type":"Feature","properties":{"GISJOIN":"G42010100052F","pct_black":11.96},"geometry":{"type":"Polygon","coordinates":[[[-75.22510899970843,39.9875820001352],[-75.22682499965002,39.98432000002314],[-75.2270570005582,39.98269099980918],[-75.22620199956687,39.981607999553574],[-75.22406599971995,39.98150799974497],[-75.22619399998864,39.978115000354556],[-75.22847100050954,39.97895999968657],[-75.22879200032807,39.9807049997356],[-75.23079099965376,39.98251599976837],[-75.23367199952295,39.99188199990669],[-75.22566199995306,39.99146899989348],[-75.22589099947903,39.98813100015562],[-75.22510899970843,39.9875820001352]]]}},{"id":"864","type":"Feature","properties":{"GISJOIN":"G42010100052G","pct_black":null},"geometry":{"type":"Polygon","coordinates":[[[-75.21346900034254,39.97779100013095],[-75.22315699982164,39.981380999642646],[-75.22620199956687,39.981607999553574],[-75.2270570005582,39.98269099980918],[-75.22557300017704,39.98715100048618],[-75.22031700051836,39.99028599985975],[-75.21799400030679,39.99422299999816],[-75.21346900034254,39.97779100013095]]]}},{"id":"865","type":"Feature","properties":{"GISJOIN":"G42010100052H","pct_black":54.44},"geometry":{"type":"Polygon","coordinates":[[[-75.23017099948953,39.978793999730186],[-75.22985499950532,39.9770690000075],[-75.23857000034168,39.976100999987196],[-75.23947299961637,39.981114000290866],[-75.23904199995559,39.98195000008395],[-75.23017099948953,39.978793999730186]]]}},{"id":"866","type":"Feature","properties":{"GISJOIN":"G42010100052I","pct_black":84.4},"geometry":{"type":"Polygon","coordinates":[[[-75.2287349995797,39.97110699986783],[-75.23745500020135,39.97014100040932],[-75.23857000034168,39.976100999987196],[-75.22985499950532,39.9770690000075],[-75.2287349995797,39.97110699986783]]]}},{"id":"867","type":"Feature","properties":{"GISJOIN":"G42010100052J","pct_black":95.55},"geometry":{"type":"Polygon","coordinates":[[[-75.2287349995797,39.97110699986783],[-75.22767900033402,39.965071999910585],[-75.23584199980161,39.96608500040276],[-75.23535199961788,39.96844600028089],[-75.23569699970494,39.970335999725414],[-75.2287349995797,39.97110699986783]]]}},{"id":"868","type":"Feature","properties":{"GISJOIN":"G42010100052K","pct_black":97.08},"geometry":{"type":"Polygon","coordinates":[[[-75.23535199961788,39.96844600028089],[-75.23680800037076,39.96147099986714],[-75.2407620003284,39.961960000216564],[-75.23913300014061,39.96989300004675],[-75.23569699970494,39.970335999725414],[-75.23535199961788,39.96844600028089]]]}},{"id":"869","type":"Feature","properties":{"GISJOIN":"G42010100052L","pct_black":96.4},"geometry":{"type":"Polygon","coordinates":[[[-75.22864499973257,39.960463000151506],[-75.23680800037076,39.96147099986714],[-75.23584199980161,39.96608500040276],[-75.22767900033402,39.965071999910585],[-75.22864499973257,39.960463000151506]]]}},{"id":"870","type":"Feature","properties":{"GISJOIN":"G42010100053A","pct_black":0.08},"geometry":{"type":"Polygon","coordinates":[[[-75.07503200021863,40.05635899990952],[-75.06604500039595,40.05118100028115],[-75.07383599993811,40.04317399985853],[-75.08288800032933,40.04819699984954],[-75.07503200021863,40.05635899990952]]]}},{"id":"871","type":"Feature","properties":{"GISJOIN":"G42010100053B","pct_black":0.04},"geometry":{"type":"Polygon","coordinates":[[[-75.07503200021863,40.05635899990952],[-75.08288800032933,40.04819699984954],[-75.08616499986668,40.050023999888026],[-75.08679499962324,40.05314099977914],[-75.08584700002038,40.05440999996206],[-75.0856599995548,40.05754300004313],[-75.08352500058253,40.061270000068944],[-75.07503200021863,40.05635899990952]]]}},{"id":"872","type":"Feature","properties":{"GISJOIN":"G42010100053C","pct_black":0.05},"geometry":{"type":"Polygon","coordinates":[[[-75.08616499986668,40.050023999888026],[-75.07918799997967,40.04613299974839],[-75.08780200053013,40.036032000004305],[-75.08870899977359,40.03794999991889],[-75.08818399936563,40.040767000223404],[-75.08897500036647,40.044331999684964],[-75.08616499986668,40.050023999888026]]]}},{"id":"873","type":"Feature","properties":{"GISJOIN":"G42010100053D","pct_black":0.06},"geometry":{"type":"Polygon","coordinates":[[[-75.07383599993811,40.04317399985853],[-75.08292200041205,40.03372199961757],[-75.08469099965652,40.03176499974541],[-75.08531299951417,40.03352099999199],[-75.08715900033523,40.03479000026534],[-75.08780200053013,40.036032000004305],[-75.07976199991032,40.04553199954222],[-75.07918799997967,40.04613299974839],[-75.07383599993811,40.04317399985853]]]}},{"id":"874","type":"Feature","properties":{"GISJOIN":"G42010100054A","pct_black":0.04},"geometry":{"type":"Polygon","coordinates":[[[-75.06604500039595,40.05118100028115],[-75.05428700016284,40.044448000377756],[-75.06104299970865,40.0379809995998],[-75.07264499993045,40.04439399978668],[-75.06604500039595,40.05118100028115]]]}},{"id":"875","type":"Feature","properties":{"GISJOIN":"G42010100054B","pct_black":0.01},"geometry":{"type":"Polygon","coordinates":[[[-75.06104299970865,40.0379809995998],[-75.06319600021354,40.03658499990482],[-75.07000100034033,40.03531999965617],[-75.07739399946428,40.03946400021196],[-75.07264499993045,40.04439399978668],[-75.06104299970865,40.0379809995998]]]}},{"id":"876","type":"Feature","properties":{"GISJOIN":"G42010100054C","pct_black":0.0},"geometry":{"type":"Polygon","coordinates":[[[-75.07000100034033,40.03531999965617],[-75.07487600037986,40.03421000029526],[-75.07443899931961,40.0339800003111],[-75.08469099965652,40.03176499974541],[-75.07739399946428,40.03946400021196],[-75.07000100034033,40.03531999965617]]]}},{"id":"877","type":"Feature","properties":{"GISJOIN":"G42010100055A","pct_black":0.06},"geometry":{"type":"Polygon","coordinates":[[[-75.05428700016284,40.044448000377756],[-75.04086000004297,40.03675699959903],[-75.04665700040208,40.03372600046932],[-75.05097200010604,40.03232399983355],[-75.06104299970865,40.0379809995998],[-75.05428700016284,40.044448000377756]]]}},{"id":"878","type":"Feature","properties":{"GISJOIN":"G42010100055B","pct_black":0.0},"geometry":{"type":"Polygon","coordinates":[[[-75.05097200010604,40.03232399983355],[-75.05337899956754,40.03164700036923],[-75.05866999974761,40.02814399998343],[-75.06239400025079,40.027443999835086],[-75.06436200023464,40.03630599961908],[-75.06104299970865,40.0379809995998],[-75.05097200010604,40.03232399983355]]]}},{"id":"879","type":"Feature","properties":{"GISJOIN":"G42010100055C","pct_black":0.0},"geometry":{"type":"Polygon","coordinates":[[[-75.06436200023464,40.03630599961908],[-75.06239400025079,40.027443999835086],[-75.0733639995647,40.02536900016434],[-75.07548800027597,40.0270710001578],[-75.07091699967573,40.035102999909164],[-75.06436200023464,40.03630599961908]]]}},{"id":"880","type":"Feature","properties":{"GISJOIN":"G42010100055D","pct_black":0.0},"geometry":{"type":"Polygon","coordinates":[[[-75.07548800027597,40.0270710001578],[-75.07721399953373,40.02749099993236],[-75.08469099965652,40.03176499974541],[-75.07091699967573,40.035102999909164],[-75.07548800027597,40.0270710001578]]]}},{"id":"881","type":"Feature","properties":{"GISJOIN":"G42010100056A","pct_black":null},"geometry":{"type":"Polygon","coordinates":[[[-75.02337399990863,40.05533400021833],[-75.01819600020923,40.05250599974536],[-75.01707600017362,40.05119799974886],[-75.01707499983897,40.04861000031877],[-75.01940899995607,40.04647399995915],[-75.01850199998046,40.04408099978422],[-75.01890099957438,40.04383500027342],[-75.02175200064366,40.04366799984884],[-75.02048899954913,40.04639000022472],[-75.0213429999212,40.04829399957238],[-75.023007000246,40.04919700011282],[-75.02603700042292,40.04816300005881],[-75.03048900007224,40.04840699967235],[-75.03171200014897,40.047332000476565],[-75.03153999983601,40.045681000243626],[-75.03382399974159,40.04465999989406],[-75.03925499963836,40.04598200039243],[-75.04132300047398,40.04729199997336],[-75.04369399938862,40.047502000337715],[-75.04526899997228,40.04650900033214],[-75.04777499959306,40.04624600028273],[-75.05168200043217,40.04696300052116],[-75.05105699943454,40.049022000161045],[-75.0504200003214,40.04921899986038],[-75.04737200039436,40.04803900025183],[-75.04207599950954,40.050103000203336],[-75.04151499983357,40.05176200031825],[-75.04005200001674,40.053432000132524],[-75.03865799992825,40.05670800000323],[-75.03853900000655,40.060858000182726],[-75.04190699956105,40.06468299978328],[-75.04060000007951,40.06804199982354],[-75.03528000017216,40.06499499977462],[-75.03422499974894,40.062700999793115],[-75.03553199983614,40.0588100000757],[-75.03506199980346,40.05732700041182],[-75.03646699949881,40.053965000114054],[-75.035856999914,40.05143099978916],[-75.03478300059581,40.05128899978815],[-75.03254600050006,40.052618999734676],[-75.03113599953616,40.05135899955007],[-75.02519899959779,40.05100500035054],[-75.02417299968755,40.05148299989343],[-75.02293100068913,40.053254999662606],[-75.0242500005116,40.05399099992109],[-75.02337399990863,40.05533400021833]]]}},{"id":"882","type":"Feature","properties":{"GISJOIN":"G42010100056B","pct_black":0.06},"geometry":{"type":"Polygon","coordinates":[[[-75.02175200064366,40.04366799984884],[-75.04086000004297,40.03675699959903],[-75.04591899962088,40.039643000344455],[-75.04320300043692,40.04032400030827],[-75.03153999983601,40.045681000243626],[-75.03171200014897,40.047332000476565],[-75.0296709998886,40.04862900009203],[-75.02603700042292,40.04816300005881],[-75.023007000246,40.04919700011282],[-75.0213429999212,40.04829399957238],[-75.02048899954913,40.04639000022472],[-75.02175200064366,40.04366799984884]]]}},{"id":"883","type":"Feature","properties":{"GISJOIN":"G42010100056C","pct_black":0.0},"geometry":{"type":"Polygon","coordinates":[[[-75.03382399974159,40.04465999989406],[-75.04320300043692,40.04032400030827],[-75.04591899962088,40.039643000344455],[-75.05428700016284,40.044448000377756],[-75.05168200043217,40.04696300052116],[-75.04754499978749,40.046256999797954],[-75.04526899997228,40.04650900033214],[-75.04369399938862,40.047502000337715],[-75.04132300047398,40.04729199997336],[-75.03925499963836,40.04598200039243],[-75.03382399974159,40.04465999989406]]]}},{"id":"884","type":"Feature","properties":{"GISJOIN":"G42010100056D","pct_black":0.05},"geometry":{"type":"Polygon","coordinates":[[[-75.05105699943454,40.049022000161045],[-75.05042399965633,40.05257499980168],[-75.04452100026081,40.058701999860716],[-75.04173799974625,40.06465800010278],[-75.03853900000655,40.060858000182726],[-75.03871899982238,40.05643499989184],[-75.0400020006755,40.05441199966945],[-75.04005200001674,40.053432000132524],[-75.04151499983357,40.05176200031825],[-75.04162700041724,40.050579000133986],[-75.04737200039436,40.04803900025183],[-75.0504200003214,40.04921899986038],[-75.05105699943454,40.049022000161045]]]}},{"id":"885","type":"Feature","properties":{"GISJOIN":"G42010100056E","pct_black":0.03},"geometry":{"type":"Polygon","coordinates":[[[-75.04430958107773,40.059011736563214],[-75.05042399965633,40.05257499980168],[-75.0513470002366,40.04754600007347],[-75.05428700016284,40.044448000377756],[-75.0599370001582,40.04775099997476],[-75.05828399971371,40.049687999572804],[-75.06065399967206,40.05099900010214],[-75.0520070002564,40.06006400021179],[-75.0516810001991,40.06302199982119],[-75.04430958107773,40.059011736563214]]]}},{"id":"886","type":"Feature","properties":{"GISJOIN":"G42010100056F","pct_black":0.0},"geometry":{"type":"Polygon","coordinates":[[[-75.0516810001991,40.06302199982119],[-75.0520070002564,40.06006400021179],[-75.05712499983998,40.05472200034807],[-75.06807400018404,40.06082400048502],[-75.06111799936592,40.068122000240216],[-75.0516810001991,40.06302199982119]]]}},{"id":"887","type":"Feature","properties":{"GISJOIN":"G42010100056G","pct_black":0.03},"geometry":{"type":"Polygon","coordinates":[[[-75.05712499983998,40.05472200034807],[-75.06065399967206,40.05099900010214],[-75.05828399971371,40.049687999572804],[-75.0599370001582,40.04775099997476],[-75.07325599980692,40.055330000037614],[-75.06807400018404,40.06082400048502],[-75.05712499983998,40.05472200034807]]]}},{"id":"888","type":"Feature","properties":{"GISJOIN":"G42010100056H","pct_black":0.0},"geometry":{"type":"Polygon","coordinates":[[[-75.0630399997614,40.06614300012496],[-75.07325599980692,40.055330000037614],[-75.08572900014147,40.0625889996411],[-75.08234599974517,40.064172999994],[-75.06783800012286,40.06895900002676],[-75.0630399997614,40.06614300012496]]]}},{"id":"889","type":"Feature","properties":{"GISJOIN":"G42010100056I","pct_black":0.0},"geometry":{"type":"Polygon","coordinates":[[[-75.06720199955947,40.075883000234356],[-75.06923199995732,40.07149700022536],[-75.0704119996149,40.07021999985587],[-75.06783800012286,40.06895900002676],[-75.07717699945192,40.0657850000594],[-75.08096500006958,40.06797400013638],[-75.0710070002396,40.07768199959776],[-75.06720199955947,40.075883000234356]]]}},{"id":"890","type":"Feature","properties":{"GISJOIN":"G42010100056J","pct_black":0.04},"geometry":{"type":"Polygon","coordinates":[[[-75.0710070002396,40.07768199959776],[-75.07965999939456,40.069203000234396],[-75.09035600057992,40.07509400004284],[-75.08245600027442,40.08288399968205],[-75.07884500020063,40.08204799995387],[-75.0710070002396,40.07768199959776]]]}},{"id":"891","type":"Feature","properties":{"GISJOIN":"G42010100056K","pct_black":0.24},"geometry":{"type":"Polygon","coordinates":[[[-75.07965999939456,40.069203000234396],[-75.08096500006958,40.06797400013638],[-75.07717699945192,40.0657850000594],[-75.08572900014147,40.0625889996411],[-75.09673800056719,40.06897899975897],[-75.09035600057992,40.07509400004284],[-75.07965999939456,40.069203000234396]]]}},{"id":"892","type":"Feature","properties":{"GISJOIN":"G42010100057A","pct_black":0.46},"geometry":{"type":"Polygon","coordinates":[[[-75.01312599974709,40.07207100018429],[-74.99427500005099,40.06178099988871],[-74.99043199965917,40.060395999671684],[-75.00118099943246,40.05723200005442],[-75.01850199998046,40.04408099978422],[-75.01940899995607,40.04647399995915],[-75.01707499983897,40.04861000031877],[-75.01707600017362,40.05119799974886],[-75.01819600020923,40.05250599974536],[-75.0241110004946,40.05604400003604],[-75.02470100050041,40.057277999683826],[-75.02481800061312,40.06028599968087],[-75.01312599974709,40.07207100018429]]]}},{"id":"893","type":"Feature","properties":{"GISJOIN":"G42010100057B","pct_black":0.0},"geometry":{"type":"Polygon","coordinates":[[[-75.01312599974709,40.07207100018429],[-75.0217069997442,40.06339200014275],[-75.02965999984619,40.06815399990134],[-75.03508700013893,40.074616999894005],[-75.02895200020735,40.08096800015391],[-75.01312599974709,40.07207100018429]]]}},{"id":"894","type":"Feature","properties":{"GISJOIN":"G42010100057C","pct_black":0.79},"geometry":{"type":"Polygon","coordinates":[[[-75.0217069997442,40.06339200014275],[-75.02481800061312,40.06028599968087],[-75.02470100050041,40.057277999683826],[-75.02337399990863,40.05533400021833],[-75.0242500005116,40.05399099992109],[-75.02293100068913,40.053254999662606],[-75.02417299968755,40.05148299989343],[-75.02675299974419,40.05077899982348],[-75.03113599953616,40.05135899955007],[-75.03254600050006,40.052618999734676],[-75.03550300013592,40.0512600002995],[-75.03606999953568,40.051705000102004],[-75.03586699989116,40.052715999533056],[-75.03646699949881,40.053965000114054],[-75.03506199980346,40.05732700041182],[-75.03553199983614,40.0588100000757],[-75.03422499974894,40.062700999793115],[-75.03528000017216,40.06499499977462],[-75.04060000007951,40.06804199982354],[-75.03916300047177,40.07036899967039],[-75.03508700013893,40.074616999894005],[-75.02965999984619,40.06815399990134],[-75.0217069997442,40.06339200014275]]]}},{"id":"895","type":"Feature","properties":{"GISJOIN":"G42010100057D","pct_black":0.06},"geometry":{"type":"Polygon","coordinates":[[[-75.02895200020735,40.08096800015391],[-75.03916300047177,40.07036899967039],[-75.04060000007951,40.06804199982354],[-75.04204800045302,40.06916600025799],[-75.04211400006106,40.07003800031806],[-75.03974800029918,40.07241099964087],[-75.04728600060196,40.08293199986222],[-75.04148800051925,40.08733800012771],[-75.03840000053678,40.08447200015185],[-75.03749799991995,40.085458999846296],[-75.02895200020735,40.08096800015391]]]}},{"id":"896","type":"Feature","properties":{"GISJOIN":"G42010100057E","pct_black":0.21},"geometry":{"type":"Polygon","coordinates":[[[-75.04148800051925,40.08733800012771],[-75.05103099962444,40.080086000156],[-75.05176099952565,40.08021700000321],[-75.05273700054433,40.079426999647175],[-75.0549850000095,40.08122800013724],[-75.05673799969226,40.08698400024762],[-75.05580699992137,40.08809499973858],[-75.05706799961038,40.089696999581065],[-75.06391699984606,40.09060300029099],[-75.06842699991567,40.094538000405485],[-75.06945600007347,40.094410999709126],[-75.05842300008285,40.10582199971576],[-75.05427099970473,40.10872700027697],[-75.05161200037797,40.10393099978465],[-75.04942199977326,40.10179499978385],[-75.04711499976688,40.09837699956088],[-75.04673700017169,40.095240000471414],[-75.04749500012579,40.09173799967222],[-75.04568500009323,40.08902100038851],[-75.04148800051925,40.08733800012771]]]}},{"id":"897","type":"Feature","properties":{"GISJOIN":"G42010100057F","pct_black":0.0},"geometry":{"type":"Polygon","coordinates":[[[-75.04728600060196,40.08293199986222],[-75.03974800029918,40.07241099964087],[-75.04211400006106,40.07003800031806],[-75.04204800045302,40.06916600025799],[-75.04060000007951,40.06804199982354],[-75.04190699956105,40.06468299978328],[-75.04467499965419,40.06484000018503],[-75.04796300026769,40.06682199967657],[-75.04711400001298,40.06803699986627],[-75.04795900037037,40.06998099966098],[-75.04738099984868,40.0705579995246],[-75.04548400042545,40.06965199999089],[-75.04408800002469,40.07263899964786],[-75.04579299967601,40.07532899992843],[-75.04825800029985,40.0770339998022],[-75.04934700046465,40.07703599972025],[-75.0556650004098,40.073846999640296],[-75.05585700022128,40.07324899998585],[-75.05850299984834,40.0748039995873],[-75.06572400035178,40.07019300045638],[-75.06876700040729,40.071708000061854],[-75.06895800020753,40.07235799984226],[-75.06627299959426,40.07754399979502],[-75.0634780004187,40.078723999656226],[-75.06228799973935,40.08447800031635],[-75.06823499954254,40.0850349997336],[-75.07091900037733,40.08687400041153],[-75.07448800044382,40.086788000518524],[-75.07361599961567,40.0879070000051],[-75.07628399953198,40.087340000120655],[-75.06945600007347,40.094410999709126],[-75.0684959993742,40.09457300028191],[-75.06409599987741,40.090677000428926],[-75.05706799961038,40.089696999581065],[-75.05580699992137,40.08809499973858],[-75.05673799969226,40.08698400024762],[-75.0549850000095,40.08122800013724],[-75.05273700054433,40.079426999647175],[-75.05176099952565,40.08021700000321],[-75.05103099962444,40.080086000156],[-75.04728600060196,40.08293199986222]]]}},{"id":"898","type":"Feature","properties":{"GISJOIN":"G42010100057G","pct_black":0.28},"geometry":{"type":"Polygon","coordinates":[[[-75.06720199955947,40.075883000234356],[-75.07884500020063,40.08204799995387],[-75.08245600027442,40.08288399968205],[-75.08118899999944,40.08411600017819],[-75.07780099958957,40.08576900030904],[-75.07628399953198,40.087340000120655],[-75.07361599961567,40.0879070000051],[-75.07448800044382,40.086788000518524],[-75.07091900037733,40.08687400041153],[-75.06823499954254,40.0850349997336],[-75.06228799973935,40.08447800031635],[-75.0634780004187,40.078723999656226],[-75.06627299959426,40.07754399979502],[-75.06720199955947,40.075883000234356]]]}},{"id":"899","type":"Feature","properties":{"GISJOIN":"G42010100057H","pct_black":0.07},"geometry":{"type":"Polygon","coordinates":[[[-75.04190699956105,40.06468299978328],[-75.04430958107773,40.059011736563214],[-75.06111799936592,40.068122000240216],[-75.0630399997614,40.06614300012496],[-75.0704119996149,40.07021999985587],[-75.06898400028214,40.07202100000976],[-75.06572400035178,40.07019300045638],[-75.05850299984834,40.0748039995873],[-75.05585700022128,40.07324899998585],[-75.0556650004098,40.073846999640296],[-75.04934700046465,40.07703599972025],[-75.04825800029985,40.0770339998022],[-75.04579299967601,40.07532899992843],[-75.04408800002469,40.07263899964786],[-75.04548400042545,40.06965199999089],[-75.04738099984868,40.0705579995246],[-75.04795900037037,40.06998099966098],[-75.04711400001298,40.06803699986627],[-75.04796300026769,40.06682199967657],[-75.04467499965419,40.06484000018503],[-75.04190699956105,40.06468299978328]]]}},{"id":"900","type":"Feature","properties":{"GISJOIN":"G42010100058A","pct_black":2.43},"geometry":{"type":"Polygon","coordinates":[[[-74.96408000018495,40.11776599973984],[-74.96313700019306,40.11540100038866],[-74.96363000046004,40.11336900016069],[-74.96337099982316,40.11033699962019],[-74.96534399943124,40.1079309999381],[-74.9636409993932,40.107014000136594],[-74.96320499995659,40.10572400037235],[-74.96088600011342,40.10310399985286],[-74.96080699978644,40.101571999556406],[-74.96168700023914,40.10073100013239],[-74.9618580003026,40.099692999878606],[-74.9613709996907,40.099286999729294],[-74.96187200060976,40.09864399995859],[-74.96162800029302,40.09779300045406],[-74.95616399987418,40.09574499972861],[-74.95576300015549,40.09498199990609],[-74.95805700034435,40.09042300037747],[-74.95767799945095,40.08775400001458],[-74.95884099964692,40.08250299952036],[-74.96161500025322,40.07975599965599],[-74.96246500035336,40.07807499988438],[-74.96440900034568,40.07720700007724],[-74.96488300042326,40.07727300026001],[-74.96663800020315,40.0822969996009],[-74.96957399997898,40.08557700006279],[-74.98655100035955,40.09936600015436],[-74.98199699990698,40.10245399976624],[-74.9833930000511,40.10368400030548],[-74.97946500044357,40.1057900005299],[-74.96994100063782,40.11333899983683],[-74.96949900034241,40.11617400046143],[-74.96662100006563,40.1179319997645],[-74.96408000018495,40.11776599973984]]]}},{"id":"901","type":"Feature","properties":{"GISJOIN":"G42010100058B","pct_black":27.15},"geometry":{"type":"Polygon","coordinates":[[[-74.98267700049254,40.120650999879835],[-74.9792919994785,40.11952599976207],[-74.97735399970612,40.12015900039383],[-74.97321899946581,40.119891000192744],[-74.96983300002394,40.11711800008134],[-74.96520499938623,40.11861300012674],[-74.96408000018495,40.11776599973984],[-74.96662100006563,40.1179319997645],[-74.96949900034241,40.11617400046143],[-74.96994100063782,40.11333899983683],[-74.97946500044357,40.1057900005299],[-74.9833930000511,40.10368400030548],[-74.98199699990698,40.10245399976624],[-74.98655100035955,40.09936600015436],[-74.99712400038074,40.10815100051333],[-74.99540400047847,40.109340000370004],[-74.99554399983364,40.109754000212114],[-74.99869099969112,40.11231200029182],[-74.9992689996588,40.112081999653014],[-75.00311500036379,40.116540000387886],[-74.99705200001084,40.12116799986995],[-74.99353300020996,40.11867999992865],[-74.98794300064266,40.123290999864196],[-74.9866920001557,40.12318700020949],[-74.98498299970286,40.12389600010375],[-74.98267800017102,40.12300700030555],[-74.98221300034679,40.12205700050938],[-74.98267700049254,40.120650999879835]]]}},{"id":"902","type":"Feature","properties":{"GISJOIN":"G42010100058C","pct_black":0.07},"geometry":{"type":"Polygon","coordinates":[[[-74.99367300030383,40.13249200015776],[-74.99228799943577,40.13068200025829],[-74.9939089997585,40.12677600003765],[-74.99242000008141,40.12619399982381],[-74.9892719997839,40.12626200013719],[-74.98864199975218,40.12553199993486],[-74.9886320004948,40.12441600033764],[-74.98719300057792,40.12328599973569],[-74.98794300064266,40.123290999864196],[-74.99353300020996,40.11867999992865],[-74.99705200001084,40.12116799986995],[-75.00539099985683,40.1148020003076],[-75.00699100001343,40.118598999597324],[-75.02489099960881,40.12921599983639],[-75.02057100011378,40.13227399994064],[-75.01506599986688,40.137991999704155],[-74.99788499953593,40.1278159998227],[-74.99367300030383,40.13249200015776]]]}},{"id":"903","type":"Feature","properties":{"GISJOIN":"G42010100058D","pct_black":0.0},"geometry":{"type":"Polygon","coordinates":[[[-75.01538399939065,40.12359900023623],[-75.01845700054109,40.11811900001437],[-75.0230410000915,40.11299800014459],[-75.02723100025734,40.11542200031637],[-75.03005900015826,40.11629799967829],[-75.0364950000583,40.120390000188756],[-75.03790799963379,40.12016700002012],[-75.02489099960881,40.12921599983639],[-75.01538399939065,40.12359900023623]]]}},{"id":"904","type":"Feature","properties":{"GISJOIN":"G42010100058E","pct_black":0.78},"geometry":{"type":"Polygon","coordinates":[[[-75.0230410000915,40.11299800014459],[-75.02630500060056,40.10832399971198],[-75.02888299963917,40.102542999613895],[-75.03522099976821,40.10649600020013],[-75.03945999964917,40.10736200003453],[-75.0485420001633,40.112728999753706],[-75.03790799963379,40.12016700002012],[-75.0364950000583,40.120390000188756],[-75.03005900015826,40.11629799967829],[-75.02723100025734,40.11542200031637],[-75.0230410000915,40.11299800014459]]]}},{"id":"905","type":"Feature","properties":{"GISJOIN":"G42010100058F","pct_black":0.39},"geometry":{"type":"Polygon","coordinates":[[[-74.99540400047847,40.109340000370004],[-75.01272700008508,40.09739200041118],[-75.01536700037904,40.09473399982743],[-75.02184200001483,40.100097999927975],[-75.02392699963255,40.10070199975408],[-75.00311500036379,40.116540000387886],[-74.9992689996588,40.112081999653014],[-74.99869099969112,40.11231200029182],[-74.99554399983364,40.109754000212114],[-74.99540400047847,40.109340000370004]]]}},{"id":"906","type":"Feature","properties":{"GISJOIN":"G42010100058G","pct_black":0.0},"geometry":{"type":"Polygon","coordinates":[[[-74.99712400038074,40.10815100051333],[-74.97989300023912,40.09381000010195],[-74.98418000044545,40.0899060000993],[-75.00179600054464,40.10492999990072],[-74.99712400038074,40.10815100051333]]]}},{"id":"907","type":"Feature","properties":{"GISJOIN":"G42010100058H","pct_black":0.03},"geometry":{"type":"Polygon","coordinates":[[[-74.96488300042326,40.07727300026001],[-74.96756199978766,40.07660200040383],[-74.96976400011359,40.07672800024419],[-74.97089299968702,40.0761229996506],[-74.97129299989527,40.07368999984857],[-74.9729510003376,40.07175699971846],[-74.98029599984865,40.0661470002245],[-74.98071800032868,40.06472000029024],[-74.98235500029797,40.0646719996226],[-74.98117300033854,40.07198500010748],[-74.98738199996522,40.07565400001895],[-74.99434799991302,40.08168099966589],[-74.98706499984924,40.086048999858626],[-74.98487699961285,40.08930300021853],[-74.97989300023912,40.09381000010195],[-74.96845099950708,40.084425999624166],[-74.96663800020315,40.0822969996009],[-74.96488300042326,40.07727300026001]]]}},{"id":"908","type":"Feature","properties":{"GISJOIN":"G42010100058I","pct_black":0.41},"geometry":{"type":"Polygon","coordinates":[[[-74.98235500029797,40.0646719996226],[-74.99043199965917,40.060395999671684],[-74.99427500005099,40.06178099988871],[-75.00726899990543,40.06916099996021],[-75.00330100000254,40.07163400033035],[-75.0016299998707,40.07494200037294],[-74.99778700008828,40.07954000044761],[-74.99434799991302,40.08168099966589],[-74.98738199996522,40.07565400001895],[-74.98117300033854,40.07198500010748],[-74.98235500029797,40.0646719996226]]]}},{"id":"909","type":"Feature","properties":{"GISJOIN":"G42010100058J","pct_black":0.0},"geometry":{"type":"Polygon","coordinates":[[[-74.98418000044545,40.0899060000993],[-74.98845999981829,40.08491699982896],[-74.99763500038922,40.07969899999666],[-75.00176999994372,40.074741000155264],[-75.00303999989711,40.071905999737446],[-75.00726899990543,40.06916099996021],[-75.02895200020735,40.08096800015391],[-75.01415600003114,40.09623600026608],[-75.00179600054464,40.10492999990072],[-74.98418000044545,40.0899060000993]]]}},{"id":"910","type":"Feature","properties":{"GISJOIN":"G42010100058K","pct_black":0.03},"geometry":{"type":"Polygon","coordinates":[[[-75.02888299963917,40.102542999613895],[-75.02392699963255,40.10070199975408],[-75.04148800051925,40.08733800012771],[-75.04568500009323,40.08902100038851],[-75.04749500012579,40.09173799967222],[-75.04673700017169,40.095240000471414],[-75.04711499976688,40.09837699956088],[-75.04942199977326,40.10179499978385],[-75.05161200037797,40.10393099978465],[-75.05427099970473,40.10872700027697],[-75.0485420001633,40.112728999753706],[-75.03945999964917,40.10736200003453],[-75.03522099976821,40.10649600020013],[-75.02888299963917,40.102542999613895]]]}},{"id":"911","type":"Feature","properties":{"GISJOIN":"G42010100058L","pct_black":0.0},"geometry":{"type":"Polygon","coordinates":[[[-75.01536700037904,40.09473399982743],[-75.02895200020735,40.08096800015391],[-75.03749799991995,40.085458999846296],[-75.03840000053678,40.08447200015185],[-75.04148800051925,40.08733800012771],[-75.02392699963255,40.10070199975408],[-75.02184200001483,40.100097999927975],[-75.01536700037904,40.09473399982743]]]}},{"id":"912","type":"Feature","properties":{"GISJOIN":"G42010100058M","pct_black":0.0},"geometry":{"type":"Polygon","coordinates":[[[-75.00539099985683,40.1148020003076],[-75.02392699963255,40.10070199975408],[-75.02888299963917,40.102542999613895],[-75.02630500060056,40.10832399971198],[-75.02195099971792,40.11448299970776],[-75.01845700054109,40.11811900001437],[-75.01538399939065,40.12359900023623],[-75.00699100001343,40.118598999597324],[-75.00539099985683,40.1148020003076]]]}},{"id":"913","type":"Feature","properties":{"GISJOIN":"G42010100059A","pct_black":0.1},"geometry":{"type":"Polygon","coordinates":[[[-75.15955100025609,40.023924999669546],[-75.15802199941498,40.02154000021578],[-75.16375800013812,40.01923400046648],[-75.16278199979372,40.020368000196946],[-75.16912399995655,40.02386500028003],[-75.16374900008579,40.029254999744616],[-75.16098299934225,40.02725300030257],[-75.16005300022415,40.02602299978543],[-75.15955100025609,40.023924999669546]]]}},{"id":"914","type":"Feature","properties":{"GISJOIN":"G42010100059B","pct_black":4.16},"geometry":{"type":"Polygon","coordinates":[[[-75.17404300050482,40.02658800002034],[-75.16278199979372,40.020368000196946],[-75.16382799987096,40.019181000252615],[-75.16990699974971,40.015250000127],[-75.178140999614,40.02259500007927],[-75.17404300050482,40.02658800002034]]]}},{"id":"915","type":"Feature","properties":{"GISJOIN":"G42010100059C","pct_black":6.21},"geometry":{"type":"Polygon","coordinates":[[[-75.1706690003521,40.033093999826924],[-75.16374900008579,40.029254999744616],[-75.16912399995655,40.02386500028003],[-75.17511500003594,40.02725499985207],[-75.17361099968588,40.02869100008478],[-75.17457199953392,40.02924400011795],[-75.1706690003521,40.033093999826924]]]}},{"id":"916","type":"Feature","properties":{"GISJOIN":"G42010100059D","pct_black":41.21},"geometry":{"type":"Polygon","coordinates":[[[-75.18123499992967,40.03309700007681],[-75.17361099968588,40.02869100008478],[-75.17511500003594,40.02725499985207],[-75.17404300050482,40.02658800002034],[-75.178140999614,40.02259500007927],[-75.18619399987854,40.02946800018878],[-75.18389299945987,40.03051599978656],[-75.18123499992967,40.03309700007681]]]}},{"id":"917","type":"Feature","properties":{"GISJOIN":"G42010100059E","pct_black":31.26},"geometry":{"type":"Polygon","coordinates":[[[-75.17060999967983,40.03313100025034],[-75.17457199953392,40.02924400011795],[-75.18123499992967,40.03309700007681],[-75.1764279999431,40.03779399964895],[-75.17351400034124,40.03483099982563],[-75.17060999967983,40.03313100025034]]]}},{"id":"918","type":"Feature","properties":{"GISJOIN":"G42010100059F","pct_black":38.54},"geometry":{"type":"Polygon","coordinates":[[[-75.18117300027299,40.04360900003986],[-75.1764279999431,40.03779399964895],[-75.18123499992967,40.03309700007681],[-75.18839600036446,40.03725499994529],[-75.18792199998349,40.03754700021193],[-75.18879700024046,40.039479999771814],[-75.18220299945624,40.04589400029474],[-75.18117300027299,40.04360900003986]]]}},{"id":"919","type":"Feature","properties":{"GISJOIN":"G42010100059G","pct_black":1.04},"geometry":{"type":"Polygon","coordinates":[[[-75.18123499992967,40.03309700007681],[-75.18389299945987,40.03051599978656],[-75.18619399987854,40.02946800018878],[-75.1931270004786,40.03538100012703],[-75.18879700024046,40.039479999771814],[-75.18792199998349,40.03754700021193],[-75.18839600036446,40.03725499994529],[-75.18123499992967,40.03309700007681]]]}},{"id":"920","type":"Feature","properties":{"GISJOIN":"G42010100059H","pct_black":13.1},"geometry":{"type":"Polygon","coordinates":[[[-75.18731499995774,40.04092899959017],[-75.1931270004786,40.03538100012703],[-75.201432999589,40.042403999722055],[-75.19841099960313,40.04582699995734],[-75.19940899995062,40.046468999929246],[-75.1943260000687,40.05171099968784],[-75.19431299990417,40.050248000136605],[-75.19212299956605,40.047679000264054],[-75.19309099964975,40.04459000026733],[-75.18731499995774,40.04092899959017]]]}},{"id":"921","type":"Feature","properties":{"GISJOIN":"G42010100059I","pct_black":38.86},"geometry":{"type":"Polygon","coordinates":[[[-75.18807699947723,40.05689799978553],[-75.18220299945624,40.04589400029474],[-75.18731499995774,40.04092899959017],[-75.19309099964975,40.04459000026733],[-75.19212299956605,40.047679000264054],[-75.194410999785,40.05063699991802],[-75.1943260000687,40.05171099968784],[-75.19326000010145,40.0530570001539],[-75.19395099955706,40.054357999697416],[-75.1929659995984,40.055266999797496],[-75.19175199969281,40.05460399956413],[-75.18807699947723,40.05689799978553]]]}},{"id":"922","type":"Feature","properties":{"GISJOIN":"G42010100059J","pct_black":6.98},"geometry":{"type":"Polygon","coordinates":[[[-75.1918760003914,40.06125700015805],[-75.18807699947723,40.05689799978553],[-75.19175199969281,40.05460399956413],[-75.1929659995984,40.055266999797496],[-75.19395099955706,40.054357999697416],[-75.19325999956827,40.05346399960712],[-75.19345599963789,40.052646999534964],[-75.19651100018604,40.04918799994962],[-75.20146200011243,40.052316000430835],[-75.1918760003914,40.06125700015805]]]}},{"id":"923","type":"Feature","properties":{"GISJOIN":"G42010100059K","pct_black":6.01},"geometry":{"type":"Polygon","coordinates":[[[-75.2040819994227,40.05422900030025],[-75.19651100018604,40.04918799994962],[-75.19940899995062,40.046468999929246],[-75.19841099960313,40.04582699995734],[-75.201432999589,40.042403999722055],[-75.21004999957937,40.05002799979632],[-75.20897799966859,40.050945000112335],[-75.20880700042017,40.05224000015831],[-75.20534899934296,40.05310900021573],[-75.2040819994227,40.05422900030025]]]}},{"id":"924","type":"Feature","properties":{"GISJOIN":"G42010100059L","pct_black":4.83},"geometry":{"type":"Polygon","coordinates":[[[-75.1918760003914,40.06125700015805],[-75.20146200011243,40.052316000430835],[-75.20484500044513,40.054823000309135],[-75.20352599933436,40.055138000264094],[-75.20162500042098,40.056795999668786],[-75.20168000006595,40.058708000167385],[-75.20254499982568,40.05988400000324],[-75.20181000043556,40.0615600005031],[-75.20247500011253,40.06265000013434],[-75.20120399955127,40.063956000343836],[-75.20035899991281,40.06347599981438],[-75.19865899977275,40.064512000107825],[-75.1963850006229,40.06662299973613],[-75.19602199967139,40.06540099953043],[-75.19415400006801,40.06437600025322],[-75.1918760003914,40.06125700015805]]]}},{"id":"925","type":"Feature","properties":{"GISJOIN":"G42010100059M","pct_black":2.19},"geometry":{"type":"Polygon","coordinates":[[[-75.1963850006229,40.06662299973613],[-75.19865899977275,40.064512000107825],[-75.20035899991281,40.06347599981438],[-75.20120399955127,40.063956000343836],[-75.20247500011253,40.06265000013434],[-75.20181000043556,40.0615600005031],[-75.20249499965314,40.059879000295986],[-75.21153899977496,40.06457099983726],[-75.20581500015012,40.07010600012443],[-75.20416599979647,40.06959499957837],[-75.20291500020386,40.07085000010044],[-75.20423000021185,40.07167500008624],[-75.20265100010838,40.073211999946224],[-75.1998549997146,40.069620000255554],[-75.1963850006229,40.06662299973613]]]}},{"id":"926","type":"Feature","properties":{"GISJOIN":"G42010100059N","pct_black":0.81},"geometry":{"type":"Polygon","coordinates":[[[-75.20254499982568,40.05988400000324],[-75.20168000006595,40.058708000167385],[-75.20162500042098,40.056795999668786],[-75.20352599933436,40.055138000264094],[-75.20484500044513,40.054823000309135],[-75.2040819994227,40.05422900030025],[-75.20534899934296,40.05310900021573],[-75.20880700042017,40.05224000015831],[-75.20897799966859,40.050945000112335],[-75.2100105114615,40.049771935672545],[-75.21720067490855,40.05549784148068],[-75.21649599976121,40.05609000010331],[-75.21403500033779,40.0564979998457],[-75.21212800044103,40.05907799964091],[-75.21017900021675,40.06009999963881],[-75.21357499979493,40.062432000359415],[-75.21319799967902,40.06351899998919],[-75.21153899977496,40.06457099983726],[-75.20254499982568,40.05988400000324]]]}},{"id":"927","type":"Feature","properties":{"GISJOIN":"G42010100059O","pct_black":0.9},"geometry":{"type":"Polygon","coordinates":[[[-75.20265100010838,40.073211999946224],[-75.20423000021185,40.07167500008624],[-75.20291500020386,40.07085000010044],[-75.20416599979647,40.06959499957837],[-75.20581500015012,40.07010600012443],[-75.2089330005141,40.06701499975127],[-75.21123400043308,40.0684359996658],[-75.2114420002132,40.070918999965244],[-75.2153850002495,40.07325700042143],[-75.21063800046883,40.07799000040489],[-75.2049019999961,40.075121999582365],[-75.20265100010838,40.073211999946224]]]}},{"id":"928","type":"Feature","properties":{"GISJOIN":"G42010100059P","pct_black":3.47},"geometry":{"type":"Polygon","coordinates":[[[-75.2089330005141,40.06701499975127],[-75.21319799967902,40.06351899998919],[-75.21357000006398,40.062603999566385],[-75.21017900021675,40.06009999963881],[-75.21203200040958,40.059161000289585],[-75.2140110005176,40.05709999983519],[-75.21577900005497,40.05712000032641],[-75.21653099946491,40.057958000057525],[-75.2168660002656,40.05717899964883],[-75.22076900030092,40.06406500022041],[-75.21888068683455,40.06647151106057],[-75.21889800016065,40.06781299962749],[-75.22253599997893,40.07132799988457],[-75.22134799940116,40.07243200009974],[-75.22226799988321,40.07305599966863],[-75.21575099947708,40.07287700030546],[-75.2153850002495,40.07325700042143],[-75.2114420002132,40.070918999965244],[-75.21123400043308,40.0684359996658],[-75.2089330005141,40.06701499975127]]]}},{"id":"929","type":"Feature","properties":{"GISJOIN":"G42010100059Q","pct_black":0.45},"geometry":{"type":"Polygon","coordinates":[[[-75.22401200005314,40.08421799990704],[-75.21746300048149,40.08057499973699],[-75.21063800046883,40.07799000040489],[-75.21515699956939,40.07348499947585],[-75.21698399975577,40.074810999952895],[-75.21509299945201,40.07714099992244],[-75.2172000003555,40.07694400007294],[-75.218189000055,40.07582300004388],[-75.22196100005341,40.07826300022912],[-75.22155599942309,40.07895100008063],[-75.2229470000287,40.07843300042077],[-75.22463300004213,40.0796049995878],[-75.22413800001492,40.080030000105914],[-75.22738100029153,40.083105999747396],[-75.22688499979921,40.083225000122425],[-75.22789899968164,40.08428199996386],[-75.22401200005314,40.08421799990704]]]}},{"id":"930","type":"Feature","properties":{"GISJOIN":"G42010100059R","pct_black":0.0},"geometry":{"type":"Polygon","coordinates":[[[-75.23050000046146,40.08602200044596],[-75.22688499979921,40.083225000122425],[-75.22738100029153,40.083105999747396],[-75.22413800001492,40.080030000105914],[-75.22463300004213,40.0796049995878],[-75.2229470000287,40.07843300042077],[-75.22155599942309,40.07895100008063],[-75.22196100005341,40.07826300022912],[-75.218189000055,40.07582300004388],[-75.2172000003555,40.07694400007294],[-75.21509299945201,40.07714099992244],[-75.21698399975577,40.074810999952895],[-75.21515699956939,40.07348499947585],[-75.21575099947708,40.07287700030546],[-75.22226799988321,40.07305599966863],[-75.22134799940116,40.07243200009974],[-75.22253599997893,40.07132799988457],[-75.21889800016065,40.06781299962749],[-75.21888068683455,40.06647151106057],[-75.22076900030092,40.06406500022041],[-75.2168660002656,40.05717899964883],[-75.21653099946491,40.057958000057525],[-75.21577900005497,40.05712000032641],[-75.2140110005176,40.05709999983519],[-75.21257199991022,40.058569000267326],[-75.21332000016157,40.05711300043735],[-75.214488000673,40.05626799970589],[-75.21634900004895,40.05613600022717],[-75.21720067490855,40.05549784148068],[-75.22538006782047,40.06235313669319],[-75.22480000003658,40.06255399967783],[-75.2251090003947,40.06608000051511],[-75.22353800040065,40.06743500025781],[-75.22665099952106,40.07045800033601],[-75.22808800047223,40.07064900001538],[-75.2270049998106,40.07260500018925],[-75.22520199963034,40.07407199970729],[-75.22565800040488,40.07485000005531],[-75.22790800015943,40.075341000455595],[-75.23041100013184,40.07704200030969],[-75.22598800022311,40.07906800042701],[-75.22761099968946,40.08137699973925],[-75.23295199984003,40.0836180002684],[-75.23050000046146,40.08602200044596]]]}},{"id":"931","type":"Feature","properties":{"GISJOIN":"G42010100059S","pct_black":0.0},"geometry":{"type":"Polygon","coordinates":[[[-75.22538006782047,40.06235313669319],[-75.23793835082932,40.07268689111677],[-75.24086900031183,40.07583000002648],[-75.23303000008569,40.08361799995184],[-75.22761099968946,40.08137699973925],[-75.22598800022311,40.07906800042701],[-75.23041100013184,40.07704200030969],[-75.22790800015943,40.075341000455595],[-75.22565800040488,40.07485000005531],[-75.22520199963034,40.07407199970729],[-75.2270049998106,40.07260500018925],[-75.22808800047223,40.07064900001538],[-75.22665099952106,40.07045800033601],[-75.22353800040065,40.06743500025781],[-75.2251090003947,40.06608000051511],[-75.22480000003658,40.06255399967783],[-75.22538006782047,40.06235313669319]]]}}]}