{"type":"FeatureCollection","features":[{"type":"Feature","geometry":{"type":"Polygon","coordinates":[[[-76.69765800003015,39.72108799976693],[-76.69771199955849,39.721086999959184],[-76.69787599959002,39.72108500034366],[-76.69793099984162,39.72108500034366],[-76.6981340002312,39.72108600015144],[-76.69876299969482,39.72108799976693],[-76.69892500007653,39.72108900026561],[-76.70126099980261,39.7210979999165],[-76.70268600003277,39.72110400014373],[-76.70411299991271,39.72110899987206],[-76.70448000033385,39.72111100017785],[-76.70461800042611,39.72111500009834],[-76.70465600006094,39.72111599990567],[-76.70494099956798,39.7211299999708],[-76.70590999968854,39.72117799967888],[-76.70612700032184,39.72118900031264],[-76.70623399955363,39.72118900031264],[-76.70636099977524,39.7211940000348],[-76.707216000093,39.72117699987245],[-76.71016399956426,39.721119999825866],[-76.71114699992854,39.72110100003021],[-76.711383999755,39.72110100003021],[-76.7120950001327,39.72110100003021],[-76.71233199995918,39.72110199983774],[-76.71236200009639,39.72108900026561],[-76.71254399967128,39.721065000039296],[-76.71562699976006,39.7210219999872],[-76.7157840001189,39.721026999721424],[-76.71592399986099,39.721080999730475],[-76.71691999974573,39.721014999943996],[-76.71700500013455,39.72100199966456],[-76.72107999991013,39.72100199966456],[-76.7263659996556,39.72100199966456],[-76.7270000000404,39.72100199966456],[-76.72890200029653,39.72100199966456],[-76.72953699960794,39.721003000164494],[-76.73058799974427,39.72100199966456],[-76.73374299980308,39.72100199966456],[-76.73479499976433,39.72100199966456],[-76.73756499985866,39.72098200002707],[-76.74587699979155,39.720924999819324],[-76.7486479997108,39.7209069997803],[-76.74887700003967,39.720905000159554],[-76.74956499995284,39.720902999847745],[-76.74979500010659,39.72090200003732],[-76.74987499957422,39.72090200003732],[-76.75003199993306,39.72090200003732],[-76.75011499977374,39.72090200003732],[-76.75019500013968,39.72090200003732],[-76.75028700020118,39.72090200003732],[-76.75056500003552,39.72090200003732],[-76.75065799992196,39.72090200003732],[-76.75176199976173,39.72090200003732],[-76.75626099985982,39.72090200003732],[-76.7562800001264,39.72090200003732],[-76.75779599969484,39.72090200003732],[-76.75916700039662,39.72090200003732],[-76.76225799998302,39.72090200003732],[-76.76328300018008,39.72090200003732],[-76.76465499980847,39.720902999847745],[-76.76601399991637,39.720881999679925],[-76.77009399971482,39.72082199995477],[-76.77129999966184,39.720804999700704],[-76.77145500037086,39.720803000076955],[-76.77225700008684,39.720806000203496],[-76.77466599960785,39.72081700020563],[-76.77546900004707,39.720821000143125],[-76.77701599957764,39.72082000033151],[-76.78166100016392,39.72081899982892],[-76.78320900041771,39.72081899982892],[-76.78328700023552,39.72081899982892],[-76.78352300023707,39.72081899982892],[-76.78360199987979,39.72082000033151],[-76.783700999614,39.72081700020563],[-76.78399799971491,39.72081199976517],[-76.78409800017234,39.72081000014162],[-76.78434599986944,39.720804999700704],[-76.78508999985912,39.72079399969666],[-76.78533900027946,39.72079100026056],[-76.78568999990874,39.720792000072585],[-76.78674400041814,39.72079800032644],[-76.78709599987232,39.72079999995034],[-76.78710000007028,39.72078199987869],[-76.78711400031398,39.720684000250614],[-76.78754199993615,39.71975800011937],[-76.78755000033206,39.719739999775754],[-76.78755600017985,39.71972799977434],[-76.78892799980824,39.7165460000074],[-76.78913100019784,39.71600200029322],[-76.78914999956609,39.715951000100056],[-76.78921999988627,39.71576500033603],[-76.78927000011501,39.71563200031239],[-76.7892759999628,39.71561500016101],[-76.78929400040444,39.71556500026047],[-76.78930100007713,39.71554899998062],[-76.78932399964336,39.71548600009504],[-76.78939399996355,39.71529899987645],[-76.78941800025301,39.71523699965509],[-76.78952399965989,39.714952999868174],[-76.7898409998523,39.714102000310746],[-76.78994799998242,39.71381899990995],[-76.79011500038702,39.71331800015514],[-76.79061800035225,39.71181699967405],[-76.79078599968344,39.71131699984047],[-76.79100099976857,39.71067299971269],[-76.79113399983797,39.71027799968266],[-76.79164699984896,39.70874399984545],[-76.79186299975903,39.70810099988266],[-76.79192200020857,39.707916999681466],[-76.7920999995855,39.70736600028697],[-76.79215999985993,39.707183000208204],[-76.79289499962879,39.705691999934956],[-76.79295099970527,39.7055789998041],[-76.79311300008698,39.70518499967385],[-76.79499699990144,39.70030200011777],[-76.79545899985881,39.698932999694485],[-76.79684800010394,39.694827999683554],[-76.79729699964251,39.693501999847264],[-76.79731599990909,39.69346199982759],[-76.79757200000212,39.69292999971176],[-76.79834000028124,39.6913330001015],[-76.79859700019918,39.69080199972371],[-76.79950400039547,39.68841699990101],[-76.80043800035594,39.68596399987453],[-76.80222699973584,39.68126199971462],[-76.80313499975703,39.67887799986524],[-76.80318699963556,39.67870199979748],[-76.80334399999441,39.6781770002662],[-76.80339699969785,39.67800200022699],[-76.80357800034614,39.677578000304315],[-76.80412200031927,39.676304999673],[-76.80430399989415,39.67588200016666],[-76.80436099979555,39.6757439997673],[-76.804533000223,39.67533299971012],[-76.80459099994931,39.675196000069526],[-76.80473300023955,39.674853000231714],[-76.80516199968662,39.673824000179046],[-76.80529700030417,39.67350199982645],[-76.80530499980175,39.673480999751284],[-76.80531900004544,39.67344399999848],[-76.80532800026629,39.67341899998611],[-76.80542700000049,39.673151000004076],[-76.80548800009987,39.672985999885015],[-76.80560899957537,39.67265699966555],[-76.80597500017159,39.671669999977446],[-76.80609700037031,39.67134200024204],[-76.80624399978508,39.67095099989308],[-76.80668599965097,39.66977899994884],[-76.80683399978896,39.669389000299674],[-76.80780200008464,39.6664899998492],[-76.80799600025338,39.66590999997762],[-76.80939999966881,39.66224300002596],[-76.81048199976729,39.65941699995164],[-76.81048900033831,39.659397999764636],[-76.81143699964414,39.65692099981632],[-76.81155800001798,39.65660599988068],[-76.8115880001552,39.65652800005689],[-76.81161099972142,39.65646999981166],[-76.81212799993037,39.65517899971293],[-76.81352700022124,39.651682999830335],[-76.8136789996589,39.651305999990875],[-76.81399800039945,39.65051100023377],[-76.81416400008078,39.65000400005944],[-76.81433700033315,39.64948300024549],[-76.81485799984175,39.64792100024836],[-76.81503199991903,39.64740100013832],[-76.8151850000799,39.6469450000158],[-76.81564600021235,39.64557900000849],[-76.81580000019814,39.64512399984558],[-76.81658799967042,39.64299399981536],[-76.81845399994153,39.637954999949066],[-76.81895299970881,39.636605000048704],[-76.81974199990432,39.634476000201936],[-76.81977899971425,39.6343669998584],[-76.81989099986724,39.63404300031115],[-76.81992900040038,39.63393600004194],[-76.82018700014325,39.633158999917676],[-76.82096299991997,39.63082900018493],[-76.82122200038604,39.63005300019081],[-76.82129500018098,39.62980299974944],[-76.82151399956578,39.62905500012973],[-76.82158800008393,39.62880599999396],[-76.82166300042701,39.628597999660435],[-76.8218879996596,39.62797599998825],[-76.82196399982759,39.62776899970262],[-76.82213299988197,39.62732399988654],[-76.82264300041822,39.625991000166444],[-76.82281400012246,39.62554699979361],[-76.82298599965159,39.625118999822945],[-76.82350299986054,39.623835999773796],[-76.82367600011291,39.62340900012972],[-76.82408500036682,39.62224100028568],[-76.82415800016175,39.62203099987452],[-76.82609600040287,39.61645800016624],[-76.82616499999985,39.61625900025326],[-76.82659500017017,39.615023000152995],[-76.82809200037033,39.61071900019379],[-76.82859199996253,39.6092850002901],[-76.82862100027485,39.60919900003137],[-76.8287099999633,39.60894099999836],[-76.82874000010052,39.6088560000532],[-76.82890199958392,39.608300999800456],[-76.82939000037887,39.60663700011425],[-76.82955299968718,39.60608300015817],[-76.82962100035753,39.60592599986933],[-76.82982700022187,39.605457999928966],[-76.82989599981885,39.60530299980751],[-76.82996000029128,39.60515500005538],[-76.8301539995617,39.60471199970191],[-76.83021899985903,39.60456500018168],[-76.83042399989846,39.604087999674064],[-76.83103900001669,39.60265699989335],[-76.8312440000561,39.60218000008598],[-76.83160200025638,39.60107000023975],[-76.83267799960876,39.5977399998615],[-76.83274200008118,39.59753899971193],[-76.832891999869,39.597079999745574],[-76.83308699986267,39.59664999981053],[-76.83321800028224,39.59627399998493],[-76.83361099974431,39.595146000029715],[-76.83364900027745,39.59503800028551],[-76.833665000171,39.59475500002252],[-76.83282400009695,39.593751999813776],[-76.83418099965671,39.593089000326884],[-76.83429899965749,39.592902000282855],[-76.83436499977972,39.592751000182474],[-76.83456399997135,39.59229999986689],[-76.8346309999185,39.59215000012891],[-76.83465100001,39.59210300032419],[-76.83471399975919,39.59196099973363],[-76.83473499967558,39.59191500009412],[-76.83474499972132,39.591889999675324],[-76.83477700040669,39.59181600004409],[-76.83478900010225,39.59179199988479],[-76.83490799992794,39.59152199994263],[-76.83526399958009,39.59071500027302],[-76.835384000129,39.59044599990949],[-76.83554700033562,39.590076999801504],[-76.83603500023224,39.58897000014664],[-76.83619900026378,39.58860200013392],[-76.83635999992225,39.588196000214964],[-76.83665500037337,39.58744600023299],[-76.83698300043642,39.58639700028497],[-76.83797000010033,39.583250000005755],[-76.8382989999883,39.58220199997332],[-76.83835599988971,39.58204599999012],[-76.83853900018782,39.581541999987856],[-76.83925800006313,39.579561999707046],[-76.83949900008754,39.57890200019836],[-76.83952500002682,39.57882499978859],[-76.83960399966954,39.57859599970998],[-76.83963100033203,39.57852000013946],[-76.83974500013484,39.57817399976621],[-76.84008900009144,39.5771390001895],[-76.8402050004424,39.57679500017755],[-76.8402840000851,39.576555000188755],[-76.84052299956139,39.57583699974963],[-76.84060299992733,39.57559799974257],[-76.84077399963155,39.57512999984512],[-76.84128699964255,39.573726999754214],[-76.84145900006999,39.57326000025179],[-76.84172500020877,39.572532999993705],[-76.84252500027495,39.57035099995903],[-76.84279200023863,39.569625000279515],[-76.84307599992076,39.56886899984163],[-76.8439300004136,39.566599999655125],[-76.84421499992062,39.56584500014447],[-76.84422599979129,39.565816000104846],[-76.84425799957835,39.56572899991306],[-76.84427000017222,39.565700999804285],[-76.84432799989854,39.565545000079254],[-76.84450399962563,39.56507600019532],[-76.8445630000752,39.56492099974739],[-76.84457200029601,39.56489499998683],[-76.84460099971001,39.56481999993035],[-76.84461099975576,39.56479500012434],[-76.84468699992372,39.56458899999471],[-76.84491600025258,39.563972000093415],[-76.8449930002455,39.563767000296274],[-76.84529399964605,39.562932000300385],[-76.84619800036761,39.56042899966074],[-76.84649999959308,39.55959499971093],[-76.84692899993848,39.55844600001131],[-76.8473230001238,39.557392999866465],[-76.84821699990128,39.55500200000572],[-76.8486470000716,39.55385399986866],[-76.85344300027062,39.54060200029046],[-76.85412000031313,39.53873100033784],[-76.8552579995898,39.5355860001738],[-76.85593200015758,39.53372399991891],[-76.85608500031844,39.533298999925655],[-76.85654599955258,39.53202599981435],[-76.85670000043669,39.53160200028981],[-76.85695499980649,39.530709000124105],[-76.85699800036252,39.530565000288966],[-76.85705199989087,39.53040000029836],[-76.8572159999224,39.52990800015274],[-76.8572719999989,39.52974399979135],[-76.85753099956668,39.529001000183314],[-76.85856199961151,39.525870000022024],[-76.85865299984812,39.525592999973064],[-76.8599969998874,39.521512000296816],[-76.86269500001173,39.513315000130596],[-76.86282499970807,39.51282200017145],[-76.86321800006846,39.51134400016444],[-76.86335000031293,39.51085200015663],[-76.8633620000085,39.51080600007359],[-76.86371000016305,39.50981299991124],[-76.86428000007545,39.508191999979054],[-76.86480300013218,39.506702000340034],[-76.86516800000516,39.50566600017866],[-76.86523400012739,39.505472999791294],[-76.86543300031902,39.504894000264954],[-76.86550000026617,39.50470199997823],[-76.86554000044914,39.5045820001361],[-76.86566000009975,39.50422200005961],[-76.86570000028271,39.50410200008177],[-76.86572399967386,39.50402899982061],[-76.8657990000169,39.503800999745515],[-76.86609899959257,39.502900999805874],[-76.86619999987492,39.50260200020406],[-76.86630000033233,39.502260999920324],[-76.86659900008308,39.50124100007306],[-76.86670000036543,39.50090199979004],[-76.86682099984094,39.50043999988889],[-76.86691999957515,39.50006199982813],[-76.8671279999876,39.49926699999506],[-76.86757999989922,39.4975420000318],[-76.86780000000724,39.496701999668765],[-76.8678329996192,39.49652999974204],[-76.86793499972644,39.496014000180985],[-76.86794800014525,39.49595200017481],[-76.8679740000845,39.495843999830754],[-76.86805600010028,39.495489999952774],[-76.8683039997974,39.49442700028111],[-76.86838699963806,39.494073999744614],[-76.86857599978396,39.49383300026548],[-76.8686000000734,39.4938030003121],[-76.86860300044646,39.49370899977358],[-76.86862299963961,39.49292300031102],[-76.86863199986045,39.49261699977868],[-76.86871399987623,39.489546000048534],[-76.86868600028713,39.489461999681076],[-76.8686770000663,39.48936100027677],[-76.86867100021851,39.48925199970491],[-76.86870399983047,39.4891039997171],[-76.8686009998983,39.48906100027523],[-76.86855300021773,39.48903999969974],[-76.86847100020196,39.48900400018405],[-76.86800599987156,39.48879400021128],[-76.86728299979829,39.48821600010757],[-76.86653200013593,39.4876169997403],[-76.8668190001911,39.48582499967569],[-76.86695800010828,39.484962999692186],[-76.8669659996059,39.484912000329196],[-76.86767299978564,39.48417000005084],[-76.86930899990297,39.482458999748516],[-76.86937099982724,39.482453000302705],[-76.87001299970966,39.48239300026938],[-76.87020199985555,39.48237600031988],[-76.87103399970877,39.48230000004617],[-76.8720070000273,39.482306999992744],[-76.87280200007058,39.482313000144494],[-76.87479800003804,39.48199499970869],[-76.87489099992445,39.482041000140754],[-76.87547199970751,39.48233000010939],[-76.8756180001957,39.482401999792344],[-76.87576299996066,39.482474999885945],[-76.87661200043061,39.48297700033484],[-76.8764569997216,39.48135500009707],[-76.87733799997861,39.48085699968138],[-76.87722900019867,39.480531000271064],[-76.87681499992188,39.480202999683904],[-76.87627500014673,39.47956400005712],[-76.87613500040464,39.47925000027263],[-76.8754430002935,39.478950000333555],[-76.8769010001356,39.476665000323464],[-76.87738700038241,39.4766780000882],[-76.87830000042649,39.476704000303855],[-76.87872800004867,39.476672000143736],[-76.87995900011005,39.47657499969852],[-76.88073999990965,39.47651500014168],[-76.88122799980626,39.47685599982322],[-76.88176000008384,39.47722700009746],[-76.88264299999068,39.475800000169194],[-76.88329400009391,39.474750999753525],[-76.88319100016176,39.47382700018994],[-76.88300000036605,39.47210200007944],[-76.88350699963094,39.47117999991401],[-76.88391000003708,39.470447999801934],[-76.8839550002429,39.470365999876236],[-76.88400000044875,39.47017000005127],[-76.88403399988563,39.470026000252616],[-76.88447699957642,39.46993600005374],[-76.88467400011822,39.46989699974651],[-76.88545300026797,39.46962199980443],[-76.88587199966933,39.46947500032269],[-76.88706900029383,39.4690529997264],[-76.88720900003592,39.46900399976412],[-76.88734899977801,39.468953999781164],[-76.88779200036713,39.46879699969833],[-76.88795999969828,39.46873799966395],[-76.8885720003418,39.46852300025548],[-76.88817399995852,39.46776699985722],[-76.88780499988758,39.46706700033276],[-76.88603700042408,39.4669919999908],[-76.88518399975617,39.46695700017346],[-76.88501399987685,39.46694399997922],[-76.88484399999754,39.466929999767345],[-76.88450000004094,39.466902000028604],[-76.88470699973018,39.46663100011748],[-76.88534600013786,39.46579400023363],[-76.8859470000124,39.465003999943946],[-76.88598499964723,39.464955999948096],[-76.88623700044063,39.46462600003404],[-76.88691000028518,39.463241999811],[-76.88716499965498,39.46314299992088],[-76.88932100035434,39.462307999861046],[-76.8920000002121,39.46180199970432],[-76.89148399982805,39.4614500001093],[-76.89043699988967,39.46073499998116],[-76.89032800010973,39.460659999750625],[-76.88917200039143,39.45987100025177],[-76.88853600035678,39.45943600015794],[-76.88790000032215,39.459002000249],[-76.8872130002339,39.45819000022176],[-76.88652600014562,39.45737799973885],[-76.88570000014019,39.45640200012322],[-76.8881999998978,39.45680199968759],[-76.88929799988979,39.45693600029355],[-76.88975099962633,39.45699200014943],[-76.8930999998539,39.45740199992654],[-76.89300000029478,39.45530199970059],[-76.89010499962865,39.45380099978903],[-76.88759900002327,39.452502000276795],[-76.88699800014874,39.451900999886405],[-76.88649900038145,39.45140199996572],[-76.88389900016642,39.4506020003006],[-76.88053499987022,39.452320999991926],[-76.87958900021418,39.45280400024113],[-76.8793990002434,39.45290200005368],[-76.87709899960402,39.45280199980468],[-76.87690299978541,39.452242000195255],[-76.87639899999527,39.450802000038145],[-76.87794899989889,39.44895800022215],[-76.87813899986968,39.44878600014486],[-76.87870899978209,39.44827300029473],[-76.8788999995778,39.44810200019853],[-76.8794000000683,39.44790200033609],[-76.8818000002668,39.44590199994768],[-76.88203600026834,39.445096999962196],[-76.882299999859,39.4442020002055],[-76.88710000025598,39.44520199973398],[-76.88807400039941,39.44582800000992],[-76.88850000037176,39.446102000004664],[-76.88938199955538,39.44591499990985],[-76.88996999990944,39.445789999692614],[-76.8905580002635,39.4456649999447],[-76.89180000019553,39.44540199972021],[-76.89180000019553,39.444402000288726],[-76.89102500024374,39.444072999701454],[-76.89030100034556,39.44376500001615],[-76.88850000037176,39.443002000131905],[-76.88771500037421,39.441367000279584],[-76.88755700019047,39.441037999923886],[-76.88739900000672,39.44070799970345],[-76.88737899991524,39.44066599987859],[-76.88731899964078,39.44054300004759],[-76.88730000027252,39.440501999824384],[-76.88915499977468,39.43990000021544],[-76.89100000012938,39.439301999827315],[-76.89218199978696,39.439480999833364],[-76.89429999995315,39.43980200014161],[-76.89387900000366,39.43940999985502],[-76.89312300031843,39.43870699973006],[-76.89278699985945,39.43839500028414],[-76.89245100029879,39.43808300013455],[-76.89244799992574,39.43798300011106],[-76.89243500040526,39.43790100009567],[-76.89239799969702,39.43786499978772],[-76.89233300029801,39.43781000024484],[-76.892289999742,39.43772000001619],[-76.89227999969624,39.43765299998636],[-76.89231800022938,39.43752500027825],[-76.89233699959765,39.437442999723714],[-76.89232400007718,39.43736399969893],[-76.89226700017578,39.43728899996135],[-76.8921769997641,39.437236000153575],[-76.89210499979407,39.43714899981885],[-76.89205600028858,39.437048000091416],[-76.89199099999125,39.43693499972134],[-76.89195400018133,39.43686000021563],[-76.89191499982327,39.43673699990797],[-76.89191200034853,39.436653000300694],[-76.89191200034853,39.436582999972394],[-76.89189300008196,39.436519999963714],[-76.8918470000512,39.43645300016729],[-76.89180000019553,39.43638300033183],[-76.89175199961664,39.436274999773744],[-76.89170300011116,39.43620999996103],[-76.89164700003467,39.43615600026259],[-76.89157500006463,39.43610600027326],[-76.89151899998815,39.436066999743275],[-76.89146999958433,39.43601599992452],[-76.89141400040614,39.43588599975508],[-76.8913750000481,39.43581399981303],[-76.89134499991087,39.43572800024724],[-76.89132099962141,39.43566500015914],[-76.89128100033678,39.435640000339674],[-76.89108499961988,39.43562300006876],[-76.89092300013648,39.43561100003824],[-76.89082799970193,39.435593999760265],[-76.89072599959468,39.43554900031039],[-76.89066100019566,39.435508999695735],[-76.89064299975401,39.43546100017671],[-76.89064299975401,39.43539900031536],[-76.8906569999977,39.43534599976346],[-76.89069800000557,39.435296999662434],[-76.89077099980052,39.4352459999738],[-76.89089700019721,39.435177999868266],[-76.89103199991642,39.43512900034289],[-76.89109600038886,39.435086000150456],[-76.89114099969636,39.43504099967868],[-76.89115699958991,39.43498599998758],[-76.89124500035176,39.43456900014773],[-76.89144199999525,39.43407199981211],[-76.89145500041404,39.43395900016525],[-76.89145000039116,39.43387700026993],[-76.89143500032256,39.433762000017204],[-76.89132999984224,39.43357500009393],[-76.89113499984859,39.433201999935086],[-76.89113800022164,39.43318300015073],[-76.891163000336,39.433176999925614],[-76.89172900005042,39.43365100016041],[-76.89189899992974,39.43375100015805],[-76.89258299964494,39.433976000148384],[-76.89331999996193,39.434185999761304],[-76.89382899977494,39.43435799981855],[-76.89400299985222,39.43443200014814],[-76.89414799961718,39.43449299969507],[-76.89425999977017,39.434533000199266],[-76.89436600007538,39.43454499972164],[-76.8944940001219,39.43453700004027],[-76.89459399968102,39.4344970002322],[-76.89473900034427,39.43440300003773],[-76.89497199997278,39.4342019998975],[-76.89505399998855,39.43414000030335],[-76.89507599972987,39.43408700018125],[-76.89505599963837,39.43401600025564],[-76.89500999960762,39.433949999927655],[-76.89499399971409,39.433871000104574],[-76.89501100033085,39.43379099970065],[-76.89506800023226,39.43369699994123],[-76.89513900037737,39.433633000298215],[-76.89519799992861,39.433583999686185],[-76.89521700019517,39.433527999737414],[-76.89520299995147,39.43345600013366],[-76.89512900033164,39.43312200015065],[-76.89505900001143,39.43305700017135],[-76.8949870000414,39.43304900031917],[-76.89485899999488,39.43304399989069],[-76.89467700042,39.433061000097155],[-76.89450300034272,39.43305099993538],[-76.89425899994527,39.43297499990823],[-76.89421100026468,39.43293300027759],[-76.8942060002418,39.43288300005656],[-76.8942060002418,39.43282899986082],[-76.89422200013534,39.432780000070956],[-76.89443200019763,39.432520999717184],[-76.89479899972044,39.43225600017772],[-76.89482499965969,39.432234999801956],[-76.89486700039079,39.432156000115725],[-76.89485899999488,39.43209999971305],[-76.89484899994913,39.432008000093624],[-76.89482200018496,39.43195200026585],[-76.8947610000856,39.4318860000641],[-76.89467999989475,39.43181599980277],[-76.89394199975284,39.431597999965874],[-76.89375099995713,39.43155300001644],[-76.89364700020008,39.431536000135935],[-76.89361000039017,39.43150499985335],[-76.89356900038227,39.431456999657186],[-76.89354199971977,39.43138800018451],[-76.89350800028289,39.43134799995615],[-76.8933469997261,39.43127700001466],[-76.8932339997482,39.43123199985795],[-76.89315799958023,39.43122500032437],[-76.89312300031843,39.43120799966997],[-76.8931209997703,39.431188000200805],[-76.89312400014335,39.43116800003209],[-76.89314300040992,39.43113700027962],[-76.89317299964883,39.43110499998353],[-76.89319600011338,39.43105599967507],[-76.89322799990043,39.431015000112644],[-76.89329200037282,39.43099700026329],[-76.89350699955968,39.43093899994612],[-76.89370900012435,39.430892999732045],[-76.8938329999729,39.43087099979993],[-76.89406099957856,39.430869000121106],[-76.89425200027257,39.43087200033314],[-76.8944389998703,39.43084899986087],[-76.89459899970389,39.43081700012631],[-76.89496899959975,39.430748000019896],[-76.89508199957766,39.43069500009284],[-76.89516699996645,39.43063099977376],[-76.89522399986787,39.43056600024601],[-76.89525499983,39.430508000263934],[-76.89529900021094,39.430333000180916],[-76.89535699993726,39.43000500029656],[-76.89556000032685,39.4294870001988],[-76.89559600031185,39.429282000304795],[-76.89558200006816,39.42920399990921],[-76.89556000032685,39.42915899980134],[-76.89551900031897,39.42912600012015],[-76.89545900004451,39.429089000269734],[-76.8954160003868,39.42906099988227],[-76.89540299996801,39.4290159996821],[-76.89540399979292,39.42896299982543],[-76.89542999973219,39.42887899986517],[-76.89542899990728,39.428778999813545],[-76.8953960002953,39.42870200011316],[-76.89537600020384,39.428670999957404],[-76.89534900043967,39.42863100025093],[-76.89530099986078,39.428567999990065],[-76.89525300018018,39.42849199993006],[-76.89520100030165,39.42844100011718],[-76.89509099979848,39.42838600007306],[-76.8950360004452,39.42837300030859],[-76.8949440003837,39.42835100027471],[-76.89484700029932,39.428343999757814],[-76.8947679997583,39.42834700007857],[-76.89467900006983,39.428366999669244],[-76.89448699955089,39.42842599992018],[-76.89429400010538,39.42852099972534],[-76.89416699988375,39.42856700011765],[-76.89412500005096,39.428599000191646],[-76.89410900015744,39.42862999968549],[-76.89410499995948,39.42865800024614],[-76.89411900020318,39.42867199982836],[-76.89412800042402,39.42868399966628],[-76.89413699974652,39.428714999816215],[-76.89411800037826,39.428756999907854],[-76.89406200030176,39.42880300014436],[-76.89404100038537,39.428861000157895],[-76.89404700023316,39.42891499995968],[-76.89406300012668,39.428935999948344],[-76.89408300021816,39.428992999984885],[-76.8941009997615,39.42903400004321],[-76.89409999993661,39.429086999845936],[-76.89408099967002,39.42912100010399],[-76.89403700018741,39.429188999876466],[-76.89395000014876,39.42929599976164],[-76.89388900004943,39.42938499991061],[-76.8938039996606,39.42951300000346],[-76.89377000022371,39.42958100008726],[-76.89373000004073,39.42968300008854],[-76.8937040001015,39.42973100011912],[-76.89366499974342,39.42975699983278],[-76.89361799988775,39.42976900017768],[-76.89353699969689,39.42977099988803],[-76.89347700032076,39.42976900017768],[-76.89346200025214,39.42972899971375],[-76.89345200020641,39.42966400003843],[-76.89341600022139,39.42957600010381],[-76.89339899960464,39.429489999776465],[-76.89338299971112,39.42941800016302],[-76.89337199984047,39.429374000054295],[-76.8933609999698,39.42931300018872],[-76.89335699977184,39.429270999738335],[-76.89335599994695,39.42922599967378],[-76.89335900031998,39.42914799990935],[-76.8933469997261,39.429097999747555],[-76.89330300024348,39.42905900015155],[-76.89321500037994,39.42904900010932],[-76.89315099990752,39.4290449999532],[-76.89309300018121,39.42905099984033],[-76.89301199999036,39.42907500007741],[-76.89295799956366,39.42909500015301],[-76.8928110001489,39.429133999728876],[-76.8927330003311,39.42915799993741],[-76.89269499979795,39.42919200016083],[-76.89266200018598,39.42921200020287],[-76.89262600020098,39.429213999929196],[-76.89257299959921,39.42919999976199],[-76.89253099976642,39.42917999971652],[-76.89248399991074,39.42915700007344],[-76.89242199998647,39.42914399975896],[-76.89236900028303,39.42914399975896],[-76.89227899987134,39.42914000030222],[-76.89218900035797,39.42915700007344],[-76.89192300021918,39.42918300000127],[-76.89183600018055,39.429213999929196],[-76.8917549999897,39.429243000117886],[-76.89166600030123,39.42926099972653],[-76.89158599993529,39.42926700028889],[-76.89148800002602,39.42929200031363],[-76.89134800028393,39.42935900005814],[-76.89128499963641,39.42941300016782],[-76.8911700000087,39.42950499974437],[-76.89101799967273,39.42958100008726],[-76.89062900040861,39.42976500006294],[-76.89039500005688,39.42983000033792],[-76.88996400006165,39.42999700009389],[-76.88960500003645,39.43015599995915],[-76.88948899968551,39.43017700026766],[-76.88938599975334,39.430183000057326],[-76.88934999976833,39.430163000293945],[-76.88935499979121,39.4301019997314],[-76.88939999999704,39.43006200015245],[-76.88951899982273,39.430006000148325],[-76.88993999977221,39.4297400002079],[-76.89014900000959,39.42957799981969],[-76.89019800041339,39.429489999776465],[-76.89020099988811,39.42941200030754],[-76.89022699982739,39.4292780001621],[-76.89030200017046,39.42918800001297],[-76.89040199972958,39.429022000265554],[-76.89063799973111,39.42875900034112],[-76.89068299993697,39.4286790003123],[-76.89067799991409,39.42865099976009],[-76.89065500034788,39.428616000094834],[-76.89040900030058,39.428452999994875],[-76.89023699987312,39.42835399990127],[-76.89017400012393,39.42833699993411],[-76.89012999974301,39.428336000058394],[-76.89001799959001,39.42832500003642],[-76.88994899999302,39.42828699988427],[-76.88988000039606,39.42823400016696],[-76.88969600027305,39.428082999808694],[-76.88962599995284,39.42805499971089],[-76.8895659996784,39.42803099981633],[-76.88952399984561,39.428025999721655],[-76.88947799981484,39.42802300008098],[-76.88939499997419,39.428010000248776],[-76.8893260003772,39.42799400007838],[-76.88925500023208,39.4279760001425],[-76.88922199972181,39.42795599974572],[-76.8891999999805,39.427917000204445],[-76.88919499995764,39.427876000182785],[-76.88923400031568,39.42780299971212],[-76.88928700001914,39.42776300020128],[-76.88938499992842,39.42770900020066],[-76.88946899959402,39.427666000285924],[-76.889516000348,39.427632999897625],[-76.88954800013505,39.42759500006194],[-76.88954700031013,39.42752600023435],[-76.8895099996019,39.427464000250545],[-76.88950499957902,39.42737499972964],[-76.88952700021865,39.42729500019361],[-76.88952999969338,39.42719499995047],[-76.8895659996784,39.427105999779904],[-76.88959699964053,39.4270219996628],[-76.88963299962555,39.426959000028944],[-76.88970799996862,39.426843000256774],[-76.88975700037243,39.426757000025866],[-76.88976999989289,39.426688999961776],[-76.88980300040318,39.42659299983999],[-76.88979900020522,39.42652299981237],[-76.88978800033456,39.42648300026066],[-76.88974300012872,39.42642399975244],[-76.88965199989212,39.42635600005727],[-76.88941400024073,39.42623399984615],[-76.88934599957038,39.426194000128554],[-76.88927399960035,39.42612700011644],[-76.88916700036854,39.42600299968594],[-76.88904699981963,39.42587599999561],[-76.88893600038985,39.42578900004685],[-76.88886000022188,39.425747000248016],[-76.88874399987093,39.425678999892305],[-76.88866900042618,39.425598999797046],[-76.8885720003418,39.42551300011263],[-76.8883689999522,39.42539799993312],[-76.88830700002792,39.4253819998569],[-76.88823300040808,39.42537800018421],[-76.88815399986704,39.42538000002062],[-76.88806400035368,39.42538899997744],[-76.88800499990413,39.425405999969875],[-76.88796100042151,39.4254360002729],[-76.88790799981975,39.4255329998228],[-76.887861999789,39.4255690002581],[-76.88777399992544,39.42558299976699],[-76.88770899962812,39.425572000004365],[-76.88763300035845,39.42553399973879],[-76.88755899984031,39.42552399988456],[-76.88748299967232,39.42553399973879],[-76.88736399984663,39.425563000071165],[-76.8872850002039,39.42561000024927],[-76.88687299957695,39.4259489997093],[-76.8867760003909,39.42604899965872],[-76.88672299978913,39.42609600020296],[-76.8866729995604,39.42609700011087],[-76.88661700038223,39.42608200010322],[-76.88651100007702,39.426031999823195],[-76.88628099992324,39.42594300024899],[-76.88626500002971,39.425917999716646],[-76.88626500002971,39.425899999938444],[-76.88630299966455,39.42583899980731],[-76.88644900015274,39.42562000009115],[-76.88648900033571,39.4255380000964],[-76.88652600014562,39.42541499992335],[-76.88655399973473,39.42532399972327],[-76.8865949997426,39.42524699967472],[-76.88663400010066,39.42520800000514],[-76.88668799962903,39.425164000013716],[-76.88676499962192,39.425105999698644],[-76.88684599981276,39.425036000259084],[-76.88692100015585,39.424973000217676],[-76.88700599964633,39.42488599983554],[-76.88709199986006,39.424754999789016],[-76.88706799957062,39.424665999971815],[-76.88705800042318,39.42464999972749],[-76.88701300021734,39.424597000019745],[-76.88700200034668,39.42458600010149],[-76.88697999970708,39.424564000259835],[-76.88695299994288,39.42450800000077],[-76.88691100011009,39.42443199967631],[-76.88687199975203,39.42436899978277],[-76.88686099988136,39.424352000231316],[-76.88682700044451,39.4242979996693],[-76.88670600007067,39.423372000097956],[-76.88658399987195,39.42244699998043],[-76.88649199981043,39.42174500006148],[-76.87952899993974,39.42020300031602],[-76.878456999887,39.42027999969177],[-76.87843799962044,39.42028099968307],[-76.87837599969615,39.4202860003335],[-76.87829600022853,39.42029100028959],[-76.87532899959238,39.42050300017975],[-76.87452900042452,39.41910299994708],[-76.875928999642,39.41760299992202],[-76.87862900031446,39.41850300006295],[-76.879294999588,39.418241000017964],[-76.88142899964771,39.417402999932],[-76.88180899958931,39.415118999757894],[-76.88222799988897,39.412603000151066],[-76.88252800036295,39.408803000312254],[-76.88299899964282,39.408481000011925],[-76.88442800007093,39.407502999894625],[-76.88442800007093,39.404603000263194],[-76.88121399956256,39.40419400017322],[-76.8789280000652,39.40390300018813],[-76.87901599992874,39.403573999939994],[-76.87935200038773,39.40232699993874],[-76.88490199972385,39.398089999664315],[-76.88502800012056,39.39799399972489],[-76.88515500034215,39.39789799965338],[-76.88551699984208,39.3976210000441],[-76.88514000027355,39.39733800018959],[-76.88462800008747,39.39695300003306],[-76.8841169997263,39.39656799983435],[-76.88388699957254,39.396469000272845],[-76.8835040001562,39.396450999832595],[-76.88346599962304,39.396450999832595],[-76.88340899972165,39.39643599969362],[-76.88329800029189,39.396392000285374],[-76.88282299991572,39.39609699971818],[-76.88245800004275,39.39597800032932],[-76.88185299997023,39.39584700010818],[-76.88156400026524,39.39579899965294],[-76.8814839998993,39.395784000067934],[-76.88140699990642,39.39574000024852],[-76.88136500007363,39.3956679997899],[-76.88134300033231,39.39553499968262],[-76.88127800003498,39.395454000051494],[-76.88125499957044,39.395436999697026],[-76.88117799957756,39.395394999661086],[-76.88105999957678,39.39537399998074],[-76.88098500013201,39.39536500031412],[-76.88090800013913,39.39533199990687],[-76.88086600030634,39.39527599976905],[-76.88071399997037,39.39500900022926],[-76.8806100002133,39.394958000216526],[-76.88050700028114,39.39494600012648],[-76.88037300038684,39.394991000106515],[-76.8801740001952,39.39510300010058],[-76.88010700024805,39.395087999671716],[-76.88005299982137,39.39505000014442],[-76.87998400022441,39.394954999847094],[-76.87996499995782,39.39487400023685],[-76.87993200034586,39.39437300001765],[-76.87973900000202,39.39378500004748],[-76.87974999987269,39.39342300005459],[-76.87965799981116,39.39302199994677],[-76.87968399975044,39.392430999914524],[-76.87969799999414,39.39213100006179],[-76.87967200005487,39.39199800015406],[-76.87965600016135,39.39193799991434],[-76.87963400042004,39.39187299971213],[-76.87959300041214,39.391805000332965],[-76.87952100044214,39.39173299997881],[-76.87946700001545,39.39171800021387],[-76.87932899992319,39.39171800021387],[-76.87881599991222,39.39175899998032],[-76.87832399981761,39.391930999906165],[-76.87790200004322,39.3921919998355],[-76.8776819999352,39.392465000001586],[-76.87759700044471,39.39253000034648],[-76.87752799994942,39.39255699974569],[-76.87744799958347,39.39255300027248],[-76.87739800025308,39.39250899980378],[-76.87738700038241,39.39244999969977],[-76.87734100035168,39.39236299969068],[-76.87703900022788,39.39224099969475],[-76.8769990000449,39.39220000021159],[-76.876990999649,39.39214599973794],[-76.87704900027362,39.39208999981974],[-76.87756399993441,39.391853000065],[-76.87761800036111,39.39179100028922],[-76.8776679996915,39.39167800013071],[-76.8776740004376,39.39166499976895],[-76.87773700018678,39.391535999893186],[-76.87775599955505,39.391392999655324],[-76.87766699986658,39.3910129999876],[-76.87761699963787,39.390951000159674],[-76.8775139997057,39.39088799986382],[-76.87725799961267,39.39082599992483],[-76.87708000023575,39.39076500034542],[-76.8768939995646,39.39071600014382],[-76.8767809995867,39.39066400004816],[-76.87664500004257,39.39059600018501],[-76.87631399960645,39.3904059998281],[-76.8761610003439,39.39029199978215],[-76.8760690002824,39.39024000006473],[-76.87598600044173,39.39012500001806],[-76.87592299979421,39.39002900022631],[-76.87588500015939,39.38996299990237],[-76.87583499993067,39.38989500005035],[-76.87555200007344,39.38963699976396],[-76.87498399981087,39.38924700005498],[-76.8747400003117,39.38905100033247],[-76.87465400009799,39.38897099986243],[-76.87457700010509,39.38890799986166],[-76.87446999997498,39.38883399979909],[-76.87430599994345,39.38880399971387],[-76.87402999975893,39.388800999774034],[-76.87392799965167,39.38881600016609],[-76.87353299964147,39.388857000249125],[-76.87343899993014,39.38886500031332],[-76.87338299985363,39.388852999869535],[-76.8733519998915,39.38882400023498],[-76.87336399958706,39.38878199968942],[-76.8739419998954,39.38859600034187],[-76.87413799971395,39.388552000154945],[-76.87442700031728,39.38854300030263],[-76.87486300033538,39.38860899988683],[-76.8758020003187,39.389165000323075],[-76.8766190001033,39.38950999978119],[-76.87683099981541,39.389649999809244],[-76.87688100004412,39.389696999899506],[-76.87689600011275,39.38976599967926],[-76.87693000044794,39.389851999721735],[-76.87701800031148,39.389908000047576],[-76.87756099956138,39.390068999866315],[-76.87804199978532,39.39018199985358],[-76.87819900014415,39.39024500009267],[-76.87830999957391,39.390313000297915],[-76.87849100022221,39.39045000023446],[-76.87858300028371,39.39048600004142],[-76.87865600007864,39.390498000204374],[-76.87880400021663,39.39049000032739],[-76.87969399979617,39.389937999658216],[-76.8797230001085,39.389874999836216],[-76.87971899991054,39.389777000231476],[-76.8796739997047,39.38967899979484],[-76.87964299974257,39.38964699990583],[-76.8795819996432,39.38962599988388],[-76.87947500041139,39.38958099991484],[-76.87940199971813,39.38951900020301],[-76.87929100028836,39.389346999885525],[-76.87918599980806,39.38925400033243],[-76.87911700021108,39.389201000098716],[-76.87909100027183,39.389192000330105],[-76.87901000008097,39.389165000323075],[-76.87888000038461,39.38913800030559],[-76.87874999978996,39.389147000081174],[-76.878681000193,39.38913199976027],[-76.87860400020011,39.38911400020413],[-76.87855499979631,39.389060999864036],[-76.87855300014647,39.38898100009975],[-76.87854899994852,39.3888919997422],[-76.87858199956048,39.38880399971387],[-76.87874700031524,39.38863000021483],[-76.87883400035386,39.388600999793276],[-76.8789559996543,39.3885419998561],[-76.8790479997158,39.388426000034194],[-76.87903500019532,39.38830700005837],[-76.8790619999595,39.388089999988495],[-76.87908100022607,39.387983000035206],[-76.87914999982306,39.38790899968601],[-76.87921900031836,39.38788499985614],[-76.87932600044846,39.387899999750765],[-76.87943299968028,39.38797400010951],[-76.87954800020631,39.38799799990876],[-76.87966700003199,39.38798899998499],[-76.87982400039083,39.387965999943155],[-76.87995800028513,39.387962999967336],[-76.88005700001933,39.38802499967304],[-76.88018500006585,39.38822400015935],[-76.88027700012736,39.38828700008336],[-76.88037699968649,39.38830199989162],[-76.88050300008318,39.3882959999687],[-76.88169599961141,39.38766499987389],[-76.88187399988664,39.38761199982184],[-76.88203100024548,39.38760599983959],[-76.88218400040634,39.38764799970437],[-76.88319799983445,39.38803100031356],[-76.88430300039747,39.38838600014665],[-76.88445300018529,39.38839899973077],[-76.88471199975305,39.3884080002959],[-76.88514399957319,39.3881330000144],[-76.88516200001484,39.38794099967775],[-76.8851229996568,39.387860000256005],[-76.8849960003335,39.38752599979581],[-76.88494299973173,39.38745999988157],[-76.88476000033195,39.38727900002786],[-76.884679999966,39.3871589997126],[-76.88465700039978,39.38705099994673],[-76.88464599963082,39.38701000019115],[-76.88457000036114,39.386706999912754],[-76.88446200040612,39.38618900023479],[-76.88440700015454,39.38607399976064],[-76.88436500032174,39.38602000010044],[-76.88425800019161,39.38595199987755],[-76.88417399962772,39.38592500000548],[-76.88404399993138,39.38590999968633],[-76.88334699979737,39.38589400026805],[-76.88328400004818,39.385888000138145],[-76.88321899975084,39.38586200003196],[-76.88321899975084,39.385814000344574],[-76.88325700028399,39.38575200006308],[-76.8833569998431,39.385594999876595],[-76.88343600038415,39.38548999985546],[-76.88349900013334,39.38546800017492],[-76.8837080003707,39.38544800008052],[-76.88451299956142,39.385472000054236],[-76.88484700037058,39.38533400026642],[-76.8851159999841,39.3851839998253],[-76.88565499993435,39.3845810002702],[-76.88576700008734,39.384535999825026],[-76.88589199976082,39.38450399966057],[-76.88593299976871,39.384491000045216],[-76.88599100039333,39.38444600023634],[-76.88601599960937,39.384374999738284],[-76.88596700010389,39.384258999932925],[-76.88585900014886,39.384207999700116],[-76.88560200023089,39.38391800017271],[-76.88550199977348,39.38376899998045],[-76.88551900039023,39.38369900000392],[-76.88556799989573,39.38362700031199],[-76.88579399985153,39.38351400012489],[-76.8859119998523,39.38349199982141],[-76.88609199977735,39.38349800015737],[-76.88619200023479,39.383550999862216],[-76.8866729995604,39.38404099995661],[-76.88685599985851,39.384164000218064],[-76.88710500027885,39.3842350002364],[-76.8872569997165,39.384262999881535],[-76.88751399963445,39.38427600023368],[-76.88835200023377,39.38412899974237],[-76.88915499977468,39.38368300007881],[-76.88974300012872,39.383029000347186],[-76.88987299982506,39.38282700012562],[-76.88998699962788,39.38272100027041],[-76.89013899996385,39.382586000110415],[-76.89020599991099,39.38251399996461],[-76.89022199980451,39.382499000301024],[-76.8902979999725,39.38242799990527],[-76.89040599992754,39.38242100033178],[-76.89054700039284,39.38246000032727],[-76.89066299984547,39.38252500027138],[-76.89081299963331,39.38255100023206],[-76.89097500001502,39.382538000252936],[-76.89112399997794,39.38244099990488],[-76.89126600026816,39.38232600019811],[-76.89133200039039,39.38222900024978],[-76.89136599982726,39.38207500000484],[-76.89136599982726,39.382029000181376],[-76.89143299977441,39.38154600020467],[-76.89146700010961,39.38126299972203],[-76.89145399969081,39.38112800021374],[-76.89138000007097,39.38101199987221],[-76.89131399994874,39.38093400032425],[-76.89127200011595,39.38081199978831],[-76.89125600022241,39.380625000163604],[-76.89126500044324,39.38031600002373],[-76.89119900032101,39.379949000215255],[-76.89116099978786,39.37985900026655],[-76.89111200028236,39.37985199974107],[-76.89028799992677,39.380367000323126],[-76.88992300005378,39.38061099995989],[-76.88978099976356,39.38063699993923],[-76.88958999996784,39.38064899971273],[-76.88929500041506,39.38063600007373],[-76.88903000010119,39.38062299973792],[-76.88881400019112,39.380558000105594],[-76.88868899961935,39.380512999844015],[-76.88866400040331,39.38045499988065],[-76.8887559995665,39.38041000024699],[-76.8888970000318,39.38035899997906],[-76.88951200015003,39.3802240001111],[-76.88956999987636,39.38019200005264],[-76.88962000010507,39.38017299970728],[-76.88970299994575,39.380083000047335],[-76.88985299973358,39.37972800033441],[-76.8901149996744,39.37940900017107],[-76.8902770000561,39.37926799984978],[-76.89036900011762,39.37920300034449],[-76.8904310000419,39.379150000115494],[-76.89043799971458,39.37908499980589],[-76.89036599974457,39.37884200028099],[-76.89036800029271,39.37868599972012],[-76.8904450002856,39.37821700021187],[-76.89046899967673,39.37804800021639],[-76.89048000044569,39.378007999935704],[-76.89045100013337,39.377951999781985],[-76.89022900037553,39.3777909997842],[-76.89004299970438,39.37773999968589],[-76.88996999990944,39.37771100029418],[-76.88990799998516,39.37767699996236],[-76.88987000035033,39.377505000317306],[-76.88986699997729,39.37747099988516],[-76.88987100017525,39.37741200026009],[-76.88987799984793,39.37730200016681],[-76.88989999958925,39.37722000028758],[-76.88994700034321,39.377176999787345],[-76.89004600007742,39.37712400010325],[-76.89057599980686,39.37697699982562],[-76.89060400029425,39.376969999705516],[-76.89069399980761,39.37694600028023],[-76.89067999956393,39.37687800024362],[-76.89067299989121,39.376836000147065],[-76.89089899984704,39.37676999984511],[-76.89097699966483,39.37674800019356],[-76.89099299955836,39.37673100014238],[-76.89097699966483,39.37669700002762],[-76.89077800037153,39.376238000330005],[-76.89076199957968,39.376185999862294],[-76.89073399999059,39.37613000033015],[-76.89071200024928,39.37609599992274],[-76.89067399971613,39.37607499998959],[-76.89064600012703,39.37607000033524],[-76.89057400015703,39.37607000033524],[-76.89054099964675,39.37607000033524],[-76.89048000044569,39.376056999843435],[-76.89043600006477,39.37599300005788],[-76.8904310000419,39.37591599969554],[-76.8904310000419,39.375863999682394],[-76.89040900030058,39.37582099973572],[-76.89035300022408,39.37578699987223],[-76.89030899984316,39.37571399972126],[-76.89026500036054,39.3755980001043],[-76.89021000010895,39.3754010003013],[-76.89017400012393,39.37526000021733],[-76.89016300025328,39.375225000137554],[-76.89016900010107,39.3751990002257],[-76.89019099984237,39.37518199979731],[-76.89021900032978,39.37515699981344],[-76.89025199994175,39.37514000006925],[-76.89024699991887,39.37510999965283],[-76.89024100007109,39.37505799973375],[-76.89024100007109,39.37503199975964],[-76.8902629998124,39.37499399972671],[-76.89027399968306,39.37496799972881],[-76.89025199994175,39.37494199972124],[-76.89020799956081,39.374928999713795],[-76.89019400021543,39.37492100013537],[-76.89022099997962,39.3747740000798],[-76.89024400044414,39.37465099993719],[-76.89025199994175,39.37451700009407],[-76.89021699978166,39.37433300013924],[-76.89012399989522,39.37408400028866],[-76.89006199997095,39.373954999857936],[-76.88995800021387,39.373855000194396],[-76.88985500028171,39.37375399972912],[-76.88974599960345,39.37356500001295],[-76.8896789996563,39.373499000090696],[-76.88958599976988,39.37343100016877],[-76.88953200024153,39.37336899999836],[-76.88948500038586,39.37327999987033],[-76.88949200005855,39.37315599990065],[-76.88953899991422,39.37307799990775],[-76.88956300020367,39.373020000016766],[-76.88957999992209,39.37297899965773],[-76.88957999992209,39.37287999996173],[-76.88955300015792,39.3727770002132],[-76.88943500015714,39.372626999869404],[-76.88941199969261,39.37259199985861],[-76.88940800039296,39.37256399969836],[-76.88941699971548,39.37253300027679],[-76.88943900035511,39.372473999950664],[-76.88942599993632,39.372387000037946],[-76.88939900017215,39.37233800012722],[-76.88933700024785,39.37225400000178],[-76.88930100026283,39.372181000323295],[-76.88922900029283,39.37205599980231],[-76.88919800033067,39.37188500018834],[-76.88918499991189,39.37173200003251],[-76.88915599959957,39.371463999995505],[-76.88913800005622,39.3713490002602],[-76.88908500035276,39.37122400033311],[-76.8890440003449,39.371067000107665],[-76.88900400016192,39.37078800022478],[-76.88896599962877,39.37064899986958],[-76.88894899991034,39.370568999834504],[-76.88892200014617,39.370531000150294],[-76.88888100013828,39.37049899981536],[-76.88883699975734,39.370471000204766],[-76.88880999999316,39.37044699993434],[-76.88879199955151,39.370409000183734],[-76.88877400000814,39.37036699966777],[-76.888743000046,39.37032199978137],[-76.88860400012885,39.37024100005167],[-76.88845500016593,39.370183999902665],[-76.88841900018092,39.370164000290124],[-76.88838800021877,39.370128999739116],[-76.88833799999006,39.37008999979891],[-76.88828899958627,39.37005199985402],[-76.88821499996642,39.370029000151476],[-76.88811700005714,39.370009999817796],[-76.88802699964543,39.37000699976467],[-76.88790000032215,39.37000099965796],[-76.88778999981896,39.369948000081905],[-76.88765299955162,39.36992599966956],[-76.88752000038055,39.36991900023136],[-76.88745500008322,39.36992500034511],[-76.8874049998545,39.36992899972617],[-76.88727299961003,39.369946000044685],[-76.8871710004011,39.3699429999888],[-76.88707900033958,39.36991800021234],[-76.8870030001716,39.36986699991836],[-76.88691199993501,39.36979699988994],[-76.88680599962979,39.369684000231814],[-76.88673700003281,39.36957299974421],[-76.88667799958327,39.369506000190384],[-76.88662700042796,39.369424000182505],[-76.8865450004122,39.36925000028726],[-76.88652699997053,39.369175000186715],[-76.88652299977257,39.369089999697565],[-76.88653600019136,39.3689799996872],[-76.8865250003207,39.3688159997287],[-76.8865189995746,39.3687350003355],[-76.8865169999248,39.368640999670106],[-76.8864819997647,39.368568999725],[-76.88641900001551,39.3685019999023],[-76.88637299998476,39.36842999981388],[-76.88635399971818,39.36831499994309],[-76.88633500034992,39.36822500027445],[-76.88632100010622,39.36812700013294],[-76.88630199983965,39.3680419997571],[-76.88628400029629,39.3679809997096],[-76.88629799964168,39.36792799998937],[-76.88629799964168,39.36783899987071],[-76.88628000009832,39.36765400032243],[-76.88623400006757,39.367550999809716],[-76.8861930000597,39.367451000002646],[-76.88616100027265,39.36738000027491],[-76.8861150002419,39.36730899978054],[-76.8861019998231,39.36723799990848],[-76.88611600006679,39.367173999678236],[-76.88615200005181,39.36711000008389],[-76.8861939998846,39.36703499976838],[-76.8861939998846,39.36699300000098],[-76.886186000387,39.366940000225405],[-76.88615299987673,39.36686499972732],[-76.88612100008967,39.36680099984974],[-76.88607099986096,39.366730000155705],[-76.88586499999664,39.36645900016096],[-76.88576399971429,39.36632800008631],[-76.88569699976713,39.36624699989071],[-76.8856869997214,39.366234999725144],[-76.88558600033738,39.36607900016294],[-76.88549000007791,39.365930000091055],[-76.88540300003926,39.36577299976918],[-76.8852780003658,39.36558500006071],[-76.8851949996268,39.365470999754564],[-76.88514100009846,39.36537500008347],[-76.885088000395,39.365279999671394],[-76.88501999972463,39.365161999908004],[-76.88489000002829,39.364993999653734],[-76.88464700035405,39.364772999658676],[-76.88458600025467,39.364744999835665],[-76.88445700038324,39.36468499978023],[-76.88431799956776,39.36461500011346],[-76.88421299998576,39.3645650002093],[-76.88413400034305,39.36453600020682],[-76.88404399993138,39.36451599967121],[-76.88394299964902,39.36449499972769],[-76.88380399973184,39.36448299995559],[-76.88363499967745,39.3644679998903],[-76.88355600003474,39.36445500001632],[-76.88344700025478,39.364438999847536],[-76.88327400000243,39.364413000086316],[-76.88300799986365,39.364374999830304],[-76.88284499965702,39.36437200022956],[-76.88272099980847,39.3643660003332],[-76.88264499964049,39.36434799994647],[-76.88254000005851,39.36434099994918],[-76.88252199961684,39.36434099994918],[-76.88240799981403,39.36434300014692],[-76.88230900007983,39.36434900004525],[-76.88221000034562,39.364342000048055],[-76.88212699960664,39.36433600014913],[-76.88202200002465,39.36433600014913],[-76.88188700030544,39.364356000041745],[-76.88171599970289,39.36437900022374],[-76.8815890003796,39.364404999997625],[-76.88150599964062,39.364430999761765],[-76.88143100019586,39.36446599969613],[-76.88136699972344,39.36451599967121],[-76.88130300014933,39.36457100008855],[-76.88121299973766,39.36469299983691],[-76.88116000003421,39.36478399998297],[-76.88108100039149,39.36487399991916],[-76.88100900042147,39.36495500031822],[-76.88089700026848,39.36506900007762],[-76.880765000024,39.36519100034508],[-76.88068200018331,39.36525599970034],[-76.88044700000667,39.3654440002945],[-76.88033099965574,39.365508000026644],[-76.88029700021885,39.36553099982926],[-76.8801459997078,39.3656360000095],[-76.88006399969203,39.36568599984142],[-76.87998900024728,39.36572299999954],[-76.87989800001068,39.36576699999318],[-76.87986100020076,39.36578999971049],[-76.87978800040581,39.3658580001288],[-76.8797160004358,39.36587399997251],[-76.8796949996211,39.36589799973114],[-76.87970200019208,39.365933000319345],[-76.87972899995628,39.3659809997879],[-76.87973599962896,39.36602300016387],[-76.87972200028359,39.36606599989432],[-76.87968399975044,39.366094999956005],[-76.87963299969681,39.366110999745416],[-76.87956099972679,39.366121999858905],[-76.87948200008407,39.36611900033325],[-76.87941299958878,39.36609800017725],[-76.87930999965663,39.36602599969371],[-76.87928200006753,39.36597500002973],[-76.87925500030336,39.365942999690475],[-76.87922099996817,39.365905000266885],[-76.87917599976232,39.365860000283114],[-76.87914499980018,39.36580400010843],[-76.87912800008174,39.365745000347076],[-76.87912100040904,39.36569200031889],[-76.87912100040904,39.3656360000095],[-76.8791389999524,39.36558500006071],[-76.87916599971659,39.36554500027906],[-76.87919000000602,39.36550300031009],[-76.87917999996027,39.3654440002945],[-76.87915999986879,39.365399000013625],[-76.87906699998237,39.36529200000106],[-76.87894999980652,39.36518000008493],[-76.87884000020165,39.36508899976039],[-76.87876800023163,39.365042999856456],[-76.87871200015513,39.364949999867605],[-76.87867699999504,39.36489900011239],[-76.87863299961411,39.3648380000975],[-76.87855700034443,39.36476300012007],[-76.87847199995562,39.36470699976024],[-76.87837499987126,39.364646000272224],[-76.87830700009918,39.36459200000919],[-76.87821099983971,39.36452300034544],[-76.87811799995329,39.36445299982178],[-76.87803900031058,39.36438600021723],[-76.87798400005899,39.36430399975335],[-76.87796300014259,39.36426399993261],[-76.87795300009685,39.364184000222274],[-76.87798099968595,39.36411799976723],[-76.87801400019623,39.36407300002104],[-76.87806600007475,39.36405300004737],[-76.87829799987837,39.363987000163064],[-76.87838400009208,39.363973000095406],[-76.87844900038941,39.36396399985198],[-76.87863400033733,39.36394200033246],[-76.87882900033101,39.363895999673076],[-76.87900300040829,39.363856000313135],[-76.879406999741,39.363756000076805],[-76.87952100044214,39.363719000265604],[-76.87960099990975,39.363694000344516],[-76.87965000031356,39.36367900010976],[-76.87980900032221,39.36364800021632],[-76.87987999956901,39.363636000298705],[-76.87994900006431,39.36362499979359],[-76.88011499974567,39.363608000019816],[-76.88026799990654,39.363591000241954],[-76.88028700017311,39.363591000241954],[-76.88039000010528,39.36359199965704],[-76.88053099967226,39.363594999985764],[-76.88070599957445,39.363587999913],[-76.88087200015411,39.36355800008928],[-76.88100799969824,39.36350499979042],[-76.8811249998741,39.36342899965862],[-76.88126700016433,39.36333099973214],[-76.8814760004017,39.36315699993491],[-76.88166700019741,39.36293799992121],[-76.88172099972577,39.36282900006439],[-76.88176900030466,39.362756999683356],[-76.88178400037327,39.36266599967439],[-76.88178400037327,39.36259100014263],[-76.88176000008384,39.362519000210845],[-76.88171200040324,39.362231999870374],[-76.88162700001443,39.36197099972513],[-76.88157900033387,39.36183099974294],[-76.88152499990719,39.36172899980745],[-76.88144299989143,39.361607999881464],[-76.88137000009648,39.36150199975683],[-76.88128200023294,39.36138100013212],[-76.88120400041514,39.36127499966299],[-76.88109700028502,39.36114599987761],[-76.88088600039782,39.3607829999137],[-76.88079400033631,39.36066600034419],[-76.88076000000112,39.36058200006935],[-76.88070099955158,39.36046900008598],[-76.88064299982526,39.36039700005045],[-76.88051700032688,39.36030999967693],[-76.88040000015101,39.36024899982143],[-76.88024899963996,39.360185000132155],[-76.8800250002323,39.36012000022487],[-76.87955499987899,39.35999500034005],[-76.87936999993109,39.35995000002119],[-76.87922400034121,39.35992299981593],[-76.87910200014247,39.35988099993896],[-76.8790190003018,39.35982499983215],[-76.87894099958568,39.359764000247694],[-76.87888799988222,39.35972200027512],[-76.87881000006443,39.359700000114],[-76.87872200020088,39.35967699978034],[-76.87848600019933,39.359620000038085],[-76.87835999980263,39.35955900027461],[-76.87832600036575,39.35951800034673],[-76.87829200003056,39.35948699999566],[-76.87821800041073,39.35947200024651],[-76.87811600030346,39.35945299981878],[-76.8780479996331,39.35941099965922],[-76.87800900017335,39.3593549998702],[-76.87795100044704,39.35929799986524],[-76.87789199999747,39.35926800028259],[-76.87778499986736,39.35924899979938],[-76.87767299971436,39.3592180000235],[-76.87756099956138,39.35917699989543],[-76.87718599964266,39.359096999915124],[-76.877062999619,39.35906499989737],[-76.87698399997629,39.35904399970407],[-76.87682300031781,39.35901299983722],[-76.87674100030205,39.359005999999766],[-76.87667699982963,39.358993999979226],[-76.87662900014905,39.358952999719676],[-76.87657999974523,39.358896000081224],[-76.87653100023977,39.35886200031132],[-76.87644900022399,39.358830999669124],[-76.87636100036045,39.358815999779104],[-76.87625900025319,39.35880499990403],[-76.87617100038965,39.35880499990403],[-76.8760979996964,39.35879699986752],[-76.87601499985573,39.35875900002886],[-76.87592299979421,39.35872100016958],[-76.8757959995726,39.358648999721424],[-76.87540899995832,39.35842600011985],[-76.87521499978956,39.35832000002845],[-76.8751119998574,39.35825499977492],[-76.87501999979588,39.35819899975376],[-76.87488400025177,39.35812700015675],[-76.87475200000729,39.35806999984431],[-76.87458200012797,39.35800500005274],[-76.87444599968555,39.35789900001711],[-76.87427800035437,39.35777400032541],[-76.87418499956964,39.35774400008828],[-76.87412199982043,39.35773599993027],[-76.87402899993401,39.35770200029036],[-76.87390799956019,39.35764500032568],[-76.87375699994746,39.35753899974386],[-76.87360600033472,39.35742200029748],[-76.87352799961859,39.357345999798156],[-76.87345499982365,39.35725899979224],[-76.87337799983077,39.357150000102955],[-76.8733440003939,39.35703199980155],[-76.87333900037102,39.35694200017935],[-76.87335400043963,39.35685100023508],[-76.87349800037967,39.356677000271155],[-76.87356100012886,39.35657100030428],[-76.87363899994666,39.35649200032921],[-76.87371299956652,39.35641699972505],[-76.87375199992458,39.35634899983936],[-76.87379100028264,39.356273000256486],[-76.8738590000547,39.356175000014325],[-76.8739229996288,39.35608799993927],[-76.87401499969032,39.35603899970561],[-76.8741760002471,39.35597899981214],[-76.87442499976915,39.355861999836875],[-76.87456100021157,39.35583900032332],[-76.87463700037956,39.35588800000269],[-76.87474899963424,39.35594900019337],[-76.87484099969575,39.3560100003308],[-76.87493799978012,39.35605899989018],[-76.87504499991024,39.35610099998133],[-76.87513799979668,39.35613100022942],[-76.87529400033058,39.3561690001084],[-76.87541999982896,39.35619200020793],[-76.87561499982263,39.356199000327294],[-76.87573700002137,39.356199999848144],[-76.87612899965853,39.356241999854525],[-76.87635799998739,39.35627600020504],[-76.87649899955439,39.35630599968338],[-76.87663099979888,39.35635899988799],[-76.87674799997473,39.35639300018152],[-76.8769079998083,39.35641200005239],[-76.87710299980198,39.35642399982187],[-76.87725900033591,39.35642399982187],[-76.87757599963,39.35642500003411],[-76.87786600005823,39.35643600028394],[-76.87795300009685,39.35644800004935],[-76.87806000022698,39.35649299984587],[-76.87813800004479,39.3565419997611],[-76.87821599986259,39.3565919998518],[-76.87830399972614,39.35661400029716],[-76.87867399962198,39.35672799977854],[-76.8787809997521,39.356757999757384],[-76.87891700019455,39.35677700022353],[-76.8791880003562,39.35684199976855],[-76.87930899983171,39.356857000082385],[-76.87941199976387,39.356861000211865],[-76.87947000038851,39.35681599995778],[-76.87954800020631,39.35680499976783],[-76.8796109999555,39.3568240002212],[-76.87967000040506,39.35685000002894],[-76.8797380001771,39.35684599989884],[-76.87979699972834,39.35680899990024],[-76.87985000033011,39.35676700023473],[-76.87992800014791,39.35670300013365],[-76.879991999722,39.35661199987807],[-76.88010899989787,39.35637400030553],[-76.8801530002788,39.35627200004207],[-76.88019199973856,39.35617399979851],[-76.88026100023383,39.356102000198184],[-76.88031700031033,39.35598499973432],[-76.88037500003666,39.35589800011731],[-76.88038400025748,39.35587099973506],[-76.88040000015101,39.355826000232504],[-76.88040000015101,39.35575799977157],[-76.88039000010528,39.35567900026631],[-76.88036599981584,39.35558399986379],[-76.88034700044757,39.35546699992164],[-76.88031800013525,39.35534999978355],[-76.88027899977718,39.35526700029104],[-76.88020099995938,39.355074000320045],[-76.88009200017945,39.35480200001358],[-76.88005799984425,39.354695999980244],[-76.88002000020943,39.35454800017577],[-76.88000000011792,39.354404999874475],[-76.87995699956191,39.35415899985654],[-76.87990899988134,39.35398500013406],[-76.87983799973622,39.35372800004666],[-76.87976099974333,39.35353900031163],[-76.8796879999484,39.3533610001047],[-76.8796879999484,39.353266000023304],[-76.87969799999414,39.353167999730886],[-76.87971800008563,39.353042999909704],[-76.87975700044367,39.35281999977896],[-76.87978900023073,39.35259400021928],[-76.87978400020785,39.35246099999834],[-76.87978000000989,39.352369999774496],[-76.87976499994129,39.352267999917],[-76.87976099974333,39.352197000037236],[-76.8797239999334,39.35210400031063],[-76.87970600039007,39.35199299966825],[-76.87970600039007,39.351900999947134],[-76.87977400016212,39.35179499968037],[-76.87981799964474,39.351717000141534],[-76.87983100006353,39.35157699975338],[-76.87983100006353,39.351431999750325],[-76.8798720000714,39.35115100004238],[-76.87989700018578,39.35103499991253],[-76.87992899997282,39.35092899972128],[-76.87998500004933,39.350850999910335],[-76.88002900043026,39.35080299976971],[-76.88006600024016,39.350710999871026],[-76.88007299991287,39.3506429999889],[-76.88006600024016,39.350552000175924],[-76.87998599987422,39.35008699977763],[-76.88002400040737,39.34999400002129],[-76.88004899962341,39.34994000024045],[-76.88006200004222,39.349899999835586],[-76.88007000043812,39.349865999855496],[-76.88007999958556,39.34983199985891],[-76.88010800007297,39.34979799984572],[-76.88014900008083,39.34975299990502],[-76.88019299956345,39.349718000239825],[-76.88023299974643,39.349698999937935],[-76.88030600043969,39.34967100032445],[-76.8803780004097,39.349650999700586],[-76.88044299980872,39.34963700023299],[-76.8805259996494,39.349637999847715],[-76.88060199981737,39.34963999977181],[-76.88067799998535,39.349648999776804],[-76.88075800035129,39.34966899970663],[-76.88084500038994,39.349693999784485],[-76.88092800023061,39.34972799984827],[-76.88098900032998,39.34977299980507],[-76.8810670001478,39.349820999958574],[-76.88114300031577,39.349865999855496],[-76.88121100008783,39.3499089998071],[-76.8812860004309,39.3499549999522],[-76.88134800035517,39.34999400002129],[-76.88143700004363,39.3500279999391],[-76.88149399994505,39.35004799976045],[-76.88155300039459,39.350066999967495],[-76.88162299981647,39.35007799982905],[-76.88170599965716,39.35008100004361],[-76.88177799962719,39.35007500030902],[-76.88193699963583,39.35007299970272],[-76.88198000019186,39.35008100004361],[-76.88204499959087,39.35011699982948],[-76.88209999984244,39.35016799995756],[-76.88227399991973,39.35018500022348],[-76.8822019999497,39.349881000277804],[-76.88210700041346,39.349588000337604],[-76.88206700023048,39.34937100009023],[-76.8820320000704,39.34907200027492],[-76.88195900027546,39.348742999940704],[-76.88190599967369,39.34855000000979],[-76.8818289996808,39.34840199969095],[-76.88170999985512,39.34829599967355],[-76.88151300021161,39.348203999947586],[-76.88137599994428,39.34808100024553],[-76.88113999994272,39.347777999818746],[-76.88096599986545,39.34751699985604],[-76.88074699958233,39.34719900015715],[-76.88054999993884,39.3468199999345],[-76.88039500012813,39.346633999938526],[-76.88026999955636,39.346507000224605],[-76.88014499988289,39.34642500030855],[-76.87998599987422,39.346366999818464],[-76.8798779999192,39.3462679999128],[-76.87981400034509,39.34618300002923],[-76.87965600016135,39.345981000193646],[-76.87948799993184,39.34577100033016],[-76.87932600044846,39.345481999916366],[-76.87922400034121,39.345280999815735],[-76.87916499989166,39.34504800034091],[-76.8791530001961,39.34483799975805],[-76.8790750003783,39.34454500020952],[-76.8789559996543,39.34429299998279],[-76.87882699978285,39.343941000118924],[-76.87869899973634,39.343492000299285],[-76.87855200032156,39.34306399981909],[-76.87840500000847,39.34269500001846],[-76.87825299967251,39.342420000306554],[-76.87810500043283,39.34226700021566],[-76.87776200030115,39.34207200032272],[-76.8773799998114,39.341919000164815],[-76.87691100018135,39.341626000189976],[-76.87651799982098,39.34134200006172],[-76.87632200000238,39.34121900009328],[-76.8760979996964,39.3409730002019],[-76.8756619996783,39.3405270000042],[-76.87543800027065,39.34031999967147],[-76.87529699980533,39.34010799997073],[-76.87513399959872,39.33974699998382],[-76.87506900019969,39.339450999960356],[-76.87503099966655,39.33910700023612],[-76.87502599964367,39.33877699977006],[-76.87503200038975,39.33847600024138],[-76.87510900038266,39.3382259999222],[-76.87514799984241,39.33803999998295],[-76.87512100007822,39.33785800007133],[-76.87514799984241,39.33771799971001],[-76.87519700024622,39.33764599985168],[-76.8752740002391,39.33757000007524],[-76.87537799999618,39.33747200000384],[-76.87548699977611,39.33737900013516],[-76.87560200030217,39.33728200028227],[-76.87572799980056,39.33720999997496],[-76.87582099968697,39.33716399977836],[-76.87590799972561,39.33714299995043],[-76.87601200038098,39.33712999985527],[-76.87612100016094,39.33718900016083],[-76.87622999994088,39.33728300007372],[-76.87627900034468,39.33730399985961],[-76.87636800003312,39.33731099978682],[-76.87664699969238,39.3373169999224],[-76.8770750002129,39.33723999999619],[-76.87736100044314,39.33715099968711],[-76.87777599964652,39.33692999985043],[-76.87811899977821,39.33671399970273],[-76.87827600013705,39.33659199972971],[-76.87836999984837,39.33645399991366],[-76.87836300017568,39.33628799971359],[-76.87808500034133,39.335916000144245],[-76.87767100006454,39.33550600000681],[-76.87716499972626,39.335188999675935],[-76.87698599962611,39.335062000010204],[-76.87682199959458,39.33486799999347],[-76.87650199992744,39.33454599970143],[-76.8762879996672,39.33436299989303],[-76.87598100041885,39.33416800018516],[-76.87586699971772,39.33399099980841],[-76.8756890003408,39.333586000110635],[-76.87554000037788,39.333065000072246],[-76.87541900000406,39.33276000014998],[-76.87532699994256,39.332582999682955],[-76.87504099971228,39.33215399994234],[-76.87479100036535,39.33195400029416],[-76.87447699964768,39.331776000001106],[-76.87428500002704,39.33169300030293],[-76.87410599992691,39.33169300030293],[-76.87382800009256,39.33170900032774],[-76.8734849999609,39.331824999877156],[-76.87332000010444,39.33185799973181],[-76.8730129999578,39.331886000227904],[-76.87268400006981,39.331956999897045],[-76.87237000025046,39.3319899996894],[-76.87201299987508,39.33198399979149],[-76.87172800036804,39.33194500009505],[-76.87135599992405,39.331877999888775],[-76.87098500020328,39.33177799974152],[-76.8706139995842,39.33167800014605],[-76.8702269999699,39.33161099968393],[-76.87012200038794,39.33159700007702],[-76.86993200041712,39.331573000347404],[-76.8696279997452,39.33147500020779],[-76.86939099991874,39.33138500032725],[-76.86925100017665,39.33135099967831],[-76.86905299980994,39.33135099967831],[-76.8688889997784,39.331392000152306],[-76.86864699992908,39.33143600022745],[-76.86833700030766,39.331521999852285],[-76.86807600019176,39.33158600008616],[-76.86774300010582,39.3316190000536],[-76.86731200011062,39.33168599981321],[-76.8670169996595,39.33170500014817],[-76.8666069995807,39.33170799976173],[-76.86619099965408,39.331629000166984],[-76.86577999975034,39.33150099971937],[-76.8653749996944,39.33140300017369],[-76.86512299979931,39.3313049997958],[-76.86499300010297,39.33125200004471],[-76.86402700035545,39.33079399967001],[-76.86337999955185,39.33045100031799],[-76.86279600029407,39.3300790002655],[-76.86244399994156,39.329813000038136],[-76.86199500040298,39.329414999788334],[-76.86156100003473,39.32897900000143],[-76.86112599984153,39.32859999965796],[-76.86090499990861,39.32834399994669],[-76.86083299993858,39.328133999907315],[-76.8606930001965,39.327897999785534],[-76.86039899957031,39.32754099970713],[-76.86009300014688,39.32732499973826],[-76.86007999972809,39.32731600033308],[-76.85959299965637,39.32700400008658],[-76.85927899983702,39.32686500016781],[-76.8589890003071,39.32670299990377],[-76.85860799964227,39.32631999994058],[-76.85832300013523,39.326000999750974],[-76.85773999980404,39.325464000118735],[-76.8574979999547,39.32520100029701],[-76.85686199992007,39.32468300023967],[-76.85663000011648,39.32442700008803],[-76.85641400020641,39.32409099994369],[-76.85633100036574,39.32401600000754],[-76.85560300026961,39.323367000193784],[-76.85543900023806,39.32322400002589],[-76.85538200033665,39.32308200025508],[-76.85531000036663,39.322803999839714],[-76.85531000036663,39.32240700001066],[-76.85526299961266,39.32194500003868],[-76.85520099968838,39.32152899988373],[-76.85519300019077,39.32099199996807],[-76.85523199965051,39.32065099985506],[-76.855251999742,39.320448999906894],[-76.85514100031224,39.32028199989802],[-76.85509299973336,39.320198999761935],[-76.85506900034221,39.320085999803524],[-76.85501400009062,39.320018000011174],[-76.85492700005199,39.319798000270985],[-76.85483599981539,39.319443999988465],[-76.85478599958668,39.31923400032888],[-76.85468600002757,39.31893899969266],[-76.85422200042038,39.31813499982024],[-76.85408000013017,39.31785100017741],[-76.85391500027372,39.31766200003063],[-76.85370100001347,39.317488999871586],[-76.85344300027062,39.31738300023765],[-76.85313500029905,39.317255000124675],[-76.85277700009877,39.31716600009273],[-76.85259100032592,39.31709299984143],[-76.85242599957117,39.316959000095814],[-76.85233400040796,39.31684799993583],[-76.85219100029285,39.316648000298805],[-76.85209800040641,39.316508999953655],[-76.8516399997487,39.31617400009194],[-76.85116799974558,39.315935000328345],[-76.85092400024644,39.31586200018256],[-76.85076600006269,39.31584800020298],[-76.85060899970385,39.315834000220654],[-76.85019299977725,39.3158719997691],[-76.84936199974894,39.31589399982744],[-76.84897500013466,39.31600400001536],[-76.84849499973562,39.31617600027843],[-76.84799900034139,39.31666499968209],[-76.84723699991007,39.31787000010137],[-76.84692200026579,39.31811499990268],[-76.84688899975552,39.3181239997968],[-76.84664199988332,39.318192000040355],[-76.84629100025403,39.31821899968945],[-76.84604699985655,39.31828000009385],[-76.84556700035584,39.31831899976625],[-76.84490799985667,39.31834499999909],[-76.84427699984492,39.31833299994628],[-76.84401300025428,39.318176999767424],[-76.8437189996281,39.31796000000048],[-76.84351199993884,39.31778799995357],[-76.8431339996471,39.31721399970235],[-76.84289099997282,39.31691900027758],[-76.84263999990266,39.31673600020956],[-76.8424599999776,39.31646999996717],[-76.84232400043349,39.31634200026874],[-76.84219499966373,39.31630900004246],[-76.84208800043193,39.31631999965628],[-76.84192299967718,39.316303000189215],[-76.84170799959202,39.31626899985263],[-76.8415789997206,39.31619700014825],[-76.84149300040518,39.3161129999362],[-76.84139399977266,39.31595199988488],[-76.84121499967252,39.31574599987032],[-76.84099299991468,39.3156399996805],[-76.84087099971592,39.31560599971667],[-76.84045599961424,39.3154779998275],[-76.83979600018847,39.31528800011398],[-76.83973699973893,39.31527400001954],[-76.83966700031704,39.31527199980726],[-76.83956299966165,39.31527500012565],[-76.83942299991956,39.315294000054266],[-76.83878000021224,39.315345999978796],[-76.83836000008768,39.31537199992659],[-76.83800400043553,39.31540100017767],[-76.83767700019737,39.31543799985752],[-76.83756400021946,39.3154610001558],[-76.83745700008934,39.31550700003465],[-76.83733800026366,39.31558599977117],[-76.83725799989772,39.31563000006081],[-76.83717900025499,39.31566199981179],[-76.83707200012488,39.31568999984249],[-76.83700000015486,39.3157089996584],[-76.83616800030164,39.315781999963875],[-76.83596200043732,39.31580400005051],[-76.83577900013921,39.315837999918074],[-76.83565000026779,39.31584499990915],[-76.83556300022914,39.31583699982],[-76.83547199999256,39.31580400005051],[-76.83534200029622,39.31572499986513],[-76.83521099987664,39.31560200000604],[-76.83516300019608,39.31554200014884],[-76.83513399988375,39.315509000240205],[-76.83510999959431,39.315427000105025],[-76.83509000040114,39.31490899994537],[-76.83508100018031,39.31476300021651],[-76.83507600015743,39.314691999771746],[-76.835095000424,39.314610000068996],[-76.8351439999295,39.31452100014723],[-76.83541599991605,39.31420100023517],[-76.83549299990895,39.31408100015144],[-76.83550700015265,39.31397299996961],[-76.83549799993182,39.31392099971964],[-76.83547899966524,39.31386199993722],[-76.83542099993893,39.31378300033912],[-76.8353980003727,39.313716000108585],[-76.83540699969521,39.31366399966762],[-76.8354820000383,39.31350399967229],[-76.83554999981035,39.3131610003172],[-76.8355740000998,39.31310099975673],[-76.835608000435,39.31304900024876],[-76.83561299955954,39.31300400028245],[-76.83557999994758,39.31291099984342],[-76.83556499987897,39.31281400010569],[-76.83563299965104,39.31271700023354],[-76.83565699994048,39.31260500014938],[-76.83566000031352,39.31241900017204],[-76.83557900012268,39.31208000027562],[-76.83552200022127,39.31197199978525],[-76.83538699960374,39.311848000123575],[-76.83525299970944,39.311777000195946],[-76.83502500010381,39.311694999857046],[-76.8347849999043,39.311613000117106],[-76.83475599959198,39.31160500023904],[-76.83445400036649,39.311526000177786],[-76.83408899959521,39.31149600024549],[-76.83367400039182,39.311506999921],[-76.83362599981292,39.311506999921],[-76.8335680000866,39.3115140003454],[-76.83350100013945,39.3115549999379],[-76.83346699980427,39.31158800032136],[-76.83340400005508,39.31162200015259],[-76.8332509998942,39.31169200008018],[-76.83309199988554,39.31176700002415],[-76.8329479999455,39.31179599968443],[-76.83286400027991,39.311808000163445],[-76.83274799992897,39.311848000123575],[-76.83269100002755,39.31188199982848],[-76.83256299998104,39.31200100005556],[-76.83251500030046,39.31204200005775],[-76.83240899999524,39.31212399998996],[-76.83235600029181,39.31217200027869],[-76.83233200000235,39.31221700008504],[-76.83228400032178,39.312310000056485],[-76.83223599974289,39.312372999652965],[-76.83218300003944,39.31240699979781],[-76.83213000033598,39.312421999917795],[-76.83207199971135,39.31243599988783],[-76.83202900005367,39.31248100021944],[-76.83194700003789,39.31256300033226],[-76.83190400038018,39.312644999653955],[-76.8318499999535,39.31274899992676],[-76.83178800002922,39.31291300012319],[-76.83173899962543,39.31303199998686],[-76.83170600001345,39.31306599981149],[-76.83153199993617,39.313144000082566],[-76.83144599972246,39.31317699971662],[-76.83141700030846,39.31320000006319],[-76.83131100000325,39.31339300028587],[-76.8312580002998,39.3135419997912],[-76.83123300018545,39.31368400016259],[-76.83120399987313,39.313966999916026],[-76.83118499960656,39.3140190001318],[-76.83114100012394,39.31404899967735],[-76.83110799961365,39.31407500010708],[-76.83100899987947,39.31430300004026],[-76.83074100009084,39.31489900022119],[-76.83061999971703,39.315129999878785],[-76.8304559996855,39.31547600031602],[-76.83031799959323,39.31577000016638],[-76.83019799994263,39.315983000087606],[-76.83004399995686,39.31617999995628],[-76.83001399981961,39.31626600027181],[-76.83001399981961,39.316358999726376],[-76.82999999957592,39.316411000249296],[-76.82999000042848,39.31643699980131],[-76.82994699987248,39.316451999752275],[-76.82985999983383,39.316456000109305],[-76.82979799990956,39.31646699970002],[-76.82974699985593,39.31656399993326],[-76.82955400041038,39.316846999852196],[-76.82945300012805,39.31702499991962],[-76.82939500040175,39.31712200007413],[-76.82933299957914,39.317204000307626],[-76.8292649998071,39.31724500004081],[-76.82918399961625,39.3172779998256],[-76.82910699962333,39.317308000058716],[-76.82902200013284,39.3173560002659],[-76.82845499969518,39.317781000156835],[-76.82779299972125,39.31826100028118],[-76.82717199975524,39.31868500017651],[-76.82673499991225,39.31889999967093],[-76.8264150002451,39.3190489999576],[-76.82571300008824,39.319271000066465],[-76.82552599959217,39.31931199997819],[-76.82520599992505,39.31934899967451],[-76.82487000036437,39.31934899967451],[-76.82449299989749,39.31931099992979],[-76.8240989997122,39.31923599973297],[-76.82380599980925,39.319172000011044],[-76.82353800002065,39.319088999947866],[-76.82332600030854,39.319011000049905],[-76.8229370001461,39.31883400022614],[-76.82280900009958,39.31863400001205],[-76.82268799972577,39.31847300020261],[-76.822465000143,39.31824299983212],[-76.8223320000736,39.31811700003369],[-76.82210199991985,39.317877999958114],[-76.82184300035206,39.317461999940754],[-76.82171000028268,39.31730699998165],[-76.8216480003584,39.31725199989119],[-76.82158200023616,39.31721599985911],[-76.82153600020541,39.317174000029915],[-76.82150699989309,39.31713900003718],[-76.82147799958076,39.317041999906245],[-76.8214580003876,39.31695100013399],[-76.82142499987734,39.31690300034392],[-76.82139100044046,39.316879999824714],[-76.82135399973221,39.31685800007643],[-76.82132699996802,39.31681299978],[-76.82130699987655,39.31675100009642],[-76.82129000015811,39.316654000122504],[-76.82127400026458,39.316624999695755],[-76.82121999983791,39.31659000012336],[-76.82117399980716,39.31656099967013],[-76.82113299979927,39.316537999733434],[-76.82110299966205,39.316508999953655],[-76.82107900027093,39.31646400012773],[-76.82098200018655,39.31617299999867],[-76.82095700007218,39.316102000289774],[-76.82089900034585,39.31601499967714],[-76.82085699961475,39.315985999680514],[-76.82082400000279,39.31597000022848],[-76.82080800010927,39.31594700009754],[-76.82077899979696,39.31589600002194],[-76.82077100029935,39.315834000220654],[-76.82076700010138,39.31578300006273],[-76.82076299990342,39.31571799986203],[-76.82072899956823,39.3156730002223],[-76.82068799956035,39.315646999691396],[-76.82063800022996,39.315624000149285],[-76.82057399975754,39.31555000027178],[-76.82050400033566,39.31544000006505],[-76.82047000000047,39.31535600033409],[-76.82043300019053,39.31527199980726],[-76.82040899990109,39.31517900029778],[-76.82038799998469,39.31514700032589],[-76.8203460001519,39.31510100021034],[-76.82026300031124,39.31502699977967],[-76.82012500021897,39.31485600027896],[-76.82006199957146,39.314790999912034],[-76.82003800018033,39.31474599967605],[-76.81997999955568,39.314655999812395],[-76.81994299974576,39.31456800006537],[-76.81991799963143,39.31449100010905],[-76.81988500001945,39.314426000098045],[-76.81984700038463,39.314364999808234],[-76.81980200017877,39.31433599982271],[-76.81975199995007,39.31432299965754],[-76.81968599982783,39.31430300004026],[-76.81962100042882,39.31424899979404],[-76.81958399972056,39.31420700026868],[-76.81955500030656,39.314110000242664],[-76.8195429997127,39.31407100030893],[-76.81947199956757,39.31401300008212],[-76.81942200023718,39.313997000178894],[-76.81918200003767,39.31389299967595],[-76.81911099989256,39.313850999936946],[-76.81905300016624,39.3137860000264],[-76.81896799977743,39.31365399976551],[-76.81892199974668,39.3136179999671],[-76.81884399992887,39.31353400013368],[-76.81871500005742,39.31347299976121],[-76.81867400004955,39.31346000013067],[-76.81854500017812,39.313444000100986],[-76.81846999983506,39.31343699986962],[-76.81840799991078,39.31343000033259],[-76.81837000027595,39.31340800019448],[-76.81835799968205,39.31336899986944],[-76.81834099996362,39.31334699971216],[-76.81829999995574,39.313324000108935],[-76.81821299991711,39.31331099975574],[-76.81811300035798,39.3132749997808],[-76.81800500040295,39.31324300032814],[-76.81784300002124,39.31320100019896],[-76.81743399976733,39.313129000117364],[-76.81704299995508,39.31308599978235],[-76.81686200020512,39.31308599978235],[-76.81672099973981,39.31310900015879],[-76.81645100030138,39.31317600027555],[-76.81628800009476,39.31324999988388],[-76.8161709999189,39.31333099965658],[-76.81599699984163,39.313484999952614],[-76.81595099981087,39.31355899992918],[-76.81592499987161,39.31363000013365],[-76.8159380002904,39.313707999775986],[-76.81598500014607,39.3138889998674],[-76.81602199995598,39.314004999783485],[-76.8160300003519,39.31408499994902],[-76.81602100013106,39.314342999964126],[-76.81599799966654,39.31448199974762],[-76.81598599997096,39.31451400002368],[-76.81595599983373,39.31453699993069],[-76.81594800033614,39.31456300017908],[-76.81596500005458,39.31458499995406],[-76.81599799966654,39.31459800007054],[-76.81606799998673,39.31460500018575],[-76.81610599962158,39.314614999951935],[-76.81612200041342,39.31464399982178],[-76.81610999981953,39.31468200001655],[-76.81609300010109,39.314737000042406],[-76.81607200018469,39.31480799974649],[-76.81607600038265,39.314869000345084],[-76.81608800007821,39.31492099989047],[-76.81611300019259,39.31496600001384],[-76.81618500016259,39.31504400025184],[-76.81621100010187,39.315072999943865],[-76.81624799991178,39.315117999969516],[-76.81625999960735,39.31516000033799],[-76.81623899969095,39.315289000219906],[-76.81621799977457,39.315356999744026],[-76.81619699985816,39.31539899996903],[-76.81597400027542,39.31568899974231],[-76.81586999962,39.31586599987833],[-76.81583199998518,39.31591399968493],[-76.81579900037322,39.31595899986462],[-76.81567799999941,39.31611700031262],[-76.81555300032592,39.316290999786126],[-76.8154529998685,39.3164069998897],[-76.81534900011142,39.31649700028091],[-76.81530700027864,39.31653600025229],[-76.81527799996631,39.31658400029417],[-76.81524500035435,39.31665899985932],[-76.8151929995775,39.31675599982635],[-76.81520400034647,39.31683699971008],[-76.81519599995055,39.31690000009533],[-76.81515999996554,39.31698199989406],[-76.81508600034569,39.3171510002948],[-76.81504500033782,39.31738300023765],[-76.8150090003528,39.317495999697535],[-76.81496800034492,39.31755499989032],[-76.81492800016194,39.31758000033396],[-76.81490100039777,39.317611999888015],[-76.81482799970452,39.31774000004279],[-76.8147630003055,39.31783399969238],[-76.81468600031262,39.31788399967633],[-76.81450200018959,39.31795300022095],[-76.8143609997243,39.31797799982738],[-76.81426799983787,39.31799400021017],[-76.81405399957762,39.31800600032113],[-76.81369600027566,39.31798999994108],[-76.81335599961872,39.317992000075655],[-76.81285900039956,39.31798500029938],[-76.81253999965902,39.3179500000174],[-76.81234200019063,39.31790300028632],[-76.81227100004551,39.31785900003632],[-76.812214999969,39.317767999936805],[-76.8121510003949,39.3175890002969],[-76.81207500022691,39.31716800025086],[-76.8120390002419,39.316962000341874],[-76.81201499995248,39.3168680002156],[-76.8119110001954,39.31671100015926],[-76.81177599957786,39.31648200033955],[-76.81174799998877,39.31640400031479],[-76.81175600038469,39.31634100017788],[-76.81177200027822,39.31625000018881],[-76.81175600038469,39.316192999776405],[-76.8116800002167,39.316102000289774],[-76.8116290001631,39.316044999756855],[-76.81157100043676,39.31597999979957],[-76.81141400007793,39.315850999801725],[-76.81121200041156,39.315706000053616],[-76.81102400009058,39.31560200000604],[-76.81057800002677,39.315409999725915],[-76.8102509997886,39.31527199980726],[-76.8101300003131,39.31523700025301],[-76.81000899993928,39.31522099993462],[-76.80968800044722,39.315185999659846],[-76.80929300043701,39.315140000264954],[-76.80895199995516,39.315157000014615],[-76.80878600027381,39.31518199992521],[-76.80867699959555,39.3151999997719],[-76.8086160003945,39.31523500003967],[-76.80858799990709,39.31525700029831],[-76.80857200001357,39.31527199980726],[-76.80854299970125,39.31532599995894],[-76.80851099991419,39.315373000031315],[-76.80843399992129,39.315448000199666],[-76.80830800042293,39.31552599990025],[-76.80807800026915,39.315660000305556],[-76.80802899986536,39.31568899974231],[-76.80794000017688,39.315709999758305],[-76.80785499978806,39.315709999758305],[-76.807787000016,39.315715999662444],[-76.80774600000812,39.31572900026379],[-76.8076589999695,39.315757000267666],[-76.80749800031101,39.315842000310205],[-76.8074050004246,39.31587600015929],[-76.80728999989856,39.315889000035895],[-76.8070959997298,39.31588200004921],[-76.80703100033077,39.31588799993855],[-76.80696600003346,39.31590999999187],[-76.80691400015492,39.315954000077724],[-76.806877000345,39.31599499984851],[-76.80683899981184,39.31603600029028],[-76.80676400036708,39.31608600016927],[-76.80656199980241,39.31616700013371],[-76.80638299970227,39.31625700013868],[-76.80615699974646,39.31634800011869],[-76.80605200016447,39.31639799977469],[-76.8059910000651,39.31642600020583],[-76.80592599976778,39.31644200024864],[-76.80577699980486,39.316450999662976],[-76.80524299987746,39.316617999782665],[-76.80503700001316,39.31667299967656],[-76.80485799991301,39.31670300016912],[-76.80451800015437,39.316732999953764],[-76.80439599995564,39.31660399995441],[-76.80423399957394,39.31670200008342],[-76.80396699961025,39.316657999772985],[-76.80378900023332,39.31660999978189],[-76.80368299992811,39.31657600028951],[-76.8035270002925,39.31650200002895],[-76.80327200002438,39.31633300014538],[-76.80306000031227,39.31621599982647],[-76.80285400044795,39.316163999853565],[-76.8026540004314,39.316141999880124],[-76.80252600038487,39.316154000308764],[-76.80238900011756,39.31617600027843],[-76.80228299981232,39.31618400032888],[-76.80202400024457,39.316148999840856],[-76.80185199981712,39.31608799966327],[-76.80157399998275,39.31597600011027],[-76.80149600016495,39.31589800021638],[-76.80143500006558,39.31583699982],[-76.80138499983687,39.315811000045],[-76.8013239997375,39.315785000260405],[-76.80125699979035,39.315779999766065],[-76.80115100038346,39.31574100006826],[-76.80074200012955,39.31556300020896],[-76.80031399960907,39.315334000106574],[-76.8001970003315,39.315285999902095],[-76.80006400026213,39.31525500008555],[-76.79979899994825,39.31522499966708],[-76.79940399993804,39.315120000186205],[-76.79918700020306,39.31504200003298],[-76.79910900038526,39.31500699966861],[-76.79896999956976,39.31499400032314],[-76.79876899972831,39.31501100010832],[-76.79863599965893,39.31501100010832],[-76.79817000040192,39.315062000133985],[-76.79797000038538,39.3151260001409],[-76.79790799956278,39.31515200017045],[-76.79771900031523,39.3152079999339],[-76.79760200013935,39.3152079999339],[-76.79742899988699,39.31517700008278],[-76.79725700035785,39.315121000294525],[-76.79707999990754,39.315055000064554],[-76.79678799982948,39.314981000280234],[-76.79639799984214,39.314893999663575],[-76.79587499978541,39.31474599967605],[-76.79574099989111,39.31472899982654],[-76.79565200020265,39.31473300028209],[-76.79561799986746,39.31472799971262],[-76.79559600012615,39.31471799996258],[-76.79539100008674,39.31460699972208],[-76.79511800027525,39.3144510002698],[-76.79490099964198,39.314355000006316],[-76.79471800024218,39.31427699969526],[-76.7946000002414,39.31423199982371],[-76.79449800013415,39.314152999948355],[-76.79445299992831,39.31407299986052],[-76.79440699989756,39.313936000210084],[-76.7943249998818,39.31383100018475],[-76.79420199985815,39.31374699991207],[-76.79414099975878,39.31372300031204],[-76.79410200029903,39.31372300031204],[-76.79401600008529,39.313716000108585],[-76.79388600038897,39.313708999904485],[-76.79362600009797,39.31365499989479],[-76.79347399976201,39.31358800023671],[-76.7933880004466,39.313509999765614],[-76.79334900008853,39.3134459996705],[-76.79330800008066,39.31329800009516],[-76.79326500042293,39.31321000003019],[-76.79316599979045,39.31298499973196],[-76.79308799997264,39.3128090000941],[-76.7927690001304,39.3121589997114],[-76.79270899985593,39.31206500008232],[-76.79262199981731,39.3119610001829],[-76.79257499996164,39.3118700000572],[-76.79247899970217,39.311483000247705],[-76.79248399972505,39.31113600005508],[-76.7925020001667,39.31100800032873],[-76.79252800010597,39.310900000268916],[-76.7926209999924,39.310777000268075],[-76.79287100023765,39.31034999987535],[-76.79306600023132,39.31001300004857],[-76.79318199968397,39.30990399966028],[-76.79327999959324,39.30982300009073],[-76.79333999986771,39.30974999982346],[-76.7934389996019,39.3095610000344],[-76.79345799986848,39.309465000012224],[-76.7934799996098,39.309295999812555],[-76.79342299970838,39.30842000027316],[-76.7934169998606,39.307886999975366],[-76.79341400038585,39.30780099978693],[-76.79343299975412,39.30771500018789],[-76.79362799974778,39.3073780001829],[-76.7937969998022,39.30704500014536],[-76.79394599976511,39.30683399988174],[-76.79403100015392,39.306798000049945],[-76.79419099998749,39.306784999874424],[-76.7944660003471,39.30679699982266],[-76.79479900043304,39.306784000342056],[-76.79512499994796,39.3067579999834],[-76.7953740003683,39.306682000002574],[-76.7955369996766,39.30661699968829],[-76.79572400017267,39.30650800026617],[-76.79600899967971,39.30623600004316],[-76.79622799996282,39.306066999691595],[-76.79634199976564,39.30599399967675],[-76.79645700029168,39.30588499997943],[-76.79659700003376,39.30565900021283],[-76.79663200019388,39.30557100027233],[-76.79662999964573,39.30550899966336],[-76.79660999955425,39.305362999783654],[-76.79651099982004,39.30504500020096],[-76.79639199999436,39.3047809998169],[-76.79631300035165,39.304596000154994],[-76.79629099971201,39.304545000147215],[-76.79617799973411,39.30428099996252],[-76.79595900034931,39.303929999825776],[-76.79580000034065,39.30373399979943],[-76.79573599986824,39.30367999973829],[-76.79565200020265,39.30363100030323],[-76.7954449996151,39.30352600010746],[-76.79485100031158,39.30330999966616],[-76.79454300034,39.30326900010893],[-76.7941280002383,39.30327599996722],[-76.79330800008066,39.303458000207776],[-76.79289999965165,39.30359599979206],[-76.79276499993244,39.30365699973823],[-76.79270499965797,39.30370599985017],[-76.79258800038043,39.30376999981702],[-76.79245399958782,39.303817000005246],[-76.79227299983783,39.30384199979673],[-76.79199599982842,39.303887999667744],[-76.79191499963757,39.30389200004796],[-76.7918050000327,39.303864999735985],[-76.79170499957527,39.303825000078504],[-76.79161699971172,39.303805999816156],[-76.79155899998543,39.30380000028096],[-76.79133100037977,39.303777000320345],[-76.79087199989715,39.303649999918],[-76.79057800016928,39.30353100008726],[-76.79031500040354,39.3034419999764],[-76.79025799960382,39.30340500020947],[-76.79004099986885,39.303289000099404],[-76.78971500035392,39.30304599968903],[-76.78962400011733,39.30300499997716],[-76.78949500024589,39.30294100000589],[-76.78926599991703,39.30281799991859],[-76.78902200041789,39.302608999997894],[-76.78886800043209,39.30236799989337],[-76.78844099973652,39.301833999780264],[-76.78836899976649,39.30169800010289],[-76.78832100008592,39.30159799990576],[-76.7883190004361,39.30156700028139],[-76.78832500028388,39.301527000005805],[-76.78834799985009,39.30141800030319],[-76.78834299982722,39.30133399972778],[-76.78831799971287,39.30124099976758],[-76.78824300026811,39.30105500017165],[-76.78811600004651,39.30085699981202],[-76.7880879995591,39.3008439999233],[-76.78804999992427,39.300834000274605],[-76.78799999969556,39.30081899975619],[-76.78798100032729,39.30080300031188],[-76.78797399975628,39.3007670001586],[-76.78797299993138,39.300723999873945],[-76.78795799986277,39.30068199987756],[-76.78792100005283,39.30065000022756],[-76.78785400010568,39.30063400004947],[-76.78782700034151,39.30060600025043],[-76.78780499970189,39.30054600004745],[-76.78779999967901,39.300492999929624],[-76.78777600028788,39.30045400005342],[-76.78774699997555,39.300433999948055],[-76.78769799957178,39.30040299980819],[-76.78760700023348,39.300350999901525],[-76.78758999961673,39.3003260002535],[-76.78757500044642,39.300298000331225],[-76.78756000037782,39.30025600007929],[-76.78753199989042,39.30020700033273],[-76.78748800040779,39.300183999886634],[-76.78738200010258,39.30015500028051],[-76.78725999990385,39.30012799991732],[-76.78715699997169,39.30008199966072],[-76.7870940002225,39.30003499974512],[-76.78707499995592,39.30001300026187],[-76.78705900006238,39.29996300002032],[-76.78703399994802,39.29992399984883],[-76.78682200023592,39.299840999892766],[-76.78633000014135,39.29973600026803],[-76.78625999982114,39.299734999939766],[-76.78614799966816,39.29973600026803],[-76.78591099984168,39.299740000190376],[-76.78548400004442,39.29969199971634],[-76.78504200017855,39.29964300027021],[-76.78470099969668,39.299546999851366],[-76.78431800028036,39.29939100019341],[-76.78383700005642,39.29919600030586],[-76.78339500019057,39.29897700008404],[-76.78315199961798,39.29881899986358],[-76.78292900003524,39.298688000215584],[-76.78234499987913,39.298340999841194],[-76.78213700036498,39.29820199997402],[-76.78206500039497,39.298145000153745],[-76.78201699981607,39.29810599966455],[-76.78174700037764,39.2979209997397],[-76.78170100034689,39.29787599977799],[-76.78169200012606,39.29785299995634],[-76.78169700014894,39.29782499974008],[-76.78170299999671,39.297789000140796],[-76.78169399977587,39.297764999934145],[-76.78167700005746,39.297740000057786],[-76.78159599986658,39.297688000258525],[-76.78130899981143,39.29757100004755],[-76.78076300018846,39.29744499986907],[-76.78030999955362,39.29740900007438],[-76.78009100016881,39.2973599997254],[-76.77980199956549,39.29726099995138],[-76.77968500028797,39.297227000095006],[-76.77955800006636,39.29721099982973],[-76.77936800009554,39.297181000017694],[-76.77927600003405,39.297168999811205],[-76.77914499961446,39.29713899998118],[-76.77902800033692,39.297100999992594],[-76.77891600018394,39.29705099975668],[-76.77885300043475,39.29700199985232],[-76.77876100037322,39.29689599977165],[-76.77867299961136,39.29671399984905],[-76.77859599961847,39.2964529997569],[-76.77846900029519,39.29581399976301],[-76.77846699974704,39.29571999973096],[-76.77845400022657,39.295304000070715],[-76.77859499979355,39.29498899977483],[-76.77867199978647,39.29494600011226],[-76.77896399986452,39.29478099982001],[-76.77917300010189,39.294731999717285],[-76.77934499963102,39.29466799982947],[-76.77950899966255,39.2945999996673],[-76.77955899989125,39.294570999833674],[-76.7795970004244,39.29454100028078],[-76.77964299955686,39.29451199972744],[-76.77969799980843,39.29449600023212],[-76.77979800026586,39.294489999899014],[-76.77986100001506,39.2945220002792],[-76.77988600012941,39.294574000344404],[-76.77990700004581,39.29463299970312],[-76.77993100033525,39.294707999853145],[-76.7799360003581,39.29475699997261],[-76.77993999965776,39.294801999853476],[-76.77995999974925,39.294857000209376],[-76.779977000366,39.29487400001989],[-76.78001500000084,39.2948999999266],[-76.780081999948,39.29491600002483],[-76.78016499978867,39.29491600002483],[-76.78027199991878,39.294904000125314],[-76.7803859997216,39.29483199998975],[-76.78044900036912,39.294784000321734],[-76.78052800001183,39.29472199989075],[-76.7805959997839,39.29465700028824],[-76.78064199981465,39.29462499996976],[-76.78072600037855,39.29457900026843],[-76.78109899974913,39.2944779999265],[-76.78128399969707,39.29443200012858],[-76.78171399986738,39.29425000005752],[-76.78219900028927,39.29409399971937],[-76.7824350002908,39.29397100007671],[-76.7825609997892,39.29387899978452],[-76.7827719996764,39.2937490003443],[-76.78308399984593,39.293573000300505],[-76.78348899990189,39.293391000082195],[-76.78384299990421,39.293150000222624],[-76.78421899964785,39.292915000002125],[-76.78456500015257,39.29263499983385],[-76.78482700009339,39.29230799969978],[-76.78502100026215,39.2920929998426],[-76.78518199992062,39.29184500007668],[-76.78532199966271,39.29147899972008],[-76.78539799983069,39.291087000308956],[-76.78538299976208,39.290531999741596],[-76.78533199970845,39.289289999684016],[-76.78529700044668,39.28860999987305],[-76.78525600043879,39.288208000331],[-76.78509800025505,39.28735800030815],[-76.78509900007997,39.28692000021134],[-76.78509999990486,39.28661299969792],[-76.78510099972978,39.28654100007575],[-76.7851090001257,39.28650900021987],[-76.78513500006495,39.28642400001032],[-76.78516500020218,39.28626699979371],[-76.78517400042303,39.28603799978112],[-76.78518299974553,39.285901000180786],[-76.78532300038594,39.283980000313186],[-76.78528999987566,39.28381599976779],[-76.78527300015723,39.28370499988451],[-76.78523100032443,39.283645999661985],[-76.78520600021008,39.283547999830695],[-76.78519000031655,39.28341100022698],[-76.78516600002712,39.28317500013404],[-76.78516600002712,39.28285500014032],[-76.78520899968481,39.28275099994931],[-76.78530999996715,39.28256800023444],[-76.78545399990719,39.282443999935495],[-76.78558500032676,39.28233999982959],[-76.78566099959643,39.282280999847906],[-76.78580399971155,39.28222199981653],[-76.78583800004674,39.28220299994909],[-76.78585499976519,39.2821509997365],[-76.78585499976519,39.28211800007629],[-76.78587200038194,39.2819999996893],[-76.78591400021473,39.281862999839156],[-76.78609999998756,39.281608999956205],[-76.78658200003643,39.28093599997427],[-76.78704700036683,39.28032299998545],[-76.78721600042124,39.27995699990746],[-76.7872840001933,39.27977399984674],[-76.78734399956943,39.279572000117525],[-76.78736100018618,39.279414999839645],[-76.78737000040701,39.2793300000606],[-76.7873620000111,39.279231999753726],[-76.78740399984389,39.27912100025526],[-76.78740399984389,39.27910100031441],[-76.78764099967036,39.27874200033523],[-76.78799499967268,39.278304999839996],[-76.78819899988719,39.27809199999005],[-76.78829799962139,39.27799899975457],[-76.78837200013956,39.27792599967759],[-76.7884600000031,39.277849999688144],[-76.78854399966869,39.27777700015129],[-76.78862200038479,39.277708000328595],[-76.78868000011111,39.277644000180395],[-76.78872199994392,39.27757900002438],[-76.78875899975384,39.27749400010376],[-76.7888130001805,39.277352000022645],[-76.78909500021282,39.274805000012165],[-76.78958599958419,39.27398000008495],[-76.78962900014018,39.27385399987822],[-76.78965000005658,39.27377200031736],[-76.7896650001252,39.27365099976399],[-76.7896719997979,39.27353599973972],[-76.78969400043752,39.27340400007188],[-76.78973000042254,39.27329999975804],[-76.78979399999665,39.27318499985317],[-76.79005599993745,39.272888999822484],[-76.79018399998398,39.27270900013216],[-76.79025699977892,39.27257200019321],[-76.79032299990116,39.27249599995928],[-76.79037499977969,39.272443000168245],[-76.79043500005415,39.27237499998404],[-76.79059999991058,39.27223099990791],[-76.791065000241,39.27192999986994],[-76.7914040001747,39.27179899999022],[-76.79224600007367,39.27143499996251],[-76.79313099963032,39.271153000070214],[-76.7935080000972,39.27099100018112],[-76.79387899981796,39.27076399969791],[-76.79415099980451,39.27055900026867],[-76.79438900035422,39.27032099989065],[-76.79452900009629,39.270131000002124],[-76.79461399958679,39.269941999656865],[-76.7946350004015,39.26974699982606],[-76.79455199966252,39.26954100013943],[-76.79448300006554,39.26935100022243],[-76.79443200001192,39.268905999681884],[-76.79439100000404,39.26854300000513],[-76.79437099991254,39.26780999995338],[-76.79448600043858,39.26753700021762],[-76.79455000001269,39.26739000034746],[-76.79457500012705,39.26723799968433],[-76.79457599995197,39.267090999882456],[-76.79455699968538,39.26689499966698],[-76.79449499976111,39.266614999799344],[-76.79438799963098,39.26640400009885],[-76.79418699978953,39.2661920003467],[-76.79401699991021,39.266019999669844],[-76.7937900001295,39.26586300032115],[-76.7933170003015,39.26571599972173],[-76.79129299984662,39.26503599987792],[-76.79094700024022,39.26483299995191],[-76.7900090000818,39.26437000023701],[-76.78896999964103,39.26389300030794],[-76.7884600000031,39.263562999773974],[-76.78805099974919,39.263146999681766],[-76.78791400038014,39.2628770003438],[-76.78721600042124,39.26229300023259],[-76.78678899972566,39.261985000124476],[-76.78660700015078,39.26188999972548],[-76.78659200008217,39.26188400007669],[-76.78585099956723,39.26156499969302],[-76.7851099999506,39.26120600028546],[-76.78470800026771,39.26102999984614],[-76.78443000043335,39.26084699973487],[-76.78410800021808,39.26057599969206],[-76.7832429998546,39.25987799990622],[-76.78306299992954,39.25969400006073],[-76.78276099980575,39.259428000080554],[-76.78256400016225,39.25918899994613],[-76.78251399993354,39.25903799979628],[-76.78236900016859,39.25880599985349],[-76.7821880004186,39.25857600027968],[-76.78196400011262,39.25833400004647],[-76.78179900025617,39.25822099968307],[-76.78146399962212,39.25805700005049],[-76.78084699985405,39.257675999804796],[-76.7807659996632,39.257609999672326],[-76.78059699960879,39.25748099992958],[-76.78037900004891,39.25734199965533],[-76.78023400028395,39.25723199980342],[-76.78013700019959,39.25715999989539],[-76.77996800014516,39.2570840003374],[-76.77965299960259,39.256995999867556],[-76.7793720002935,39.2569669997676],[-76.77924699972174,39.25696000014941],[-76.77916999972882,39.25696000014941],[-76.77907299964446,39.25695100004311],[-76.77893999957507,39.25689400003848],[-76.77873399971074,39.25682400027448],[-76.77860700038745,39.25675499999156],[-76.7785339996942,39.25671999970111],[-76.77842900011221,39.256697999827594],[-76.77832799982987,39.25669499978107],[-76.77822700044585,39.25670099987398],[-76.7780690002621,39.25671999970111],[-76.7777660003134,39.256756999789026],[-76.77758999968798,39.25676899996372],[-76.77742499983155,39.256772000007075],[-76.77729900033316,39.25676499967388],[-76.77709299957053,39.25672700003885],[-76.77699999968411,39.25669199973443],[-76.77690599997278,39.256655000307795],[-76.77682499978192,39.25661999996746],[-76.77668699968966,39.256604000163776],[-76.7765419999247,39.256604000163776],[-76.77639700015975,39.25661000026447],[-76.77624700037194,39.25662199976873],[-76.77584099959275,39.25667100009984],[-76.77561399981202,39.25667100009984],[-76.77529499996979,39.25663299971828],[-76.77451800036816,39.2564579998736],[-76.77354099985168,39.256204999965824],[-76.77332300029178,39.25611100033657],[-76.77317299960566,39.256048000196344],[-76.77306399982571,39.255965999973135],[-76.77297599996216,39.25586799968242],[-76.77283700004499,39.25575500021346],[-76.77270800017355,39.255644999958356],[-76.77253800029423,39.255538000322424],[-76.77244100020987,39.25550300012003],[-76.77233699955447,39.25546499980101],[-76.77219900036052,39.255427000157006],[-76.77209399988023,39.255393000165164],[-76.7720289995829,39.25535199968254],[-76.7717409997028,39.25517200016415],[-76.77153400001357,39.254995999879156],[-76.7708460001004,39.2543950003026],[-76.77042000012806,39.25403899981374],[-76.77024100002791,39.25383999980024],[-76.76997800026218,39.2535490002178],[-76.76971200012339,39.25328299987761],[-76.76942000004536,39.2530259998353],[-76.76923900029539,39.252859999967676],[-76.76908399958637,39.25274699982458],[-76.76892999960059,39.252650000209066],[-76.76879300023154,39.25260499968205],[-76.76859900006279,39.25254899992892],[-76.76847000019136,39.25253999995197],[-76.768368999909,39.25254199986966],[-76.76831500038065,39.252547000011425],[-76.76818899998395,39.25254399978729],[-76.76805300043983,39.25243400005955],[-76.76701599964889,39.25213600010731],[-76.76691400043997,39.252083000223564],[-76.76688000010476,39.25205600010992],[-76.76678700021834,39.252014000144285],[-76.766537999798,39.2519529997354],[-76.76629000010088,39.25191900014584],[-76.76590400031151,39.251906000216586],[-76.76532000015541,39.25191999976575],[-76.76499799994014,39.25190499990089],[-76.76464899996067,39.25180900013329],[-76.76423999970676,39.25159599974492],[-76.76402100032196,39.2514780001298],[-76.76382999962794,39.25131200007569],[-76.76375900038114,39.25115899969876],[-76.76369900010668,39.25094400015532],[-76.76366399994659,39.25070599995349],[-76.76372699969579,39.250383000226044],[-76.76385700029044,39.250045999786074],[-76.76404100041344,39.24968099982961],[-76.76442999967756,39.24923899999409],[-76.76457500034084,39.24907799989849],[-76.76479700009868,39.248836000273634],[-76.76491599992437,39.24867200025439],[-76.76494500023668,39.24852000004683],[-76.76490900025169,39.24823500007398],[-76.76482300003796,39.24795000033432],[-76.76480299994647,39.24778600033015],[-76.76473400034949,39.24759799993842],[-76.76466200037946,39.24744499980639],[-76.76458000036371,39.24730099999109],[-76.76449300032506,39.247183999793],[-76.76436399955531,39.24700000002608],[-76.76413500012478,39.246751000245844],[-76.76398600016186,39.24659799965743],[-76.76379399964293,39.246472000313624],[-76.7636000003725,39.246373000272854],[-76.76349700044034,39.24634699974706],[-76.76336299964771,39.2463419998589],[-76.76324600037016,39.2463419998589],[-76.76253599981737,39.24655300011651],[-76.76162799979616,39.24688999995001],[-76.76147399981039,39.246968000198834],[-76.76131099960375,39.24704799973959],[-76.76122000026548,39.247109000241196],[-76.7611010004398,39.247163999781236],[-76.76087499958565,39.2471819997225],[-76.76063299973633,39.2471819997225],[-76.76040299958255,39.24717499982317],[-76.76034999987911,39.24715400012106],[-76.76034400003132,39.24707499969444],[-76.76028299993196,39.24702900007432],[-76.75974200033188,39.2470040001774],[-76.7590960002515,39.247105000095864],[-76.75850799989745,39.24726100002859],[-76.7581170000852,39.24736000020721],[-76.75769299976267,39.24744099968027],[-76.75717599955371,39.24749599965559],[-76.75690199991735,39.24748300029777],[-76.75660700036457,39.24745599980431],[-76.75622999989768,39.247320999963776],[-76.75587400024554,39.24714700021894],[-76.75530000013518,39.24685100014091],[-76.75428300033404,39.246258999715444],[-76.7536399997284,39.245762999685994],[-76.75343899988694,39.245632000294684],[-76.75323899987042,39.245483999997624],[-76.75310800034916,39.245358000043865],[-76.75303600037914,39.24526700032297],[-76.7529350000968,39.24519299982837],[-76.75282899979159,39.24518000004369],[-76.75273400025536,39.24514099997944],[-76.75259000031531,39.245034000316025],[-76.75249300023091,39.24494000032105],[-76.75229300021438,39.244812999668824],[-76.75212800035793,39.24473199994351],[-76.75198100004484,39.24463800023946],[-76.75181100016552,39.2444849999115],[-76.75163600026335,39.2442290000533],[-76.75120699991794,39.243636000021304],[-76.7508860004259,39.24321100017694],[-76.75071999984623,39.2428930001545],[-76.75059000014988,39.242676000116795],[-76.75032499983602,39.242239000145226],[-76.75016099980449,39.24197900000078],[-76.75000799964361,39.24173899976132],[-76.74989600038893,39.24157100007918],[-76.74972800015944,39.24136000014025],[-76.74959099989208,39.24120400030164],[-76.74952300012002,39.24115300005166],[-76.74942500021075,39.241081000331455],[-76.74924199991264,39.24099299995455],[-76.74899199966738,39.24093399994839],[-76.74868200004599,39.24083300018825],[-76.74830700012727,39.24068699976123],[-76.74809100021719,39.2406090001806],[-76.74795200030003,39.24050499990905],[-76.74779800031423,39.240359000190885],[-76.74758700042705,39.240089999852565],[-76.74739099971015,39.239881999703655],[-76.74711600024884,39.239557999728405],[-76.7469160002323,39.23929800008327],[-76.74682099979775,39.239145999737374],[-76.74654499961322,39.238773000257574],[-76.74635899984038,39.238562000251875],[-76.74629400044137,39.23850499991062],[-76.74613500043272,39.238262000170074],[-76.74589299968507,39.23806600006388],[-76.74550100004791,39.23778000023281],[-76.74517999965754,39.23758700033993],[-76.74492399956449,39.23743600028787],[-76.74465099975302,39.23733200018283],[-76.74430900034459,39.23715300016283],[-76.74385900008278,39.236933000262844],[-76.74365300021847,39.236753999920644],[-76.74319700010888,39.236388999673544],[-76.74305200034392,39.2362339997567],[-76.74288900013731,39.236027999696404],[-76.74269099977059,39.23577800008073],[-76.74246700036291,39.23550299975303],[-76.74221000044497,39.23513700009668],[-76.74201299990315,39.23483500025436],[-76.74189699955221,39.23456300000728],[-76.74190400012321,39.234483000143214],[-76.74191499999387,39.23442299966347],[-76.74192599986452,39.23437999970558],[-76.74194099993315,39.23435199986442],[-76.7419669998724,39.234308999863025],[-76.74198600013898,39.234257000295365],[-76.74199000033693,39.2342310001492],[-76.74198600013898,39.23419400000487],[-76.74196799969732,39.23414199965616],[-76.74193099988739,39.23406799994991],[-76.74188700040477,39.23399900023815],[-76.74185399989449,39.233933000087255],[-76.74182899978014,39.23387500028301],[-76.74179899964291,39.23382699990484],[-76.74177000022891,39.23377499998003],[-76.7417479995893,39.23374299968592],[-76.7416990000838,39.23369200027434],[-76.74164499965713,39.23364299989064],[-76.74157799970997,39.23359699981169],[-76.74149599969422,39.23356199979196],[-76.74144399981567,39.23352800033254],[-76.74136299962481,39.23347600018613],[-76.74130400007358,39.23342099965479],[-76.74125999969264,39.233375000126124],[-76.74121600021004,39.233317999745616],[-76.74116900035438,39.23324600033405],[-76.74110300023213,39.233150999963385],[-76.74103999958463,39.233084999710734],[-76.74075000005472,39.23288000003761],[-76.74046800002242,39.232672000083085],[-76.7402780000516,39.23253700031786],[-76.74006999963915,39.23239899990286],[-76.73979099997989,39.23227100030391],[-76.73952800021416,39.23216299989538],[-76.73915900014323,39.23207799986926],[-76.73885899966926,39.23198599971674],[-76.73858500003286,39.23188000007223],[-76.73840799958256,39.23182199996263],[-76.73824899957387,39.23179600030582],[-76.73810399980891,39.23176999994359],[-76.73791200018832,39.2317189997938],[-76.73740500002512,39.23156499990795],[-76.73705400039583,39.23144799990427],[-76.73668299977675,39.231302000125666],[-76.73656599960087,39.231254000074934],[-76.73648699995817,39.23123899996537],[-76.7363699997823,39.23122800020767],[-76.73623900026105,39.23119500022849],[-76.73592600026662,39.231122000114],[-76.73556800006631,39.23104500025403],[-76.73540900005766,39.230992999659215],[-76.73532000036919,39.230981999863005],[-76.73519899999536,39.23095300013894],[-76.7350679995758,39.230937999964986],[-76.73473799986292,39.230896999797984],[-76.73443800028727,39.230882000307965],[-76.73416200010274,39.23089599987849],[-76.73360800008386,39.23088400014737],[-76.73345300027317,39.23087199971835],[-76.7331240003852,39.23079500027992],[-76.73288099981264,39.23068599976468],[-76.73228300031117,39.23045900028681],[-76.7315049999863,39.23007200012156],[-76.7312720003578,39.22995099998432],[-76.73105499972449,39.2298159998553],[-76.73094299957151,39.22970300016099],[-76.73090599976159,39.22964500033958],[-76.7308499996851,39.22957200000441],[-76.73081700007313,39.229525000101056],[-76.73074699975294,39.2294479998805],[-76.7306170000566,39.22932800000096],[-76.7304630000708,39.229218000047126],[-76.73016599996988,39.22907199980407],[-76.7298999998311,39.22899499978235],[-76.72975000004327,39.228969999721],[-76.72969300014185,39.228966999880015],[-76.72960000025546,39.22896200014483],[-76.72949999979801,39.22895399987189],[-76.72945799996522,39.22896200014483],[-76.72941500030753,39.228979999885794],[-76.72938299962215,39.229004999943584],[-76.72937299957641,39.22902999999246],[-76.72937299957641,39.22906999991302],[-76.72937799959927,39.22910699997583],[-76.72938199979725,39.229154000159085],[-76.72937699977437,39.22919799978394],[-76.72935400020815,39.229252000203054],[-76.7292880000859,39.229309999653395],[-76.72918900035171,39.22936100016226],[-76.72902100012223,39.229378999800865],[-76.72861400041644,39.22937799985976],[-76.72845100020982,39.229389999848394],[-76.72839099993537,39.22939500024895],[-76.72818099987309,39.22939299967124],[-76.72805100017673,39.22937799985976],[-76.72799799957498,39.22937400009504],[-76.7279430002217,39.2293730001538],[-76.72789899984076,39.22936799975167],[-76.72783100006872,39.2293519999933],[-76.72777199961918,39.22933400034775],[-76.7277170002659,39.229314000117625],[-76.72765600016652,39.22929000011231],[-76.72757599980058,39.22924899967831],[-76.72748799993704,39.22921199969042],[-76.72739599987553,39.229185999762464],[-76.7272660001792,39.22915200027038],[-76.72714999982824,39.22914499996354],[-76.72707799985822,39.22914499996354],[-76.72700199969024,39.22914200013009],[-76.72693399991817,39.229132999933],[-76.72689899975808,39.229107999920814],[-76.72686699997102,39.22908599973569],[-76.72677099971155,39.22900799978294],[-76.72668299984801,39.22894900013573],[-76.72636400000577,39.22884799982257],[-76.72610399971478,39.22882900009881],[-76.72544799958867,39.22877500005003],[-76.72517200030245,39.228746000109744],[-76.72507299966993,39.228730000209566],[-76.72472700006352,39.2286430002971],[-76.72456700022997,39.22861099975025],[-76.72438399993185,39.22853599982492],[-76.72419999980883,39.228429999840124],[-76.72381099964642,39.22818100025051],[-76.72364400014014,39.22800900026955],[-76.72349600000214,39.22784700019334],[-76.7234869997813,39.227837999830236],[-76.72285099974667,39.22718699996103],[-76.72262300014104,39.226935000208776],[-76.72250900033822,39.22681000031904],[-76.72239999965996,39.226661999978006],[-76.7222890002302,39.226515000002706],[-76.72219399979565,39.226416000328726],[-76.72210299955906,39.22634200012973],[-76.72204599965764,39.226300000076144],[-76.7219650003651,39.226255000040524],[-76.7218740001285,39.22622399978269],[-76.72177600021921,39.22620100009891],[-76.7216559996703,39.22617399976454],[-76.72148300031624,39.22614300016683],[-76.72133400035335,39.226110999871864],[-76.72082399981709,39.225962000154695],[-76.72025300007978,39.225814000113125],[-76.71985700024466,39.22577699970602],[-76.71952900018161,39.225785000341126],[-76.71938900043952,39.22577999968336],[-76.71785500042942,39.22574099996832],[-76.71774900012421,39.22568800032085],[-76.71770499974329,39.22566399977143],[-76.71768600037502,39.22565399982999],[-76.71756900019916,39.225603000106716],[-76.7173979995966,39.22552999974245],[-76.71725799985452,39.22547899992909],[-76.71713800020393,39.22543600005765],[-76.71710300004383,39.22542600008377],[-76.71681799963848,39.225343000245566],[-76.7166350002387,39.225233000308755],[-76.71628600025925,39.22492900028283],[-76.71584400039336,39.22450999991351],[-76.715298999697,39.22396399970653],[-76.71471299989108,39.22344300007507],[-76.713988000168,39.222613000272325],[-76.71385799957335,39.22244700010831],[-76.71368900041725,39.22223899985186],[-76.71343800034708,39.222060000302015],[-76.71333100021697,39.22199700019637],[-76.7132779996152,39.22194099966832],[-76.71322400008684,39.2218269997727],[-76.7130950002154,39.221722000144545],[-76.71276700015235,39.221630999690255],[-76.71252399957977,39.221565999790656],[-76.7121739997754,39.22149600025966],[-76.71167099981018,39.22143899997365],[-76.71109900024796,39.221383999751474],[-76.71076100013916,39.22133900004377],[-76.71056299977243,39.22133900004377],[-76.71040999961156,39.22137299984105],[-76.710293000334,39.221435999810836],[-76.71015799971649,39.221497999670646],[-76.70990099979855,39.221603000329736],[-76.70965700029939,39.221665000042044],[-76.70947700037433,39.221665000042044],[-76.70894699974659,39.221606999841384],[-76.70859600011731,39.221526999821975],[-76.70831699955973,39.22146399993385],[-76.70780899957161,39.221394999660184],[-76.70731400000228,39.22135200007055],[-76.70707100032804,39.22131600015111],[-76.70667100029496,39.221245000313836],[-76.70644600016405,39.2211739997088],[-76.70632099959228,39.22109700006932],[-76.70620400031474,39.221027000070706],[-76.70610600040546,39.22089400029858],[-76.7060620000245,39.22066300020531],[-76.70607200007025,39.2203759996633],[-76.70605600017673,39.219921000014835],[-76.7060899996136,39.219341000233136],[-76.70608200011598,39.21896300011691],[-76.70608200011598,39.21853799975215],[-76.70608600031395,39.21832999974457],[-76.7060889997887,39.21829599986539],[-76.70609200016173,39.21825100026614],[-76.70609100033683,39.21820599994203],[-76.70607600026821,39.21811200019277],[-76.70604600013098,39.21802799995492],[-76.7059480002217,39.21775999971735],[-76.70586100018305,39.21757299970391],[-76.7057430001823,39.21736099986788],[-76.70562000015863,39.2171390003251],[-76.7055260004473,39.216866999696464],[-76.70548500043944,39.21664100018925],[-76.705420999967,39.216429000322904],[-76.70533899995124,39.21616100024542],[-76.70529200009557,39.21597699984928],[-76.70523099999622,39.215673000105205],[-76.70518400014055,39.21554800034368],[-76.70504299967523,39.215404999926044],[-76.70471700016031,39.215163999823666],[-76.70445699986931,39.214909999764764],[-76.7040409999427,39.21462800012461],[-76.70386299966748,39.21450699981085],[-76.70367400041991,39.21443799965941],[-76.70316999973143,39.2143359998862],[-76.70287900037661,39.21428999968071],[-76.70273399971333,39.21424800007199],[-76.70248900038926,39.21413000027457],[-76.70221300020474,39.21400300022981],[-76.70107800040282,39.2132439998263],[-76.70087199964017,39.21314800004911],[-76.70078600032477,39.21311200009886],[-76.70068500004243,39.2130760001301],[-76.700584999585,39.21305499996581],[-76.70042499975143,39.21301499996692],[-76.70024300017657,39.212982999951436],[-76.70006499990133,39.212968000113186],[-76.69972000011983,39.212960000105305],[-76.69941399979807,39.212965999763306],[-76.6991269997429,39.212986999954154],[-76.69884999973347,39.21304699996789],[-76.69874500015148,39.21308900029492],[-76.69836500020989,39.21330800030084],[-76.6980630000861,39.21353800006749],[-76.69786399989447,39.21368299974503],[-76.6976349995656,39.21383800005317],[-76.69752499996073,39.21393400027905],[-76.697442999945,39.21399000023414],[-76.69732800031724,39.21403300015699],[-76.69710900003415,39.21408500009318],[-76.69708499974469,39.21409199981395],[-76.69665499957438,39.214233999964826],[-76.69661899958936,39.21426300033288],[-76.6964029996793,39.214330999804794],[-76.69636400021957,39.21433199996033],[-76.69635699964854,39.21429499976504],[-76.69629700027242,39.21435100012824],[-76.6962679999601,39.21453499991352],[-76.69624399967066,39.214688000128106],[-76.69623000032526,39.2147929998368],[-76.69634300030316,39.215130999947384],[-76.69639199980864,39.21527800009933],[-76.69652599970297,39.215493999821085],[-76.69674699963589,39.21585099979915],[-76.6969020003449,39.21615699972752],[-76.69697099994187,39.21629299980896],[-76.6969729995917,39.216396000345235],[-76.69698199981252,39.21674900012458],[-76.69699699988114,39.217057999969185],[-76.69693199958382,39.21718299982629],[-76.69688899992612,39.217232999985185],[-76.69675000000895,39.21739899995124],[-76.6964860004183,39.21752800033723],[-76.6960770001644,39.21762900023658],[-76.69546399969597,39.21786300018936],[-76.69475800023945,39.218306000159096],[-76.69461199975127,39.21842499999515],[-76.69393999973161,39.21897699997709],[-76.69373399986729,39.21914600025613],[-76.69321400018362,39.219504999922975],[-76.69283300041711,39.219770000224685],[-76.69202900015298,39.22011399978077],[-76.69113799985023,39.220458999807256],[-76.69076600030455,39.220610000203266],[-76.689933999553,39.22095000026999],[-76.68918399971557,39.22119899976344],[-76.68907499993563,39.22121199981614],[-76.68839299987025,39.221299999948975],[-76.68774500014004,39.22129200019454],[-76.68723799997683,39.22115099976208],[-76.68666100039175,39.22093299992299],[-76.68645399980419,39.220852999831365],[-76.68561500027829,39.22052999974355],[-76.68468600034069,39.220160999722744],[-76.68424799977447,39.220043000119695],[-76.68379199966488,39.220002999926116],[-76.6831940001634,39.219951000197184],[-76.6819830001935,39.22001600020031],[-76.68095299997356,39.22000199985141],[-76.68047000009979,39.22006200013406],[-76.68017700019684,39.22016299986765],[-76.67943400003209,39.220622999669104],[-76.67902399995326,39.22101399998374],[-76.6785269998358,39.22127599998698],[-76.67844599964495,39.22131700020709],[-76.67748699957012,39.22180800023605],[-76.67686700032733,39.22236500026817],[-76.67672900023506,39.22258099975978],[-76.67631400013337,39.223228999813955],[-76.676176999866,39.223446000152116],[-76.67534699966264,39.224402000087174],[-76.67513199957746,39.22458299994686],[-76.67444399966429,39.22516100025679],[-76.67317499996808,39.22597700000039],[-76.67251899984197,39.226424000195095],[-76.67040800024678,39.22792799993028],[-76.66991500032728,39.228429999840124],[-76.66874399964203,39.22898900010245],[-76.66786499993314,39.22918800034608],[-76.66721499965483,39.22941900021837],[-76.66670300036705,39.22962999988609],[-76.66638399962652,39.229823000095145],[-76.66624700025748,39.22989700010307],[-76.665714000155,39.23012000028495],[-76.6656370001621,39.23015200014371],[-76.66556099999413,39.23018399998788],[-76.66541700005409,39.2302700001491],[-76.66515400028835,39.230426999872236],[-76.66479899956279,39.230570000307196],[-76.66461600016302,39.23062099990036],[-76.6645940004217,39.23063199975315],[-76.66456400028446,39.23063600014202],[-76.66453499997216,39.230645000146296],[-76.66364299984447,39.23084100010824],[-76.6617299997177,39.23113499972052],[-76.66110399972882,39.231166999812295],[-76.65996200025421,39.231123000030266],[-76.6586600000477,39.231009999657175],[-76.65672199980658,39.23071399967701],[-76.65529999994949,39.2304120002817],[-76.65248399982438,39.2298489997871],[-76.65092899989789,39.22956000004689],[-76.65052200019211,39.229466000192666],[-76.65008600017403,39.229378999800865],[-76.64969700001159,39.22930100017378],[-76.64916999975692,39.2291760003229],[-76.64840499985084,39.22907700022734],[-76.64721899999529,39.22903599966886],[-76.64651199981556,39.2288430000789],[-76.64554799971786,39.228572000216616],[-76.64456899955155,39.22814900018888],[-76.64368300016999,39.22771000026235],[-76.64280899958565,39.22708299997412],[-76.64189200024195,39.22622699974092],[-76.64142600008662,39.22559500014677],[-76.64140900036818,39.22558000021938],[-76.641298999865,39.22548699990226],[-76.64103299972624,39.22525400031002],[-76.64064500028704,39.224913000208375],[-76.64032300007175,39.224636999741556],[-76.64023299966006,39.22456099973505],[-76.64014800016957,39.224488999689655],[-76.64004600006231,39.22442499966461],[-76.63994300013015,39.22436200028974],[-76.63987799983282,39.22432099976041],[-76.6394040001799,39.2240290001693],[-76.63839099967839,39.22374600025242],[-76.63797999977467,39.223663999842024],[-76.63714200007367,39.22349700005087],[-76.63537500043509,39.22340499978367],[-76.6346180000266,39.223409999914715],[-76.63415000022148,39.22340499978367],[-76.63252400014989,39.22360399985446],[-76.63172400008371,39.2238100002007],[-76.63152700044023,39.22386099983494],[-76.6306739997723,39.22418699995112],[-76.63011700027869,39.224590000012775],[-76.62993399998058,39.22482799975161],[-76.62984699994195,39.22494000033192],[-76.62977900016989,39.225029999972804],[-76.62965899962097,39.22529200029633],[-76.62964899957524,39.22531200028082],[-76.6295909998489,39.22544100004402],[-76.62950200016046,39.225635999931896],[-76.62941299957367,39.225830999973915],[-76.62924299969436,39.22615699998683],[-76.62906399959422,39.2265040002005],[-76.6285330000399,39.227126000228246],[-76.62762300036886,39.22788200028016],[-76.62744699974346,39.22802900017571],[-76.62706900035,39.22837400026932],[-76.62702800034211,39.22841199995809],[-76.62700099967962,39.228436000263684],[-76.62693299990755,39.22849900015694],[-76.62692000038709,39.22850799973946],[-76.626921000212,39.22852399969025],[-76.6269229998618,39.228570000311315],[-76.62692899970959,39.22867200027988],[-76.6268940004478,39.228705000053814],[-76.62544199955518,39.22986200032531],[-76.62468699969486,39.23055200027821],[-76.62408599982031,39.23126399991426],[-76.6235639995885,39.231800999839145],[-76.62313799961615,39.23223800011942],[-76.62242100028898,39.23297699985916],[-76.62187800014077,39.23356699989524],[-76.62146499968887,39.23401700007872],[-76.62112699958008,39.234431999877856],[-76.62011499980181,39.23567600000397],[-76.61977800041623,39.236092000273004],[-76.61965500039258,39.23622600031281],[-76.61928899979638,39.236628000288235],[-76.61916800032087,39.23676299983601],[-76.61905299979483,39.2368880000876],[-76.6190379997262,39.23690500004897],[-76.6188119997704,39.2371080001287],[-76.61870800001334,39.23725799966631],[-76.61861199975387,39.23739799991948],[-76.61868899974677,39.237433000113064],[-76.61903899955114,39.237726999936584],[-76.6212620001976,39.23861099998332],[-76.6225500001604,39.23916800024726],[-76.62365400000017,39.23964599981816],[-76.6267039995787,39.24096899976938],[-76.629301000319,39.24209599983718],[-76.62976499992618,39.242296999992455],[-76.62985299978973,39.24233799975958],[-76.63001699982127,39.24241000027681],[-76.63073499987165,39.24272499975757],[-76.63096099982747,39.24282400007747],[-76.63113200043001,39.24289900003702],[-76.63258900044721,39.24340600008147],[-76.63337600009457,39.243783000307666],[-76.63537600025998,39.244741000226824],[-76.63726699974714,39.24564799981919],[-76.63849399961056,39.24616599967277],[-76.63891499956004,39.2463419998589],[-76.63942799957104,39.24656799973483],[-76.64032800009463,39.24702999976394],[-76.64106399968837,39.247389000106594],[-76.6412550003824,39.247481999918925],[-76.64182699994461,39.24776100000739],[-76.64234199960542,39.24801199972695],[-76.64401399970777,39.24882699982019],[-76.64403399979926,39.2488369999375],[-76.64421200007449,39.248923999854405],[-76.64725599980522,39.25005999970652],[-76.65149100031267,39.25198300013698],[-76.65250899993875,39.25234400009073],[-76.65339299967049,39.2527029996642],[-76.65423999959232,39.25312500022295],[-76.65507999984146,39.253511999828184],[-76.655568999563,39.25370099995912],[-76.65669000001952,39.25414399977851],[-76.65986000014696,39.255509000314945],[-76.66133899990547,39.25616599977232],[-76.66261000014983,39.25679599965373],[-76.66320600000148,39.257018000343145],[-76.66378400030979,39.257233000043136],[-76.66383299981528,39.257251000182244],[-76.66405000044857,39.25733200005533],[-76.66432200043515,39.25744199975034],[-76.66434300035154,39.2574500002526],[-76.6643840003594,39.25746599986322],[-76.6644549996062,39.25749700022871],[-76.6655669998419,39.25798200030273],[-76.66734900044743,39.2588580000034],[-76.66903400007027,39.25951600027985],[-76.66981900006782,39.259822999904756],[-76.67081699960238,39.260208999901856],[-76.6714309998957,39.260446999842635],[-76.67165000017881,39.26053200027157],[-76.67167799976792,39.26054300030319],[-76.67313899998307,39.261154999974444],[-76.67317400014316,39.26116999994702],[-76.67343199988603,39.26128100006175],[-76.67392800017856,39.261525999699174],[-76.67416199963199,39.26164099995758],[-76.67542200000568,39.26230100018119],[-76.67598199987235,39.26259100013743],[-76.67677699991563,39.2630040002753],[-76.67719100019242,39.26330499970332],[-76.67723600039828,39.26332499997996],[-76.67777399962529,39.26355600011888],[-76.6788010003705,39.26399699997722],[-76.68002499986086,39.2644129998932],[-76.68164400025978,39.26503200005981],[-76.68221400017217,39.26528100030067],[-76.68247399956486,39.26539499983925],[-76.68273800005382,39.26551000000946],[-76.68306600011688,39.265653999986824],[-76.68354099959471,39.26586200020452],[-76.68444899961591,39.266381999786965],[-76.68450600041564,39.26640400009885],[-76.6845189999361,39.266408999947444],[-76.68454800024843,39.26641999975228],[-76.68460500014983,39.26644099994393],[-76.68464899963244,39.266457999697],[-76.68466799989902,39.26646499975777],[-76.68471499975469,39.266487000043604],[-76.68515300032091,39.26669700008505],[-76.68553999993522,39.26677800017132],[-76.68604799992333,39.26688500003873],[-76.68691300028682,39.26736199977421],[-76.68728300018267,39.26747800028787],[-76.68859000041205,39.26815499983308],[-76.68863399989465,39.268177999671984],[-76.68866700040493,39.268194999699205],[-76.6898890002455,39.268728999723784],[-76.69121700039126,39.269310000253334],[-76.69186799959618,39.26959500010231],[-76.69272399973886,39.27001300028788],[-76.6933389998571,39.270317999731695],[-76.6944860002529,39.2708139999257],[-76.69567600030639,39.27122200008955],[-76.69679299966664,39.271860999852315],[-76.69737900037089,39.272195999694965],[-76.69889199956626,39.27270500005653],[-76.69946900004966,39.272956000187925],[-76.7004570004368,39.27338599990826],[-76.70082399995961,39.2735459998098],[-76.70119200020565,39.27370500003676],[-76.70157299997214,39.273864999905285],[-76.7032030002417,39.27454800029011],[-76.7044989997021,39.27508999976509],[-76.70483400033618,39.275230000292765],[-76.70505199989606,39.27532200005007],[-76.70533300010347,39.27543999986429],[-76.70626899971374,39.27583299990443],[-76.70650300006547,39.275931000098346],[-76.70752800026254,39.27635999967439],[-76.70762500034692,39.27640099969089],[-76.70771400003537,39.27643799982084],[-76.70825899983342,39.27666599996488],[-76.70909800025763,39.27701799975502],[-76.7105190002898,39.27763699984554],[-76.71105400004211,39.277889000333495],[-76.71113199985993,39.27826199966783],[-76.71115699997428,39.27838000009331],[-76.71121899989856,39.2786789996746],[-76.71123200031734,39.27879700009306],[-76.71122100044671,39.27926899977927],[-76.71120999967773,39.27975300017395],[-76.71120700020299,39.27989800000471],[-76.71118700011151,39.28075999971313],[-76.71118799993641,39.28183699995913],[-76.71118899976133,39.28220299994909],[-76.71118799993641,39.28357899978508],[-76.71119299995928,39.285406000249026],[-76.71121100040094,39.28594899968047],[-76.71119200013437,39.28706300017902],[-76.71118600028659,39.287393999708584],[-76.71116100017223,39.28768100000257],[-76.71112600001213,39.28807000030901],[-76.71109400022507,39.2884289997595],[-76.71106900011074,39.28879800012944],[-76.71101499968405,39.28960300033884],[-76.71118000043882,39.291566000246014],[-76.71119499960912,39.29174900008842],[-76.7112010003552,39.294911999826795],[-76.71139299997584,39.29680500021712],[-76.71125499988356,39.297361999754486],[-76.71122300009652,39.29781499966012],[-76.71119299995928,39.298230000039496],[-76.71122399992143,39.298710000115186],[-76.71122800011938,39.2987779997613],[-76.71124900003578,39.29911700013979],[-76.71125499988356,39.29921200011747],[-76.71121200022587,39.299755000244886],[-76.71120999967773,39.299778000136826],[-76.71120700020299,39.299821000307425],[-76.71120300000503,39.29987099995524],[-76.71120200018012,39.299884999655575],[-76.71119299995928,39.30000499975293],[-76.71119299995928,39.300540000232864],[-76.71119299995928,39.300604999934656],[-76.711199999632,39.301118999781906],[-76.7112010003552,39.30115799998281],[-76.7112010003552,39.30118400033636],[-76.71120200018012,39.301233999705794],[-76.71120300000503,39.30129400001415],[-76.71120600037808,39.30151100002822],[-76.71120300000503,39.30163800014081],[-76.7112010003552,39.30171700024238],[-76.7112010003552,39.301749000099754],[-76.711199999632,39.30178600004697],[-76.71119299995928,39.30210500013329],[-76.71119100030947,39.30295499978736],[-76.71118499956337,39.30340899992222],[-76.71120600037808,39.30474099998779],[-76.71120700020299,39.304783000329074],[-76.71120800002791,39.304828000021345],[-76.71120800002791,39.30486199966149],[-76.71119299995928,39.30510199996358],[-76.71121300005078,39.30532300028721],[-76.71119299995928,39.306604999709194],[-76.71118200008863,39.30704299969778],[-76.71119299995928,39.30760500017493],[-76.71131900035599,39.308488000217395],[-76.71124900003578,39.30931200009573],[-76.7111519999514,39.31012200026708],[-76.71118100026374,39.31103399980337],[-76.71120399982995,39.311368999949565],[-76.71122800011938,39.311708999972595],[-76.71111900033944,39.31247500003787],[-76.71109900024796,39.31318799982285],[-76.71109699969983,39.31326899966738],[-76.71109599987491,39.31330900018237],[-76.71109300040018,39.31340499979602],[-76.71108500000425,39.31471799996258],[-76.71102800010286,39.318915999842844],[-76.71149300043325,39.320805000022254],[-76.71148199966429,39.320940000070465],[-76.71139299997584,39.32200499996379],[-76.71139299997584,39.32202700017823],[-76.71139399980073,39.3220679998645],[-76.71139499962565,39.32213999978081],[-76.71139999964852,39.32259899985051],[-76.71139999964852,39.322970000085675],[-76.71139999964852,39.32345899994799],[-76.71139999964852,39.3236799999735],[-76.71140300002158,39.324957000264995],[-76.71139299997584,39.32600500025684],[-76.71139299997584,39.326955000306704],[-76.71139200015092,39.327060000090775],[-76.711391000326,39.32721599991564],[-76.711391000326,39.32726800001157],[-76.7113979999987,39.32776499981947],[-76.7113979999987,39.328099999762216],[-76.71140300002158,39.32840100018608],[-76.71140100037175,39.329501999716875],[-76.71146099974789,39.331022000003976],[-76.71149099988511,39.33174599971974],[-76.71149300043325,39.33180499970503],[-76.71149300043325,39.33379899997652],[-76.7114619995728,39.33457299998571],[-76.7110389999735,39.336278000266496],[-76.7110249997298,39.33633299998671],[-76.71101100038442,39.336390999771105],[-76.71103099957757,39.33682200020737],[-76.71119299995928,39.34040499973796],[-76.71119299995928,39.34240499967222],[-76.71117000039307,39.34362800002004],[-76.71119399978419,39.34480499977783],[-76.71124800021089,39.34670499991323],[-76.71129400024164,39.3483049998517],[-76.71138799995296,39.349496000228584],[-76.7113629998386,39.34998899988899],[-76.71120399982995,39.35099099966915],[-76.71135799981573,39.3516620000225],[-76.71134399957204,39.3522599998265],[-76.71125800025662,39.35331800019356],[-76.71119299995928,39.353740000277206],[-76.71119299995928,39.35423400010625],[-76.71118799993641,39.3543449999669],[-76.71118600028659,39.35438300012274],[-76.71119100030947,39.35529899996478],[-76.71119100030947,39.3553289998627],[-76.71119100030947,39.35536499972312],[-76.71119299995928,39.3556700003434],[-76.71119399978419,39.35580499976017],[-76.71122800011938,39.356160999770026],[-76.71135000031812,39.35677099967477],[-76.71135000031812,39.357261999698416],[-76.71135000031812,39.35790599996544],[-76.71120899985281,39.35866799967326],[-76.71127400015013,39.35894499970012],[-76.71139999964852,39.359484000185],[-76.71129400024164,39.36050100015519],[-76.7113419999222,39.36122500014594],[-76.71129300041672,39.36172499995672],[-76.71123599961699,39.36231000017156],[-76.71120300000503,39.3626509999134],[-76.71119100030947,39.36277099999476],[-76.71119100030947,39.36279799979368],[-76.71118999958622,39.36284899969406],[-76.71118899976133,39.36287999994208],[-76.71118499956337,39.3631489997023],[-76.71128199964774,39.36364100014887],[-76.71140800004443,39.36440899969482],[-76.71140300002158,39.36461500011346],[-76.71151900037253,39.365762999679234],[-76.71150900032679,39.3662149996761],[-76.71150799960355,39.366273999734844],[-76.71150199975578,39.366532000265614],[-76.71150000010596,39.36660599966588],[-76.71149799955782,39.366704999923414],[-76.71149400025816,39.36690500014188],[-76.71139499962565,39.36768799997961],[-76.7113419999222,39.36839199966012],[-76.71128800039385,39.36964500004306],[-76.7113279996785,39.370757000014656],[-76.7113129996099,39.371932999732365],[-76.70829399999351,39.37200499968106],[-76.70520400023202,39.3720069996593],[-76.70289199989708,39.37209200006975],[-76.700408000033,39.37201400027704],[-76.7001059999092,39.37200499968106],[-76.69745399981564,39.37201100031001],[-76.6968810004285,39.372039999986164],[-76.69244400025468,39.37203300006542],[-76.69145500004264,39.372018000232956],[-76.69033899960895,39.37202900011043],[-76.68870000001691,39.372009000331886],[-76.6876790000178,39.3720190002219],[-76.68547899983584,39.37202700013281],[-76.6851590001687,39.37202600014398],[-76.68472499980044,39.37202600014398],[-76.68398300035891,39.37201600025502],[-76.68365600012076,39.37202800012163],[-76.6834900004394,39.372047999894725],[-76.68337300026354,39.372065999685596],[-76.68321799955451,39.37209300005764],[-76.68302799958373,39.372136000217054],[-76.68282300044264,39.37216999977532],[-76.68266299971074,39.37218500026959],[-76.68234300004362,39.37220100005251],[-76.68160099970376,39.372176999682324],[-76.68117499973141,39.37217799966894],[-76.6802590002126,39.37216799980175],[-76.68002700040901,39.37216999977532],[-76.67948400026079,39.372172999735525],[-76.67902200030342,39.37216799980175],[-76.6787729998831,39.37215000003717],[-76.67846900010947,39.372073000297426],[-76.67819100027513,39.371993999799805],[-76.67586399987158,39.37206399970905],[-76.67319500005956,39.371968000073565],[-76.67181099983729,39.372047999894725],[-76.67109199996199,39.372104999910995],[-76.67067299966234,39.372096000021145],[-76.66973700005205,39.37207700024995],[-76.66619200000589,39.37200499968106],[-76.66599199998936,39.37200499968106],[-76.66139199960891,39.372104999910995],[-76.65999700041431,39.372096000021145],[-76.65779200020948,39.371992999810516],[-76.65593699980901,39.372114999787215],[-76.65577399960242,39.372114999787215],[-76.65489900009149,39.37211199982452],[-76.65474500010569,39.372110999836906],[-76.65307800002621,39.37210399992329],[-76.65288700023052,39.372107999874],[-76.6527380002676,39.372104999910995],[-76.6525199998094,39.37210599989869],[-76.65249600041825,39.37210599989869],[-76.65247399977865,39.37210599989869],[-76.65244600018954,39.37210599989869],[-76.6523290000137,39.37210599989869],[-76.65195999994275,39.37210599989869],[-76.64980300031681,39.37210399992329],[-76.64904099988547,39.372181000323295],[-76.64830199991867,39.372120999712266],[-76.64692600009234,39.372005999670186],[-76.64581499968156,39.37215000003717],[-76.64511599989773,39.37202300017747],[-76.64229599957467,39.37204599991766],[-76.63811700004202,39.37208100020221],[-76.63786299959881,39.37206399970905],[-76.6374040000145,39.372032000076686],[-76.63489099983809,39.37200499968106],[-76.63394400035715,39.372009000331886],[-76.6328909996727,39.37200499968106],[-76.63169099957342,39.37170500021528],[-76.62619300011585,39.372017000244],[-76.6245350002572,39.37206199973244],[-76.62341899982354,39.37209300005764],[-76.6216990000406,39.372104999910995],[-76.62148099958242,39.372086000142204],[-76.6214300004271,39.37208100020221],[-76.61964299979871,39.371951000247336],[-76.61834399996526,39.37203400005416],[-76.617107999881,39.37210099996012],[-76.61549900042615,39.37209500003336],[-76.61387500000438,39.37176199981717],[-76.6109900002823,39.372104999910995],[-76.61041699999686,39.372151000024225],[-76.60980500025168,39.37220000006619],[-76.60977799958918,39.37220200003884],[-76.60972700043388,39.37220000006619],[-76.60966200013654,39.372197000107136],[-76.60738999998458,39.372104999910995],[-76.60589100013456,39.37203700002025],[-76.60449000019388,39.372104999910995],[-76.60342099961589,39.372056999790715],[-76.60283300016015,39.372031000087986],[-76.60275699999215,39.37202800012163],[-76.60114599998919,39.37195500020686],[-76.59787899977736,39.37180800015636],[-76.59704500027433,39.37186800034186],[-76.5949039996436,39.37193099975206],[-76.59017600011497,39.37193799968302],[-76.58875099988482,39.37193999966313],[-76.58830499982098,39.37194099965319],[-76.58823700004892,39.37193499971267],[-76.58818699982021,39.37192999976185],[-76.58808100041331,39.37191699988803],[-76.58798400032893,39.371897000077404],[-76.58789999976501,39.37187100031509],[-76.5877009995734,39.3717819996664],[-76.58559900019905,39.372024000166334],[-76.58518599974717,39.3720449999291],[-76.5842440002891,39.37207000033293],[-76.58362300032309,39.372109999849286],[-76.58345699974342,39.372109999849286],[-76.58328799968902,39.372108999861645],[-76.58241499982793,39.37210699988638],[-76.58220800013868,39.37210599989869],[-76.5819560002436,39.372104999910995],[-76.57902899979042,39.37209100008185],[-76.57800199994354,39.37209300005764],[-76.57199599959952,39.372107999874],[-76.56999700015733,39.372120999712266],[-76.56974899956192,39.372113999799645],[-76.56938799988689,39.372104999910995],[-76.56724299995652,39.37210399992329],[-76.56644200006545,39.37211899973734],[-76.56178800015664,39.37220499999771],[-76.55938200011038,39.37207400028558],[-76.55924099964506,39.37207900022609],[-76.55859600028789,39.37210099996012],[-76.55697799971392,39.37210199994782],[-76.55501400043183,39.371997999756815],[-76.55456099979699,39.37207500027372],[-76.55374900003527,39.37207000033293],[-76.55268700002827,39.37210099996012],[-76.55079900001586,39.372102999935564],[-76.54935700006727,39.372066999673805],[-76.5486480002377,39.372097000008964],[-76.54695000019608,39.37210399992329],[-76.54514500002433,39.37210399992329],[-76.54424299985091,39.372181000323295],[-76.54363799977844,39.37215499997224],[-76.54359599994564,39.372152999998285],[-76.5434250002414,39.372146000088875],[-76.54248700008299,39.37210599989869],[-76.54050000033637,39.372109999849286],[-76.53989400043895,39.37210599989869],[-76.53859300005738,39.37210699988638],[-76.53746499992816,39.37210599989869],[-76.53677799983988,39.372108999861645],[-76.53610300034552,39.372107999874],[-76.53528700038582,39.37210599989869],[-76.53238699969681,39.372205999983926],[-76.52979300022788,39.3720579997791],[-76.5297870003801,39.371606000101764],[-76.5297870003801,39.37030600026234],[-76.5297870003801,39.37008799976576],[-76.52978599965687,39.36924200005813],[-76.52978599965687,39.36881300031875],[-76.52978599965687,39.36871500030795],[-76.52978599965687,39.367877999679145],[-76.52978599965687,39.36778199984442],[-76.52978599965687,39.36711400032066],[-76.52978599965687,39.36620599972159],[-76.52968600009777,39.36570600004195],[-76.52978999985483,39.363815000129385],[-76.52978800020502,39.36300299998426],[-76.52978599965687,39.362305999659604],[-76.52977399996132,39.36202999989647],[-76.52974100034935,39.36118799968853],[-76.52978599965687,39.360006000027724],[-76.52978300018214,39.359600000178474],[-76.529780999634,39.35858300028726],[-76.52978599965687,39.35756900006897],[-76.52978599965687,39.35706699997058],[-76.52978499983195,39.356551999782106],[-76.5297799998091,39.356054999714836],[-76.52977800015928,39.35585299993753],[-76.5297730001364,39.355574999928585],[-76.5297730001364,39.35538600032776],[-76.52977399996132,39.35370700033291],[-76.52978200035723,39.35272099998496],[-76.52978499983195,39.35174000031739],[-76.52945299957095,39.35072299992507],[-76.52950199997474,39.35036699999225],[-76.52959400003624,39.34974099968438],[-76.52970600018925,39.348811000282424],[-76.52980200044871,39.347866999796096],[-76.52972200008276,39.34754999994507],[-76.52978599965687,39.346306000293154],[-76.52978200035723,39.34536400005523],[-76.52978300018214,39.34215099992807],[-76.5297799998091,39.34078900010691],[-76.52977899998417,39.34063500017609],[-76.52974100034935,39.33862100003073],[-76.52970799983906,39.33690100018782],[-76.52970399964111,39.336694000234296],[-76.52969299977046,39.33614200014099],[-76.52968000024997,39.335245999894035],[-76.52968600009777,39.33321199966674],[-76.52968500027285,39.33114999993873],[-76.52968500027285,39.33028000030427],[-76.52968600009777,39.329089999672846],[-76.52972299990768,39.32732900016839],[-76.52973399977834,39.326785999965836],[-76.52974600037221,39.32640199981527],[-76.52975899989269,39.326000999750974],[-76.52971500041008,39.325322000031335],[-76.52968600009777,39.324871000210315],[-76.52968600009777,39.324504000226746],[-76.52968600009777,39.324456000059996],[-76.52968600009777,39.323596999699895],[-76.52968600009777,39.32332699987012],[-76.52968600009777,39.32326399971356],[-76.52968600009777,39.32307300030391],[-76.52968600009777,39.32302599984533],[-76.52968600009777,39.32289800032876],[-76.52968600009777,39.32265199990531],[-76.52968600009777,39.32233799968974],[-76.52968600009777,39.319905999800284],[-76.52968600009777,39.3196749999283],[-76.5299709996048,39.31956499995281],[-76.5299709996048,39.3194630001748],[-76.5299709996048,39.31782599983062],[-76.52973299995342,39.31782399969129],[-76.52974299999916,39.31746799969459],[-76.52999200041951,39.317461999940754],[-76.52999300024442,39.3171349997192],[-76.52975300004492,39.31711199997126],[-76.52962699964822,39.31676800014962],[-76.52977499978621,39.31626899985263],[-76.52978400000706,39.31436599992735],[-76.52978499983195,39.313708999904485],[-76.52978599965687,39.3129059998387],[-76.52978599965687,39.31254300021191],[-76.52978599965687,39.31161899967754],[-76.52978599965687,39.310391000149856],[-76.52978599965687,39.31015899995828],[-76.52978499983195,39.31014500022768],[-76.52978499983195,39.31009199973284],[-76.5297799998091,39.31007799998884],[-76.52978200035723,39.30989799995281],[-76.52978599965687,39.30964400028044],[-76.52978599965687,39.30959200028851],[-76.52978599965687,39.309474999817944],[-76.52978599965687,39.309422000205785],[-76.52978599965687,39.308844000032565],[-76.52978599965687,39.308831000237106],[-76.52978599965687,39.30853399981511],[-76.52969699996841,39.30771699992111],[-76.52969299977046,39.30647400003542],[-76.52974299999916,39.305964000153246],[-76.52968600009777,39.30550600031636],[-76.52968500027285,39.304706000031686],[-76.52968500027285,39.30466100026104],[-76.5296109997547,39.302910999868914],[-76.5296180003257,39.302671999986444],[-76.52966199980831,39.301247999828675],[-76.52978599965687,39.299506000175455],[-76.52978599965687,39.29944300011804],[-76.52978599965687,39.29910999986559],[-76.52977899998417,39.29888599975859],[-76.52977499978621,39.29873099966537],[-76.52968500027285,39.29845299981342],[-76.52962400017348,39.298179000259466],[-76.52952200006624,39.297302999914756],[-76.52951000037068,39.29717999965298],[-76.52951700004336,39.297056000199],[-76.52952100024132,39.296963000116754],[-76.52952500043928,39.29689000033944],[-76.52952999956383,39.29678600013474],[-76.5295420001577,39.296547999873766],[-76.5295830001656,39.29571099973605],[-76.52958800018847,39.29564499996985],[-76.5296380004172,39.294948999911696],[-76.52966900037933,39.29451399983794],[-76.52967500022712,39.29442599979],[-76.52979300022788,39.29278300000268],[-76.52970799983906,39.29189499985908],[-76.5296889995725,39.29099300018783],[-76.52959300021135,39.290575000029186],[-76.5294989996017,39.290167999709276],[-76.52952500043928,39.289763999826505],[-76.52955200020345,39.289336999860495],[-76.52959700040931,39.28892699993581],[-76.52968100007489,39.288151999820805],[-76.52967799970183,39.288068999814115],[-76.52959999988404,39.285643000307324],[-76.52959200038643,39.28485199969805],[-76.52966299963323,39.284203000277664],[-76.52993399979486,39.28308199969336],[-76.5297870003801,39.28187200022327],[-76.52978800020502,39.281526999737125],[-76.52978499983195,39.280559999859456],[-76.52978499983195,39.280029000039725],[-76.52978499983195,39.279550999688865],[-76.52978499983195,39.27904700002834],[-76.52978599965687,39.278610000044935],[-76.52978499983195,39.2777360002447],[-76.52978499983195,39.276858000132904],[-76.52978499983195,39.276144000259954],[-76.52978499983195,39.27495800024326],[-76.52978499983195,39.27388599995218],[-76.52978499983195,39.273819999783605],[-76.52978499983195,39.2732939996951],[-76.529780999634,39.27310100017825],[-76.52969699996841,39.27267900025471],[-76.52962300034856,39.27230699973383],[-76.52968500027285,39.27020700001935],[-76.52970600018925,39.270108000108785],[-76.5297379999763,39.26995599977719],[-76.52978800020502,39.269721999683675],[-76.5297870003801,39.26881100031788],[-76.5297870003801,39.26876799988261],[-76.5297870003801,39.26819200014471],[-76.52978599965687,39.26721400013514],[-76.52978499983195,39.266606000237104],[-76.52978400000706,39.2649890000878],[-76.52978499983195,39.26476700029813],[-76.52978499983195,39.26437900008636],[-76.52978499983195,39.263994999690816],[-76.52978499983195,39.26300599989451],[-76.52978499983195,39.262417000029465],[-76.52978499983195,39.262018000225666],[-76.52978499983195,39.26163800012258],[-76.52977899998417,39.26124499976184],[-76.5297720003115,39.26083299988151],[-76.52976800011353,39.26070300031479],[-76.52977399996132,39.260428000330016],[-76.52978499983195,39.25998300016865],[-76.52978499983195,39.25952200013138],[-76.52978499983195,39.259112999805396],[-76.52976899993844,39.25891199985066],[-76.52975499969473,39.258728000251935],[-76.52975300004492,39.25869900017286],[-76.52974399982408,39.258344999727406],[-76.52974800002204,39.258101999860614],[-76.52975800006777,39.257583999834964],[-76.52978499983195,39.25700600021107],[-76.52978499983195,39.25630599984877],[-76.52978499983195,39.25578100003356],[-76.52978499983195,39.25525099981646],[-76.52978499983195,39.25507999969086],[-76.52978499983195,39.25505900026906],[-76.52977800015928,39.25365600010666],[-76.52977499978621,39.2530329998462],[-76.5297720003115,39.252383999936576],[-76.5297170000599,39.25136299989527],[-76.5296679996561,39.250465999662744],[-76.52958499981543,39.24874599986093],[-76.52958499981543,39.248233000033466],[-76.52948699990613,39.24704499997588],[-76.52959499986116,39.245656000275815],[-76.52951600021845,39.24418800000004],[-76.52950799982253,39.244107000248675],[-76.52950299979966,39.244058000181866],[-76.52946199979176,39.24364400001166],[-76.52965799961036,39.24272000030695],[-76.5294850002563,39.241505999862255],[-76.52956499972393,39.24085800019754],[-76.52957200029495,39.2408010003303],[-76.52957499976968,39.24077900033259],[-76.5295839999905,39.24032799990186],[-76.52957499976968,39.238311000111054],[-76.52948600008122,39.21840799973261],[-76.52940900008834,39.21833099984309],[-76.52917800010965,39.21809999966779],[-76.52910199994166,39.21802400023938],[-76.52891399962068,39.21783000018972],[-76.5283520001042,39.217248999722294],[-76.52816499960814,39.21705599973581],[-76.52813100017127,39.21701999970125],[-76.52808000011765,39.216966000310784],[-76.52772899959005,39.216585999687936],[-76.5264210004341,39.215176000154415],[-76.525985000416,39.21470700019973],[-76.52285899977119,39.211363000295265],[-76.51448400008913,39.20240599968229],[-76.51307599957741,39.201992999840456],[-76.50868399960945,39.2007069999631],[-76.50632399959392,39.1999899997683],[-76.4992469999204,39.19783899983122],[-76.4968879997298,39.19712300000528],[-76.4946270003468,39.19643599991595],[-76.48784600005096,39.19437499972265],[-76.48558599959456,39.193688999669284],[-76.48342499977066,39.19303199996483],[-76.4769430001239,39.191062999779696],[-76.47478300012493,39.19040699969128],[-76.47114799966707,39.189301999691494],[-76.4602439999151,39.18598900031067],[-76.45661000018049,39.18488499965885],[-76.45458400007581,39.18426900007341],[-76.44850699958668,39.182422000174704],[-76.44648200020524,39.1818069998169],[-76.4446700003608,39.18127099972859],[-76.43923399992917,39.1796649999167],[-76.43742299990964,39.17913000016939],[-76.43039899993958,39.177053000250325],[-76.41908099991082,39.17370799966125],[-76.40937300006013,39.17068500031271],[-76.40238099987711,39.16850800033053],[-76.39691400038167,39.1667869998986],[-76.38051399992362,39.161624000166285],[-76.37504800025309,39.15990400009389],[-76.37497399973492,39.15988000005131],[-76.37475199997708,39.159810000344805],[-76.37467900018214,39.15978699980907],[-76.36963899958565,39.15915399977004],[-76.35451899959277,39.15725500030902],[-76.3494789998946,39.15662300005969],[-76.34858099991915,39.16030699981764],[-76.34806799990815,39.16241800029847],[-76.34657999992882,39.16791499999698],[-76.3458400001371,39.17054299988328],[-76.34559499991472,39.17128099979206],[-76.34472600025158,39.17391200005023],[-76.34432200002055,39.174849999779454],[-76.34307000004276,39.17855800031088],[-76.33985100040985,39.1880980003311],[-76.3391519997277,39.189616000296006],[-76.33751599961035,39.19317200000993],[-76.33591800002617,39.19663499984348],[-76.3323589997363,39.204357000336564],[-76.33062800008274,39.206733999879155],[-76.32838400041817,39.20981900019579],[-76.32195700012467,39.21867299999949],[-76.3211129996776,39.21983699985364],[-76.30424399958947,39.23840999970281],[-76.29961800016808,39.24267999981895],[-76.2915799998716,39.250102000146846],[-76.29080099972182,39.250902000219355],[-76.28846699964556,39.253303000231185],[-76.28768900021902,39.254104000241114],[-76.34227900019742,39.2813069999809],[-76.34427900036283,39.282506999991455],[-76.34377899987233,39.28450699998349],[-76.33807899985007,39.292806999831484],[-76.33696199959151,39.293851000064514],[-76.33405099993016,39.2965750002274],[-76.33335999964393,39.2972219996649],[-76.33317600041923,39.29739400021237],[-76.3318790002356,39.2986070001779],[-76.32878399955293,39.30013599971704],[-76.32337899998178,39.30280700026758],[-76.32294700016163,39.302863999767446],[-76.31715000005498,39.303628999758125],[-76.31427899967831,39.304007000281764],[-76.31148500019283,39.305563999948454],[-76.30988000003762,39.3064590000306],[-76.309019999697,39.30693799975512],[-76.30817899962297,39.3074070002719],[-76.30657900038895,39.31010699965403],[-76.31627899984372,39.32990700014004],[-76.31557900023498,39.33280700032038],[-76.31557900023498,39.33760699983963],[-76.31727800010151,39.339786999947236],[-76.32444799966144,39.34898400006697],[-76.33007999991165,39.35620699996677],[-76.33000999959145,39.356389000025295],[-76.32858000023676,39.360107000236184],[-76.32117899979981,39.36630699999317],[-76.3205789997502,39.36880700010944],[-76.32368000028065,39.374407000300124],[-76.33055899958744,39.377511999689425],[-76.33117299988078,39.37778899997165],[-76.33180399989254,39.37807399976161],[-76.34918199979367,39.38591299975041],[-76.34924899974082,39.38594400017366],[-76.35212000011751,39.38720200031217],[-76.3557809996163,39.388805999905074],[-76.35775300019262,39.389790000250734],[-76.35818099981479,39.390004999737094],[-76.35878099986442,39.390304999705464],[-76.35885399965935,39.390865000083245],[-76.35926899976104,39.39404599998353],[-76.35941199987617,39.394170000331854],[-76.35956199966401,39.39429599979939],[-76.35957400025788,39.39430700033165],[-76.36011300020814,39.39477800003702],[-76.36045799998965,39.39555299966499],[-76.36014599982009,39.39644600024945],[-76.36026200017105,39.397249000078986],[-76.36052099973884,39.39816800016862],[-76.36069800018915,39.39879600017869],[-76.36094900025932,39.39968299987346],[-76.36105499966621,39.4002549998215],[-76.36139699997297,39.40045400013438],[-76.36176600004391,39.40058199990654],[-76.3652209996784,39.40181400019321],[-76.36541499984715,39.40251999980522],[-76.36538800008296,39.40255000024006],[-76.36539899995363,39.40262400033187],[-76.3654690002738,39.40272800000935],[-76.36586400028402,39.403316000261036],[-76.36598099956157,39.40362000013762],[-76.36598099956157,39.40369900024028],[-76.36601200042205,39.40379999971402],[-76.36602699959232,39.40390300018813],[-76.36607099997326,39.40401400022549],[-76.36614600031635,39.40409100012886],[-76.36626900033998,39.40416999969802],[-76.36633200008917,39.404209000032196],[-76.36649799977053,39.40426199997086],[-76.36699200041326,39.40433500010854],[-76.3675089997239,39.404402999768706],[-76.36799099977273,39.40449299999279],[-76.36860400024115,39.40455899975938],[-76.3688820000755,39.40460399978525],[-76.36910499965825,39.4046299998487],[-76.3695220003081,39.40467899999527],[-76.37001000020472,39.40472900032185],[-76.37027299997047,39.40476499970182],[-76.37052400004062,39.404780000132114],[-76.37092900009658,39.40476400018203],[-76.37126300000742,39.404812000021266],[-76.37156000010833,39.40487800018005],[-76.3717750001935,39.404980999756226],[-76.37194099987485,39.40510200016915],[-76.37209400003573,39.40534099974843],[-76.37222999957984,39.40557599978204],[-76.37225200021948,39.405681000117035],[-76.37224200017373,39.405827000121825],[-76.37214000006648,39.40602599980725],[-76.37207200029441,39.406167000203304],[-76.37206600044662,39.40619900015015],[-76.37205999970053,39.40623599965825],[-76.37207099957119,39.40631500026808],[-76.37211699960194,39.40643299987895],[-76.3721550001351,39.406530000191886],[-76.37215400031016,39.40660400022537],[-76.37211499995212,39.406700000114306],[-76.37209700040877,39.4067340001879],[-76.37206600044662,39.40679300001083],[-76.37178900043719,39.407324000335585],[-76.37166999971319,39.40753600009665],[-76.37157500017695,39.407796999945276],[-76.37142299984099,39.408227999873155],[-76.37142799986385,39.40829599990191],[-76.37138600003105,39.40847599990286],[-76.37133800035049,39.40860199990472],[-76.37133699962726,39.40869200026242],[-76.37136599993958,39.40877799987871],[-76.37143600025978,39.40904400000599],[-76.3714739998946,39.40930099986181],[-76.37148999978814,39.40954000031986],[-76.37147700026766,39.409635000187286],[-76.37144700013043,39.40974700026658],[-76.37127300005315,39.41004800015212],[-76.37115000002952,39.41019199976474],[-76.37109099957998,39.41030400033749],[-76.37107200021171,39.41045699991817],[-76.37106999966358,39.4106010000742],[-76.37114400018174,39.410786999748886],[-76.3711900002125,39.41091799967343],[-76.37132699958151,39.41110500001354],[-76.37150099965878,39.41131300029258],[-76.37157500017695,39.41141800031791],[-76.37163200007835,39.41156899999776],[-76.37165499964458,39.41166499999187],[-76.37165399981966,39.41173300013911],[-76.37159400044352,39.4118649997865],[-76.37151099970454,39.41201300025071],[-76.37140899959728,39.412166999659235],[-76.37122299982444,39.4122789998357],[-76.37109200030318,39.41234200024628],[-76.37106200016596,39.41235500022481],[-76.37083100018728,39.412453000038],[-76.37071400001143,39.41248800018582],[-76.3706429998663,39.41252000000809],[-76.37060600005638,39.41256100004089],[-76.37057699974406,39.41263800022353],[-76.3705509998048,39.41271699982684],[-76.37046899978903,39.412898999714315],[-76.3703540001613,39.413107000193705],[-76.37024000035849,39.41326599972794],[-76.37019799962738,39.41341099972475],[-76.37023199996257,39.41350300029867],[-76.37029600043499,39.41357200012893],[-76.37037599990262,39.413672999878024],[-76.37039900036716,39.413754999951514],[-76.37041500026068,39.41409300008265],[-76.37041299971254,39.414283999851044],[-76.37040000019205,39.41436200028909],[-76.37035800035926,39.414429999887965],[-76.3703330002449,39.414489000139376],[-76.37026799994759,39.41453899967818],[-76.3702269999397,39.41473000030667],[-76.37019599997755,39.414843999974636],[-76.37017800043421,39.4149900002268],[-76.37019299960451,39.41512999978218],[-76.37020900039634,39.415225999731206],[-76.37025000040424,39.415290000317796],[-76.37034699959028,39.415515000232865],[-76.37035900018418,39.41554399987605],[-76.37039900036716,39.41564899977557],[-76.3704319999791,39.41578199969885],[-76.37050700032218,39.41589999994535],[-76.37053599973618,39.415964999966405],[-76.37058699978982,39.416065999718754],[-76.37069200027011,39.416167000018795],[-76.37071499983632,39.416217999791755],[-76.37069999976771,39.41627299972279],[-76.37064600023936,39.41636399994241],[-76.37063199999567,39.416500000026396],[-76.37065399973696,39.41657800006708],[-76.37072900008002,39.41665099980365],[-76.37078799963126,39.41668800001172],[-76.37090499980711,39.41675800020156],[-76.37094199961705,39.41677400017561],[-76.37117599996878,39.41686999994277],[-76.37146600039699,39.41698599965845],[-76.37157799965169,39.41706699996172],[-76.37166600041355,39.417163000019386],[-76.37173900020848,39.417297999898416],[-76.37177400036857,39.417359999904335],[-76.3717960001099,39.41751800011784],[-76.37179500028498,39.417650999945295],[-76.37179500028498,39.417814000327],[-76.37175900029996,39.417909000024515],[-76.37167499973606,39.41797600030314],[-76.37157699982677,39.4180600002197],[-76.37157600000187,39.41814700010088],[-76.37160500031418,39.41819699979204],[-76.37170800024634,39.4182279997491],[-76.3717960001099,39.41825899969236],[-76.37183600029287,39.41826799987477],[-76.37194500007281,39.418330999731275],[-76.37199799977626,39.41840699976875],[-76.37206200024868,39.418727000003855],[-76.37211300030229,39.4189419998247],[-76.37216600000573,39.41904500013983],[-76.37225200021948,39.41910899999619],[-76.3723380004332,39.41915799968381],[-76.37240399965712,39.41919399994226],[-76.37241899972574,39.41920199999716],[-76.37247700035036,39.41928499981863],[-76.37248300019814,39.419360000199426],[-76.37246499975649,39.41940499969516],[-76.372416000251,39.419532000073936],[-76.37233400023521,39.41963000020802],[-76.3723250000144,39.4196660002227],[-76.37231599979357,39.419710000215375],[-76.37232699966424,39.41976100017214],[-76.37236199982432,39.41981500008563],[-76.37237900044107,39.419881999920214],[-76.37238399956564,39.42004799992682],[-76.37243499961926,39.420228000122655],[-76.37248099965001,39.42031700005549],[-76.3725559999931,39.42038500009132],[-76.37260299984874,39.4204159997693],[-76.37265999975016,39.42044700012739],[-76.37267800019181,39.420483999708495],[-76.37267399999385,39.420533999805194],[-76.37266800014608,39.42059699969554],[-76.37266200029829,39.42066900009531],[-76.37270699960582,39.42084800009225],[-76.37278100012398,39.420932999999586],[-76.37283499965234,39.42100500005227],[-76.37286899998752,39.42111000005363],[-76.37287999985818,39.42115799974378],[-76.3729319997367,39.42119399966323],[-76.37301200010265,39.42121299994089],[-76.37309499994333,39.42120800005094],[-76.37316400043862,39.42120400013874],[-76.37322100034004,39.42123900005684],[-76.37327200039365,39.42128299975048],[-76.37333099994488,39.42133299996797],[-76.37349300032659,39.42141799997783],[-76.37351900026587,39.42143200032054],[-76.37359600025876,39.42151200034151],[-76.37361600035024,39.42153299978527],[-76.37376600013808,39.42157200012343],[-76.37380600032105,39.42157000017781],[-76.37387599974292,39.421553999916725],[-76.3739080004283,39.42156299967368],[-76.3739729998273,39.42159800010547],[-76.37401200018537,39.42164200026644],[-76.37403099955364,39.421670000165165],[-76.37404999982019,39.42172000010505],[-76.3740570003912,39.42175199985343],[-76.37404599962223,39.421905999955015],[-76.37403599957649,39.421933999747694],[-76.3739729998273,39.422092000002635],[-76.37395100008601,39.422168000103085],[-76.37395699993378,39.422202000267276],[-76.37396399960647,39.42223599972093],[-76.37398399969796,39.42227499966573],[-76.37401100036045,39.42230699985325],[-76.37405499984307,39.422341999911424],[-76.37411099991957,39.42237500002944],[-76.3741770000418,39.42241199997498],[-76.3743250001798,39.422474000289846],[-76.37441300004335,39.42251899985704],[-76.3745500003107,39.42259400022767],[-76.37477399971837,39.42263999967486],[-76.37483499981775,39.42266499999529],[-76.37496700006221,39.42273199986608],[-76.37500899989502,39.42277000027164],[-76.37502999981142,39.42282599984545],[-76.37505300027594,39.42288499993018],[-76.3750719996442,39.42305099972419],[-76.37509599993366,39.423162999763136],[-76.37514100013951,39.42322700000195],[-76.37517899977432,39.42327500031598],[-76.37523200037609,39.423307000044375],[-76.37530000014816,39.42334999987314],[-76.37537499959292,39.423373000044954],[-76.3754230001718,39.42340499972835],[-76.3754719996773,39.423438999983034],[-76.37549599996674,39.423488000096405],[-76.37551600005823,39.423530999813444],[-76.3755350003248,39.42356500000666],[-76.37555299986815,39.42357500014199],[-76.37560999976957,39.42361200014437],[-76.37566800039419,39.42363099976293],[-76.37577999964887,39.42368200032028],[-76.37586400021279,39.42373899979698],[-76.37592899961179,39.42377100000626],[-76.37599100043437,39.42378599981735],[-76.37611399955972,39.423781000111966],[-76.37625699967485,39.423759000016204],[-76.37633700004078,39.42374899990734],[-76.37642599972924,39.42373300014642],[-76.37648699982861,39.42373300014642],[-76.37653100020955,39.42376299978182],[-76.37661099967717,39.42383800020164],[-76.37669600006599,39.42390199982061],[-76.3767889999524,39.42395200024103],[-76.37690000028049,39.42397400027588],[-76.376992000342,39.423983999658574],[-76.3770490002434,39.423981999782164],[-76.37708299968028,39.423999000117796],[-76.3771699997189,39.42410099996277],[-76.37720099968107,39.42413499987786],[-76.37725900030568,39.42416599996971],[-76.3773229998798,39.424188999872285],[-76.37737200028359,39.42419400024232],[-76.37745099992631,39.42423499965462],[-76.37761300030802,39.42432799975538],[-76.3777530000501,39.42441500014022],[-76.37802000001379,39.424519999861815],[-76.37816599960367,39.424576000111244],[-76.37831299991676,39.42459799994911],[-76.37846000022985,39.42462099970912],[-76.37860300034497,39.42463899981767],[-76.37879400014067,39.42464300022665],[-76.3790769999979,39.42464300022665],[-76.37917900010515,39.42466500004337],[-76.3792390003796,39.42470899965598],[-76.37933100044111,39.4247500001531],[-76.37941199973366,39.4247500001531],[-76.37948600025182,39.42473399992812],[-76.37957999996316,39.42468599992501],[-76.37981099994182,39.42459099974912],[-76.3799280001177,39.42455099978241],[-76.37997800034641,39.424543000341444],[-76.3800760002557,39.42456799997926],[-76.38014400002777,39.42459899987851],[-76.38021000015,39.42469100025938],[-76.38031999975486,39.424817000101235],[-76.38038099985422,39.42494400033365],[-76.38041299964128,39.42511600030677],[-76.38044500032666,39.42538800005938],[-76.38043699993072,39.4255540001368],[-76.38041099999145,39.425711999818105],[-76.38039199972489,39.42578199996649],[-76.380358000288,39.425852999955865],[-76.38032599960263,39.42595699968274],[-76.38020400030221,39.42635699996145],[-76.38013399998202,39.426640000017336],[-76.38006399966183,39.42685899999754],[-76.3800190003543,39.4271759999158],[-76.38002400037716,39.427353000074575],[-76.38008999960108,39.427710999970124],[-76.38016400011924,39.42789300026236],[-76.38020799960186,39.42806499989582],[-76.38018900023361,39.42820399968067],[-76.38018300038581,39.42835200015026],[-76.38020599995203,39.428686000101656],[-76.3802739997241,39.42889899999709],[-76.38039799957266,39.42901200021802],[-76.38048799998435,39.42905599986151],[-76.38065000036606,39.42911100007061],[-76.38084000033685,39.42921800007556],[-76.38093599969801,39.42932900005621],[-76.3809769997059,39.42940800017231],[-76.38098299955367,39.42945399997902],[-76.3809769997059,39.4294999997554],[-76.38068499962785,39.42989899996572],[-76.38033099962551,39.43032999994568],[-76.37970399981171,39.43111200022299],[-76.37914899996792,39.43172299998123],[-76.3789210003623,39.431902999859204],[-76.37883099995061,39.43197300003306],[-76.37866299972113,39.43212100012951],[-76.37849700003977,39.43232399966606],[-76.37841000000113,39.43242800014288],[-76.37833100035841,39.432546999777465],[-76.37827299973378,39.43265700019176],[-76.37795200024173,39.43355199982007],[-76.37783500006586,39.43385899977233],[-76.37778499983715,39.43406400007648],[-76.37763199967628,39.43440200024901],[-76.37752999956903,39.4346119999655],[-76.37743900023074,39.43478100031503],[-76.37735200019212,39.43488000029653],[-76.37725599993263,39.43497999991774],[-76.37717100044213,39.43514500026252],[-76.37715200017557,39.43522199978088],[-76.37717499974178,39.43529599988654],[-76.3772109997268,39.43533800017407],[-76.3772330003664,39.43534599976346],[-76.37729199991765,39.435412000156575],[-76.37731500038217,39.435477000020036],[-76.37733600029857,39.43559999977727],[-76.37752899974411,39.4359770000379],[-76.37756399990423,39.436068000201864],[-76.37763699969915,39.43617400016674],[-76.37767199985925,39.43624799995497],[-76.37799499989943,39.436748999744474],[-76.37815800010607,39.437051000037314],[-76.37827399955869,39.437147000320266],[-76.37830700006899,39.437175999982216],[-76.37890799994351,39.43755899988762],[-76.37939099981726,39.437944999675956],[-76.37949100027468,39.43805400015639],[-76.37954399997814,39.43816200003772],[-76.37957999996316,39.43823400032808],[-76.3795690000925,39.438362999852814],[-76.37953899995526,39.43849699986985],[-76.37948100022895,39.438639000227866],[-76.37944199987089,39.438789000184215],[-76.37939900021318,39.439138999751144],[-76.37933200026603,39.439811000316936],[-76.37929899975576,39.44013300019837],[-76.37926500031888,39.44045400027691],[-76.37930899980151,39.44062800021346],[-76.37941599993162,39.44083000024042],[-76.37952399988666,39.441021999970296],[-76.37980500009405,39.44150100006761],[-76.3798860002849,39.44175800027547],[-76.37995099968391,39.44224899975007],[-76.37996499992762,39.44274100028853],[-76.37995099968391,39.443268000079634],[-76.37989399978251,39.44347499976111],[-76.37982799966028,39.443658999809394],[-76.37981699978963,39.44381599971127],[-76.37977800032985,39.44405800009521],[-76.37968399972021,39.44427799977759],[-76.37963799968946,39.44436399988703],[-76.37949799994739,39.444512999663885],[-76.37933200026603,39.44461100004639],[-76.37922099993796,39.4446960001037],[-76.37910100028735,39.44486199996532],[-76.37893399988278,39.44521499982683],[-76.37890799994351,39.4453480002106],[-76.37890899976843,39.445371000058216],[-76.3789210003623,39.44539399989828],[-76.37894599957833,39.44542700019834],[-76.37898900013435,39.44546800029717],[-76.37918499995294,39.44563199975737],[-76.37949499957433,39.445949999902744],[-76.37967299984956,39.44605000028096],[-76.37988200008694,39.446144000019956],[-76.38007000040791,39.4462220001794],[-76.3803859998771,39.44640599990691],[-76.38048200013657,39.44651900017346],[-76.38059500011447,39.44672000015144],[-76.38067100028246,39.44686400030701],[-76.38082400044333,39.447056999658294],[-76.38094699956866,39.4471980003019],[-76.38111599962306,39.44736500004542],[-76.38114800030841,39.44745299970763],[-76.38116599985179,39.4474990000859],[-76.38116699967668,39.44756500006281],[-76.38111999982102,39.44767200016576],[-76.38106299991962,39.44780600030911],[-76.38105799989674,39.44791899969125],[-76.38105100022405,39.44799899982431],[-76.38108200018618,39.44820299985176],[-76.38112900004185,39.44832799989973],[-76.3811819997453,39.44839899980488],[-76.3812520000655,39.448450000268444],[-76.38140799970111,39.44853799994688],[-76.38160900044089,39.44866399967115],[-76.38186200016087,39.44888799977416],[-76.38230200037691,39.44931199970565],[-76.38239899956298,39.449402000216146],[-76.38254900024914,39.44955100031243],[-76.3826940000141,39.449700999658916],[-76.38273900021993,39.44978500017846],[-76.3828229998855,39.44991399981284],[-76.3828570002207,39.45002300029087],[-76.38288999983266,39.450127000008806],[-76.38292099979479,39.45020799994167],[-76.38301399968122,39.45032999979109],[-76.38307499978059,39.4503849998523],[-76.383251000406,39.450441999680756],[-76.38351400017173,39.45051800007301],[-76.38376100004393,39.450616000328644],[-76.38387499984675,39.450637000018666],[-76.38406399999265,39.45073399985889],[-76.3842230000013,39.450825000165324],[-76.38429300032149,39.45087999983557],[-76.38435299969765,39.45098199986565],[-76.38443200023866,39.45104499997281],[-76.38489699967079,39.45125299966857],[-76.385948999632,39.45156900003152],[-76.38626599982442,39.45162600027796],[-76.38647000003893,39.451661999715945],[-76.38688199976755,39.45178099978729],[-76.38701499983695,39.451864000340315],[-76.38711100009641,39.45196099985841],[-76.3872230002494,39.45215300011502],[-76.38736800001436,39.45231099982065],[-76.3875739998787,39.45256899989507],[-76.38785400026119,39.452937000002876],[-76.38797499973667,39.45303599984308],[-76.38808699988968,39.4530979999586],[-76.38831799986836,39.45314800023528],[-76.38850799983915,39.453168999855265],[-76.38856100044092,39.45318899994986],[-76.3885809996341,39.45321499992553],[-76.3886159997942,39.45328200024483],[-76.38868000026662,39.45342000014041],[-76.3887289997721,39.45358799973453],[-76.38876200028237,39.4536880002418],[-76.3887570002595,39.45376799998932],[-76.38873799999293,39.45380700031841],[-76.38861699961909,39.453995000228986],[-76.38839499986125,39.45431500003084],[-76.38829699995196,39.454440999705234],[-76.388180999601,39.454540999680894],[-76.38805599992754,39.454628999984585],[-76.38771799981873,39.454849999752284],[-76.38747500014449,39.45501400000523],[-76.3873139995877,39.45510199971101],[-76.38713600021077,39.45518400028258],[-76.38691799975257,39.45526600006392],[-76.38674899969818,39.45534899993032],[-76.38661900000184,39.45541200024753],[-76.38653899963589,39.4554690001221],[-76.38648299955939,39.45553699983842],[-76.38639899989381,39.45566000023777],[-76.38634700001526,39.45581700013284],[-76.38634399964222,39.455829000150004],[-76.38628799956574,39.45598599966399],[-76.38625499995376,39.45617799991806],[-76.38629099993877,39.4564999997262],[-76.38634100016748,39.45677199971329],[-76.38633199994666,39.457374999974924],[-76.38633100012174,39.457697999942795],[-76.3863350003197,39.45784299973514],[-76.38629500013673,39.45797299984224],[-76.38620200025032,39.45832300009761],[-76.38615899969429,39.458485999661484],[-76.3861660002653,39.458556000169786],[-76.38620300007521,39.45865500034235],[-76.38624800028107,39.45872299972079],[-76.38636100025897,39.45892000001342],[-76.38645900016826,39.4591449998451],[-76.38652000026764,39.45924399987359],[-76.38654700003181,39.45932799997647],[-76.38657100032125,39.45942400006899],[-76.38659200023766,39.459535999894015],[-76.38659300006256,39.459637999726496],[-76.38661200032912,39.4596660003071],[-76.38664400011619,39.45968800016091],[-76.38669699981965,39.45970500010623],[-76.38678200020844,39.45974000010303],[-76.38689600001126,39.45976599971274],[-76.38697200017926,39.459777999742734],[-76.38703199955539,39.459777999742734],[-76.38712199996708,39.459769000067205],[-76.38719800013507,39.45975599991736],[-76.38727000010509,39.45974000010303],[-76.38742300026597,39.45969799996605],[-76.38748099999228,39.4596650001875],[-76.38753299987081,39.45962699979253],[-76.38765000004666,39.459535999894015],[-76.38775600035189,39.45947500008595],[-76.38785699973592,39.45943600015794],[-76.38795399982031,39.459419000146916],[-76.38804199968385,39.45940900030169],[-76.38818300014914,39.45940700005503],[-76.3884819998999,39.459435000035036],[-76.38866799967272,39.45946900004512],[-76.3888619998415,39.45951899990741],[-76.38909399964507,39.45956899973378],[-76.38936099960878,39.459623000005266],[-76.38947199993684,39.45963899984649],[-76.38959900015846,39.459643999752764],[-76.38972999967972,39.459643999752764],[-76.38993899991708,39.45964599999261],[-76.39003799965128,39.459648999658675],[-76.39015400000224,39.4596619998285],[-76.39023199982005,39.45968599992227],[-76.39027399965285,39.45970700034434],[-76.39043199983658,39.459816000055255],[-76.39050600035475,39.459885999919564],[-76.3905730003019,39.4599480001765],[-76.39061199976166,39.46001400014332],[-76.39063500022618,39.460107000337025],[-76.39064500027192,39.46026899977373],[-76.39069799997537,39.46058500013285],[-76.3907349997853,39.460638000204035],[-76.39080900030346,39.46069200033973],[-76.39086700002977,39.46073700018967],[-76.39088799994616,39.460773999874895],[-76.39089499961887,39.46079899968858],[-76.39089299996904,39.460834999931635],[-76.39089399979395,39.46097599972172],[-76.39091200023562,39.461083000021084],[-76.39091499971035,39.46110400002166],[-76.39092999977896,39.46116699998526],[-76.39095599971823,39.461204000135474],[-76.39098599985545,39.46122799969755],[-76.39103400043436,39.461256000332135],[-76.39108299993984,39.461286999857364],[-76.3911430002143,39.46133899999196],[-76.39121299963618,39.46143099970812],[-76.39152599963063,39.46188899975738],[-76.39164000033176,39.46200199986326],[-76.39171200030178,39.46212800018846],[-76.39176500000522,39.462296000267244],[-76.39177599987589,39.46246700017866],[-76.3915030000644,39.463063999921516],[-76.3914240004217,39.46326000034338],[-76.39140500015512,39.4634050003391],[-76.39140299960698,39.46357699966975],[-76.39141900039883,39.46370800022554],[-76.39146299988143,39.46386900023732],[-76.39151399993507,39.464013999657794],[-76.39168800001234,39.464532000280755],[-76.39209600044133,39.46516300034386],[-76.39233200044289,39.4654300002767],[-76.39251300019286,39.46565099973455],[-76.3926079997291,39.465791000138886],[-76.39275199966914,39.465982999700344],[-76.39293599979216,39.46612600021066],[-76.39325200015963,39.466333999924046],[-76.3935090000776,39.4664759996913],[-76.39389999988985,39.46666900015581],[-76.39410099973131,39.466807999882136],[-76.39423899982357,39.46692100032311],[-76.3943400001059,39.46702999983205],[-76.39446099958141,39.46726499990388],[-76.39449200044186,39.46738300034007],[-76.39454799962004,39.46751099995225],[-76.39466700034406,39.46765400009654],[-76.39487099966024,39.46787100011303],[-76.39514099999697,39.46806300017697],[-76.39535500025723,39.46822599981543],[-76.39553799965702,39.468301000214296],[-76.39588300033682,39.468355999946894],[-76.39628300036992,39.46840599966607],[-76.39655899965612,39.46843000021198],[-76.39760899996753,39.46843000021198],[-76.39827900033735,39.46842500024341],[-76.398803000219,39.46846599997514],[-76.3990840004264,39.46850999966032],[-76.39931100020712,39.468529000209266],[-76.39949799980486,39.46858399976164],[-76.39982099984503,39.4686980000823],[-76.39996399996018,39.46878699981355],[-76.4003170001376,39.469070000158126],[-76.40052300000194,39.469264000344445],[-76.4007039997519,39.46946299988423],[-76.40095399999714,39.46981899975988],[-76.40118499997583,39.470333000301714],[-76.40124600007519,39.47057200016569],[-76.40137199957357,39.470823000108055],[-76.40140799955859,39.47099399987071],[-76.40139000001524,39.471571000307435],[-76.40138900019032,39.47180199982481],[-76.40139699968793,39.47196199989043],[-76.40149700014537,39.472252000068416],[-76.40157699961298,39.47246699974289],[-76.40164000026049,39.47257600027225],[-76.40174099964452,39.47267799971599],[-76.40182299966028,39.47274200022874],[-76.40198699969181,39.47283500005637],[-76.40227600029513,39.47296300004076],[-76.40237000000646,39.47301800024883],[-76.40242799973278,39.47305500033913],[-76.40248899983216,39.47309600011638],[-76.40269200022173,39.47328499985946],[-76.4028799996444,39.47337000027363],[-76.40324799989044,39.47348500030155],[-76.40353099974764,39.47354299985764],[-76.40378900038881,39.47358699979943],[-76.40396000009305,39.473618999991785],[-76.40425100034618,39.47371200003391],[-76.40472900019707,39.47396000000071],[-76.40489200040369,39.474016000027405],[-76.4050060002065,39.474027999680594],[-76.40517199988787,39.47399100010771],[-76.40528800023883,39.47394300007035],[-76.4054210003082,39.473859000271894],[-76.40557699994382,39.4736739996813],[-76.40582399981602,39.47320299981018],[-76.40605200031997,39.47284400012256],[-76.40620399975761,39.4725709999082],[-76.40628300029866,39.47238200030576],[-76.40631099988774,39.472162999915184],[-76.40632699978126,39.472083999753934],[-76.4064139998199,39.47200099973364],[-76.4066599998672,39.47189500021545],[-76.40689800041687,39.47185299978598],[-76.40715199996178,39.4718409997577],[-76.40734699995545,39.471860000090444],[-76.4075610002157,39.471926999799194],[-76.40779800004215,39.472053000184054],[-76.40790799964701,39.47212799992506],[-76.4080189999751,39.47224299992565],[-76.40808199972429,39.47234699973235],[-76.40811000021169,39.47247499992116],[-76.40810099999086,39.47262699966611],[-76.40797600031739,39.473075000267286],[-76.40790099997432,39.47333400027404],[-76.40781200028587,39.47368500016867],[-76.4077739997527,39.47425299990149],[-76.40780399988995,39.474552999988624],[-76.40784599972272,39.474662000023486],[-76.4079069998221,39.47477500019102],[-76.40796799992147,39.474849999771344],[-76.40802999984575,39.4749829997066],[-76.40809500014308,39.47535699994471],[-76.40807900024954,39.475532999809744],[-76.40806400018094,39.4756849998076],[-76.40804200043962,39.475785999658974],[-76.40804400008946,39.47601400008883],[-76.40805900015808,39.47606200008409],[-76.40810000016594,39.476116999922404],[-76.4082309996872,39.47625899983335],[-76.40828299956574,39.476325000279246],[-76.40833100014463,39.47640100014784],[-76.408504000397,39.47645399996143],[-76.40869099999475,39.47651099993828],[-76.40875200009411,39.47656899974517],[-76.40884699963034,39.47664300028928],[-76.40891699995056,39.47665699993361],[-76.40906300043874,39.47668200028201],[-76.4091889999371,39.47669199972548],[-76.40929400041742,39.47669599991849],[-76.40946799959636,39.4767009999861],[-76.40963400017603,39.47670500017859],[-76.40971199999385,39.47671500031217],[-76.40978499978878,39.47674300026239],[-76.4098569997588,39.47679699968883],[-76.40995100036844,39.47692900019058],[-76.4100049998968,39.47708400021302],[-76.4100180003156,39.47716900014584],[-76.41001199956949,39.477351000166614],[-76.41001499994256,39.47746599985419],[-76.41004500007978,39.47753000012254],[-76.41008400043783,39.47763500020776],[-76.41014200016414,39.4777229997411],[-76.41026600001271,39.47797699980253],[-76.4103770003408,39.478143000045776],[-76.4104979998163,39.47827299967568],[-76.41060199957337,39.478350999891724],[-76.41070600022877,39.478401999905685],[-76.41087399955994,39.47846400030733],[-76.41107000027685,39.4785119999988],[-76.41119199957727,39.47852900019936],[-76.41150000044715,39.47854400000581],[-76.4119270002444,39.47851699993583],[-76.41213700030669,39.47849700018545],[-76.41254599966229,39.478401999905685],[-76.41357900025528,39.47827299967568],[-76.41387100033333,39.47823700013319],[-76.41398900033411,39.47825100015011],[-76.41437500012348,39.47826100006139],[-76.4145450000028,39.47825500025346],[-76.41525899985523,39.47816000033657],[-76.41567300013203,39.478139999790095],[-76.41580399965326,39.47814399989988],[-76.4162770003796,39.478176999929815],[-76.41650699963505,39.478203000278526],[-76.41653500012245,39.478204999984946],[-76.41663499968156,39.478246000193906],[-76.41668699956011,39.47827299967568],[-76.41673000011613,39.47830700018951],[-76.41685800016265,39.47842999987024],[-76.41698299983614,39.47865499972113],[-76.41704200028568,39.47870499966618],[-76.41727599973909,39.47885300029137],[-76.41737399964838,39.47888900020844],[-76.41751099991572,39.47891600013402],[-76.41766499990152,39.478929000171476],[-76.41774199989442,39.47892500010689],[-76.41792000016963,39.47887899969407],[-76.41814799977526,39.478779000018136],[-76.41824300020981,39.478721999819605],[-76.41857200009778,39.47845100018297],[-76.41866699963403,39.47835699969137],[-76.41871100001497,39.4782890000827],[-76.41874699999998,39.478156000227756],[-76.41877200011434,39.478008000199665],[-76.41879899987852,39.47796900025696],[-76.41885300030519,39.477947999798715],[-76.41894199999366,39.47793500027131],[-76.41913199996445,39.47794500022802],[-76.41937200016396,39.4779709999701],[-76.41949799966234,39.47800199967652],[-76.41956899980745,39.478028000090646],[-76.4198819998019,39.47813700022768],[-76.4200580004273,39.478189000251945],[-76.42016499965912,39.47820800023782],[-76.4202190000858,39.47820400013172],[-76.42044099984363,39.47814600030134],[-76.42058999980654,39.47812599975089],[-76.42063900021036,39.47812900000717],[-76.4206569997537,39.478139999790095],[-76.42071799985307,39.47825600010595],[-76.42087900040988,39.47835800023573],[-76.42089600012831,39.47841400018905],[-76.42090500034912,39.47844299999853],[-76.42092700009044,39.47848599976554],[-76.42104099989326,39.47868999989444],[-76.42108799974893,39.47879500030875],[-76.4210929997718,39.47880400029727],[-76.42117099958959,39.4789520000185],[-76.42136300010854,39.47929499990918],[-76.42151299989636,39.47949399987907],[-76.42166500023232,39.479687000288536],[-76.42184400033247,39.479893000019764],[-76.42192399980011,39.479965000145455],[-76.42203400030327,39.480023999672916],[-76.42217300022044,39.48004399967761],[-76.42239199960524,39.48010500017649],[-76.42251800000193,39.4801779999076],[-76.42267199998773,39.48035400005546],[-76.42270600032292,39.48040999978849],[-76.42270999962257,39.480474999942125],[-76.42265899956892,39.48056700001304],[-76.42267500036078,39.48064200028229],[-76.42277200044515,39.48078600029513],[-76.42287700002714,39.48088699967372],[-76.4230219997921,39.480966000238716],[-76.4232119997629,39.48103799994698],[-76.42348999959724,39.48109900026752],[-76.4238389995767,39.48112900015543],[-76.42414300024863,39.48111999977438],[-76.42452700038818,39.48110400001859],[-76.42480000019967,39.48114899984244],[-76.42489999975878,39.481200999695005],[-76.42516599989754,39.48134499993724],[-76.42533599977686,39.481463999873945],[-76.42538500018067,39.481499000020506],[-76.42556500010572,39.481644999946575],[-76.42563500042593,39.48176499986535],[-76.425663000015,39.48188699987094],[-76.42572499993929,39.48198799973073],[-76.42582899969636,39.48222399968936],[-76.42586600040461,39.48232399995911],[-76.42586800005442,39.482474999885945],[-76.42584700013803,39.48259199969565],[-76.42580799977996,39.4826850002218],[-76.42576199974921,39.482732999773724],[-76.42569499980206,39.482767999974975],[-76.42560899958833,39.48284500021715],[-76.4255919998699,39.48289700018837],[-76.42557900034943,39.482981000166454],[-76.42558199982416,39.483064000259716],[-76.42561100013647,39.48316799983582],[-76.42570900004577,39.48334900032719],[-76.42579000023662,39.483459000223334],[-76.42586499968137,39.4835160000065],[-76.42608399996449,39.48370600033307],[-76.42615000008672,39.48381400011946],[-76.42620199996527,39.48402399987873],[-76.42629400002679,39.48429299976329],[-76.42661200004409,39.484654000205175],[-76.42684999969548,39.48499999966885],[-76.4270000003816,39.48522100005648],[-76.42716799971278,39.48532600031764],[-76.42739899969148,39.48544399993333],[-76.42748699955501,39.4855899998975],[-76.42748599973011,39.485699999715514],[-76.42745999979083,39.48580100027761],[-76.42749400012603,39.48618099971211],[-76.42763100039338,39.4865360002725],[-76.42770599983814,39.486684000179835],[-76.42786200037204,39.48682500028105],[-76.42811400026713,39.48698400003746],[-76.42833600002497,39.487213000229396],[-76.42848499998789,39.48744899978945],[-76.42859899979072,39.48771900000764],[-76.42877500041612,39.488043999983965],[-76.42890699976228,39.488209999771875],[-76.42923599965025,39.48829499997344],[-76.42957999960686,39.48826899993094],[-76.43000800012734,39.48820200001667],[-76.43071299975895,39.488149999852496],[-76.43119099960983,39.4881039999948],[-76.43150399960427,39.488008999664856],[-76.43217300014919,39.48786700017027],[-76.43248500031872,39.487896000198056],[-76.43289000037467,39.48796699995196],[-76.43307399959937,39.48804800021738],[-76.43311399978235,39.48826800022244],[-76.43312100035337,39.48854400034108],[-76.43310000043695,39.48897200013672],[-76.43313600042197,39.48949000004589],[-76.43324799967665,39.48987699999702],[-76.43337900009621,39.490250999875386],[-76.43350999961746,39.4906450002442],[-76.43354300012774,39.49101799978879],[-76.43353100043217,39.49128699965508],[-76.4334839996782,39.4914659997935],[-76.43352499968607,39.491643000151086],[-76.43360699970185,39.49181899970737],[-76.43371399983197,39.49191100002284],[-76.43372100040298,39.49207799993789],[-76.43370299996131,39.492199000223415],[-76.43361500009776,39.4923189999549],[-76.43341599990613,39.49239200003682],[-76.43322500011043,39.49242399989667],[-76.43300900020036,39.49241700027521],[-76.43284500016883,39.49239600002011],[-76.43247400044807,39.492225999834474],[-76.43225900036292,39.4921379999339],[-76.43210299982898,39.49216399991611],[-76.431998000247,39.49224399980037],[-76.43187600004826,39.49243100021062],[-76.43183099984243,39.49261800011789],[-76.43181099975094,39.49293100021625],[-76.43181800032195,39.49315899990131],[-76.43186000015474,39.49330700026962],[-76.43197099958451,39.493408000180885],[-76.43219400006558,39.49371000009708],[-76.4322440002943,39.493878000171236],[-76.43219999991338,39.494025000076405],[-76.432138999814,39.49412500001342],[-76.43180800027622,39.4944310001473],[-76.43137300008303,39.494716999688976],[-76.43118999978492,39.49484399999777],[-76.43104900021791,39.49496599993401],[-76.43084900020138,39.495126000094054],[-76.43074500044429,39.495206000035985],[-76.43062200042066,39.49540599983458],[-76.43044199959729,39.495732999822124],[-76.43019399990017,39.4964560002552],[-76.43014799986942,39.49683699996609],[-76.43008099992227,39.49698099971697],[-76.42989799962416,39.497134999832895],[-76.429610999569,39.49730100009791],[-76.4290909998853,39.49740499986987],[-76.42880499965503,39.49749799999406],[-76.4286399997986,39.49763699981356],[-76.42862100043034,39.497798000329254],[-76.42867900015666,39.49807299978793],[-76.42875600014955,39.498261000026865],[-76.42884599966293,39.49837500023384],[-76.42900100037194,39.49846299986444],[-76.42926800033563,39.49857100029854],[-76.42974199998855,39.49876800006128],[-76.42988000008083,39.4988760000215],[-76.42995700007371,39.498975999912034],[-76.42995500042389,39.499183999833555],[-76.42990199982212,39.499365000225225],[-76.42982599965414,39.49962500030766],[-76.4295339995761,39.499927999789826],[-76.42901700026546,39.50036599971245],[-76.42865300021738,39.50074700017302],[-76.42835799976629,39.50099800005027],[-76.42805700036571,39.50143799989294],[-76.42791800044856,39.50172000027137],[-76.42788400011337,39.50189499975632],[-76.42794100001477,39.50203099987565],[-76.42806999988619,39.50217200004452],[-76.42822399987199,39.50227799986023],[-76.4285209999729,39.502398999720356],[-76.42896899968657,39.502556999707494],[-76.42928099985609,39.50264199969679],[-76.42941200027568,39.50280100001733],[-76.4294859998955,39.50309099983947],[-76.42951299965969,39.50331299974604],[-76.4294929995682,39.50343399988362],[-76.42945300028356,39.50369800001955],[-76.42942999981902,39.5038350002541],[-76.42941800012346,39.50390599967239],[-76.4293930000091,39.50405999969404],[-76.42935100017631,39.504248999852805],[-76.42933899958241,39.50429900010954],[-76.4295339995761,39.50441499976262],[-76.42965499994993,39.50448599997463],[-76.4297529998592,39.50455099980243],[-76.42985999998932,39.504634999959066],[-76.42991600006582,39.50466799989382],[-76.42998300001297,39.50471399988176],[-76.43002800021883,39.504743999978],[-76.43011600008236,39.50480500029548],[-76.4309060001028,39.505345000032484],[-76.43185400030697,39.505875999782894],[-76.43221400015706,39.50661600032709],[-76.4323999999299,39.50654099965669],[-76.43289000037467,39.50625900012675],[-76.43303699978945,39.506146999971335],[-76.43304099998741,39.5061590003184],[-76.43328100018692,39.506048000147764],[-76.43355900002126,39.50566799978844],[-76.43387000036589,39.50524299998002],[-76.43393599958982,39.50523100016788],[-76.43467600027985,39.504985999911135],[-76.43498500007631,39.50480299996777],[-76.43550300011019,39.50440200033097],[-76.4357640002261,39.5039649996805],[-76.43580000021112,39.50375499984638],[-76.43580600005889,39.503156999773374],[-76.4359540001969,39.502543999928356],[-76.43625700014559,39.50218199998177],[-76.43651700043658,39.50198200027105],[-76.43698000021887,39.501964000053974],[-76.43755799962886,39.50217900007006],[-76.43814900035596,39.50248299970565],[-76.43874600003255,39.50269700000136],[-76.43964300018308,39.50284200028071],[-76.44013600010258,39.502954999715065],[-76.4406230001743,39.50318900022288],[-76.44112799978937,39.503523999711824],[-76.44159399994469,39.503878999745936],[-76.44209699990995,39.504443999818925],[-76.44260099970009,39.50489999985386],[-76.44296999977104,39.505204000063095],[-76.44345099999497,39.5053680001527],[-76.4440090002118,39.50559200002167],[-76.44453999976614,39.50593699979982],[-76.44523799972507,39.50654400007323],[-76.44573499984251,39.50703999992383],[-76.44608999966974,39.50729999971114],[-76.4464019998393,39.507457000212575],[-76.44669599956717,39.507609999865494],[-76.4468959995837,39.50774400034027],[-76.44704899974458,39.5078539997611],[-76.44736299956394,39.508181000098325],[-76.4475219995726,39.50827800012072],[-76.4477819998636,39.50840700013368],[-76.44797000018457,39.50845800028225],[-76.44848200037065,39.508457000170985],[-76.44882499960401,39.508408000245666],[-76.44964599958656,39.50820299985804],[-76.45053000021662,39.50792899970738],[-76.45079700018032,39.50782499974165],[-76.45126900018342,39.507598999892636],[-76.45173199996569,39.50727100015359],[-76.45226400024326,39.506773999737085],[-76.45241200038126,39.50668799981326],[-76.45255999962096,39.50670299978346],[-76.45266900029922,39.506758000339595],[-76.45288100001133,39.506885000134204],[-76.45298700031653,39.506905000037044],[-76.453260000128,39.50685900011328],[-76.45356700027467,39.506874000046565],[-76.45392399975174,39.50701799979585],[-76.45427100008136,39.50717000028564],[-76.45470000042677,39.507456000086904],[-76.45511499963015,39.50773800030385],[-76.45543799967034,39.50794099974671],[-76.455744999817,39.50804799989035],[-76.45599900026022,39.508092000180135],[-76.4564279997073,39.50815800021607],[-76.45665700003616,39.508149999984],[-76.45683500031139,39.50807699981673],[-76.45700199981766,39.50793699996484],[-76.45735900019302,39.50765499986241],[-76.45764700007311,39.50753199989426],[-76.45814500001549,39.507410999961124],[-76.45882399970783,39.507262999819446],[-76.45927099959657,39.50719700031961],[-76.4592940000611,39.50719500006072],[-76.45944499967385,39.50718199976295],[-76.45960200003267,39.507204999968245],[-76.45983800003424,39.50729099994534],[-76.46003200020299,39.507418000152],[-76.46013699978498,39.507534000143394],[-76.46021899980074,39.50764799969535],[-76.46023999971715,39.5077809999759],[-76.46023899989224,39.507882000341944],[-76.46019500040961,39.50803300021049],[-76.46015699987646,39.50817000021585],[-76.46010300034811,39.508471000341345],[-76.46004399989856,39.508820000111655],[-76.45994199979131,39.50923600001426],[-76.45985800012572,39.509509999862495],[-76.4598780002172,39.50975400001676],[-76.45990400015647,39.51001600022261],[-76.45997100010362,39.51024199983393],[-76.46008900010439,39.51049899986949],[-76.46021100030315,39.51064800012893],[-76.46043399988591,39.51075200002763],[-76.4605820000239,39.51079499991362],[-76.46086700042926,39.51080299984115],[-76.46108400016425,39.51091099981174],[-76.4612509996705,39.51105099990888],[-76.46132099999069,39.511142999720086],[-76.46148800039528,39.51150700024949],[-76.46155699999227,39.511645999773314],[-76.46178499959788,39.5117500002573],[-76.4620390000411,39.51182700028208],[-76.46219499967671,39.511948000148635],[-76.46228199971534,39.51210399979155],[-76.46252000026504,39.51234599973512],[-76.46274399967271,39.512486999766075],[-76.46288000011515,39.512520000130095],[-76.46309299965215,39.51251000029449],[-76.46325099983592,39.51251099965437],[-76.46337200020973,39.51246700008382],[-76.46348299963951,39.51238599985654],[-76.46365800043999,39.51234200020683],[-76.46389000024361,39.51232700006789],[-76.46423099982714,39.51232299984545],[-76.46448500027034,39.512357000342575],[-76.46473299996747,39.51243799991066],[-76.46508000029709,39.512648999890715],[-76.46549600022371,39.51285799982719],[-76.46576200036247,39.51295400020405],[-76.46592899986875,39.51304600026745],[-76.46618400013688,39.51319900008804],[-76.46634099959739,39.51327299976713],[-76.46649100028354,39.513288999743594],[-76.46663100002563,39.51327599989297],[-76.46668999957684,39.51323400019897],[-76.46690999968487,39.51317100026382],[-76.4672140003568,39.51314899999803],[-76.46742100004604,39.51321400003876],[-76.4677569996067,39.51340400028885],[-76.46785700006414,39.51344699991952],[-76.46799299960826,39.51350500010446],[-76.46810499976127,39.51357900015064],[-76.46837300044818,39.51364000033549],[-76.4686989999631,39.51363700022543],[-76.46886299999463,39.51365400015448],[-76.46906100036135,39.51369300017995],[-76.46930700040865,39.51380499995359],[-76.46944299995278,39.51391200007607],[-76.46947100044018,39.51407599971079],[-76.46947200026509,39.51424599981932],[-76.46948899998351,39.51439000022993],[-76.46961700003004,39.51455700019271],[-76.46979399958205,39.51475000029705],[-76.47000100016959,39.51493399970332],[-76.47011900017037,39.51511499996199],[-76.47025200023975,39.51551000008732],[-76.47040700005044,39.51567600012234],[-76.4706420002271,39.51584999980007],[-76.47087400003069,39.515698000280885],[-76.4710570003288,39.51584599978049],[-76.47107400004725,39.515918000097315],[-76.47103300003936,39.51597000027972],[-76.47096299971915,39.51603699976433],[-76.47095699987136,39.516062999815865],[-76.47104800010797,39.51615099991804],[-76.47120600029172,39.51624199990649],[-76.47160200012684,39.51645500010633],[-76.4721279996583,39.516727999905214],[-76.47243399998004,39.51688199992262],[-76.47293899959512,39.51712799980011],[-76.47332299973468,39.51730000003078],[-76.47369299963052,39.51745100022067],[-76.47393399965495,39.51752000031749],[-76.47410600008239,39.51756200019221],[-76.47435899980239,39.51757199999361],[-76.47459700035208,39.51748099966856],[-76.47479800019354,39.517344000005245],[-76.47494999963118,39.51716300001049],[-76.47503900021796,39.51688799986239],[-76.47521400012013,39.516532999762326],[-76.47541999998445,39.51610199987492],[-76.47562400019896,39.51571099967834],[-76.47577200033696,39.51540000031315],[-76.47588299976672,39.515253999890234],[-76.47614499970757,39.51501199968117],[-76.47645900042524,39.514810000126836],[-76.47664199982502,39.51467300004683],[-76.47703000016254,39.51450599966982],[-76.47731300001976,39.51445099970267],[-76.47741599995192,39.51447100019979],[-76.47749600031786,39.5145379997441],[-76.47760500009781,39.514623000324654],[-76.47772899994636,39.514649000212394],[-76.47783100005361,39.514758999789684],[-76.47810399986508,39.515099999728704],[-76.47820299959929,39.51521800009009],[-76.47821500019316,39.515334000226446],[-76.47814900007093,39.515544999726906],[-76.4780550003596,39.515715999712434],[-76.47787899973419,39.51598400032217],[-76.47763400041012,39.51636699969626],[-76.47748700009703,39.516637999854],[-76.47738800036282,39.516849000244626],[-76.47736999992117,39.51698600019122],[-76.477407999556,39.517120999894516],[-76.4774999996175,39.51727199978051],[-76.4776820000907,39.517551999696366],[-76.47779300041877,39.517687999664],[-76.47796099974995,39.5178150002698],[-76.47815999994158,39.51797499980214],[-76.47840699981379,39.518216000112865],[-76.4785709998453,39.51843199970666],[-76.47873200040212,39.518606000103716],[-76.4788939998855,39.518719000235606],[-76.47916300039734,39.51880199993331],[-76.47937799958419,39.518844999687595],[-76.47966899983732,39.51889499983577],[-76.47986399983098,39.51894300002728],[-76.48012699959672,39.51906300001454],[-76.48035000007778,39.51912700010771],[-76.48058899955407,39.5191989997956],[-76.48078500027097,39.51926900019061],[-76.48100700002881,39.51939200016923],[-76.48128099966522,39.519495000192244],[-76.4815839996139,39.519596000160696],[-76.48193199976845,39.5196009999152],[-76.48224899996086,39.51959700011162],[-76.48264800016902,39.51955600003298],[-76.48310000008067,39.51954100006576],[-76.48337299989213,39.519493000287454],[-76.48359100035033,39.519492000335035],[-76.48373199991731,39.519540000113984],[-76.48382599962866,39.51960900021459],[-76.48397299994176,39.519751999953684],[-76.4840609998053,39.519838000338275],[-76.48445199961753,39.520236999706256],[-76.48462099967196,39.520583000156],[-76.48466099985492,39.520731000334756],[-76.4846530003573,39.520912999972396],[-76.4847019998628,39.521022000094334],[-76.48475700011439,39.521085999768346],[-76.48489400038174,39.52117900007739],[-76.4849970003139,39.521196000239634],[-76.4850960000481,39.521325999753024],[-76.48511399959146,39.52145499979194],[-76.48511000029181,39.52158899989549],[-76.48517499969083,39.52167200032125],[-76.48530600011038,39.52176699968505],[-76.4856169995567,39.521973000156606],[-76.48597399993207,39.52217999993089],[-76.48643199969146,39.522393999848994],[-76.48711799995482,39.52270700028051],[-76.48744799966771,39.522847000165264],[-76.48774899996658,39.52291000033312],[-76.48785199989875,39.52298599986563],[-76.4878989997544,39.523041999905615],[-76.4879680002497,39.52307199971044],[-76.48809200009825,39.52307600000684],[-76.48820400025124,39.52308700030096],[-76.48826500035062,39.52314199966669],[-76.48828999956666,39.52320700005779],[-76.4883709997575,39.52344700033527],[-76.48843000020706,39.52357300021824],[-76.48849200013134,39.52366300029161],[-76.48857099977407,39.52367100012312],[-76.48873599963049,39.52368599989132],[-76.48894700041602,39.52370400002462],[-76.48901299963993,39.52372599971923],[-76.4890310000816,39.523747000208715],[-76.48905100017308,39.52379800018305],[-76.4891299998158,39.52394700032827],[-76.48919000009025,39.52401199996591],[-76.48930800009104,39.52404899994568],[-76.48939699977947,39.52407299999695],[-76.4895659998339,39.52407999989486],[-76.4896169998875,39.52408300024683],[-76.48978299956886,39.524079000008484],[-76.49013200044664,39.52403699991695],[-76.49040600008301,39.5240439998185],[-76.49069300013821,39.52421100013069],[-76.49090300020049,39.524242000007554],[-76.49103299989683,39.524248000004484],[-76.4911729996389,39.52423000001219],[-76.49132900017283,39.52421499966855],[-76.49162799992358,39.52422699966651],[-76.4919250000245,39.52426199976428],[-76.49229599974527,39.52435400009552],[-76.4925159998533,39.52443199988917],[-76.49277199994633,39.52454100003152],[-76.49299799990213,39.52463100023627],[-76.49314500021524,39.524712999920894],[-76.49325200034535,39.524768000077636],[-76.49334199985873,39.524842999780255],[-76.49339899976015,39.524883000327605],[-76.49344700033903,39.5249440002865],[-76.49348900017182,39.52502600029447],[-76.49350400024043,39.52507000022497],[-76.49353799967732,39.52525499987991],[-76.49353900040053,39.5253490000177],[-76.49355399957084,39.52543399984103],[-76.49357500038555,39.52548800025351],[-76.49360899982241,39.52555500025784],[-76.49365400002824,39.52559600025967],[-76.49370099988393,39.525616000319346],[-76.49372199980031,39.525623000061735],[-76.49375199993756,39.52562999980341],[-76.49377700005192,39.525633000088405],[-76.49382300008267,39.525633000088405],[-76.49392199981688,39.525623000061735],[-76.49404700038865,39.525607000154615],[-76.4942049996741,39.5255970001242],[-76.49432000020013,39.525607000154615],[-76.494389999622,39.52561999977624],[-76.49444400004869,39.52566099973969],[-76.4944669996149,39.52569300021822],[-76.49448400023165,39.525738000281585],[-76.49449400027738,39.52581400018377],[-76.49449400027738,39.52585800030792],[-76.49448800042961,39.525964999879406],[-76.4944809998586,39.52616300013451],[-76.49449900030027,39.52636599978543],[-76.494501999775,39.526419000313375],[-76.49450400032315,39.526435000033395],[-76.49454500033103,39.526520999764465],[-76.49456899972215,39.526550000294336],[-76.49462599962355,39.526579000119185],[-76.49469599994376,39.52658400006384],[-76.4947829999824,39.52659399995211],[-76.49504499992321,39.52663699973253],[-76.49526900022921,39.526681000028105],[-76.49541900001702,39.526677999788376],[-76.49549199981196,39.52666600021391],[-76.49552799979698,39.5266470003061],[-76.49557999967551,39.52661200002458],[-76.49563499992709,39.526567999685284],[-76.49588599999726,39.52633299976313],[-76.49601700041683,39.52618800000411],[-76.49605400022674,39.526160999728816],[-76.49608699983872,39.52614900006505],[-76.49612299982373,39.52613900011268],[-76.49618200027327,39.526134999992706],[-76.49624699967228,39.526120000060615],[-76.49630699994674,39.52610599998244],[-76.4963320000611,39.52608399965597],[-76.49637800009185,39.52605000033452],[-76.49645599990967,39.525985999691756],[-76.49657599956026,39.525983999973874],[-76.49660499987259,39.52597800012693],[-76.49663699965964,39.52596800014994],[-76.49666799962178,39.52595499990054],[-76.49671000035288,39.525909999977806],[-76.49678700034576,39.525845000037926],[-76.49692100024006,39.52571999998257],[-76.49708600009652,39.52551199980746],[-76.49729799980861,39.52519199976065],[-76.49743500007597,39.52494000009769],[-76.49754499968083,39.52461199977161],[-76.49761699965084,39.52441999992662],[-76.49766400040482,39.524343000002034],[-76.49774999972023,39.52426699987581],[-76.49805600004198,39.52405400007255],[-76.49858599977141,39.523634999834734],[-76.49877900011526,39.52352999992641],[-76.49889399974299,39.52351400023],[-76.49900300042124,39.52350399989819],[-76.49909399975951,39.52351699991349],[-76.49918599982104,39.52356499968251],[-76.49929999962384,39.52366300029161],[-76.50026200007171,39.52403299967597],[-76.50058099991395,39.52414400021551],[-76.5006620001048,39.52421899989906],[-76.50071900000621,39.52428700031825],[-76.50077699973252,39.524348999990245],[-76.50081899956533,39.524421999689544],[-76.50086700014421,39.5244520002841],[-76.50101699993205,39.52448800014895],[-76.50114300032874,39.52450600007438],[-76.50135800041389,39.524501999860405],[-76.50149700033106,39.524485999695],[-76.50162700002741,39.52448900002948],[-76.50174300037837,39.52451399980877],[-76.50185700018119,39.52455100021402],[-76.50197099998398,39.52458199993911],[-76.50226200023714,39.52461699985794],[-76.5024089996519,39.52462399970103],[-76.50266899994293,39.52462799990798],[-76.50283799999731,39.52463600032124],[-76.503068999976,39.52463899995626],[-76.5038720004152,39.52479899970586],[-76.50497899972972,39.525055000062835],[-76.50591799971305,39.52463100023627],[-76.50717600043691,39.52391499973804],[-76.50738499977601,39.52372399993627],[-76.50768199987691,39.52361400000433],[-76.50785900032723,39.52358199995365],[-76.50807100003934,39.52361800026951],[-76.50831600026173,39.523674999692076],[-76.50851700010318,39.5237870000015],[-76.50889500039496,39.523933999700475],[-76.50942099992642,39.52411099983015],[-76.51008899974809,39.524308999828236],[-76.51038699967393,39.52438800024729],[-76.5105530002536,39.52450500019415],[-76.51060500013213,39.52459200011569],[-76.51156400020696,39.526813999901684],[-76.51166999961384,39.52712500012785],[-76.51169200025348,39.52740499981725],[-76.5117499999798,39.52765800007009],[-76.51185299991195,39.527857000179985],[-76.51194900017141,39.527981000022734],[-76.51207800004286,39.52816700006455],[-76.51219000019586,39.52837300025948],[-76.51230999984644,39.52862599975681],[-76.51236500009803,39.528794999772934],[-76.51255699971865,39.529046999996396],[-76.51265499962796,39.52911300021724],[-76.51276900032907,39.52915199987735],[-76.51292199959164,39.52917899968247],[-76.51309700039212,39.52915800014288],[-76.51333900024147,39.52909900004967],[-76.51348700037947,39.52907499965685],[-76.51373500007658,39.52906299980376],[-76.51403800002531,39.52908099992907],[-76.51409900012466,39.52909400028611],[-76.514164000422,39.52915800014288],[-76.51420799990461,39.52920099972123],[-76.51433699977603,39.52927200023968],[-76.51457899962537,39.52932400012444],[-76.51469499997634,39.529320000188015],[-76.51472199974052,39.529312000314405],[-76.51479399971052,39.52926999992355],[-76.51486599968055,39.52920600017002],[-76.51503800010799,39.52908700020074],[-76.51533600003383,39.52886699983111],[-76.51550500008824,39.52879700010275],[-76.51574699993756,39.528751000124046],[-76.51589599990048,39.52874799997372],[-76.51603900001562,39.52877000014904],[-76.51620999971985,39.528825999682056],[-76.51633600011655,39.52888599982441],[-76.51640100041386,39.52895900029723],[-76.51649099992724,39.52908000011466],[-76.51653500030817,39.52917799986951],[-76.51654000033103,39.529460999714296],[-76.51652799973715,39.52957999973546],[-76.51649900032315,39.52971199979395],[-76.51644900009445,39.52981000004253],[-76.51637100027665,39.529936999960846],[-76.51628099986495,39.53013899986528],[-76.5162630003216,39.53036499983006],[-76.51628400023799,39.530513999741665],[-76.51631600002504,39.53065099975488],[-76.51633799976636,39.530761000318336],[-76.51633699994144,39.530847000234346],[-76.516320000223,39.5309490001094],[-76.51625300027585,39.53105900020071],[-76.51614699997066,39.53125699978732],[-76.51606800032792,39.5314789997651],[-76.51596799987051,39.53160200028981],[-76.51591199979401,39.53170800024048],[-76.51591699981688,39.53179299990101],[-76.51592799968753,39.53187399966812],[-76.51596899969542,39.53192799992227],[-76.51607199962757,39.531985000145],[-76.51690299965588,39.532331000261614],[-76.51718600041141,39.53242499982728],[-76.51735299991769,39.532444999998496],[-76.5176369995998,39.53246899991927],[-76.51784900021022,39.532521000180935],[-76.51798399992944,39.53262100014845],[-76.51805599989946,39.53271400025222],[-76.51816700022755,39.532888999960655],[-76.51827000015972,39.53313700015789],[-76.5182769998324,39.533310999739456],[-76.5183470001526,39.5335789996594],[-76.51843500001615,39.53385499997424],[-76.5185599996896,39.534253000127855],[-76.51863099983474,39.53445900027913],[-76.51864599990334,39.534645000287334],[-76.51864500007842,39.534799999798054],[-76.51860400007055,39.53489999994687],[-76.51852299987969,39.53504200034015],[-76.51847400037421,39.535130999677484],[-76.51846500015338,39.53526199984898],[-76.51842400014549,39.53544799978411],[-76.51847000017625,39.53569599984611],[-76.51847000017625,39.53581399985509],[-76.51844500006189,39.53591399992879],[-76.51840400005402,39.53603799993093],[-76.5184030002291,39.53616800006409],[-76.51842599979531,39.53628000031404],[-76.51848199987182,39.53636700003083],[-76.51856200023776,39.536436000039295],[-76.51869799978189,39.53654200022994],[-76.51890500036943,39.53665199977296],[-76.51903199969273,39.53671099968276],[-76.5192069995949,39.53676399993475],[-76.51936999980153,39.536796000145735],[-76.51948299977944,39.536814000344535],[-76.519614000199,39.53681099984986],[-76.51974499972026,39.53681099984986],[-76.51980800036776,39.53679400004639],[-76.51994100043714,39.536744000315004],[-76.52003199977544,39.536709999978264],[-76.52014099955538,39.536681999933],[-76.52036599968628,39.53666599980307],[-76.52078900018388,39.536669000304016],[-76.52092899992596,39.53669399985479],[-76.52107299986602,39.536740000113255],[-76.52113599961521,39.53675100032111],[-76.52141099997483,39.53675499982947],[-76.52152899997559,39.536745000018996],[-76.52165100017433,39.53671799969224],[-76.5217409996877,39.53669000034297],[-76.52183699994717,39.5366489999641],[-76.5220079996514,39.536615000273635],[-76.52212999985012,39.536608000253814],[-76.52225700007173,39.53661899978978],[-76.52236900022473,39.53665100006762],[-76.52253300025626,39.53672399999669],[-76.52260000020341,39.536938000124536],[-76.52259799965528,39.537123999725665],[-76.52254499995183,39.53728100002165],[-76.52245500043846,39.53744099973729],[-76.52213499987302,39.53824000002878],[-76.5220289995678,39.538725000206895],[-76.52202400044324,39.53882100016173],[-76.52204700000947,39.53888099997952],[-76.52213700042114,39.538963999826684],[-76.52227200014035,39.539062999848426],[-76.52285700012135,39.53919499988867],[-76.52304000041946,39.53923200009112],[-76.52304899974199,39.53920099997905],[-76.52341500033819,39.539228999700974],[-76.52391999995326,39.53925199968679],[-76.52432599983412,39.53925199968679],[-76.52444300001,39.53925500007594],[-76.52458799977494,39.53928899985879],[-76.52474699978362,39.53935700006736],[-76.524915999838,39.539435999991674],[-76.52508300024259,39.53954500013428],[-76.52540700010768,39.5397079998501],[-76.5255419998269,39.53976499991965],[-76.52570599985843,39.5398070001962],[-76.52581700018652,39.53986699985437],[-76.52591300044597,39.53995700028358],[-76.52600799998223,39.54006600030071],[-76.52606099968565,39.540147999768585],[-76.52611400028742,39.54020500016956],[-76.52613299965569,39.54027199982752],[-76.52614199987653,39.54042000030057],[-76.5261400002267,39.54065400000199],[-76.52614699989938,39.54081899986787],[-76.52622999974007,39.540984000034236],[-76.52629699968722,39.54103299984012],[-76.52632099997666,39.54104800001416],[-76.52640999966512,39.54108000032837],[-76.52655799980312,39.541133000015286],[-76.52664599966667,39.54120800005215],[-76.52669099987251,39.54126199997308],[-76.52670599994113,39.54131599985193],[-76.52670500011621,39.5413869997571],[-76.52670500011621,39.54146800010653],[-76.52671199978892,39.541538000221195],[-76.5267889997818,39.54167400032131],[-76.52686400012489,39.54182199988297],[-76.52691199980546,39.541892000333334],[-76.52694600014065,39.541911000225646],[-76.52703900002706,39.54198499979325],[-76.52710199977625,39.542042000071],[-76.5271610002258,39.54215399984845],[-76.52718600034015,39.54222999979242],[-76.52719700021082,39.54230800028645],[-76.52719999968554,39.54251200015159],[-76.52719399983775,39.542761999840906],[-76.52724200041666,39.5429589996849],[-76.52727800040167,39.543089000017645],[-76.52733399957985,39.54317400029005],[-76.52740399990005,39.54325199972308],[-76.52751299967998,39.543331000063084],[-76.52761700033538,39.54339199974669],[-76.52769400032827,39.54344900025431],[-76.52780499975803,39.543516999850745],[-76.52788400029908,39.543534000085785],[-76.52801399999541,39.54356000023351],[-76.52810100003406,39.54356299974369],[-76.52819300009554,39.543555999731836],[-76.52827199973828,39.54354100009986],[-76.52837499967043,39.54351100013354],[-76.52849100002138,39.54349599979909],[-76.52860999984706,39.543486999874],[-76.52871699997719,39.54349000008008],[-76.52880300019092,39.54350200021034],[-76.5288929997043,39.54352599977195],[-76.52892299984151,39.54356799985069],[-76.52946500016482,39.54369099973708],[-76.5295260002642,39.54370600002937],[-76.52959700040931,39.543709000225974],[-76.52965000011275,39.54370400012913],[-76.52969600014352,39.543693999934334],[-76.52973600032648,39.543678000035364],[-76.5297730001364,39.54365800032965],[-76.52982900021289,39.54361500000761],[-76.52988699993922,39.54360400019484],[-76.5300059997649,39.54358300016952],[-76.53020499995652,39.54355399982729],[-76.53030100021599,39.54354699981447],[-76.53038200040685,39.54355399982729],[-76.53044000013317,39.543555000125934],[-76.53051700012607,39.543581000265746],[-76.53057400002747,39.5435999996957],[-76.53065199984528,39.543623999916115],[-76.53080800037921,39.54368699993569],[-76.5310119996954,39.543779999761135],[-76.53217400015981,39.54397700017899],[-76.53224799977964,39.54441599976307],[-76.53231800009985,39.54470800029491],[-76.53236599978041,39.544903000290844],[-76.53236800032856,39.54502400002704],[-76.5323299997954,39.545085000300624],[-76.53229800000837,39.545152000096486],[-76.53232099957458,39.545398000270666],[-76.53235800028283,39.54570699983668],[-76.53238000002413,39.54585799990652],[-76.53245299981907,39.54599300028249],[-76.53247299991054,39.54604300027811],[-76.53249399982694,39.54610399965599],[-76.53251399991842,39.54618399978085],[-76.53252200031434,39.54627400033054],[-76.53251700029146,39.54638499994727],[-76.53246600023786,39.5464409998176],[-76.53243399955248,39.54651800017155],[-76.53242199985694,39.5465990000739],[-76.53245600019211,39.546719000063256],[-76.53249300000203,39.54686000027046],[-76.5324970002,39.546874000319605],[-76.53250399987267,39.546902999967116],[-76.53248499960611,39.54700799985546],[-76.53244899962111,39.547267000101435],[-76.5324200002071,39.54743899979749],[-76.53239199971969,39.547613000240176],[-76.53236900015347,39.547714000177606],[-76.53231399990189,39.547933999696944],[-76.53227100024418,39.54809300025032],[-76.53224899960456,39.5483690003457],[-76.53223500025916,39.54843200021359],[-76.53220599994684,39.54850299976524],[-76.5321749999847,39.548618999715444],[-76.53216199956591,39.54882099997791],[-76.5321599999161,39.54886300031527],[-76.53214499984749,39.54913900011852],[-76.53213599962666,39.54921399981512],[-76.53212300010617,39.549483999713985],[-76.53210600038774,39.549565999829284],[-76.53208100027338,39.54978100005163],[-76.53208000044847,39.54989299980686],[-76.5320620000068,39.55000200014956],[-76.53204899958801,39.55011899987567],[-76.53203600006755,39.55029200032278],[-76.5320329996945,39.550315000105456],[-76.53201400032623,39.550377000084126],[-76.53198500001392,39.5504360001017],[-76.53196499992242,39.55046199974133],[-76.53193200031046,39.55049699977366],[-76.53187600023396,39.55055699988691],[-76.5318140003097,39.55061299985343],[-76.53178900019533,39.55064700030585],[-76.53177499995164,39.55068999973361],[-76.53177300030181,39.550746999787776],[-76.53179000002025,39.55083800015392],[-76.53180400026395,39.55096499969661],[-76.53181900033256,39.55104899982812],[-76.53183000020321,39.551096999956606],[-76.53186199999026,39.55114299967334],[-76.53191100039406,39.55118799986363],[-76.53195999989956,39.55123300002478],[-76.532012999603,39.551274000099966],[-76.53207799990032,39.55132099988605],[-76.53216999996185,39.55136099972317],[-76.53231300007698,39.551405000279246],[-76.53253300018501,39.551492999922395],[-76.53268200014793,39.551533999843926],[-76.53288200016445,39.55154599996845],[-76.53305700006665,39.55152599975977],[-76.53312700038686,39.55149199973817],[-76.53316599984659,39.55146299993063],[-76.53322699994595,39.551397999673135],[-76.53329700026617,39.55130000011823],[-76.533370999886,39.551249999754766],[-76.53346700014545,39.55123400021274],[-76.53356699970458,39.551227999777424],[-76.53363600019988,39.55123100034148],[-76.53378400033786,39.551252000130184],[-76.53391900005708,39.55128299970778],[-76.53411599970059,39.55133400023393],[-76.53424200009728,39.55142199996713],[-76.53436900031889,39.55152400008492],[-76.53447899992373,39.551684999700825],[-76.53456199976442,39.55181400013021],[-76.53464600032832,39.55197700012031],[-76.53469599965872,39.552151999747146],[-76.53470099968159,39.55219599980155],[-76.53468099959011,39.552251999830446],[-76.53465499965083,39.552282999653826],[-76.53461899966581,39.55231500032837],[-76.53457699983302,39.55234300030046],[-76.53451499990875,39.55236899991806],[-76.53444700013668,39.55240899984361],[-76.53439600008306,39.55246400022296],[-76.53437500016666,39.55250000010769],[-76.53437299961854,39.5525509997392],[-76.53438199983935,39.55259699987719],[-76.5344279998701,39.55263699967123],[-76.53448800014456,39.552665000205955],[-76.534581000031,39.552698000178516],[-76.53466800006963,39.552714000075625],[-76.534729000169,39.55273100013542],[-76.53477500019974,39.552778000319705],[-76.53480600016188,39.552833999878814],[-76.53482000040559,39.55292599974899],[-76.53482500042847,39.55306900013317],[-76.53482600025337,39.553248999878015],[-76.5347790003977,39.55338399972644],[-76.53467200026758,39.55368899982775],[-76.53463100025971,39.55372800022545],[-76.53460500032044,39.55375100025434],[-76.53455799956645,39.55376299999537],[-76.534512000434,39.55376699990858],[-76.53443500044112,39.55376699990858],[-76.53434800040249,39.55376999967019],[-76.53428099955701,39.55376999967019],[-76.53421399960986,39.55377400027564],[-76.53417299960198,39.55379299968514],[-76.53414199963984,39.55384799965996],[-76.53410499982992,39.553939000114326],[-76.53407399986777,39.55407000010982],[-76.53406200017223,39.55420099985788],[-76.53406299999712,39.5543309999079],[-76.53406299999712,39.55461800026926],[-76.53403200003498,39.554689999862305],[-76.53400600009573,39.55470899971357],[-76.53391300020931,39.55473200010988],[-76.53382600017066,39.55475499980589],[-76.5336329998268,39.55476399965477],[-76.53331200033476,39.554719999843826],[-76.53300199981506,39.55467800028161],[-76.53266899972914,39.55467600000498],[-76.53240199976543,39.55470800026833],[-76.53213399997684,39.55474499981852],[-76.53185600014248,39.55480400027717],[-76.53161299956993,39.5548809996616],[-76.53153300010229,39.55491399996528],[-76.53146100013228,39.554969999878],[-76.53137200044381,39.555097000168075],[-76.53127000033658,39.5552490000187],[-76.53112700022143,39.555335000069164],[-76.53105799972614,39.55539899997306],[-76.53107600016781,39.55549200003124],[-76.5310960002593,39.55557500009702],[-76.5311530001607,39.555699000294034],[-76.53122500013073,39.55578300023451],[-76.53128100020722,39.55586200015993],[-76.53128100020722,39.55591199996978],[-76.53126600013861,39.55595699983708],[-76.53123699982628,39.556006000151925],[-76.53121500008497,39.5560400000391],[-76.53124199984916,39.55619099978474],[-76.53130600032156,39.55631500026577],[-76.5314209999493,39.55639900015292],[-76.53153599957705,39.55643899983259],[-76.53167399966928,39.55643899983259],[-76.5317099996543,39.55648400005062],[-76.53173399994374,39.55653199988163],[-76.53181199976154,39.556699999721204],[-76.53186199999026,39.55675099972805],[-76.53197699961801,39.556780000095486],[-76.5320410000904,39.55680800034321],[-76.53207000040273,39.556853000321865],[-76.53207000040273,39.55693600014433],[-76.53208299992319,39.55706499981319],[-76.53212499975601,39.557210000180056],[-76.53210899986247,39.55732800031695],[-76.53210800003755,39.55750699999476],[-76.53203699989245,39.55764299996341],[-76.53192899993742,39.55779100009493],[-76.53184000024896,39.5578740001802],[-76.5317950000431,39.557951000312336],[-76.5317799999745,39.55800300018235],[-76.53178400017246,39.558067999791874],[-76.53179800041616,39.55818000002033],[-76.53184899957148,39.558373000076315],[-76.53191999971659,39.55866700020956],[-76.53193700033334,39.55878000024259],[-76.53197599979309,39.55893800010264],[-76.5319830003641,39.55901599982195],[-76.53197900016613,39.55912200015228],[-76.53194300018112,39.55921800028555],[-76.53191600041694,39.55934699986579],[-76.53189700015037,39.55946699996862],[-76.53191800006677,39.55958499972872],[-76.53195099967873,39.55969400008004],[-76.5320040002805,39.559811000082284],[-76.5320329996945,39.55992300026647],[-76.53204600011328,39.56003500026986],[-76.53208600029626,39.560152999756184],[-76.53212999977887,39.560259999791825],[-76.53214400002257,39.56033599998873],[-76.53215300024341,39.56052199990056],[-76.53218900022843,39.56064300010041],[-76.53221799964241,39.56076900034171],[-76.53219900027416,39.56086100007652],[-76.53215300024341,39.56095000023827],[-76.5320620000068,39.56103400005274],[-76.53198500001392,39.56122799982908],[-76.53197599979309,39.56132299977508],[-76.53198199964086,39.561398000150824],[-76.53201000012827,39.561466000162866],[-76.53205799980886,39.561503000263635],[-76.53210200018978,39.56151800016782],[-76.5321950000762,39.561540999691395],[-76.53228100028993,39.5615589997047],[-76.53240000011562,39.56155600027993],[-76.53251499974333,39.56153099998981],[-76.53291999979929,39.561455999757904],[-76.53313599970936,39.56140200031634],[-76.53321699990022,39.56137399984551],[-76.53334199957368,39.5612929998791],[-76.53349399990965,39.56117799969588],[-76.53370300014703,39.56106800024555],[-76.53422399965562,39.56090999969725],[-76.53449300016744,39.56086200012566],[-76.53457199981015,39.56086699967855],[-76.53462299986377,39.5609080002929],[-76.53464899980305,39.56095799992819],[-76.53464799997815,39.56102400027807],[-76.5345819998559,39.56108599968905],[-76.53456199976442,39.561251000141446],[-76.53458699987877,39.561326999944924],[-76.53468499978806,39.56138300022068],[-76.53479600011615,39.56140399970646],[-76.53491400011693,39.56140899991289],[-76.53512300035429,39.56140100027498],[-76.53535799963262,39.56140200031634],[-76.53549599972489,39.56140699983036],[-76.53562999961918,39.56145100024742],[-76.53584399987943,39.56156800005591],[-76.53596199988019,39.56165499992757],[-76.5360460004441,39.56175100001755],[-76.53609800032265,39.56182199978938],[-76.53610400017043,39.561878999699914],[-76.53609699959941,39.56197400013928],[-76.53609699959941,39.56213000027959],[-76.53616600009471,39.562366000233254],[-76.536264000004,39.5625079998301],[-76.5364260003857,39.56270599972882],[-76.53660100028789,39.56285600017809],[-76.53672199976339,39.56336899973341],[-76.53671599991561,39.563640999961514],[-76.53668699960329,39.56374900016356],[-76.5366520003415,39.56383000003158],[-76.53657899964826,39.5639369999345],[-76.53655500025714,39.56408699979871],[-76.53654199983833,39.564199000002894],[-76.53684499978704,39.56545800024005],[-76.53688300032017,39.565578000156925],[-76.53693199982568,39.56564400026505],[-76.53698700007726,39.56569100000997],[-76.53713900041322,39.565756000032025],[-76.5372490000181,39.565792999921484],[-76.5374409996387,39.56582499990351],[-76.53754299974597,39.565847000099005],[-76.53759200014976,39.56588499991661],[-76.53765099970099,39.56594199995022],[-76.53792000021282,39.56639999985593],[-76.53795600019784,39.566400999825206],[-76.53801800012211,39.566401999794465],[-76.53806900017574,39.56639200010129],[-76.53816299988706,39.566374999927035],[-76.53834899965992,39.56632300010149],[-76.53845199959206,39.56630399996902],[-76.53855100022457,39.56630499993968],[-76.53864499993593,39.5663599996884],[-76.53869900036258,39.56642199986901],[-76.53874200002029,39.56653800032613],[-76.53875500043908,39.56673499983401],[-76.53881800018827,39.56688699980292],[-76.53891299972453,39.56704000009119],[-76.53903900012122,39.56723600029315],[-76.53921499984831,39.56741999979479],[-76.53926799955175,39.56747599999783],[-76.53927699977258,39.56748400031993],[-76.53933700004706,39.567554999762194],[-76.53943999997921,39.567673000303195],[-76.53948799965978,39.56770600006058],[-76.53954100026154,39.567720000057854],[-76.5395799997213,39.567721999958316],[-76.53961200040666,39.56770799996145],[-76.53967099995788,39.56768800025783],[-76.53974100027808,39.5676849997132],[-76.53979700035458,39.56772100000809],[-76.53983499998941,39.56775499969239],[-76.53984699968498,39.56780000018581],[-76.53984699968498,39.56787900027348],[-76.53983199961637,39.56795000000379],[-76.53982900014164,39.56802500013729],[-76.53976700021737,39.5680770000715],[-76.53964099982066,39.56821499997401],[-76.53957800007147,39.56831099998511],[-76.53956399982776,39.56837299980621],[-76.5395599996298,39.56842999987209],[-76.5395799997213,39.568482000195004],[-76.53963199959982,39.568548000308965],[-76.53988400039322,39.56880599983699],[-76.5399250004011,39.56881599987452],[-76.53995999966288,39.568814999940074],[-76.5400109997165,39.56880599983699],[-76.54005699974725,39.56881599987452],[-76.54009699993023,39.56886099967935],[-76.54018700034193,39.56895900004573],[-76.54035700022125,39.56905199992616],[-76.54040599972673,39.56908700027325],[-76.54043400021413,39.569148000163295],[-76.54045099993257,39.56926300028687],[-76.54045299958239,39.56938000007227],[-76.54043000001617,39.56944400017323],[-76.5403830001605,39.56947799970507],[-76.54033200010686,39.56950199997563],[-76.54030600016762,39.56952600023782],[-76.5402769998553,39.56965200026634],[-76.54020800025833,39.56979600001859],[-76.54021499993101,39.56988499979285],[-76.54021800030407,39.56992699984112],[-76.54023099982454,39.56995999991071],[-76.54026000013685,39.569997000326744],[-76.5402840004263,39.57005000008351],[-76.54030000031983,39.57014999998468],[-76.54028000022834,39.5703349999755],[-76.54024599989314,39.570554999771225],[-76.54020599971017,39.57074800001178],[-76.54019700038766,39.57084900019625],[-76.54021999995388,39.57091199972942],[-76.54029100009899,39.570976999704364],[-76.54049299976536,39.571280000200325],[-76.54056999975825,39.571424000033495],[-76.54060699956817,39.57155899982185],[-76.54063199968252,39.57170600013873],[-76.54063300040575,39.571837999705515],[-76.54062400018492,39.57196199990892],[-76.5405940000477,39.572097999921624],[-76.5405730001313,39.572236000130246],[-76.54071299987339,39.572303999901244],[-76.5406860001092,39.57241699987209],[-76.54066199981976,39.57247599983882],[-76.54058499982688,39.57266300030531],[-76.54056200026065,39.572775999691],[-76.54057800015417,39.57297800023573],[-76.54059200039788,39.57315400006599],[-76.54061699961393,39.57329700029151],[-76.54060499991834,39.57332900027252],[-76.54056999975825,39.57335999967748],[-76.54048299971961,39.57339999996131],[-76.54035399984818,39.573518000248704],[-76.54031100019047,39.573576999970854],[-76.5401730000982,39.573669999888615],[-76.54013100026542,39.573715999868874],[-76.5401220000446,39.57375299966521],[-76.54013499956505,39.573785000128176],[-76.54020300023545,39.573856999904116],[-76.54026699980955,39.57391699989101],[-76.54028500025122,39.57394900027827],[-76.54028600007611,39.57399000008207],[-76.54027100000752,39.57404599982555],[-76.54028100005326,39.5741349996834],[-76.54030100014474,39.57420099995545],[-76.54036300006902,39.574257000220925],[-76.54046500017627,39.574338000277585],[-76.5405449996439,39.574393999739954],[-76.54059599969753,39.574402999810076],[-76.5406509999491,39.57440199995621],[-76.54075399988126,39.57439899970214],[-76.54076700030005,39.574378999851305],[-76.54081099978268,39.574330999908845],[-76.54088899960048,39.57432500008681],[-76.54099300025587,39.57434800020964],[-76.54105900037811,39.57438200010628],[-76.54110700005869,39.57442299965399],[-76.54113200017304,39.57450500006146],[-76.541136000371,39.57458199973097],[-76.54113100034813,39.57470699972267],[-76.54115999976213,39.57474500022387],[-76.54117900002872,39.574774999839526],[-76.54120499996797,39.57486599984067],[-76.54121699966355,39.57496400002784],[-76.5412560000216,39.57501799998704],[-76.54130000040253,39.5750380003459],[-76.5413820004183,39.57505600031775],[-76.54149700004602,39.575065000301876],[-76.54159999997817,39.57505600031775],[-76.54171399978101,39.57503400027455],[-76.54185900044428,39.575032999737424],[-76.54195700035356,39.57505300009194],[-76.54208899969973,39.575068999679004],[-76.54229299991422,39.57509800000304],[-76.5424679998164,39.57512400009225],[-76.54266600018313,39.57511299973611],[-76.54279400022965,39.57510399975821],[-76.5428960003369,39.57507900019803],[-76.5430029995687,39.57504800017697],[-76.54308799995752,39.57500099985056],[-76.5431420003842,39.574963000182066],[-76.54322400039996,39.5749540001847],[-76.5433049996925,39.57495999995228],[-76.54334999989835,39.57497600025324],[-76.5434029996018,39.57500800015164],[-76.54342799971616,39.57502100021431],[-76.5435220003258,39.575032999737424],[-76.54359099992276,39.575026999976096],[-76.54364899964908,39.57502100021431],[-76.54368999965696,39.57500199969578],[-76.54374400008363,39.57499299970343],[-76.54380799965774,39.57500599976892],[-76.54385700006154,39.57502799982095],[-76.5439020002674,39.57507299974832],[-76.5439469995749,39.57512099986939],[-76.54398400028316,39.57519000011506],[-76.54403199996372,39.57526000013356],[-76.54407700016958,39.575391999857416],[-76.54414999996452,39.57560900002171],[-76.54419099997239,39.57570900021337],[-76.54425899974446,39.57586599975242],[-76.5442699996151,39.57598499982764],[-76.54426799996527,39.57601799978325],[-76.54421899956148,39.57615300031915],[-76.54411999982727,39.576355999850556],[-76.54397500006232,39.57657000029896],[-76.54385899971136,39.57671599986332],[-76.54380699983282,39.57690200015288],[-76.5437840002666,39.577218000021624],[-76.54377500004577,39.577410999714935],[-76.54379199976421,39.57739999972173],[-76.5438610002595,39.57736999985731],[-76.54391700033601,39.57736199998359],[-76.54406999959858,39.577680999944626],[-76.54404700003235,39.5777459998044],[-76.54400699984937,39.57778300021926],[-76.54397500006232,39.577791000044385],[-76.5439309996814,39.5777940001517],[-76.54386899975712,39.57778799993701],[-76.54378599991644,39.577765000263184],[-76.54366899974058,39.57775900004599],[-76.54360699981629,39.57778799993701],[-76.5435519995647,39.57783300014974],[-76.54350200023431,39.57789600026004],[-76.54348299996774,39.57794900020959],[-76.54349399983839,39.57801799971735],[-76.54353700039441,39.57805999968516],[-76.54359099992276,39.57808299995349],[-76.54367600031158,39.57808900014265],[-76.54371499977132,39.57811899969587],[-76.54372599964198,39.578177999656354],[-76.54373300021298,39.57823899985605],[-76.54370899992354,39.57833300024027],[-76.54367999961123,39.578409999811846],[-76.54356300033368,39.57850799983526],[-76.54352700034866,39.578567000157015],[-76.5435159995797,39.57859700019569],[-76.54351499975478,39.57863499994915],[-76.54355599976266,39.578697000230974],[-76.54361400038731,39.578767000169805],[-76.54369800005288,39.57886799974922],[-76.54375099975634,39.57896999966184],[-76.54378799956625,39.579007000115745],[-76.54382399955126,39.579014999799554],[-76.54386399973424,39.57902399996208],[-76.54390499974211,39.57903200033637],[-76.54399500015381,39.579036999963975],[-76.54410300010883,39.5790599999081],[-76.54419099997239,39.5790999996723],[-76.54426700014038,39.57913900032027],[-76.54431399999605,39.579183999655925],[-76.54433099971448,39.57922600030189],[-76.544346999608,39.57926299992675],[-76.54434999998104,39.57929100009755],[-76.54435900020188,39.57935999965413],[-76.54436400022475,39.579438999724346],[-76.54437799957013,39.579507999825964],[-76.54444200004257,39.579604999902784],[-76.54455300037064,39.57968299991606],[-76.5445790003099,39.57974100015312],[-76.5445790003099,39.57976799966197],[-76.54457699976177,39.5797990003416],[-76.54455300037064,39.57984000014713],[-76.54452400005832,39.579865000067294],[-76.54450599961666,39.57989299999489],[-76.54448600042349,39.57993099973014],[-76.5444939999211,39.57999400001061],[-76.5444939999211,39.58005800000606],[-76.54450200031701,39.580137999744196],[-76.54451099963954,39.58023800032552],[-76.54451400001258,39.580302000095706],[-76.54453400010406,39.58035300005413],[-76.54456300041639,39.580380000016945],[-76.54461899959456,39.58039100022955],[-76.54465200010483,39.58038900000222],[-76.54468700026494,39.580377999789256],[-76.54470700035642,39.580358000278814],[-76.54472200042504,39.580331000307446],[-76.54472999992265,39.580281000101905],[-76.54474499999125,39.580247000329244],[-76.5447829996261,39.58022499985658],[-76.54483600022786,39.5802060000721],[-76.54488399990844,39.58020900007488],[-76.54491599969549,39.58023099986029],[-76.5449450000078,39.58027500010252],[-76.54495900025151,39.580308000092764],[-76.54496199972624,39.58034000029909],[-76.54495900025151,39.58036500003889],[-76.54492900011427,39.580403000207724],[-76.54486499964186,39.580489999987456],[-76.54485600031934,39.580543999795815],[-76.54484700009853,39.580596000033076],[-76.54484999957324,39.58063199985489],[-76.54486399981694,39.58064999975878],[-76.54488399990844,39.580677000298266],[-76.544895999604,39.58073600015833],[-76.54489200030436,39.58076899992908],[-76.54485799996915,39.580841999827705],[-76.54478000015135,39.58105199985653],[-76.5447769997783,39.58114800009297],[-76.54478699982404,39.58120500004061],[-76.54487800006065,39.581275999970586],[-76.54491400004567,39.581309000176574],[-76.54493699961188,39.58133799996695],[-76.54494099980984,39.58136899994432],[-76.54491900006853,39.58139699995667],[-76.54489800015213,39.58141699985964],[-76.54486700019,39.58145200019519],[-76.5448119999384,39.58150899989281],[-76.54473499994552,39.58160099980391],[-76.54473099974756,39.581636000046544],[-76.54475800041006,39.58166499970008],[-76.54479500021996,39.58167400021085],[-76.54492900011427,39.58171800022931],[-76.54502500037374,39.58183000033906],[-76.54511999990997,39.581916999712135],[-76.54525700017733,39.582056000194875],[-76.54537000015523,39.58217599976971],[-76.54540600014025,39.582236000171605],[-76.54544700014814,39.5823059999978],[-76.54545299999592,39.582378999662176],[-76.54543000042969,39.58242599983215],[-76.54541799983582,39.58244399996246],[-76.54536299958423,39.58249900006243],[-76.54530300020808,39.582541000084184],[-76.54530200038319,39.58260999986689],[-76.54530900005587,39.58264800018949],[-76.54538000020096,39.58268899969427],[-76.5457199999596,39.58285999974836],[-76.54578100005897,39.58291099990141],[-76.54581600021908,39.58295299967353],[-76.5459230003492,39.583179000021126],[-76.54598500027348,39.58340300018371],[-76.5460070000148,39.58344199979491],[-76.54601700006053,39.58349399993472],[-76.54601700006053,39.58355000030796],[-76.54595900033422,39.58359599996251],[-76.54583399976242,39.58362099991248],[-76.54573400020331,39.583702000103806],[-76.54569599967016,39.58378399991905],[-76.54569499984524,39.58385499997611],[-76.5457269996323,39.58396200012956],[-76.54578899955656,39.584093000183046],[-76.54581700004398,39.584238999824],[-76.54583600031056,39.5842969997098],[-76.54588200034131,39.58435100001345],[-76.54595599996115,39.584451999763274],[-76.54603299995405,39.58452400022846],[-76.54606300009128,39.5845690002216],[-76.5460859996575,39.58462100020807],[-76.54609099968037,39.58467800006851],[-76.54607499978685,39.58477299973175],[-76.54608700038074,39.58485600005965],[-76.54610300027426,39.584898000037576],[-76.54612900021351,39.584963999753654],[-76.54616000017568,39.58501499974294],[-76.54616400037362,39.585062999902156],[-76.5461550001528,39.585113999818574],[-76.54614400028213,39.58516300030025],[-76.54615099995483,39.58519899982663],[-76.54618199991697,39.58525199973003],[-76.54624899986412,39.58532400005633],[-76.5463030002908,39.58536000019146],[-76.54639100015434,39.58541799983132],[-76.54641299989565,39.585433999795036],[-76.54649099971346,39.58549099967906],[-76.54656100003366,39.58552600003401],[-76.54658199995005,39.58560499999876],[-76.54655600001078,39.585685999947934],[-76.54650599978207,39.58576100027804],[-76.54664999972212,39.58598699977565],[-76.54671699966926,39.58605200015334],[-76.54675199982937,39.58610900022126],[-76.54677799976862,39.58615799999934],[-76.54678000031677,39.586212000237346],[-76.54677799976862,39.58631199966955],[-76.54676199987512,39.58640499980813],[-76.54676500024814,39.58644500017924],[-76.54678000031677,39.58647199984552],[-76.54682700017244,39.586493000040214],[-76.54686900000523,39.58651600027914],[-76.5468959997694,39.58654499996745],[-76.54690499999025,39.586579000111826],[-76.54691300038616,39.58660900014392],[-76.54689300029467,39.58664800002774],[-76.54686800018031,39.58668400016727],[-76.54683300002021,39.58671600019867],[-76.54678100014169,39.58677000000182],[-76.5467259998901,39.586814999921025],[-76.54667400001156,39.586878000174174],[-76.54665800011803,39.5869449997542],[-76.54666099959277,39.58702099977802],[-76.54667400001156,39.587079999775455],[-76.54670099977574,39.58715600034351],[-76.5467829997915,39.58728899992545],[-76.54694299962507,39.58750400020369],[-76.54705399995316,39.58767799982452],[-76.54786300024016,39.58807500033142],[-76.547824999707,39.5882189998886],[-76.54820499964859,39.58835800019165],[-76.54866599978104,39.5884400000355],[-76.54887500001843,39.58851700014661],[-76.54905599976838,39.58857299992194],[-76.54924699956409,39.58867100011213],[-76.5496480003204,39.58890499973724],[-76.54974500040478,39.58897600008552],[-76.54984900016184,39.5890099997293],[-76.55003800030774,39.589022000291834],[-76.55038399991415,39.58903299982496],[-76.55062999996144,39.589007000107515],[-76.55078999979501,39.58902600024817],[-76.55088600005449,39.58904600002619],[-76.55097300009312,39.58910299970805],[-76.55105900030685,39.58916700029083],[-76.55114600034548,39.589304999745444],[-76.55119400002606,39.589363000236844],[-76.55131799987461,39.58940500025204],[-76.55141199958594,39.5894099998236],[-76.5515349996096,39.58939999998785],[-76.55168699994556,39.58937500004601],[-76.55184699977913,39.589350000095145],[-76.55224400033748,39.58930699971547],[-76.55258499992101,39.58929299992421],[-76.55293600044861,39.589323000165756],[-76.55311600037366,39.58938499988537],[-76.55324900044306,39.589434000115794],[-76.55339400020802,39.58962200015566],[-76.55402400039488,39.5903689998654],[-76.55440500016138,39.590840999860234],[-76.55506499958713,39.591657000045245],[-76.55514999997595,39.591788000088194],[-76.55518699978587,39.59187500011195],[-76.55522000029615,39.59209100029531],[-76.55524700006033,39.59216999969739],[-76.55528399987026,39.59220099967479],[-76.55533900012183,39.592224000095634],[-76.55544000040418,39.592241999757505],[-76.55553099974246,39.592289000160186],[-76.55556099987969,39.59231800020127],[-76.55558599999404,39.592345999942964],[-76.55560100006267,39.592378000128406],[-76.55560500026063,39.59242200027264],[-76.5555969998647,39.59249599994882],[-76.55560600008552,39.592672000058435],[-76.55561299975821,39.59281899990168],[-76.55563399967461,39.59293699966318],[-76.55565600031424,39.59297999986658],[-76.55571499986549,39.59304199977471],[-76.5558010000792,39.593121999752896],[-76.55587999972192,39.593191999658],[-76.55590200036153,39.59324200023921],[-76.55590900003423,39.59327400001072],[-76.55588800011783,39.593330000094504],[-76.55590700038441,39.5934199996893],[-76.55594400019432,39.593462000013936],[-76.55596699976054,39.59349199983471],[-76.5559919998749,39.59351999979415],[-76.55599900044591,39.593544000047046],[-76.5559919998749,39.593570000138556],[-76.55596599993564,39.59361100010331],[-76.55594300036942,39.59364000028322],[-76.55592400010285,39.59366199995806],[-76.55591200040729,39.59368800000533],[-76.55591300023218,39.593728999900236],[-76.55594599984414,39.59376900019642],[-76.55603200005788,39.593850999866135],[-76.55607300006577,39.59386399985549],[-76.55612499994429,39.59387899968046],[-76.55621500035598,39.593899999706814],[-76.55631900011306,39.59392599966471],[-76.55642799989302,39.59394499984078],[-76.55652099977941,39.593973000309354],[-76.55658799972656,39.5940129997724],[-76.55662999955936,39.59402800025734],[-76.55665999969659,39.59401599986968],[-76.55669300020686,39.59402300032681],[-76.55670699955226,39.5940369998545],[-76.55671199957513,39.594080000067336],[-76.55670300025263,39.59419200027094],[-76.55667999978809,39.594280999870996],[-76.55662000041194,39.59435899997868],[-76.55660199997027,39.594449000313276],[-76.55659799977232,39.59449499965461],[-76.55661899968872,39.59453800027533],[-76.55673500003965,39.59459299977473],[-76.55739600018865,39.59474899989189],[-76.55868599980127,39.59506899967169],[-76.55878399971057,39.595114999985775],[-76.55892199980282,39.595197999692644],[-76.5591660002003,39.595347999753045],[-76.5594759998217,39.595596000266376],[-76.55973399956456,39.5958010000818],[-76.56006699965049,39.596055999917176],[-76.55972799971678,39.59695900014965],[-76.55946400012614,39.59765999967899],[-76.55971900039425,39.598256000064666],[-76.55979200018918,39.59872400022447],[-76.55994199997701,39.59895700031112],[-76.560202000268,39.599175999743345],[-76.5605040003918,39.59924999981848],[-76.56067099989806,39.59936700020619],[-76.56085800039412,39.599643999916275],[-76.56102300025059,39.60027000018772],[-76.56158700031519,39.60156500008684],[-76.56176800006516,39.60285899986045],[-76.56185500010379,39.603050999988824],[-76.5618989995864,39.603175999847565],[-76.56193100027178,39.60327199988492],[-76.56194899981512,39.60336199971258],[-76.56198899999809,39.60362300014315],[-76.56199499984587,39.60386500006392],[-76.56201499993736,39.603930999706805],[-76.56204199970153,39.60398499993411],[-76.56209299975518,39.60403500033769],[-76.56215700022757,39.60409700004057],[-76.56218099961872,39.604121000089215],[-76.56219700041055,39.60415200025516],[-76.56221099975593,39.60419200006923],[-76.56221099975593,39.60421600008496],[-76.5621999998853,39.604260000322945],[-76.56218999983953,39.60430200030383],[-76.56216899992314,39.60432899993203],[-76.56216200025045,39.604351999786445],[-76.56216499972518,39.60439200017707],[-76.5621720002962,39.604437999836414],[-76.56216999974806,39.60450599984861],[-76.56218099961872,39.60456099973837],[-76.56219800023547,39.6045819999868],[-76.56223000002251,39.604601000008266],[-76.56227400040343,39.604637999925956],[-76.56229600014476,39.604665000115226],[-76.562326000282,39.60472599983768],[-76.56233899980245,39.60481800006628],[-76.56235100039635,39.60493799966923],[-76.56239400005404,39.60505799975634],[-76.5624750002449,39.60516599979537],[-76.56249899963603,39.605212000324755],[-76.56252600029852,39.605280000268955],[-76.56253600034427,39.60532800023011],[-76.562538999819,39.60538300015915],[-76.56255300006269,39.60543800004446],[-76.56259999991838,39.60548000000293],[-76.56266299966755,39.60552899992234],[-76.56269199997988,39.60556900032519],[-76.56270600022357,39.60560799991708],[-76.56271999956897,39.6056820000407],[-76.5627299996147,39.605735000192894],[-76.56275300007925,39.60578800030446],[-76.5627770003687,39.605823000094766],[-76.56277999984343,39.60585599968308],[-76.56277300017074,39.60591400015881],[-76.56276200030008,39.605958000009984],[-76.56274200020859,39.605982000105755],[-76.56271799991916,39.60601300013069],[-76.56269700000276,39.606043000052246],[-76.56270500039867,39.60606399985122],[-76.56272799996489,39.606093999750684],[-76.56275899992703,39.6061310002548],[-76.56280300030795,39.60616499978404],[-76.56287100008002,39.606196999814244],[-76.56289399964625,39.6062180002586],[-76.56290399969198,39.60623900000448],[-76.56289700001929,39.606305000153085],[-76.56289199999642,39.606408999986975],[-76.56287299972985,39.60648600019586],[-76.56287899957762,39.60654899986269],[-76.56287500027798,39.60661699987815],[-76.56285400036158,39.60679300009663],[-76.56283000007214,39.6068560001762],[-76.56279599973696,39.60691100027574],[-76.56275399990417,39.60695899979839],[-76.56271000042155,39.60701700004231],[-76.56266900041365,39.6070750002376],[-76.56262400020782,39.6071179999692],[-76.56258999987263,39.607130000163174],[-76.56255800008557,39.607157000072874],[-76.56255499971252,39.607185000045064],[-76.56255800008557,39.6072270003281],[-76.56256599958319,39.6072879998699],[-76.56254100036715,39.607411000246145],[-76.56251399970463,39.60747000018032],[-76.5625110002299,39.607529000064154],[-76.56248699994046,39.60757599978318],[-76.56242900021417,39.6076199999624],[-76.56226500018262,39.607637999776],[-76.56219099966445,39.607670999883524],[-76.56207699986163,39.607827000304674],[-76.56204699972442,39.60784600012784],[-76.56200599971652,39.607882999695754],[-76.56198700034827,39.607959000279976],[-76.5620030002418,39.60801400019547],[-76.56202499998311,39.60803700021005],[-76.56208400043265,39.60804900024475],[-76.56212799991528,39.60805700003603],[-76.56214299998389,39.60807899997628],[-76.56215300002962,39.60810899969485],[-76.56215399985454,39.60813299973716],[-76.56215600040268,39.60814300032908],[-76.56218800018972,39.60820000021501],[-76.5622080002812,39.6082370002858],[-76.56222499999964,39.60828500027341],[-76.56222199962659,39.60832299966323],[-76.56222300034983,39.608351999912074],[-76.5622359998703,39.608379000037345],[-76.56227400040343,39.60840999968117],[-76.56267000023857,39.608791999667424],[-76.56317700040177,39.60936100002748],[-76.56396599969896,39.610221999977014],[-76.5641430001493,39.61041399975962],[-76.56426699999784,39.61082000025698],[-76.56427200002072,39.61100999972989],[-76.56429600031018,39.611156000085124],[-76.56419300037801,39.61155300029528],[-76.5642000000507,39.61180300023388],[-76.56430899983064,39.6123260001447],[-76.56449100030383,39.6127449997155],[-76.56482199984164,39.613436000181814],[-76.56518900026275,39.614503999726146],[-76.56540099997486,39.619517999857656],[-76.56540199979976,39.619553000318724],[-76.56548899983841,39.62200400023017],[-76.56578900031236,39.62540299965927],[-76.56579199978711,39.62553700033209],[-76.5660939999109,39.63620200033581],[-76.56609499973581,39.63622099998022],[-76.56626700016325,39.63949100011629],[-76.56627800003392,39.63971399979176],[-76.56656599991402,39.64686799985759],[-76.56672400009775,39.6507929999985],[-76.56673099977044,39.65096500008979],[-76.56688300010642,39.654817000027734],[-76.5668820002815,39.65483299986282],[-76.56686600038798,39.655702000298604],[-76.56670999985406,39.66268899989134],[-76.56670800020422,39.66276399979373],[-76.5667559998848,39.664287000100174],[-76.56716400031381,39.677200999982276],[-76.5671579995677,39.677217000166124],[-76.5671939995527,39.67814100000199],[-76.56719500027594,39.67818200033984],[-76.56738199987369,39.68407800021659],[-76.56738900044469,39.684302000196624],[-76.56746300006454,39.684430999802956],[-76.56789099968671,39.685178999752964],[-76.56789099968671,39.68528099996674],[-76.56789200040996,39.68530599983351],[-76.56789599970959,39.685379999745535],[-76.56806899996195,39.68720500025296],[-76.5680999999241,39.68796100010703],[-76.56810999996983,39.69077399972323],[-76.56810999996983,39.69087599996663],[-76.56813099988624,39.69137700023465],[-76.56816799969616,39.69200900005827],[-76.56818899961256,39.69237000029018],[-76.5681929998105,39.692465000073824],[-76.56822200012282,39.6931490003248],[-76.56822499959758,39.69322600006909],[-76.56833699975057,39.69588899990967],[-76.56847999986569,39.69930599975634],[-76.5684940001094,39.69964299976317],[-76.56903300005965,39.7126179998164],[-76.56910199965662,39.71427500024761],[-76.56937199999335,39.720806000203496],[-76.56940799997837,39.7209880002644],[-76.56943200026782,39.721172000149046],[-76.56944899998626,39.72117799967888],[-76.56965200037584,39.721179000176264],[-76.57005499988367,39.72117100034253],[-76.57046300031266,39.721152999676754],[-76.57071000018489,39.72114199972821],[-76.57088500008706,39.721133000083064],[-76.57141300016666,39.72110999967948],[-76.57158899989376,39.72110199983774],[-76.57276399987865,39.72114099992126],[-76.57628999965823,39.72125800003947],[-76.57746600036634,39.72129799983946],[-76.57874799958302,39.72129799983946],[-76.58259399992806,39.721300999944404],[-76.58387600004306,39.72130199974904],[-76.58550100028977,39.72121800021623],[-76.59037699995642,39.72096700012247],[-76.59200300002801,39.720883999992296],[-76.59546199986043,39.720449000123864],[-76.59745700000298,39.72063900033245],[-76.60142700019657,39.72129900033509],[-76.60942500031007,39.7212970000347],[-76.61519099955628,39.721201999865926],[-76.61835099963795,39.721201999865926],[-76.627830999883,39.721201999865926],[-76.6289499997914,39.72120299967199],[-76.6292300001739,39.721201999865926],[-76.6309909999647,39.721201999865926],[-76.63150300015077,39.72120000025369],[-76.63842400018868,39.72117699987245],[-76.64459500038913,39.721100000222606],[-76.64554000022027,39.721100000222606],[-76.64735600026265,39.721100000222606],[-76.65280400038984,39.72110199983774],[-76.65462100025715,39.72110300033622],[-76.6547650001972,39.721104999951216],[-76.65496299966559,39.72110700025718],[-76.65788199972285,39.7211299999708],[-76.65914999959416,39.72112399974583],[-76.66295400010641,39.72110999967948],[-76.66422299980262,39.721104999951216],[-76.66487700027892,39.72110199983774],[-76.66684300010914,39.72109300018737],[-76.66749800041035,39.72109099988106],[-76.66935899976028,39.7210979999165],[-76.67027000015452,39.72113099977792],[-76.6714939996449,39.7211299999708],[-76.67204199981599,39.7211299999708],[-76.6749430003299,39.72111900001859],[-76.67680500040304,39.721126999858356],[-76.67709499993296,39.72112399974583],[-76.67796600014424,39.72111900001859],[-76.67825700039737,39.72111699971304],[-76.67960499973633,39.72111299979266],[-76.68365299974771,39.72110400014373],[-76.68500199980986,39.72110100003021],[-76.68508600037376,39.72110100003021],[-76.68533999991868,39.72110199983774],[-76.6854250003075,39.72110300033622],[-76.68559299963866,39.72110199983774],[-76.68694900027184,39.72110100003021],[-76.68831900025039,39.721100000222606],[-76.69152199998979,39.721097000108905],[-76.69304699977904,39.721097000108905],[-76.69689399994898,39.72110199983774],[-76.69704600028496,39.7210979999165],[-76.69750499986925,39.721090000073374],[-76.69765800003015,39.72108799976693]]]},"properties":{"NAME":"Baltimore County","GEOID":"24005"}}]}