{"type":"FeatureCollection","features":[{"type":"Feature","geometry":{"type":"Polygon","coordinates":[[[-80.7055120004453,35.08416299989619],[-80.70542700005649,35.08422300013635],[-80.70519500025289,35.08440200012491],[-80.70428399985865,35.08510300030302],[-80.70420400039103,35.0851629998517],[-80.70395999999356,35.08534999995077],[-80.70389600041945,35.08539900019673],[-80.70335200044632,35.085817000303216],[-80.7032749995551,35.085885999690966],[-80.70321400035405,35.085939999650535],[-80.70253300011358,35.0864350001867],[-80.70251100037225,35.08645099990741],[-80.70242000013567,35.08653300008066],[-80.70176900003241,35.08703299992693],[-80.70099499990553,35.087601999789776],[-80.7006419997281,35.087948000044335],[-80.70030799981726,35.08818200031075],[-80.70006900034097,35.088373999990246],[-80.69982999996638,35.08856599995281],[-80.69959099959179,35.08875899987693],[-80.6993520001155,35.08895099966822],[-80.69911299974089,35.089144000151386],[-80.69887400026461,35.08933599977133],[-80.69863499989,35.08952900007847],[-80.6985849996613,35.08956900006211],[-80.69839600041372,35.08972100026216],[-80.69815700003913,35.08991399965816],[-80.69791799966451,35.09010599967053],[-80.69767900018823,35.09029900036057],[-80.69744099963854,35.09049100020154],[-80.69720200016225,35.09068399998045],[-80.69696299978766,35.09087599965012],[-80.69672400031138,35.09106800033775],[-80.69648499993679,35.09126100022122],[-80.69624599956217,35.091453000002424],[-80.69600700008588,35.09164599970978],[-80.69599100019235,35.091659000214435],[-80.69576799971128,35.091838999695376],[-80.69552900023498,35.09203100032085],[-80.69528999986039,35.092224000130294],[-80.69505100038411,35.092415999849315],[-80.69491800031471,35.09252300027366],[-80.69397599995833,35.09328199995438],[-80.69385600030773,35.0933779997274],[-80.69361699993313,35.093571000023914],[-80.69346799997022,35.0936920002015],[-80.69273400002629,35.09428199982566],[-80.69242299968167,35.09453300024126],[-80.69218400020539,35.094724999668706],[-80.69194499983078,35.09491799971703],[-80.69170600035449,35.0951099997079],[-80.6914669999799,35.095303000314914],[-80.69122799960529,35.09549500013422],[-80.690989000129,35.09568799982994],[-80.69094200027334,35.095725999811435],[-80.69086500028045,35.09578800028474],[-80.6907499997544,35.09588000021263],[-80.69051100027812,35.0960729997321],[-80.69027199990353,35.096266000264684],[-80.68979300022771,35.096650999642485],[-80.68955499967804,35.09684299996249],[-80.68931500037684,35.097036000142346],[-80.68883900017578,35.09741899967955],[-80.68859800015136,35.09761300027086],[-80.68835999960164,35.09780499979538],[-80.68788199975077,35.09818899969286],[-80.68764300027448,35.09838200036135],[-80.68740399989989,35.09857400027985],[-80.68716299987547,35.098768000327716],[-80.68692500022408,35.0989600000721],[-80.68668599984949,35.0991520000993],[-80.68644700037319,35.09934499995802],[-80.6862079999986,35.09953699981344],[-80.68597000034721,35.09972899995169],[-80.68593799966185,35.09975400030769],[-80.68580899979042,35.09985799982506],[-80.68452300037576,35.100893999871744],[-80.68148200011977,35.103342000322684],[-80.6814279996931,35.10338500011216],[-80.68139799955587,35.103408999848135],[-80.68118800039188,35.103578000238365],[-80.68108999958429,35.10365599990459],[-80.68107299986586,35.10367000019477],[-80.68071100036592,35.10396200013558],[-80.68047199999133,35.10415500036541],[-80.68023299961673,35.104346999915926],[-80.67999400014045,35.104539999969084],[-80.67975499976582,35.104732000082585],[-80.67951600028954,35.104923999743825],[-80.6792669998692,35.10511900032626],[-80.67901900017209,35.10531399970728],[-80.67876999975174,35.10550900009161],[-80.67852200005461,35.105704000009425],[-80.67827299963429,35.10589900019557],[-80.67802499993716,35.106093999915224],[-80.67777600041514,35.106288999903214],[-80.6775279998197,35.10648400015958],[-80.67728000012258,35.1066789999494],[-80.67703099970224,35.10687400000759],[-80.67688699976219,35.106986000044884],[-80.67463600042493,35.10875299975844],[-80.67454699983817,35.10882399991492],[-80.67429800031613,35.10901899998507],[-80.6740570002917,35.10921099983571],[-80.67381500044237,35.10940199980857],[-80.67357400041796,35.10959400022666],[-80.67329700040852,35.109814000134214],[-80.67284999962146,35.11016900008551],[-80.67260799977213,35.11036100016625],[-80.6723669997477,35.11055199964844],[-80.67212599972328,35.1107440002965],[-80.67188399987394,35.110935999757366],[-80.67164299984951,35.11112700009643],[-80.67140100000017,35.11131900012459],[-80.67115999997576,35.11151099970037],[-80.67091899995133,35.1117030002935],[-80.67067399972895,35.11189699995871],[-80.67043600007757,35.112085999995216],[-80.67019400022824,35.1122779999684],[-80.6699530002038,35.11246900010135],[-80.66971200017939,35.11266099990691],[-80.66947000033007,35.112852999994914],[-80.66922900030562,35.113044000249786],[-80.66898699955799,35.1132360001702],[-80.66874600043188,35.11342799963819],[-80.66869299983011,35.11346899976448],[-80.6685089997071,35.11361599968928],[-80.6682629996598,35.11381100005011],[-80.66799400004628,35.11402100002979],[-80.66772399970955,35.114230000102104],[-80.66742300030897,35.114462999793325],[-80.66664599980903,35.11506899971156],[-80.66647299955667,35.11520400009075],[-80.66395100005775,35.117198999783554],[-80.663792999874,35.11732699986673],[-80.66354900037486,35.11752200016369],[-80.66342499962799,35.117622000285664],[-80.65946399965523,35.1208009999396],[-80.65927200003459,35.12095499999125],[-80.65926199998886,35.120963000138644],[-80.6592369998745,35.12098299976897],[-80.6591659997294,35.12104000004775],[-80.65892899990293,35.121231000214195],[-80.65867899965767,35.12143100004697],[-80.65843599998342,35.12162600007243],[-80.65819199958595,35.12182199963895],[-80.65794899991171,35.1220170001979],[-80.65770500041255,35.1222120002901],[-80.65746199984,35.122407999916085],[-80.6571530000435,35.12265499969905],[-80.65697499976827,35.12279899996166],[-80.65673399974385,35.12299199966439],[-80.65648799969655,35.123189000343565],[-80.65624400019739,35.123384999822896],[-80.6560399999829,35.123548000012896],[-80.65600099962484,35.12358000031391],[-80.65575700012567,35.12377600032188],[-80.65551399955311,35.123970999876754],[-80.65527000005396,35.1241669996786],[-80.65502700037969,35.124361999766904],[-80.65478299998225,35.1245570001231],[-80.6545410001329,35.12475499992794],[-80.65435799983479,35.12489700021147],[-80.65430000010848,35.12494600020013],[-80.65417200006196,35.125047999962],[-80.65410400028989,35.1251050003351],[-80.65405900008406,35.12514099989283],[-80.65380299999102,35.12533899974747],[-80.65377899970156,35.12535699984398],[-80.65355100009594,35.125534999931006],[-80.65173900025151,35.12695300017858],[-80.65138799972391,35.12722700003209],[-80.65079400042039,35.127692000143284],[-80.65054599982494,35.12788599994035],[-80.65029700030293,35.128080999941076],[-80.65004200003479,35.128278999995246],[-80.64979199978954,35.12847499971579],[-80.64954200044261,35.1286699997755],[-80.64929200019733,35.128866000024395],[-80.64904100012718,35.12906199980152],[-80.64879599990479,35.12925999967464],[-80.64853999981175,35.1294540001447],[-80.6482889997416,35.12964999997597],[-80.64803900039465,35.12984600007025],[-80.64779400017227,35.13004300033435],[-80.64754899994989,35.13024000012187],[-80.64730399972748,35.130436000265426],[-80.64705900040343,35.13063299983689],[-80.64681400018104,35.130829999666474],[-80.64656899995867,35.1310269997541],[-80.64632399973627,35.13122400009986],[-80.64608000023712,35.13141900018899],[-80.64606400034359,35.13143100033747],[-80.64584099986253,35.13161100014834],[-80.64559200034049,35.13181200009135],[-80.64534399974507,35.13201300027283],[-80.64525800042965,35.13208200023174],[-80.64441200033274,35.13276100020065],[-80.64360399987065,35.133410999881306],[-80.64263099955213,35.13419299970699],[-80.6411500001438,35.13538099988141],[-80.64094400027948,35.1355609997759],[-80.6406920003844,35.13575099984496],[-80.6402019999396,35.136144000142785],[-80.63971200039317,35.13653799983993],[-80.63923000034433,35.1369260001655],[-80.63874800029546,35.13731499992879],[-80.63826600024663,35.137703000224406],[-80.63778099982473,35.13809199994809],[-80.6375530002191,35.13827700022389],[-80.6370610001245,35.138673000219214],[-80.63657900007567,35.139061999715466],[-80.63618099969241,35.139381999966005],[-80.63601199963799,35.1395180002425],[-80.63561400015305,35.13983800016969],[-80.63537300012864,35.140031999678364],[-80.63513200010422,35.140226000193856],[-80.63508799972328,35.14026099989683],[-80.63489100007979,35.140420000247],[-80.63465000005537,35.140613999837846],[-80.63459399997886,35.140659000078244],[-80.63454799994811,35.14069699965787],[-80.63416800000651,35.14100300034305],[-80.63345099978103,35.141579999876214],[-80.6329629998844,35.14197299994871],[-80.63256399967622,35.14229500002194],[-80.63248099983555,35.14236199983599],[-80.63228900021493,35.142516000252115],[-80.63125399997212,35.14334999993365],[-80.63082899982469,35.14369600005731],[-80.62830200030291,35.14572500024709],[-80.62670700019345,35.1469990001783],[-80.62616599969505,35.14744699982972],[-80.62441300030017,35.148857999754014],[-80.62428500025365,35.14896100008551],[-80.62404400022922,35.149154999885205],[-80.62191500019237,35.150871999880415],[-80.62020700010503,35.15224400023019],[-80.6194959997273,35.15281599978934],[-80.61922200009093,35.15303700009448],[-80.61874000004208,35.1534250003612],[-80.61825700016833,35.1538130002466],[-80.61813099977162,35.15391499983364],[-80.6176989999515,35.15426200018583],[-80.61625299980494,35.15541800024417],[-80.61621299962198,35.155451000100015],[-80.61594900003134,35.155660000345],[-80.61568799991542,35.15586799972892],[-80.61542699979951,35.1560769996371],[-80.61516300020888,35.156294999675545],[-80.61489899971991,35.15651299986428],[-80.61463400030436,35.1567310002033],[-80.61436999981541,35.156948999958146],[-80.61419200043848,35.15709599998523],[-80.61373299995586,35.15747399988441],[-80.61357700032026,35.15760199982137],[-80.61331299983128,35.15782000017989],[-80.6128850002091,35.15814500013168],[-80.61262699956794,35.15835799977084],[-80.61250000024465,35.15846399996966],[-80.61237300002303,35.15856800018287],[-80.61193899965477,35.158927000285544],[-80.61180800013352,35.15903400002811],[-80.61168500010986,35.159135000129574],[-80.61132600008466,35.15942299988296],[-80.61085599973138,35.159800999985556],[-80.61066400011077,35.15995499971421],[-80.61011799958949,35.16039500006011],[-80.61009300037345,35.16041500028636],[-80.61004599961947,35.160453000188554],[-80.6093579997063,35.16100600023512],[-80.60921700013932,35.16111699975027],[-80.60897399956674,35.161307999904466],[-80.60873000006761,35.16149900034455],[-80.60849800026399,35.161690999854244],[-80.60843999963937,35.16173799995972],[-80.6084270001189,35.16174800027552],[-80.60826200026246,35.161883999895316],[-80.60798000023014,35.16210199979424],[-80.60769700037292,35.16231999984333],[-80.60741699999046,35.16253800004248],[-80.60706100033829,35.16281000008476],[-80.60673800029811,35.1630650003539],[-80.60658599996215,35.16318900010374],[-80.60605600023271,35.16361999999053],[-80.60579099991884,35.163835999924835],[-80.60552599960498,35.164050999796395],[-80.60541900037317,35.16413399994659],[-80.60482500017133,35.16460300013258],[-80.60452200022263,35.16484299965297],[-80.60427100015247,35.165040999880766],[-80.6040200000823,35.165239000360835],[-80.60376900001212,35.16543700035891],[-80.60351799994196,35.16563499987487],[-80.60339999994119,35.165730000109406],[-80.6032740004428,35.16582900030534],[-80.60303000004532,35.16602300027308],[-80.60278599964786,35.16621699977797],[-80.60254299997362,35.16641100028883],[-80.60229899957615,35.16660500033688],[-80.60215600035933,35.16671799993585],[-80.60161499986093,35.167149000213854],[-80.60132299978288,35.1673810003072],[-80.60107900028372,35.167575000244256],[-80.60105199962123,35.167596999799116],[-80.60083599971117,35.16776899971851],[-80.6007450003729,35.167841000003726],[-80.59984099965132,35.168558999747695],[-80.59973500024444,35.16864500020417],[-80.59961499969552,35.16874200019151],[-80.59937600021924,35.16893400022646],[-80.59883600044405,35.169355999819196],[-80.5985429996428,35.16958599991406],[-80.59795799966179,35.17004500020535],[-80.59736900038114,35.17052699974919],[-80.59678000020216,35.17100799996945],[-80.59626999966589,35.171415000023295],[-80.59576099985289,35.171821000114846],[-80.59528600037504,35.17219999999492],[-80.59474099967869,35.17263500032632],[-80.59423199986567,35.17304200031318],[-80.59372200022773,35.17344899973119],[-80.59346799978451,35.17365200009204],[-80.59298200043602,35.17404699965617],[-80.59249700001412,35.17444300033404],[-80.59201199959223,35.17483799972653],[-80.59152700006864,35.175233000136906],[-80.59104199964675,35.175628000096644],[-80.59056399979586,35.17601799995848],[-80.59007199970128,35.176419000203936],[-80.5895870001777,35.176814000275186],[-80.58934399960513,35.17701199999025],[-80.58901300006733,35.17726799984152],[-80.58868199963122,35.1775230002973],[-80.58817600019124,35.17793899978458],[-80.58767099967787,35.17835400003241],[-80.58716600006281,35.178769000364284],[-80.58665999972452,35.179184000045865],[-80.58630200042252,35.17947800022244],[-80.58615500010944,35.17959899981138],[-80.58564999959606,35.180013999660815],[-80.58538699983033,35.180221999904575],[-80.5851249998895,35.18042900032828],[-80.58433800024214,35.18105299994798],[-80.58403000027056,35.18131000030003],[-80.58372200029898,35.1815659998313],[-80.58341400032742,35.18182300002965],[-80.58316400008215,35.18202100002535],[-80.58291399983689,35.182219000272866],[-80.58266399959165,35.182418000035696],[-80.58241400024471,35.18261600005028],[-80.58216399999947,35.18281500030945],[-80.5819139997542,35.18301300009109],[-80.58185799967771,35.18305699965072],[-80.5793870002324,35.18501599995691],[-80.57893299977266,35.185378999880626],[-80.57841300008899,35.18578999976045],[-80.57816299984373,35.18598799963589],[-80.57791199977355,35.18618699971429],[-80.57766200042661,35.18638500009082],[-80.57741200018137,35.18658299998487],[-80.57716199993611,35.18678200007457],[-80.57690400019325,35.18698999988354],[-80.57664499972715,35.18719799989432],[-80.57638600015939,35.187407000043],[-80.57612800041653,35.18761499972052],[-80.57509300017372,35.18844799963732],[-80.57456199972107,35.188863999738],[-80.5742970003055,35.189072000090924],[-80.57403100016674,35.1892799999114],[-80.57376500002795,35.18948700002298],[-80.57349999971407,35.18969500024937],[-80.57321500020704,35.18993499984897],[-80.57293099962659,35.19017400030583],[-80.57267600025679,35.19037700000962],[-80.57113300002587,35.19160999979862],[-80.57089100017653,35.19180100026652],[-80.57064500012923,35.191993000165205],[-80.57039999990687,35.19218600022169],[-80.57015399985956,35.19237799994467],[-80.56990899963718,35.19257099982067],[-80.56980300023028,35.192653000348116],[-80.56966299958988,35.19276300010207],[-80.5694249999385,35.19295599979762],[-80.56894799991254,35.193342000015626],[-80.56847099988656,35.193727999867846],[-80.5679949996855,35.19411499994206],[-80.56751799965951,35.19450099979205],[-80.56728000000814,35.194693999763345],[-80.56716100018245,35.19478999965442],[-80.56706800029603,35.19486499976566],[-80.56704099963353,35.194887000010276],[-80.56680299998217,35.1950799997987],[-80.56656399960755,35.19527299986265],[-80.5663269997811,35.19546700003916],[-80.56608800030482,35.195659999917844],[-80.56561200010376,35.196045999767655],[-80.56513500007777,35.1964319999856],[-80.56466600044772,35.19681200018099],[-80.56418100002583,35.19720499987311],[-80.56069299988107,35.20003100001359],[-80.55749599998947,35.20262100032573],[-80.55539700008987,35.204322000291114],[-80.55536000027993,35.204349000282946],[-80.55512400027838,35.20454300006898],[-80.55488499990379,35.20473599966867],[-80.55478600016959,35.20481600021635],[-80.5546470002524,35.20492900027768],[-80.55417000022642,35.20531500011961],[-80.55369300020047,35.20570100032874],[-80.55322100019735,35.20608400031823],[-80.55273999997343,35.20647400008212],[-80.55226299994743,35.20685999991999],[-80.55178599992146,35.20724600012492],[-80.55127600028352,35.20766000000906],[-80.55107100024411,35.20782500029475],[-80.5509370003498,35.207935000054334],[-80.55034899999576,35.2084120003634],[-80.55249499975103,35.20968400021021],[-80.55289499978412,35.209890999705586],[-80.55336400031248,35.21013200021181],[-80.5564490000511,35.21173399996713],[-80.55657399972458,35.21179899981633],[-80.55861300024804,35.21284699978734],[-80.56175599971299,35.21447900011696],[-80.56190300002608,35.21455300005861],[-80.56220000012699,35.214707999876374],[-80.56224399960959,35.214731000217135],[-80.5622700004472,35.2147440001516],[-80.56253200038802,35.21487999990545],[-80.56258500009146,35.21490700005616],[-80.56262199990138,35.21492599974906],[-80.5631879996158,35.215221999682726],[-80.56483799997686,35.21606699992435],[-80.56505600043505,35.216184999851365],[-80.56553000008799,35.21643199969682],[-80.56573500012739,35.21653599987041],[-80.56613099996251,35.21675299966236],[-80.56711799962643,35.21725400019956],[-80.56805400013504,35.21773799994105],[-80.56854100020675,35.217987000051465],[-80.56875700011682,35.21810300027238],[-80.56880899999535,35.21812500009316],[-80.56892899964595,35.21818399968304],[-80.57020300026336,35.218845999691816],[-80.57223900041377,35.21989800003412],[-80.57320099996335,35.220368000124836],[-80.57324899964392,35.220391000329535],[-80.57593800044572,35.22181400028633],[-80.57617100007423,35.22193099968584],[-80.57641999959625,35.22205999963739],[-80.57649199956629,35.22209699983028],[-80.5806600001266,35.22425100003047],[-80.58144699977396,35.224657999775786],[-80.58146100001767,35.22466499978782],[-80.58162500004921,35.22474899988497],[-80.5819070000815,35.224891999745516],[-80.5822379996193,35.22506599988769],[-80.58264100002543,35.2252750001936],[-80.5831039998077,35.225514000122445],[-80.58328299990784,35.22560600020526],[-80.58348600029744,35.225710999829325],[-80.58425200002841,35.22610699966303],[-80.58627300011022,35.22717700012523],[-80.58912699987015,35.22862599979171],[-80.58975299985906,35.22895099985876],[-80.59001899999782,35.22908700002201],[-80.59099200031635,35.22959000030145],[-80.59330399975298,35.230783999663856],[-80.59363500018908,35.23096100004652],[-80.5939669995518,35.23112599993111],[-80.59643200004761,35.23239999994825],[-80.59933000018849,35.23389699981426],[-80.59934500025709,35.23390499986034],[-80.59953500022789,35.23400700019608],[-80.59963599961192,35.234054999662234],[-80.5997329996963,35.23410500002374],[-80.59986999996366,35.23417600013189],[-80.60339699956815,35.23599699988854],[-80.60522699985424,35.2369409996608],[-80.60536699959634,35.23701499966518],[-80.60545799983292,35.23706200022777],[-80.60571800012391,35.23719599988701],[-80.60844100036259,35.238601000106335],[-80.60896199987118,35.23887100006033],[-80.60930500000288,35.23904899970685],[-80.61420999998184,35.241581000082775],[-80.61636099975999,35.24269399995593],[-80.6167139999374,35.242873999989506],[-80.61723000032143,35.243125999952234],[-80.62142499974762,35.24530599976765],[-80.62171699982567,35.24545699971543],[-80.62177700010011,35.24548799978169],[-80.62180300003939,35.24550099992427],[-80.62189299955277,35.245547000016984],[-80.62422599980411,35.24675200005643],[-80.62491999956505,35.247110000179866],[-80.62759500012315,35.24850800015452],[-80.62793400005688,35.248668999896225],[-80.6281340000734,35.24876900017629],[-80.62946100039426,35.24943299987569],[-80.62960399961109,35.24950600031407],[-80.63157000033962,35.25048800017318],[-80.63167099972364,35.250552999791246],[-80.63170199968579,35.250567999639244],[-80.63172099995236,35.25057700013356],[-80.6317379996708,35.25058500000162],[-80.63208500000043,35.25075700027414],[-80.63211099993971,35.25077000030551],[-80.6321670000162,35.250798000140236],[-80.63519499985341,35.252300000156986],[-80.63639300030283,35.252897999796936],[-80.63641900024209,35.25291100021856],[-80.63651600032648,35.25295900023356],[-80.63738900018757,35.253399000147326],[-80.63912800023708,35.25427000006219],[-80.63974500000514,35.25457600013433],[-80.64213400033297,35.25577700017261],[-80.64222300002143,35.25583399986832],[-80.64235600009083,35.25588200035313],[-80.64649199996576,35.25794900031324],[-80.646698999655,35.25806099994472],[-80.64957900025252,35.259491999729356],[-80.65144700017346,35.26042700018322],[-80.65284599956603,35.26112399995832],[-80.65293400032787,35.261167999732436],[-80.65300700012281,35.26120399992993],[-80.65317600017721,35.26128399982264],[-80.65457700011791,35.26198899977124],[-80.65559899994193,35.26249600034385],[-80.65594799992138,35.26267400020342],[-80.65802199970663,35.26370999980109],[-80.65809200002684,35.26375500010082],[-80.65886100013086,35.2641239998556],[-80.65892399988006,35.26416199965539],[-80.65924299972228,35.26431999994445],[-80.6594620000054,35.26443000013087],[-80.65964899960314,35.26452400025192],[-80.65988399977977,35.264637000050165],[-80.66518499959388,35.26728899981762],[-80.66546599980127,35.26742899969972],[-80.66575299985645,35.267573000269095],[-80.66609500016321,35.267746999790425],[-80.6664180002034,35.26790400001157],[-80.66648000012769,35.26793399988374],[-80.66668299961897,35.26818999985674],[-80.6669320000393,35.26853099965022],[-80.66703599979638,35.26869100029098],[-80.66709299969777,35.268789999672066],[-80.66715299997223,35.26890799991718],[-80.66716999969069,35.268951999865145],[-80.66724000001086,35.26911900025027],[-80.66727299962284,35.2692260000701],[-80.66733999956999,35.26944200007102],[-80.66744199967724,35.269964999793],[-80.66749399955577,35.27025000004747],[-80.667643000417,35.27105199999704],[-80.66764699971664,35.27107499976417],[-80.66772299988463,35.27149599996005],[-80.66785099993115,35.272116999711194],[-80.66795200021349,35.27244400000161],[-80.6682769999035,35.27331699980088],[-80.66840699959984,35.273661999910104],[-80.66849399963849,35.273853999774474],[-80.66864799962427,35.27413999988212],[-80.66880300033327,35.274341999734304],[-80.66891700013609,35.27446100029003],[-80.66913399987108,35.274668000248525],[-80.66938699959105,35.274910000060636],[-80.66969799993568,35.275190999965645],[-80.66979699966988,35.27529400001815],[-80.66995599967855,35.275488000316656],[-80.67004799974005,35.275631999761494],[-80.67010399981655,35.275745999782075],[-80.67012999975582,35.275834000292946],[-80.67016099971795,35.27599699991161],[-80.67018400018249,35.27625699983919],[-80.67019699970297,35.27651100003429],[-80.6702119997716,35.276700000303585],[-80.6702279996651,35.27698799976107],[-80.67031700025188,35.2782310000451],[-80.67053399998684,35.27884900013263],[-80.67121000020447,35.28077799987498],[-80.6712470000144,35.28088799971398],[-80.67145600025177,35.28150700030192],[-80.67198400033135,35.2830719996621],[-80.67248899994644,35.28456800007312],[-80.67314599989744,35.28650200014515],[-80.67318600008042,35.28662000025124],[-80.67366800012928,35.288044999840125],[-80.67382999961266,35.28852199982029],[-80.67386399994786,35.28862200004854],[-80.67440000042338,35.290204999987],[-80.67471000004477,35.29112099994541],[-80.6747250001134,35.29116599968184],[-80.67473900035709,35.29120500011759],[-80.67494500022143,35.29181200035941],[-80.67539499958491,35.29314299968114],[-80.67558000043114,35.293721999664946],[-80.67570699975444,35.29406399982943],[-80.67575299978519,35.294202000181265],[-80.67579899981594,35.29433499987257],[-80.67594899960376,35.29478099992155],[-80.67617000043502,35.2954330000388],[-80.67645699959188,35.296276000196436],[-80.67659800005718,35.29669699988729],[-80.67662599964629,35.296779000028565],[-80.67676899976142,35.297201000085245],[-80.67686199964784,35.297477000120445],[-80.67696899977796,35.29779400022678],[-80.67706800041047,35.298073999861494],[-80.67722599969592,35.29854199983231],[-80.67741700038994,35.2991109997903],[-80.67781999989775,35.30030400007485],[-80.67783599979128,35.300351999870024],[-80.67784199963906,35.300371000071294],[-80.6778879996698,35.30050799992418],[-80.67811699999866,35.3011950001088],[-80.67839599965792,35.301380999949394],[-80.67846900035117,35.30144999978155],[-80.67914399984555,35.302076999958594],[-80.67945000016732,35.3034139996565],[-80.67947799975639,35.30353499994875],[-80.68095300021525,35.309976999662325],[-80.68096099971288,35.31008500036136],[-80.68116499992736,35.310837000226606],[-80.68131100041555,35.31121499985616],[-80.68137699963947,35.31138699968079],[-80.68148299994469,35.31166000009622],[-80.6820190004202,35.31304799965341],[-80.68211999980421,35.31330999977258],[-80.682125999652,35.313327000162225],[-80.6829209996953,35.315385000240845],[-80.6829490001827,35.31546199991558],[-80.68301699995477,35.3156470001197],[-80.68307100038145,35.31579599979805],[-80.68362899969996,35.31750400019895],[-80.68405499967231,35.31880899964839],[-80.68528400008387,35.32256899991398],[-80.6853639995515,35.32281299964825],[-80.68537199994742,35.32283800030036],[-80.68609099982274,35.32503999970667],[-80.68643999980218,35.32611000002351],[-80.6870809998597,35.32806999979961],[-80.68714000030924,35.3282529996771],[-80.6871450003321,35.32826799979287],[-80.687214999754,35.328479999714375],[-80.68774399965851,35.33009699998448],[-80.68828900035486,35.331764999964705],[-80.68941999995882,35.335228999765604],[-80.68953999960942,35.33559499966746],[-80.68956200024904,35.33566499993241],[-80.68978999985468,35.33636300011605],[-80.6899530000613,35.33686099984391],[-80.69013899983412,35.33742999992181],[-80.69029799984278,35.33791599998539],[-80.6908469998388,35.33959499972269],[-80.69091499961084,35.33980299968857],[-80.69158400015576,35.34184999967371],[-80.69190899984578,35.34284399980384],[-80.69228299993958,35.34400399971096],[-80.69243699992536,35.34446300032187],[-80.69244500032129,35.34448800013982],[-80.69262699989616,35.34505800019066],[-80.69282100006494,35.34564900007312],[-80.69285500040013,35.34575499965548],[-80.69306100026445,35.34637900019818],[-80.69354800033615,35.34667600013373],[-80.69365399974306,35.34673399975196],[-80.69369999977381,35.34675599982369],[-80.69377199974383,35.346793999666936],[-80.6954730001585,35.34775900035887],[-80.69673600000694,35.34847600000492],[-80.69695799976478,35.348601000134835],[-80.69735799979786,35.348827000025175],[-80.69764599967796,35.34899100002952],[-80.6982390000549,35.34932700014228],[-80.69923599976454,35.3498909997015],[-80.69986099992852,35.35024599994043],[-80.70350200023414,35.352305999672375],[-80.70398299955977,35.352580999851206],[-80.70413700044385,35.352666000036784],[-80.70434900015596,35.352785999801625],[-80.70457400028687,35.352914000135804],[-80.70481399958807,35.35305000026864],[-80.7048799997103,35.353091000355334],[-80.70616900039633,35.35381700030139],[-80.7066969995776,35.354115000075396],[-80.70702100034104,35.35429899966212],[-80.70714600001449,35.35436999991612],[-80.70738399966588,35.35450399964763],[-80.7078079999884,35.354745000201774],[-80.70796299979911,35.35483199971435],[-80.70811500013507,35.35491799979732],[-80.70887800039132,35.355349999697616],[-80.71023099975311,35.35628299982403],[-80.71049400041717,35.35646500023338],[-80.71053299987692,35.35649200009815],[-80.7112569997751,35.35699100034248],[-80.71222800044379,35.357661999975186],[-80.7132219997804,35.358346000233915],[-80.71356300026225,35.358581000172244],[-80.71387500043178,35.35879599975062],[-80.7160870003093,35.36032099985324],[-80.7170020000032,35.36095299990217],[-80.71738399959462,35.361216000052956],[-80.71754699980124,35.36132799965369],[-80.71776899955908,35.361473000155385],[-80.7180089997586,35.36164699997411],[-80.71820899977513,35.36178400003488],[-80.71893400039654,35.36228499976411],[-80.71942099956995,35.3626180003251],[-80.7195310000731,35.36269599966401],[-80.71967199964011,35.36279199987395],[-80.72177499973769,35.36424299979763],[-80.72224500009098,35.36456700006691],[-80.72544799983035,35.366807999902214],[-80.72612300022305,35.36728200004258],[-80.72677400032629,35.36773899966747],[-80.72735799958409,35.368148999732206],[-80.72846899999486,35.36892700022939],[-80.73025700044818,35.370182000167745],[-80.7309989998897,35.370702000307816],[-80.7314499999764,35.37101600013368],[-80.73152100012153,35.37106899977621],[-80.73160499978711,35.37112700018815],[-80.7316879996278,35.371184999825914],[-80.73247799964821,35.37174000033935],[-80.73275700020577,35.37193099978645],[-80.73286599998572,35.37201100009551],[-80.73364099993753,35.37259000011494],[-80.733729999626,35.372650999713215],[-80.73403099992487,35.37287900010891],[-80.73411399976555,35.37294299975725],[-80.73441599988935,35.373171999902944],[-80.73471700018821,35.37340000029172],[-80.73511399984825,35.373701999647906],[-80.73628499963519,35.37457499964392],[-80.73659199978185,35.37480400028597],[-80.73661699989621,35.374822999836674],[-80.736658999729,35.3748540001734],[-80.7371109996406,35.37519299979433],[-80.73778900040637,35.375701999757176],[-80.7404599998682,35.37770800028764],[-80.74114600013154,35.37821999983996],[-80.74117200007082,35.37823999983093],[-80.74126599978214,35.378309999760326],[-80.74144900008025,35.378447999882596],[-80.74258899990502,35.37930300034705],[-80.74312399965733,35.37970199995346],[-80.74318300010687,35.3797479999593],[-80.74440999997029,35.38066699994573],[-80.74443599990957,35.38069600000365],[-80.74479199956171,35.38112499969343],[-80.74483400029283,35.38117200009613],[-80.74512999967051,35.3815230000718],[-80.7459730002927,35.38252600012828],[-80.746099999616,35.38267599999081],[-80.74670399986357,35.38338200030486],[-80.74813099974355,35.38509399977515],[-80.7482050002617,35.38517700003074],[-80.74848800011893,35.38550900019895],[-80.74870099965594,35.38579599995789],[-80.74896099994693,35.38609500001144],[-80.7496620002789,35.38691600016348],[-80.74979199997524,35.38706100010262],[-80.7503230004279,35.38769199983294],[-80.75039100019997,35.38777100023371],[-80.75102200021172,35.38852000033767],[-80.75113799966437,35.38865999987303],[-80.7514210004199,35.38899700004925],[-80.75170599992693,35.38942200023923],[-80.75188199965403,35.38968699990484],[-80.75231099999944,35.39033000028251],[-80.75250299962005,35.39061499974642],[-80.75329699983844,35.39180599995933],[-80.75388099999452,35.39267900032546],[-80.75405099987384,35.39293500023472],[-80.75419499981389,35.3931499998396],[-80.75466400034225,35.39385200020876],[-80.75470799982487,35.39391900028444],[-80.7547179998706,35.39393399992213],[-80.75509000031461,35.39448800035559],[-80.75509799981221,35.39450099999881],[-80.75530899969941,35.394822999732035],[-80.75599400013783,35.395229000110064],[-80.7562719999722,35.39539500018086],[-80.75682000014326,35.395720999722464],[-80.75723199987192,35.39596999964583],[-80.7590320000208,35.397044000262326],[-80.75974699969814,35.39747100033215],[-80.76308400023015,35.3994819997279],[-80.76409900038146,35.400089999978924],[-80.76429500020005,35.40020300005388],[-80.76480999986086,35.40051700002664],[-80.76609299980079,35.401285999776036],[-80.76624699978656,35.4013780000394],[-80.76634499969586,35.401435999896755],[-80.76641400019116,35.401477999792725],[-80.76596300010443,35.40315499977675],[-80.76586099999719,35.40353099984635],[-80.76547600003272,35.40496600017331],[-80.76546400033715,35.40499999971768],[-80.7654540002914,35.40503600033944],[-80.76544400024567,35.40507500001864],[-80.76543800039789,35.40510900024925],[-80.76519900002329,35.40598200009533],[-80.76517999975671,35.406058999816736],[-80.76505099988528,35.40653000024845],[-80.76504800041056,35.40654400030773],[-80.76504000001464,35.406572999847626],[-80.76494499958008,35.40692499999488],[-80.76466699974571,35.407956000075984],[-80.76440099960695,35.40894200010968],[-80.76437999969055,35.40902000006231],[-80.76420899998632,35.40961999987777],[-80.7641589997576,35.409840000252835],[-80.76404099975684,35.410275000092035],[-80.76388099992326,35.410868000062955],[-80.7636230001804,35.41182699996869],[-80.76354899966223,35.4120989998579],[-80.76174900041168,35.412404000286344],[-80.75980299977465,35.41273999997889],[-80.75951700044268,35.41279400011263],[-80.7593359997944,35.41281899999953],[-80.7585960000027,35.41294600021332],[-80.75854199957602,35.41295699964592],[-80.75643900037676,35.41331500019453],[-80.756173000238,35.413362000140246],[-80.7559420002593,35.41340100018344],[-80.75553700020335,35.413469000194816],[-80.75529899965365,35.41350900026087],[-80.75522800040686,35.41352199976558],[-80.75515499971361,35.41353399992601],[-80.75490399964345,35.41357700018117],[-80.75335499956475,35.41384499973885],[-80.75216700005939,35.414050000009006],[-80.75236500042611,35.41447099967498],[-80.75240899990871,35.41456000007917],[-80.75290600002617,35.41560399975936],[-80.7530209996539,35.41584700022461],[-80.75308799960105,35.41598799994168],[-80.75413700008757,35.41818199965185],[-80.75415899982887,35.41823199973508],[-80.75417800009545,35.41827699971026],[-80.75454799999129,35.41905699992314],[-80.75478499981776,35.41955499978646],[-80.75497700033671,35.41996000006048],[-80.7554910001726,35.42104599999681],[-80.7557029998847,35.42149299981066],[-80.75595200030504,35.422007000228625],[-80.75596599965043,35.4220360000605],[-80.75602500009998,35.42215999975388],[-80.75603400032081,35.422179999828195],[-80.7562879998657,35.422713000236435],[-80.75673899995242,35.42365699975732],[-80.7570899995817,35.424398999968794],[-80.75709899980252,35.424420000158456],[-80.75710600037353,35.42443300009883],[-80.75723400042006,35.4247020000835],[-80.7573080000399,35.42487299988429],[-80.75779599993653,35.42588400030388],[-80.75971999993396,35.42995499968496],[-80.75982200004121,35.430170999963565],[-80.75984799998048,35.4302259999928],[-80.7598849997904,35.430308999899246],[-80.7599130002778,35.43036399983429],[-80.75995799958534,35.430460000030024],[-80.76066499976508,35.431959999753644],[-80.76072800041258,35.43209300033202],[-80.76084200021539,35.43233600010049],[-80.76106599962309,35.432810000150155],[-80.76108599971455,35.432851999797634],[-80.76136899957177,35.43345299982987],[-80.76157699998424,35.43389499975316],[-80.7618139998107,35.43439799991357],[-80.7618559996435,35.434487000260866],[-80.76189199962852,35.434563000010805],[-80.76190400022239,35.43458900027475],[-80.76190900024527,35.434598999867305],[-80.76192299959065,35.43462800028897],[-80.76194100003232,35.43466599974037],[-80.76199999958354,35.434792000104466],[-80.7624120002105,35.435666000199944],[-80.76248400018054,35.435818000330116],[-80.76252299964027,35.435899000002976],[-80.76259100031065,35.4360439996657],[-80.7626309995953,35.436128999750366],[-80.76273500025069,35.43634900019861],[-80.76328000004872,35.43750599974521],[-80.76369099995247,35.43838100015371],[-80.76382599967168,35.438667000011705],[-80.76411000025212,35.439270000063],[-80.76490899959506,35.44096799982384],[-80.76538899999409,35.44198200007524],[-80.76540800026065,35.442021000167635],[-80.76597399997509,35.443221999673135],[-80.76602199965565,35.44332200018943],[-80.76676399999552,35.44489999995344],[-80.76700500001994,35.44541299986385],[-80.76701500006567,35.445433000018106],[-80.76702099991346,35.44544600022548],[-80.76739800038034,35.44624399992764],[-80.76989300011508,35.45141000005506],[-80.77044299993597,35.45254899980037],[-80.77051099970804,35.45268999965863],[-80.77060199994463,35.45287800030493],[-80.77070300022696,35.45308699981104],[-80.77078799971747,35.453261000274296],[-80.77082399970249,35.45333600028223],[-80.7725779998206,35.45696399982886],[-80.77275000024805,35.457320000344026],[-80.77280499960132,35.457400000070365],[-80.77286400005086,35.45748599981553],[-80.77291299955634,35.45757299972797],[-80.77297399965572,35.457679000057574],[-80.77299600029535,35.45776500023623],[-80.77302800008239,35.45790699998964],[-80.77308400015889,35.4580490002241],[-80.77307599976297,35.458138000032],[-80.77306499989231,35.4582670002612],[-80.7730980004026,35.45840100006474],[-80.77312099996881,35.45849699975393],[-80.77314899955792,35.45862999966003],[-80.77316600017467,35.45871200003718],[-80.77314500025827,35.45886699981691],[-80.7731140002961,35.458959999687735],[-80.77310199970223,35.458996999850335],[-80.7730980004026,35.4591600002652],[-80.7730980004026,35.459221999721336],[-80.77309400020464,35.45927799989708],[-80.77309500002954,35.459484000365016],[-80.77310800044833,35.459614000133094],[-80.77312400034187,35.459750000352315],[-80.77318700009104,35.45987999969055],[-80.77322399990096,35.46003599964346],[-80.77318299989308,35.46016799970502],[-80.77310300042548,35.46028899999804],[-80.77300999964073,35.460440000235415],[-80.77304499980083,35.46057599978983],[-80.7731350002125,35.46069499976014],[-80.77325300021329,35.46086799964892],[-80.77331400031267,35.46095800021365],[-80.77328599982525,35.46108300018063],[-80.77318899974088,35.46117999981041],[-80.77318899974088,35.46131099997713],[-80.77327800032765,35.461402000257834],[-80.77331500013756,35.46155400007904],[-80.77331400031267,35.4617340003045],[-80.7732399997945,35.46187399995749],[-80.77320800000744,35.46196199971921],[-80.773295999871,35.46213499980981],[-80.77331299958942,35.46221600007117],[-80.77331500013756,35.462315999667055],[-80.77330799956657,35.46235800001633],[-80.77329800041913,35.46242299979937],[-80.77325700041125,35.46255800019409],[-80.77327199958155,35.46267199991189],[-80.77327499995461,35.46282000021594],[-80.7733450002748,35.463049999861255],[-80.77338399973455,35.463148000235606],[-80.77346099972743,35.463244000113264],[-80.77350900030632,35.463291000186864],[-80.77355500033707,35.46333499967052],[-80.77360899986543,35.46338800008078],[-80.77360999969035,35.463409000344114],[-80.77361200023849,35.46353000015191],[-80.77364200037573,35.463606999735305],[-80.77371099997269,35.46366299978507],[-80.77372699986621,35.46367599997402],[-80.77382200030078,35.46375000033384],[-80.77384999988986,35.46377199995314],[-80.77390699979127,35.46382799988808],[-80.77396399969268,35.463861000014354],[-80.77403300018797,35.463896999937155],[-80.77409699976208,35.46393000003518],[-80.77415899968634,35.46397500008046],[-80.7741970002195,35.464025999711126],[-80.77425599977073,35.464107000263226],[-80.77434799983223,35.46426800021505],[-80.77448500009959,35.46439899974265],[-80.77459499970443,35.46459200022732],[-80.7745989999024,35.46460900022129],[-80.7748320004292,35.46507200009565],[-80.7748590001934,35.465170000201354],[-80.77491400044498,35.46534900022057],[-80.77492899961528,35.465398000119585],[-80.77495600027777,35.46549199991696],[-80.774978999844,35.465564999909525],[-80.77509000017207,35.465651999864285],[-80.77515000044654,35.46575200030986],[-80.77523900013499,35.46584299995618],[-80.77528900036371,35.465929000186556],[-80.77522700043943,35.466035999902424],[-80.77521200037081,35.466061000089],[-80.77519999977693,35.46616999993385],[-80.77520700034795,35.46628499980462],[-80.77527699976983,35.466386999762406],[-80.77530600008217,35.466479000301916],[-80.77534700009004,35.466540999969965],[-80.77544900019728,35.46669899973391],[-80.77553200003796,35.46680800017739],[-80.7755699996728,35.466855999775376],[-80.77558700028955,35.466871999878876],[-80.7756540002367,35.4669339999756],[-80.77572299983366,35.467001000002774],[-80.77573799990229,35.46701900036091],[-80.77580999987231,35.467132000200365],[-80.77586199975083,35.467207999854175],[-80.77588900041333,35.467247000158864],[-80.77597100042911,35.46736300009041],[-80.77606500014043,35.467471000229395],[-80.77614899980603,35.467612000273924],[-80.77617300009547,35.46765500018644],[-80.77622800034705,35.4677349998774],[-80.77630699998976,35.46780900016087],[-80.77636200024135,35.467860000286905],[-80.77637099956387,35.467869000004534],[-80.77643099983833,35.46796100031198],[-80.77646299962538,35.468001999778906],[-80.77647600004417,35.46802100004229],[-80.77654100034148,35.468104999882115],[-80.7765980002429,35.46819400026995],[-80.77668500028153,35.46832700023848],[-80.77683599989427,35.468557000231534],[-80.77694100037456,35.468708000311395],[-80.77708799978936,35.468905999826625],[-80.77713800001806,35.468966000315135],[-80.77720900016318,35.46904999989951],[-80.77737700039266,35.4692459998079],[-80.77743199974593,35.469303999816084],[-80.7775559995945,35.46942799986989],[-80.77757400003617,35.469451000242344],[-80.77761800041709,35.46950799999194],[-80.77764199980822,35.469538999761774],[-80.77771899980111,35.469639999873024],[-80.77774700028853,35.469680999947144],[-80.77783500015207,35.46981399965121],[-80.77786799976401,35.46985699984956],[-80.77796700039654,35.46998999999415],[-80.77797999991702,35.47001300020585],[-80.77801000005425,35.47006699997727],[-80.7780279995976,35.47007500007584],[-80.77808799987206,35.47010300004861],[-80.77811700018438,35.470134000320684],[-80.77814300012365,35.47016200027298],[-80.77817800028375,35.47024199966481],[-80.77819400017727,35.47026300033332],[-80.7782319998121,35.470314999735464],[-80.7782870000637,35.470389999939414],[-80.77833300009445,35.47045200025034],[-80.77838400014805,35.470527999693026],[-80.77842000013307,35.47057900028957],[-80.7784920001031,35.47066800013416],[-80.77851600039256,35.470700000284346],[-80.77879500005182,35.471229999639824],[-80.77881199977023,35.47127099963488],[-80.7788229996409,35.47129699974583],[-80.77883299968663,35.4713110002523],[-80.77885699997609,35.47134300014662],[-80.77887000039487,35.47136100026447],[-80.7789070002048,35.471405999809896],[-80.77892700029629,35.471430999790336],[-80.77893700034203,35.471440999926685],[-80.77899599989325,35.47150300015881],[-80.77903299970318,35.47153900031887],[-80.77905000031994,35.47156699978195],[-80.77911100041929,35.47166700018844],[-80.77920900032859,35.471818000281274],[-80.77923699991769,35.47184999997383],[-80.77927600027574,35.47191999980559],[-80.77931499973549,35.47198000024],[-80.77933099962901,35.47201199986807],[-80.77935400009355,35.47207900005411],[-80.77938800042874,35.47217899982386],[-80.7794419999571,35.47230800021376],[-80.77948600033803,35.472424000160785],[-80.77952200032304,35.47253400023343],[-80.77954700043739,35.47263500024083],[-80.77954999991213,35.47265300006947],[-80.77957699967631,35.47288300012633],[-80.77962899955484,35.473217999795565],[-80.77959000009511,35.47350699966412],[-80.77955199956196,35.473795999957076],[-80.77950800007933,35.474098999963864],[-80.77947999959193,35.47432099986695],[-80.77947399974416,35.47436199974905],[-80.77945399965265,35.47448800014797],[-80.77945000035301,35.474514999998775],[-80.77944799980487,35.47458300034143],[-80.77945100017793,35.47468600006244],[-80.7794710002694,35.474815000088],[-80.77948799998785,35.474921999685606],[-80.77951899994999,35.47499699998185],[-80.77960699981354,35.47522099967959],[-80.77963799977567,35.475309000199985],[-80.77969399985217,35.47541599987172],[-80.77974400008088,35.475505000214895],[-80.77978400026386,35.4755709996496],[-80.77978699973859,35.47570399985321],[-80.7797879995635,35.47576300035712],[-80.77976800037032,35.47584400006087],[-80.77981799970073,35.47599599965497],[-80.7798649995564,35.476075999826435],[-80.77993499987659,35.476168000254404],[-80.77999299960292,35.47631299978488],[-80.78001400041764,35.47636799974016],[-80.78007499961866,35.47646800002804],[-80.78015699963444,35.47658699989391],[-80.78018199974879,35.47663900032713],[-80.78020699986317,35.47669500008081],[-80.78024899969596,35.476791999901444],[-80.78028800005401,35.4768800001654],[-80.78030700032059,35.47692600029832],[-80.7803369995595,35.47706199977396],[-80.78038400031348,35.477178000177595],[-80.78041799975036,35.47726199996186],[-80.7804420000398,35.47735399976419],[-80.78049499974324,35.4774619996522],[-80.78053699957603,35.477646000156916],[-80.78059500020068,35.47779099994783],[-80.78060500024641,35.477942000244134],[-80.78065600030006,35.47806800015322],[-80.7807240000721,35.47817599981359],[-80.78077900032369,35.47824399998594],[-80.78081399958548,35.47833100012252],[-80.78089399995142,35.47846700014744],[-80.78100699992932,35.47871800032075],[-80.78103700006655,35.47885199970187],[-80.78105399978499,35.47899200027973],[-80.78106600037886,35.47909800017886],[-80.78110499983862,35.47921999977935],[-80.78116599993797,35.479336999983744],[-80.78126999969506,35.479497000181446],[-80.78130400003025,35.479583999693574],[-80.78133199961933,35.47965800004524],[-80.78135599990877,35.47975699991497],[-80.78136900032757,35.479881999923585],[-80.78138600004601,35.47998500017089],[-80.78139600009175,35.48004900035748],[-80.78141399963509,35.48020300000329],[-80.78142000038119,35.480222000309666],[-80.78144999962011,35.48031800028745],[-80.78149599965086,35.48042999975084],[-80.78151499991743,35.48047500007256],[-80.78151800029049,35.48049199963484],[-80.78152300031336,35.480519999637615],[-80.78153800038197,35.480737000242534],[-80.78154000003178,35.48076800007216],[-80.78156699979597,35.480921999803535],[-80.78158400041272,35.481023000246175],[-80.78159100008543,35.4811039997707],[-80.78162000039774,35.48122799991421],[-80.78161000035199,35.48130999992768],[-80.78156599997106,35.48140300018064],[-80.7815409998567,35.48148500001559],[-80.78161299982672,35.48165799980324],[-80.781646000337,35.48174299998529],[-80.78165499965952,35.4818050003196],[-80.78167099955304,35.481913000079835],[-80.78163899976599,35.48198899966156],[-80.78164499961377,35.48209200013497],[-80.78164799998683,35.482145999840405],[-80.78168599962167,35.482239999810055],[-80.78173599985038,35.48232200025409],[-80.78181799986615,35.482414000117465],[-80.7818089996453,35.48244599998164],[-80.78178100005621,35.48255099976653],[-80.78176099996473,35.4826260002604],[-80.781750999919,35.482666000348885],[-80.78176099996473,35.48279599995035],[-80.78180500034566,35.48290599973029],[-80.78181200001836,35.482936000242596],[-80.78185100037642,35.48308900026747],[-80.7818560003993,35.48311099971635],[-80.78186200024707,35.483201000258745],[-80.7818649997218,35.48326100032052],[-80.78188700036144,35.4833620000186],[-80.78191400012561,35.483487000273016],[-80.78191199957747,35.48362899996343],[-80.78189300020921,35.48372199972772],[-80.78189499985903,35.483818999846996],[-80.78201100020999,35.48398700007832],[-80.78202799992843,35.484002999698845],[-80.78205100039297,35.48406100003394],[-80.78208300018,35.484142000154414],[-80.78211599979197,35.48422799983173],[-80.78211400014216,35.484336999919954],[-80.78219199995993,35.48448100015211],[-80.78222700012006,35.48464300019633],[-80.78224800003646,35.484726000304654],[-80.78225600043237,35.48475700005879],[-80.78232199965629,35.48482900019659],[-80.78247800019021,35.48494500036419],[-80.78251800037319,35.485029000078384],[-80.78260200003878,35.48518400033937],[-80.78267999985658,35.485374000204274],[-80.78275000017679,35.48552199968775],[-80.78276500024539,35.485553999777494],[-80.78278899963654,35.48557999965813],[-80.78285599958369,35.485650999880164],[-80.78288599972092,35.48568200000894],[-80.78295000019332,35.48575200023215],[-80.78298100015546,35.48582600002565],[-80.7829910002012,35.485935000141],[-80.782997000049,35.486009999671474],[-80.78305999979818,35.48614599987044],[-80.7831109998518,35.48625399964934],[-80.78322700020276,35.48642999984497],[-80.78330400019567,35.486553999817865],[-80.78344399993775,35.48666699999813],[-80.7835109998849,35.486740999680585],[-80.7835960002737,35.48686599979991],[-80.7836609996727,35.486949999700705],[-80.78369400018299,35.48702000028233],[-80.7837080004267,35.487112999780045],[-80.78371099990142,35.48726500000939],[-80.783730000168,35.4874490000179],[-80.78376199995506,35.48757399976744],[-80.78383200027525,35.48769999993848],[-80.7838990002224,35.48778799996395],[-80.7839629997965,35.4878509999064],[-80.78401800004809,35.48790600001314],[-80.7840959998659,35.48803799967693],[-80.7840959998659,35.488076000238124],[-80.78412199980517,35.48813700019673],[-80.78416399963797,35.48829699970033],[-80.78418399972944,35.48836400021154],[-80.78419899979806,35.48839900025992],[-80.78425700042268,35.48853400019909],[-80.78435600015689,35.488662999945326],[-80.7843920001419,35.488753000121925],[-80.78444999986823,35.488899000226525],[-80.78453000023417,35.48905400033783],[-80.78466999997624,35.48931600033695],[-80.78469300044078,35.489359000344585],[-80.78476100021285,35.48946499973773],[-80.78482999980982,35.489632000009074],[-80.78502999982636,35.48995700007219],[-80.78508900027592,35.490062000284304],[-80.7851949996828,35.4902799998476],[-80.78533399959998,35.49047800036101],[-80.78537399978295,35.490567999967666],[-80.7853849996536,35.490587000018024],[-80.78543200040758,35.49065099980808],[-80.78544800030112,35.490760999808224],[-80.78545900017176,35.49083699980014],[-80.78554299983735,35.49095800002392],[-80.78562099965515,35.49109200021019],[-80.78571799973953,35.49125900002588],[-80.78579100043278,35.4913839997002],[-80.7858850001441,35.49150599966878],[-80.78595200009126,35.4915939999148],[-80.7860109996425,35.491660000036056],[-80.7860600000463,35.49173000017195],[-80.78607799958965,35.49175600024866],[-80.78610100005417,35.49184999994955],[-80.78612500034362,35.49194699976675],[-80.78616800000133,35.492015999821824],[-80.78622800027578,35.492148999877436],[-80.78630400044378,35.49224600006509],[-80.78637200021582,35.49233800027065],[-80.78647000012514,35.49250799989619],[-80.786511000133,35.492573000174296],[-80.78669699990583,35.49283200020874],[-80.78678700031753,35.49298300004119],[-80.7868349999981,35.49307000031477],[-80.78686400031043,35.49315599994612],[-80.78687299963292,35.49324700002563],[-80.78690100012034,35.49352100018913],[-80.78692100021183,35.49371100009021],[-80.78690399959508,35.49387599996703],[-80.78693100025758,35.494033000328635],[-80.78695999967158,35.49417900034766],[-80.7869959996566,35.494348999734875],[-80.78702699961873,35.49451600009494],[-80.78706900034983,35.49474899988581],[-80.78709100009115,35.49491600014582],[-80.78709100009115,35.49498400005148],[-80.78708600006827,35.49503300017368],[-80.78707199982458,35.49526999982056],[-80.78702300031908,35.49544800032378],[-80.78702400014399,35.495600000145544],[-80.78702300031908,35.4957789997016],[-80.78702199959585,35.49595299995006],[-80.78702099977095,35.496186999740516],[-80.78702099977095,35.49623800014824],[-80.78701999994603,35.496330999947894],[-80.78701999994603,35.49655399965812],[-80.78701900012112,35.4967019997603],[-80.78706900034983,35.49687499970212],[-80.78701400009824,35.497006999990596],[-80.78690899961794,35.49710700019766],[-80.7868700001582,35.4971890000991],[-80.78681499990662,35.497414999643844],[-80.78679700036328,35.49748899966724],[-80.78675100033252,35.497717000081735],[-80.78673500043898,35.49786999975651],[-80.78673399971576,35.49798000011222],[-80.78671299979938,35.49813099977671],[-80.78670699995159,35.498171000192464],[-80.78671100014955,35.49829000010472],[-80.78668100001232,35.49839099992887],[-80.78666400029388,35.49846300028351],[-80.78663199960852,35.49860000036368],[-80.78660700039248,35.49870399977204],[-80.78656600038458,35.498881999980014],[-80.7864900002166,35.499141000153394],[-80.78639300013222,35.49961899978273],[-80.78635799997213,35.4997670000888],[-80.78633100020795,35.49989999974583],[-80.78627099993349,35.50019899969938],[-80.78621999987988,35.500501999634665],[-80.78621700040513,35.500606000237184],[-80.78617399984913,35.500683999869366],[-80.78612899964327,35.500741999865554],[-80.78607699976473,35.50081400030693],[-80.78603300028212,35.50091700005415],[-80.78600899999266,35.501016000063046],[-80.78601400001554,35.50104400022809],[-80.78599700029712,35.50116300027217],[-80.78601999986333,35.501310999927405],[-80.78603400010702,35.50148999992184],[-80.78602200041145,35.50160800032512],[-80.78598700025137,35.50176700035261],[-80.78594399969535,35.501920000357885],[-80.78588299959597,35.50210599985706],[-80.7858419995881,35.50234400027867],[-80.785813999999,35.50261699970031],[-80.7857350003563,35.50274800036304],[-80.78571100006684,35.50285099982411],[-80.78569799964804,35.50294999964315],[-80.7857000001962,35.50299199997276],[-80.78569199980026,35.50308499999754],[-80.78564999996748,35.50318400025946],[-80.78558300002032,35.50332100033198],[-80.78550699985233,35.50347999989361],[-80.78547699971512,35.50355600028578],[-80.78520999975142,35.50404300002388],[-80.78507300038237,35.504314999843174],[-80.78499600038948,35.50447299995513],[-80.78483300018287,35.50480899999301],[-80.7847290004258,35.505017999816694],[-80.78467900019709,35.5051219996907],[-80.7846030000291,35.50527800034621],[-80.78452799968603,35.50538800006374],[-80.78445800026414,35.50544000014366],[-80.78441600043136,35.50547099995029],[-80.78440800003543,35.505479000181495],[-80.78436600020264,35.50554400020248],[-80.78435199995894,35.50565900005451],[-80.78434600011116,35.505710999959014],[-80.78434000026337,35.505721999878205],[-80.78427499996606,35.50583999991412],[-80.78416700001101,35.50601700000855],[-80.78423099958512,35.506017999665026],[-80.78426999994318,35.50601999970931],[-80.78453500025705,35.506040000149156],[-80.78500999973487,35.506078999895635],[-80.78536799993518,35.50610299967398],[-80.78726599999332,35.50624899969438],[-80.79467199955481,35.50682099990202],[-80.7961639997321,35.50693600011918],[-80.79670900042846,35.5069790002026],[-80.79810799982103,35.507086999766415],[-80.79909700003307,35.507160999654474],[-80.80112499978759,35.50731799964582],[-80.80369400004047,35.507503000168605],[-80.8039350000649,35.50751999986321],[-80.8104540004199,35.50799000010389],[-80.81224799982267,35.508117999692836],[-80.81519000034446,35.50834900026277],[-80.82034499967038,35.50872499971878],[-80.82421399958163,35.508979000035204],[-80.83334800022027,35.509635999735124],[-80.83351300007672,35.5096480001905],[-80.83365500036695,35.509657000348085],[-80.83386000040635,35.50968200013043],[-80.83430800012002,35.509704000342026],[-80.83445799990784,35.50971499971428],[-80.8368969995661,35.50989000009484],[-80.8391229996873,35.510046000262975],[-80.83927400019836,35.510130000059235],[-80.8396440000942,35.51015299975309],[-80.83988500011863,35.5101659997361],[-80.84022300022744,35.51018500026995],[-80.84028799962644,35.510187999815024],[-80.84056100033622,35.5102040000681],[-80.84090100009485,35.510222999861696],[-80.84585299992949,35.510524000072294],[-80.85586100025415,35.511226999803185],[-80.8594330000645,35.5114769997009],[-80.86044099964481,35.5115479997054],[-80.86076399968499,35.51156899981829],[-80.86170299966832,35.51163700025065],[-80.86212199996798,35.511665999955085],[-80.86245900025187,35.5116889999402],[-80.86279499981254,35.51171300023555],[-80.86313100027151,35.51173600020721],[-80.86346699983218,35.511759999757274],[-80.86380400011608,35.5117829997154],[-80.86413999967674,35.51180699998266],[-80.86447600013571,35.51183100024274],[-80.86481199969639,35.51185400018059],[-80.86514800015537,35.511877999695386],[-80.86548500043925,35.51190100035096],[-80.86551800005121,35.51190399983194],[-80.86564199989978,35.51191099983913],[-80.86587399970338,35.511928000063016],[-80.86603199988711,35.51193899986185],[-80.87437300013231,35.51252400008794],[-80.8747959997316,35.51255300020324],[-80.88801199981853,35.51347799967167],[-80.89005999966452,35.51362100002805],[-80.89067300013294,35.513661000041246],[-80.90612799986155,35.514741000176414],[-80.90616999969434,35.514744999830334],[-80.9067229998883,35.51478500001471],[-80.9070540003244,35.51457200035718],[-80.90750799988584,35.51427700021397],[-80.90780900018471,35.51408199999513],[-80.90872300005371,35.51348899998937],[-80.90905199994168,35.51327599981825],[-80.90933099960094,35.51309600020119],[-80.91196500015117,35.51139000035128],[-80.91459899980306,35.50968299974136],[-80.91700700039746,35.50812199967669],[-80.91723199963006,35.50797699976858],[-80.9181990001008,35.507351000201155],[-80.91986600018028,35.5062699997306],[-80.92249900000729,35.504563999647125],[-80.92513299965918,35.502857000193366],[-80.92776499966128,35.501151000011454],[-80.92872399973609,35.500529000254105],[-80.93135699956309,35.498821999880036],[-80.9339900002884,35.49711600029799],[-80.9366230001154,35.49540899980354],[-80.93925599994239,35.49370200033986],[-80.94066899957865,35.49278400002814],[-80.94188799994447,35.491994999715956],[-80.94307100032529,35.49122799985416],[-80.94542499959472,35.489710000056334],[-80.94734399956927,35.48847299981038],[-80.94730500010954,35.488342000006185],[-80.94720899985005,35.48805200019375],[-80.94711400031382,35.48776600033236],[-80.94702599955195,35.48751300011288],[-80.94689699968053,35.48722300023462],[-80.94672400032648,35.48684900012284],[-80.94661999967109,35.48663000013138],[-80.94647099970817,35.48632300020417],[-80.94632799959304,35.48606999983068],[-80.94627999991246,35.485985999741565],[-80.94618700002603,35.485823000302176],[-80.94601799997163,35.485566000173556],[-80.94588300025242,35.485334999914464],[-80.9457340002895,35.4850880003215],[-80.94570099977923,35.485020000087104],[-80.94566499979422,35.4849490000391],[-80.94562600033449,35.48486899992019],[-80.94553000007502,35.48466599987361],[-80.94545599955686,35.48450200002725],[-80.94542200011998,35.48441400006097],[-80.9453600001957,35.484198999729706],[-80.94532599986051,35.4840129997344],[-80.94530599976902,35.48389699968456],[-80.9453250000356,35.48361700000959],[-80.94537799973905,35.48344699986162],[-80.94542100029508,35.483350000024885],[-80.94548499986917,35.48322700016912],[-80.94557199990781,35.48310100030008],[-80.9457049999772,35.48294099996114],[-80.94581899978002,35.48279799984129],[-80.94603300004026,35.482583000307685],[-80.946227000209,35.48241200021695],[-80.9465219997618,35.48215899996726],[-80.94662999971682,35.48206699981202],[-80.94691099992421,35.48173199970864],[-80.94729300041395,35.48140100025503],[-80.94763599964732,35.480948999688046],[-80.94778399978532,35.48078400033346],[-80.94786099977823,35.480697999897195],[-80.94787699967175,35.48066000023654],[-80.94788099986971,35.480650999755994],[-80.94806499999271,35.480222000309666],[-80.94814299981051,35.48004399972752],[-80.94820100043516,35.4797940000197],[-80.94821899997851,35.479132999873336],[-80.9482469995676,35.47871400033582],[-80.94835399969773,35.4783270001183],[-80.94843099969061,35.478117000349],[-80.94854799986648,35.47772100010661],[-80.94864499995086,35.47726199996186],[-80.94878999971581,35.47662399999461],[-80.94885699966296,35.476457999785346],[-80.94889900039406,35.47631399981098],[-80.94895200009752,35.476148999721396],[-80.94904499998394,35.47591900022859],[-80.94912500034988,35.4757100000552],[-80.9492190000612,35.47549299977983],[-80.94931100012273,35.475318999854046],[-80.94941800025285,35.475115999830365],[-80.949513999614,35.47491800024333],[-80.94959200033011,35.47477499975057],[-80.94971500035376,35.474527999896615],[-80.94986500014157,35.47423000030373],[-80.94999800021098,35.47397200036316],[-80.95008299970148,35.47380399968459],[-80.95018499980873,35.47360300034498],[-80.95039900006897,35.47320699981548],[-80.95045199977243,35.47308800006781],[-80.95052999959022,35.47291600019501],[-80.95071500043646,35.472561000008795],[-80.95080599977474,35.472322999888334],[-80.95086799969901,35.472191000021965],[-80.95100300031655,35.47188499989735],[-80.95108899963196,35.47167400004396],[-80.95122300042458,35.47136700005902],[-80.9513299996564,35.47102800035821],[-80.95143199976364,35.47071799981454],[-80.95151700015246,35.470453000349394],[-80.95158999994739,35.470177999718736],[-80.95163500015323,35.46986100027514],[-80.95168100018398,35.46954499969226],[-80.95173100041269,35.469198000173115],[-80.95177200042058,35.468911999804334],[-80.95175900000179,35.46856800011611],[-80.95174499975808,35.46822399968798],[-80.95169799990242,35.46795000034438],[-80.95165199987167,35.46767600006731],[-80.95160900021395,35.467418999719946],[-80.95151499960431,35.467143000279854],[-80.95136800018953,35.46670999987261],[-80.95124299961775,35.46643599976069],[-80.9511189997692,35.46616100002609],[-80.95099400009572,35.46588600008287],[-80.95081400017067,35.4656009998013],[-80.9506180003521,35.46528899996014],[-80.95034100034266,35.46500700025834],[-80.95006400033321,35.46472400012918],[-80.94978800014869,35.46444199990968],[-80.94954600029936,35.46423599970041],[-80.94925400022132,35.463985999860064],[-80.9490640002505,35.46382399989402],[-80.94882200040118,35.46361800029691],[-80.94858100037675,35.46341200017222],[-80.94832000026085,35.463229999665735],[-80.94805800032003,35.46304899967015],[-80.9477970002041,35.462866999805605],[-80.9475350002633,35.46268599972492],[-80.94727400014739,35.46250399977072],[-80.94701200020657,35.46232200013636],[-80.94676600015929,35.462130999731556],[-80.9465989997547,35.46200099964097],[-80.94651900028705,35.461939000131636],[-80.94627300023977,35.46174700007349],[-80.94602600036755,35.46155599976669],[-80.94578000032027,35.46136400025768],[-80.94553400027299,35.46117200029041],[-80.94528700040075,35.46097999986487],[-80.94500299982033,35.46079000015114],[-80.94482999956796,35.460674999740526],[-80.94471800031329,35.46059999998865],[-80.94443299990792,35.46041000010903],[-80.9441349999821,35.46020600027021],[-80.9440089995854,35.460138000208914],[-80.94374300034492,35.4598639996595],[-80.94360500025267,35.45974699965588],[-80.94358799963592,35.459731999830744],[-80.94353599975739,35.45968799983969],[-80.94351200036624,35.459668000301484],[-80.94348700025189,35.45964699979313],[-80.94346299996245,35.45961800033651],[-80.94345600028976,35.45960999992948],[-80.94344700006893,35.459599999785425],[-80.94325100025034,35.4593729997664],[-80.94303299979214,35.459050999701184],[-80.94300699985287,35.45898399963695],[-80.94286499956266,35.458623999646996],[-80.94271599959974,35.45820500006913],[-80.94259500012423,35.4579530000003],[-80.942488999819,35.457728000238724],[-80.9424870001692,35.45770899973895],[-80.94248499962104,35.457694000265555],[-80.94248499962104,35.45768099984156],[-80.94248399979614,35.45766899967354],[-80.94241699984899,35.45682000006911],[-80.94237099981824,35.45644899983109],[-80.94237699966601,35.45611500010208],[-80.94238199968889,35.45578099971827],[-80.94238099986397,35.45546399987458],[-80.94237900021415,35.45539100022763],[-80.94238000003907,35.45514700024536],[-80.94247600029854,35.454626000013675],[-80.94250100041289,35.45449600023474],[-80.94254200042077,35.45429099973439],[-80.94260799964471,35.45401100013467],[-80.94268100033796,35.453769000239205],[-80.94276099980557,35.45356499965912],[-80.94286100026301,35.45334000006603],[-80.94294099973064,35.45316899998374],[-80.94304100018806,35.45299899985408],[-80.9430860003939,35.45291599992286],[-80.94329499973297,35.45264699979547],[-80.94345600028976,35.452475999704006],[-80.94355599984887,35.4523929999651],[-80.9438040004443,35.452173000190044],[-80.9440780000807,35.45193600007202],[-80.94437199980857,35.45166099979506],[-80.9446270000767,35.45144100021402],[-80.94480100015396,35.45123700031784],[-80.9450150004142,35.45102300015793],[-80.94522899977613,35.45077500019084],[-80.94547399999851,35.450498999989854],[-80.94567700038812,35.45026799996886],[-80.94590400016882,35.44998200034836],[-80.94599399968219,35.449872999790536],[-80.94611800042907,35.44971800024689],[-80.94622600038412,35.449624000312106],[-80.94634600003471,35.44954699978552],[-80.94646700040852,35.44948100021638],[-80.9466070001506,35.449414999861304],[-80.94677100018214,35.44937500006329],[-80.94695600013007,35.44931500032897],[-80.94724800020812,35.449242999856956],[-80.947465999768,35.4491770000385],[-80.94768099985315,35.449115999792205],[-80.94796000041073,35.44900300025762],[-80.94804999992411,35.44896500025543],[-80.94815100020644,35.448923000232156],[-80.94835799989569,35.44882900010058],[-80.94877999967008,35.44861300011403],[-80.94883800029471,35.44858000031911],[-80.94901499984672,35.44847500008335],[-80.94919599959667,35.448360000364936],[-80.94941700042793,35.448205000102604],[-80.94969199988924,35.447996000357406],[-80.94992600024095,35.44779199977809],[-80.95008000022675,35.44763200016726],[-80.95025400030401,35.447466999777994],[-80.95037999980241,35.44730199978227],[-80.9505139996967,35.44708800013553],[-80.95064099991832,35.44690100025876],[-80.95087500027003,35.4465429996896],[-80.95103799957833,35.44627900001592],[-80.95119400011227,35.44607799994985],[-80.95122199970136,35.4460420001035],[-80.95142300044112,35.44575100026625],[-80.95160300036618,35.445464000283934],[-80.95182299957588,35.44515699979226],[-80.95193700027703,35.44498000031869],[-80.95210999963106,35.44474399992723],[-80.95226399961686,35.44440799980095],[-80.95237699959476,35.44415000007191],[-80.95255599969491,35.44369399990694],[-80.95266299982502,35.44335799978867],[-80.95275499988654,35.443001000001566],[-80.95282299965861,35.44271300001574],[-80.95289100032896,35.44242400001578],[-80.95289899982657,35.44237500002935],[-80.95292300011602,35.44227499980034],[-80.95293700035973,35.44214799971823],[-80.95297900019251,35.441895999861075],[-80.95304500031477,35.44150100030984],[-80.95314200039914,35.44116799974571],[-80.9532240004149,35.44096199995759],[-80.95335800030921,35.440713999726505],[-80.95356499999843,35.44045599986755],[-80.95379000012935,35.44024099984133],[-80.95380900039592,35.44022099986078],[-80.95407999965924,35.43995999991506],[-80.95436099986665,35.43971500023636],[-80.95492300028144,35.43922500010587],[-80.95520500031374,35.438979999654144],[-80.95544499961494,35.43873199990433],[-80.95568599963937,35.4384840001224],[-80.95592699966377,35.43819800034617],[-80.95598899958807,35.43811499978843],[-80.95602999959594,35.438075000229816],[-80.95606499975604,35.43801800016569],[-80.95621399971895,35.437823999837725],[-80.95639100016929,35.43755700005174],[-80.9565679997213,35.43729000011222],[-80.95677799978358,35.43695200004549],[-80.95698799984585,35.43661300023583],[-80.95715199987738,35.43630300028106],[-80.95731500008401,35.435992000069035],[-80.95745900002404,35.4356910003085],[-80.95765400001773,35.43528399974257],[-80.95774799972905,35.435090000146054],[-80.95787900014862,35.4347969998883],[-80.95800999966987,35.43450300021416],[-80.95814100008944,35.434210000016144],[-80.95829400025032,35.43385299991775],[-80.95844700041118,35.433495999700405],[-80.95854299977233,35.43319800034699],[-80.95863900003182,35.43290099972462],[-80.95869099991035,35.43263399971613],[-80.95869900030627,35.4321339997781],[-80.95868099986461,35.43200699980152],[-80.95863599965877,35.431696999680355],[-80.9584900000689,35.43126400028794],[-80.9582859998544,35.430846999978975],[-80.95816700002872,35.43064500031333],[-80.9579970001494,35.43037499981674],[-80.95782600044517,35.43010499987889],[-80.95765499984265,35.4298349997678],[-80.95748499996333,35.42956500021542],[-80.95734900041919,35.42936699977318],[-80.95709300032615,35.42890599990364],[-80.95703499970152,35.428785000002456],[-80.95696899957927,35.428639999711955],[-80.95693699979223,35.42856500011553],[-80.95686900002016,35.42840700013212],[-80.95674699982143,35.42811600023169],[-80.95666599963059,35.42788000017926],[-80.95657899959193,35.427659000117245],[-80.95655699985065,35.42760199999956],[-80.9565180003909,35.42750300035424],[-80.9564489998956,35.427322999689196],[-80.95623200016063,35.42676699964915],[-80.95612300038069,35.42648800010627],[-80.95590599974739,35.42593200015815],[-80.95585200021902,35.42575099971954],[-80.95579699996745,35.42550899977155],[-80.95574099989095,35.4252359998378],[-80.95570099970797,35.42497600029544],[-80.95565899987518,35.424558999637476],[-80.95564999965436,35.42443599991585],[-80.95563799995878,35.424263000037136],[-80.95563399976082,35.424121000218705],[-80.95562999956287,35.42396600013625],[-80.95560500034684,35.42366100028392],[-80.95558100005738,35.423356000008745],[-80.95552599980579,35.423069999940026],[-80.95541600020094,35.42249799968443],[-80.95532099976639,35.422006000259515],[-80.95530599969776,35.4219259997595],[-80.95525100034449,35.42163999973806],[-80.95520799978847,35.42144700019157],[-80.95517600000142,35.42130299984562],[-80.95514199966624,35.42115999995403],[-80.95512800032085,35.42102299969694],[-80.95513400016863,35.42073200020523],[-80.9551530004352,35.42052900007328],[-80.95515900028299,35.42039100021805],[-80.95519199989494,35.42020399982481],[-80.95524600032162,35.42000099982655],[-80.95531900011656,35.41973700023564],[-80.95538400041389,35.419489999787864],[-80.95548700034605,35.419206999914884],[-80.95559000027822,35.41892299977241],[-80.95588200035627,35.41842599967648],[-80.95607700034994,35.41809300032002],[-80.95626399994768,35.41777399989195],[-80.95635699983409,35.41757499972415],[-80.95654400033015,35.417196999957646],[-80.9566870004453,35.41690000036112],[-80.95682999966212,35.41660299966988],[-80.95698299982298,35.4163769999534],[-80.95711699971729,35.41614600012587],[-80.95723100041843,35.41598599985397],[-80.95756199995621,35.41548999999357],[-80.95777899969119,35.41515600016216],[-80.95798700010366,35.41483399964525],[-80.95815899963279,35.41447399986295],[-80.95833100006023,35.41411399993656],[-80.9585319999017,35.41361099975368],[-80.95861399991745,35.41333699968961],[-80.95869599993321,35.41306300015815],[-80.95871199982675,35.41278400000924],[-80.95872799972027,35.412505000358635],[-80.95875299983463,35.41224700017634],[-80.95875299983463,35.412114999865814],[-80.95875200000972,35.41194500016797],[-80.95874399961379,35.411755999746966],[-80.95871699984961,35.41150099966177],[-80.95867599984174,35.41126999976668],[-80.95864800025264,35.411110000062926],[-80.95857299990958,35.41089600013644],[-80.95847099980233,35.41058399981386],[-80.95841700027395,35.410374999790484],[-80.95835000032682,35.41016599995725],[-80.95828800040253,35.4098870000288],[-80.95823399997587,35.409648999775165],[-80.95817799989935,35.40937000025346],[-80.95812299964777,35.40905699975061],[-80.95806200044673,35.408783000310294],[-80.9580399998071,35.40866600000898],[-80.9579410000729,35.408163000233145],[-80.95787499995066,35.40783900003845],[-80.95780800000351,35.40751500000564],[-80.9577300001857,35.40711699976009],[-80.95765099964467,35.406718999745806],[-80.95755500028352,35.40626299995917],[-80.95751400027565,35.406065000086706],[-80.95746099967388,35.4058490003368],[-80.95744800015339,35.40577799997392],[-80.95741899984108,35.405609000261165],[-80.95733600000041,35.405203000166004],[-80.95726200038057,35.404921000086745],[-80.95718600021259,35.40460399987133],[-80.95707800025755,35.40422000035908],[-80.95699600024177,35.403934999921745],[-80.95698000034825,35.40388599994798],[-80.9569279995714,35.40372099998176],[-80.95681200011875,35.40338600023172],[-80.95654900035304,35.40288200024943],[-80.9564139997355,35.40266799971076],[-80.95621799991692,35.402403999714224],[-80.95590800029552,35.401931999851286],[-80.95570800027899,35.40162299991028],[-80.95567800014176,35.401575999708875],[-80.95562600026324,35.401493999712436],[-80.95553599985153,35.40135099981383],[-80.95534699970565,35.40102800029217],[-80.95534000003296,35.401016999963744],[-80.95496599993913,35.400310000004744],[-80.95485999963394,35.40007800001354],[-80.95481899962604,35.39996300001029],[-80.95474400018128,35.39979300030989],[-80.95470399999832,35.3996610001058],[-80.95462899965526,35.399458000346556],[-80.9545409997917,35.39918900029292],[-80.95443899968444,35.39880499988357],[-80.95438400033117,35.39846499963457],[-80.95435599984377,35.39824499970011],[-80.95434199960008,35.39806899990615],[-80.95431400001098,35.397849999892394],[-80.95431400001098,35.39777299965259],[-80.95430700033828,35.39753099988468],[-80.95429899994235,35.39728900012278],[-80.95429800011746,35.39714700036611],[-80.95430999981302,35.3968879998049],[-80.9543159996608,35.396607999766495],[-80.95436199969156,35.396184999946286],[-80.95439400037694,35.39591599995711],[-80.95442699998888,35.395690999644515],[-80.95447600039269,35.395407000110986],[-80.95452499989817,35.39512399987997],[-80.95453599976882,35.39507499967701],[-80.95458500017263,35.39484400030673],[-80.95463700005118,35.39453099978724],[-80.95468999975462,35.394278000025864],[-80.95481100012843,35.39381000000179],[-80.95502799986342,35.393493000035484],[-80.95524499959839,35.39317699988229],[-80.95548599962281,35.39284999997736],[-80.95572599982233,35.39252300021117],[-80.95601000040278,35.392208999864096],[-80.95629499990982,35.391894999759025],[-80.9565679997213,35.39167700016582],[-80.95683999970785,35.39145799963513],[-80.95719299988528,35.391240999943925],[-80.95754600006268,35.39102399966879],[-80.95784499981343,35.3908939997339],[-80.9581450002874,35.39076299996498],[-80.95844400003813,35.39063199998326],[-80.95903700041507,35.390399999974335],[-80.95936299993,35.39031099998946],[-80.95968799962002,35.39022199990644],[-80.96001300020833,35.39013299972513],[-80.96033799989836,35.39004400017803],[-80.96066299958837,35.3899549998003],[-80.96098800017667,35.389866000056784],[-80.96131299986669,35.38977599984595],[-80.961370999593,35.389761000167184],[-80.96144500011117,35.38973999973346],[-80.9614610000047,35.389735999719974],[-80.96149399961666,35.389727000055075],[-80.96163900027993,35.38968699990484],[-80.96196399996994,35.38959799986552],[-80.96228899965995,35.38950899972805],[-80.96261400024828,35.38942000022466],[-80.96293899993829,35.3893309998907],[-80.96328100024505,35.38924699987219],[-80.96362699985146,35.389137999865966],[-80.9639740001811,35.38902800006642],[-80.9643199997875,35.38891800011692],[-80.96450599956034,35.38885899966273],[-80.96466600029223,35.38880800001735],[-80.96501299972354,35.38869900015014],[-80.96535900022828,35.388588999751946],[-80.96570700038282,35.38845900028624],[-80.96605399981412,35.388328999878695],[-80.96640100014376,35.38819999965021],[-80.96674900029831,35.38807000028989],[-80.967044999676,35.387952999954166],[-80.9675369997706,35.38775899989972],[-80.96768300025879,35.38768799971789],[-80.96775100003086,35.38765499985961],[-80.96797199996378,35.38756599977517],[-80.96828699960805,35.387410999689884],[-80.96860200015063,35.38725699970707],[-80.9689169997949,35.387101999760326],[-80.96929199971362,35.386898000203345],[-80.9695799995937,35.38673400030029],[-80.96986800037213,35.38657099974021],[-80.97001999980976,35.386484000011876],[-80.97038999970562,35.38626299993488],[-80.97068099995874,35.38607499977057],[-80.97097200021189,35.38588600021554],[-80.97126299956673,35.385697000217625],[-80.97155399981985,35.38550799977694],[-80.97183000000437,35.38532099974206],[-80.9721070000138,35.38513300031181],[-80.97238300019833,35.38494600013996],[-80.97265900038286,35.384757999835756],[-80.97296200033156,35.384567999690844],[-80.97326500028025,35.38437799983084],[-80.97356800022897,35.38418800025566],[-80.97387100017768,35.38399699979229],[-80.97415300020998,35.38382599968016],[-80.9744360000672,35.38365499993792],[-80.9747189999244,35.3834839998332],[-80.97500199978163,35.38331300009843],[-80.97533400004264,35.38312699982116],[-80.97566700012858,35.38294200030132],[-80.97599900038959,35.38275599990108],[-80.97630099961506,35.382601000094425],[-80.97662899967813,35.38245199981996],[-80.97683399971754,35.382372000340645],[-80.97708099958976,35.38227500025219],[-80.97753300039969,35.38209800029604],[-80.97781500043199,35.38200399980973],[-80.9782589999477,35.381884000260825],[-80.97870400018661,35.381763999801066],[-80.97905300016609,35.38168599984591],[-80.97939600029774,35.38164999978487],[-80.97973900042942,35.3816139997077],[-80.98004800022592,35.38160299966058],[-80.98041700029685,35.38161800012396],[-80.9807860003678,35.38163400032221],[-80.98129600000574,35.38169300020176],[-80.98163400011455,35.381735999863366],[-80.98168500016816,35.381741999746204],[-80.98197200022332,35.38177900023446],[-80.98231000033213,35.38182199985023],[-80.98290799983361,35.38186399970836],[-80.98332999960802,35.38185499989751],[-80.98375300010564,35.38184600008571],[-80.98438999996519,35.381696000144856],[-80.98497999996907,35.38146900023126],[-80.98528299991776,35.38128399983903],[-80.98558599986647,35.381098000010724],[-80.98590999973156,35.38079100029719],[-80.98613599968738,35.38058199994315],[-80.98630999976466,35.38032599964442],[-80.98648399984191,35.38006999999821],[-80.98665000042159,35.37971799979924],[-80.9867290000643,35.379481000340014],[-80.98676099985136,35.37933999975658],[-80.98683500036952,35.37901399992131],[-80.98685399973779,35.378724999925325],[-80.98687200017943,35.37843600035905],[-80.98689100044601,35.378145999976795],[-80.98688499969992,35.37783299984438],[-80.98687899985214,35.377519999962736],[-80.98687200017943,35.3772070003318],[-80.98686600033166,35.37689400021921],[-80.98684500041526,35.376593000156845],[-80.98682500032378,35.3762919997042],[-80.98680400040737,35.37599100032609],[-80.98678400031588,35.37568999982527],[-80.98672499986634,35.3754039998203],[-80.98666600031511,35.37511800026666],[-80.98660799969048,35.37483199969935],[-80.98648800003987,35.37448099991513],[-80.9863690002142,35.37413099989982],[-80.98625000038852,35.373779999996515],[-80.9861519995809,35.373514000244505],[-80.98605399967161,35.37324800034824],[-80.9859549999374,35.372982000307715],[-80.98585700002812,35.37271600012294],[-80.98575900011883,35.372449999793965],[-80.98566100020953,35.372184000053196],[-80.98556199957702,35.37191900002626],[-80.98546399966773,35.37165300000033],[-80.98536599975844,35.37138699983028],[-80.9852439995597,35.37112999979153],[-80.98512200025928,35.37087299966699],[-80.98500099988547,35.37061700006319],[-80.98487899968671,35.37035999977012],[-80.98475700038631,35.37010400000428],[-80.98460599987524,35.36985300030961],[-80.9844550002625,35.369602999721096],[-80.98430399975146,35.3693519999335],[-80.98415300013872,35.36910199999075],[-80.98400199962767,35.36885100011019],[-80.98385100001492,35.36860100008077],[-80.98370000040218,35.368351000009575],[-80.98346000020267,35.368056999655884],[-80.98322000000316,35.367762999696524],[-80.98309500032968,35.36761100012475],[-80.98297999980365,35.36746900013131],[-80.98271299983996,35.367193000192934],[-80.98244699970117,35.36691600012338],[-80.98217999973748,35.36663899983584],[-80.98191000029905,35.3664559997248],[-80.98163999996233,35.3662739998594],[-80.98136999962557,35.366090999653416],[-80.98110000018715,35.3659089996976],[-80.98103800026287,35.365880000185946],[-80.98080300008624,35.36577100010966],[-80.98050699981023,35.36563300028577],[-80.9802099997093,35.36549500022597],[-80.9799140003316,35.365356999930306],[-80.97961700023069,35.365219000131255],[-80.97945700039712,35.36516600031031],[-80.9793019996881,35.36511500033914],[-80.97898700004383,35.365012000356636],[-80.97867200039956,35.364908000297845],[-80.97835699985698,35.36480400010509],[-80.9780410003878,35.36470099972576],[-80.97772199964726,35.36459300020398],[-80.97740399962996,35.364484999805086],[-80.97708499978772,35.364376999994334],[-80.9767659999455,35.36426900003905],[-80.97644700010326,35.36415999998521],[-80.97600199986434,35.36405299969508],[-80.9756269999456,35.363982999853036],[-80.97503500029191,35.36392200029698],[-80.97463199988577,35.363910000078675],[-80.97423000020288,35.363898999815945],[-80.97400400024706,35.36390900012144],[-80.97383299964453,35.363940000254864],[-80.97360000001603,35.3640199996934],[-80.97327000030313,35.3641900000685],[-80.97300900018722,35.364364999843666],[-80.9727399996754,35.364543999769595],[-80.9724860001305,35.36471399977383],[-80.97222500001459,35.36488899987818],[-80.97196300007377,35.3650629996603],[-80.97170199995784,35.36523799974068],[-80.97144099984195,35.365413000174314],[-80.97117899990113,35.365587000292074],[-80.97091799978521,35.365761999969074],[-80.9706569996693,35.36593699999926],[-80.97039499972848,35.366110999720135],[-80.97013399961259,35.3662859997263],[-80.96981499977036,35.36648100006065],[-80.96949699975303,35.36667500000102],[-80.96943900002671,35.36670799964994],[-80.9691779999108,35.36687000012822],[-80.96885900006856,35.36706499978437],[-80.96860399980045,35.36726799975995],[-80.9683479997074,35.36747099995757],[-80.96809300033762,35.367673999644616],[-80.96772099989361,35.36808300013398],[-80.96752500007501,35.36831800029979],[-80.96733000008136,35.368552999781414],[-80.96710400012556,35.36892000023103],[-80.96687800016974,35.36928599985386],[-80.96674400027545,35.369569999790656],[-80.96660899965791,35.36985500007676],[-80.96647499976362,35.370139000209036],[-80.96634099986932,35.370423000074474],[-80.96623799993715,35.37069299998456],[-80.96613500000498,35.370961999854075],[-80.96603200007283,35.37123200015852],[-80.96592900014066,35.37150200029225],[-80.96582700003343,35.37177200025524],[-80.96572400010126,35.37204200004742],[-80.96554800037417,35.37234900008648],[-80.96537199974873,35.37265599969024],[-80.96519699984655,35.37296400016869],[-80.96498500013445,35.37324299967543],[-80.96477300042234,35.37352300025322],[-80.9645230001771,35.37374599974113],[-80.96427200010693,35.37396900007779],[-80.96402199986167,35.37419199979825],[-80.96377199961641,35.37439100011899],[-80.96352200026946,35.374590999773865],[-80.9632720000242,35.374789999843166],[-80.9628960002806,35.37510700006638],[-80.9627489999675,35.37519900016373],[-80.96255499979874,35.375283999977334],[-80.9620800003209,35.375378000235656],[-80.96166299967105,35.37543400011937],[-80.96126699983593,35.37545499988261],[-80.96088500024452,35.37544799971802],[-80.96050199992987,35.37543999973837],[-80.96016100034633,35.375413000350676],[-80.95977499965863,35.3753550000891],[-80.95938800004436,35.37529800033441],[-80.95882900000261,35.375148999757585],[-80.9582780003568,35.37498400032169],[-80.9579910003016,35.37478599982086],[-80.95780100033082,35.37465399970536],[-80.95770400024644,35.37458699974169],[-80.95746400004693,35.37436000033683],[-80.95722399984741,35.374133000293455],[-80.95700399973938,35.37389499997853],[-80.95678299980645,35.37365699969421],[-80.95647999985775,35.37325599981268],[-80.95618799977969,35.37276900011406],[-80.95595799962591,35.37228800026],[-80.95579799979237,35.371810999906636],[-80.95569700040834,35.371459000304284],[-80.95559500030107,35.371107999767304],[-80.95549400001875,35.37075600002893],[-80.95539100008658,35.370437999686196],[-80.95524100029876,35.37017500027823],[-80.95492900012923,35.36980799967478],[-80.95468200025702,35.36959800028742],[-80.9544350003848,35.36938800035372],[-80.95418799961429,35.3691779998736],[-80.95394099974209,35.36896699968507],[-80.95366200008283,35.36875800020435],[-80.95338199970033,35.368549000182526],[-80.95310300004107,35.36834000035201],[-80.95282400038181,35.36813099998034],[-80.95254499982424,35.36792199980006],[-80.95226500034009,35.36771199990098],[-80.95193800010192,35.36750000036269],[-80.95161099986377,35.36728700035221],[-80.95154499974156,35.367254000207446],[-80.95105799966983,35.367004000359586],[-80.95057999981894,35.36681500008372],[-80.94997999976933,35.3666150002052],[-80.94958399993419,35.366495999672416],[-80.94918700027416,35.366378000355986],[-80.94846300037598,35.36620000003023],[-80.94810099997773,35.36611199965008],[-80.94773899957949,35.366022999975534],[-80.94737700007954,35.365934000202856],[-80.9470149996813,35.36584600026531],[-80.94662200021922,35.36577699971444],[-80.94622899985883,35.36570799983711],[-80.94579100019092,35.36566000001507],[-80.94536799969332,35.36561400003675],[-80.9449440002691,35.36557800013096],[-80.94453500001518,35.36554400008312],[-80.94412599976127,35.36551000002095],[-80.94375699969032,35.36545000009178],[-80.94338699979447,35.365390000118026],[-80.94301799972352,35.365330000099675],[-80.94267200011711,35.365248999821],[-80.94232499978749,35.365169000135204],[-80.94199900027256,35.36504400000969],[-80.94167200003442,35.36491899969056],[-80.94149899978206,35.36481500024455],[-80.94135999986487,35.36473200028764],[-80.94104900041856,35.36454499971896],[-80.94073700024904,35.364357000230584],[-80.9404259999044,35.36417000025836],[-80.94011399973488,35.363982999853036],[-80.93977399997625,35.363772000003806],[-80.93943500004255,35.36356200029717],[-80.93909500028391,35.36335100008019],[-80.93874799995427,35.363148999744595],[-80.93839999979974,35.36294800033787],[-80.93808000013259,35.362801000345605],[-80.93775999956713,35.36265500005851],[-80.93747400023518,35.36254999991959],[-80.93740700028803,35.362524999831464],[-80.9370530002857,35.36239500012774],[-80.93666099975023,35.362300000155514],[-80.93626900011307,35.362205000071505],[-80.93587699957759,35.36210999987565],[-80.93548099974247,35.36210100005956],[-80.93507200038687,35.362152999715974],[-80.93475299964632,35.36227400001251],[-80.93426300009989,35.362492999912575],[-80.9336739999209,35.36272199967106],[-80.93307899989415,35.36288500006001],[-80.93274400015841,35.36295800002863],[-80.93243399963869,35.36302600009056],[-80.93240900042264,35.363031999899334],[-80.93195400013798,35.363083999688705],[-80.93153200036357,35.363107999636505],[-80.93120099992748,35.36310399976782],[-80.93082000016098,35.363100999866134],[-80.93026299976906,35.363044000248145],[-80.92984299964448,35.363018000344795],[-80.92942300041824,35.36299299966901],[-80.92897999982912,35.36292700025072],[-80.92853700013835,35.36286100004587],[-80.92817999976296,35.362783000133824],[-80.92749699987267,35.36264099970601],[-80.92716999963451,35.36257699994739],[-80.92688299957933,35.3625209999339],[-80.92642599964485,35.36239100022368],[-80.92600899989334,35.3622700001025],[-80.92565900008897,35.362157000364384],[-80.92530900028459,35.36204299975516],[-80.92475000024287,35.36183199996376],[-80.92457399961745,35.36175199982223],[-80.92416400043693,35.36156499967681],[-80.92373199971848,35.361287000086094],[-80.9234920004173,35.36108499971445],[-80.92325300004269,35.36088300030265],[-80.92306200024697,35.3606479997381],[-80.92300699999541,35.360488999959486],[-80.92299799977457,35.36024099967977],[-80.9230420001555,35.35991700036449],[-80.92313599986683,35.35970900017307],[-80.92321399968463,35.35953599985221],[-80.92363299998428,35.359154999740056],[-80.9241409999724,35.35879999983273],[-80.92444399992111,35.358630999852714],[-80.92474699986981,35.358461000226846],[-80.92510300042028,35.35833199986684],[-80.92546499992021,35.35820099997749],[-80.9258239999454,35.35806999987566],[-80.92614799981051,35.35797499994288],[-80.92647300039884,35.357878999866415],[-80.92684099974655,35.35778699980818],[-80.92720899999259,35.35769400034354],[-80.92755299994917,35.35763499976897],[-80.92789699990576,35.357575999883935],[-80.92824000003742,35.35751799999217],[-80.92867000020775,35.357504000214135],[-80.92911299989852,35.35753799998479],[-80.92955899996235,35.357571999741175],[-80.92999300033063,35.357661999975186],[-80.93045000026513,35.357737000337785],[-80.9309070001996,35.35781099986533],[-80.93127500044564,35.35778399970899],[-80.93164399961827,35.35775700027621],[-80.93225999956141,35.35763799987375],[-80.9328420000677,35.357481000102595],[-80.93317299960547,35.35736400010267],[-80.93341899965279,35.357276999654665],[-80.93350400004161,35.35724599989341],[-80.93385200019614,35.357090000134455],[-80.9339199999682,35.35705900030146],[-80.93419899962745,35.356934000074126],[-80.93457600009432,35.3567479998056],[-80.9349540003861,35.35656199984124],[-80.93526300018257,35.356362000205074],[-80.93557299980397,35.35616200007358],[-80.93588199960047,35.35596300023512],[-80.93619100029527,35.35576299984808],[-80.93650099991666,35.355562999698385],[-80.93685800029205,35.3553220001201],[-80.93689299955382,35.3552980000558],[-80.93721499976911,35.35508099982259],[-80.9375450003803,35.35484599995563],[-80.93787599991809,35.35461100013748],[-80.9382070003542,35.35437699971081],[-80.93848099999059,35.35415899985541],[-80.93875399980206,35.35394100014426],[-80.93902699961353,35.35372299984462],[-80.93908600006307,35.3536730000559],[-80.93928000023185,35.35350599977527],[-80.93953299995184,35.35328899985554],[-80.93978599967181,35.35307200008544],[-80.94003900029013,35.35285399963808],[-80.94027699994149,35.35264999995694],[-80.9405160003161,35.35244699985972],[-80.94064400036261,35.35233699986459],[-80.94075399996747,35.35224299988324],[-80.94099300034208,35.35203900012417],[-80.94123099999345,35.35183499984979],[-80.94146899964481,35.35163099979284],[-80.94179199968501,35.35137700020857],[-80.94197800035617,35.35122999966599],[-80.9421139999003,35.35112299982551],[-80.94250899991049,35.350899000001746],[-80.94264399962971,35.3508500000491],[-80.9429240000122,35.35074800030647],[-80.94339900038834,35.35062500007916],[-80.94363200001685,35.35058199996148],[-80.94402200000418,35.350511000040775],[-80.9445919999166,35.35050799967128],[-80.94493199967522,35.3505300001805],[-80.94527200033215,35.350553000073674],[-80.94561200009079,35.35057499983793],[-80.9459519998494,35.350597999718296],[-80.94629199960802,35.35062000020295],[-80.94663200026496,35.350643000070484],[-80.94697200002359,35.35066499981029],[-80.94731299960713,35.35068799966497],[-80.94765300026407,35.35071000012516],[-80.94798799999982,35.35074499994572],[-80.94832399956049,35.35077999975111],[-80.94866000001947,35.35081500027404],[-80.9493310002142,35.350883999690446],[-80.94966699977488,35.350919000168254],[-80.95009500029535,35.35093599997623],[-80.95053299996327,35.35095399989826],[-80.95094899988989,35.350971999816316],[-80.95131399976286,35.35097099969885],[-80.95167799981093,35.35097099969885],[-80.952041999859,35.35097099969885],[-80.95245799978562,35.350938000212004],[-80.95287399971221,35.35090499997897],[-80.9532100001712,35.350858999653845],[-80.95354599973187,35.35081300003521],[-80.95388200019086,35.35076699965769],[-80.95421899957641,35.35072099998667],[-80.9545550000354,35.35067599967792],[-80.95492499993127,35.35059199971825],[-80.95529400000221,35.35050799967128],[-80.95566399989805,35.35042499966113],[-80.956032999969,35.350341000173124],[-80.95640299986484,35.35025799999142],[-80.9567240002552,35.35014599969043],[-80.95704399992236,35.350033999966854],[-80.9575129995524,35.349889000172496],[-80.95793400040021,35.349707999730484],[-80.95835500034968,35.34952600021293],[-80.95869199973525,35.349334999778996],[-80.95902900001916,35.34914300021881],[-80.95937499962557,35.34891000021197],[-80.95972199995519,35.34867700026575],[-80.95998399989601,35.34845599996621],[-80.96024599983684,35.348233999643334],[-80.96050799977766,35.34801300032989],[-80.96069799974846,35.34785200027358],[-80.9607710004417,35.34779100025492],[-80.96103300038253,35.34756999972949],[-80.9614330004156,35.34729799983091],[-80.96182099985481,35.34713599965012],[-80.96214100042026,35.34704600014196],[-80.96241000003378,35.34703499977999],[-80.9625389999052,35.347025000315604],[-80.96292700024273,35.34709100027494],[-80.96325000028291,35.347216000349874],[-80.96355099968346,35.34739900010487],[-80.96391200025681,35.34770600006804],[-80.96419699976384,35.34800700013783],[-80.96448100034429,35.34830799981875],[-80.96475599980559,35.348631000137196],[-80.96503100016521,35.34895399989684],[-80.96531900004531,35.3492680000492],[-80.96561500032132,35.34959100019237],[-80.96582700003343,35.34980699965821],[-80.96604700014144,35.3500310003123],[-80.96629700038669,35.35023799966122],[-80.96654799955854,35.350446000069],[-80.96681799989528,35.35062000020295],[-80.96708800023202,35.35079399996212],[-80.96756799973274,35.35102000031079],[-80.96787900007736,35.351121999709925],[-80.9681989997445,35.35122800017013],[-80.96853100000553,35.3513000003066],[-80.96886400009144,35.35137199964626],[-80.9693679998816,35.35144599987757],[-80.9699369999691,35.35143700033818],[-80.97027900027585,35.35137999981313],[-80.97062099968431,35.35132299998051],[-80.97099899997606,35.351183000143806],[-80.97137600044294,35.35104400018099],[-80.97186400033956,35.350842999948725],[-80.97223800043338,35.35061500032648],[-80.97245900036633,35.35044499994501],[-80.97259699956027,35.350337999797325],[-80.97267000025352,35.35025699986511],[-80.97279999994986,35.35010900008677],[-80.97300199961622,35.34987900032869],[-80.97317300021875,35.349581000311666],[-80.97327799980074,35.34929500012199],[-80.97341400024317,35.348815999905746],[-80.97346199992377,35.3485379996539],[-80.97350999960433,35.34825999991073],[-80.97354399993951,35.34798499967413],[-80.97357800027471,35.34770999996679],[-80.9736190002826,35.347432000304885],[-80.97363699982594,35.34730500023845],[-80.97366000029047,35.347153999686206],[-80.97376900007042,35.34661399978836],[-80.97395300019345,35.34615199987627],[-80.97412999974543,35.3457980001446],[-80.97443400041736,35.34538999979638],[-80.9747530002596,35.34504099987838],[-80.9751120002848,35.34470900030394],[-80.97563899964118,35.344393000350955],[-80.97580699987067,35.34431699985323],[-80.97594599978784,35.34425399969497],[-80.97625399975942,35.34411400006301],[-80.97656500010405,35.344004999914624],[-80.97687600044866,35.34389600035196],[-80.97734699972854,35.34375300021199],[-80.97781799990672,35.343609999818845],[-80.97817799975685,35.34352899973494],[-80.97853799960696,35.34344899978045],[-80.97884800012666,35.34337899966366],[-80.97889699963216,35.343368000267894],[-80.97925700038058,35.34328800015397],[-80.97962599955322,35.34318200026568],[-80.97999499962415,35.34307600023837],[-80.98036399969509,35.34297000007194],[-80.98073299976603,35.342864999984315],[-80.98110199983697,35.342759000273816],[-80.98147099990791,35.34265299969152],[-80.98191899962158,35.3424849998525],[-80.98227000014916,35.342310000289864],[-80.98261999995354,35.342135000348186],[-80.98290700000872,35.34195700007309],[-80.98319400006389,35.34177900013862],[-80.98348100011907,35.34160200004549],[-80.98389299984773,35.341252999885],[-80.98425199987292,35.34090999966944],[-80.98432899986581,35.34081300031642],[-80.98456300021755,35.34052300033993],[-80.98473999976954,35.34027400005266],[-80.98489399975534,35.340059000264354],[-80.98490999964885,35.34002400021062],[-80.98502000015203,35.33978299970103],[-80.98505799978687,35.33970099992018],[-80.98519900025217,35.3392700001239],[-80.98531499970481,35.33893800028442],[-80.98537099978131,35.338362999657264],[-80.98539099987279,35.33808199997673],[-80.98537300032945,35.33761999964022],[-80.98530200018433,35.33721699973717],[-80.98519400022931,35.336958999835105],[-80.98516499991699,35.33689899994431],[-80.98499500003767,35.33660500012871],[-80.98480099986891,35.33644900007638],[-80.98470399978453,35.33637100030364],[-80.9846669999746,35.33633999984699],[-80.98465799975378,35.33633299995496],[-80.98441300042971,35.33613600023279],[-80.98430100027672,35.336056000286575],[-80.98412100035166,35.33592899992543],[-80.98382800044871,35.3357219998207],[-80.98353499964742,35.33551499991859],[-80.983265000209,35.33529600014585],[-80.98299400004734,35.33507800009394],[-80.98270199996931,35.33472200030472],[-80.98242300031005,35.33427300036409],[-80.98226000010342,35.333991000057964],[-80.98209600007189,35.33370900023357],[-80.98194999958372,35.33343800017429],[-80.98180499981876,35.33316800027705],[-80.98165900022889,35.33289699986943],[-80.98148099995366,35.3325849998055],[-80.98130400040165,35.33227300000287],[-80.98116999960904,35.33193599969928],[-80.98103599971475,35.331597999831885],[-80.98098899985906,35.33127999991506],[-80.98094000035358,35.33094800022952],[-80.98084499991903,35.33054900005037],[-80.9808149997818,35.3301859996752],[-80.98080399991115,35.32978999980519],[-80.9808509997668,35.329468000035405],[-80.98089799962247,35.32914500006107],[-80.98094399965322,35.32882200026183],[-80.9810829995704,35.32851399997497],[-80.98112299975337,35.32842699996934],[-80.98122099966265,35.32820599998039],[-80.98135999957984,35.32789800027804],[-80.98149900039533,35.32759000013512],[-80.98165599985585,35.32727899978517],[-80.98168699981797,35.32721600026849],[-80.98181300021469,35.32696900011921],[-80.98191199994888,35.32683300005611],[-80.98202300027695,35.32668200008984],[-80.9822369996389,35.32639299966395],[-80.98244500005136,35.32611000002351],[-80.98265500011364,35.32582400030499],[-80.98286299962778,35.32560700005618],[-80.98307000021533,35.325389000256585],[-80.98327799972948,35.32517200030603],[-80.98362199968606,35.32481100012116],[-80.9836950003793,35.3247369996812],[-80.98390000041874,35.32452000017932],[-80.98410899975778,35.324300000218166],[-80.98431499962211,35.324084999711054],[-80.9845539999967,35.32389100007859],[-80.98479300037131,35.323697999702794],[-80.98503100002267,35.323503999874674],[-80.98527000039729,35.32331000031407],[-80.98550899987359,35.32311700001723],[-80.98574800024818,35.32292300026093],[-80.98603600012825,35.322732999708386],[-80.98632400000835,35.32254300017521],[-80.98663100015501,35.322381999943595],[-80.98693800030169,35.32222100012436],[-80.98724399972511,35.32206099972694],[-80.98755099987177,35.32190000000142],[-80.98785800001843,35.32173899995538],[-80.98812599980704,35.32155599999175],[-80.98839299977074,35.32137300034692],[-80.98866099955934,35.321190000287906],[-80.98892900024626,35.32100600005934],[-80.98918299979117,35.32070600031846],[-80.9893409999749,35.32052099996004],[-80.98954600001433,35.32027900016765],[-80.98975199987864,35.32003599988357],[-80.98995799974296,35.319794000105645],[-80.99016399960729,35.31955099983003],[-80.99032400033919,35.31930500022795],[-80.99048400017273,35.31905899987742],[-80.99064400000631,35.31881300024452],[-80.99096399967345,35.31832100019965],[-80.99112400040534,35.3180749997877],[-80.99128400023889,35.31782900009334],[-80.99144400007248,35.317581999852926],[-80.99162999984532,35.31729200008276],[-80.99180399992258,35.316989000341735],[-80.99200399993913,35.316643000344975],[-80.99214700005426,35.31635399995249],[-80.9922900001694,35.316064000176674],[-80.99243199956129,35.315774999914105],[-80.99257499967644,35.31548600008481],[-80.99273899970798,35.31511900020061],[-80.99286599992956,35.31478899978351],[-80.99299200032627,35.31445900021896],[-80.9930860000376,35.314155000286],[-80.99317899992403,35.31385199978728],[-80.99320300021347,35.313773000356086],[-80.99327199981045,35.31354799977186],[-80.99336499969685,35.31324400007991],[-80.99345900030652,35.312940999833486],[-80.99359900004859,35.312576999708305],[-80.99371600022445,35.31231299968815],[-80.9938330004003,35.31204900027243],[-80.99394999967785,35.311784999995],[-80.99406699985373,35.311519999716346],[-80.99422800041052,35.31124399993322],[-80.99438999989393,35.3109679999414],[-80.9945509995524,35.31069199974092],[-80.99471299993411,35.31041600006477],[-80.9949370002401,35.31010100007254],[-80.995162000371,35.30978700021386],[-80.99538699960358,35.30947199997142],[-80.99560099986383,35.30925399992322],[-80.99581599994897,35.30903500011722],[-80.99603100003414,35.30881599971834],[-80.99624500029438,35.30859800010154],[-80.99646000037953,35.30837899998574],[-80.99672300014527,35.30817099979879],[-80.99698599991099,35.307963999726766],[-80.99724899967673,35.30775699985816],[-80.99752400003634,35.307586000300255],[-80.99779799967271,35.30741499964782],[-80.99810300016956,35.307255000013306],[-80.99840799976809,35.30709599998973],[-80.99861899965529,35.30698599984122],[-80.99871300026493,35.30693599972432],[-80.99901700003853,35.30677599987552],[-80.99953300042259,35.30646200030626],[-80.99980500040915,35.30632299966424],[-80.99999399965671,35.306209000177674],[-81.0004570003373,35.30581300017297],[-81.00066499985145,35.3055959997408],[-81.00087300026391,35.30537900019278],[-81.00101200018109,35.30516200006268],[-81.00116100014401,35.30492800013176],[-81.00122700026624,35.30477600035913],[-81.00136299981035,35.304460999665636],[-81.00145400004695,35.30419500035683],[-81.00154399956033,35.30392800020706],[-81.0016049996597,35.30340000003509],[-81.00159899981192,35.30311499988503],[-81.00159200013921,35.302829000217294],[-81.00159600033717,35.302554000090936],[-81.00159899981192,35.30227899976309],[-81.0016470003908,35.30181200013626],[-81.00173699990417,35.30152300027305],[-81.00182800014079,35.301235000110616],[-81.00196600023303,35.30096899972709],[-81.00210299960206,35.30070199992908],[-81.00224099969434,35.30043499998324],[-81.00237899978659,35.30016899990257],[-81.0025489996659,35.299917999923125],[-81.00272000026844,35.29966799991748],[-81.00289000014774,35.299416999850344],[-81.00306099985198,35.29916699976321],[-81.0032309997313,35.29891600034162],[-81.00340900000653,35.298647000304655],[-81.00358700028175,35.2983770000716],[-81.00385400024544,35.297928999962124],[-81.00386199974305,35.29791600016574],[-81.00399700036058,35.297608000206225],[-81.00405599991181,35.29735100006176],[-81.00407000015551,35.297291000104515],[-81.004126000232,35.29705199988214],[-81.00418999980612,35.296773999754066],[-81.00420400004981,35.29671400010223],[-81.00425500010344,35.29649600013743],[-81.00431899967755,35.29621800029901],[-81.00448100005926,35.29572299972349],[-81.0046479995655,35.29532699972279],[-81.00477899998508,35.29506299986791],[-81.00491000040465,35.29479899988506],[-81.00510500039833,35.294432000000334],[-81.00544699980678,35.29400799999148],[-81.00560800036358,35.29373299994998],[-81.00577099967187,35.293454000056855],[-81.00579599978622,35.293396999700235],[-81.00589799989349,35.29315999990937],[-81.00602599994,35.2928609996442],[-81.00615499981143,35.29256299984795],[-81.00628399968286,35.29226400031036],[-81.00640300040685,35.29195100026593],[-81.00652300005746,35.2916389998628],[-81.00664299970806,35.29132600033453],[-81.00671200020335,35.29103400004184],[-81.00678199962522,35.290742000162325],[-81.00685100012053,35.2904499999627],[-81.00691200021988,35.290192999819524],[-81.00699000003769,35.289864999929506],[-81.00705899963465,35.28957300023264],[-81.00710600038865,35.2892829997775],[-81.00715400006922,35.288992999750015],[-81.00720099992489,35.2887030001502],[-81.00724799978055,35.2884139996697],[-81.00729200016147,35.288129000271084],[-81.0073349998192,35.28784399986921],[-81.00737900020012,35.28755899993053],[-81.00742299968273,35.28727499989413],[-81.00746700006367,35.286990000152194],[-81.0075110004446,35.28670500014026],[-81.00754499988147,35.28647900035928],[-81.00759799958492,35.286136000226094],[-81.0076860003468,35.28556599978605],[-81.0077370004004,35.28528600014557],[-81.00778799955572,35.285005000069745],[-81.00783899960935,35.28472499995578],[-81.00788999966296,35.28444500034007],[-81.0079409997166,35.28416400027868],[-81.00802199990744,35.28389100022193],[-81.00810200027338,35.283617999978034],[-81.00818299956593,35.28334400005942],[-81.00826299993189,35.28307100017115],[-81.00837900028282,35.28274100030232],[-81.00849499973546,35.28241099982191],[-81.00861100008642,35.28208199969972],[-81.00872700043736,35.28175200020017],[-81.00886200015658,35.28139699983709],[-81.00899600005089,35.281042999633534],[-81.00916400028038,35.28070499973931],[-81.00933199961156,35.28036699990087],[-81.00963999958311,35.2799710003133],[-81.00993199966118,35.27965100000969],[-81.01021700006653,35.27932799983029],[-81.01049200042614,35.27898500020466],[-81.01076699988744,35.278641999859644],[-81.0109610000562,35.278351999852084],[-81.01102999965318,35.27824400006943],[-81.01115600004987,35.27805299989749],[-81.01130400018786,35.27773999991269],[-81.01145200032587,35.277427000184886],[-81.01159600026591,35.27706199987898],[-81.01174000020596,35.27669599982517],[-81.01190099986445,35.27641800019388],[-81.01206200042124,35.27614099991825],[-81.01229000002687,35.27580300009888],[-81.0125179996325,35.275465000335814],[-81.0126790001893,35.2751960001065],[-81.0128409996727,35.27492600012582],[-81.01300200022949,35.27465700030657],[-81.0131219998801,35.27436300010392],[-81.01324300025392,35.27406900030096],[-81.01337799997313,35.273758999871745],[-81.01351199986743,35.27344899972285],[-81.01364599976172,35.273138999854375],[-81.01377999965604,35.27282900026631],[-81.01391400044864,35.272519000225245],[-81.01401200035794,35.27224599978155],[-81.01411100009214,35.271972999884646],[-81.01420900000144,35.271701000165706],[-81.01440499982,35.27115500017882],[-81.0145029997293,35.27088200027214],[-81.0146009996386,35.27060900017887],[-81.01470000027112,35.27033599989903],[-81.0147980001804,35.27006300016606],[-81.01489600008968,35.26979000024649],[-81.01493399972453,35.26950699989068],[-81.01497300008258,35.269223000351296],[-81.01501099971742,35.268938999816335],[-81.01505000007549,35.26865499975261],[-81.01504000002973,35.26825099978541],[-81.01502999998398,35.26784700000383],[-81.01499700037203,35.26744100030705],[-81.01496999970954,35.26711500004607],[-81.01496300003683,35.26703400035373],[-81.01491500035627,35.2667550001417],[-81.01486699977738,35.26647500000663],[-81.0148190000968,35.26619600007],[-81.01477100041623,35.26591600020351],[-81.01472299983733,35.26563699980889],[-81.01470399957076,35.265327000118106],[-81.01468600002741,35.265016000261],[-81.01466799958574,35.264704999943675],[-81.0146500000424,35.26439500035449],[-81.01462800030109,35.2640549997489],[-81.01460700038469,35.26371599964687],[-81.01458499974505,35.263377000327075],[-81.01456300000376,35.263036999850875],[-81.01453299986653,35.26269499993028],[-81.0145029997293,35.26235300003336],[-81.01447299959207,35.26201100015998],[-81.01444400017807,35.26166799982168],[-81.01440900001796,35.261359999867544],[-81.01437399985787,35.2610509997136],[-81.014340000421,35.260741999848484],[-81.0143050002609,35.260433000272144],[-81.01427000010078,35.26012400025114],[-81.01425300038237,35.259811999718174],[-81.0142349999407,35.25950099996635],[-81.01421700039735,35.259188999969005],[-81.01416399979558,35.258850999838984],[-81.01411100009214,35.2585129997664],[-81.01395000043365,35.258002000014045],[-81.0139040004029,35.25788400002391],[-81.01382499986188,35.25768500035999],[-81.01370900040924,35.25739199999132],[-81.01359300005828,35.25713000004643],[-81.01347699970732,35.256867999988145],[-81.01336100025469,35.256604999998984],[-81.01322300016241,35.256341999889955],[-81.01308400024526,35.25607799983708],[-81.01294600015301,35.255813999657896],[-81.01271500017431,35.25548100001441],[-81.01248400019564,35.255147999736415],[-81.0123269998368,35.25489400004968],[-81.01217100020118,35.25463899972534],[-81.01201499966726,35.25438400006587],[-81.01178799988654,35.25392799982277],[-81.01164700031956,35.25353200009796],[-81.01157399962628,35.253170000283504],[-81.01145999982349,35.25277899984724],[-81.01120600027859,35.252300000156986],[-81.0108840000633,35.25193799997593],[-81.01064999971157,35.25174000026297],[-81.01026100044746,35.25151899988993],[-81.00981200001057,35.25128899996728],[-81.0093769998174,35.25108500008949],[-81.00915599988446,35.2509360001276],[-81.00886800000437,35.25070600001813],[-81.00883299984427,35.250609000334514],[-81.00875300037664,35.250390000334605],[-81.00863799985059,35.250074000152914],[-81.0085530003601,35.24974300020883],[-81.0084689997962,35.249410999740704],[-81.0083850001306,35.249080000024236],[-81.0083009995667,35.24874799977553],[-81.00823399961955,35.2484730001046],[-81.00826799995474,35.24805600029652],[-81.00836000001625,35.24776999982155],[-81.00845100025285,35.247483999805],[-81.00854300031435,35.247198000246875],[-81.00867399983561,35.246884999907714],[-81.00880500025518,35.24657199982756],[-81.0089349999515,35.24625900000636],[-81.00906600037109,35.245944999761605],[-81.00914199964076,35.24577200033384],[-81.00920899958791,35.24562400009787],[-81.00925999964153,35.24550900029311],[-81.00935199970303,35.24530199994008],[-81.00949399999327,35.244980999931805],[-81.0096370001084,35.24465900015519],[-81.00976900035288,35.244331000020544],[-81.00990099969903,35.244003999999336],[-81.01003299994352,35.243676000149826],[-81.01020700002078,35.243198000216985],[-81.01032800039461,35.24264799971205],[-81.01038299974788,35.242327000202614],[-81.01043600034964,35.24201400013624],[-81.01048999987799,35.241697000323825],[-81.01053699973367,35.24134699982524],[-81.01058399958933,35.240997000017195],[-81.01063100034332,35.24064700016603],[-81.01064600041192,35.24037000013117],[-81.01066200030546,35.24009299988391],[-81.01067700037406,35.23981500013338],[-81.0106930002676,35.2395380001916],[-81.01070800033621,35.23926100003747],[-81.01072400022973,35.23898399967099],[-81.01073900029834,35.23870699982587],[-81.01074000012326,35.238399999980885],[-81.01074099994815,35.2380929997075],[-81.01074199977307,35.23778599973959],[-81.010742999598,35.23747900007702],[-81.01074400032121,35.23717199998622],[-81.01074500014613,35.23686400013991],[-81.01076799971236,35.23656399964163],[-81.0107920000018,35.23626400023498],[-81.01081499956801,35.23596399971878],[-81.01088700043636,35.23568499968099],[-81.01089099973599,35.23566799986332],[-81.01091800039849,35.23556199984082],[-81.01095799968314,35.23540600015105],[-81.01102999965318,35.23512699966149],[-81.01110199962318,35.234847999679786],[-81.0111729997683,35.23456900020592],[-81.01124499973832,35.234289999772464],[-81.0113769999828,35.234008000292235],[-81.01150800040237,35.2337269999313],[-81.01163999974854,35.23344499996137],[-81.01177100016811,35.23316299974489],[-81.01190300041259,35.23288100001559],[-81.01203399993383,35.23259900003978],[-81.01216600017831,35.23231799993449],[-81.01226300026269,35.232036000202854],[-81.01236100017198,35.23175500034874],[-81.01245900008128,35.23147400025505],[-81.01252100000555,35.23118800000113],[-81.01258100028001,35.23090700014482],[-81.01264300020429,35.230616000137395],[-81.01270500012856,35.23033099993539],[-81.01276600022794,35.230045000054766],[-81.01282800015221,35.22975899989969],[-81.01288900025159,35.229473000204074],[-81.01296299987142,35.22927499993709],[-81.01303999986432,35.22899500021712],[-81.01311799968212,35.228715000264614],[-81.01317799995658,35.2284459996911],[-81.01325800032252,35.22811599969251],[-81.01335200003386,35.22776600002851],[-81.01344599974519,35.22741600032239],[-81.01354100017974,35.227065999840335],[-81.0136089999518,35.22684099972903],[-81.01364099973885,35.226725000256344],[-81.01374899969389,35.226394999862585],[-81.01385599982402,35.22606599978845],[-81.01394299986264,35.225776999691185],[-81.01403099972619,35.22548800003228],[-81.01410400041945,35.22521899976765],[-81.01416499962049,35.2249659997335],[-81.01423900013864,35.22455399973571],[-81.01426599990283,35.22434000016539],[-81.01428599999433,35.223906000209254],[-81.01428599999433,35.22353199973104],[-81.01427299957554,35.22331199976693],[-81.01425300038237,35.223036999706935],[-81.01421999987208,35.222685999915036],[-81.01418600043522,35.22236600017009],[-81.01415299992493,35.22211900003615],[-81.01412699998566,35.22196000018207],[-81.0140459997948,35.221718000050885],[-81.01395899975618,35.22149800030621],[-81.01381900001408,35.22122299997015],[-81.0136780004471,35.22094800016994],[-81.01355100022548,35.220727999805696],[-81.01336299990452,35.22037600003723],[-81.013122999705,35.21998099965936],[-81.01297200009226,35.21972200000856],[-81.01282200030444,35.21946399980675],[-81.01267099979339,35.219204999973975],[-81.01252100000555,35.21894700033036],[-81.01238700011125,35.21870500002168],[-81.01221300003398,35.21842499978914],[-81.01205900004818,35.218133000226636],[-81.01189800038972,35.21787199995981],[-81.01173799965783,35.21761100032154],[-81.01157699999935,35.21734999984402],[-81.0112289998448,35.21675900004748],[-81.01114799965394,35.21658700033023],[-81.01102200015558,35.21631900023222],[-81.0108709996445,35.21598599986891],[-81.01072099985669,35.215653000341376],[-81.01058699996238,35.2153349999405],[-81.01038699994584,35.21498300026896],[-81.01024600037883,35.21476299988265],[-81.01009900006574,35.2145539996606],[-81.00983100027715,35.214267999952654],[-81.00960000029846,35.21405800031591],[-81.0093700001447,35.21384800013592],[-81.00913900016602,35.213638999759965],[-81.00890900001227,35.213428999963924],[-81.00867899985847,35.213219000358684],[-81.00844799987979,35.213009000210135],[-81.00821799972603,35.21279999987598],[-81.00799400031836,35.212549999640444],[-81.00776900018745,35.21229899973918],[-81.00770700026318,35.21223000029994],[-81.00754499988147,35.21204900016268],[-81.00732099957547,35.21179899981633],[-81.00727500044303,35.211731999959646],[-81.00715400006922,35.211559000227474],[-81.00698599983973,35.211318999929134],[-81.00681900033348,35.21108000003405],[-81.00665199992889,35.21083999978762],[-81.00648399969938,35.210600000299685],[-81.0062949995535,35.210285000353885],[-81.00610499958272,35.20996999991988],[-81.00591600033513,35.20965499973172],[-81.00578800028862,35.209383000105156],[-81.00569600022712,35.2091859996664],[-81.00566100006702,35.20911199997044],[-81.0055339998454,35.2088409996652],[-81.00537400001184,35.2083839998426],[-81.00534700024765,35.20828599977856],[-81.0053210003084,35.20814300001968],[-81.0052739995544,35.207795999886265],[-81.00526799970663,35.20768599993845],[-81.0052879997981,35.20723600026825],[-81.005328999806,35.206910999852575],[-81.00536899998896,35.20670800036258],[-81.00540900017194,35.206553999651604],[-81.00543900030918,35.20627100023359],[-81.0054979998604,35.205704999906764],[-81.00555800013485,35.20513900003893],[-81.00558800027208,35.204856000093656],[-81.00559499994478,35.204793000002724],[-81.00561900023422,35.20456199998527],[-81.0056469998233,35.20429099990885],[-81.00567699996054,35.20400799994446],[-81.00570700009777,35.20372499972788],[-81.005737000235,35.20344199999316],[-81.00576700037222,35.203159000006266],[-81.00579599978622,35.20287599976726],[-81.00582599992346,35.20259300001012],[-81.00585600006069,35.20231000000088],[-81.0058860001979,35.202026999739545],[-81.00591600033513,35.20174399996017],[-81.00594499974913,35.20146099992869],[-81.00597499988638,35.201177999645154],[-81.0060050000236,35.20089499984364],[-81.00603500016082,35.20061199979004],[-81.00606600012297,35.2003190002441],[-81.00609399971205,35.20004700017554],[-81.00612399984928,35.19976400010343],[-81.00615399998652,35.199480999779404],[-81.00618400012374,35.199197999937375],[-81.00621400026097,35.19891499984345],[-81.00624299967498,35.19863200023162],[-81.0062729998122,35.19834899963378],[-81.0062650003146,35.198015999709035],[-81.00625699991869,35.197682000077535],[-81.00624900042106,35.19734900035467],[-81.00624000020025,35.19701600000071],[-81.00622599995653,35.19673999986319],[-81.00621199971283,35.196462999697246],[-81.00619699964422,35.196186999883054],[-81.00618300029883,35.19591099986521],[-81.00616900005514,35.195634999643694],[-81.00615499981143,35.19535800011435],[-81.00613999974281,35.19508200021626],[-81.0060750003438,35.19480600011463],[-81.00601000004647,35.19452999980937],[-81.00594499974913,35.19425400003466],[-81.00588000035012,35.19397800005638],[-81.0058150000528,35.1937010000158],[-81.00574999975547,35.19342500036113],[-81.00568500035646,35.1931489997688],[-81.00562000005912,35.192872999707085],[-81.00555499976181,35.19259700017596],[-81.00545400037777,35.19231499971855],[-81.00535300009545,35.192032999750516],[-81.00525199981311,35.1917499996551],[-81.00515100042908,35.191467999928435],[-81.00504900032182,35.19118599995711],[-81.00497300015385,35.19091500003343],[-81.00489699998586,35.190643999939944],[-81.00481999999297,35.19037199977712],[-81.00474399982498,35.190101000074996],[-81.00466699983208,35.18983000020315],[-81.00459099966412,35.18955900016155],[-81.0045139996712,35.189287999950324],[-81.00443800040155,35.18901700030352],[-81.00436100040865,35.18874599975288],[-81.00428400041577,35.18846000018536],[-81.00420700042287,35.18817500027215],[-81.00413100025489,35.187889000163224],[-81.004054000262,35.18760399971567],[-81.00397700026909,35.18731799979952],[-81.0039000002762,35.18703300028591],[-81.00382800030619,35.18687200011373],[-81.0037739998795,35.1867520002841],[-81.0036469996579,35.18647199999246],[-81.0035200003346,35.186191000253196],[-81.00339399993791,35.185910000276515],[-81.00326699971632,35.1856300000204],[-81.00314100021792,35.18534900030642],[-81.0030139999963,35.18506900031992],[-81.00296700014066,35.18476400015458],[-81.00287400025422,35.18415500003714],[-81.0027810003678,35.183545999761286],[-81.00273399961384,35.1832409997538],[-81.00266099981891,35.18294699997269],[-81.00258700019906,35.18265299986229],[-81.00251400040412,35.18235900015682],[-81.00243999988596,35.18206500012203],[-81.00242700036549,35.181752999656176],[-81.00241399994668,35.18144100019534],[-81.00240100042622,35.18112900027101],[-81.00238700018251,35.18081699988326],[-81.00242099961939,35.180510999892775],[-81.00245499995458,35.18020600024361],[-81.00248900028977,35.17990100018419],[-81.00252299972662,35.17959499968222],[-81.00255600023692,35.17929000026708],[-81.00256499955943,35.179217999840944],[-81.00262400000898,35.17867900016262],[-81.00268500010834,35.178066999819826],[-81.00271600007048,35.177759999701316],[-81.0027749996217,35.17715099996938],[-81.00283700044432,35.17653699973102],[-81.00286800040645,35.17622899963475],[-81.00288900032285,35.175926000227484],[-81.00290900041432,35.17564199976257],[-81.00293100015564,35.17531900014287],[-81.00295200007204,35.175016000281],[-81.00297299998843,35.17471199993171],[-81.00299399990483,35.17440900001039],[-81.00301499982123,35.17410599969405],[-81.00307199972264,35.173797999933306],[-81.00312899962404,35.17348999974001],[-81.00318499970054,35.17318199984851],[-81.00324199960195,35.17287400025882],[-81.00329900040168,35.17256700035541],[-81.00335600030307,35.172258999904514],[-81.00341200037958,35.171950999755445],[-81.00351299976359,35.17164199977815],[-81.00361300022104,35.171333000095125],[-81.00371399960505,35.171025000109886],[-81.00381400006248,35.17071600028499],[-81.00391500034482,35.17040700002019],[-81.00408400039922,35.17012900026133],[-81.0042519997304,35.1698500001342],[-81.0044209997848,35.16957199993968],[-81.0045899998392,35.16929300010429],[-81.0047520002209,35.16902500036387],[-81.0049270001231,35.16873599993066],[-81.00509700000241,35.16849100003964],[-81.00526699988171,35.16824600014475],[-81.00543699976102,35.16800100024606],[-81.00560699964034,35.167755000165656],[-81.00577800024287,35.167510000256364],[-81.00594800012219,35.167265000343264],[-81.0061180000015,35.16701999969207],[-81.00628799988083,35.16677499977144],[-81.00645899958504,35.16652599980917],[-81.00663100001249,35.16627800001501],[-81.00680199971671,35.16602899999974],[-81.00697400014417,35.16578100015865],[-81.00713200032791,35.16555199978782],[-81.0073060004052,35.16517500018423],[-81.00725299980343,35.164873000185814],[-81.00718800040441,35.16465299993811],[-81.0068989998011,35.16367999974421],[-81.00685399959525,35.163369999683454],[-81.00681000011264,35.16306100014563],[-81.0067649999068,35.16275099992875],[-81.00656499989026,35.16225600030721],[-81.0063780002925,35.161951999987146],[-81.00619099979643,35.161647999999616],[-81.00600400019869,35.161344000344656],[-81.0058359999692,35.160877000251034],[-81.00582799957327,35.16060200029092],[-81.00581900025075,35.160327000135446],[-81.00581000002992,35.16005100024638],[-81.00582699974838,35.15967799975446],[-81.00584400036513,35.15930400020791],[-81.0058359999692,35.158942999727515],[-81.00582699974838,35.15859899964869],[-81.00581800042585,35.158220999835926],[-81.00578800028862,35.1578829999692],[-81.00575800015139,35.15754500016694],[-81.00580599983198,35.157023000159874],[-81.00594700029727,35.15671099980573],[-81.00608700003937,35.1564000000415],[-81.00622799960635,35.15608899982283],[-81.00639599983585,35.15584599993931],[-81.00656300024043,35.15560199973693],[-81.00673099957162,35.15535899986768],[-81.00689799997618,35.15511600000702],[-81.00694900002982,35.155061000013404],[-81.00700000008344,35.15500599998261],[-81.00718300038153,35.154810999840876],[-81.00746700006367,35.154506000000225],[-81.00770600043826,35.15429000026188],[-81.00794499991454,35.15407399995013],[-81.00818400028916,35.15385799979936],[-81.00845799992554,35.15367900032118],[-81.00873300028516,35.153501000068054],[-81.00909499978509,35.15332199980447],[-81.00945600035843,35.15314400023923],[-81.00950999988677,35.153125999675574],[-81.00980399961466,35.15302799980132],[-81.01019600015013,35.152935000141234],[-81.01058699996238,35.15284199964036],[-81.01098899964528,35.1527760000023],[-81.01141100031798,35.15274499978655],[-81.01159799991575,35.1527380001864],[-81.01183899994015,35.15274899976768],[-81.01210000005608,35.1527760000023],[-81.01235399960099,35.152821000128576],[-81.01255500034074,35.152864999868875],[-81.01269799955756,35.15291100030647],[-81.01305699958276,35.15306299987487],[-81.01346500001176,35.15325500019947],[-81.01387300044077,35.153447999690485],[-81.01422300024514,35.15361699983161],[-81.01457300004951,35.1537850000064],[-81.01492399967879,35.153954000181955],[-81.01537200029074,35.15414599987292],[-81.01571000039957,35.154234999709864],[-81.01604799961005,35.15432299984078],[-81.01622699971018,35.15433799984526],[-81.0165099995674,35.15437199974726],[-81.01687100014075,35.15436199999357],[-81.01711200016516,35.154318000328345],[-81.01735999986228,35.15421900007649],[-81.01764799974237,35.154032000088115],[-81.0179659997597,35.153792999866155],[-81.018283999777,35.15355399967661],[-81.01847799994577,35.1533609997026],[-81.01869200020602,35.15313400033461],[-81.01890599956793,35.15290599997277],[-81.01911200033058,35.15268799966714],[-81.01931700037,35.152470000246346],[-81.01952300023432,35.152250999872884],[-81.0197330002966,35.152035999660654],[-81.01994400018378,35.15181999997534],[-81.020155000071,35.1516050000932],[-81.02036599995819,35.151388999998225],[-81.02076500016636,35.1510030003389],[-81.02098899957403,35.150795999921456],[-81.02115000013082,35.15066400021057],[-81.02155799966151,35.15037800034725],[-81.02185399993752,35.15020599964235],[-81.02215000021353,35.15003499970423],[-81.02244599959124,35.14986400014135],[-81.02274199986722,35.14969199981896],[-81.02303700031833,35.149521000269736],[-81.02337399970389,35.14939199970196],[-81.0237109999878,35.14926299966414],[-81.02404700044679,35.1491340001564],[-81.02438399983235,35.149006000118135],[-81.02472100011624,35.14887700020293],[-81.02518899992138,35.14877199967684],[-81.02565799955146,35.14866699974984],[-81.02602999999543,35.148634000080555],[-81.02640200043943,35.148600999663415],[-81.02677399998511,35.14856799996736],[-81.02714600042908,35.14853500025798],[-81.02750100025632,35.148526000201365],[-81.02785600008357,35.148517000143755],[-81.02821099991081,35.148508000085094],[-81.02856599973806,35.1484990000255],[-81.02891999974038,35.1484899999649],[-81.02907000042651,35.14848599977446],[-81.02927499956763,35.14848099990331],[-81.02963000029318,35.14847199984073],[-81.03001000023477,35.14846499987296],[-81.03038900035146,35.14845900031986],[-81.03076799956983,35.14845300003178],[-81.0311469996865,35.148446000062364],[-81.0313709999925,35.14844300028518],[-81.03152499997827,35.14843900009236],[-81.0319059997448,35.148432999802814],[-81.0322380000058,35.148411999887685],[-81.03319500043081,35.1486849998309],[-81.03390900028326,35.1486899996895],[-81.03457499955681,35.14848099990331],[-81.03548599995104,35.14832399997447],[-81.0363069999336,35.148194999712686],[-81.03727799970399,35.148100000300204],[-81.03858599975828,35.148049000183235],[-81.0394469999238,35.14804400028529],[-81.04085500043551,35.148112999878414],[-81.04166399982421,35.14815299975414],[-81.04263600031783,35.1481260001891],[-81.0435860001718,35.14800599972856],[-81.04455899959201,35.147767000169424],[-81.04468800036176,35.14773400013524],[-81.04555100017711,35.14723900021957],[-81.04608199973144,35.14688999989829],[-81.0463319999767,35.14672900029585],[-81.04675700012415,35.14620400008214],[-81.04758099958146,35.145195999815414],[-81.04779200036695,35.1447819997619],[-81.04811100020918,35.144101999681354],[-81.04825099995126,35.14359299967322],[-81.0484719998842,35.14262799977071],[-81.04852899978562,35.141916000364276],[-81.0488030003203,35.14105200018989],[-81.04912999966014,35.14025600025499],[-81.04958900014277,35.139314000109835],[-81.04986299977915,35.13862500021105],[-81.05026199998733,35.13781300013083],[-81.05076999997544,35.13683699976389],[-81.05123600013077,35.136185999686646],[-81.05161500024745,35.1351360001815],[-81.05188399986098,35.134497000157786],[-81.05207399983176,35.13348600004739],[-81.0520699996338,35.13341300034699],[-81.05202899962593,35.13283299987833],[-81.05139900033738,35.13184800035766],[-81.05058500002752,35.13121000013575],[-81.05045600015607,35.13110899990374],[-81.0495980003636,35.13092799982184],[-81.04867000025092,35.13060600033779],[-81.04758899997736,35.13037299979844],[-81.04660700033631,35.130062999939184],[-81.04571500020865,35.12978999998651],[-81.04480899983727,35.129449999753376],[-81.0438880002956,35.12908500013802],[-81.04320600023021,35.128819999955866],[-81.04212499995664,35.12825299964451],[-81.04158199980843,35.12792199973829],[-81.04115199963813,35.12762200020145],[-81.04054200044108,35.12719599963638],[-81.0403330002037,35.12700999995322],[-81.03948200008391,35.126250999876426],[-81.03876499985843,35.12544900019341],[-81.0381210003262,35.12461500007862],[-81.03800900017319,35.124472000062894],[-81.0378970000202,35.12431000022986],[-81.03763199970633,35.123928999910355],[-81.03743699971264,35.12364900007057],[-81.03706599999188,35.12296299984863],[-81.03660999988232,35.12198200000009],[-81.03637100040602,35.12129399967078],[-81.03617499968914,35.12048000011749],[-81.03614799992496,35.12036400015449],[-81.03596200015211,35.119547000018315],[-81.03580300014345,35.11906000025206],[-81.03561399999757,35.11858400030303],[-81.03532899959221,35.117937000014486],[-81.03488199970346,35.11719999984815],[-81.03414799975954,35.11620099975907],[-81.03364700034243,35.115467999663366],[-81.03314900040006,35.11459500015219],[-81.03279200002467,35.113787999809475],[-81.03255500019822,35.11290600034909],[-81.03253599993164,35.112805000199046],[-81.03241499955782,35.11214899990998],[-81.03236600005232,35.111206000025],[-81.03232699969428,35.11072900034256],[-81.03236699987725,35.10961899976172],[-81.0325180003883,35.10892200009138],[-81.03271300038197,35.10796200025942],[-81.03285399994897,35.10737699988058],[-81.03324999978409,35.1064500000995],[-81.03360499961133,35.10570200033296],[-81.03406200044412,35.1050490000955],[-81.03471000017433,35.10432900032179],[-81.03519600042114,35.10377600031943],[-81.03606900028224,35.10315100011174],[-81.03671600018752,35.10273499967712],[-81.03789100017241,35.1022160002553],[-81.03864500020782,35.101984000341446],[-81.03978500003261,35.1017669999036],[-81.04003399955465,35.10174599971204],[-81.04012499979123,35.101737000363215],[-81.04085600026043,35.10167500000421],[-81.04171999990069,35.10155699994933],[-81.04310400012295,35.10134499967069],[-81.04360500043839,35.101307000103276],[-81.04435500027581,35.10116199981194],[-81.04494699992954,35.10097300016512],[-81.04533500026704,35.100859999684744],[-81.04591299967706,35.1007240002648],[-81.04704400017933,35.100336999733585],[-81.04736499967139,35.100204999798834],[-81.04781999995605,35.099973000041395],[-81.04824099990553,35.099767999798196],[-81.04876099958919,35.099504000077204],[-81.04913800005608,35.09928999977063],[-81.04953899991405,35.09901299990659],[-81.05037999998811,35.09837200034559],[-81.05094400005272,35.0977410002491],[-81.05154999995013,35.096980999867256],[-81.05191700037123,35.096279000032766],[-81.0522450004343,35.09547799965166],[-81.05246600036723,35.094673000327816],[-81.05257500014719,35.094298000211964],[-81.05271900008724,35.093802000006704],[-81.05286100037745,35.09303999967291],[-81.05316699980088,35.09212300007751],[-81.053462000252,35.091369000337544],[-81.05388400002637,35.09068399998045],[-81.0544410004183,35.08996500016493],[-81.05460200007677,35.08975600035028],[-81.05508300030071,35.08924199973058],[-81.05517799983696,35.089103999959285],[-81.05562200025096,35.088616999832425],[-81.0560320003298,35.08815400028913],[-81.05650699980762,35.08739200010491],[-81.05665199957258,35.08710399988885],[-81.0569839998336,35.086445999903184],[-81.05707900026817,35.08568100004996],[-81.05705499997872,35.0848639999229],[-81.05681300012937,35.08398799980136],[-81.05658999964831,35.08328400036085],[-81.05643099963963,35.0823990001664],[-81.05634899962389,35.08154899986168],[-81.05644300023353,35.080676000230405],[-81.05654899964041,35.079971000356444],[-81.0567650004488,35.079153999647026],[-81.05684800028948,35.07880500018121],[-81.05698700020666,35.07822800004173],[-81.05719300007097,35.07737699983598],[-81.05737399982094,35.076668999911156],[-81.05758100040848,35.0758150001076],[-81.05762200041637,35.07495799991003],[-81.05773200002123,35.07410999972705],[-81.0576879996403,35.07332099985651],[-81.057701999884,35.07241699976298],[-81.05769299966317,35.07163499965219],[-81.05766900027203,35.070811000000106],[-81.05772399962531,35.07007300029277],[-81.0577710003793,35.069159000325214],[-81.05784099980117,35.06838200025283],[-81.05785400021996,35.06823399971547],[-81.05791899961898,35.067489999863994],[-81.05797399987057,35.0670499997252],[-81.05800599965762,35.06675400016892],[-81.058102999742,35.06578299988845],[-81.05819900000148,35.065098000119015],[-81.05820400002433,35.06439300020921],[-81.05820700039739,35.06400000018517],[-81.05813700007718,35.06339000013111],[-81.05780599964108,35.06245800031558],[-81.0576869998154,35.06193799972624],[-81.05767199974677,35.061866999923275],[-81.05701700034388,35.061287999846535],[-81.05643900003557,35.06073799997874],[-81.05592699984949,35.06034700006004],[-81.05553500021233,35.06004700034235],[-81.05489099978178,35.059665999670784],[-81.05396500021723,35.059057999672014],[-81.05316299960292,35.05857599986141],[-81.05236900028287,35.0579909996434],[-81.05172999987518,35.05746400031819],[-81.05092300013632,35.05670900006156],[-81.05032499973652,35.05599800002823],[-81.04990600033517,35.055345999746024],[-81.04959699964039,35.05478299980049],[-81.04934999976815,35.054509999941956],[-81.04884900035105,35.05407199991074],[-81.04856899996858,35.05372500003146],[-81.04825699979904,35.05334000029635],[-81.04801300029989,35.05300000032945],[-81.04766599997025,35.05251800005724],[-81.04720700038594,35.051924000129496],[-81.0466690002606,35.05118100032581],[-81.0461910004097,35.05071800015634],[-81.04606500001302,35.05059200022925],[-81.04552000021496,35.049893000272725],[-81.04499700015825,35.049180000137106],[-81.04443999976634,35.0484499996745],[-81.0439300001284,35.04780499996186],[-81.04386499983106,35.04773599999891],[-81.04335000017025,35.04718300021521],[-81.04252599981464,35.04626000032552],[-81.04149599959472,35.044712999713376],[-81.03780499995868,35.04680300002094],[-81.03690000031052,35.04727999999318],[-81.03538800004176,35.04807099966804],[-81.0343419999283,35.04861899994289],[-81.0316520001999,35.05002700029649],[-81.02927200009287,35.051275000090456],[-81.02765000021925,35.052347999642734],[-81.02751200012699,35.0524389999],[-81.02725400038412,35.052610000246524],[-81.0268230003889,35.05289300028277],[-81.02664099991571,35.05301399975476],[-81.02624900027855,35.053270999861695],[-81.02599999985821,35.0534349998935],[-81.02486000003341,35.05418499976089],[-81.02141000042182,35.05619700024361],[-81.02022200001815,35.056899000130954],[-81.01897599988813,35.05763200025749],[-81.0162540003727,35.059205999933816],[-81.01373799982323,35.06066099973093],[-81.0130950001159,35.06103199998933],[-81.01184399996303,35.06175499968397],[-81.01042600030391,35.06257600032196],[-81.00280899995691,35.066978000011424],[-81.00186800032375,35.06752200011573],[-81.00169900026934,35.067622999748195],[-81.00069599981359,35.06822700020503],[-81.00060700012513,35.0682800001596],[-81.00002299996903,35.06858099969288],[-80.99973799956368,35.068761000102256],[-80.99967399998957,35.06879900012974],[-80.99961799991308,35.06883199979102],[-80.99871699956456,35.06935800007655],[-80.9980289996514,35.06975999997464],[-80.99258200024745,35.07293799963742],[-80.98926999982979,35.07486699975588],[-80.98913500011056,35.074946000267126],[-80.98808499979917,35.07554100016196],[-80.98768700031422,35.07577199974771],[-80.97872000008014,35.08088000017738],[-80.9776890000353,35.08146699982396],[-80.97278099968328,35.08426400025056],[-80.97225500015182,35.084563000173375],[-80.96193499965763,35.090442999732396],[-80.95974100022177,35.09172999982437],[-80.95774000023145,35.09296200013983],[-80.95217400010348,35.09639299983271],[-80.95077599963753,35.09725600013672],[-80.94868799960855,35.098541000153766],[-80.94709000002437,35.099564000055445],[-80.94465399984087,35.101124000159224],[-80.93845099985336,35.10512299970774],[-80.93834200007342,35.105188000284926],[-80.93742700037953,35.10572900000282],[-80.9357490004294,35.10671999979689],[-80.93481999959347,35.10726999984318],[-80.93473900030095,35.10731799995978],[-80.93381200001318,35.10645299995404],[-80.9326520000969,35.105370999924396],[-80.93147999958673,35.104277999980276],[-80.93106700003318,35.10389199964611],[-80.9308720000395,35.103711000085994],[-80.92934499970212,35.10228599997931],[-80.92865699978894,35.10164700020596],[-80.92716999963451,35.100257000021365],[-80.92602599961177,35.09898699977024],[-80.91981799960139,35.091690999808186],[-80.91804000009215,35.089600999740895],[-80.91649699986122,35.08778400025539],[-80.91579300005452,35.086974999684394],[-80.91485999991899,35.08590299996797],[-80.91456899966583,35.08556799969408],[-80.91419000044746,35.08513200035995],[-80.91353699979607,35.08438099987147],[-80.91289300026384,35.083640999914415],[-80.91287399999726,35.08361899972354],[-80.91223799996261,35.08288699967938],[-80.91160600012597,35.08215999995004],[-80.9110820002443,35.081557999968354],[-80.91092499988547,35.08137799985115],[-80.91078900034135,35.081221999722295],[-80.91066100029484,35.081073999682516],[-80.91047499962369,35.08086100003807],[-80.91035599979799,35.08072399983136],[-80.91020000016239,35.08054400007939],[-80.90783599994889,35.077825999953546],[-80.90689199994269,35.07681900023992],[-80.90638499977949,35.07627700001438],[-80.90636700023616,35.07625800027343],[-80.90635999966514,35.076250000149074],[-80.90620400002952,35.07608499979789],[-80.90133400021067,35.07088499980386],[-80.89816699955796,35.06763299985789],[-80.8981270002733,35.0675920002092],[-80.89797900013531,35.06742600005801],[-80.89652299994303,35.06594999966267],[-80.89614300000142,35.06557999965877],[-80.89537100042267,35.06482800010638],[-80.89370099997014,35.06320599967561],[-80.89321899992127,35.06273700005551],[-80.89240700015954,35.061771999841774],[-80.89025100035853,35.05923100020994],[-80.88908200022142,35.05799000032326],[-80.88848399982163,35.05735500011138],[-80.88733499977602,35.056132999673],[-80.88529000030306,35.053956999694535],[-80.88489600011776,35.053479999741505],[-80.88443499998532,35.052922000020644],[-80.88414100025744,35.05256700016298],[-80.88375600029298,35.0521020002418],[-80.88358399986554,35.05189399990712],[-80.88331600007692,35.05156999974474],[-80.88264900008015,35.05076300003063],[-80.88149099981369,35.04943199974102],[-80.87703000024874,35.044303999950486],[-80.876723999927,35.04395699975621],[-80.87468699995166,35.0416229998821],[-80.87172600006159,35.03823299970964],[-80.87164499987074,35.038141000244025],[-80.87050199967291,35.03683500001628],[-80.86991400021716,35.03615999968678],[-80.86512399986592,35.03054799974835],[-80.86463400031948,35.029974000308364],[-80.86434300006633,35.029634000187144],[-80.85985400001397,35.02453900017779],[-80.85979799993748,35.02447700001167],[-80.85780899964271,35.022264000037275],[-80.85639699983136,35.020692999990146],[-80.85593099967603,35.02016800017721],[-80.85541299964218,35.01959099984211],[-80.85482500018645,35.018936999997685],[-80.85447700003189,35.01852400002346],[-80.8527809996401,35.01651200020478],[-80.85140900001171,35.01488399988775],[-80.85124499998018,35.014689999821954],[-80.851218000216,35.01465900005701],[-80.84564000039249,35.008043000279244],[-80.84432700031532,35.00648600004995],[-80.84145799958847,35.003084999669305],[-80.84029699984727,35.0017120002961],[-80.8402779995807,35.0016920001243],[-80.84025500001448,35.00170200021081],[-80.84017499964854,35.00209699970785],[-80.84005699964777,35.00246400026629],[-80.84004900015015,35.00248800024548],[-80.83995299989068,35.00268399981189],[-80.83989500016438,35.00280100006509],[-80.83964800029217,35.00309800029607],[-80.83956999957604,35.0032239998677],[-80.83943400003193,35.00344400031301],[-80.83917299991602,35.003861999823755],[-80.83895500035614,35.004005000095574],[-80.83866699957771,35.004196999794715],[-80.83845200039089,35.00444999974875],[-80.83837000037512,35.00458100004867],[-80.83833500021501,35.00463100017522],[-80.83832500016926,35.00464899968355],[-80.83825800022213,35.0047689999834],[-80.83811199973395,35.004926999680514],[-80.83805599965743,35.00498700001644],[-80.8380180000226,35.00502700021595],[-80.83784399994532,35.00507200023307],[-80.83767700043907,35.00504399966939],[-80.83749599979079,35.00504499963712],[-80.83748400009522,35.00504399966939],[-80.83726999983499,35.00510499988655],[-80.83724600044386,35.00512399999313],[-80.8369889996276,35.0053249996887],[-80.8367290002349,35.00564899999245],[-80.83658899959451,35.00596300018433],[-80.83642200008823,35.00614899997797],[-80.83613400020815,35.006287000168754],[-80.83577400035804,35.0063859998263],[-80.83571499990849,35.006410000126564],[-80.83561500034939,35.00644899967976],[-80.8354260002035,35.00652400035303],[-80.83510499981313,35.00679199966595],[-80.83507899987386,35.00681499990103],[-80.83477500010025,35.00701300002574],[-80.83447200015155,35.00720999972996],[-80.83398400025492,35.00748599997804],[-80.83363600010036,35.00755699995256],[-80.83346399967292,35.007566000121116],[-80.83338000000732,35.007570999805544],[-80.83319800043246,35.007579999972556],[-80.83300799956334,35.0075900000752],[-80.83294700036227,35.00759700036704],[-80.83256099967458,35.00763999983432],[-80.83230700012969,35.007689000363236],[-80.83211999963363,35.00774399973569],[-80.83197900006664,35.007699999652075],[-80.83185199984503,35.00769499997553],[-80.83182799955559,35.007702000258384],[-80.831779999875,35.007717000021614],[-80.83170500043023,35.00773900006184],[-80.83145900038295,35.00780999981677],[-80.83123199970392,35.007810999750745],[-80.83107799971812,35.0078270001635],[-80.83088400044768,35.00797000012683],[-80.83082400017322,35.00809199983101],[-80.8307170000431,35.008310999766316],[-80.83075300002811,35.0084609998372],[-80.83077700031757,35.008557999957375],[-80.83077399994451,35.008680000256184],[-80.83077300011962,35.008731999930205],[-80.83077099957147,35.00879500018428],[-80.83065099992086,35.00893199967008],[-80.83038300013226,35.009140999652004],[-80.8301749997198,35.009376999746536],[-80.83010199992486,35.009459999989],[-80.82985500005266,35.00962999986798],[-80.82947500011106,35.00983300008301],[-80.82913100015448,35.00996000022591],[-80.82881099958904,35.010076999638535],[-80.82868099989268,35.010119000103714],[-80.82860200024996,35.010152999833856],[-80.82847599985327,35.0101989998791],[-80.82819700019401,35.010299999759674],[-80.82816500040697,35.010312000072275],[-80.82805099970584,35.01038299980128],[-80.82798499958358,35.010423000305394],[-80.82791900035967,35.01046399995567],[-80.82773799971137,35.01057599988263],[-80.82735000027218,35.01087199994989],[-80.82699600026986,35.01111400029773],[-80.82664200026754,35.011274000031186],[-80.82658299981799,35.011290999657945],[-80.82648999993157,35.011316999772845],[-80.82638199997652,35.01134700017801],[-80.82617399956408,35.01140600032976],[-80.82605399991348,35.01146000025674],[-80.8258239997597,35.01156299982787],[-80.82575199978969,35.011594999918216],[-80.82547300013043,35.011719999760345],[-80.82519199992304,35.01189099997666],[-80.82505899985364,35.01197200010919],[-80.82480000028588,35.012202000111834],[-80.82472400011788,35.01226900015415],[-80.82471400007213,35.012277999804205],[-80.82466100036869,35.01232699976205],[-80.8246270000335,35.01235900028924],[-80.82460199991915,35.01238199969477],[-80.82455900026143,35.01242299983459],[-80.82427700022915,35.01268700018881],[-80.82407100036481,35.012910999687335],[-80.82405000044841,35.0129339996734],[-80.82382299976938,35.013181999751744],[-80.823549000133,35.0134260003528],[-80.82333400004784,35.01361899987542],[-80.8232749995983,35.01367100008819],[-80.82310100041933,35.01386299990842],[-80.82296099977894,35.01401700026621],[-80.82289499965668,35.01419999983655],[-80.82284100012834,35.01434699984613],[-80.82281400036415,35.01453900028653],[-80.82272700032553,35.01457199979956],[-80.82262699986809,35.01455599997047],[-80.82258099983733,35.01453799969913],[-80.82249999964648,35.014506999876566],[-80.82237999999589,35.014516999868086],[-80.82220599991862,35.01464999993318],[-80.82213999979636,35.01483099986236],[-80.82215300021517,35.01493000021512],[-80.82221900033741,35.01506199976329],[-80.82226600019305,35.01527100026753],[-80.82219300039813,35.01547399972497],[-80.82215999988787,35.01567700014991],[-80.8222329996828,35.01591900025905],[-80.82231999972142,35.01613899966997],[-80.82226000034528,35.016227000298606],[-80.82215999988787,35.01630399975937],[-80.82203299966625,35.016293000156146],[-80.82193300010714,35.01627100020956],[-80.82183199982481,35.01632099981208],[-80.8217049996032,35.016419000003815],[-80.82140500002755,35.01685899995779],[-80.82116400000311,35.017172999788194],[-80.82109000038328,35.01724900001113],[-80.82101000001732,35.017325999980955],[-80.82090799991006,35.017375999674215],[-80.82072999963484,35.01746200007554],[-80.8206569998399,35.01749700024717],[-80.8205790000221,35.01752100023008],[-80.82009500032343,35.0176729999584],[-80.81974100032112,35.017794000091946],[-80.81946799961132,35.01788700020054],[-80.81938700031877,35.01791500004641],[-80.81888600000335,35.0181349999731],[-80.81838499968794,35.01842099965502],[-80.81811900044747,35.01861700003751],[-80.81799100040095,35.01871200028286],[-80.81769599994985,35.018827999882895],[-80.81722200029692,35.01894300025627],[-80.81659999960769,35.0191030001228],[-80.81625700037432,35.01922299981728],[-80.81615299971892,35.01926199988239],[-80.8156859997387,35.01946499973221],[-80.81531099981997,35.01971200008017],[-80.81495000014495,35.020019999811396],[-80.81460299981534,35.020437999955526],[-80.81434900027043,35.0206139999577],[-80.81415500010165,35.02063600020725],[-80.81376099991635,35.02064200034115],[-80.8133130002027,35.020620000093224],[-80.81327200019483,35.02061300018031],[-80.81321500029341,35.020601999685354],[-80.81283199997877,35.020537000141296],[-80.81255800034238,35.02055899967586],[-80.81248200017441,35.020580000162354],[-80.81217099982979,35.02065799971517],[-80.81189700019338,35.02074599989465],[-80.8116100001382,35.02092800008245],[-80.8113280001059,35.02120699969697],[-80.81125399958775,35.021323999940186],[-80.81122000015087,35.02137899970749],[-80.8111730002952,35.0214530001652],[-80.81115599967846,35.02147999975886],[-80.81111999969345,35.021536999689054],[-80.81109600030231,35.02157600012181],[-80.8110679998149,35.021620000097215],[-80.81102299960907,35.02170499994923],[-80.81100800043876,35.021735000222044],[-80.81097699957832,35.0217929997375],[-80.8109409995933,35.021860000014414],[-80.81086699997346,35.02199899994161],[-80.81069100024636,35.02211400026907],[-80.81061400025347,35.02216399997716],[-80.81053800008549,35.022188000061604],[-80.8103980003434,35.02223300020093],[-80.81005900040968,35.02233999994229],[-80.80955100042158,35.0225490002364],[-80.80911000038061,35.02279600009582],[-80.80890299979305,35.02301399989987],[-80.80869600010382,35.02323300033925],[-80.80844500003366,35.02351099970272],[-80.80819399996348,35.023790999804895],[-80.80777999968672,35.02410399976395],[-80.80736600030824,35.024402000353],[-80.80688500008429,35.02472000028706],[-80.8065620000441,35.024933999740696],[-80.8063710002484,35.025060999973164],[-80.8061400002697,35.025282999975154],[-80.80590900029102,35.02550599982751],[-80.80579899978787,35.025658000160085],[-80.80576399962776,35.02570599974176],[-80.80573000019089,35.02575300031636],[-80.80556199996141,35.02598499997072],[-80.80536100011996,35.026457000101466],[-80.80534500022642,35.026519999942366],[-80.80528400012705,35.026762000327714],[-80.80520799995907,35.02706700015162],[-80.80509400015626,35.027363999807825],[-80.80495400041418,35.027467999637885],[-80.80474600000171,35.027478999944655],[-80.80465899996308,35.02755099990958],[-80.80463999969649,35.02767200013692],[-80.8045059998022,35.02774899985396],[-80.80436500023521,35.02777600031074],[-80.80403799999706,35.02775399977572],[-80.80364999965954,35.02775399977572],[-80.80329599965721,35.02780399971249],[-80.80294199965488,35.02785299992982],[-80.8025709999341,35.027926999676936],[-80.80220000021335,35.02800100009263],[-80.80184600021103,35.0279849999488],[-80.8014849996377,35.02789700020502],[-80.8010910003507,35.02781999989182],[-80.8008029995723,35.027841999673456],[-80.80036900010235,35.027946000366605],[-80.79998199958973,35.028116000068906],[-80.79956700038635,35.028353000258086],[-80.79930000042266,35.0285369997915],[-80.79903199973575,35.028720999646296],[-80.7987480000536,35.02887200020914],[-80.7984640003715,35.029024000167595],[-80.79826400035495,35.02912100017241],[-80.79793200009392,35.02928300006032],[-80.79764400021384,35.029423999946594],[-80.79728799966337,35.02961699996006],[-80.79689400037638,35.02983099983473],[-80.79641900000024,35.02995200036494],[-80.79614399964063,35.02995000030288],[-80.79599700022585,35.02994899990405],[-80.79586300033155,35.02994899990405],[-80.79577999959255,35.02994800024083],[-80.79567500001056,35.02994600017871],[-80.79508900020464,35.02991399991376],[-80.79470800043813,35.02987299971688],[-80.794521999767,35.029852999810714],[-80.79417100013771,35.029850000081794],[-80.79389400012826,35.02984800001729],[-80.79381999961011,35.02984800001729],[-80.79352099985937,35.029865000196324],[-80.79343600036887,35.029869999988705],[-80.7930510004044,35.02989100029026],[-80.79280600018203,35.02991399991376],[-80.79263700012761,35.02992999968],[-80.79222200002592,35.02996800012376],[-80.7917550000457,35.03005599984467],[-80.79163200002203,35.030101000066516],[-80.79124000038487,35.030254000341394],[-80.79090599957571,35.03038600016091],[-80.79069800006157,35.0305069998695],[-80.7906360001373,35.03054399965345],[-80.79053900005292,35.030600000228965],[-80.79035599975481,35.030673999695914],[-80.79026100021858,35.0307110001398],[-80.79022400040864,35.030726000096315],[-80.79021400036291,35.03074100005007],[-80.79015099971541,35.03082500032873],[-80.79014800024065,35.03088900013278],[-80.7901440000427,35.03096799979884],[-80.79011700027851,35.031051000194445],[-80.78995200042209,35.03116200022838],[-80.78992999978246,35.03117700010211],[-80.78957599978014,35.03128100022985],[-80.7891010003023,35.031402000084604],[-80.78839699959728,35.031540999970254],[-80.78804500014309,35.031611000013626],[-80.78775100041523,35.03171500032469],[-80.78762500001852,35.03182499981657],[-80.78745099994126,35.031895999991754],[-80.78704900025836,35.0319679997438],[-80.78664900022527,35.032056000253604],[-80.78624800036727,35.03214399993313],[-80.78586300040281,35.03224800030155],[-80.78547900026325,35.032351999802046],[-80.78497799994783,35.03251199990677],[-80.78475700001489,35.0325559998807],[-80.78458299993761,35.03252300027029],[-80.7844209995559,35.03249599991039],[-80.7843500003091,35.03248399991107],[-80.78424099963085,35.03248799991102],[-80.78416199998814,35.03248999991097],[-80.78404900001021,35.032543999890144],[-80.78393000018454,35.03259999983088],[-80.78386900008516,35.032633000145765],[-80.78376699997793,35.03264999974554],[-80.7835479996948,35.03268700003045],[-80.78341999964829,35.03268599966513],[-80.7833639995718,35.03268700003045],[-80.78327200040862,35.03268599966513],[-80.78321399978397,35.03268700003045],[-80.78312000007264,35.03271699995099],[-80.7830260003613,35.03274800022511],[-80.7829760001326,35.032778000123216],[-80.78283200019254,35.032863000142626],[-80.78256400040394,35.03298700021133],[-80.7824980002817,35.03301700002176],[-80.78222399974699,35.03307200001338],[-80.78195000011063,35.0330770003451],[-80.78168300014693,35.03310500013768],[-80.7813159997258,35.03320399969509],[-80.78096099989857,35.03328100008522],[-80.78074099979054,35.03325799993806],[-80.78053300027638,35.033158999710494],[-80.78046299995621,35.033121000014845],[-80.78006499957293,35.032906000300486],[-80.78000199982374,35.032867000124035],[-80.77995099977014,35.032835000267134],[-80.77988700019603,35.03279499969287],[-80.77985399968574,35.03277400013746],[-80.77979500013451,35.03273800025663],[-80.77978300043895,35.03273000028096],[-80.77976300034746,35.032718000315946],[-80.77969200020235,35.032673999693706],[-80.77965799986715,35.03265300010721],[-80.77959799959271,35.03261500017629],[-80.7790970001756,35.0324110002449],[-80.77897199960381,35.03239700023093],[-80.77866299980731,35.03236199981775],[-80.77856700044616,35.03236500019],[-80.7782879998886,35.03237300020141],[-80.77801400025221,35.03247199990994],[-80.77757999988394,35.03275200021214],[-80.77717200035326,35.032960000004785],[-80.77666400036514,35.03307000002767],[-80.77629600011912,35.033058999737825],[-80.77628000022557,35.03305699975186],[-80.77612899971453,35.03303899987574],[-80.77598300012467,35.033020999995685],[-80.77593299989596,35.03301500003475],[-80.7755699996728,35.032971000308],[-80.77520700034795,35.032926999821925],[-80.77487000006406,35.03293499977831],[-80.77453199995524,35.032942999733926],[-80.77428599990796,35.03293499977831],[-80.77413399957199,35.03292899981114],[-80.77378100029289,35.03291699987534],[-80.77373600008704,35.0329160002484],[-80.7734309995902,35.03292600019511],[-80.7731619999767,35.03294899970013],[-80.772754000446,35.033046999821174],[-80.7724799999113,35.03315699972697],[-80.77209300029702,35.03338800007699],[-80.77180899971657,35.03359700007628],[-80.77152500003444,35.03380499992495],[-80.77098299971114,35.0341239996687],[-80.77082200005266,35.03417800003934],[-80.7706150003634,35.03424800003081],[-80.77052599977665,35.03427800011391],[-80.7702470001174,35.03437099986011],[-80.7699790003288,35.03450700028703],[-80.76993300029802,35.03453099968988],[-80.7696830000528,35.03472800003836],[-80.7694319999826,35.03492600024988],[-80.76919599998106,35.0351440000691],[-80.7689599999795,35.03536299963929],[-80.76872499980287,35.03558099976379],[-80.76848899980132,35.035799999633966],[-80.76836199957971,35.03588300027106],[-80.76817599980687,35.03600399993222],[-80.76800099990469,35.0360910001857],[-80.76766000032116,35.03620599981219],[-80.76755499984084,35.03628599980872],[-80.76655499975813,35.037035999736595],[-80.76546799963681,35.03785400011034],[-80.7654040000627,35.03790100031917],[-80.76515299999254,35.03808900014851],[-80.76490199992236,35.038277999842194],[-80.7646509998522,35.03846600027521],[-80.76440099960695,35.03865400027559],[-80.7641500004351,35.03884300013345],[-80.76389900036492,35.039031000001955],[-80.76364800029476,35.0392190001734],[-80.7633980000495,35.03940800019534],[-80.76314699997934,35.03959600023487],[-80.76289000006139,35.03979199986246],[-80.76263399996834,35.03998799975535],[-80.7623770000504,35.04018299964001],[-80.76212099995738,35.040379000065954],[-80.76186400003941,35.04057500002172],[-80.76160799994638,35.040771000242785],[-80.76135100002843,35.040966999993614],[-80.7610949999354,35.04116199974824],[-80.76083800001743,35.04135800003208],[-80.76056500020596,35.04156900001851],[-80.76032500000646,35.04174999992464],[-80.7600759995861,35.041941999996375],[-80.759827999889,35.04213400035231],[-80.75957900036697,35.0423260002571],[-80.75932999994662,35.04251700020112],[-80.7590810004246,35.04270899994124],[-80.75883200000423,35.042900999965624],[-80.75858299958391,35.043093000274204],[-80.75834099973457,35.04327999968904],[-80.75808499964153,35.043477000273185],[-80.75783600011951,35.04366899996358],[-80.75758699969916,35.04386099993817],[-80.75733800017714,35.044053000196975],[-80.75708899975677,35.04424500000454],[-80.75684000023476,35.04443700009625],[-80.75659099981442,35.044628999736766],[-80.75634200029238,35.0448209996615],[-80.75609299987205,35.04501299987038],[-80.75584400035002,35.04520500036346],[-80.75560599980032,35.04538699977834],[-80.75535399990524,35.04557900012784],[-80.75510899968286,35.04576699994086],[-80.75495800007012,35.04588199992222],[-80.75346099986994,35.04702700017905],[-80.7532730004473,35.04717200035441],[-80.7528170003377,35.0475190001298],[-80.75169500005627,35.04837700029897],[-80.75143300011545,35.04857700013509],[-80.75118700006816,35.04876400023389],[-80.75094199984578,35.0489509999045],[-80.75065700033873,35.04915999980839],[-80.75037199993338,35.04936799975182],[-80.75008599970312,35.04957599990098],[-80.74980100019607,35.04978499967643],[-80.74931800032232,35.05010499969327],[-80.74904100031287,35.05031700003431],[-80.74876299958022,35.05052899982512],[-80.74848499974587,35.05074199994528],[-80.74820799973644,35.050954000103694],[-80.7479299999021,35.05116599971181],[-80.74765200006775,35.05137800024044],[-80.74737500005831,35.0515900002187],[-80.74712200033834,35.05178699988218],[-80.74692899999448,35.051936000215385],[-80.7449020000649,35.05351200033737],[-80.74405000012018,35.054171999903204],[-80.7435799997669,35.05453799974318],[-80.7433270000469,35.05473400028906],[-80.74307400032693,35.05493099972205],[-80.74282099970864,35.055127000059976],[-80.74256799998862,35.055324000015624],[-80.74231500026865,35.05552000014565],[-80.74211000022925,35.055678999654134],[-80.7418059995573,35.05591600005336],[-80.74157899977658,35.056094000288766],[-80.74156399970798,35.056105999761904],[-80.74131900038391,35.05629799991614],[-80.7410740001615,35.0564909996928],[-80.74091199977981,35.05661900022275],[-80.74082999976406,35.056683999748635],[-80.74058399971675,35.05687600001446],[-80.74052199979246,35.05692499971129],[-80.74037299982955,35.05704200029407],[-80.7403390003927,35.05706799982888],[-80.74009400017029,35.05726099999157],[-80.73984999977283,35.05745299963604],[-80.73978399965058,35.057504999906314],[-80.73965499977916,35.05760600016697],[-80.73960500044876,35.05764600035942],[-80.73936000022637,35.05783799983391],[-80.73911500000398,35.05803099964726],[-80.73886999978161,35.05822299968711],[-80.73862499955922,35.05841600006107],[-80.73838000023514,35.058607999930935],[-80.73813500001276,35.058801000130174],[-80.73788999979038,35.058992999830004],[-80.737644999568,35.05918599985452],[-80.73740000024392,35.05937800011965],[-80.73715599984646,35.059570999969424],[-80.73690999979917,35.05976300006447],[-80.73687299998926,35.059793000337294],[-80.73646600028347,35.06011300011015],[-80.73642500027557,35.06014500031255],[-80.73617699968015,35.0603399998733],[-80.73592999980795,35.06053399967935],[-80.7357359996392,35.06068500027437],[-80.73482000012038,35.0614060000734],[-80.73470600031759,35.06149599978287],[-80.73446100009518,35.06168799976277],[-80.7342159998728,35.06188100003428],[-80.73397099965042,35.06207299984405],[-80.73380900016703,35.062198999703575],[-80.73315600041394,35.06270100014267],[-80.73313299994942,35.062719000101076],[-80.73295600039742,35.06285499965861],[-80.73267099999205,35.063074999933804],[-80.73242599976966,35.063262999913036],[-80.73216899985172,35.06346200006862],[-80.73191100010887,35.06365999975305],[-80.73165400019091,35.063857999692466],[-80.73139600044806,35.0640569998682],[-80.7311389996318,35.064255000315285],[-80.73088099988894,35.06445300028212],[-80.73062399997099,35.064651999742615],[-80.73036600022812,35.064850000217085],[-80.73010900031018,35.065048000211284],[-80.72990599992058,35.06519100007181],[-80.72983499977546,35.065240999891955],[-80.72957799985753,35.06544100033675],[-80.72932099993957,35.0656420002533],[-80.72906300019672,35.06584199971565],[-80.72880600027877,35.06604300011527],[-80.72854900036081,35.0662430000656],[-80.72841399974328,35.066350000264286],[-80.7276329999437,35.066959000311236],[-80.7275209997907,35.067045999947005],[-80.72726399987275,35.06724599964549],[-80.72701700000054,35.06743900001117],[-80.72675000003687,35.06764699971531],[-80.72649300011891,35.06784800008168],[-80.72624500042178,35.068037999961895],[-80.72599699982635,35.06822900006521],[-80.72596400021439,35.068253999783906],[-80.72574800030432,35.06841899979377],[-80.72550899992973,35.068605000113486],[-80.7254799996174,35.06862699994144],[-80.72402099995038,35.06974499983292],[-80.72399199963807,35.06976800000002],[-80.72256300010828,35.07086299984936],[-80.72165699973691,35.071559000014666],[-80.7215710004215,35.07162500003284],[-80.72152700004057,35.07165899990994],[-80.72141400006267,35.07174499979537],[-80.72135700016125,35.07178899995813],[-80.72127799962024,35.0718489997409],[-80.72102999992312,35.072039999748135],[-80.720782000226,35.07223000016244],[-80.72053299980566,35.07242100001313],[-80.72028500010853,35.07261200015205],[-80.72003700041141,35.07280199996983],[-80.7197899996409,35.07299299995217],[-80.71954299976869,35.07318400022269],[-80.7192969997214,35.073375999913196],[-80.71904999984918,35.07356700002242],[-80.71889400021358,35.07368699987012],[-80.71880299997697,35.073757999684666],[-80.71855699992967,35.073948999635014],[-80.71831000005747,35.0741399998735],[-80.71806300018527,35.074330999664916],[-80.71802700020027,35.07435900002019],[-80.71781700013797,35.074521999744476],[-80.71775600003859,35.0745700000252],[-80.717636000388,35.07466300021309],[-80.71732300039356,35.07490499988108],[-80.71707599962303,35.075096000087434],[-80.71682999957575,35.075286999846696],[-80.71662700008446,35.07544499997946],[-80.71658299970353,35.07547799989414],[-80.71633599983133,35.075669000229624],[-80.71608999978403,35.07586000011802],[-80.71601199996621,35.07592099968409],[-80.71598500020205,35.07594100007423],[-80.71584299991183,35.07605100029447],[-80.71560799973518,35.07623399989795],[-80.7155659999024,35.07626599966188],[-80.71552200041978,35.0762999998109],[-80.71549399993236,35.07632199977001],[-80.71533300027389,35.07644699985953],[-80.71510300012012,35.07662500017411],[-80.7148560002479,35.076816000030185],[-80.71460699982757,35.077012000022016],[-80.71436199960519,35.077205000082756],[-80.71381199978428,35.07763900025066],[-80.71380199973855,35.077645999689025],[-80.713609000293,35.07779700023999],[-80.71335999987265,35.077993999891156],[-80.71311100035062,35.07818999999381],[-80.71286100010538,35.07838600036077],[-80.71256700037749,35.07861900031949],[-80.71247799979074,35.07868899971642],[-80.71210799989487,35.078981999964185],[-80.71186000019776,35.07918000022579],[-80.71173999964886,35.079277000219385],[-80.7116109997774,35.07937899980033],[-80.71136100043047,35.079579999941764],[-80.7111100003603,35.07977999979951],[-80.71086000011505,35.07997999990206],[-80.71055799999127,35.08022100019031],[-80.71036100034777,35.080379000325436],[-80.71010799972946,35.0805800002086],[-80.71001400001813,35.08065499975283],[-80.7098559998344,35.080782000107966],[-80.70960700031236,35.08098100018569],[-80.7093560002422,35.08117999977804],[-80.70910599999694,35.08138099989308],[-80.70885599975169,35.081580999746464],[-80.70860600040473,35.081780999844604],[-80.70836100018236,35.081969000107264],[-80.7081100001122,35.08216200020391],[-80.70787199956251,35.08234500006798],[-80.70762700023843,35.08253299976605],[-80.70738299984096,35.08272099976593],[-80.707166000106,35.082885999928905],[-80.70713799961858,35.08290800031746],[-80.70688300024878,35.083105000124235],[-80.70664899989704,35.08328400036085],[-80.70640500039788,35.083472000100144],[-80.70616000017549,35.08366000014133],[-80.70591599977803,35.083847999749196],[-80.70567099955564,35.08403599965894],[-80.7055120004453,35.08416299989619]]]},"properties":{"NAME":"Mecklenburg County","GEOID":"37119"}}]}