{"type":"FeatureCollection","features":[{"type":"Feature","geometry":{"type":"Polygon","coordinates":[[[-96.00135100012285,36.34749999994941],[-96.00133799970406,36.34721800034319],[-96.0013329996812,36.34712500017983],[-96.00133000020645,36.34704499976372],[-96.00133100003137,36.346956999789896],[-96.00134100007712,36.34620699972646],[-96.00133600005424,36.34566399995632],[-96.00133100003137,36.3450909998225],[-96.00133100003137,36.34507599972069],[-96.00133000020645,36.34489299983779],[-96.00133000020645,36.34487699973665],[-96.00132900038155,36.344794000018425],[-96.00132500018357,36.344460000327864],[-96.00132299963543,36.34412799986993],[-96.00130699974191,36.34382200023869],[-96.00130300044226,36.34374300002268],[-96.00129000002347,36.343510000256266],[-96.0013190003358,36.3417429996599],[-96.00132199981053,36.3415479998576],[-96.00132600000849,36.336611999792986],[-96.0013269998334,36.33447400018624],[-96.00132500018357,36.33259700013823],[-96.00132400035866,36.32594999968906],[-96.00132400035866,36.32366199973068],[-96.00132400035866,36.323563999940376],[-96.00132299963543,36.32335600003611],[-96.00132299963543,36.32283100024457],[-96.00132400035866,36.322155999658534],[-96.00132400035866,36.321988999949525],[-96.00132500018357,36.32155899983651],[-96.0013269998334,36.31859300005444],[-96.00132299963543,36.318484000000204],[-96.00145700042808,36.31789800004476],[-96.00145400005502,36.31769200011563],[-96.00145200040518,36.31755599979382],[-96.00145200040518,36.31743000019928],[-96.00145999990279,36.31503199967813],[-96.00144200035945,36.314097000036206],[-96.00143800016149,36.313927000081],[-96.00143700033657,36.313855000294765],[-96.00144400000927,36.312778999910385],[-96.00144499983418,36.31258600002514],[-96.00144499983418,36.31253299963927],[-96.00144400000927,36.312473999850184],[-96.00143899998639,36.31216499996792],[-96.00143499978843,36.311923999680545],[-96.00143099959047,36.31104599980281],[-96.00145099968195,36.31012200027008],[-96.00144700038231,36.309957999895005],[-96.00143399996351,36.309464000212046],[-96.0014320003137,36.30938099968268],[-96.00145400005502,36.308603000158776],[-96.00146300027585,36.30744800030527],[-96.00146699957548,36.30712199971208],[-96.00146699957548,36.307058000110615],[-96.00147300032158,36.30667000031645],[-96.00147800034446,36.30573999971586],[-96.00147800034446,36.305677999908845],[-96.00147999999429,36.30523700020974],[-96.00148199964411,36.3047750003322],[-96.00150400028372,36.30337199977314],[-96.00149800043594,36.30266100009128],[-96.00150099991069,36.30199300001153],[-96.00149500006289,36.301335999931496],[-96.00149599988781,36.30072300018175],[-96.00152100000217,36.30022999972331],[-96.00152500020013,36.30015400035195],[-96.00152199982706,36.299841999984835],[-96.00151400032946,36.29903900015754],[-96.00151599997929,36.29881800003471],[-96.0015179996291,36.298614999864824],[-96.00152100000217,36.29818799993009],[-96.001530000223,36.29735900008856],[-96.00153199987282,36.29716800010861],[-96.00152799967486,36.29674899978036],[-96.00152299965198,36.2961570001925],[-96.00151900035233,36.295321999800784],[-96.00152100000217,36.2950099996551],[-96.00153199987282,36.293979000031875],[-96.00152799967486,36.29332799990248],[-96.00152799967486,36.29329100002118],[-96.001530000223,36.2931929997028],[-96.00153500024587,36.29295599976866],[-96.00153900044381,36.29280800015641],[-96.0015179996291,36.292505999910404],[-96.00151400032946,36.29244800008419],[-96.00149400023798,36.29229100030079],[-96.00147300032158,36.29212500025083],[-96.00144499983418,36.29167200018417],[-96.00142700029083,36.29091599984991],[-96.00144499983418,36.290067999891704],[-96.00144700038231,36.289405000325424],[-96.0014320003137,36.28881000016992],[-96.00143099959047,36.288671000284246],[-96.00143599961335,36.287979999907144],[-96.0014259995676,36.28752099983204],[-96.00142300009288,36.28686900014474],[-96.00143800016149,36.28628100012634],[-96.00147900016937,36.28580600027516],[-96.00150799958337,36.285483999737906],[-96.00151299960625,36.285421999760814],[-96.00152199982706,36.28482699964806],[-96.00152100000217,36.28399000034041],[-96.00152100000217,36.2836580000501],[-96.00152000017725,36.283065000307566],[-96.00131699978765,36.28238199984444],[-96.00131699978765,36.27937199971518],[-96.00131699978765,36.27679100021881],[-96.00131599996276,36.27448000006237],[-96.00131500013784,36.27427399987393],[-96.00131500013784,36.27123499977372],[-96.00131500013784,36.263451000153474],[-96.00131400031293,36.26269799968477],[-96.0013129995897,36.25268000008546],[-96.0013129995897,36.25001899994551],[-96.0013119997648,36.24977499975316],[-96.00134600009997,36.249548999827624],[-96.00139100030582,36.2492649999369],[-96.0013750004123,36.24905500019572],[-96.00139299995564,36.24828199996042],[-96.00139399978055,36.248246999964735],[-96.00139899980341,36.24786600017703],[-96.00140399982631,36.24748499998081],[-96.00141399987204,36.246579999796026],[-96.00141200022222,36.2460619997278],[-96.00140999967408,36.24546700032734],[-96.00140899984916,36.24530099996283],[-96.00140899984916,36.245224999992516],[-96.00140800002426,36.24510700000655],[-96.00140700019934,36.24489099974261],[-96.00140700019934,36.24482399970712],[-96.00140700019934,36.24475599981786],[-96.00140600037443,36.244655000032914],[-96.00140499965121,36.244402999900025],[-96.00140399982631,36.24399399984655],[-96.00140200017647,36.243580999856334],[-96.00139799997852,36.24269499964042],[-96.0013960003287,36.242134999815875],[-96.00139399978055,36.241897000088315],[-96.00139899980341,36.24113800002841],[-96.00139999962835,36.24106599973168],[-96.00140999967408,36.239533999756844],[-96.00140600037443,36.23854399997941],[-96.00140600037443,36.23793799969525],[-96.00139899980341,36.234952999659924],[-96.0014170002451,36.23091099984053],[-96.00141800007,36.230782000259985],[-96.00142700029083,36.230102999723776],[-96.00142999976555,36.229937000064965],[-96.00143599961335,36.22947100017],[-96.00144099963622,36.229003999674134],[-96.00144200035945,36.22891599981461],[-96.00144300018435,36.22882699985599],[-96.00144800020723,36.22838800002728],[-96.00145099968195,36.228114000154484],[-96.00145200040518,36.22794999991944],[-96.00145999990279,36.22713300017281],[-96.00145700042808,36.22696599998288],[-96.00145099968195,36.22668199992587],[-96.00144200035945,36.22622499977682],[-96.00143300013862,36.22576799985598],[-96.0014259995676,36.225238999784565],[-96.00141899989492,36.224268999892644],[-96.00141600042018,36.2238269996503],[-96.00141399987204,36.22357000016293],[-96.00141200022222,36.22295499982251],[-96.00144800020723,36.22171400030253],[-96.00145999990279,36.22103399992938],[-96.00144499983418,36.220759999657794],[-96.00141800007,36.22063699990616],[-96.00127499995486,36.22006299995739],[-96.00127499995486,36.21925199972904],[-96.00127599977978,36.21299100029348],[-96.00126599973403,36.20591700013719],[-96.00126099971116,36.20529099978799],[-96.0012559996883,36.2015869998429],[-96.00125700041151,36.20147200029557],[-96.0012559996883,36.19949200031597],[-96.00125300021357,36.19711200003297],[-96.00125300021357,36.196575000090775],[-96.0012490000156,36.19198000027282],[-96.0012490000156,36.19171699991019],[-96.0012490000156,36.19150000032975],[-96.00124800019069,36.191278999677934],[-96.00124700036578,36.18960300007212],[-96.00124599964255,36.188748000222894],[-96.00124599964255,36.188556000214746],[-96.00118000041863,36.18822800032026],[-96.00121899987836,36.187890000344666],[-96.00121800005344,36.18782699997559],[-96.0012139998555,36.187480999841554],[-96.00121499968041,36.18696299984731],[-96.00121800005344,36.186726000258446],[-96.00124300016783,36.18488700034173],[-96.00123800014495,36.18057400033084],[-96.00123800014495,36.17889899996815],[-96.00123800014495,36.17871000021735],[-96.00123599959682,36.17793600017548],[-96.00123599959682,36.17694099996123],[-96.00122599955107,36.175265000281165],[-96.00123099957393,36.173322999852964],[-96.0012280000992,36.17121100034057],[-96.0012280000992,36.16947600016427],[-96.00122700027428,36.168851000050964],[-96.00122300007632,36.16811300018212],[-96.00122300007632,36.16809499999242],[-96.00122499972616,36.16599499976284],[-96.00121700022855,36.1624380000732],[-96.00122300007632,36.16146099988974],[-96.00122599955107,36.16129599982762],[-96.00156299983496,36.161299999653025],[-96.00162099956127,36.161300999790676],[-96.00263200041294,36.161312999990756],[-96.00295399972991,36.16131699981529],[-96.00375700016912,36.16132699973833],[-96.00409399955471,36.161331000287426],[-96.00609600026824,36.1613319996994],[-96.00657400011914,36.161331000287426],[-96.00705299979492,36.16132900001287],[-96.00824899969622,36.16132400005167],[-96.0094570001914,36.161320999639614],[-96.01070099977325,36.16131799995267],[-96.0109510000185,36.16131699981529],[-96.01145999983153,36.16131500026566],[-96.01152900032682,36.16131500026566],[-96.0115910002511,36.161314000128186],[-96.01266300030382,36.161305000341095],[-96.01386000003002,36.161294000277515],[-96.01488199985405,36.16128700003846],[-96.01508699989344,36.16128599990063],[-96.01585299962443,36.16128099993663],[-96.01603300044779,36.161279999798715],[-96.01643799960544,36.16128099993663],[-96.0166180004288,36.16128099993663],[-96.01669600024661,36.16128099993663],[-96.01677400006442,36.16128099993663],[-96.01716200040192,36.16128200007452],[-96.01755099966606,36.16128200007452],[-96.01782299965261,36.16128300021239],[-96.01819099989865,36.1612780002482],[-96.01985200013033,36.16125200028428],[-96.02044200013421,36.16125000000773],[-96.02197299977126,36.16124399990312],[-96.022539000384,36.16124399990312],[-96.02295199993756,36.16124299976474],[-96.02331099996276,36.16124299976474],[-96.02367400018592,36.16124299976474],[-96.0238060004304,36.16124100021328],[-96.02397799995953,36.16123899993644],[-96.02415000038698,36.16123799979805],[-96.02427400023555,36.16123699965959],[-96.0243980000841,36.161236000246404],[-96.02476799997997,36.161232999830986],[-96.02574399977323,36.161220000205255],[-96.02693800002469,36.16120500029971],[-96.02704500015481,36.161205999713296],[-96.02869299996772,36.161220000205255],[-96.02897900019798,36.161222999895955],[-96.02923299974289,36.161220000205255],[-96.03083600024826,36.1612009997442],[-96.03189400005728,36.16117900031159],[-96.03245099955087,36.16116700009099],[-96.033767999826,36.16115300031485],[-96.03398799993403,36.16115100003581],[-96.03403700033783,36.16115100003581],[-96.03483999987871,36.16115399972909],[-96.03492500026753,36.16115399972909],[-96.03545800037001,36.16115700014753],[-96.03596100033526,36.1611589997012],[-96.03698599963398,36.1611599998406],[-96.03768399959291,36.1611599998406],[-96.03819999997695,36.16115499986861],[-96.03829700006133,36.16115399972909],[-96.03854599958336,36.161152000175306],[-96.03889100026318,36.16114899975667],[-96.0391189998688,36.161146000063205],[-96.03934700037274,36.16114299964433],[-96.03963100005488,36.16113899981092],[-96.03991499973701,36.161134999977314],[-96.04021299966283,36.161131000143506],[-96.04051099958866,36.16112700030948],[-96.04107899985125,36.16111799977559],[-96.04158900038749,36.16111899991555],[-96.04168999977152,36.16111899991555],[-96.04179000022894,36.16111899991555],[-96.04268900002931,36.16111899991555],[-96.04371900024924,36.16112700030948],[-96.04375199986121,36.16112700030948],[-96.04407900009936,36.161128999863855],[-96.04451299956932,36.161131000143506],[-96.04510099992338,36.16113399983755],[-96.04577899979081,36.16113700025675],[-96.04592299973085,36.16113799967121],[-96.04716499966288,36.16113399983755],[-96.04728799968653,36.16113299969776],[-96.04782199961393,36.161131000143506],[-96.04921099985906,36.16112500002978],[-96.04951600035588,36.16112399988989],[-96.05085199999927,36.16111700036092],[-96.05158400029337,36.161108999965975],[-96.0516019998367,36.161108999965975],[-96.05171700036274,36.16110799982588],[-96.0523619997199,36.1611019997104],[-96.05348999984912,36.16109900001507],[-96.05486999987343,36.1611019997104],[-96.05531599993728,36.16108799992259],[-96.0553879999073,36.16108799992259],[-96.05619299999633,36.16108900006296],[-96.05628800043088,36.16108900006296],[-96.05753000036292,36.161090000203295],[-96.06007299977824,36.16106400017703],[-96.06042599995564,36.161060000339596],[-96.06062000012442,36.16105800005813],[-96.0610129995865,36.16105300007963],[-96.06186000040663,36.161041999980704],[-96.0619430002473,36.16104099983975],[-96.06247999964941,36.16103400030338],[-96.0627170003742,36.16100399969298],[-96.06285299991832,36.160957000284995],[-96.06297699976689,36.16087000021093],[-96.06300899955393,36.160882999894696],[-96.06337900034809,36.161030999880175],[-96.06372999997738,36.16104099983975],[-96.06442600028647,36.16108699978228],[-96.06474299958056,36.161041999980704],[-96.06513400029114,36.16107900010956],[-96.06647999998025,36.16107000029542],[-96.06726800035082,36.16106300003636],[-96.06956999974172,36.161065999733005],[-96.06963500003906,36.16106699987364],[-96.07142799961692,36.1610859996419],[-96.07157599975491,36.16108699978228],[-96.0724749995553,36.16107799996906],[-96.07326200010097,36.16107000029542],[-96.07331099960646,36.161075999688116],[-96.07336500003314,36.16108199980558],[-96.07338599994952,36.161084000086376],[-96.07342100010963,36.161075999688116],[-96.07345500044484,36.16106699987364],[-96.07360299968451,36.161030999880175],[-96.07404399972548,36.16092000009858],[-96.07447800009375,36.16092000009858],[-96.07458299967573,36.16091899995607],[-96.07459500026961,36.16091899995607],[-96.07543700016856,36.160912999826124],[-96.07697299982848,36.16090799983832],[-96.07726800027957,36.16090799983832],[-96.07729699969357,36.16090799983832],[-96.078050999729,36.16090500013563],[-96.07917899985821,36.16090100029009],[-96.08043000001109,36.16092199965822],[-96.08130399969708,36.16095600014296],[-96.08135599957565,36.16097499993812],[-96.08170899975303,36.16102200006058],[-96.08204500021202,36.16101499979724],[-96.08249799994856,36.16100499983435],[-96.08267899969853,36.16098300034674],[-96.08293899998952,36.160951000157965],[-96.08406899976858,36.16088699974115],[-96.08896799989977,36.16089699971905],[-96.09077899991928,36.16090100029009],[-96.09094299995081,36.16089900000456],[-96.09112899972367,36.16090199970754],[-96.09214200022515,36.16090199970754],[-96.10028299955549,36.16091799981354],[-96.10059600044822,36.16092500008555],[-96.10363799963082,36.160930000072256],[-96.10370299992817,36.160930000072256],[-96.10573599970554,36.16093200035692],[-96.106128000241,36.16093399991633],[-96.10874400034956,36.16093899990246],[-96.11017999955203,36.16094200032913],[-96.11043399999525,36.16094200032913],[-96.11063700038486,36.16094299974607],[-96.11122099964264,36.16094399988823],[-96.11128799958979,36.16094399988823],[-96.1190249995874,36.160957000284995],[-96.11935000017571,36.160961000127685],[-96.11990099982152,36.16096200026967],[-96.12641500015366,36.1609770002217],[-96.13528600012826,36.16099499987023],[-96.1377740001903,36.16099899971099],[-96.13933800033762,36.16100200013536],[-96.1394289996759,36.16100200013536],[-96.14075900036981,36.161005999975764],[-96.14150099981133,36.16100499983435],[-96.14604900031324,36.161013000239905],[-96.14614700022254,36.16101499979724],[-96.14735999984228,36.1610109999573],[-96.15315600012399,36.16102599989996],[-96.15368300037868,36.16102800018219],[-96.15418399979579,36.16102800018219],[-96.15787500033012,36.16103999969879],[-96.16135799955369,36.16103999969879],[-96.16202999957332,36.16103999969879],[-96.16206700028157,36.16103999969879],[-96.16210699956623,36.16104099983975],[-96.174638000113,36.16106400017703],[-96.17493400038902,36.16106400017703],[-96.17499499959008,36.16107799996906],[-96.17588599989284,36.16110600027091],[-96.17664599977604,36.16112600016962],[-96.17761999991949,36.161128999863855],[-96.17852200009288,36.16111700036092],[-96.18098300039075,36.16108099966514],[-96.1884919998844,36.16114700020282],[-96.1896400001051,36.16115800028701],[-96.19026799974384,36.16116300025881],[-96.20736899963553,36.1613560000882],[-96.20963099974176,36.161462000025345],[-96.21049299973221,36.16146400029644],[-96.21211499960583,36.16149199973522],[-96.2122030003677,36.16149400000554],[-96.21261500009633,36.16148099969787],[-96.21263299963971,36.16148000028779],[-96.2126829998684,36.16147900015243],[-96.21273599957186,36.16147900015243],[-96.21415900015218,36.16148799991961],[-96.21448700021523,36.16149899995596],[-96.21579600009443,36.16152100002404],[-96.21723999969284,36.16153099992111],[-96.21800100029925,36.16154599976428],[-96.2190740001769,36.161560000195514],[-96.22352100039646,36.16158299965525],[-96.22453200034984,36.16158299965525],[-96.22600600008546,36.16157399989898],[-96.23079100041382,36.16161699985331],[-96.2425460002856,36.16174500016798],[-96.24765999960361,36.16180299982252],[-96.24967300018783,36.16182700006711],[-96.24998299980922,36.16182800019804],[-96.25480699959735,36.161880999865424],[-96.25669700015789,36.1619019996964],[-96.25860100006383,36.16191600006405],[-96.26395600030459,36.161979999640806],[-96.26654200027593,36.161979999640806],[-96.26689399973012,36.161979999640806],[-96.26768999959832,36.161979999640806],[-96.26790499968348,36.161979999640806],[-96.26806600024027,36.161979999640806],[-96.26812499979151,36.161979999640806],[-96.2681730003704,36.161979999640806],[-96.26828700017322,36.161979999640806],[-96.26910700033086,36.162000000041736],[-96.27156699990549,36.1620599997635],[-96.2719820000072,36.16206900018925],[-96.27224599959784,36.16207600035848],[-96.27238700006315,36.16208000014408],[-96.27245099963726,36.16208000014408],[-96.27264599963092,36.16208000014408],[-96.27271099992825,36.16208000014408],[-96.27286599973894,36.16208000014408],[-96.27333199989427,36.16208000014408],[-96.27348800042819,36.16208000014408],[-96.27413699998331,36.16208000014408],[-96.27608600009509,36.16208000014408],[-96.27673600037343,36.16208000014408],[-96.27679699957449,36.16208000014408],[-96.27698300024564,36.16208000014408],[-96.27704500016992,36.16208000014408],[-96.27710299989623,36.16208000014408],[-96.27728000034656,36.16208000014408],[-96.27733899989778,36.16208000014408],[-96.27742599993643,36.16208000014408],[-96.27748700003579,36.16208000014408],[-96.27763500017379,36.16208000014408],[-96.27768799987724,36.16208000014408],[-96.27770600031891,36.16208000014408],[-96.27777599974078,36.16208000014408],[-96.27890700024307,36.16211599965578],[-96.28091099970811,36.162138000275974],[-96.28760300031547,36.162226999919774],[-96.29788799975127,36.16227899991752],[-96.29788899957617,36.159334999747976],[-96.29788899957617,36.15736899972484],[-96.29788899957617,36.156972999792295],[-96.29788899957617,36.15591800031345],[-96.29788899957617,36.15490599970391],[-96.29788899957617,36.154718000336715],[-96.29789000029939,36.152961999898125],[-96.2978760000557,36.15251400028299],[-96.29788600010143,36.15201500029736],[-96.29789000029939,36.15147800021081],[-96.29789299977413,36.15093000000707],[-96.29788899957617,36.15059099989254],[-96.29788600010143,36.15029599967677],[-96.29789000029939,36.14954400026905],[-96.29789199994921,36.14427599987365],[-96.29789000029939,36.14340500013223],[-96.29789199994921,36.14307099981245],[-96.29789199994921,36.14282600014848],[-96.29789199994921,36.14196699980084],[-96.29789199994921,36.14134900003755],[-96.29789199994921,36.141191999983086],[-96.29789199994921,36.14025900034029],[-96.29789299977413,36.13777500006741],[-96.29789299977413,36.137052999954825],[-96.29789299977413,36.136045999814556],[-96.29789199994921,36.13116399991349],[-96.29789299977413,36.13068599999731],[-96.29789399959904,36.130184000308724],[-96.29789500032227,36.129986000167186],[-96.297897999797,36.129759999651704],[-96.29789500032227,36.12512599998969],[-96.29789600014718,36.12457100012135],[-96.29789600014718,36.121468999994086],[-96.2978969999721,36.12004199972304],[-96.2978969999721,36.119381000132186],[-96.2978969999721,36.11927899971727],[-96.2978969999721,36.11917899979369],[-96.29788699992636,36.11747899974829],[-96.2978969999721,36.115379999758204],[-96.29789899962192,36.10989199975869],[-96.29790100017006,36.104852000169494],[-96.29790600019294,36.09653199982255],[-96.29790199999498,36.09431799972521],[-96.29790399964479,36.09164899971264],[-96.29790199999498,36.091280000095175],[-96.29790899966765,36.090813000346216],[-96.29790299981987,36.09023599999068],[-96.29790299981987,36.08731900028455],[-96.29790399964479,36.08486099967884],[-96.29790500036802,36.07799699976755],[-96.29790600019294,36.07604599964868],[-96.29790500036802,36.075765999806585],[-96.29750100013698,36.075765999806585],[-96.29344499972964,36.07576299975363],[-96.291386000013,36.07576199997797],[-96.28882500015604,36.07576199997797],[-96.28757800020112,36.07575899992486],[-96.28362399990107,36.07576299975363],[-96.28093199962451,36.07575400032007],[-96.28031300020663,36.07575699964736],[-96.27277200002762,36.075748999988946],[-96.2624509997085,36.075745000159465],[-96.2612940001653,36.07574100032972],[-96.26023200015831,36.075755000095825],[-96.2596050003445,36.07577100013669],[-96.25956599998644,36.07577499996484],[-96.25846899981934,36.07575899992486],[-96.25439900006664,36.07575699964736],[-96.25336399982383,36.07576400025533],[-96.2528480003381,36.07575599987157],[-96.2508409996017,36.075755000095825],[-96.24985399993778,36.07575400032007],[-96.24775900023613,36.07575299981823],[-96.22887599973892,36.07574399965751],[-96.22744700020912,36.07574399965751],[-96.22648200028652,36.075745000159465],[-96.22638400037724,36.075745000159465],[-96.22603399967456,36.07574299988161],[-96.22563199999163,36.07574299988161],[-96.22515999998852,36.07574200010564],[-96.2247139999247,36.07574299988161],[-96.22432999978516,36.07574200010564],[-96.22321000005185,36.07574100032972],[-96.22311499961728,36.07574100032972],[-96.22109799973343,36.07573999982772],[-96.22043199956157,36.07573999982772],[-96.21907699965162,36.075738000275805],[-96.21757500032689,36.07573699977375],[-96.21733099992944,36.07573699977375],[-96.21719399966207,36.07573699977375],[-96.21718100014161,36.075745000159465],[-96.21688900006356,36.07573699977375],[-96.21547899990202,36.07573599999777],[-96.21540000025931,36.07573599999777],[-96.2138290004393,36.075735000221776],[-96.21381299964744,36.07572300000445],[-96.21376800033993,36.07568799984418],[-96.21365500036202,36.0756020001311],[-96.21323000021458,36.07539899997934],[-96.21274899999067,36.07526500026451],[-96.21212200017683,36.07520200017877],[-96.21208600019183,36.0751990001043],[-96.21184199979437,36.07517900008879],[-96.21157300018085,36.075208000327386],[-96.21146100002784,36.07523500026456],[-96.21136599959331,36.07526600004648],[-96.21128100010279,36.075309999879906],[-96.21119499988907,36.07537299987913],[-96.21103099985754,36.07556799969511],[-96.21090399963593,36.075673000289356],[-96.21084799955945,36.07571900017365],[-96.21080300025191,36.07573299994367],[-96.20948400032698,36.07573200016763],[-96.2092530003483,36.07573099966551],[-96.20720799997704,36.07573200016763],[-96.2065159998659,36.07572900011331],[-96.20537299966807,36.07572800033722],[-96.20373499990092,36.075726999835055],[-96.20259099987815,36.075726000058935],[-96.19919800016797,36.075726999835055],[-96.19194400004415,36.07573599999777],[-96.19147500041407,36.07573699977375],[-96.19036599965312,36.07573200016763],[-96.18757499964237,36.075720999726045],[-96.18732799977016,36.075720999726045],[-96.1832179998345,36.07571500034258],[-96.18286800003013,36.07571699989513],[-96.18274500000648,36.07571799967136],[-96.18172999985515,36.07572399978061],[-96.18146500043959,36.07572500028281],[-96.17970399975047,36.07571399984024],[-96.17852600029084,36.07570799973024],[-96.17740499983431,36.075693000179236],[-96.17668900033206,36.075684000011584],[-96.17641700034548,36.07568000017881],[-96.17625499996377,36.07567799989929],[-96.17610400035106,36.075676000345744],[-96.1745440004017,36.07565499994852],[-96.17277199984191,36.075694999732285],[-96.17033800020656,36.075694999732285],[-96.1692939997429,36.075694999732285],[-96.16912700023666,36.075694999732285],[-96.16825500020047,36.07569600023486],[-96.16819900012396,36.07569600023486],[-96.16795599955141,36.07569600023486],[-96.16773999964134,36.07569600023486],[-96.16717300010198,36.07569700001136],[-96.16678200028974,36.07569700001136],[-96.16639800015018,36.07569700001136],[-96.1661520001029,36.07569700001136],[-96.16601900003349,36.07569700001136],[-96.16548500010612,36.07569700001136],[-96.16484499987352,36.07569799978785],[-96.16385900003452,36.075699000290385],[-96.1637529997293,36.075699000290385],[-96.16267599965371,36.07570300012221],[-96.16054999998993,36.07569000012342],[-96.16032499985901,36.07568900034684],[-96.15924100011073,36.07568199973218],[-96.1583950000138,36.0756770001225],[-96.1580350001637,36.07567499984293],[-96.15642900018358,36.07568600029094],[-96.1562049998776,36.07568700006756],[-96.15589100005822,36.0756809999555],[-96.15484300029495,36.075661000062574],[-96.15477799999763,36.07566199983952],[-96.1547260001191,36.075674000066144],[-96.15430000014673,36.07567000023285],[-96.15331400030774,36.07567100000968],[-96.14600400010741,36.075661000062574],[-96.14405199962258,36.0756580000056],[-96.13822899957665,36.07564899983396],[-96.13773300018242,36.07564899983396],[-96.13718699966115,36.07564800005686],[-96.1371110003915,36.07565199989133],[-96.13696200042858,36.0756589997826],[-96.13561099981827,36.07566000028562],[-96.13360300015526,36.07565199989133],[-96.13024899990482,36.07563299976833],[-96.12822600017319,36.07563999966134],[-96.12796699970711,36.075641000164616],[-96.12742600010704,36.075642999718994],[-96.12709999969378,36.07564400022223],[-96.12629299995494,36.07564599977653],[-96.12573300008827,36.07565499994852],[-96.12534800012381,36.075661000062574],[-96.12499800031945,36.07566700017622],[-96.12341999992842,36.07565700022861],[-96.12334600030856,36.07565700022861],[-96.1207079995604,36.075641999941816],[-96.12025999984674,36.075642999718994],[-96.11994699985227,36.07564499999939],[-96.1198709996843,36.075641999941816],[-96.11958399962911,36.075641999941816],[-96.11947800022223,36.075641999941816],[-96.11938699998562,36.075641999941816],[-96.11921899975614,36.075641999941816],[-96.11901799991469,36.075641999941816],[-96.118462000246,36.075642999718994],[-96.1168639997635,36.075631999991025],[-96.11680299966413,36.075631999991025],[-96.1166889998613,36.07563299976833],[-96.11529899979126,36.075642999718994],[-96.11446899958786,36.075631999991025],[-96.11434300008949,36.0756299997103],[-96.11277899994218,36.0756090000268],[-96.11232299983259,36.07560299990879],[-96.11056000039196,36.07560800024919],[-96.11012400037386,36.075609999804406],[-96.11003399996218,36.075609999804406],[-96.10947699957026,36.075605000190194],[-96.10737500019592,36.07558399977396],[-96.10729200035524,36.07558299999602],[-96.10722000038521,36.075589999893474],[-96.10717600000427,36.075595000234706],[-96.10710800023223,36.07559399973084],[-96.10598000010299,36.07558099971404],[-96.10427700003851,36.07557900015809],[-96.10404400041001,36.075579999936075],[-96.10244299955444,36.075565000360655],[-96.10122699956169,36.07556999997741],[-96.1011780000562,36.07556999997741],[-96.1010729995759,36.07557099975555],[-96.10094399970447,36.07556799969511],[-96.10023700042304,36.07555699995664],[-96.09907300030879,36.075537999810756],[-96.09738299976479,36.07553399997054],[-96.09703499961024,36.07553399997054],[-96.09676900036978,36.07553399997054],[-96.09487399978636,36.075539000315324],[-96.09474999993779,36.07553499974909],[-96.09458300043151,36.075539000315324],[-96.09385000031251,36.07553399997054],[-96.09214300005004,36.075523000227314],[-96.0904490002064,36.07552400000602],[-96.08918700018287,36.075526000289436],[-96.0878370002958,36.07552900035144],[-96.0877810002193,36.075530000130065],[-96.0877529997319,36.075530000130065],[-96.08765700037075,36.07553499974909],[-96.08696799973436,36.075552000339066],[-96.08481199993332,36.075562000300025],[-96.08382199989636,36.07557099975555],[-96.08324600013619,36.07556999997741],[-96.0816900003848,36.07556600013882],[-96.08132799998654,36.075565000360655],[-96.08125799966633,36.075563000078226],[-96.0809809996569,36.07555499967401],[-96.08014899980368,36.07554600021664],[-96.07881499981015,36.075553000117395],[-96.07768800040414,36.075553000117395],[-96.0775650003805,36.075552000339066],[-96.07729400021884,36.075552000339066],[-96.0766210003743,36.07556000001751],[-96.0765800003664,36.075553000117395],[-96.07581000043747,36.075514999819035],[-96.07512699964886,36.075530000130065],[-96.07433099978066,36.075553000117395],[-96.07422899967341,36.07555799973496],[-96.07410200035011,36.075565000360655],[-96.07395599986194,36.07555799973496],[-96.0731440001002,36.0755160003239],[-96.07252899998196,36.07550400007315],[-96.07201000012319,36.075495999663],[-96.07088600019193,36.07549300032576],[-96.07083900033626,36.07549400010488],[-96.07078300025977,36.075495999663],[-96.07044699980078,36.075506000357095],[-96.07018400003507,36.07551400004022],[-96.06941999995391,36.07551199975651],[-96.06913600027177,36.075510999977645],[-96.06861900006282,36.07551000019879],[-96.06860800019217,36.07550300029421],[-96.06852399962827,36.075495999663],[-96.06850699990984,36.075494999883944],[-96.06837499966535,36.0755010000102],[-96.06822099967957,36.07550899969385],[-96.06791500025612,36.07550400007315],[-96.06769099995014,36.0755010000102],[-96.06733799977273,36.075495999663],[-96.06655899962294,36.0755010000102],[-96.06577199997558,36.075507000136],[-96.06543100039205,36.075506000357095],[-96.06429999988977,36.0755010000102],[-96.0636250003954,36.07549799994713],[-96.06320100007288,36.075495999663],[-96.06252900005322,36.07549300032576],[-96.0621549999594,36.07549100004149],[-96.062098000058,36.07549100004149],[-96.06095999988304,36.075484999914465],[-96.05985400039343,36.075480000292266],[-96.05872399971608,36.075481000071555],[-96.05758300006636,36.075468999815484],[-96.05649099992216,36.07545700028364],[-96.05537299983867,36.07545299971318],[-96.05438600017476,36.07545199993358],[-96.05425399993027,36.07545199993358],[-96.053755000163,36.07549100004149],[-96.05329900005341,36.07548899975717],[-96.05292199958656,36.075487000198876],[-96.05278299966938,36.07548599969365],[-96.05239199985714,36.07546000034828],[-96.05174400012692,36.075458000063165],[-96.05099299956625,36.075435000048046],[-96.05079699974767,36.07543599982787],[-96.04971800002225,36.075441999958684],[-96.04824299956339,36.07543700033374],[-96.04747000015972,36.07545199993358],[-96.04713000040111,36.075447000309325],[-96.04695999962348,36.07544500002389],[-96.04615000040988,36.07544500002389],[-96.04555000036025,36.075455999778015],[-96.0453920001765,36.075455999778015],[-96.04530900033585,36.075454999998456],[-96.04526199958185,36.07545400021883],[-96.04519899983266,36.07545299971318],[-96.04471699978382,36.07544599980358],[-96.0446239998974,36.07544500002389],[-96.04360000042357,36.07542899991676],[-96.04353900032419,36.0754280001368],[-96.04238899955534,36.0754110002461],[-96.04227399992762,36.0754099997399],[-96.0413290000965,36.075401000265934],[-96.04047299995385,36.07539500013205],[-96.04024799982294,36.07539299984529],[-96.04019000009662,36.07539299984529],[-96.03917499994529,36.07538399964332],[-96.03907799986092,36.075382999862846],[-96.0384639995676,36.07537699972759],[-96.03825500022855,36.07537800023421],[-96.03636399984308,36.075389999778096],[-96.03625599988803,36.075391000284554],[-96.03584599980921,36.07538699971074],[-96.03557399982263,36.07538599993031],[-96.03352000012887,36.07538500014985],[-96.03313699981423,36.07538500014985],[-96.03213699973153,36.075375000166396],[-96.03191900017164,36.07537299987913],[-96.03171699960696,36.07537200009852],[-96.0308959996244,36.07536900003051],[-96.03037299956766,36.07536800024986],[-96.03027800003143,36.07536800024986],[-96.03016500005353,36.0753669997431],[-96.02960699983669,36.07536599996241],[-96.02958300044557,36.07536599996241],[-96.02955099976019,36.07440599987699],[-96.02954999993528,36.072770000012554],[-96.02954900011036,36.071959000245876],[-96.02955400013325,36.071403000283404],[-96.02955699960798,36.071078000052324],[-96.02956300035407,36.07041399992984],[-96.02956099980594,36.07029000034],[-96.02954400008751,36.06924600032846],[-96.02953400004175,36.06864399970278],[-96.02953800023971,36.06831500020865],[-96.02955699960798,36.06669800010589],[-96.02955499995815,36.06632699977328],[-96.02955300030833,36.065807999959944],[-96.02954800028547,36.0641549997514],[-96.02954800028547,36.064087999784604],[-96.02954400008751,36.06364999987482],[-96.02954099971446,36.06331600015849],[-96.02953700041482,36.062710000136136],[-96.02953499986667,36.06249200022558],[-96.02953900006463,36.06188900024836],[-96.02954400008751,36.06127900028895],[-96.02954400008751,36.06123899970968],[-96.02954200043769,36.06095700024142],[-96.02953499986667,36.05993300009135],[-96.0295290000189,36.05900300013217],[-96.02952700036907,36.0586359997974],[-96.02952399999602,36.058225000004796],[-96.02952499982094,36.05815800007188],[-96.02952800019398,36.05787199971676],[-96.02953400004175,36.057318999713374],[-96.02953499986667,36.057042000063134],[-96.02952300017111,36.0555289997922],[-96.02952700036907,36.055331000304854],[-96.02952800019398,36.055270000303715],[-96.02954200043769,36.05442099991585],[-96.02954300026259,36.05434800008875],[-96.02954999993528,36.053912999864515],[-96.02954900011036,36.05382099998489],[-96.02954699956224,36.05350300015688],[-96.02954300026259,36.05287800028389],[-96.02954200043769,36.05276600001698],[-96.02953499986667,36.051007999663554],[-96.02953499986667,36.05093400021116],[-96.02954099971446,36.05051099970928],[-96.02954300026259,36.050383000314724],[-96.02954699956224,36.05002700013252],[-96.02956300035407,36.04889499988711],[-96.02957400022473,36.04834199999587],[-96.02956599982882,36.047363000197585],[-96.02955999998103,36.04642699970492],[-96.02955199958512,36.04514500011156],[-96.02954999993528,36.04467899967082],[-96.02954900011036,36.04458500027632],[-96.02954800028547,36.044333000140476],[-96.02954800028547,36.0440900000757],[-96.02954800028547,36.043470999941725],[-96.02954800028547,36.04343400031347],[-96.02954800028547,36.043364999762794],[-96.02954699956224,36.04278600027562],[-96.0295449999124,36.04180399976993],[-96.02954400008751,36.04145099992492],[-96.02954400008751,36.04017199989343],[-96.02954400008751,36.04000699988318],[-96.02955699960798,36.03913399979388],[-96.02956500000391,36.038615000061135],[-96.02956800037695,36.03833600018943],[-96.02956900020187,36.03823099988795],[-96.02957800042269,36.03732900006134],[-96.02957900024761,36.03691099972135],[-96.02957699969947,36.03635400026756],[-96.02957699969947,36.03479600020041],[-96.02957699969947,36.03442900032487],[-96.02957699969947,36.034236999710586],[-96.02956699965372,36.03389900034473],[-96.02954999993528,36.03326599994956],[-96.02953300021686,36.032662999813375],[-96.02951800014823,36.031966000216954],[-96.0295010004298,36.030500999784486],[-96.02953400004175,36.0290399997364],[-96.02949800005675,36.027573999712516],[-96.02950300007961,36.02491299988276],[-96.02950300007961,36.02473000023312],[-96.0295089999274,36.024036999744105],[-96.02951099957723,36.02384299981105],[-96.02951999979807,36.022819000031774],[-96.02952099962296,36.022738999726954],[-96.02952200034619,36.02270199980376],[-96.02952499982094,36.022212000202835],[-96.0295010004298,36.02108700008821],[-96.02949700023184,36.020879000076604],[-96.02951099957723,36.0193489998091],[-96.02949399985879,36.017908000076645],[-96.02949200020896,36.01773500018622],[-96.02949899988167,36.01743199969826],[-96.02951200030046,36.0168609997683],[-96.02952700036907,36.01620300030102],[-96.02951599960011,36.015371999708705],[-96.02951599960011,36.01531599980658],[-96.02951499977519,36.015287999840595],[-96.02951499977519,36.01526799985883],[-96.02951499977519,36.01515199986438],[-96.02951099957723,36.014310000237344],[-96.02951300012535,36.01422900018296],[-96.02951399995027,36.01412500027812],[-96.02956199963086,36.01219800024399],[-96.02956099980594,36.011692000017256],[-96.02956099980594,36.011391000010356],[-96.02956099980594,36.0113360000539],[-96.02956099980594,36.011160999804964],[-96.02955999998103,36.01027300009512],[-96.02955900015611,36.009164999987725],[-96.02955900015611,36.00901600023543],[-96.02955900015611,36.00888800025264],[-96.02955900015611,36.00882199965797],[-96.02955599978307,36.00427000023991],[-96.02955499995815,36.00380899979385],[-96.02969700024838,36.00290399982967],[-96.0297349998832,36.002152000247634],[-96.02974599975386,36.00201300018032],[-96.02978199973887,36.00153899972914],[-96.02981900044712,36.00106000007379],[-96.02982299974677,36.00063199986852],[-96.02981699989897,36.0006039997741],[-96.02981199987612,36.000584999704394],[-96.0297270003856,36.00020700027304],[-96.0296639997381,35.999959999946576],[-96.02955199958512,35.99929900033414],[-96.02952399999602,35.999124000256806],[-96.02951399995027,35.99872199970918],[-96.02951300012535,35.99866600033442],[-96.02950999975232,35.99852699993658],[-96.02950399990453,35.998293999896624],[-96.02950999975232,35.99773199978736],[-96.02951899997313,35.99706400005839],[-96.02959400031622,35.99580999984717],[-96.0296140004077,35.99569200016186],[-96.02962399955513,35.99563199982296],[-96.02968800002755,35.99525099969496],[-96.02969800007328,35.99519099974741],[-96.0297270003856,35.99501100035776],[-96.02976500002043,35.99476699998012],[-96.02972400001256,35.9945040002202],[-96.02960400036196,35.99408500009837],[-96.02952300017111,35.99366000010864],[-96.02952499982094,35.993422999848384],[-96.0295290000189,35.99294499969633],[-96.02953700041482,35.99222899996155],[-96.02954300026259,35.99167099998663],[-96.02954400008751,35.99108100008888],[-96.02954400008751,35.99059100017045],[-96.0295449999124,35.990457000012825],[-96.02954699956224,35.990317999684805],[-96.02955999998103,35.98926600001197],[-96.02954400008751,35.98838700010179],[-96.02954400008751,35.9883709997456],[-96.02953800023971,35.98799500025308],[-96.02955099976019,35.98660099999883],[-96.02958099989742,35.9861090002285],[-96.02954300026259,35.9825499997783],[-96.0295299998438,35.98221599994327],[-96.02950599955436,35.98210700023959],[-96.02951399995027,35.98125300021825],[-96.02951599960011,35.98101299973015],[-96.02951599960011,35.98098699971825],[-96.02951599960011,35.9809669997592],[-96.02951800014823,35.98075299995268],[-96.02952599964584,35.97964399989709],[-96.0295290000189,35.97906799971293],[-96.0295299998438,35.97893699972037],[-96.0295299998438,35.978858000235675],[-96.02953099966872,35.97862799964782],[-96.02953200039194,35.97819900029395],[-96.02953200039194,35.97758899988498],[-96.02953200039194,35.97716800019701],[-96.02952399999602,35.97668400004295],[-96.02952300017111,35.976633999953975],[-96.02951200030046,35.97600799985283],[-96.02950999975232,35.97588900003846],[-96.02950700027758,35.97501099974212],[-96.02950599955436,35.97471000003967],[-96.02950300007961,35.97449400004576],[-96.02949200020896,35.9737859999203],[-96.02949100038406,35.97372500002516],[-96.02948200016321,35.97177799996532],[-96.02948100033832,35.97164999989032],[-96.02947999961509,35.97143499989365],[-96.02947899979017,35.971047000226946],[-96.02947700014035,35.97078199988137],[-96.02947200011748,35.969605999678095],[-96.02947499959221,35.96716600003849],[-96.02947499959221,35.96700500013292],[-96.02948600036117,35.96660399994794],[-96.02948600036117,35.96656199986334],[-96.02948499963797,35.9665160001951],[-96.02948200016321,35.96616700006912],[-96.02948100033832,35.966011000336806],[-96.0294949996837,35.96490399982872],[-96.02948999966083,35.96373199975207],[-96.02947799996525,35.962395999876705],[-96.02948100033832,35.96163999972756],[-96.02948299998813,35.961020000097626],[-96.02948100033832,35.96070600005602],[-96.02947499959221,35.959851999717934],[-96.02947499959221,35.95977600014799],[-96.02947600031544,35.95946099972524],[-96.02947600031544,35.95931000028662],[-96.02947700014035,35.959198000088],[-96.02947700014035,35.95913900015969],[-96.02948100033832,35.95833600021669],[-96.02947799996525,35.957805000024194],[-96.0294739997673,35.95696999998188],[-96.02947700014035,35.956418999697554],[-96.02947799996525,35.95633299990425],[-96.02948299998813,35.955491999755225],[-96.02948499963797,35.95469200012194],[-96.02948600036117,35.95421099993365],[-96.0294870001861,35.95369499988893],[-96.02945600022396,35.95187799980943],[-96.0294739997673,35.950902999815646],[-96.02948200016321,35.95045900020994],[-96.02948999966083,35.949609000034414],[-96.0294949996837,35.94744900025415],[-96.02950200025472,35.94567000020713],[-96.02948899983592,35.94485300031236],[-96.0294870001861,35.94472300026138],[-96.02948299998813,35.94447500009678],[-96.02947899979017,35.944212000019085],[-96.02947999961509,35.94312000023133],[-96.02948100033832,35.942950999980724],[-96.02948200016321,35.942820999709866],[-96.02948399981305,35.94250600004083],[-96.02948800001101,35.94197699966502],[-96.02949300003388,35.941427000293125],[-96.02949800005675,35.940805999802656],[-96.02949800005675,35.94076499985271],[-96.02949899988167,35.940667000045806],[-96.0295010004298,35.940496000292136],[-96.02951499977519,35.93886899967029],[-96.02953099966872,35.937018999971464],[-96.02953599969157,35.93585199977132],[-96.02953599969157,35.9357259998541],[-96.02952499982094,35.934189999817555],[-96.02952300017111,35.93032699989284],[-96.02952300017111,35.93014899986496],[-96.02952300017111,35.9297600001541],[-96.02952300017111,35.928589999883755],[-96.0295080001025,35.92798399968591],[-96.02951399995027,35.92683699980798],[-96.02951300012535,35.926691000186786],[-96.02951099957723,35.92642499993476],[-96.02950999975232,35.92628900027517],[-96.0295089999274,35.9262120002091],[-96.02950399990453,35.92553499987692],[-96.02951899997313,35.923913000276926],[-96.02952200034619,35.923688999759264],[-96.02953400004175,35.922813999750076],[-96.02954999993528,35.92235900016768],[-96.02956599982882,35.92166800008672],[-96.02958199972232,35.920937000024004],[-96.02958199972232,35.92076099980285],[-96.02955300030833,35.919313000080926],[-96.0295290000189,35.91878299987081],[-96.02953099966872,35.918606999949006],[-96.02953499986667,35.91819500012173],[-96.02954400008751,35.91732299997848],[-96.02954300026259,35.915629999758245],[-96.02954099971446,35.915197999822496],[-96.02953999988954,35.91497400008574],[-96.02954800028547,35.914269999797796],[-96.02954599973732,35.9135230002364],[-96.02955400013325,35.91210700004539],[-96.02955400013325,35.912087999775444],[-96.02955300030833,35.912014999844715],[-96.02955300030833,35.911981999794094],[-96.02955099976019,35.911661999647684],[-96.02953400004175,35.90817800000879],[-96.02956300035407,35.906318000044315],[-96.02956199963086,35.905932999980884],[-96.02955999998103,35.90472099991175],[-96.02954599973732,35.90190500009394],[-96.02957000002677,35.901106000010266],[-96.03057299958421,35.901102999857244],[-96.03163100029155,35.901099999704066],[-96.03227399999886,35.901098999895595],[-96.03257799977249,35.901098000087046],[-96.03315400043098,35.901098999895595],[-96.0332749999065,35.901098999895595],[-96.03324999979213,35.89417800015618],[-96.03324899996723,35.893904999710934],[-96.03324700031742,35.89329700032652],[-96.03324700031742,35.89316999965492],[-96.03322200020305,35.88609300001907],[-96.0332199996549,35.885693999792004],[-96.0332049995863,35.88126800000459],[-96.03319399971565,35.880577999977426],[-96.03311000005006,35.87515099990758],[-96.03310900022514,35.875095999676326],[-96.03310000000431,35.87451500026153],[-96.0330990001794,35.874444000179956],[-96.0330980003545,35.874373000034744],[-96.03309699963125,35.87431900013802],[-96.03309300033162,35.87407599978331],[-96.0330859997606,35.87396899969927],[-96.03307800026299,35.87385099997651],[-96.03305200032374,35.873724000146396],[-96.03295600006426,35.873261000182296],[-96.03296600011001,35.87297800023817],[-96.03301999963837,35.87283200023439],[-96.03319399971565,35.872670000194475],[-96.03325800018804,35.8725740000685],[-96.03322600040102,35.87146900026734],[-96.03321399980712,35.87119799979627],[-96.03321299998221,35.87109199965267],[-96.03320999960916,35.870538000151925],[-96.03319799991361,35.8678209996381],[-96.03319399971565,35.867201999774096],[-96.03317299979925,35.8642640001633],[-96.03313199979135,35.858729000280135],[-96.03313000014154,35.85842199980568],[-96.0331269997685,35.858071000149465],[-96.03312599994358,35.85790800015818],[-96.03312500011867,35.85774499983174],[-96.03311800044597,35.85682400015475],[-96.03303200023225,35.856822999787276],[-96.0329519998663,35.856822999787276],[-96.03293500014786,35.856822999787276],[-96.0328880002922,35.856822999787276],[-96.03287200039867,35.856822999787276],[-96.02947200011748,35.85682099978025],[-96.0192720001722,35.85681499975889],[-96.015871999891,35.85681400011932],[-96.01581199961655,35.85682200014775],[-96.01563599988944,35.85684899987385],[-96.01540900010873,35.85688400034098],[-96.01536999975066,35.85689000035707],[-96.01528299971204,35.856903999664894],[-96.01516999973414,35.85692199970736],[-96.01509000026651,35.856933999733386],[-96.01487400035644,35.85692900008678],[-96.01423199957571,35.85691500005535],[-96.01351799972326,35.856913000050646],[-96.01276399968785,35.856911999684236],[-96.0114869995957,35.85691399968897],[-96.00816900022859,35.856899999654885],[-96.00758099987455,35.85689700001129],[-96.00646699998903,35.85689900001639],[-96.00642799963096,35.85689900001639],[-96.00616099966726,35.856899999654885],[-96.00589899972643,35.856901999659904],[-96.00575399996147,35.856903999664894],[-96.00507699991897,35.85690999967946],[-96.00426099995927,35.85691799969826],[-96.00419700038519,35.85691799969826],[-96.00362999994752,35.85691799969826],[-96.00338300007532,35.856917000059994],[-96.00264499993342,35.856917000059994],[-96.00239899988613,35.856917000059994],[-96.002143999618,35.856917000059994],[-96.00182099957782,35.85691799969826],[-96.00138100026008,35.856911999684236],[-96.00112699981686,35.85690999967946],[-96.00095799976245,35.85690799967469],[-96.00045099959925,35.856901999659904],[-96.00028300026807,35.856901000021445],[-96.00000700008357,35.85689799964981],[-95.99982499961035,35.85689500000613],[-95.99879100009078,35.856878000324386],[-95.9984539998069,35.85687899996314],[-95.99802799983455,35.8568820003355],[-95.99799699987241,35.85688400034098],[-95.99792800027544,35.856888999990424],[-95.99791300020682,35.85689099999567],[-95.99778699981013,35.856878000324386],[-95.99772300023602,35.856864999922884],[-95.9976939999237,35.85685899990486],[-95.99765700011378,35.85684899987385],[-95.99760900043321,35.85683600019567],[-95.9975459997857,35.85683400018897],[-95.9975049997778,35.85683699983495],[-95.99746700014298,35.85684000020885],[-95.99739500017297,35.8568720003074],[-95.99724100018717,35.856961000149354],[-95.99717000004206,35.857003000211904],[-95.99714300027789,35.85701500022567],[-95.99706700010991,35.85704799989015],[-95.99692099962171,35.85711500026985],[-95.99683600013122,35.857133999899936],[-95.99675599976528,35.85715300025357],[-95.99662400041912,35.85708500026984],[-95.99623000023382,35.85688299997421],[-95.99617400015732,35.85685400025357],[-95.99611300005796,35.85682400015475],[-95.99564000022994,35.85682400015475],[-95.99560099987188,35.85682400015475],[-95.99485199985934,35.85682400015475],[-95.99365699978296,35.85682400015475],[-95.99348500025381,35.856822999787276],[-95.99347199983502,35.85682400015475],[-95.99260800019476,35.85682400015475],[-95.99202700041171,35.85682400015475],[-95.99148900028638,35.856820000140765],[-95.99133299975244,35.856822999787276],[-95.99110000012395,35.856822999787276],[-95.99085099970361,35.856822999787276],[-95.98985300016902,35.856822999787276],[-95.9896409995586,35.85682200014775],[-95.9890070000721,35.85682200014775],[-95.98879600018492,35.85682200014775],[-95.98877899956817,35.856822999787276],[-95.98431700017831,35.8568280001686],[-95.983958999978,35.85682400015475],[-95.98366199987709,35.85682200014775],[-95.98353300000566,35.85682200014775],[-95.98329399963104,35.85682200014775],[-95.98289100012326,35.85682200014775],[-95.98283599987165,35.85682200014775],[-95.98277200029754,35.856822999787276],[-95.98251100018165,35.85682200014775],[-95.98245599993007,35.85682200014775],[-95.98238499978495,35.85682200014775],[-95.98217700027081,35.85682200014775],[-95.98210899960043,35.85682099978025],[-95.98110600004298,35.85682099978025],[-95.98101999982926,35.85682099978025],[-95.98097999964628,35.85682099978025],[-95.98091600007218,35.85682099978025],[-95.9808950001558,35.85682099978025],[-95.98086199964553,35.85682200014775],[-95.98084699957691,35.856822999787276],[-95.98025099972524,35.85685600025971],[-95.97978600029313,35.8568820003355],[-95.9789529997167,35.85687299994622],[-95.97817500029016,35.856864999922884],[-95.97760200000471,35.85685400025357],[-95.97688800015227,35.8568480002347],[-95.9766579999985,35.8568429998546],[-95.9764599996318,35.8568380002023],[-95.97562500030384,35.85681899977319],[-95.97534999994423,35.85681600012652],[-95.97526200008069,35.85681600012652],[-95.97144300039814,35.85683600019567],[-95.97097100039504,35.85683499982828],[-95.9708700001127,35.85683499982828],[-95.96702499959258,35.856802000075135],[-95.96684100036786,35.856802000075135],[-95.96676699984972,35.856800999707325],[-95.9665479995666,35.856800999707325],[-95.96647499977166,35.856800999707325],[-95.96622100022677,35.85680400008263],[-95.96545999962035,35.85681400011932],[-95.96520699990035,35.85681800013367],[-95.96495400018037,35.85681800013367],[-95.9641979995968,35.85682200014775],[-95.96394599970174,35.85682400015475],[-95.96352499975227,35.85679800005999],[-95.96310899982565,35.856773999964894],[-95.96226399955364,35.85672300010278],[-95.96184400032739,35.85669800034402],[-95.96125599997333,35.85668800029264],[-95.95957999967302,35.85667600022939],[-95.95826999996892,35.85666899982757],[-95.95782700027814,35.856664000164315],[-95.95758299988066,35.85666099978369],[-95.9571130004257,35.85665600011988],[-95.95618799978776,35.856658000131056],[-95.95531599975156,35.85666000014219],[-95.95501000032812,35.856650999727655],[-95.95475199968693,35.85664400005177],[-95.9535659998314,35.856636000005324],[-95.95309100035357,35.856650999727655],[-95.95294499986538,35.85665600011988],[-95.95283400043562,35.85666000014219],[-95.95217599976135,35.856646000063265],[-95.9509530000959,35.85662900032812],[-95.95073700018582,35.856625000304234],[-95.95015800005261,35.85662999997002],[-95.94979599965434,35.85662999997002],[-95.94901900005273,35.85663100033993],[-95.94757200008125,35.856619999910066],[-95.94688400016808,35.85660700019433],[-95.94645700037084,35.85659799977384],[-95.94632500012636,35.85659599976113],[-95.94516900040804,35.85658199967086],[-95.94494900030003,35.85657799964466],[-95.94465800004687,35.85657499998887],[-95.944292000349,35.85657799964466],[-95.94407300006587,35.856579999657804],[-95.94332099968028,35.856585999696904],[-95.94209600036498,35.85658300004142],[-95.93978400003004,35.85657900001527],[-95.93900800025334,35.8565770000021],[-95.93751299970299,35.856579999657804],[-95.93698100032374,35.85656600029277],[-95.9364010003656,35.85656600029277],[-95.93616700001387,35.856560999894924],[-95.93580799998867,35.85655400021104],[-95.93520200009127,35.856554999853884],[-95.93470099977584,35.85657200033298],[-95.93419199996282,35.856562999908455],[-95.93352999998892,35.85655000018337],[-95.93348499978309,35.85655000018337],[-95.93321000032178,35.85656499992198],[-95.93233099971458,35.8565589998813],[-95.9316000001437,35.85654699979845],[-95.93154700044025,35.85654699979845],[-95.93088600029127,35.85654800016947],[-95.93053399993876,35.85654600015551],[-95.9294800003277,35.856540999756405],[-95.92912899980011,35.85654000011339],[-95.92879400006434,35.85653899974227],[-95.92853799997131,35.85654000011339],[-95.92773200005736,35.856544999784525],[-95.92676799995967,35.85652499964197],[-95.92669699981455,35.85652399999875],[-95.92617799995578,35.85652499964197],[-95.92550699976105,35.85651999996957],[-95.92349700044821,35.85650799988088],[-95.92332699967058,35.85650700023745],[-95.92321399969268,35.856503999850894],[-95.92282700007839,35.85649300013144],[-95.92280199996404,35.85648199968242],[-95.92272300032131,35.856479000023015],[-95.92269700038203,35.856491000116094],[-95.92262899971168,35.85648999974442],[-95.92242500039549,35.8564870000853],[-95.92235800044834,35.8564870000853],[-95.92224000044756,35.85648500006981],[-95.92188700027015,35.856511999910616],[-95.92177000009427,35.85652199998418],[-95.92141500026703,35.85655000018337],[-95.92137500008407,35.85655200019724],[-95.92067299992719,35.85654899981239],[-95.91945100008664,35.8565420001275],[-95.9185460004385,35.85654800016947],[-95.91811399972005,35.856550999826275],[-95.91782300036523,35.856538000099235],[-95.91721099972172,35.85654800016947],[-95.91660099962635,35.85652800002767],[-95.91477500043652,35.85651900032629],[-95.91423700031119,35.85647200033194],[-95.91242000044387,35.856460000235934],[-95.91226100043522,35.85645899986381],[-95.91088999973344,35.85641599986851],[-95.90879500003177,35.856403999764076],[-95.90836999988434,35.85639900008406],[-95.90748100012972,35.856403999764076],[-95.90701800034743,35.85640799979906],[-95.90668100006356,35.85640799979906],[-95.90605599989958,35.85640500013685],[-95.9052759999249,35.85640199974649],[-95.90481700034059,35.85640500013685],[-95.90441200028464,35.85640799979906],[-95.90405400008433,35.856415000223926],[-95.90393000023577,35.85641700024119],[-95.90323700029975,35.85639399967562],[-95.90271500006791,35.85637800025961],[-95.90182999961294,35.85637699988644],[-95.90115900031653,35.856364999776105],[-95.90095000007916,35.856364999776105],[-95.9004670002054,35.856364999776105],[-95.90040500028111,35.856364999776105],[-95.90025299994515,35.856362999757536],[-95.89961299971255,35.85635600005617],[-95.89946799994759,35.85635499968272],[-95.89940000017553,35.85635400003736],[-95.89762699979084,35.85634500031623],[-95.89723299960555,35.856343999942645],[-95.89613299996371,35.85636400013087],[-95.8955119999977,35.856329000162226],[-95.89516999969094,35.856358999720236],[-95.89463900013662,35.85636600014942],[-95.89231199973305,35.856347999980706],[-95.89054000007158,35.85633500022033],[-95.8892450004361,35.85636600014942],[-95.88839699979104,35.85638699997699],[-95.8883790002477,35.85638600033204],[-95.88835900015621,35.85638600033204],[-95.88833400004187,35.85638600033204],[-95.88829999970666,35.85638600033204],[-95.88823399958441,35.85638600033204],[-95.88808700016965,35.856384999959026],[-95.88784100012235,35.856384999959026],[-95.88720599991262,35.8563800002778],[-95.88387199975367,35.85637000018632],[-95.88316799994696,35.856362999757536],[-95.88292500027273,35.85635800007492],[-95.8826359996694,35.85635800007492],[-95.8823319998958,35.85635499968272],[-95.88193600006068,35.8563529996639],[-95.88107099969717,35.856349000354186],[-95.88096299974215,35.856347000335255],[-95.88079100021302,35.856347000335255],[-95.88065399994565,35.8563459999617],[-95.88059600021934,35.8563459999617],[-95.88038799980689,35.85634500031623],[-95.88019100016339,35.856343999942645],[-95.8800150004363,35.856343000297144],[-95.87999299979667,35.856343000297144],[-95.87988599966654,35.856343000297144],[-95.87983799998598,35.85634199992355],[-95.87969499987084,35.856341000278015],[-95.87965700023601,35.856341000278015],[-95.87935799958696,35.85633900025884],[-95.8792699997234,35.85633999990439],[-95.87914300040009,35.85633999990439],[-95.87842199997667,35.85633500022033],[-95.87634599964326,35.85632399974939],[-95.87624199988619,35.85629200015779],[-95.87617300028923,35.856269999930475],[-95.87601199973244,35.85627300032588],[-95.87582199976161,35.85627500034673],[-95.87565299970723,35.85627800001386],[-95.87555399997302,35.85628299970146],[-95.87545500023882,35.85628499972206],[-95.87529899970488,35.8562869997426],[-95.87525299967415,35.8562880001169],[-95.87499400010637,35.85629299980392],[-95.87498200041081,35.85629299980392],[-95.87491999958822,35.85629499982427],[-95.87484099994549,35.85629800021868],[-95.87479699956457,35.85630000023889],[-95.87471600027203,35.85630299990507],[-95.87469600018053,35.85630400027916],[-95.87468199993685,35.85630499992516],[-95.87463199970811,35.85630800031924],[-95.87448899959298,35.85631399965089],[-95.87392200005365,35.85631099998512],[-95.87372700005997,35.8563100003392],[-95.87368900042514,35.8563100003392],[-95.87365699973978,35.85631300000501],[-95.87355499963253,35.856317999690404],[-95.87353600026427,35.856317999690404],[-95.87344099982971,35.85631599967069],[-95.8732070003763,35.85631200035912],[-95.87276100031245,35.85631300000501],[-95.87248199975488,35.85630400027916],[-95.8666600004322,35.856298999864734],[-95.86602199984944,35.856298999864734],[-95.86571200022804,35.85629800021868],[-95.86569799998433,35.85629800021868],[-95.86524299969965,35.85629800021868],[-95.86455800015953,35.85629699984455],[-95.86431700013512,35.85629699984455],[-95.86399400009493,35.85629699984455],[-95.86365400033631,35.85629699984455],[-95.86082599961733,35.85629400017814],[-95.86010099989423,35.85629299980392],[-95.85732699960191,35.85632199972978],[-95.85666999965088,35.85629800021868],[-95.85460699973629,35.8562880001169],[-95.85083900010737,35.85628400007581],[-95.84790400015659,35.856282000055195],[-95.84700000033334,35.85628099968082],[-95.84581899960236,35.85628000003452],[-95.84419900027686,35.85627800001386],[-95.8431170001784,35.85627699963943],[-95.8427720003969,35.8562530001147],[-95.84215899992849,35.85627599999309],[-95.84037800004619,35.85627500034673],[-95.83748800030124,35.856271999951396],[-95.83739600023972,35.856271999951396],[-95.83718399962932,35.856271999951396],[-95.83671300034943,35.856267999909505],[-95.8357259997872,35.856269999930475],[-95.8319940001433,35.856267000263045],[-95.82879899990151,35.85626399986741],[-95.82829000008849,35.856269999930475],[-95.82775100013824,35.856269999930475],[-95.8228910003651,35.856267999909505],[-95.81995700023923,35.85626500024199],[-95.81945900029685,35.85625500013606],[-95.81945900029685,35.85641900025839],[-95.81945900029685,35.85793399988895],[-95.81945799957364,35.85847699996148],[-95.81945799957364,35.859283999673764],[-95.81945699974872,35.86008300020838],[-95.81945699974872,35.86018100010033],[-95.81945699974872,35.8611969999682],[-95.8194559999238,35.86252200013329],[-95.8194559999238,35.86272399989179],[-95.81945500009888,35.86368199966479],[-95.81945500009888,35.863749999813486],[-95.81945400027399,35.86380900030198],[-95.81945500009888,35.86390300029861],[-95.81945400027399,35.86525200008222],[-95.81945300044907,35.86758699963936],[-95.81945300044907,35.86866499964824],[-95.819450000076,35.86888200008443],[-95.81945099990092,35.8699169999966],[-95.819450000076,35.87071800000457],[-95.81945300044907,35.8710900000057],[-95.81940499987017,35.8710900000057],[-95.81940800024324,35.87123500012206],[-95.81943300035759,35.871387999987256],[-95.81943300035759,35.87159499989137],[-95.81940499987017,35.87171300006235],[-95.81936300003738,35.87213700010259],[-95.81935200016673,35.872505000042544],[-95.81936200021246,35.872793000322424],[-95.8193999998473,35.87318599978887],[-95.81939700037259,35.87344199983007],[-95.8193710004333,35.87370799986103],[-95.81935600036469,35.87405699984695],[-95.81939800019748,35.87420500007343],[-95.81940200039544,35.87429900011304],[-95.8193999998473,35.874671000043],[-95.81937700028108,35.87497599989955],[-95.81938599960361,35.87510000022385],[-95.8193999998473,35.87530699989252],[-95.8193990000224,35.8753549997701],[-95.81939700037259,35.87566300029418],[-95.81940400004527,35.875855000222934],[-95.81938800015175,35.87603499964256],[-95.81939399999952,35.87612299967911],[-95.81939599964934,35.87614699973823],[-95.81941400009102,35.87623499965037],[-95.81940800024324,35.876378000299844],[-95.81940599969508,35.87649900025589],[-95.81945400027399,35.87731400002959],[-95.81945199972584,35.877749000348416],[-95.81945300044907,35.877784999695514],[-95.81945400027399,35.87782799974342],[-95.81945500009888,35.87792600025625],[-95.8194559999238,35.882088999769074],[-95.81945699974872,35.88498400023896],[-95.81945699974872,35.885071999795215],[-95.81945799957364,35.88515599994199],[-95.81945799957364,35.885703999822226],[-95.81946000012177,35.887710999984975],[-95.81946400031973,35.88850899993681],[-95.81946199977159,35.8891950001705],[-95.81947299964223,35.89757600010025],[-95.8194750001904,35.899382000048824],[-95.8194769998402,35.900918999956055],[-95.8194769998402,35.90094900009568],[-95.8194769998402,35.90109400012514],[-95.8194769998402,35.90119799979692],[-95.8182020002962,35.90119699998968],[-95.81593299961897,35.90119600018238],[-95.81273400007751,35.90119399984005],[-95.8116829999412,35.901159000027],[-95.81058800032224,35.90112299966252],[-95.81047100014638,35.901120000237825],[-95.81000499999105,35.901109999971574],[-95.80970600024033,35.901120000237825],[-95.80953399981287,35.90112599981478],[-95.8094230003831,35.90112400019842],[-95.80898499981686,35.90111399993268],[-95.80884699972461,35.90111200031596],[-95.80767299956463,35.901116000276964],[-95.80723599972163,35.90111799989358],[-95.80679300003084,35.90111899970187],[-95.80589300040556,35.90112100004603],[-95.80546400006017,35.90112199985429],[-95.80525300017297,35.90112299966252],[-95.80502200019428,35.90112100004603],[-95.80384100036161,35.90111200031596],[-95.80267399987433,35.90110500020182],[-95.80171599962442,35.901116000276964],[-95.80029899979019,35.90110800035475],[-95.79911899978245,35.90110200004876],[-95.79900800035267,35.90110100024025],[-95.79867799974147,35.901099999704066],[-95.7985680001366,35.90110200004876],[-95.79832999958693,35.90110500020182],[-95.79831700006645,35.90110500020182],[-95.7978989995917,35.90111799989358],[-95.79756800005391,35.90110699981871],[-95.7974759999924,35.90110399966567],[-95.79731799980866,35.90110399966567],[-95.79701999988282,35.90110399966567],[-95.79647000006192,35.90110399966567],[-95.79612899958008,35.90110500020182],[-95.79583300020236,35.90110699981871],[-95.79543999984197,35.90111200031596],[-95.79529199970398,35.90111499974102],[-95.79426099965913,35.90110900016317],[-95.79421999965125,35.90110900016317],[-95.79386900002197,35.90110399966567],[-95.79376699991472,35.90110200004876],[-95.7934620003162,35.901098999895595],[-95.79336100003385,35.901098000087046],[-95.79245899986043,35.90111499974102],[-95.79103799982825,35.90114399999838],[-95.78963799971248,35.901170999902284],[-95.78752200009441,35.90117599966787],[-95.78523499987382,35.90117599966787],[-95.78372199978013,35.901174000052734],[-95.78368599979513,35.901174000052734],[-95.78365999985586,35.901174000052734],[-95.7777060002887,35.90116900028701],[-95.76608000028835,35.901159000027],[-95.76479300015048,35.90115599987593],[-95.76235000029428,35.90114899976569],[-95.76202899990392,35.90115100010909],[-95.76170199966577,35.901147000149855],[-95.76170199966577,35.901361000232086],[-95.76170099984085,35.903523000001506],[-95.76170099984085,35.90628999997057],[-95.7617040002139,35.90680300032133],[-95.76170000001594,35.90760300009601],[-95.76170000001594,35.90890600025401],[-95.76169800036612,35.909297000089566],[-95.76170000001594,35.91046800026414],[-95.76169900019103,35.911981999794094],[-95.76169900019103,35.912236999893544],[-95.76170599986374,35.91290400032725],[-95.76169900019103,35.91436600030515],[-95.76169900019103,35.91547399991211],[-95.76169900019103,35.916108000188096],[-95.76170300038898,35.9180309998476],[-95.76169800036612,35.91845800018851],[-95.76169800036612,35.92048199982772],[-95.76168999997019,35.92261100021502],[-95.7616969996429,35.92338999993713],[-95.7616969996429,35.924631000284045],[-95.76169599981797,35.92833100008904],[-95.76169499999307,35.931085999751744],[-95.76169499999307,35.93274999977202],[-95.76170099984085,35.93320200027315],[-95.76155400042607,35.93329700022039],[-95.76155299970286,35.93338499988589],[-95.76154500020523,35.93409099974036],[-95.76154500020523,35.93412000027539],[-95.76156899959636,35.9350599999687],[-95.76156799977146,35.9351409998417],[-95.76156699994655,35.93534999983094],[-95.76156600012163,35.935628999717544],[-95.7615639995735,35.93658799985797],[-95.7615639995735,35.937411999911475],[-95.7615639995735,35.93886700028059],[-95.76156600012163,35.94237299972272],[-95.76157899964211,35.94323299995627],[-95.76158000036534,35.94329100012559],[-95.76158200001517,35.94468900005612],[-95.76158299984006,35.9468910000401],[-95.76158299984006,35.94760199971835],[-95.76158700003802,35.9555760000429],[-95.76159000041108,35.95634400029735],[-95.76159600025886,35.95778999983135],[-95.76157699999229,35.95880900010551],[-95.76157699999229,35.959257999772674],[-95.76157600016738,35.959833999807245],[-95.76159000041108,35.96058399963823],[-95.76159399971073,35.96076699983064],[-95.76160700012953,35.96456299989655],[-95.76161200015238,35.965889999833486],[-95.76160799995442,35.96692999987966],[-95.76160799995442,35.966966999800256],[-95.76160799995442,35.96756899966793],[-95.76161700017526,35.96873200019684],[-95.761627000221,35.97005200003547],[-95.76162899987082,35.970187000336445],[-95.76162499967288,35.970466999740005],[-95.76161700017526,35.97109300016338],[-95.76161600035036,35.97116800009713],[-95.76161600035036,35.97139500021852],[-95.76161600035036,35.97147100023827],[-95.76161499962711,35.971578000075],[-95.76161399980221,35.97190300018473],[-95.76161399980221,35.972010999801924],[-95.76161499962711,35.97236699989046],[-95.76162100037322,35.97343800029097],[-95.76162300002304,35.97379500010343],[-95.76162300002304,35.973823999878825],[-95.76162300002304,35.974110000051105],[-95.76162399984796,35.9748499998412],[-95.76162600039609,35.9749680001665],[-95.76163200024388,35.97525399982867],[-95.76163600044183,35.97549399965557],[-95.76164499976436,35.975882000001036],[-95.7616470003125,35.97598999999014],[-95.76163999974148,35.97621700005777],[-95.7616339998937,35.976458000174134],[-95.76162499967288,35.976729000023205],[-95.76162399984796,35.97679400027247],[-95.76163200024388,35.977384999713976],[-95.76163300006878,35.977544999963996],[-95.76163700026676,35.9778180003005],[-95.76163800009166,35.977915000253944],[-95.76163899991658,35.97807899985907],[-95.76164599958926,35.97883299979338],[-95.76164599958926,35.978863999730024],[-95.76164599958926,35.97912599974005],[-95.76164499976436,35.97925099995447],[-95.76164499976436,35.97962799994871],[-95.76164499976436,35.97975400036285],[-95.76164300011455,35.981110999642034],[-95.76164300011455,35.98185899969262],[-95.76164599958926,35.98249900026491],[-95.76162899987082,35.983476999726854],[-95.76163100041896,35.983662000357796],[-95.76164200028963,35.98435700003125],[-95.76164499976436,35.98482500002835],[-95.7616480001374,35.98518300014349],[-95.76165300016028,35.985833999843116],[-95.76165300016028,35.985939999645275],[-95.76165200033536,35.9863799996468],[-95.76165200033536,35.986541000013794],[-95.76165200033536,35.98659599982011],[-95.76165200033536,35.98676400027295],[-95.76165200033536,35.98682000010211],[-95.76165099961213,35.986970999988486],[-95.76164999978721,35.98742699987946],[-95.76164999978721,35.98757900022662],[-95.76164999978721,35.98774000032753],[-95.76164999978721,35.9878400002113],[-95.76165399998517,35.98822499970695],[-95.76165599963501,35.98838700010179],[-95.76165999983297,35.98871899967417],[-95.76165900000805,35.9887959998833],[-95.76165800018315,35.98966400021406],[-95.76165300016028,35.990023999726674],[-95.76164999978721,35.990381000104364],[-95.76164999978721,35.990433999876124],[-95.76164899996232,35.99081100022843],[-95.76164899996232,35.991216000035934],[-95.7616409995664,35.991943000037615],[-95.7616339998937,35.992320999828436],[-95.76162300002304,35.99287599998861],[-95.76162999969574,35.99341300035537],[-95.76163300006878,35.9936099998738],[-95.76163100041896,35.994141999903974],[-95.76163499971861,35.995165000046704],[-95.76163499971861,35.99521999965509],[-95.76163499971861,35.995387999912836],[-95.76163600044183,35.9954440001615],[-95.76163600044183,35.995491999823855],[-95.76163600044183,35.99563600008927],[-95.76163700026676,35.99568400036158],[-95.76163700026676,35.995854999822356],[-95.76163800009166,35.99636899967153],[-95.76163899991658,35.99654099988265],[-95.76163899991658,35.99690300009026],[-95.76163999974148,35.99692599979435],[-95.76163800009166,35.99749400009099],[-95.76163200024388,35.99799000022871],[-95.76162800004592,35.998353000358584],[-95.76162800004592,35.998426999791654],[-95.76162800004592,35.99864999988282],[-95.76162899987082,35.99872499979136],[-95.76162999969574,35.9990129998819],[-95.76163300006878,35.99987699965732],[-95.76163499971861,36.00016599991051],[-95.76162999969574,36.00046099986379],[-95.761627000221,36.00070400006559],[-95.76162499967288,36.001349000352114],[-95.76162499967288,36.00164600022106],[-95.76162399984796,36.001897000302556],[-95.76162399984796,36.002218999868425],[-95.76162899987082,36.002650000113846],[-95.76163200024388,36.00290099990647],[-95.76163200024388,36.0029200001449],[-95.76163200024388,36.00297800007937],[-95.76163300006878,36.00299800027241],[-95.76163700026676,36.0033209996718],[-95.76163200024388,36.004150000214615],[-95.76163100041896,36.00455000007322],[-95.76164200028963,36.00578200002635],[-95.76164200028963,36.00580000035958],[-95.76163899991658,36.006214000349466],[-95.76163800009166,36.00656900026128],[-95.76163499971861,36.00711499969968],[-95.76163600044183,36.00760600006478],[-95.76163999974148,36.008759000161874],[-95.76163899991658,36.00910100014325],[-95.76163899991658,36.01012699990542],[-95.76163899991658,36.01046999964378],[-95.76163899991658,36.010629999649],[-95.76163899991658,36.01111200036321],[-95.76163899991658,36.011272999660235],[-95.76163899991658,36.01145799977335],[-95.76164200028963,36.01201299968763],[-95.76164300011455,36.01219900010047],[-95.76164300011455,36.012283000354046],[-95.76164399993944,36.01253700028202],[-95.76164499976436,36.012622000026525],[-95.7616470003125,36.01353999970997],[-95.76164999978721,36.01423999977358],[-95.76164599958926,36.015457999844195],[-95.7616470003125,36.01629700014609],[-95.76164999978721,36.01721599968953],[-95.76164999978721,36.01726000000842],[-95.76164999978721,36.01739399967233],[-95.76164999978721,36.0174389996819],[-95.76164899996232,36.017471000222066],[-95.76164899996232,36.01756800009975],[-95.76164899996232,36.017600999648884],[-95.7616480001374,36.0177240003567],[-95.7616470003125,36.018096999728634],[-95.7616470003125,36.01822100016907],[-95.76164599958926,36.018529000137534],[-95.76164499976436,36.01898400016723],[-95.76164599958926,36.01945600010626],[-95.7616480001374,36.01976500009451],[-95.76164899996232,36.020102000043025],[-95.76165300016028,36.02111599991699],[-95.76165399998517,36.02136800023447],[-95.76165300016028,36.0214539996394],[-95.76165099961213,36.0215550001049],[-95.7616470003125,36.02185899973191],[-95.7616470003125,36.02192099992293],[-95.7616470003125,36.021961000137445],[-95.76164399993944,36.0221420002187],[-95.76164200028963,36.02237300007566],[-95.76164300011455,36.02268500014737],[-95.76164399993944,36.02286699973977],[-95.76164399993944,36.02291700031264],[-95.76164399993944,36.02307000027022],[-95.76164499976436,36.023120999705654],[-95.76164499976436,36.023163999916314],[-95.76164499976436,36.02329400012329],[-95.76164599958926,36.02333799995477],[-95.76164599958926,36.02377200011313],[-95.7616470003125,36.02413099968972],[-95.76164899996232,36.0246700001959],[-95.76164899996232,36.02470199997926],[-95.76164200028963,36.02555099972409],[-95.76163999974148,36.02573999993437],[-95.76163999974148,36.02575199978248],[-95.76163899991658,36.025852999824295],[-95.76163499971861,36.02616900008988],[-95.76163200024388,36.02640899975743],[-95.76163200024388,36.026442999639094],[-95.76163100041896,36.02651300016125],[-95.76163100041896,36.02730700029789],[-95.7616339998937,36.0277880003451],[-95.76163899991658,36.0283689997047],[-95.76163800009166,36.02852899969741],[-95.76163700026676,36.02894999986485],[-95.76163600044183,36.029049999796534],[-95.76163600044183,36.02923399994942],[-95.76163499971861,36.029547999731065],[-95.76163499971861,36.02971600021549],[-95.7616339998937,36.02975400011105],[-95.7616339998937,36.02985500010758],[-95.7616339998937,36.02986999967884],[-95.7616339998937,36.02990899985839],[-95.7616339998937,36.02999300012363],[-95.76163200024388,36.03031099974567],[-95.76162999969574,36.03151700017489],[-95.76162899987082,36.03191899984713],[-95.76162899987082,36.032069999822795],[-95.76162899987082,36.03252300019244],[-95.76162999969574,36.032675000059896],[-95.76162999969574,36.03272099965612],[-95.76162999969574,36.03286099965154],[-95.76162999969574,36.032908000185735],[-95.76162999969574,36.033255000108866],[-95.7616339998937,36.03353800034216],[-95.76164200028963,36.03404599966046],[-95.7616480001374,36.03485799965426],[-95.76164899996232,36.03542800036033],[-95.76164999978721,36.03544500017275],[-95.76164300011455,36.03605900025352],[-95.76164399993944,36.03648899969609],[-95.7616470003125,36.038155999794434],[-95.76162800004592,36.039402000035395],[-95.76162100037322,36.03997000007996],[-95.76162600039609,36.04040299990803],[-95.76163499971861,36.04186300035101],[-95.7616409995664,36.04503799984127],[-95.76163200024388,36.04643500016598],[-95.76163700026676,36.04831599966894],[-95.76163800009166,36.048468000285226],[-95.7616409995664,36.048923999646796],[-95.76164200028963,36.049076999930215],[-95.76164300011455,36.04925700005378],[-95.76164599958926,36.04979999972453],[-95.7616480001374,36.04998099975079],[-95.76164499976436,36.05012000019066],[-95.76163999974148,36.05053900023],[-95.76163800009166,36.05067899977893],[-95.76162999969574,36.05120399968291],[-95.76163999974148,36.05191399998007],[-95.76163499971861,36.05246700019684],[-95.76163899991658,36.05277399983386],[-95.76164399993944,36.05314099990799],[-95.76165200033536,36.05329800022839],[-95.76165599963501,36.05337699993813],[-95.76166499985584,36.05353800002047],[-95.76167400007668,36.05361500010126],[-95.76168400012241,36.05369400021909],[-95.76169199962003,36.05376100032122],[-95.7617100000617,36.053902000002964],[-95.7617250001303,36.05396300033814],[-95.76174299967364,36.0540290001594],[-95.7617879998795,36.054200000132035],[-95.76182600041265,36.05448099980264],[-95.76184399995599,36.05468500023749],[-95.76184399995599,36.05471500008596],[-95.76184800015393,36.054890000184564],[-95.76184999980377,36.05502399974798],[-95.76185700037477,36.055353999662024],[-95.76185599965154,36.05542800004259],[-95.76185599965154,36.055563000174885],[-95.76185400000173,36.055664999782365],[-95.76184899997887,36.05595200019719],[-95.76184800015393,36.055970999990336],[-95.76184499978089,36.05607299979521],[-95.76184200030616,36.05612699972389],[-95.76183700028328,36.056292000083175],[-95.76183599956006,36.056346999883964],[-95.76183499973514,36.056364000263585],[-95.76181700019181,36.05648199989231],[-95.76181200016893,36.056521999984795],[-95.76176600013818,36.05672200014222],[-95.76171699973436,36.056880999886566],[-95.7616769995514,36.05701299966322],[-95.76166300020601,36.05716900023615],[-95.76164999978721,36.0573209997335],[-95.76164499976436,36.05763800010557],[-95.76164399993944,36.057795000169804],[-95.76164200028963,36.05788299974966],[-95.76163899991658,36.05814900007656],[-95.76163899991658,36.05823799998519],[-95.76163700026676,36.0583199998119],[-95.76163999974148,36.05848599992574],[-95.76164599958926,36.058726999865854],[-95.76165300016028,36.059062000168744],[-95.76166099965788,36.05923100012717],[-95.76167400007668,36.059479999825676],[-95.7616769995514,36.05954500012184],[-95.76168699959715,36.059741999920604],[-95.76168800032038,36.059751999712894],[-95.76168599977223,36.0598079999788],[-95.76168400012241,36.05985700036027],[-95.76167999992445,36.0600049998453],[-95.76167900009955,36.06005500007946],[-95.76167400007668,36.06094699987601],[-95.7616470003125,36.06386900013452],[-95.7616470003125,36.06394800012496],[-95.76164899996232,36.06437899965968],[-95.76164899996232,36.064512999766755],[-95.76165099961213,36.06491500017091],[-95.76165200033536,36.06504900009121],[-95.76165399998517,36.065572000175784],[-95.76165499981009,36.06577700008101],[-95.76165099961213,36.06661800008035],[-95.7616480001374,36.067144000282006],[-95.76164599958926,36.06756500021067],[-95.76164599958926,36.067595000231684],[-95.76164499976436,36.067620999998624],[-95.76164499976436,36.06766800011406],[-95.76164399993944,36.06786400003006],[-95.76164200028963,36.068455999952896],[-95.76164200028963,36.068652999949904],[-95.7616409995664,36.068821999639],[-95.76163999974148,36.06933099987316],[-95.76163999974148,36.06950100013919],[-95.76163899991658,36.06975000001089],[-95.76163899991658,36.0698280000535],[-95.7616409995664,36.070500000233245],[-95.76164300011455,36.07074999968633],[-95.76164300011455,36.07077300034544],[-95.76164300011455,36.07084100026591],[-95.76164399993944,36.070865000010215],[-95.76164399993944,36.07105000030468],[-95.7616470003125,36.071605999858114],[-95.7616480001374,36.071791999688074],[-95.76164899996232,36.07215700000433],[-95.76164999978721,36.07239400018194],[-95.76164999978721,36.07250699992023],[-95.76165200033536,36.072860999707224],[-95.76165200033536,36.073253000036594],[-95.76165300016028,36.07361899991033],[-95.76165200033536,36.0739850002591],[-95.76165200033536,36.07508400030885],[-95.76165200033536,36.07545100015397],[-95.76164300011455,36.07669400029327],[-95.76164300011455,36.07689199974792],[-95.76165200033536,36.08034700017749],[-95.76165300016028,36.080536999974896],[-95.76165900000805,36.081217999664695],[-95.76166800022888,36.08223400035369],[-95.76167200042684,36.082659999987335],[-95.76167300025176,36.08293700018594],[-95.76167300025176,36.08307599976063],[-95.76167400007668,36.08319199989131],[-95.76167499990157,36.083510999912725],[-95.76168800032038,36.08408099967316],[-95.76170099984085,36.08432500005998],[-95.76172400030538,36.08474099973496],[-95.76172199975724,36.08494399972653],[-95.76172099993234,36.085235000119766],[-95.76172000010743,36.0855530001859],[-95.76172000010743,36.08575699990722],[-95.76171799955928,36.08617400035944],[-95.76171799955928,36.08636799988383],[-95.76171699973436,36.08657700003692],[-95.76171500008455,36.0871519996783],[-95.76171400025964,36.08718699981736],[-95.76170500003882,36.08742700004004],[-95.76170099984085,36.0875499998429],[-95.76167099970361,36.08777700023096],[-95.76166800022888,36.08784299999686],[-95.76165700035823,36.08807000026469],[-95.76165700035823,36.08812299966362],[-95.76165800018315,36.08821300012247],[-95.76166700040396,36.0889649998805],[-95.76167099970361,36.08924600023632],[-95.76167099970361,36.089312000220694],[-95.76167400007668,36.08951199976903],[-95.76167499990157,36.08957899985597],[-95.76167499990157,36.08962500031602],[-95.7616769995514,36.089741999818216],[-95.76167599972649,36.089763000082684],[-95.76167400007668,36.089810000032095],[-95.76167200042684,36.08983899995599],[-95.76166999987872,36.08992800030639],[-95.7616690000538,36.08995799978186],[-95.76166700040396,36.08999100020801],[-95.76166300020601,36.09008999995142],[-95.76166200038111,36.09012399991514],[-95.76165999983297,36.09015599995303],[-95.76165700035823,36.09025599980593],[-95.76165599963501,36.090289000106914],[-95.76164899996232,36.09046099997768],[-95.76164899996232,36.09049299987836],[-95.76165300016028,36.091019999680405],[-95.76165300016028,36.091104999645374],[-95.76165399998517,36.09130999978054],[-95.76165499981009,36.09154700030439],[-95.76165800018315,36.09225900005751],[-95.76165900000805,36.09240799984122],[-95.76165999983297,36.09249700018619],[-95.76165999983297,36.092653000074755],[-95.76166300020601,36.093121000060115],[-95.76166300020601,36.093176000242984],[-95.76166400003093,36.093277999714786],[-95.76166400003093,36.09348100016267],[-95.76166700040396,36.094092000348915],[-95.76166800022888,36.09424600016792],[-95.76166800022888,36.094295999686004],[-95.76166800022888,36.09457099973339],[-95.76167099970361,36.09539599990876],[-95.76167200042684,36.09567099973628],[-95.76167200042684,36.09574199991819],[-95.76167300025176,36.096138999896255],[-95.76167300025176,36.09627699983939],[-95.76167200042684,36.09632300000856],[-95.76167099970361,36.0965169998892],[-95.7616690000538,36.09692799993236],[-95.76166700040396,36.097362999644524],[-95.76166599968076,36.097487000092585],[-95.76166499985584,36.09776600002227],[-95.76166499985584,36.09787999980995],[-95.76166200038111,36.098953000180835],[-95.76166200038111,36.09905600034399],[-95.76166499985584,36.09990299981411],[-95.76166499985584,36.09993299983705],[-95.76166499985584,36.10002299983703],[-95.76166499985584,36.100054000006686],[-95.76166499985584,36.10016400006524],[-95.76166599968076,36.10034000012888],[-95.76166599968076,36.10049599969072],[-95.76166700040396,36.100607000041855],[-95.76166700040396,36.10077700019058],[-95.76166999987872,36.10128699988143],[-95.76167099970361,36.101458000185175],[-95.76167300025176,36.10218599988983],[-95.76167200042684,36.10248199967522],[-95.76166999987872,36.10285000024651],[-95.76166999987872,36.10301600000314],[-95.76166999987872,36.10311700033934],[-95.7616690000538,36.10322799989069],[-95.76166800022888,36.10386399974986],[-95.76166800022888,36.10407699966783],[-95.76166700040396,36.104112999668494],[-95.76166700040396,36.10422199971098],[-95.76166700040396,36.10425899978421],[-95.76166700040396,36.10429699997866],[-95.76166700040396,36.10441099972578],[-95.76166700040396,36.10444999998332],[-95.76166700040396,36.10449799999454],[-95.76166700040396,36.104641999852205],[-95.76166700040396,36.104690999879665],[-95.76166700040396,36.10539199965182],[-95.76166700040396,36.1070930001766],[-95.76166700040396,36.10749499990133],[-95.76166700040396,36.10819700014184],[-95.76166700040396,36.10829199982269],[-95.76166700040396,36.108577999711486],[-95.76166800022888,36.108673999740105],[-95.76166800022888,36.10893599996216],[-95.76166800022888,36.10972199973904],[-95.76166800022888,36.10998500016016],[-95.76166700040396,36.11011700007272],[-95.76166599968076,36.11051299993077],[-95.76166599968076,36.11064599973946],[-95.76166599968076,36.11065899976324],[-95.76166700040396,36.1106979998217],[-95.76166800022888,36.11071199989378],[-95.76166700040396,36.11083899975974],[-95.76166599968076,36.111221000353034],[-95.76166599968076,36.11134900017048],[-95.76166499985584,36.111475999732164],[-95.76166400003093,36.11185800013016],[-95.76166400003093,36.111986000360865],[-95.76165999983297,36.112832999765274],[-95.76165200033536,36.11537399977326],[-95.76164999978721,36.11622200035956],[-95.7616480001374,36.116399999973595],[-95.76164399993944,36.11693500000075],[-95.76164399993944,36.116955000277024],[-95.76164399993944,36.11711400015095],[-95.76164300011455,36.11717000020332],[-95.76164300011455,36.11734000006587],[-95.76164300011455,36.11739699992885],[-95.76164300011455,36.117445000010555],[-95.76164300011455,36.11758900007955],[-95.76164300011455,36.11763700004382],[-95.76164300011455,36.117686999914994],[-95.76164300011455,36.11783800002924],[-95.76164300011455,36.11788899973789],[-95.76164200028963,36.118555000064],[-95.7616409995664,36.1189810001933],[-95.76164399993944,36.11941499975729],[-95.7616470003125,36.119846000003214],[-95.76165200033536,36.12036099964256],[-95.76165300016028,36.12053500030574],[-95.76165700035823,36.12105999975695],[-95.76165900000805,36.12123500024519],[-95.76165999983297,36.121403000172734],[-95.7616480001374,36.12273999966113],[-95.76165700035823,36.12362199976803],[-95.76166200038111,36.12402999983177],[-95.76165399998517,36.126386000067775],[-95.76165800018315,36.1284340003269],[-95.76166300020601,36.128941000174436],[-95.76166800022888,36.12930699975057],[-95.76165499981009,36.13036900029008],[-95.76165599963501,36.13078299964502],[-95.76166300020601,36.13317100026613],[-95.76166300020601,36.1332310002793],[-95.76166300020601,36.13341000027571],[-95.76166400003093,36.13347099987318],[-95.76166300020601,36.13369200031326],[-95.76167099970361,36.13388399978982],[-95.7616690000538,36.13559399966176],[-95.76166700040396,36.13720500026333],[-95.76166700040396,36.13765399997538],[-95.76169199962003,36.13829000033252],[-95.76171599990947,36.13895999975246],[-95.76173500017603,36.139154000237966],[-95.76174900041974,36.14070599991144],[-95.76167200042684,36.14612300011486],[-95.76167400007668,36.14649200032677],[-95.76167599972649,36.14667000021329],[-95.7616690000538,36.14751699970603],[-95.7616690000538,36.14760099987657],[-95.7616690000538,36.14797099997152],[-95.76167200042684,36.14829900009413],[-95.76167400007668,36.1484609997636],[-95.76166599968076,36.149286000358266],[-95.76166300020601,36.14961500034587],[-95.76166200038111,36.149647999644515],[-95.76166099965788,36.14974999976281],[-95.76166099965788,36.149784000014606],[-95.76166099965788,36.150129999775636],[-95.76166099965788,36.15116800005502],[-95.76166099965788,36.15151499977553],[-95.76166099965788,36.1515339996824],[-95.76166099965788,36.15159400015997],[-95.76166099965788,36.15161400030892],[-95.76166099965788,36.15187000002448],[-95.76166099965788,36.152160999830954],[-95.76165700035823,36.15263999973076],[-95.76165700035823,36.15275300012256],[-95.76165700035823,36.15289699996864],[-95.76165700035823,36.15312299984871],[-95.76165700035823,36.1534050001144],[-95.76165700035823,36.15380099993305],[-95.76165700035823,36.15399099978451],[-95.76165700035823,36.154028000339565],[-95.76165700035823,36.154103999680245],[-95.76165499981009,36.15418699982082],[-95.76165300016028,36.154402000029904],[-95.76165099961213,36.15461000026492],[-95.76164999978721,36.154649999744734],[-95.76164999978721,36.154665999676],[-95.7616480001374,36.15482600025975],[-95.76164599958926,36.15506400008896],[-95.76164599958926,36.155220999940454],[-95.76164599958926,36.15523699975526],[-95.76164999978721,36.155528000123134],[-95.76165399998517,36.15577899980229],[-95.76165800018315,36.15601799984523],[-95.76165800018315,36.15618700022189],[-95.76165900000805,36.15648300023569],[-95.76165900000805,36.15669500008812],[-95.76165999983297,36.15686499992516],[-95.76165999983297,36.157063999880556],[-95.76165999983297,36.157662999985526],[-95.76165999983297,36.15786300027295],[-95.76165999983297,36.15794600006109],[-95.76165999983297,36.15796899985575],[-95.76165900000805,36.158052999710776],[-95.76165499981009,36.15862600012875],[-95.76165399998517,36.15881700006276],[-95.76165399998517,36.159017999749096],[-95.76165300016028,36.15937800020504],[-95.76165200033536,36.15973200023819],[-95.76165200033536,36.15981500022359],[-95.76165200033536,36.160064999806046],[-95.76165099961213,36.16016099996769],[-95.76165099961213,36.16045300034117],[-95.76165099961213,36.16055000017487],[-95.76165099961213,36.16065900018881],[-95.76165099961213,36.16098700018811],[-95.76165099961213,36.16109699973466],[-95.76165099961213,36.161275999972304],[-95.76165099961213,36.16136100004742],[-95.76163899991658,36.16196800026809],[-95.76164499976436,36.1623160001878],[-95.7616470003125,36.162498000185],[-95.76164999978721,36.16275000015302],[-95.7617469998716,36.16274699979554],[-95.76204099959948,36.16274199992473],[-95.76213900040707,36.16274099980545],[-95.76280300003081,36.16272799970457],[-95.76474999959446,36.1626900002341],[-95.76479499980029,36.162687999994226],[-95.76546000014724,36.16267000000915],[-95.76558999984358,36.162667999768814],[-95.7658159997994,36.16266400001322],[-95.76597999983093,36.16266199977275],[-95.7661100004256,36.16266000025742],[-95.76747700003109,36.16263799978372],[-95.76865000036616,36.162619999787154],[-95.7709900002902,36.16258999978369],[-95.77157899957086,36.16258600002411],[-95.77259999956995,36.162580000021755],[-95.77294699989959,36.16258100014302],[-95.77427300039552,36.162583999781646],[-95.77596999971392,36.16258999978369],[-95.77825299973655,36.162601999786474],[-95.77958000005741,36.162610000029055],[-95.77975900015755,36.16260899990811],[-95.78067600039958,36.16260400002848],[-95.78371000008457,36.16258999978369],[-95.78396700000252,36.16258999978369],[-95.78506400016961,36.16259499966421],[-95.78574500041007,36.16259699990639],[-95.78778800023319,36.16260600027049],[-95.78847000029857,36.16260899990811],[-95.78849600023786,36.16260899990811],[-95.78857400005566,36.16260899990811],[-95.78859999999491,36.162610000029055],[-95.78862400028437,36.162610000029055],[-95.78869600025439,36.162610000029055],[-95.78871999964554,36.162610000029055],[-95.7898589996454,36.16261299966651],[-95.79166999966493,36.162619999787154],[-95.79327900001809,36.162619999787154],[-95.79441999966778,36.162619999787154],[-95.79495899961803,36.16261800027076],[-95.79657700019203,36.16261499990824],[-95.7971169999672,36.1626139997874],[-95.7975529999853,36.16261200027086],[-95.79886400041262,36.162610000029055],[-95.79895999977376,36.162610000029055],[-95.79930200008054,36.162610000029055],[-95.79934800011131,36.162610000029055],[-95.79948799985338,36.162610000029055],[-95.79953499970902,36.162610000029055],[-95.79986399959702,36.162610000029055],[-95.80085100015924,36.162610000029055],[-95.8011800000472,36.162610000029055],[-95.8022360002064,36.16262599978646],[-95.80245999961409,36.16263000026926],[-95.80540600033383,36.16263000026926],[-95.80566999992448,36.16263000026926],[-95.80646300031796,36.16262699990719],[-95.8081830001009,36.162619999787154],[-95.80830000027674,36.162619999787154],[-95.8099790000518,36.162619999787154],[-95.80999900014328,36.16263000026926],[-95.8106200001093,36.162640000024815],[-95.81183000025428,36.16263000026926],[-95.81253700043403,36.16263000026926],[-95.8133440001729,36.16263000026926],[-95.81358000017445,36.16263000026926],[-95.81441000037785,36.162619999787154],[-95.81506499978073,36.16262699990719],[-95.8151319997279,36.16262699990719],[-95.81533299956934,36.16262900014857],[-95.8154000004148,36.16263000026926],[-95.81539799986668,36.16363200018878],[-95.81539399966871,36.1641030002726],[-95.81539000036906,36.164840000094095],[-95.81538600017109,36.16506699972576],[-95.81538000032332,36.16538000030582],[-95.81538000032332,36.16571000029597],[-95.81537000027757,36.16607999979763],[-95.81537000027757,36.16652999964048],[-95.81535000018609,36.16749000019493],[-95.81535000018609,36.1676199997362],[-95.81535000018609,36.16804000007194],[-95.81535000018609,36.168470000069576],[-95.81535000018609,36.16852300032259],[-95.81535000018609,36.16858999971535],[-95.81535000018609,36.16867000034403],[-95.81535000018609,36.16875000016591],[-95.81535000018609,36.16939000015203],[-95.81535000018609,36.169996999839974],[-95.81535000018609,36.1705199997181],[-95.81535000018609,36.171269000242624],[-95.81535000018609,36.172060000161025],[-95.81535000018609,36.17283000027383],[-95.81535000018609,36.17326000009579],[-95.81536000023183,36.17352999994164],[-95.81536000023183,36.17419899999898],[-95.81536000023183,36.174899999728865],[-95.81536199988166,36.17508700004542],[-95.81537000027757,36.175590000206135],[-95.81535000018609,36.17635999971282],[-95.81534000014034,36.17706999984123],[-95.81534500016322,36.17766199984389],[-95.81534500016322,36.177784999698424],[-95.81534799963796,36.1781570000465],[-95.81535000018609,36.178280999769946],[-95.81535000018609,36.17832000030322],[-95.81535000018609,36.17965400030937],[-95.81535000018609,36.179709999957474],[-95.8153300000946,36.18158000020411],[-95.8153300000946,36.182529999717346],[-95.81532500007174,36.18377599994212],[-95.81532000004887,36.18514999971487],[-95.81532000004887,36.186839999902396],[-95.81531000000312,36.187700000009656],[-95.8153080003533,36.187874999743514],[-95.8153090001782,36.188003999744424],[-95.81530499998024,36.189136000131796],[-95.81530300033042,36.189761999889846],[-95.81529999995736,36.19056999977044],[-95.8152799998659,36.1915599999398],[-95.81528999991163,36.19213299969974],[-95.81529999995736,36.1926699996581],[-95.81529999995736,36.19292000027782],[-95.81533299956934,36.19373399999018],[-95.8153300000946,36.193854000090674],[-95.81531599985091,36.194428000178256],[-95.81532000004887,36.19539199990831],[-95.81535100001099,36.19555900007449],[-95.81535400038405,36.195575000353855],[-95.81535400038405,36.195739000310525],[-95.81535299966082,36.19908799996789],[-95.81535299966082,36.202048000309674],[-95.81535199983593,36.20261200003744],[-95.81535199983593,36.2032639998714],[-95.81535199983593,36.20512900015124],[-95.81535199983593,36.20613300006153],[-95.81535100001099,36.20719500026064],[-95.81535100001099,36.2076649998534],[-95.81535000018609,36.21198299980097],[-95.81534900036117,36.21487199994406],[-95.81534900036117,36.2153700002913],[-95.81534900036117,36.216917999982755],[-95.81534400033831,36.22229599967642],[-95.81534699981303,36.22298299974861],[-95.81534699981303,36.22351299992814],[-95.81532699972156,36.22375299994936],[-95.81530300033042,36.224037999833264],[-95.81527700039115,36.224336000152405],[-95.81526999982015,36.22445000010556],[-95.81526899999523,36.22455600017991],[-95.81526700034541,36.22483599978111],[-95.81526499979726,36.225024999796695],[-95.81526200032255,36.22567599981705],[-95.8152609995993,36.22595699979343],[-95.81525999977441,36.22607899984024],[-95.81525999977441,36.22611999982516],[-95.81525999977441,36.226446000318695],[-95.81525999977441,36.22656900035638],[-95.81525999977441,36.22689999982688],[-95.81526200032255,36.227175999647585],[-95.81524300005597,36.227943999851284],[-95.81524100040615,36.227994999691184],[-95.81523300001021,36.22814299969185],[-95.8152310003604,36.22816799990915],[-95.81519000035252,36.228440000307316],[-95.81518000030678,36.228580000164776],[-95.81505999975786,36.22909000016582],[-95.81500000038172,36.229409999917564],[-95.81500000038172,36.229690000256596],[-95.8150199995749,36.23007000025179],[-95.81500000038172,36.23060000023146],[-95.81505700028312,36.23146099997263],[-95.81505999975786,36.231509999761144],[-95.81507999984935,36.231939999812056],[-95.81510300031387,36.23218199997366],[-95.81512000003231,36.23236000012351],[-95.81517000026102,36.23316999999486],[-95.81520000039826,36.233689999873086],[-95.815210000444,36.23417999979845],[-95.8152170001167,36.23434699979893],[-95.81524999972865,36.23506999983826],[-95.81524999972865,36.23521900013389],[-95.81525099955357,36.23566799986685],[-95.8152520002768,36.23581799965814],[-95.81525300010172,36.23620999989857],[-95.81525399992661,36.23628599993952],[-95.81525800012457,36.23738700031062],[-95.81525999977441,36.23777999981516],[-95.81526200032255,36.23814400007737],[-95.81526800017032,36.23923600011387],[-95.81526999982015,36.23960000011738],[-95.81528499988877,36.24117000005855],[-95.81529300028468,36.241932000029756],[-95.81529999995736,36.242599999758696],[-95.81531000000312,36.24577999977178],[-95.81531000000312,36.245879999769876],[-95.81531199965295,36.24599000034443],[-95.81532500007174,36.24745100011445],[-95.81532500007174,36.24747399970602],[-95.81532500007174,36.24754200012833],[-95.81532599989664,36.24756600017798],[-95.81532599989664,36.2476290002733],[-95.81532699972156,36.24767299982682],[-95.81532699972156,36.247818000254604],[-95.81532800044478,36.24788199990318],[-95.81532800044478,36.247961999933544],[-95.8153300000946,36.24820300000997],[-95.81533099991952,36.24828400018741],[-95.81533099991952,36.24833499979994],[-95.81533199974442,36.24849000010842],[-95.81533299956934,36.24854200005888],[-95.81533400029257,36.24873900014253],[-95.81533500011747,36.2489180000086],[-95.81533500011747,36.24896599997989],[-95.81533599994238,36.249106999770234],[-95.81533599994238,36.24921599968552],[-95.8153379995922,36.24933199978736],[-95.81533900031543,36.24944400004696],[-95.81534000014034,36.24952999978809],[-95.81517000026102,36.24952999978809],[-95.81468400001422,36.24952999978809],[-95.8134000002494,36.24952999978809],[-95.8127170003591,36.24952999978809],[-95.81206200005789,36.24952999978809],[-95.8120639997077,36.24954399970327],[-95.8120639997077,36.249576999648745],[-95.81206500043093,36.24958900008643],[-95.81207399975344,36.250886999726504],[-95.8120779999514,36.251444000009634],[-95.81207299992855,36.25365599984069],[-95.81207899977632,36.25606200011424],[-95.81207899977632,36.25607999963831],[-95.81207999960124,36.25630299983748],[-95.8120849996241,36.256894999662535],[-95.81206299988278,36.256972999877696],[-95.81210499971557,36.25700499994342],[-95.81214099970059,36.257272000343036],[-95.8121900001044,36.257479999739864],[-95.8121900001044,36.258116000254866],[-95.8121900001044,36.25844999975465],[-95.81218000005866,36.259420000038915],[-95.81218000005866,36.260023000104944],[-95.81218000005866,36.260659999790306],[-95.81218000005866,36.26127699968629],[-95.81218000005866,36.26312799982867],[-95.81218000005866,36.26374499978564],[-95.81218000005866,36.263798000000705],[-95.81218000005866,36.263878999945625],[-95.81218000005866,36.26395699970583],[-95.81218000005866,36.264009999777045],[-95.812169000188,36.26406400008591],[-95.81213700040095,36.26422700033582],[-95.8121270003552,36.26428200004118],[-95.81209800004291,36.26442700006654],[-95.81209800004291,36.264522999755386],[-95.81210200024086,36.26591300031474],[-95.81210399989068,36.2668039999306],[-95.81210700026372,36.267483000331836],[-95.81210999973845,36.26956899998175],[-95.81211200028659,36.27057699978184],[-95.81211399993641,36.271291999975375],[-95.81211599958624,36.27215299975222],[-95.8121199997842,36.272972000002504],[-95.81211800013438,36.27304299970971],[-95.8121199997842,36.27399200035883],[-95.81212200033234,36.27477000035564],[-95.81212399998216,36.27575599981295],[-95.81212499980708,36.275789999672],[-95.81212800018012,36.27600499984373],[-95.81212599963199,36.27657299969902],[-95.8121270003552,36.27708599970374],[-95.81212800018012,36.27739799982399],[-95.81212900000504,36.27806100001267],[-95.81212999982993,36.27817300036017],[-95.81215999996718,36.27853000012395],[-95.81215599976922,36.279174000041515],[-95.81214999992143,36.2805800000405],[-95.81215999996718,36.281029999880786],[-95.81215999996718,36.28110599977796],[-95.81215999996718,36.2811199998272],[-95.81216800036309,36.28175000016696],[-95.812169000188,36.28193800010158],[-95.81217000001291,36.281949999912555],[-95.81217000001291,36.282018000013466],[-95.81217000001291,36.28205999966284],[-95.8121769996856,36.28282099979143],[-95.81218000005866,36.28301999965838],[-95.81218000005866,36.283090000335164],[-95.81218099988357,36.28326300024885],[-95.81218599990645,36.28378299988239],[-95.81218799955627,36.28395699972703],[-95.8121900001044,36.28423000003729],[-95.81218900027949,36.28425499969171],[-95.81217199966272,36.28514899999968],[-95.81217000001291,36.28527000033261],[-95.81217000001291,36.28544799975721],[-95.81217000001291,36.28567000009787],[-95.81217000001291,36.28575299979235],[-95.81217000001291,36.286337000215525],[-95.81217000001291,36.28656000018502],[-95.81217000001291,36.286862000274],[-95.81217000001291,36.2875650000856],[-95.81217000001291,36.287768000045496],[-95.81217000001291,36.28806999980409],[-95.81217000001291,36.28816500014582],[-95.81217000001291,36.288449999753006],[-95.81217000001291,36.288546000316245],[-95.81217000001291,36.28873199989472],[-95.81217000001291,36.28929300016573],[-95.81217000001291,36.289480000083884],[-95.81217000001291,36.2896059999502],[-95.81217000001291,36.28998499971825],[-95.81217000001291,36.29011200015719],[-95.81217000001291,36.290295999748],[-95.81217000001291,36.29042099980885],[-95.81217000001291,36.29134999995855],[-95.81217000001291,36.29165999969593],[-95.81217000001291,36.29170800018979],[-95.81217000001291,36.29185200004604],[-95.81217000001291,36.29189999969771],[-95.81217000001291,36.29205900009792],[-95.81217000001291,36.29211999995596],[-95.81217000001291,36.29212999982131],[-95.8121769996856,36.29281999974408],[-95.81218000005866,36.29305000005168],[-95.81218400025662,36.293961999721674],[-95.8121900001044,36.294919999798886],[-95.8121900001044,36.29602000009171],[-95.8121900001044,36.29640999973568],[-95.8121900001044,36.296697999925435],[-95.8121900001044,36.29673999963802],[-95.81217000001291,36.297590999734666],[-95.81217000001291,36.29760999966572],[-95.81216699963987,36.297686000067834],[-95.81216199961699,36.29788100031296],[-95.81214999992143,36.298380000142515],[-95.81214999992143,36.298510000168825],[-95.81215400011939,36.298696999715304],[-95.81215999996718,36.29896999985885],[-95.81215999996718,36.29924100012505],[-95.81215999996718,36.30005400034234],[-95.81215999996718,36.300259999816724],[-95.81215900014226,36.300316000008564],[-95.81215699959412,36.30047499990742],[-95.81215199957126,36.300926999734585],[-95.81215099974634,36.30107799999329],[-95.81214999992143,36.30109599999983],[-95.81214999992143,36.30115099979301],[-95.81214999992143,36.30117000030487],[-95.81215800031734,36.301547999848076],[-95.81217000001291,36.30208000031126],[-95.8121900001044,36.302681999792966],[-95.8121900001044,36.30294000021681],[-95.81218000005866,36.30305999997162],[-95.81218000005866,36.303219999840145],[-95.81218000005866,36.30370199990341],[-95.81218000005866,36.30386299966635],[-95.81218000005866,36.30388600001905],[-95.81218000005866,36.30395600007494],[-95.81218000005866,36.30398000016238],[-95.81217000001291,36.304140000315265],[-95.81216300034022,36.30469100012622],[-95.8121609997921,36.30486300017515],[-95.81215999996718,36.30502999965349],[-95.8121609997921,36.30516300014396],[-95.81216699963987,36.30587900031832],[-95.8121769996856,36.306827000116805],[-95.81218000005866,36.30710000003595],[-95.81218000005866,36.3075400003416],[-95.81217199966272,36.30817000019142],[-95.81217000001291,36.30842000001957],[-95.81217000001291,36.30915000005554],[-95.81215999996718,36.30977000015303],[-95.8121609997921,36.31006300010426],[-95.81216499999006,36.310616000127425],[-95.81216599981495,36.310694999913984],[-95.81216599981495,36.3107619998993],[-95.81216699963987,36.310886999739594],[-95.81216800036309,36.310965000302815],[-95.81216800036309,36.31098199980273],[-95.812169000188,36.31103299972791],[-95.8121900001044,36.31171399978994],[-95.8121900001044,36.31222800006437],[-95.81219199975423,36.31242100011199],[-95.81219400030236,36.312565000095105],[-95.81219500012728,36.312826999713884],[-95.8121959999522,36.312990000198376],[-95.81219900032524,36.31367299981483],[-95.81220199979997,36.31446899995654],[-95.81220299962489,36.31479700020386],[-95.81220099997506,36.31498900006139],[-95.8121959999522,36.31525999967377],[-95.812197999602,36.31612400031067],[-95.81220099997506,36.31717399985584],[-95.81218000005866,36.318211000131846],[-95.81218000005866,36.31835399997536],[-95.81218000005866,36.318783999675595],[-95.81218000005866,36.31892800020977],[-95.81218000005866,36.318940000121636],[-95.81218000005866,36.318979000003424],[-95.81218000005866,36.318992000200986],[-95.81218000005866,36.319282000090574],[-95.81218000005866,36.31935000022301],[-95.81218400025662,36.31972299996872],[-95.81219699977709,36.320373999812475],[-95.81220000015016,36.320499999714585],[-95.81220000015016,36.32071999964119],[-95.81220000015016,36.320802999679124],[-95.81220000015016,36.32098599970351],[-95.81220000015016,36.32178400023365],[-95.81220000015016,36.32205000028346],[-95.81221400039384,36.32296100003993],[-95.81221400039384,36.3231039998538],[-95.81221600004366,36.323926000147914],[-95.81221000019589,36.32568399992345],[-95.81221000019589,36.325819999813646],[-95.81220000015016,36.32613000004923],[-95.81220000015016,36.326377999783986],[-95.81220000015016,36.32657999985436],[-95.81221000019589,36.327200000282566],[-95.81221000019589,36.32746000027805],[-95.81220599999793,36.3277549999599],[-95.81220000015016,36.32824000012511],[-95.81220799964774,36.328640000265366],[-95.81221400039384,36.328934999822046],[-95.81222000024162,36.329239999882155],[-95.81221900041672,36.329368999681186],[-95.81221000019589,36.330564999855795],[-95.81221000019589,36.33060999985255],[-95.81221100002081,36.3306749998019],[-95.81222000024162,36.33111000023846],[-95.81222600008941,36.331468000317955],[-95.81223000028737,36.33163999990858],[-95.81220000015016,36.33241999988384],[-95.81220199979997,36.33254099997446],[-95.81221000019589,36.332900000106385],[-95.81221699986858,36.33357500025523],[-95.81222000024162,36.33385000005966],[-95.81222000024162,36.335602999862466],[-95.81222000024162,36.33627999989016],[-95.81222000024162,36.33632799969335],[-95.81222000024162,36.33647199964908],[-95.81222000024162,36.33652000005756],[-95.81222699991433,36.33654100004608],[-95.81223600013516,36.336569999848614],[-95.81224600018089,36.33664200035969],[-95.81225200002868,36.336678999933085],[-95.81225600022664,36.33670899975032],[-95.81226299989933,36.336753999816324],[-95.81226299989933,36.33678999999513],[-95.81226299989933,36.336970999978774],[-95.81226200007441,36.33744600009845],[-95.81225799987645,36.33854200016727],[-95.81225700005155,36.338969999833694],[-95.8122529998536,36.34079599977009],[-95.81225000037885,36.34183099973728],[-95.812245000356,36.343541000315085],[-95.81224399963276,36.34399400004697],[-95.81224299980784,36.34466900029335],[-95.81223000028737,36.34962799968216],[-95.81222699991433,36.350818999760435],[-95.81222100006654,36.35088400020993],[-95.81221000019589,36.35100999996941],[-95.81221000019589,36.35105399984889],[-95.81221000019589,36.35118899970211],[-95.81221000019589,36.35123400008345],[-95.81221000019589,36.3512880000727],[-95.81221000019589,36.35144999981559],[-95.81221000019589,36.351503999655016],[-95.81221000019589,36.35190700004696],[-95.81221000019589,36.35311600028176],[-95.81221000019589,36.35330000022533],[-95.81221000019589,36.353520000137515],[-95.81221799969349,36.354126000330844],[-95.81224199998294,36.355944000096926],[-95.81225000037885,36.356550000229475],[-95.81225000037885,36.35659600021642],[-95.81225100020377,36.35673400001409],[-95.81225200002868,36.35678099970063],[-95.81225200002868,36.35683299984406],[-95.81225399967849,36.35699099967721],[-95.81225500040173,36.35704400020874],[-95.81226000042459,36.35749000019452],[-95.81226000042459,36.35753300022997],[-95.81226000042459,36.35789999998694],[-95.81226999957204,36.358329999901486],[-95.81225000037885,36.35849999991913],[-95.81220599999793,36.35886499989393],[-95.81220500017302,36.35902800028717],[-95.81220500017302,36.35924599964922],[-95.8122040003481,36.35943400011527],[-95.8122040003481,36.35949299979469],[-95.81220299962489,36.35983499970364],[-95.81220099997506,36.36045699972189],[-95.81220099997506,36.360582000142195],[-95.81220799964774,36.360612999914416],[-95.81220900037098,36.360663000151106],[-95.81220199979997,36.360981000094256],[-95.8121830004317,36.36193800003449],[-95.81218199970849,36.362038000219954],[-95.81217900023374,36.36225700029299],[-95.81218400025662,36.36250599975617],[-95.81217900023374,36.36271199982544],[-95.81217800040885,36.36325299987593],[-95.81217800040885,36.36342700032964],[-95.81217800040885,36.363503000214486],[-95.8121769996856,36.36389899978421],[-95.81217599986068,36.36508900027299],[-95.81217599986068,36.3654860001486],[-95.81217599986068,36.365496999702685],[-95.81217599986068,36.365531000221694],[-95.81217599986068,36.365543000188566],[-95.81218799955627,36.365633000242866],[-95.81218799955627,36.36565400033699],[-95.81218699973135,36.36666900029961],[-95.81218699973135,36.36727000029514],[-95.81218699973135,36.36737999975444],[-95.81218599990645,36.367825999822045],[-95.81218599990645,36.368082999747664],[-95.81218599990645,36.368783000213455],[-95.81218500008153,36.36970699992271],[-95.81220000015016,36.37011400009342],[-95.81218500008153,36.37073399970559],[-95.81218400025662,36.37086599981571],[-95.81218500008153,36.37103900025655],[-95.81218400025662,36.37127999995765],[-95.8121830004317,36.371795000349124],[-95.81218199970849,36.372260999848045],[-95.81218099988357,36.37284999976088],[-95.81218000005866,36.37516499985402],[-95.81218500008153,36.37646600008311],[-95.81218500008153,36.3764879997014],[-95.81218799955627,36.376973000127705],[-95.81218000005866,36.37737699981594],[-95.81217900023374,36.3782879997273],[-95.81217800040885,36.378538999741984],[-95.81217800040885,36.37878000007441],[-95.8121769996856,36.37914199965649],[-95.81217599986068,36.37998600016996],[-95.81217599986068,36.38000700000596],[-95.81217800040885,36.38011600002797],[-95.81217599986068,36.380144000002325],[-95.8121769996856,36.380176999675015],[-95.81218099988357,36.38121400009606],[-95.81218500008153,36.381592999922546],[-95.81218599990645,36.381862999758084],[-95.81218699973135,36.382011999697156],[-95.8121609997921,36.382061999923415],[-95.81215999996718,36.38207899981943],[-95.81215999996718,36.3821300002084],[-95.81215999996718,36.382300000299175],[-95.81216499999006,36.38249900006941],[-95.81217000001291,36.382659999732596],[-95.81216499999006,36.383608999832106],[-95.81216400016514,36.383979000089],[-95.81216300034022,36.3841569997457],[-95.81215999996718,36.38469099988688],[-95.81215999996718,36.38487000025388],[-95.81216199961699,36.385011000313426],[-95.81216800036309,36.38543700017103],[-95.81217000001291,36.38558000024852],[-95.81220699982285,36.38574600011485],[-95.81220900037098,36.38596799973067],[-95.81221000019589,36.38647899990049],[-95.81221400039384,36.38697699990994],[-95.81221500021876,36.38718899966632],[-95.81221799969349,36.387699999766355],[-95.81222600008941,36.38914199981831],[-95.81222799973925,36.38941800014777],[-95.81223699996006,36.39120700001642],[-95.81224100015802,36.39183700006513],[-95.81222799973925,36.39193000030788],[-95.8121900001044,36.3922109997978],[-95.8121900001044,36.39278999979263],[-95.81218000005866,36.39416999991846],[-95.81218599990645,36.39428299980875],[-95.81218900027949,36.394338999667916],[-95.81220900037098,36.39440900015826],[-95.81225600022664,36.394574999974004],[-95.81215599976922,36.394574999974004],[-95.81204600016434,36.394577000065475],[-95.81150999968884,36.39457199983674],[-95.81107600021889,36.39456899969932],[-95.80971799993588,36.394565000239076],[-95.80702400000952,36.39455499977974],[-95.80128399980428,36.394532000164666],[-95.80047100021764,36.3945290000257],[-95.79754399976446,36.39451900028485],[-95.7973849997558,36.39451600014544],[-95.79714899975426,36.39451500009891],[-95.79693899969197,36.39451500009891],[-95.79573500029308,36.394509999866195],[-95.79481600040124,36.3945059996798],[-95.79431900028376,36.39450400030961],[-95.79424999978848,36.39450500035627],[-95.79425300016153,36.39466200028905],[-95.79425399998644,36.39471799987518],[-95.79425999983422,36.3950000001735],[-95.79425999983422,36.39542000004435],[-95.79425700035948,36.395507000136725],[-95.79424999978848,36.39576999989027],[-95.79424999978848,36.39580000007232],[-95.79424999978848,36.39588899979707],[-95.79424999978848,36.3959199999616],[-95.79424999978848,36.39594199986091],[-95.79424999978848,36.39600800024472],[-95.79424999978848,36.39603000011914],[-95.79424999978848,36.39622400005702],[-95.79424999978848,36.39627999996399],[-95.79423999974273,36.39656000033955],[-95.79424899996357,36.39692300031656],[-95.79424999978848,36.3969399998556],[-95.79427800027588,36.39960500002756],[-95.79428800032161,36.40050000030154],[-95.79428999997144,36.40066999999252],[-95.79428999997144,36.40084999968535],[-95.79428999997144,36.401749999848946],[-95.7942930003445,36.40189999994738],[-95.7943000000172,36.40225000025609],[-95.7943000000172,36.40251800004651],[-95.7943000000172,36.40332199965626],[-95.7943000000172,36.40359000008761],[-95.79431000006294,36.40447999970117],[-95.79431199971275,36.404665000270505],[-95.79432000010867,36.40536999996568],[-95.79432000010867,36.40753099994401],[-95.79432000010867,36.40789400000664],[-95.79432000010867,36.40795999963863],[-95.79433000015442,36.40896999978538],[-95.79433000015442,36.40961999965688],[-95.79434000020017,36.40980000030588],[-95.79434000020017,36.410430999857624],[-95.79434000020017,36.410520000177094],[-95.79434000020017,36.410850000358025],[-95.79434000020017,36.41131000033051],[-95.79434000020017,36.41268999980886],[-95.79435000024591,36.41348000030453],[-95.79435000024591,36.41440999970573],[-95.79435000024591,36.41479000012767],[-95.79435000024591,36.41481799990264],[-95.7943700003374,36.41551999994545],[-95.79438000038313,36.415849999849314],[-95.79438000038313,36.41628000035847],[-95.79438100020805,36.41646699982706],[-95.79438700005582,36.41703099986189],[-95.79438899970565,36.417219000168146],[-95.79439000042888,36.417369999792385],[-95.79438000038313,36.418069999691916],[-95.79437500036026,36.4184909996664],[-95.7943700003374,36.41893999998484],[-95.79436000029165,36.421480000319534],[-95.79436299976639,36.42230699965672],[-95.7943700003374,36.423580000060994],[-95.79502800011335,36.423584999868716],[-95.79561999976703,36.42358999967607],[-95.79700200033948,36.42361300008697],[-95.79735999964144,36.42361999995921],[-95.79766000011541,36.42363000029197],[-95.79889399965154,36.42353600000456],[-95.79929600023274,36.42350500001555],[-95.79962599994565,36.423509999828106],[-95.80562999974151,36.423520000174996],[-95.80751600010413,36.42352400031342],[-95.80879999986895,36.42358999967607],[-95.80886400034137,36.42358999967607],[-95.80905599996197,36.42358999967607],[-95.8091200004344,36.42358999967607],[-95.80998999992245,36.423580000060994],[-95.81131999971804,36.423580000060994],[-95.81199000008786,36.4236000000127],[-95.81214999992143,36.42359100007122],[-95.81229499968639,36.42358299980107],[-95.81234200044035,36.423580000060994],[-95.81278799960589,36.42355500029484],[-95.81308700025494,36.423540999815124],[-95.8143090000955,36.42348500003941],[-95.81471699962617,36.423467000128724],[-95.81593900036505,36.423467000128724],[-95.81960599971163,36.423467000128724],[-95.82082900027541,36.42346799980262],[-95.82089899969729,36.423467000128724],[-95.8210050000025,36.423467000128724],[-95.82109200004115,36.42346599973202],[-95.82110799993467,36.42346599973202],[-95.82117900007978,36.42346599973202],[-95.82126399957029,36.423467000128724],[-95.821313999799,36.423467000128724],[-95.8213489999591,36.42346799980262],[-95.82172100040309,36.42347100026986],[-95.82185699994722,36.42347300034035],[-95.82351399998093,36.42348000022526],[-95.82848500008215,36.42350200027244],[-95.82963900015065,36.42350799975854],[-95.82968799965613,36.423509000154745],[-95.8301429999408,36.423516000036415],[-95.83017899992582,36.423513999967],[-95.83029399955355,36.42351499964028],[-95.83033299991159,36.42351499964028],[-95.83042699962294,36.42351499964028],[-95.8307070000054,36.42351499964028],[-95.83080099971674,36.423516000036415],[-95.83312899994522,36.4235290001247],[-95.83343699991678,36.42352999979779],[-95.83757199996683,36.42355300022648],[-95.84134799999165,36.423573000185094],[-95.84189799981256,36.42357700032078],[-95.84398500001662,36.42358800033139],[-95.84484500035724,36.423600999684886],[-95.84742700013061,36.42360699988616],[-95.84828800029615,36.4236119996921],[-95.84915100011149,36.42361700022056],[-95.8496649999474,36.423621000353975],[-95.84993799975886,36.423622000025894],[-95.85057600034165,36.423626999830866],[-95.85086500004664,36.423628999897325],[-95.8517410002808,36.42363500009644],[-95.85260499992106,36.42364100029513],[-95.85282500002907,36.423643000361224],[-95.85510300002883,36.42365700009971],[-95.85533200035769,36.42365900016545],[-95.85556199961316,36.42365999983688],[-95.85562899956031,36.42366100023108],[-95.85569600040577,36.42366100023108],[-95.8557900001171,36.423661999902485],[-95.85588300000352,36.42366300029666],[-95.85589899989705,36.42365000023081],[-95.86623600010967,36.42375199991089],[-95.86658000006626,36.42373899985989],[-95.86766600036269,36.42372399974276],[-95.86830400004713,36.42372100000812],[-95.86912000000684,36.423727000200124],[-95.86938799979544,36.42372799987067],[-95.87177499957514,36.42370900034557],[-95.87179100036698,36.42370900034557],[-95.87386400032732,36.423736000125835],[-95.8749959997562,36.423743999657376],[-95.87602799962595,36.42372799987067],[-95.87770700029931,36.423712999751416],[-95.88036500024066,36.42371499981566],[-95.88214399957482,36.42372199967875],[-95.88419399996896,36.42372199967875],[-95.88574300004765,36.42372799987067],[-95.88801500019963,36.42372199967875],[-95.88967300005827,36.423712999751416],[-95.89007399991627,36.42371499981566],[-95.89026899990992,36.423716000209154],[-95.89137899959749,36.42372300007215],[-95.89449199982352,36.42370900034557],[-95.89552500041648,36.42370300015217],[-95.89699199958112,36.42370900034557],[-95.89703099993918,36.42370900034557],[-95.89712499965052,36.4237100000163],[-95.89770600033188,36.423716000209154],[-95.89863600009437,36.42372500013619],[-95.89928600037273,36.42372500013619],[-95.89980100003352,36.42372500013619],[-95.90134900028731,36.42372599980672],[-95.90186499977303,36.423727000200124],[-95.90191599982667,36.423727000200124],[-95.90206899998755,36.423727000200124],[-95.90212099986607,36.423727000200124],[-95.90279500043385,36.42372300007215],[-95.90347199957806,36.423720000337475],[-95.90481700034059,36.42371800027336],[-95.90549199983496,36.423716999879844],[-95.90593500042407,36.423716999879844],[-95.90699400005799,36.423720000337475],[-95.90726699986948,36.42371800027336],[-95.90771100028348,36.42371499981566],[-95.90950200021153,36.42370399982298],[-95.91033700043779,36.42369900002298],[-95.91321999961171,36.42371499981566],[-95.91472199983475,36.423692000157814],[-95.91487499999565,36.42369400022263],[-95.91647799960272,36.42371499981566],[-95.91666699974859,36.42371400014493],[-95.91732299987471,36.42371200008066],[-95.9192929999029,36.42370599988751],[-95.91994999985393,36.42370500021668],[-95.9199900000369,36.42370399982298],[-95.92011100041071,36.42370399982298],[-95.92015200041858,36.42370399982298],[-95.92018599985548,36.42370300015217],[-95.92028799996272,36.42370300015217],[-95.92032300012282,36.42370300015217],[-95.92063600011728,36.42370199975847],[-95.92073300020165,36.42370199975847],[-95.9209830004469,36.42370199975847],[-95.92102600010462,36.42370199975847],[-95.92112400001389,36.42370199975847],[-95.92165200009352,36.42370100008758],[-95.92250099966515,36.42369999969389],[-95.92390199960585,36.42370700028112],[-95.92439899972331,36.42370799995193],[-95.92446999986842,36.42370900034557],[-95.92491599993227,36.42371400014493],[-95.92627699968997,36.42372799987067],[-95.92799599964802,36.42370900034557],[-95.93019599982995,36.42371200008066],[-95.93235900020198,36.423696999958324],[-95.93402999958111,36.42370199975847],[-95.93422499957478,36.42370199975847],[-95.93573900039169,36.42370399982298],[-95.9359500002789,36.42370300015217],[-95.93636700003042,36.42369999969389],[-95.93649199970388,36.42369999969389],[-95.93700300006505,36.423696999958324],[-95.9375010000074,36.42369400022263],[-95.93752199992382,36.42369400022263],[-95.93758700022114,36.42369400022263],[-95.93760899996245,36.42369499989356],[-95.93762499985597,36.42369499989356],[-95.93767400025979,36.42369499989356],[-95.93769099997822,36.42369600028737],[-95.93770699987174,36.42369600028737],[-95.93775499955233,36.42369600028737],[-95.93777200016908,36.423696999958324],[-95.93780300013121,36.423696999958324],[-95.93790000021558,36.42369800035205],[-95.93793200000265,36.42369900002298],[-95.93794799989617,36.42369900002298],[-95.93799800012489,36.42369900002298],[-95.93801499984332,36.42369999969389],[-95.9380480003536,36.42369999969389],[-95.93815100028577,36.42370100008758],[-95.93818499972262,36.42370199975847],[-95.93839800015797,36.42370399982298],[-95.93878899997023,36.42370900034557],[-95.9390400000404,36.42371200008066],[-95.93925400030062,36.42371499981566],[-95.9392879997375,36.42371499981566],[-95.93938999984474,36.423716000209154],[-95.93942500000483,36.423716999879844],[-95.93946900038578,36.423716999879844],[-95.9394929997769,36.42371800027336],[-95.93960400010499,36.423716000209154],[-95.93964900031084,36.423716000209154],[-95.940513999776,36.42370199975847],[-95.9408589995575,36.42370300015217],[-95.94362700000204,36.423712999751416],[-95.94449200036551,36.42370799995193],[-95.94570300033543,36.42370300015217],[-95.94602700020053,36.42370199975847],[-95.94746300030131,36.42369999969389],[-95.94801700032019,36.42369800035205],[-95.94870299968522,36.423696999958324],[-95.95142299955087,36.42369800035205],[-95.95205000026299,36.42369800035205],[-95.95398699978088,36.423688000028086],[-95.9546210001657,36.42368500029201],[-95.95597699990054,36.42369000009297],[-95.95647599966783,36.42369000009297],[-95.957972999868,36.42369000009297],[-95.95847300035851,36.423690999764005],[-95.9585710002678,36.42369000009297],[-95.95931600008238,36.42368500029201],[-95.96102699964447,36.42367600036038],[-95.96184799962704,36.42367499996637],[-95.96269299989905,36.42367400029514],[-95.96357599980587,36.42367299990105],[-95.96500000021112,36.42367200022984],[-95.96615699975433,36.42367299990105],[-95.96622500042473,36.42367299990105],[-95.9669700002393,36.42367799970279],[-95.96710800033156,36.42367900009676],[-95.96723399982994,36.423679999767934],[-95.96786300019188,36.42368300022699],[-95.96790300037486,36.42368399989812],[-95.97012799977286,36.42367200022984],[-95.97088400035639,36.423668000099035],[-95.97100900002988,36.423668000099035],[-95.9713839999486,36.423668000099035],[-95.97151000034529,36.423668999770356],[-95.97190299980737,36.423668999770356],[-95.97267199991138,36.42367000016444],[-95.97308399964004,36.42367200022984],[-95.97336499984743,36.42367299990105],[-95.97342199974884,36.42367299990105],[-95.97347799982533,36.42367400029514],[-95.9742009998986,36.42367200022984],[-95.97627100038422,36.42366699970488],[-95.97637099994333,36.423666000033585],[-95.97709499984151,36.423663999968035],[-95.97759399960879,36.423661999902485],[-95.97785800009774,36.42366300029666],[-95.97969599988146,36.42367000016444],[-95.98015000034121,36.42367499996637],[-95.98091400042237,36.42368500029201],[-95.98148099996172,36.42369000009297],[-95.9831849998511,36.42370700028112],[-95.9836769999457,36.42371200008066],[-95.98395300013023,36.42371400014493],[-95.98455400000476,36.423720000337475],[-95.98471999968612,36.42372199967875],[-95.98475499984622,36.42372300007215],[-95.98502400035804,36.42372500013619],[-95.9856260000575,36.42373100032788],[-95.98583399957164,36.42372900026399],[-95.98610499973329,36.423727000200124],[-95.98615599978692,36.42372399974276],[-95.98705700013541,36.423716999879844],[-95.9879579995856,36.42370300015217],[-95.98955299969505,36.423679999767934],[-95.99066499993076,36.423666000033585],[-95.99156700010418,36.42365599970547],[-95.99188599994639,36.42365700009971],[-95.99194200002292,36.423657999771166],[-95.99669800003896,36.42368500029201],[-95.99783600021392,36.42367099983573],[-95.99849300016494,36.42366699970488],[-95.99998299979411,36.42365900016545],[-96.00025499978067,36.423666000033585],[-96.00042999968286,36.42367099983573],[-96.00051099987371,36.42367299990105],[-96.00062899987448,36.423677000031596],[-96.00096500033347,36.42368300022699],[-96.00108499998407,36.423685999963105],[-96.0011710001978,36.423685999963105],[-96.0011710001978,36.423621000353975],[-96.00117200002269,36.423522000244255],[-96.00116799982474,36.42347699975835],[-96.00116799982474,36.42345800017181],[-96.0011710001978,36.42285700004687],[-96.00117200002269,36.421670999789654],[-96.00117299984761,36.419828999685045],[-96.00118000041863,36.4155339997026],[-96.00118100024353,36.41531199995164],[-96.00118000041863,36.41516300022535],[-96.00118100024353,36.41505899982005],[-96.00118000041863,36.41495000035797],[-96.00118799991624,36.409889999750995],[-96.00119100028927,36.40974499987069],[-96.00119299993911,36.40963799988514],[-96.00119399976401,36.407430999686504],[-96.00119299993911,36.40731200010166],[-96.00119600031215,36.40720499965713],[-96.00120399980976,36.40283400036024],[-96.00120499963467,36.40245100018558],[-96.0012060003579,36.4022660001292],[-96.00121300003059,36.39842699971998],[-96.00121300003059,36.39830700008603],[-96.0012139998555,36.39818800026607],[-96.00122200025143,36.393373000058446],[-96.00122700027428,36.39056500020326],[-96.00123700032003,36.38560300034267],[-96.0012499998405,36.37845599975476],[-96.00125400003846,36.376459000301836],[-96.00125700041151,36.37470500003081],[-96.00125800023642,36.3739770000345],[-96.00116000032713,36.37353799983155],[-96.00113500021278,36.37347700004062],[-96.00113600003769,36.37346299993959],[-96.00117600022065,36.3729700003543],[-96.0011850004415,36.37237899996426],[-96.00118799991624,36.37221200016397],[-96.00118899974115,36.37217399978256],[-96.00118999956607,36.372095999740914],[-96.00118999956607,36.372074000327025],[-96.00119200011419,36.371944000046994],[-96.00119700013705,36.37166900024111],[-96.00119600031215,36.371531000164204],[-96.00119100028927,36.37107400014841],[-96.00120499963467,36.370898999808226],[-96.00129400022143,36.37054100017163],[-96.00129900024432,36.370521999936756],[-96.00131799961257,36.370201999928604],[-96.00131099993988,36.369672999781834],[-96.00131000011498,36.36960700018937],[-96.00131000011498,36.36954899986562],[-96.001305999917,36.36907099989086],[-96.00130900029006,36.368523000010924],[-96.00131000011498,36.367993000357245],[-96.00131000011498,36.36752000002502],[-96.00131000011498,36.36726800022461],[-96.00131000011498,36.36701600033141],[-96.00130900029006,36.36677199995567],[-96.00130799956682,36.36652899994455],[-96.001305999917,36.36628100001994],[-96.00130400026718,36.36603300002827],[-96.00130199971905,36.3656889997579],[-96.00130099989414,36.36557999977338],[-96.00124099961967,36.364730000237664],[-96.00125400003846,36.36426500019219],[-96.0012559996883,36.36338800027423],[-96.00125900006134,36.36248599999429],[-96.0012499998405,36.361606000320236],[-96.0012490000156,36.36153899992507],[-96.0012499998405,36.36140799965519],[-96.0012499998405,36.36127799963877],[-96.00125400003846,36.36098499983498],[-96.00125900006134,36.3606919996515],[-96.00126800028217,36.360010000332295],[-96.001269999932,36.35974599994815],[-96.00127499995486,36.35924599964922],[-96.00127699960468,36.35912099997684],[-96.00128599982551,36.358234999687404],[-96.00128800037366,36.35800899987713],[-96.00129500004635,36.35735799981939],[-96.00129699969618,36.3571140002685],[-96.00130000006922,36.35664500032984],[-96.00130300044226,36.355837999670115],[-96.001305999917,36.355153000290755],[-96.00130699974191,36.3548419999664],[-96.00130799956682,36.354732999982076],[-96.00131000011498,36.3543270002306],[-96.00131799961257,36.35300600019426],[-96.00132000016072,36.35172000008502],[-96.00132199981053,36.351258999962575],[-96.00132199981053,36.35107700002267],[-96.00132600000849,36.350598000286105],[-96.00132900038155,36.350229000322216],[-96.00133500022932,36.349508999892464],[-96.00135100012285,36.34749999994941]]]},"properties":{"NAME":"Tulsa County","GEOID":"40143"}}]}